2026-07-01 09:40:33.335 +03:00 [ERR] Failed executing DbCommand (39ms) [Parameters=[@p0='?' (DbType = Guid), @p1='?' (DbType = DateTime), @p2='?' (DbType = Guid), @p3='?', @p4='?' (DbType = DateTime), @p5='?' (DbType = Int32), @p6='?' (DbType = Int32), @p7='?', @p8='?', @p9='?' (DbType = Guid), @p10='?' (DbType = DateTime), @p11='?' (DbType = Guid), @p12='?', @p13='?' (DbType = DateTime), @p14='?' (DbType = Int32), @p15='?' (DbType = Int32), @p16='?', @p17='?'], CommandType='"Text"', CommandTimeout='30']
INSERT INTO "CrmSupportTickets" ("Id", "CreatedAtUtc", "CustomerId", "Description", "ModifiedAtUtc", "Priority", "Status", "Subject", "TicketNumber")
VALUES (@p0, @p1, @p2, @p3, @p4, @p5, @p6, @p7, @p8);
INSERT INTO "CrmSupportTickets" ("Id", "CreatedAtUtc", "CustomerId", "Description", "ModifiedAtUtc", "Priority", "Status", "Subject", "TicketNumber")
VALUES (@p9, @p10, @p11, @p12, @p13, @p14, @p15, @p16, @p17);
2026-07-01 09:40:33.429 +03:00 [ERR] An exception occurred in the database while saving changes for context type 'Biktal.Infrastructure.Persistence.ApplicationDbContext'.
Microsoft.EntityFrameworkCore.DbUpdateException: An error occurred while saving the entity changes. See the inner exception for details.
 ---> Npgsql.PostgresException (0x80004005): 23503: insert or update on table "CrmSupportTickets" violates foreign key constraint "FK_CrmSupportTickets_CrmCustomers_CustomerId"

DETAIL: Detail redacted as it may contain sensitive data. Specify 'Include Error Detail' in the connection string to include this information.
   at Npgsql.Internal.NpgsqlConnector.ReadMessageLong(Boolean async, DataRowLoadingMode dataRowLoadingMode, Boolean readingNotifications, Boolean isReadingPrependedMessage)
   at System.Runtime.CompilerServices.PoolingAsyncValueTaskMethodBuilder`1.StateMachineBox`1.System.Threading.Tasks.Sources.IValueTaskSource<TResult>.GetResult(Int16 token)
   at Npgsql.NpgsqlDataReader.NextResult(Boolean async, Boolean isConsuming, CancellationToken cancellationToken)
   at Npgsql.NpgsqlDataReader.NextResult(Boolean async, Boolean isConsuming, CancellationToken cancellationToken)
   at Npgsql.NpgsqlCommand.ExecuteReader(Boolean async, CommandBehavior behavior, CancellationToken cancellationToken)
   at Npgsql.NpgsqlCommand.ExecuteReader(Boolean async, CommandBehavior behavior, CancellationToken cancellationToken)
   at Npgsql.NpgsqlCommand.ExecuteDbDataReaderAsync(CommandBehavior behavior, CancellationToken cancellationToken)
   at Microsoft.EntityFrameworkCore.Storage.RelationalCommand.ExecuteReaderAsync(RelationalCommandParameterObject parameterObject, CancellationToken cancellationToken)
   at Microsoft.EntityFrameworkCore.Storage.RelationalCommand.ExecuteReaderAsync(RelationalCommandParameterObject parameterObject, CancellationToken cancellationToken)
   at Microsoft.EntityFrameworkCore.Update.ReaderModificationCommandBatch.ExecuteAsync(IRelationalConnection connection, CancellationToken cancellationToken)
  Exception data:
    Severity: ERROR
    SqlState: 23503
    MessageText: insert or update on table "CrmSupportTickets" violates foreign key constraint "FK_CrmSupportTickets_CrmCustomers_CustomerId"
    Detail: Detail redacted as it may contain sensitive data. Specify 'Include Error Detail' in the connection string to include this information.
    SchemaName: public
    TableName: CrmSupportTickets
    ConstraintName: FK_CrmSupportTickets_CrmCustomers_CustomerId
    File: ri_triggers.c
    Line: 2783
    Routine: ri_ReportViolation
   --- End of inner exception stack trace ---
   at Microsoft.EntityFrameworkCore.Update.ReaderModificationCommandBatch.ExecuteAsync(IRelationalConnection connection, CancellationToken cancellationToken)
   at Microsoft.EntityFrameworkCore.Update.Internal.BatchExecutor.ExecuteAsync(IEnumerable`1 commandBatches, IRelationalConnection connection, CancellationToken cancellationToken)
   at Microsoft.EntityFrameworkCore.Update.Internal.BatchExecutor.ExecuteAsync(IEnumerable`1 commandBatches, IRelationalConnection connection, CancellationToken cancellationToken)
   at Microsoft.EntityFrameworkCore.Update.Internal.BatchExecutor.ExecuteAsync(IEnumerable`1 commandBatches, IRelationalConnection connection, CancellationToken cancellationToken)
   at Microsoft.EntityFrameworkCore.Storage.RelationalDatabase.SaveChangesAsync(IList`1 entries, CancellationToken cancellationToken)
   at Microsoft.EntityFrameworkCore.ChangeTracking.Internal.StateManager.SaveChangesAsync(IList`1 entriesToSave, CancellationToken cancellationToken)
   at Microsoft.EntityFrameworkCore.ChangeTracking.Internal.StateManager.SaveChangesAsync(StateManager stateManager, Boolean acceptAllChangesOnSuccess, CancellationToken cancellationToken)
   at Npgsql.EntityFrameworkCore.PostgreSQL.Storage.Internal.NpgsqlExecutionStrategy.ExecuteAsync[TState,TResult](TState state, Func`4 operation, Func`4 verifySucceeded, CancellationToken cancellationToken)
   at Microsoft.EntityFrameworkCore.DbContext.SaveChangesAsync(Boolean acceptAllChangesOnSuccess, CancellationToken cancellationToken)
Microsoft.EntityFrameworkCore.DbUpdateException: An error occurred while saving the entity changes. See the inner exception for details.
 ---> Npgsql.PostgresException (0x80004005): 23503: insert or update on table "CrmSupportTickets" violates foreign key constraint "FK_CrmSupportTickets_CrmCustomers_CustomerId"

DETAIL: Detail redacted as it may contain sensitive data. Specify 'Include Error Detail' in the connection string to include this information.
   at Npgsql.Internal.NpgsqlConnector.ReadMessageLong(Boolean async, DataRowLoadingMode dataRowLoadingMode, Boolean readingNotifications, Boolean isReadingPrependedMessage)
   at System.Runtime.CompilerServices.PoolingAsyncValueTaskMethodBuilder`1.StateMachineBox`1.System.Threading.Tasks.Sources.IValueTaskSource<TResult>.GetResult(Int16 token)
   at Npgsql.NpgsqlDataReader.NextResult(Boolean async, Boolean isConsuming, CancellationToken cancellationToken)
   at Npgsql.NpgsqlDataReader.NextResult(Boolean async, Boolean isConsuming, CancellationToken cancellationToken)
   at Npgsql.NpgsqlCommand.ExecuteReader(Boolean async, CommandBehavior behavior, CancellationToken cancellationToken)
   at Npgsql.NpgsqlCommand.ExecuteReader(Boolean async, CommandBehavior behavior, CancellationToken cancellationToken)
   at Npgsql.NpgsqlCommand.ExecuteDbDataReaderAsync(CommandBehavior behavior, CancellationToken cancellationToken)
   at Microsoft.EntityFrameworkCore.Storage.RelationalCommand.ExecuteReaderAsync(RelationalCommandParameterObject parameterObject, CancellationToken cancellationToken)
   at Microsoft.EntityFrameworkCore.Storage.RelationalCommand.ExecuteReaderAsync(RelationalCommandParameterObject parameterObject, CancellationToken cancellationToken)
   at Microsoft.EntityFrameworkCore.Update.ReaderModificationCommandBatch.ExecuteAsync(IRelationalConnection connection, CancellationToken cancellationToken)
  Exception data:
    Severity: ERROR
    SqlState: 23503
    MessageText: insert or update on table "CrmSupportTickets" violates foreign key constraint "FK_CrmSupportTickets_CrmCustomers_CustomerId"
    Detail: Detail redacted as it may contain sensitive data. Specify 'Include Error Detail' in the connection string to include this information.
    SchemaName: public
    TableName: CrmSupportTickets
    ConstraintName: FK_CrmSupportTickets_CrmCustomers_CustomerId
    File: ri_triggers.c
    Line: 2783
    Routine: ri_ReportViolation
   --- End of inner exception stack trace ---
   at Microsoft.EntityFrameworkCore.Update.ReaderModificationCommandBatch.ExecuteAsync(IRelationalConnection connection, CancellationToken cancellationToken)
   at Microsoft.EntityFrameworkCore.Update.Internal.BatchExecutor.ExecuteAsync(IEnumerable`1 commandBatches, IRelationalConnection connection, CancellationToken cancellationToken)
   at Microsoft.EntityFrameworkCore.Update.Internal.BatchExecutor.ExecuteAsync(IEnumerable`1 commandBatches, IRelationalConnection connection, CancellationToken cancellationToken)
   at Microsoft.EntityFrameworkCore.Update.Internal.BatchExecutor.ExecuteAsync(IEnumerable`1 commandBatches, IRelationalConnection connection, CancellationToken cancellationToken)
   at Microsoft.EntityFrameworkCore.Storage.RelationalDatabase.SaveChangesAsync(IList`1 entries, CancellationToken cancellationToken)
   at Microsoft.EntityFrameworkCore.ChangeTracking.Internal.StateManager.SaveChangesAsync(IList`1 entriesToSave, CancellationToken cancellationToken)
   at Microsoft.EntityFrameworkCore.ChangeTracking.Internal.StateManager.SaveChangesAsync(StateManager stateManager, Boolean acceptAllChangesOnSuccess, CancellationToken cancellationToken)
   at Npgsql.EntityFrameworkCore.PostgreSQL.Storage.Internal.NpgsqlExecutionStrategy.ExecuteAsync[TState,TResult](TState state, Func`4 operation, Func`4 verifySucceeded, CancellationToken cancellationToken)
   at Microsoft.EntityFrameworkCore.DbContext.SaveChangesAsync(Boolean acceptAllChangesOnSuccess, CancellationToken cancellationToken)
2026-07-01 09:40:33.437 +03:00 [ERR] Database migration or seed failed. Check PostgreSQL is running and ConnectionStrings:DefaultConnection is correct.
Microsoft.EntityFrameworkCore.DbUpdateException: An error occurred while saving the entity changes. See the inner exception for details.
 ---> Npgsql.PostgresException (0x80004005): 23503: insert or update on table "CrmSupportTickets" violates foreign key constraint "FK_CrmSupportTickets_CrmCustomers_CustomerId"

DETAIL: Detail redacted as it may contain sensitive data. Specify 'Include Error Detail' in the connection string to include this information.
   at Npgsql.Internal.NpgsqlConnector.ReadMessageLong(Boolean async, DataRowLoadingMode dataRowLoadingMode, Boolean readingNotifications, Boolean isReadingPrependedMessage)
   at System.Runtime.CompilerServices.PoolingAsyncValueTaskMethodBuilder`1.StateMachineBox`1.System.Threading.Tasks.Sources.IValueTaskSource<TResult>.GetResult(Int16 token)
   at Npgsql.NpgsqlDataReader.NextResult(Boolean async, Boolean isConsuming, CancellationToken cancellationToken)
   at Npgsql.NpgsqlDataReader.NextResult(Boolean async, Boolean isConsuming, CancellationToken cancellationToken)
   at Npgsql.NpgsqlCommand.ExecuteReader(Boolean async, CommandBehavior behavior, CancellationToken cancellationToken)
   at Npgsql.NpgsqlCommand.ExecuteReader(Boolean async, CommandBehavior behavior, CancellationToken cancellationToken)
   at Npgsql.NpgsqlCommand.ExecuteDbDataReaderAsync(CommandBehavior behavior, CancellationToken cancellationToken)
   at Microsoft.EntityFrameworkCore.Storage.RelationalCommand.ExecuteReaderAsync(RelationalCommandParameterObject parameterObject, CancellationToken cancellationToken)
   at Microsoft.EntityFrameworkCore.Storage.RelationalCommand.ExecuteReaderAsync(RelationalCommandParameterObject parameterObject, CancellationToken cancellationToken)
   at Microsoft.EntityFrameworkCore.Update.ReaderModificationCommandBatch.ExecuteAsync(IRelationalConnection connection, CancellationToken cancellationToken)
  Exception data:
    Severity: ERROR
    SqlState: 23503
    MessageText: insert or update on table "CrmSupportTickets" violates foreign key constraint "FK_CrmSupportTickets_CrmCustomers_CustomerId"
    Detail: Detail redacted as it may contain sensitive data. Specify 'Include Error Detail' in the connection string to include this information.
    SchemaName: public
    TableName: CrmSupportTickets
    ConstraintName: FK_CrmSupportTickets_CrmCustomers_CustomerId
    File: ri_triggers.c
    Line: 2783
    Routine: ri_ReportViolation
   --- End of inner exception stack trace ---
   at Microsoft.EntityFrameworkCore.Update.ReaderModificationCommandBatch.ExecuteAsync(IRelationalConnection connection, CancellationToken cancellationToken)
   at Microsoft.EntityFrameworkCore.Update.Internal.BatchExecutor.ExecuteAsync(IEnumerable`1 commandBatches, IRelationalConnection connection, CancellationToken cancellationToken)
   at Microsoft.EntityFrameworkCore.Update.Internal.BatchExecutor.ExecuteAsync(IEnumerable`1 commandBatches, IRelationalConnection connection, CancellationToken cancellationToken)
   at Microsoft.EntityFrameworkCore.Update.Internal.BatchExecutor.ExecuteAsync(IEnumerable`1 commandBatches, IRelationalConnection connection, CancellationToken cancellationToken)
   at Microsoft.EntityFrameworkCore.Storage.RelationalDatabase.SaveChangesAsync(IList`1 entries, CancellationToken cancellationToken)
   at Microsoft.EntityFrameworkCore.ChangeTracking.Internal.StateManager.SaveChangesAsync(IList`1 entriesToSave, CancellationToken cancellationToken)
   at Microsoft.EntityFrameworkCore.ChangeTracking.Internal.StateManager.SaveChangesAsync(StateManager stateManager, Boolean acceptAllChangesOnSuccess, CancellationToken cancellationToken)
   at Npgsql.EntityFrameworkCore.PostgreSQL.Storage.Internal.NpgsqlExecutionStrategy.ExecuteAsync[TState,TResult](TState state, Func`4 operation, Func`4 verifySucceeded, CancellationToken cancellationToken)
   at Microsoft.EntityFrameworkCore.DbContext.SaveChangesAsync(Boolean acceptAllChangesOnSuccess, CancellationToken cancellationToken)
   at Microsoft.EntityFrameworkCore.DbContext.SaveChangesAsync(Boolean acceptAllChangesOnSuccess, CancellationToken cancellationToken)
   at Biktal.Infrastructure.Persistence.CrmDataSeeder.SeedIfEmptyAsync(ApplicationDbContext db, CancellationToken cancellationToken)
   at Program.<Main>$(String[] args) in d:\Systems\BiktalSystems\Program.cs:line 71
2026-07-01 09:40:33.456 +03:00 [WRN] Continuing without a successful migration/seed. Auth and data pages may fail until the database is available.
2026-07-01 09:40:33.494 +03:00 [WRN] Using an in-memory repository. Keys will not be persisted to storage.
2026-07-01 09:40:33.495 +03:00 [WRN] Neither user profile nor HKLM registry available. Using an ephemeral key repository. Protected data will be unavailable when application exits.
2026-07-01 09:40:33.526 +03:00 [WRN] No XML encryptor configured. Key {d1b5a125-04a0-40a3-87f7-ae0fb0aae7ff} may be persisted to storage in unencrypted form.
2026-07-01 09:40:33.580 +03:00 [INF] Application started. Press Ctrl+C to shut down.
2026-07-01 09:40:33.581 +03:00 [INF] Hosting environment: Production
2026-07-01 09:40:33.581 +03:00 [INF] Content root path: D:\Systems\BiktalSystems\publish
2026-07-01 09:40:33.717 +03:00 [INF] HTTP GET /Inventory/Products responded 302 in 105.2775 ms
2026-07-01 09:40:33.902 +03:00 [ERR] An exception was thrown while deserializing the token.
Microsoft.AspNetCore.Antiforgery.AntiforgeryValidationException: The antiforgery token could not be decrypted.
 ---> System.Security.Cryptography.CryptographicException: The key {19539562-d81a-45db-914a-c649ac322f52} was not found in the key ring. For more information go to https://aka.ms/aspnet/dataprotectionwarning
   at Microsoft.AspNetCore.DataProtection.KeyManagement.KeyRingBasedDataProtector.UnprotectCore(Byte[] protectedData, Boolean allowOperationsOnRevokedKeys, UnprotectStatus& status)
   at Microsoft.AspNetCore.DataProtection.KeyManagement.KeyRingBasedDataProtector.Unprotect(Byte[] protectedData)
   at Microsoft.AspNetCore.Antiforgery.DefaultAntiforgeryTokenSerializer.Deserialize(String serializedToken)
   --- End of inner exception stack trace ---
   at Microsoft.AspNetCore.Antiforgery.DefaultAntiforgeryTokenSerializer.Deserialize(String serializedToken)
   at Microsoft.AspNetCore.Antiforgery.DefaultAntiforgery.GetCookieTokenDoesNotThrow(HttpContext httpContext)
2026-07-01 09:40:34.077 +03:00 [INF] HTTP GET /Account/Login responded 200 in 338.4014 ms
2026-07-01 09:40:34.289 +03:00 [INF] HTTP GET /js/site.js responded 200 in 145.9469 ms
2026-07-01 09:40:34.289 +03:00 [INF] HTTP GET /Biktal.WebMVC.styles.css responded 200 in 149.5813 ms
2026-07-01 09:40:34.289 +03:00 [INF] HTTP GET /lib/jquery-validation/dist/jquery.validate.min.js responded 200 in 145.7922 ms
2026-07-01 09:40:34.291 +03:00 [INF] HTTP GET /lib/bootstrap/dist/js/bootstrap.bundle.min.js responded 200 in 148.0068 ms
2026-07-01 09:40:34.292 +03:00 [INF] HTTP GET /lib/jquery/dist/jquery.min.js responded 200 in 150.0862 ms
2026-07-01 09:40:34.293 +03:00 [INF] HTTP GET /css/site.css responded 200 in 158.3398 ms
2026-07-01 09:40:34.293 +03:00 [INF] HTTP GET /lib/bootstrap/dist/css/bootstrap.min.css responded 200 in 158.3609 ms
2026-07-01 09:40:34.311 +03:00 [INF] HTTP GET /lib/jquery-validation-unobtrusive/dist/jquery.validate.unobtrusive.min.js responded 200 in 140.9124 ms
2026-07-01 09:41:47.380 +03:00 [INF] HTTP POST /Account/Login responded 302 in 547.9610 ms
2026-07-01 09:41:47.855 +03:00 [INF] HTTP GET /Inventory/Products responded 200 in 469.5927 ms
2026-07-01 09:41:47.875 +03:00 [INF] HTTP GET /css/site.css responded 200 in 7.2205 ms
2026-07-01 09:41:47.878 +03:00 [INF] HTTP GET /Biktal.WebMVC.styles.css responded 200 in 2.2385 ms
2026-07-01 09:41:47.916 +03:00 [INF] HTTP GET /lib/bootstrap/dist/css/bootstrap.min.css responded 200 in 44.3827 ms
2026-07-01 09:41:49.151 +03:00 [INF] HTTP GET /lib/jquery/dist/jquery.min.js responded 200 in 26.9961 ms
2026-07-01 09:41:49.174 +03:00 [INF] HTTP GET /lib/jquery-validation-unobtrusive/dist/jquery.validate.unobtrusive.min.js responded 200 in 20.0850 ms
2026-07-01 09:41:49.175 +03:00 [INF] HTTP GET /js/site.js responded 200 in 21.4154 ms
2026-07-01 09:41:49.192 +03:00 [INF] HTTP GET /lib/jquery-validation/dist/jquery.validate.min.js responded 200 in 23.3613 ms
2026-07-01 09:41:49.206 +03:00 [INF] HTTP GET /js/products-catalog-filter.js responded 200 in 30.5498 ms
2026-07-01 09:41:49.288 +03:00 [INF] HTTP GET /lib/bootstrap/dist/js/bootstrap.bundle.min.js responded 200 in 125.6150 ms
2026-07-01 09:41:55.168 +03:00 [INF] HTTP GET /Finance responded 200 in 102.0595 ms
2026-07-01 09:41:55.231 +03:00 [INF] HTTP GET /lib/bootstrap/dist/css/bootstrap.min.css responded 304 in 3.6181 ms
2026-07-01 09:41:55.231 +03:00 [INF] HTTP GET /css/site.css responded 304 in 2.5845 ms
2026-07-01 09:41:55.231 +03:00 [INF] HTTP GET /Biktal.WebMVC.styles.css responded 304 in 1.7080 ms
2026-07-01 09:41:55.234 +03:00 [INF] HTTP GET /lib/jquery/dist/jquery.min.js responded 304 in 2.6557 ms
2026-07-01 09:41:55.236 +03:00 [INF] HTTP GET /lib/bootstrap/dist/js/bootstrap.bundle.min.js responded 304 in 1.3655 ms
2026-07-01 09:41:55.237 +03:00 [INF] HTTP GET /js/site.js responded 304 in 1.1546 ms
2026-07-01 09:42:03.325 +03:00 [INF] HTTP GET /Finance/Expenses responded 200 in 69.3376 ms
2026-07-01 09:42:03.391 +03:00 [INF] HTTP GET /Biktal.WebMVC.styles.css responded 304 in 0.6013 ms
2026-07-01 09:42:03.391 +03:00 [INF] HTTP GET /css/site.css responded 304 in 0.9401 ms
2026-07-01 09:42:03.392 +03:00 [INF] HTTP GET /lib/bootstrap/dist/css/bootstrap.min.css responded 200 in 1.6572 ms
2026-07-01 09:42:03.397 +03:00 [INF] HTTP GET /lib/jquery/dist/jquery.min.js responded 304 in 3.2896 ms
2026-07-01 09:42:03.398 +03:00 [INF] HTTP GET /lib/bootstrap/dist/js/bootstrap.bundle.min.js responded 304 in 0.7810 ms
2026-07-01 09:42:03.401 +03:00 [INF] HTTP GET /js/site.js responded 304 in 1.5867 ms
2026-07-01 09:42:03.402 +03:00 [INF] HTTP GET /lib/jquery-validation/dist/jquery.validate.min.js responded 304 in 0.7590 ms
2026-07-01 09:42:03.405 +03:00 [INF] HTTP GET /lib/jquery-validation-unobtrusive/dist/jquery.validate.unobtrusive.min.js responded 304 in 0.9276 ms
2026-07-01 09:54:41.346 +03:00 [INF] HTTP GET /Finance/Cashbox responded 200 in 363.6840 ms
2026-07-01 09:54:41.419 +03:00 [INF] HTTP GET /css/site.css responded 200 in 1.5536 ms
2026-07-01 09:54:41.420 +03:00 [INF] HTTP GET /Biktal.WebMVC.styles.css responded 200 in 1.3400 ms
2026-07-01 09:54:41.422 +03:00 [INF] HTTP GET /lib/bootstrap/dist/css/bootstrap.min.css responded 200 in 2.6748 ms
2026-07-01 09:54:41.424 +03:00 [INF] HTTP GET /lib/jquery/dist/jquery.min.js responded 200 in 1.5270 ms
2026-07-01 09:54:41.428 +03:00 [INF] HTTP GET /js/site.js responded 200 in 2.1304 ms
2026-07-01 09:54:41.429 +03:00 [INF] HTTP GET /lib/bootstrap/dist/js/bootstrap.bundle.min.js responded 200 in 1.6983 ms
2026-07-01 09:54:41.436 +03:00 [INF] HTTP GET /lib/jquery-validation/dist/jquery.validate.min.js responded 200 in 1.4335 ms
2026-07-01 09:54:41.439 +03:00 [INF] HTTP GET /lib/jquery-validation-unobtrusive/dist/jquery.validate.unobtrusive.min.js responded 200 in 1.2259 ms
2026-07-01 09:59:31.525 +03:00 [WRN] The query uses the 'First'/'FirstOrDefault' operator without 'OrderBy' and filter operators. This may lead to unpredictable results.
2026-07-01 09:59:31.536 +03:00 [WRN] The query uses the 'First'/'FirstOrDefault' operator without 'OrderBy' and filter operators. This may lead to unpredictable results.
2026-07-01 09:59:31.605 +03:00 [INF] HTTP GET /Operations responded 200 in 113.7001 ms
2026-07-01 09:59:31.666 +03:00 [INF] HTTP GET /lib/bootstrap/dist/css/bootstrap.min.css responded 200 in 8.0437 ms
2026-07-01 09:59:31.669 +03:00 [INF] HTTP GET /css/site.css responded 200 in 1.9262 ms
2026-07-01 09:59:31.673 +03:00 [INF] HTTP GET /Biktal.WebMVC.styles.css responded 200 in 2.7248 ms
2026-07-01 09:59:31.677 +03:00 [INF] HTTP GET /lib/bootstrap/dist/js/bootstrap.bundle.min.js responded 200 in 1.8763 ms
2026-07-01 09:59:31.677 +03:00 [INF] HTTP GET /lib/jquery/dist/jquery.min.js responded 200 in 2.1308 ms
2026-07-01 09:59:31.689 +03:00 [INF] HTTP GET /js/site.js responded 200 in 11.5315 ms
2026-07-01 10:00:00.068 +03:00 [INF] HTTP GET /Finance/Expenses responded 200 in 71.2285 ms
2026-07-01 10:00:00.121 +03:00 [INF] HTTP GET /lib/bootstrap/dist/js/bootstrap.bundle.min.js responded 200 in 1.2388 ms
2026-07-01 10:00:00.121 +03:00 [INF] HTTP GET /js/site.js responded 200 in 1.3610 ms
2026-07-01 10:00:00.124 +03:00 [INF] HTTP GET /lib/jquery-validation-unobtrusive/dist/jquery.validate.unobtrusive.min.js responded 200 in 3.0203 ms
2026-07-01 10:00:00.132 +03:00 [INF] HTTP GET /lib/jquery-validation/dist/jquery.validate.min.js responded 200 in 6.0849 ms
2026-07-01 10:00:04.143 +03:00 [INF] HTTP GET /Operations responded 200 in 31.7019 ms
2026-07-01 10:00:04.204 +03:00 [INF] HTTP GET /lib/bootstrap/dist/css/bootstrap.min.css responded 200 in 1.5760 ms
2026-07-01 10:00:04.205 +03:00 [INF] HTTP GET /css/site.css responded 304 in 0.7879 ms
2026-07-01 10:00:04.205 +03:00 [INF] HTTP GET /Biktal.WebMVC.styles.css responded 304 in 2.4882 ms
2026-07-01 10:00:04.207 +03:00 [INF] HTTP GET /lib/jquery/dist/jquery.min.js responded 304 in 0.8050 ms
2026-07-01 10:00:04.208 +03:00 [INF] HTTP GET /lib/bootstrap/dist/js/bootstrap.bundle.min.js responded 200 in 1.3473 ms
2026-07-01 10:00:04.210 +03:00 [INF] HTTP GET /js/site.js responded 200 in 2.0112 ms
2026-07-01 10:00:37.488 +03:00 [INF] HTTP GET /Operations/DailySales responded 200 in 46.6535 ms
2026-07-01 10:00:37.556 +03:00 [INF] HTTP GET /css/site.css responded 304 in 0.7581 ms
2026-07-01 10:00:37.557 +03:00 [INF] HTTP GET /lib/jquery/dist/jquery.min.js responded 304 in 0.4494 ms
2026-07-01 10:00:37.557 +03:00 [INF] HTTP GET /lib/bootstrap/dist/css/bootstrap.min.css responded 200 in 1.0210 ms
2026-07-01 10:00:37.558 +03:00 [INF] HTTP GET /js/site.js responded 304 in 0.4694 ms
2026-07-01 10:00:37.559 +03:00 [INF] HTTP GET /lib/bootstrap/dist/js/bootstrap.bundle.min.js responded 304 in 1.7841 ms
2026-07-01 10:00:37.561 +03:00 [INF] HTTP GET /Biktal.WebMVC.styles.css responded 304 in 4.2732 ms
2026-07-01 10:01:21.895 +03:00 [INF] HTTP GET /Operations/DailySales responded 200 in 17.6704 ms
2026-07-01 10:01:21.954 +03:00 [INF] HTTP GET /lib/bootstrap/dist/css/bootstrap.min.css responded 200 in 1.2389 ms
2026-07-01 10:01:21.960 +03:00 [INF] HTTP GET /css/site.css responded 200 in 1.5235 ms
2026-07-01 10:01:21.963 +03:00 [INF] HTTP GET /Biktal.WebMVC.styles.css responded 200 in 1.4769 ms
2026-07-01 10:01:21.966 +03:00 [INF] HTTP GET /lib/bootstrap/dist/js/bootstrap.bundle.min.js responded 200 in 1.5732 ms
2026-07-01 10:01:21.966 +03:00 [INF] HTTP GET /lib/jquery/dist/jquery.min.js responded 200 in 1.5696 ms
2026-07-01 10:01:21.970 +03:00 [INF] HTTP GET /js/site.js responded 200 in 2.3422 ms
2026-07-01 10:01:24.480 +03:00 [INF] HTTP GET /favicon.ico responded 200 in 21.4655 ms
2026-07-01 10:01:30.959 +03:00 [INF] HTTP GET /Operations/MonthlySales responded 200 in 40.6818 ms
2026-07-01 10:01:31.021 +03:00 [INF] HTTP GET /lib/bootstrap/dist/css/bootstrap.min.css responded 200 in 2.7232 ms
2026-07-01 10:01:31.021 +03:00 [INF] HTTP GET /css/site.css responded 200 in 0.6873 ms
2026-07-01 10:01:31.025 +03:00 [INF] HTTP GET /Biktal.WebMVC.styles.css responded 200 in 0.7472 ms
2026-07-01 10:01:31.027 +03:00 [INF] HTTP GET /lib/jquery/dist/jquery.min.js responded 200 in 2.3873 ms
2026-07-01 10:01:31.029 +03:00 [INF] HTTP GET /lib/bootstrap/dist/js/bootstrap.bundle.min.js responded 200 in 2.9838 ms
2026-07-01 10:01:31.031 +03:00 [INF] HTTP GET /js/site.js responded 200 in 0.8762 ms
2026-07-01 10:01:33.065 +03:00 [INF] HTTP GET /Operations/Sales responded 200 in 90.6071 ms
2026-07-01 10:01:33.127 +03:00 [INF] HTTP GET /css/site.css responded 200 in 5.6550 ms
2026-07-01 10:01:33.127 +03:00 [INF] HTTP GET /lib/bootstrap/dist/css/bootstrap.min.css responded 200 in 6.2567 ms
2026-07-01 10:01:33.132 +03:00 [INF] HTTP GET /Biktal.WebMVC.styles.css responded 200 in 1.4771 ms
2026-07-01 10:01:33.133 +03:00 [INF] HTTP GET /lib/bootstrap/dist/js/bootstrap.bundle.min.js responded 304 in 0.4161 ms
2026-07-01 10:01:33.133 +03:00 [INF] HTTP GET /lib/jquery/dist/jquery.min.js responded 304 in 0.4156 ms
2026-07-01 10:01:33.135 +03:00 [INF] HTTP GET /js/site.js responded 304 in 0.6554 ms
2026-07-01 10:01:35.265 +03:00 [INF] HTTP GET /Operations/MonthlySales responded 200 in 9.1723 ms
2026-07-01 10:01:35.326 +03:00 [INF] HTTP GET /css/site.css responded 304 in 0.3971 ms
2026-07-01 10:01:35.326 +03:00 [INF] HTTP GET /lib/bootstrap/dist/css/bootstrap.min.css responded 304 in 0.3616 ms
2026-07-01 10:01:35.328 +03:00 [INF] HTTP GET /Biktal.WebMVC.styles.css responded 304 in 0.5332 ms
2026-07-01 10:01:35.331 +03:00 [INF] HTTP GET /lib/jquery/dist/jquery.min.js responded 304 in 0.5023 ms
2026-07-01 10:01:35.334 +03:00 [INF] HTTP GET /js/site.js responded 304 in 1.5265 ms
2026-07-01 10:01:35.334 +03:00 [INF] HTTP GET /lib/bootstrap/dist/js/bootstrap.bundle.min.js responded 304 in 0.4532 ms
2026-07-01 10:01:39.031 +03:00 [INF] HTTP GET /Operations/Sales responded 200 in 15.4330 ms
2026-07-01 10:01:39.091 +03:00 [INF] HTTP GET /lib/bootstrap/dist/css/bootstrap.min.css responded 304 in 0.5555 ms
2026-07-01 10:01:39.091 +03:00 [INF] HTTP GET /Biktal.WebMVC.styles.css responded 304 in 0.3280 ms
2026-07-01 10:01:39.092 +03:00 [INF] HTTP GET /css/site.css responded 304 in 0.3551 ms
2026-07-01 10:01:39.094 +03:00 [INF] HTTP GET /lib/jquery/dist/jquery.min.js responded 304 in 0.4408 ms
2026-07-01 10:01:39.095 +03:00 [INF] HTTP GET /lib/bootstrap/dist/js/bootstrap.bundle.min.js responded 304 in 0.9428 ms
2026-07-01 10:01:39.097 +03:00 [INF] HTTP GET /js/site.js responded 304 in 0.8653 ms
2026-07-01 10:01:47.962 +03:00 [INF] HTTP GET /Operations/Inventory responded 200 in 91.0781 ms
2026-07-01 10:01:48.019 +03:00 [INF] HTTP GET /css/site.css responded 304 in 0.6050 ms
2026-07-01 10:01:48.019 +03:00 [INF] HTTP GET /lib/bootstrap/dist/css/bootstrap.min.css responded 200 in 1.0544 ms
2026-07-01 10:01:48.020 +03:00 [INF] HTTP GET /Biktal.WebMVC.styles.css responded 304 in 0.4671 ms
2026-07-01 10:01:48.020 +03:00 [INF] HTTP GET /lib/bootstrap/dist/js/bootstrap.bundle.min.js responded 304 in 0.4190 ms
2026-07-01 10:01:48.021 +03:00 [INF] HTTP GET /lib/jquery/dist/jquery.min.js responded 304 in 1.7428 ms
2026-07-01 10:01:48.024 +03:00 [INF] HTTP GET /js/site.js responded 304 in 0.5769 ms
2026-07-01 10:02:32.705 +03:00 [INF] HTTP GET /Inventory responded 200 in 95.7017 ms
2026-07-01 10:02:32.759 +03:00 [INF] HTTP GET /css/site.css responded 304 in 0.4263 ms
2026-07-01 10:02:32.760 +03:00 [INF] HTTP GET /lib/bootstrap/dist/css/bootstrap.min.css responded 200 in 1.7804 ms
2026-07-01 10:02:32.762 +03:00 [INF] HTTP GET /Biktal.WebMVC.styles.css responded 304 in 1.4720 ms
2026-07-01 10:02:32.763 +03:00 [INF] HTTP GET /lib/bootstrap/dist/js/bootstrap.bundle.min.js responded 304 in 0.5804 ms
2026-07-01 10:02:32.764 +03:00 [INF] HTTP GET /js/site.js responded 304 in 0.4778 ms
2026-07-01 10:02:32.765 +03:00 [INF] HTTP GET /lib/jquery/dist/jquery.min.js responded 304 in 1.2788 ms
2026-07-01 10:02:52.630 +03:00 [INF] HTTP GET /Operations responded 200 in 11.6337 ms
2026-07-01 10:02:52.699 +03:00 [INF] HTTP GET /css/site.css responded 200 in 1.2046 ms
2026-07-01 10:02:52.699 +03:00 [INF] HTTP GET /lib/bootstrap/dist/css/bootstrap.min.css responded 200 in 1.1708 ms
2026-07-01 10:02:52.704 +03:00 [INF] HTTP GET /Biktal.WebMVC.styles.css responded 200 in 2.8957 ms
2026-07-01 10:02:52.704 +03:00 [INF] HTTP GET /lib/jquery/dist/jquery.min.js responded 200 in 1.3871 ms
2026-07-01 10:02:52.709 +03:00 [INF] HTTP GET /lib/bootstrap/dist/js/bootstrap.bundle.min.js responded 200 in 2.6559 ms
2026-07-01 10:02:52.712 +03:00 [INF] HTTP GET /js/site.js responded 200 in 1.6452 ms
2026-07-01 10:03:02.497 +03:00 [INF] HTTP GET /Operations/Inventory responded 200 in 17.3806 ms
2026-07-01 10:03:02.563 +03:00 [INF] HTTP GET /css/site.css responded 200 in 1.1854 ms
2026-07-01 10:03:02.563 +03:00 [INF] HTTP GET /lib/bootstrap/dist/css/bootstrap.min.css responded 200 in 1.6858 ms
2026-07-01 10:03:02.566 +03:00 [INF] HTTP GET /Biktal.WebMVC.styles.css responded 200 in 0.7971 ms
2026-07-01 10:03:02.566 +03:00 [INF] HTTP GET /lib/jquery/dist/jquery.min.js responded 304 in 0.3911 ms
2026-07-01 10:03:02.572 +03:00 [INF] HTTP GET /lib/bootstrap/dist/js/bootstrap.bundle.min.js responded 304 in 0.6845 ms
2026-07-01 10:03:02.573 +03:00 [INF] HTTP GET /js/site.js responded 304 in 0.5524 ms
2026-07-01 10:03:28.440 +03:00 [INF] HTTP GET /Operations/DailySales responded 200 in 7.9917 ms
2026-07-01 10:03:28.502 +03:00 [INF] HTTP GET /lib/bootstrap/dist/css/bootstrap.min.css responded 200 in 0.9201 ms
2026-07-01 10:03:28.503 +03:00 [INF] HTTP GET /lib/jquery/dist/jquery.min.js responded 304 in 0.5592 ms
2026-07-01 10:03:28.503 +03:00 [INF] HTTP GET /lib/bootstrap/dist/js/bootstrap.bundle.min.js responded 304 in 0.3789 ms
2026-07-01 10:03:28.504 +03:00 [INF] HTTP GET /js/site.js responded 304 in 0.4095 ms
2026-07-01 10:03:28.507 +03:00 [INF] HTTP GET /css/site.css responded 200 in 2.7111 ms
2026-07-01 10:03:28.511 +03:00 [INF] HTTP GET /Biktal.WebMVC.styles.css responded 200 in 3.9362 ms
2026-07-01 10:04:55.551 +03:00 [INF] HTTP GET /Crm responded 200 in 70.7020 ms
2026-07-01 10:04:55.606 +03:00 [INF] HTTP GET /lib/bootstrap/dist/css/bootstrap.min.css responded 200 in 1.0595 ms
2026-07-01 10:04:55.608 +03:00 [INF] HTTP GET /css/site.css responded 200 in 1.1289 ms
2026-07-01 10:04:55.609 +03:00 [INF] HTTP GET /Biktal.WebMVC.styles.css responded 200 in 1.2213 ms
2026-07-01 10:04:55.613 +03:00 [INF] HTTP GET /lib/bootstrap/dist/js/bootstrap.bundle.min.js responded 200 in 3.0276 ms
2026-07-01 10:04:55.616 +03:00 [INF] HTTP GET /lib/jquery/dist/jquery.min.js responded 200 in 1.7440 ms
2026-07-01 10:04:55.617 +03:00 [INF] HTTP GET /js/site.js responded 200 in 1.2493 ms
2026-07-01 10:04:57.138 +03:00 [INF] HTTP GET /Installments responded 200 in 99.0119 ms
2026-07-01 10:04:57.199 +03:00 [INF] HTTP GET /css/site.css responded 200 in 1.1239 ms
2026-07-01 10:04:57.200 +03:00 [INF] HTTP GET /lib/bootstrap/dist/css/bootstrap.min.css responded 200 in 1.3199 ms
2026-07-01 10:04:57.202 +03:00 [INF] HTTP GET /Biktal.WebMVC.styles.css responded 200 in 1.1499 ms
2026-07-01 10:04:57.203 +03:00 [INF] HTTP GET /lib/jquery/dist/jquery.min.js responded 304 in 1.7987 ms
2026-07-01 10:04:57.204 +03:00 [INF] HTTP GET /js/site.js responded 304 in 0.4263 ms
2026-07-01 10:04:57.205 +03:00 [INF] HTTP GET /lib/bootstrap/dist/js/bootstrap.bundle.min.js responded 304 in 0.9635 ms
2026-07-01 10:05:30.647 +03:00 [INF] HTTP GET /Operations responded 200 in 105.8455 ms
2026-07-01 10:05:30.706 +03:00 [INF] HTTP GET /lib/bootstrap/dist/css/bootstrap.min.css responded 200 in 1.1848 ms
2026-07-01 10:05:30.707 +03:00 [INF] HTTP GET /css/site.css responded 200 in 1.7602 ms
2026-07-01 10:05:30.712 +03:00 [INF] HTTP GET /Biktal.WebMVC.styles.css responded 200 in 1.7492 ms
2026-07-01 10:05:30.715 +03:00 [INF] HTTP GET /lib/bootstrap/dist/js/bootstrap.bundle.min.js responded 304 in 1.7504 ms
2026-07-01 10:05:30.715 +03:00 [INF] HTTP GET /lib/jquery/dist/jquery.min.js responded 304 in 2.8995 ms
2026-07-01 10:05:30.717 +03:00 [INF] HTTP GET /js/site.js responded 304 in 0.6476 ms
2026-07-01 10:05:32.718 +03:00 [INF] HTTP GET /Operations/Sales responded 200 in 22.0756 ms
2026-07-01 10:05:32.781 +03:00 [INF] HTTP GET /css/site.css responded 200 in 0.7557 ms
2026-07-01 10:05:32.781 +03:00 [INF] HTTP GET /lib/bootstrap/dist/css/bootstrap.min.css responded 200 in 0.8785 ms
2026-07-01 10:05:32.783 +03:00 [INF] HTTP GET /Biktal.WebMVC.styles.css responded 200 in 1.9460 ms
2026-07-01 10:05:32.787 +03:00 [INF] HTTP GET /lib/jquery/dist/jquery.min.js responded 200 in 2.4362 ms
2026-07-01 10:05:32.789 +03:00 [INF] HTTP GET /js/site.js responded 200 in 1.8708 ms
2026-07-01 10:05:32.791 +03:00 [INF] HTTP GET /lib/bootstrap/dist/js/bootstrap.bundle.min.js responded 200 in 1.7357 ms
2026-07-01 10:11:09.814 +03:00 [INF] HTTP GET /Finance responded 200 in 93.1570 ms
2026-07-01 10:11:09.884 +03:00 [INF] HTTP GET /css/site.css responded 200 in 1.1817 ms
2026-07-01 10:11:09.885 +03:00 [INF] HTTP GET /Biktal.WebMVC.styles.css responded 200 in 0.7525 ms
2026-07-01 10:11:09.886 +03:00 [INF] HTTP GET /lib/bootstrap/dist/css/bootstrap.min.css responded 200 in 4.8878 ms
2026-07-01 10:11:09.931 +03:00 [INF] HTTP GET /lib/bootstrap/dist/js/bootstrap.bundle.min.js responded 200 in 1.6759 ms
2026-07-01 10:11:09.932 +03:00 [INF] HTTP GET /lib/jquery/dist/jquery.min.js responded 200 in 1.2855 ms
2026-07-01 10:11:09.952 +03:00 [INF] HTTP GET /js/site.js responded 200 in 1.1807 ms
2026-07-01 10:11:16.483 +03:00 [INF] HTTP GET /Operations responded 200 in 26.3887 ms
2026-07-01 10:11:16.545 +03:00 [INF] HTTP GET /css/site.css responded 200 in 0.6049 ms
2026-07-01 10:11:16.544 +03:00 [INF] HTTP GET /lib/bootstrap/dist/css/bootstrap.min.css responded 200 in 0.8899 ms
2026-07-01 10:11:16.547 +03:00 [INF] HTTP GET /Biktal.WebMVC.styles.css responded 200 in 2.0068 ms
2026-07-01 10:11:16.550 +03:00 [INF] HTTP GET /lib/jquery/dist/jquery.min.js responded 200 in 1.7652 ms
2026-07-01 10:11:16.550 +03:00 [INF] HTTP GET /js/site.js responded 200 in 1.6876 ms
2026-07-01 10:11:16.552 +03:00 [INF] HTTP GET /lib/bootstrap/dist/js/bootstrap.bundle.min.js responded 200 in 1.7101 ms
2026-07-01 10:11:19.695 +03:00 [INF] HTTP GET /Inventory responded 200 in 30.4295 ms
2026-07-01 10:11:19.765 +03:00 [INF] HTTP GET /lib/bootstrap/dist/css/bootstrap.min.css responded 304 in 0.4240 ms
2026-07-01 10:11:19.765 +03:00 [INF] HTTP GET /css/site.css responded 304 in 0.3383 ms
2026-07-01 10:11:19.766 +03:00 [INF] HTTP GET /Biktal.WebMVC.styles.css responded 304 in 0.3856 ms
2026-07-01 10:11:19.766 +03:00 [INF] HTTP GET /lib/jquery/dist/jquery.min.js responded 304 in 0.2867 ms
2026-07-01 10:11:19.766 +03:00 [INF] HTTP GET /lib/bootstrap/dist/js/bootstrap.bundle.min.js responded 304 in 0.6269 ms
2026-07-01 10:11:19.801 +03:00 [INF] HTTP GET /js/site.js responded 304 in 25.8372 ms
2026-07-01 10:11:24.681 +03:00 [INF] HTTP GET /Operations responded 200 in 15.8996 ms
2026-07-01 10:11:24.749 +03:00 [INF] HTTP GET /lib/bootstrap/dist/css/bootstrap.min.css responded 304 in 0.4233 ms
2026-07-01 10:11:24.750 +03:00 [INF] HTTP GET /Biktal.WebMVC.styles.css responded 304 in 0.7544 ms
2026-07-01 10:11:24.752 +03:00 [INF] HTTP GET /lib/jquery/dist/jquery.min.js responded 304 in 0.7965 ms
2026-07-01 10:11:24.752 +03:00 [INF] HTTP GET /lib/bootstrap/dist/js/bootstrap.bundle.min.js responded 304 in 0.4234 ms
2026-07-01 10:11:24.753 +03:00 [INF] HTTP GET /js/site.js responded 304 in 0.6026 ms
2026-07-01 10:11:24.754 +03:00 [INF] HTTP GET /css/site.css responded 304 in 0.4058 ms
2026-07-01 10:11:30.777 +03:00 [INF] HTTP GET /Crm responded 200 in 24.3986 ms
2026-07-01 10:11:30.842 +03:00 [INF] HTTP GET /lib/bootstrap/dist/css/bootstrap.min.css responded 304 in 0.4736 ms
2026-07-01 10:11:30.842 +03:00 [INF] HTTP GET /css/site.css responded 304 in 0.3679 ms
2026-07-01 10:11:30.843 +03:00 [INF] HTTP GET /js/site.js responded 304 in 0.4334 ms
2026-07-01 10:11:30.845 +03:00 [INF] HTTP GET /Biktal.WebMVC.styles.css responded 304 in 1.0280 ms
2026-07-01 10:11:30.846 +03:00 [INF] HTTP GET /lib/jquery/dist/jquery.min.js responded 304 in 0.4972 ms
2026-07-01 10:11:30.847 +03:00 [INF] HTTP GET /lib/bootstrap/dist/js/bootstrap.bundle.min.js responded 304 in 0.5358 ms
2026-07-01 10:11:33.479 +03:00 [INF] HTTP GET /Installments responded 200 in 15.3507 ms
2026-07-01 10:11:33.537 +03:00 [INF] HTTP GET /lib/bootstrap/dist/css/bootstrap.min.css responded 200 in 1.1342 ms
2026-07-01 10:11:33.540 +03:00 [INF] HTTP GET /css/site.css responded 304 in 0.4676 ms
2026-07-01 10:11:33.543 +03:00 [INF] HTTP GET /Biktal.WebMVC.styles.css responded 304 in 1.1018 ms
2026-07-01 10:11:33.546 +03:00 [INF] HTTP GET /lib/jquery/dist/jquery.min.js responded 304 in 0.8241 ms
2026-07-01 10:11:33.549 +03:00 [INF] HTTP GET /lib/bootstrap/dist/js/bootstrap.bundle.min.js responded 304 in 0.5272 ms
2026-07-01 10:11:33.550 +03:00 [INF] HTTP GET /js/site.js responded 304 in 0.5825 ms
2026-07-01 10:15:29.636 +03:00 [INF] HTTP GET /Finance responded 200 in 54.0730 ms
2026-07-01 10:15:29.699 +03:00 [INF] HTTP GET /lib/bootstrap/dist/css/bootstrap.min.css responded 200 in 0.9855 ms
2026-07-01 10:15:29.700 +03:00 [INF] HTTP GET /css/site.css responded 200 in 0.9981 ms
2026-07-01 10:15:29.701 +03:00 [INF] HTTP GET /Biktal.WebMVC.styles.css responded 200 in 0.8364 ms
2026-07-01 10:15:29.701 +03:00 [INF] HTTP GET /lib/jquery/dist/jquery.min.js responded 200 in 1.0572 ms
2026-07-01 10:15:29.704 +03:00 [INF] HTTP GET /lib/bootstrap/dist/js/bootstrap.bundle.min.js responded 200 in 1.0260 ms
2026-07-01 10:15:29.705 +03:00 [INF] HTTP GET /js/site.js responded 200 in 1.4887 ms
2026-07-01 10:16:59.043 +03:00 [INF] HTTP GET /Finance/Expenses responded 200 in 57.8482 ms
2026-07-01 10:16:59.103 +03:00 [INF] HTTP GET /lib/bootstrap/dist/css/bootstrap.min.css responded 200 in 2.8977 ms
2026-07-01 10:16:59.104 +03:00 [INF] HTTP GET /css/site.css responded 200 in 2.6316 ms
2026-07-01 10:16:59.106 +03:00 [INF] HTTP GET /Biktal.WebMVC.styles.css responded 200 in 0.8661 ms
2026-07-01 10:16:59.110 +03:00 [INF] HTTP GET /lib/bootstrap/dist/js/bootstrap.bundle.min.js responded 200 in 2.5083 ms
2026-07-01 10:16:59.111 +03:00 [INF] HTTP GET /lib/jquery/dist/jquery.min.js responded 200 in 3.2939 ms
2026-07-01 10:16:59.120 +03:00 [INF] HTTP GET /js/site.js responded 200 in 9.6413 ms
2026-07-01 10:16:59.121 +03:00 [INF] HTTP GET /lib/jquery-validation/dist/jquery.validate.min.js responded 200 in 0.7676 ms
2026-07-01 10:16:59.128 +03:00 [INF] HTTP GET /lib/jquery-validation-unobtrusive/dist/jquery.validate.unobtrusive.min.js responded 200 in 0.9195 ms
2026-07-01 10:18:55.118 +03:00 [INF] HTTP POST /Finance/CreateExpense responded 302 in 85.1684 ms
2026-07-01 10:18:55.126 +03:00 [INF] HTTP GET /Finance/Expenses responded 200 in 3.7510 ms
2026-07-01 10:18:55.191 +03:00 [INF] HTTP GET /css/site.css responded 200 in 1.8354 ms
2026-07-01 10:18:55.192 +03:00 [INF] HTTP GET /Biktal.WebMVC.styles.css responded 200 in 1.8425 ms
2026-07-01 10:18:55.195 +03:00 [INF] HTTP GET /lib/jquery/dist/jquery.min.js responded 200 in 2.6872 ms
2026-07-01 10:18:55.198 +03:00 [INF] HTTP GET /lib/bootstrap/dist/js/bootstrap.bundle.min.js responded 200 in 1.5618 ms
2026-07-01 10:18:55.198 +03:00 [INF] HTTP GET /lib/bootstrap/dist/css/bootstrap.min.css responded 200 in 1.2886 ms
2026-07-01 10:18:55.208 +03:00 [INF] HTTP GET /js/site.js responded 200 in 7.5535 ms
2026-07-01 10:18:55.217 +03:00 [INF] HTTP GET /lib/jquery-validation/dist/jquery.validate.min.js responded 200 in 1.4007 ms
2026-07-01 10:18:55.220 +03:00 [INF] HTTP GET /lib/jquery-validation-unobtrusive/dist/jquery.validate.unobtrusive.min.js responded 200 in 1.9057 ms
2026-07-01 10:22:08.013 +03:00 [INF] HTTP GET /Finance responded 200 in 67.0100 ms
2026-07-01 10:22:08.077 +03:00 [INF] HTTP GET /lib/bootstrap/dist/css/bootstrap.min.css responded 200 in 1.4611 ms
2026-07-01 10:22:08.078 +03:00 [INF] HTTP GET /Biktal.WebMVC.styles.css responded 200 in 0.7596 ms
2026-07-01 10:22:08.080 +03:00 [INF] HTTP GET /lib/jquery/dist/jquery.min.js responded 200 in 1.9038 ms
2026-07-01 10:22:08.080 +03:00 [INF] HTTP GET /js/site.js responded 200 in 1.1135 ms
2026-07-01 10:22:08.082 +03:00 [INF] HTTP GET /lib/bootstrap/dist/js/bootstrap.bundle.min.js responded 200 in 1.4922 ms
2026-07-01 10:22:08.082 +03:00 [INF] HTTP GET /css/site.css responded 200 in 5.6484 ms
2026-07-01 10:22:11.291 +03:00 [INF] HTTP GET /Finance/Cashbox responded 200 in 33.6950 ms
2026-07-01 10:22:11.345 +03:00 [INF] HTTP GET /lib/bootstrap/dist/css/bootstrap.min.css responded 304 in 1.9514 ms
2026-07-01 10:22:11.352 +03:00 [INF] HTTP GET /css/site.css responded 304 in 1.1082 ms
2026-07-01 10:22:11.353 +03:00 [INF] HTTP GET /Biktal.WebMVC.styles.css responded 304 in 0.4483 ms
2026-07-01 10:22:11.353 +03:00 [INF] HTTP GET /lib/jquery/dist/jquery.min.js responded 304 in 0.5405 ms
2026-07-01 10:22:11.356 +03:00 [INF] HTTP GET /lib/bootstrap/dist/js/bootstrap.bundle.min.js responded 304 in 0.6624 ms
2026-07-01 10:22:11.357 +03:00 [INF] HTTP GET /js/site.js responded 304 in 1.4860 ms
2026-07-01 10:22:11.363 +03:00 [INF] HTTP GET /lib/jquery-validation/dist/jquery.validate.min.js responded 200 in 0.8067 ms
2026-07-01 10:22:11.363 +03:00 [INF] HTTP GET /lib/jquery-validation-unobtrusive/dist/jquery.validate.unobtrusive.min.js responded 200 in 0.7517 ms
2026-07-01 10:32:03.276 +03:00 [INF] HTTP POST /Finance/CloseCashboxSession responded 302 in 122.0642 ms
2026-07-01 10:32:03.309 +03:00 [INF] HTTP GET /Finance/Cashbox responded 200 in 25.9073 ms
2026-07-01 10:32:03.379 +03:00 [INF] HTTP GET /css/site.css responded 200 in 2.3450 ms
2026-07-01 10:32:03.384 +03:00 [INF] HTTP GET /lib/bootstrap/dist/css/bootstrap.min.css responded 200 in 4.7571 ms
2026-07-01 10:32:03.386 +03:00 [INF] HTTP GET /Biktal.WebMVC.styles.css responded 200 in 1.4565 ms
2026-07-01 10:32:03.394 +03:00 [INF] HTTP GET /lib/jquery-validation/dist/jquery.validate.min.js responded 200 in 1.0519 ms
2026-07-01 10:32:03.395 +03:00 [INF] HTTP GET /js/site.js responded 200 in 2.3760 ms
2026-07-01 10:32:03.395 +03:00 [INF] HTTP GET /lib/jquery-validation-unobtrusive/dist/jquery.validate.unobtrusive.min.js responded 200 in 0.8766 ms
2026-07-01 10:32:03.396 +03:00 [INF] HTTP GET /lib/bootstrap/dist/js/bootstrap.bundle.min.js responded 200 in 4.0773 ms
2026-07-01 10:32:03.413 +03:00 [INF] HTTP GET /lib/jquery/dist/jquery.min.js responded 200 in 13.6971 ms
2026-07-01 10:50:38.079 +03:00 [INF] HTTP GET /Crm responded 200 in 105.9969 ms
2026-07-01 10:50:38.144 +03:00 [INF] HTTP GET /Biktal.WebMVC.styles.css responded 200 in 4.5307 ms
2026-07-01 10:50:38.144 +03:00 [INF] HTTP GET /css/site.css responded 200 in 4.0833 ms
2026-07-01 10:50:38.145 +03:00 [INF] HTTP GET /lib/bootstrap/dist/css/bootstrap.min.css responded 200 in 3.7478 ms
2026-07-01 10:50:38.145 +03:00 [INF] HTTP GET /lib/jquery/dist/jquery.min.js responded 200 in 2.6115 ms
2026-07-01 10:50:38.145 +03:00 [INF] HTTP GET /lib/bootstrap/dist/js/bootstrap.bundle.min.js responded 200 in 1.5201 ms
2026-07-01 10:50:38.145 +03:00 [INF] HTTP GET /js/site.js responded 200 in 1.7354 ms
2026-07-01 10:50:40.162 +03:00 [INF] HTTP GET /Installments responded 200 in 15.0812 ms
2026-07-01 10:50:40.216 +03:00 [INF] HTTP GET /lib/bootstrap/dist/css/bootstrap.min.css responded 304 in 4.7462 ms
2026-07-01 10:50:40.219 +03:00 [INF] HTTP GET /css/site.css responded 304 in 0.4177 ms
2026-07-01 10:50:40.222 +03:00 [INF] HTTP GET /Biktal.WebMVC.styles.css responded 304 in 0.8556 ms
2026-07-01 10:50:40.223 +03:00 [INF] HTTP GET /lib/jquery/dist/jquery.min.js responded 304 in 0.7501 ms
2026-07-01 10:50:40.224 +03:00 [INF] HTTP GET /lib/bootstrap/dist/js/bootstrap.bundle.min.js responded 304 in 1.5898 ms
2026-07-01 10:50:40.225 +03:00 [INF] HTTP GET /js/site.js responded 304 in 1.0409 ms
2026-07-01 11:10:53.756 +03:00 [INF] Application is shutting down...
2026-07-01 11:11:45.115 +03:00 [ERR] Failed executing DbCommand (6ms) [Parameters=[@p0='?' (DbType = Guid), @p1='?' (DbType = DateTime), @p2='?' (DbType = Guid), @p3='?', @p4='?' (DbType = DateTime), @p5='?' (DbType = Int32), @p6='?' (DbType = Int32), @p7='?', @p8='?', @p9='?' (DbType = Guid), @p10='?' (DbType = DateTime), @p11='?' (DbType = Guid), @p12='?', @p13='?' (DbType = DateTime), @p14='?' (DbType = Int32), @p15='?' (DbType = Int32), @p16='?', @p17='?'], CommandType='"Text"', CommandTimeout='30']
INSERT INTO "CrmSupportTickets" ("Id", "CreatedAtUtc", "CustomerId", "Description", "ModifiedAtUtc", "Priority", "Status", "Subject", "TicketNumber")
VALUES (@p0, @p1, @p2, @p3, @p4, @p5, @p6, @p7, @p8);
INSERT INTO "CrmSupportTickets" ("Id", "CreatedAtUtc", "CustomerId", "Description", "ModifiedAtUtc", "Priority", "Status", "Subject", "TicketNumber")
VALUES (@p9, @p10, @p11, @p12, @p13, @p14, @p15, @p16, @p17);
2026-07-01 11:11:45.196 +03:00 [ERR] An exception occurred in the database while saving changes for context type 'Biktal.Infrastructure.Persistence.ApplicationDbContext'.
Microsoft.EntityFrameworkCore.DbUpdateException: An error occurred while saving the entity changes. See the inner exception for details.
 ---> Npgsql.PostgresException (0x80004005): 23503: insert or update on table "CrmSupportTickets" violates foreign key constraint "FK_CrmSupportTickets_CrmCustomers_CustomerId"

DETAIL: Detail redacted as it may contain sensitive data. Specify 'Include Error Detail' in the connection string to include this information.
   at Npgsql.Internal.NpgsqlConnector.ReadMessageLong(Boolean async, DataRowLoadingMode dataRowLoadingMode, Boolean readingNotifications, Boolean isReadingPrependedMessage)
   at System.Runtime.CompilerServices.PoolingAsyncValueTaskMethodBuilder`1.StateMachineBox`1.System.Threading.Tasks.Sources.IValueTaskSource<TResult>.GetResult(Int16 token)
   at Npgsql.NpgsqlDataReader.NextResult(Boolean async, Boolean isConsuming, CancellationToken cancellationToken)
   at Npgsql.NpgsqlDataReader.NextResult(Boolean async, Boolean isConsuming, CancellationToken cancellationToken)
   at Npgsql.NpgsqlCommand.ExecuteReader(Boolean async, CommandBehavior behavior, CancellationToken cancellationToken)
   at Npgsql.NpgsqlCommand.ExecuteReader(Boolean async, CommandBehavior behavior, CancellationToken cancellationToken)
   at Npgsql.NpgsqlCommand.ExecuteDbDataReaderAsync(CommandBehavior behavior, CancellationToken cancellationToken)
   at Microsoft.EntityFrameworkCore.Storage.RelationalCommand.ExecuteReaderAsync(RelationalCommandParameterObject parameterObject, CancellationToken cancellationToken)
   at Microsoft.EntityFrameworkCore.Storage.RelationalCommand.ExecuteReaderAsync(RelationalCommandParameterObject parameterObject, CancellationToken cancellationToken)
   at Microsoft.EntityFrameworkCore.Update.ReaderModificationCommandBatch.ExecuteAsync(IRelationalConnection connection, CancellationToken cancellationToken)
  Exception data:
    Severity: ERROR
    SqlState: 23503
    MessageText: insert or update on table "CrmSupportTickets" violates foreign key constraint "FK_CrmSupportTickets_CrmCustomers_CustomerId"
    Detail: Detail redacted as it may contain sensitive data. Specify 'Include Error Detail' in the connection string to include this information.
    SchemaName: public
    TableName: CrmSupportTickets
    ConstraintName: FK_CrmSupportTickets_CrmCustomers_CustomerId
    File: ri_triggers.c
    Line: 2783
    Routine: ri_ReportViolation
   --- End of inner exception stack trace ---
   at Microsoft.EntityFrameworkCore.Update.ReaderModificationCommandBatch.ExecuteAsync(IRelationalConnection connection, CancellationToken cancellationToken)
   at Microsoft.EntityFrameworkCore.Update.Internal.BatchExecutor.ExecuteAsync(IEnumerable`1 commandBatches, IRelationalConnection connection, CancellationToken cancellationToken)
   at Microsoft.EntityFrameworkCore.Update.Internal.BatchExecutor.ExecuteAsync(IEnumerable`1 commandBatches, IRelationalConnection connection, CancellationToken cancellationToken)
   at Microsoft.EntityFrameworkCore.Update.Internal.BatchExecutor.ExecuteAsync(IEnumerable`1 commandBatches, IRelationalConnection connection, CancellationToken cancellationToken)
   at Microsoft.EntityFrameworkCore.Storage.RelationalDatabase.SaveChangesAsync(IList`1 entries, CancellationToken cancellationToken)
   at Microsoft.EntityFrameworkCore.ChangeTracking.Internal.StateManager.SaveChangesAsync(IList`1 entriesToSave, CancellationToken cancellationToken)
   at Microsoft.EntityFrameworkCore.ChangeTracking.Internal.StateManager.SaveChangesAsync(StateManager stateManager, Boolean acceptAllChangesOnSuccess, CancellationToken cancellationToken)
   at Npgsql.EntityFrameworkCore.PostgreSQL.Storage.Internal.NpgsqlExecutionStrategy.ExecuteAsync[TState,TResult](TState state, Func`4 operation, Func`4 verifySucceeded, CancellationToken cancellationToken)
   at Microsoft.EntityFrameworkCore.DbContext.SaveChangesAsync(Boolean acceptAllChangesOnSuccess, CancellationToken cancellationToken)
Microsoft.EntityFrameworkCore.DbUpdateException: An error occurred while saving the entity changes. See the inner exception for details.
 ---> Npgsql.PostgresException (0x80004005): 23503: insert or update on table "CrmSupportTickets" violates foreign key constraint "FK_CrmSupportTickets_CrmCustomers_CustomerId"

DETAIL: Detail redacted as it may contain sensitive data. Specify 'Include Error Detail' in the connection string to include this information.
   at Npgsql.Internal.NpgsqlConnector.ReadMessageLong(Boolean async, DataRowLoadingMode dataRowLoadingMode, Boolean readingNotifications, Boolean isReadingPrependedMessage)
   at System.Runtime.CompilerServices.PoolingAsyncValueTaskMethodBuilder`1.StateMachineBox`1.System.Threading.Tasks.Sources.IValueTaskSource<TResult>.GetResult(Int16 token)
   at Npgsql.NpgsqlDataReader.NextResult(Boolean async, Boolean isConsuming, CancellationToken cancellationToken)
   at Npgsql.NpgsqlDataReader.NextResult(Boolean async, Boolean isConsuming, CancellationToken cancellationToken)
   at Npgsql.NpgsqlCommand.ExecuteReader(Boolean async, CommandBehavior behavior, CancellationToken cancellationToken)
   at Npgsql.NpgsqlCommand.ExecuteReader(Boolean async, CommandBehavior behavior, CancellationToken cancellationToken)
   at Npgsql.NpgsqlCommand.ExecuteDbDataReaderAsync(CommandBehavior behavior, CancellationToken cancellationToken)
   at Microsoft.EntityFrameworkCore.Storage.RelationalCommand.ExecuteReaderAsync(RelationalCommandParameterObject parameterObject, CancellationToken cancellationToken)
   at Microsoft.EntityFrameworkCore.Storage.RelationalCommand.ExecuteReaderAsync(RelationalCommandParameterObject parameterObject, CancellationToken cancellationToken)
   at Microsoft.EntityFrameworkCore.Update.ReaderModificationCommandBatch.ExecuteAsync(IRelationalConnection connection, CancellationToken cancellationToken)
  Exception data:
    Severity: ERROR
    SqlState: 23503
    MessageText: insert or update on table "CrmSupportTickets" violates foreign key constraint "FK_CrmSupportTickets_CrmCustomers_CustomerId"
    Detail: Detail redacted as it may contain sensitive data. Specify 'Include Error Detail' in the connection string to include this information.
    SchemaName: public
    TableName: CrmSupportTickets
    ConstraintName: FK_CrmSupportTickets_CrmCustomers_CustomerId
    File: ri_triggers.c
    Line: 2783
    Routine: ri_ReportViolation
   --- End of inner exception stack trace ---
   at Microsoft.EntityFrameworkCore.Update.ReaderModificationCommandBatch.ExecuteAsync(IRelationalConnection connection, CancellationToken cancellationToken)
   at Microsoft.EntityFrameworkCore.Update.Internal.BatchExecutor.ExecuteAsync(IEnumerable`1 commandBatches, IRelationalConnection connection, CancellationToken cancellationToken)
   at Microsoft.EntityFrameworkCore.Update.Internal.BatchExecutor.ExecuteAsync(IEnumerable`1 commandBatches, IRelationalConnection connection, CancellationToken cancellationToken)
   at Microsoft.EntityFrameworkCore.Update.Internal.BatchExecutor.ExecuteAsync(IEnumerable`1 commandBatches, IRelationalConnection connection, CancellationToken cancellationToken)
   at Microsoft.EntityFrameworkCore.Storage.RelationalDatabase.SaveChangesAsync(IList`1 entries, CancellationToken cancellationToken)
   at Microsoft.EntityFrameworkCore.ChangeTracking.Internal.StateManager.SaveChangesAsync(IList`1 entriesToSave, CancellationToken cancellationToken)
   at Microsoft.EntityFrameworkCore.ChangeTracking.Internal.StateManager.SaveChangesAsync(StateManager stateManager, Boolean acceptAllChangesOnSuccess, CancellationToken cancellationToken)
   at Npgsql.EntityFrameworkCore.PostgreSQL.Storage.Internal.NpgsqlExecutionStrategy.ExecuteAsync[TState,TResult](TState state, Func`4 operation, Func`4 verifySucceeded, CancellationToken cancellationToken)
   at Microsoft.EntityFrameworkCore.DbContext.SaveChangesAsync(Boolean acceptAllChangesOnSuccess, CancellationToken cancellationToken)
2026-07-01 11:11:45.201 +03:00 [ERR] Database migration or seed failed. Check PostgreSQL is running and ConnectionStrings:DefaultConnection is correct.
Microsoft.EntityFrameworkCore.DbUpdateException: An error occurred while saving the entity changes. See the inner exception for details.
 ---> Npgsql.PostgresException (0x80004005): 23503: insert or update on table "CrmSupportTickets" violates foreign key constraint "FK_CrmSupportTickets_CrmCustomers_CustomerId"

DETAIL: Detail redacted as it may contain sensitive data. Specify 'Include Error Detail' in the connection string to include this information.
   at Npgsql.Internal.NpgsqlConnector.ReadMessageLong(Boolean async, DataRowLoadingMode dataRowLoadingMode, Boolean readingNotifications, Boolean isReadingPrependedMessage)
   at System.Runtime.CompilerServices.PoolingAsyncValueTaskMethodBuilder`1.StateMachineBox`1.System.Threading.Tasks.Sources.IValueTaskSource<TResult>.GetResult(Int16 token)
   at Npgsql.NpgsqlDataReader.NextResult(Boolean async, Boolean isConsuming, CancellationToken cancellationToken)
   at Npgsql.NpgsqlDataReader.NextResult(Boolean async, Boolean isConsuming, CancellationToken cancellationToken)
   at Npgsql.NpgsqlCommand.ExecuteReader(Boolean async, CommandBehavior behavior, CancellationToken cancellationToken)
   at Npgsql.NpgsqlCommand.ExecuteReader(Boolean async, CommandBehavior behavior, CancellationToken cancellationToken)
   at Npgsql.NpgsqlCommand.ExecuteDbDataReaderAsync(CommandBehavior behavior, CancellationToken cancellationToken)
   at Microsoft.EntityFrameworkCore.Storage.RelationalCommand.ExecuteReaderAsync(RelationalCommandParameterObject parameterObject, CancellationToken cancellationToken)
   at Microsoft.EntityFrameworkCore.Storage.RelationalCommand.ExecuteReaderAsync(RelationalCommandParameterObject parameterObject, CancellationToken cancellationToken)
   at Microsoft.EntityFrameworkCore.Update.ReaderModificationCommandBatch.ExecuteAsync(IRelationalConnection connection, CancellationToken cancellationToken)
  Exception data:
    Severity: ERROR
    SqlState: 23503
    MessageText: insert or update on table "CrmSupportTickets" violates foreign key constraint "FK_CrmSupportTickets_CrmCustomers_CustomerId"
    Detail: Detail redacted as it may contain sensitive data. Specify 'Include Error Detail' in the connection string to include this information.
    SchemaName: public
    TableName: CrmSupportTickets
    ConstraintName: FK_CrmSupportTickets_CrmCustomers_CustomerId
    File: ri_triggers.c
    Line: 2783
    Routine: ri_ReportViolation
   --- End of inner exception stack trace ---
   at Microsoft.EntityFrameworkCore.Update.ReaderModificationCommandBatch.ExecuteAsync(IRelationalConnection connection, CancellationToken cancellationToken)
   at Microsoft.EntityFrameworkCore.Update.Internal.BatchExecutor.ExecuteAsync(IEnumerable`1 commandBatches, IRelationalConnection connection, CancellationToken cancellationToken)
   at Microsoft.EntityFrameworkCore.Update.Internal.BatchExecutor.ExecuteAsync(IEnumerable`1 commandBatches, IRelationalConnection connection, CancellationToken cancellationToken)
   at Microsoft.EntityFrameworkCore.Update.Internal.BatchExecutor.ExecuteAsync(IEnumerable`1 commandBatches, IRelationalConnection connection, CancellationToken cancellationToken)
   at Microsoft.EntityFrameworkCore.Storage.RelationalDatabase.SaveChangesAsync(IList`1 entries, CancellationToken cancellationToken)
   at Microsoft.EntityFrameworkCore.ChangeTracking.Internal.StateManager.SaveChangesAsync(IList`1 entriesToSave, CancellationToken cancellationToken)
   at Microsoft.EntityFrameworkCore.ChangeTracking.Internal.StateManager.SaveChangesAsync(StateManager stateManager, Boolean acceptAllChangesOnSuccess, CancellationToken cancellationToken)
   at Npgsql.EntityFrameworkCore.PostgreSQL.Storage.Internal.NpgsqlExecutionStrategy.ExecuteAsync[TState,TResult](TState state, Func`4 operation, Func`4 verifySucceeded, CancellationToken cancellationToken)
   at Microsoft.EntityFrameworkCore.DbContext.SaveChangesAsync(Boolean acceptAllChangesOnSuccess, CancellationToken cancellationToken)
   at Microsoft.EntityFrameworkCore.DbContext.SaveChangesAsync(Boolean acceptAllChangesOnSuccess, CancellationToken cancellationToken)
   at Biktal.Infrastructure.Persistence.CrmDataSeeder.SeedIfEmptyAsync(ApplicationDbContext db, CancellationToken cancellationToken)
   at Program.<Main>$(String[] args) in d:\Systems\BiktalSystems\Program.cs:line 71
2026-07-01 11:11:45.206 +03:00 [WRN] Continuing without a successful migration/seed. Auth and data pages may fail until the database is available.
2026-07-01 11:11:45.232 +03:00 [WRN] Using an in-memory repository. Keys will not be persisted to storage.
2026-07-01 11:11:45.232 +03:00 [WRN] Neither user profile nor HKLM registry available. Using an ephemeral key repository. Protected data will be unavailable when application exits.
2026-07-01 11:11:45.251 +03:00 [WRN] No XML encryptor configured. Key {67972aa3-4d5c-49ce-b844-03e003f73fc0} may be persisted to storage in unencrypted form.
2026-07-01 11:11:45.304 +03:00 [INF] Application started. Press Ctrl+C to shut down.
2026-07-01 11:11:45.305 +03:00 [INF] Hosting environment: Production
2026-07-01 11:11:45.305 +03:00 [INF] Content root path: D:\Systems\BiktalSystems\publish
2026-07-01 11:11:45.421 +03:00 [INF] HTTP GET /Inventory responded 302 in 90.1638 ms
2026-07-01 11:11:45.421 +03:00 [INF] HTTP GET /Crm responded 302 in 90.7662 ms
2026-07-01 11:11:45.456 +03:00 [INF] HTTP GET /Inventory responded 302 in 15.0987 ms
2026-07-01 11:11:45.599 +03:00 [ERR] An exception was thrown while deserializing the token.
Microsoft.AspNetCore.Antiforgery.AntiforgeryValidationException: The antiforgery token could not be decrypted.
 ---> System.Security.Cryptography.CryptographicException: The key {d1b5a125-04a0-40a3-87f7-ae0fb0aae7ff} was not found in the key ring. For more information go to https://aka.ms/aspnet/dataprotectionwarning
   at Microsoft.AspNetCore.DataProtection.KeyManagement.KeyRingBasedDataProtector.UnprotectCore(Byte[] protectedData, Boolean allowOperationsOnRevokedKeys, UnprotectStatus& status)
   at Microsoft.AspNetCore.DataProtection.KeyManagement.KeyRingBasedDataProtector.Unprotect(Byte[] protectedData)
   at Microsoft.AspNetCore.Antiforgery.DefaultAntiforgeryTokenSerializer.Deserialize(String serializedToken)
   --- End of inner exception stack trace ---
   at Microsoft.AspNetCore.Antiforgery.DefaultAntiforgeryTokenSerializer.Deserialize(String serializedToken)
   at Microsoft.AspNetCore.Antiforgery.DefaultAntiforgery.GetCookieTokenDoesNotThrow(HttpContext httpContext)
2026-07-01 11:11:45.703 +03:00 [INF] HTTP GET /Account/Login responded 200 in 236.5806 ms
2026-07-01 11:11:45.855 +03:00 [INF] HTTP GET /css/site.css responded 200 in 83.8401 ms
2026-07-01 11:11:45.856 +03:00 [INF] HTTP GET /js/site.js responded 200 in 79.8696 ms
2026-07-01 11:11:45.856 +03:00 [INF] HTTP GET /lib/jquery-validation-unobtrusive/dist/jquery.validate.unobtrusive.min.js responded 200 in 78.7038 ms
2026-07-01 11:11:45.859 +03:00 [INF] HTTP GET /lib/bootstrap/dist/css/bootstrap.min.css responded 200 in 90.0040 ms
2026-07-01 11:11:45.859 +03:00 [INF] HTTP GET /lib/jquery-validation/dist/jquery.validate.min.js responded 200 in 83.1637 ms
2026-07-01 11:11:45.859 +03:00 [INF] HTTP GET /lib/bootstrap/dist/js/bootstrap.bundle.min.js responded 200 in 65.3957 ms
2026-07-01 11:11:45.860 +03:00 [INF] HTTP GET /lib/jquery/dist/jquery.min.js responded 200 in 82.4874 ms
2026-07-01 11:11:45.861 +03:00 [INF] HTTP GET /Biktal.WebMVC.styles.css responded 200 in 86.6529 ms
2026-07-01 11:12:04.632 +03:00 [INF] HTTP POST /Account/Login responded 302 in 662.0724 ms
2026-07-01 11:12:04.823 +03:00 [INF] HTTP GET /Inventory responded 200 in 184.8243 ms
2026-07-01 11:12:04.894 +03:00 [INF] HTTP GET /lib/bootstrap/dist/css/bootstrap.min.css responded 304 in 10.2852 ms
2026-07-01 11:12:04.897 +03:00 [INF] HTTP GET /css/site.css responded 304 in 9.3243 ms
2026-07-01 11:12:04.925 +03:00 [INF] HTTP GET /lib/jquery/dist/jquery.min.js responded 304 in 36.6894 ms
2026-07-01 11:12:04.926 +03:00 [INF] HTTP GET /Biktal.WebMVC.styles.css responded 304 in 30.4891 ms
2026-07-01 11:12:04.947 +03:00 [INF] HTTP GET /js/site.js responded 304 in 27.8732 ms
2026-07-01 11:12:05.104 +03:00 [INF] HTTP GET /lib/bootstrap/dist/js/bootstrap.bundle.min.js responded 304 in 205.2762 ms
2026-07-01 11:12:14.250 +03:00 [INF] HTTP GET /Inventory/Products responded 200 in 442.2163 ms
2026-07-01 11:12:14.267 +03:00 [INF] HTTP GET /css/site.css responded 304 in 2.3927 ms
2026-07-01 11:12:14.272 +03:00 [INF] HTTP GET /Biktal.WebMVC.styles.css responded 304 in 2.6746 ms
2026-07-01 11:12:14.273 +03:00 [INF] HTTP GET /lib/bootstrap/dist/css/bootstrap.min.css responded 200 in 3.5164 ms
2026-07-01 11:12:15.046 +03:00 [INF] HTTP GET /lib/jquery/dist/jquery.min.js responded 304 in 0.5955 ms
2026-07-01 11:12:15.067 +03:00 [INF] HTTP GET /lib/bootstrap/dist/js/bootstrap.bundle.min.js responded 304 in 1.0704 ms
2026-07-01 11:12:15.067 +03:00 [INF] HTTP GET /js/site.js responded 304 in 0.8422 ms
2026-07-01 11:12:15.075 +03:00 [INF] HTTP GET /js/products-catalog-filter.js responded 200 in 1.4866 ms
2026-07-01 11:12:15.085 +03:00 [INF] HTTP GET /lib/jquery-validation-unobtrusive/dist/jquery.validate.unobtrusive.min.js responded 304 in 15.3360 ms
2026-07-01 11:12:15.089 +03:00 [INF] HTTP GET /lib/jquery-validation/dist/jquery.validate.min.js responded 304 in 21.1487 ms
2026-07-01 11:26:58.899 +03:00 [INF] HTTP GET /Inventory/Products responded 200 in 198.4856 ms
2026-07-01 11:26:58.958 +03:00 [INF] HTTP GET /css/site.css responded 200 in 2.6762 ms
2026-07-01 11:26:58.958 +03:00 [INF] HTTP GET /Biktal.WebMVC.styles.css responded 200 in 1.4990 ms
2026-07-01 11:26:58.961 +03:00 [INF] HTTP GET /lib/bootstrap/dist/css/bootstrap.min.css responded 200 in 2.5984 ms
2026-07-01 11:27:00.550 +03:00 [INF] HTTP GET /lib/jquery/dist/jquery.min.js responded 200 in 1.1647 ms
2026-07-01 11:27:00.575 +03:00 [INF] HTTP GET /lib/bootstrap/dist/js/bootstrap.bundle.min.js responded 200 in 2.1558 ms
2026-07-01 11:27:00.576 +03:00 [INF] HTTP GET /js/products-catalog-filter.js responded 200 in 2.3838 ms
2026-07-01 11:27:00.577 +03:00 [INF] HTTP GET /js/site.js responded 200 in 3.8424 ms
2026-07-01 11:27:00.583 +03:00 [INF] HTTP GET /lib/jquery-validation-unobtrusive/dist/jquery.validate.unobtrusive.min.js responded 200 in 5.9774 ms
2026-07-01 11:27:00.585 +03:00 [INF] HTTP GET /lib/jquery-validation/dist/jquery.validate.min.js responded 200 in 1.6490 ms
2026-07-01 11:27:06.040 +03:00 [INF] HTTP POST /Inventory/EditProduct responded 302 in 122.9061 ms
2026-07-01 11:27:06.093 +03:00 [INF] HTTP GET /Inventory/Products responded 200 in 47.2287 ms
2026-07-01 11:27:06.158 +03:00 [INF] HTTP GET /lib/bootstrap/dist/css/bootstrap.min.css responded 304 in 1.1389 ms
2026-07-01 11:27:06.159 +03:00 [INF] HTTP GET /Biktal.WebMVC.styles.css responded 304 in 0.5807 ms
2026-07-01 11:27:06.160 +03:00 [INF] HTTP GET /css/site.css responded 304 in 1.6199 ms
2026-07-01 11:27:07.084 +03:00 [INF] HTTP GET /lib/jquery/dist/jquery.min.js responded 304 in 0.5121 ms
2026-07-01 11:27:07.098 +03:00 [INF] HTTP GET /lib/bootstrap/dist/js/bootstrap.bundle.min.js responded 304 in 0.8000 ms
2026-07-01 11:27:07.100 +03:00 [INF] HTTP GET /js/site.js responded 304 in 1.1918 ms
2026-07-01 11:27:07.102 +03:00 [INF] HTTP GET /lib/jquery-validation/dist/jquery.validate.min.js responded 304 in 1.8491 ms
2026-07-01 11:27:07.104 +03:00 [INF] HTTP GET /lib/jquery-validation-unobtrusive/dist/jquery.validate.unobtrusive.min.js responded 304 in 2.6310 ms
2026-07-01 11:27:07.106 +03:00 [INF] HTTP GET /js/products-catalog-filter.js responded 304 in 1.9921 ms
2026-07-01 11:47:56.360 +03:00 [INF] Application is shutting down...
2026-07-01 13:19:12.299 +03:00 [ERR] Failed executing DbCommand (7ms) [Parameters=[@p0='?' (DbType = Guid), @p1='?' (DbType = DateTime), @p2='?' (DbType = Guid), @p3='?', @p4='?' (DbType = DateTime), @p5='?' (DbType = Int32), @p6='?' (DbType = Int32), @p7='?', @p8='?', @p9='?' (DbType = Guid), @p10='?' (DbType = DateTime), @p11='?' (DbType = Guid), @p12='?', @p13='?' (DbType = DateTime), @p14='?' (DbType = Int32), @p15='?' (DbType = Int32), @p16='?', @p17='?'], CommandType='"Text"', CommandTimeout='30']
INSERT INTO "CrmSupportTickets" ("Id", "CreatedAtUtc", "CustomerId", "Description", "ModifiedAtUtc", "Priority", "Status", "Subject", "TicketNumber")
VALUES (@p0, @p1, @p2, @p3, @p4, @p5, @p6, @p7, @p8);
INSERT INTO "CrmSupportTickets" ("Id", "CreatedAtUtc", "CustomerId", "Description", "ModifiedAtUtc", "Priority", "Status", "Subject", "TicketNumber")
VALUES (@p9, @p10, @p11, @p12, @p13, @p14, @p15, @p16, @p17);
2026-07-01 13:19:12.375 +03:00 [ERR] An exception occurred in the database while saving changes for context type 'Biktal.Infrastructure.Persistence.ApplicationDbContext'.
Microsoft.EntityFrameworkCore.DbUpdateException: An error occurred while saving the entity changes. See the inner exception for details.
 ---> Npgsql.PostgresException (0x80004005): 23503: insert or update on table "CrmSupportTickets" violates foreign key constraint "FK_CrmSupportTickets_CrmCustomers_CustomerId"

DETAIL: Detail redacted as it may contain sensitive data. Specify 'Include Error Detail' in the connection string to include this information.
   at Npgsql.Internal.NpgsqlConnector.ReadMessageLong(Boolean async, DataRowLoadingMode dataRowLoadingMode, Boolean readingNotifications, Boolean isReadingPrependedMessage)
   at System.Runtime.CompilerServices.PoolingAsyncValueTaskMethodBuilder`1.StateMachineBox`1.System.Threading.Tasks.Sources.IValueTaskSource<TResult>.GetResult(Int16 token)
   at Npgsql.NpgsqlDataReader.NextResult(Boolean async, Boolean isConsuming, CancellationToken cancellationToken)
   at Npgsql.NpgsqlDataReader.NextResult(Boolean async, Boolean isConsuming, CancellationToken cancellationToken)
   at Npgsql.NpgsqlCommand.ExecuteReader(Boolean async, CommandBehavior behavior, CancellationToken cancellationToken)
   at Npgsql.NpgsqlCommand.ExecuteReader(Boolean async, CommandBehavior behavior, CancellationToken cancellationToken)
   at Npgsql.NpgsqlCommand.ExecuteDbDataReaderAsync(CommandBehavior behavior, CancellationToken cancellationToken)
   at Microsoft.EntityFrameworkCore.Storage.RelationalCommand.ExecuteReaderAsync(RelationalCommandParameterObject parameterObject, CancellationToken cancellationToken)
   at Microsoft.EntityFrameworkCore.Storage.RelationalCommand.ExecuteReaderAsync(RelationalCommandParameterObject parameterObject, CancellationToken cancellationToken)
   at Microsoft.EntityFrameworkCore.Update.ReaderModificationCommandBatch.ExecuteAsync(IRelationalConnection connection, CancellationToken cancellationToken)
  Exception data:
    Severity: ERROR
    SqlState: 23503
    MessageText: insert or update on table "CrmSupportTickets" violates foreign key constraint "FK_CrmSupportTickets_CrmCustomers_CustomerId"
    Detail: Detail redacted as it may contain sensitive data. Specify 'Include Error Detail' in the connection string to include this information.
    SchemaName: public
    TableName: CrmSupportTickets
    ConstraintName: FK_CrmSupportTickets_CrmCustomers_CustomerId
    File: ri_triggers.c
    Line: 2783
    Routine: ri_ReportViolation
   --- End of inner exception stack trace ---
   at Microsoft.EntityFrameworkCore.Update.ReaderModificationCommandBatch.ExecuteAsync(IRelationalConnection connection, CancellationToken cancellationToken)
   at Microsoft.EntityFrameworkCore.Update.Internal.BatchExecutor.ExecuteAsync(IEnumerable`1 commandBatches, IRelationalConnection connection, CancellationToken cancellationToken)
   at Microsoft.EntityFrameworkCore.Update.Internal.BatchExecutor.ExecuteAsync(IEnumerable`1 commandBatches, IRelationalConnection connection, CancellationToken cancellationToken)
   at Microsoft.EntityFrameworkCore.Update.Internal.BatchExecutor.ExecuteAsync(IEnumerable`1 commandBatches, IRelationalConnection connection, CancellationToken cancellationToken)
   at Microsoft.EntityFrameworkCore.Storage.RelationalDatabase.SaveChangesAsync(IList`1 entries, CancellationToken cancellationToken)
   at Microsoft.EntityFrameworkCore.ChangeTracking.Internal.StateManager.SaveChangesAsync(IList`1 entriesToSave, CancellationToken cancellationToken)
   at Microsoft.EntityFrameworkCore.ChangeTracking.Internal.StateManager.SaveChangesAsync(StateManager stateManager, Boolean acceptAllChangesOnSuccess, CancellationToken cancellationToken)
   at Npgsql.EntityFrameworkCore.PostgreSQL.Storage.Internal.NpgsqlExecutionStrategy.ExecuteAsync[TState,TResult](TState state, Func`4 operation, Func`4 verifySucceeded, CancellationToken cancellationToken)
   at Microsoft.EntityFrameworkCore.DbContext.SaveChangesAsync(Boolean acceptAllChangesOnSuccess, CancellationToken cancellationToken)
Microsoft.EntityFrameworkCore.DbUpdateException: An error occurred while saving the entity changes. See the inner exception for details.
 ---> Npgsql.PostgresException (0x80004005): 23503: insert or update on table "CrmSupportTickets" violates foreign key constraint "FK_CrmSupportTickets_CrmCustomers_CustomerId"

DETAIL: Detail redacted as it may contain sensitive data. Specify 'Include Error Detail' in the connection string to include this information.
   at Npgsql.Internal.NpgsqlConnector.ReadMessageLong(Boolean async, DataRowLoadingMode dataRowLoadingMode, Boolean readingNotifications, Boolean isReadingPrependedMessage)
   at System.Runtime.CompilerServices.PoolingAsyncValueTaskMethodBuilder`1.StateMachineBox`1.System.Threading.Tasks.Sources.IValueTaskSource<TResult>.GetResult(Int16 token)
   at Npgsql.NpgsqlDataReader.NextResult(Boolean async, Boolean isConsuming, CancellationToken cancellationToken)
   at Npgsql.NpgsqlDataReader.NextResult(Boolean async, Boolean isConsuming, CancellationToken cancellationToken)
   at Npgsql.NpgsqlCommand.ExecuteReader(Boolean async, CommandBehavior behavior, CancellationToken cancellationToken)
   at Npgsql.NpgsqlCommand.ExecuteReader(Boolean async, CommandBehavior behavior, CancellationToken cancellationToken)
   at Npgsql.NpgsqlCommand.ExecuteDbDataReaderAsync(CommandBehavior behavior, CancellationToken cancellationToken)
   at Microsoft.EntityFrameworkCore.Storage.RelationalCommand.ExecuteReaderAsync(RelationalCommandParameterObject parameterObject, CancellationToken cancellationToken)
   at Microsoft.EntityFrameworkCore.Storage.RelationalCommand.ExecuteReaderAsync(RelationalCommandParameterObject parameterObject, CancellationToken cancellationToken)
   at Microsoft.EntityFrameworkCore.Update.ReaderModificationCommandBatch.ExecuteAsync(IRelationalConnection connection, CancellationToken cancellationToken)
  Exception data:
    Severity: ERROR
    SqlState: 23503
    MessageText: insert or update on table "CrmSupportTickets" violates foreign key constraint "FK_CrmSupportTickets_CrmCustomers_CustomerId"
    Detail: Detail redacted as it may contain sensitive data. Specify 'Include Error Detail' in the connection string to include this information.
    SchemaName: public
    TableName: CrmSupportTickets
    ConstraintName: FK_CrmSupportTickets_CrmCustomers_CustomerId
    File: ri_triggers.c
    Line: 2783
    Routine: ri_ReportViolation
   --- End of inner exception stack trace ---
   at Microsoft.EntityFrameworkCore.Update.ReaderModificationCommandBatch.ExecuteAsync(IRelationalConnection connection, CancellationToken cancellationToken)
   at Microsoft.EntityFrameworkCore.Update.Internal.BatchExecutor.ExecuteAsync(IEnumerable`1 commandBatches, IRelationalConnection connection, CancellationToken cancellationToken)
   at Microsoft.EntityFrameworkCore.Update.Internal.BatchExecutor.ExecuteAsync(IEnumerable`1 commandBatches, IRelationalConnection connection, CancellationToken cancellationToken)
   at Microsoft.EntityFrameworkCore.Update.Internal.BatchExecutor.ExecuteAsync(IEnumerable`1 commandBatches, IRelationalConnection connection, CancellationToken cancellationToken)
   at Microsoft.EntityFrameworkCore.Storage.RelationalDatabase.SaveChangesAsync(IList`1 entries, CancellationToken cancellationToken)
   at Microsoft.EntityFrameworkCore.ChangeTracking.Internal.StateManager.SaveChangesAsync(IList`1 entriesToSave, CancellationToken cancellationToken)
   at Microsoft.EntityFrameworkCore.ChangeTracking.Internal.StateManager.SaveChangesAsync(StateManager stateManager, Boolean acceptAllChangesOnSuccess, CancellationToken cancellationToken)
   at Npgsql.EntityFrameworkCore.PostgreSQL.Storage.Internal.NpgsqlExecutionStrategy.ExecuteAsync[TState,TResult](TState state, Func`4 operation, Func`4 verifySucceeded, CancellationToken cancellationToken)
   at Microsoft.EntityFrameworkCore.DbContext.SaveChangesAsync(Boolean acceptAllChangesOnSuccess, CancellationToken cancellationToken)
2026-07-01 13:19:12.380 +03:00 [ERR] Database migration or seed failed. Check PostgreSQL is running and ConnectionStrings:DefaultConnection is correct.
Microsoft.EntityFrameworkCore.DbUpdateException: An error occurred while saving the entity changes. See the inner exception for details.
 ---> Npgsql.PostgresException (0x80004005): 23503: insert or update on table "CrmSupportTickets" violates foreign key constraint "FK_CrmSupportTickets_CrmCustomers_CustomerId"

DETAIL: Detail redacted as it may contain sensitive data. Specify 'Include Error Detail' in the connection string to include this information.
   at Npgsql.Internal.NpgsqlConnector.ReadMessageLong(Boolean async, DataRowLoadingMode dataRowLoadingMode, Boolean readingNotifications, Boolean isReadingPrependedMessage)
   at System.Runtime.CompilerServices.PoolingAsyncValueTaskMethodBuilder`1.StateMachineBox`1.System.Threading.Tasks.Sources.IValueTaskSource<TResult>.GetResult(Int16 token)
   at Npgsql.NpgsqlDataReader.NextResult(Boolean async, Boolean isConsuming, CancellationToken cancellationToken)
   at Npgsql.NpgsqlDataReader.NextResult(Boolean async, Boolean isConsuming, CancellationToken cancellationToken)
   at Npgsql.NpgsqlCommand.ExecuteReader(Boolean async, CommandBehavior behavior, CancellationToken cancellationToken)
   at Npgsql.NpgsqlCommand.ExecuteReader(Boolean async, CommandBehavior behavior, CancellationToken cancellationToken)
   at Npgsql.NpgsqlCommand.ExecuteDbDataReaderAsync(CommandBehavior behavior, CancellationToken cancellationToken)
   at Microsoft.EntityFrameworkCore.Storage.RelationalCommand.ExecuteReaderAsync(RelationalCommandParameterObject parameterObject, CancellationToken cancellationToken)
   at Microsoft.EntityFrameworkCore.Storage.RelationalCommand.ExecuteReaderAsync(RelationalCommandParameterObject parameterObject, CancellationToken cancellationToken)
   at Microsoft.EntityFrameworkCore.Update.ReaderModificationCommandBatch.ExecuteAsync(IRelationalConnection connection, CancellationToken cancellationToken)
  Exception data:
    Severity: ERROR
    SqlState: 23503
    MessageText: insert or update on table "CrmSupportTickets" violates foreign key constraint "FK_CrmSupportTickets_CrmCustomers_CustomerId"
    Detail: Detail redacted as it may contain sensitive data. Specify 'Include Error Detail' in the connection string to include this information.
    SchemaName: public
    TableName: CrmSupportTickets
    ConstraintName: FK_CrmSupportTickets_CrmCustomers_CustomerId
    File: ri_triggers.c
    Line: 2783
    Routine: ri_ReportViolation
   --- End of inner exception stack trace ---
   at Microsoft.EntityFrameworkCore.Update.ReaderModificationCommandBatch.ExecuteAsync(IRelationalConnection connection, CancellationToken cancellationToken)
   at Microsoft.EntityFrameworkCore.Update.Internal.BatchExecutor.ExecuteAsync(IEnumerable`1 commandBatches, IRelationalConnection connection, CancellationToken cancellationToken)
   at Microsoft.EntityFrameworkCore.Update.Internal.BatchExecutor.ExecuteAsync(IEnumerable`1 commandBatches, IRelationalConnection connection, CancellationToken cancellationToken)
   at Microsoft.EntityFrameworkCore.Update.Internal.BatchExecutor.ExecuteAsync(IEnumerable`1 commandBatches, IRelationalConnection connection, CancellationToken cancellationToken)
   at Microsoft.EntityFrameworkCore.Storage.RelationalDatabase.SaveChangesAsync(IList`1 entries, CancellationToken cancellationToken)
   at Microsoft.EntityFrameworkCore.ChangeTracking.Internal.StateManager.SaveChangesAsync(IList`1 entriesToSave, CancellationToken cancellationToken)
   at Microsoft.EntityFrameworkCore.ChangeTracking.Internal.StateManager.SaveChangesAsync(StateManager stateManager, Boolean acceptAllChangesOnSuccess, CancellationToken cancellationToken)
   at Npgsql.EntityFrameworkCore.PostgreSQL.Storage.Internal.NpgsqlExecutionStrategy.ExecuteAsync[TState,TResult](TState state, Func`4 operation, Func`4 verifySucceeded, CancellationToken cancellationToken)
   at Microsoft.EntityFrameworkCore.DbContext.SaveChangesAsync(Boolean acceptAllChangesOnSuccess, CancellationToken cancellationToken)
   at Microsoft.EntityFrameworkCore.DbContext.SaveChangesAsync(Boolean acceptAllChangesOnSuccess, CancellationToken cancellationToken)
   at Biktal.Infrastructure.Persistence.CrmDataSeeder.SeedIfEmptyAsync(ApplicationDbContext db, CancellationToken cancellationToken)
   at Program.<Main>$(String[] args) in d:\Systems\BiktalSystems\Program.cs:line 71
2026-07-01 13:19:12.385 +03:00 [WRN] Continuing without a successful migration/seed. Auth and data pages may fail until the database is available.
2026-07-01 13:19:12.410 +03:00 [WRN] Using an in-memory repository. Keys will not be persisted to storage.
2026-07-01 13:19:12.410 +03:00 [WRN] Neither user profile nor HKLM registry available. Using an ephemeral key repository. Protected data will be unavailable when application exits.
2026-07-01 13:19:12.428 +03:00 [WRN] No XML encryptor configured. Key {d32f2aca-d324-485c-b483-44dfb1df4b03} may be persisted to storage in unencrypted form.
2026-07-01 13:19:12.478 +03:00 [INF] Application started. Press Ctrl+C to shut down.
2026-07-01 13:19:12.478 +03:00 [INF] Hosting environment: Production
2026-07-01 13:19:12.478 +03:00 [INF] Content root path: D:\Systems\BiktalSystems\publish
2026-07-01 13:19:12.582 +03:00 [INF] HTTP GET /Finance responded 302 in 83.3324 ms
2026-07-01 13:19:12.734 +03:00 [ERR] An exception was thrown while deserializing the token.
Microsoft.AspNetCore.Antiforgery.AntiforgeryValidationException: The antiforgery token could not be decrypted.
 ---> System.Security.Cryptography.CryptographicException: The key {67972aa3-4d5c-49ce-b844-03e003f73fc0} was not found in the key ring. For more information go to https://aka.ms/aspnet/dataprotectionwarning
   at Microsoft.AspNetCore.DataProtection.KeyManagement.KeyRingBasedDataProtector.UnprotectCore(Byte[] protectedData, Boolean allowOperationsOnRevokedKeys, UnprotectStatus& status)
   at Microsoft.AspNetCore.DataProtection.KeyManagement.KeyRingBasedDataProtector.Unprotect(Byte[] protectedData)
   at Microsoft.AspNetCore.Antiforgery.DefaultAntiforgeryTokenSerializer.Deserialize(String serializedToken)
   --- End of inner exception stack trace ---
   at Microsoft.AspNetCore.Antiforgery.DefaultAntiforgeryTokenSerializer.Deserialize(String serializedToken)
   at Microsoft.AspNetCore.Antiforgery.DefaultAntiforgery.GetCookieTokenDoesNotThrow(HttpContext httpContext)
2026-07-01 13:19:12.834 +03:00 [INF] HTTP GET /Account/Login responded 200 in 233.3718 ms
2026-07-01 13:19:13.016 +03:00 [INF] HTTP GET /Biktal.WebMVC.styles.css responded 200 in 93.9824 ms
2026-07-01 13:19:13.016 +03:00 [INF] HTTP GET /js/site.js responded 200 in 93.0387 ms
2026-07-01 13:19:13.016 +03:00 [INF] HTTP GET /css/site.css responded 200 in 97.5555 ms
2026-07-01 13:19:13.016 +03:00 [INF] HTTP GET /lib/jquery-validation-unobtrusive/dist/jquery.validate.unobtrusive.min.js responded 200 in 61.6866 ms
2026-07-01 13:19:13.017 +03:00 [INF] HTTP GET /lib/bootstrap/dist/css/bootstrap.min.css responded 200 in 111.5537 ms
2026-07-01 13:19:13.017 +03:00 [INF] HTTP GET /lib/bootstrap/dist/js/bootstrap.bundle.min.js responded 200 in 102.4995 ms
2026-07-01 13:19:13.017 +03:00 [INF] HTTP GET /lib/jquery/dist/jquery.min.js responded 200 in 96.0736 ms
2026-07-01 13:19:13.017 +03:00 [INF] HTTP GET /lib/jquery-validation/dist/jquery.validate.min.js responded 200 in 93.5986 ms
2026-07-01 13:19:27.007 +03:00 [INF] HTTP POST /Account/Login responded 302 in 580.3746 ms
2026-07-01 13:19:27.132 +03:00 [INF] HTTP GET /Finance responded 200 in 119.1737 ms
2026-07-01 13:19:27.225 +03:00 [INF] HTTP GET /lib/bootstrap/dist/css/bootstrap.min.css responded 304 in 26.8205 ms
2026-07-01 13:19:27.261 +03:00 [INF] HTTP GET /Biktal.WebMVC.styles.css responded 304 in 26.0443 ms
2026-07-01 13:19:27.261 +03:00 [INF] HTTP GET /css/site.css responded 304 in 30.7684 ms
2026-07-01 13:19:27.265 +03:00 [INF] HTTP GET /lib/jquery/dist/jquery.min.js responded 304 in 28.9630 ms
2026-07-01 13:19:27.285 +03:00 [INF] HTTP GET /js/site.js responded 304 in 23.1337 ms
2026-07-01 13:19:27.457 +03:00 [INF] HTTP GET /lib/bootstrap/dist/js/bootstrap.bundle.min.js responded 304 in 195.4298 ms
2026-07-01 13:19:28.610 +03:00 [INF] HTTP GET /Finance responded 200 in 24.8273 ms
2026-07-01 13:19:28.674 +03:00 [INF] HTTP GET /lib/bootstrap/dist/css/bootstrap.min.css responded 304 in 10.1430 ms
2026-07-01 13:19:28.681 +03:00 [INF] HTTP GET /css/site.css responded 304 in 1.9470 ms
2026-07-01 13:19:28.683 +03:00 [INF] HTTP GET /Biktal.WebMVC.styles.css responded 304 in 2.6122 ms
2026-07-01 13:19:28.692 +03:00 [INF] HTTP GET /lib/jquery/dist/jquery.min.js responded 304 in 8.6475 ms
2026-07-01 13:19:28.696 +03:00 [INF] HTTP GET /lib/bootstrap/dist/js/bootstrap.bundle.min.js responded 304 in 2.0189 ms
2026-07-01 13:19:28.701 +03:00 [INF] HTTP GET /js/site.js responded 304 in 1.8392 ms
2026-07-01 13:19:35.033 +03:00 [INF] HTTP GET /Finance responded 200 in 21.1860 ms
2026-07-01 13:19:35.090 +03:00 [INF] HTTP GET /css/site.css responded 304 in 0.7584 ms
2026-07-01 13:19:35.091 +03:00 [INF] HTTP GET /lib/bootstrap/dist/css/bootstrap.min.css responded 200 in 1.4578 ms
2026-07-01 13:19:35.108 +03:00 [INF] HTTP GET /Biktal.WebMVC.styles.css responded 304 in 0.9697 ms
2026-07-01 13:19:35.108 +03:00 [INF] HTTP GET /lib/jquery/dist/jquery.min.js responded 304 in 0.9312 ms
2026-07-01 13:19:35.115 +03:00 [INF] HTTP GET /lib/bootstrap/dist/js/bootstrap.bundle.min.js responded 304 in 3.7675 ms
2026-07-01 13:19:35.119 +03:00 [INF] HTTP GET /js/site.js responded 304 in 3.4434 ms
2026-07-01 13:19:35.956 +03:00 [INF] HTTP GET /Repairs responded 200 in 87.1624 ms
2026-07-01 13:19:36.027 +03:00 [INF] HTTP GET /lib/bootstrap/dist/js/bootstrap.bundle.min.js responded 304 in 1.2908 ms
2026-07-01 13:19:36.027 +03:00 [INF] HTTP GET /Biktal.WebMVC.styles.css responded 304 in 2.3918 ms
2026-07-01 13:19:36.133 +03:00 [INF] HTTP GET /css/site.css responded 304 in 0.6605 ms
2026-07-01 13:19:36.133 +03:00 [INF] HTTP GET /js/site.js responded 304 in 106.1093 ms
2026-07-01 13:19:36.143 +03:00 [INF] HTTP GET /lib/jquery/dist/jquery.min.js responded 304 in 5.0681 ms
2026-07-01 13:19:36.145 +03:00 [INF] HTTP GET /lib/bootstrap/dist/css/bootstrap.min.css responded 200 in 13.1520 ms
2026-07-01 13:19:36.675 +03:00 [INF] HTTP GET /Inventory responded 200 in 123.1843 ms
2026-07-01 13:19:36.734 +03:00 [INF] HTTP GET /lib/bootstrap/dist/css/bootstrap.min.css responded 304 in 0.9860 ms
2026-07-01 13:19:36.734 +03:00 [INF] HTTP GET /Biktal.WebMVC.styles.css responded 304 in 0.6634 ms
2026-07-01 13:19:36.737 +03:00 [INF] HTTP GET /lib/jquery/dist/jquery.min.js responded 304 in 2.2351 ms
2026-07-01 13:19:36.739 +03:00 [INF] HTTP GET /css/site.css responded 304 in 1.4257 ms
2026-07-01 13:19:36.742 +03:00 [INF] HTTP GET /lib/bootstrap/dist/js/bootstrap.bundle.min.js responded 304 in 2.7747 ms
2026-07-01 13:19:36.750 +03:00 [INF] HTTP GET /js/site.js responded 304 in 2.2248 ms
2026-07-01 13:19:41.977 +03:00 [INF] HTTP GET /Repairs responded 200 in 14.7041 ms
2026-07-01 13:19:42.044 +03:00 [INF] HTTP GET /lib/bootstrap/dist/css/bootstrap.min.css responded 304 in 1.2220 ms
2026-07-01 13:19:42.045 +03:00 [INF] HTTP GET /lib/jquery/dist/jquery.min.js responded 304 in 0.6269 ms
2026-07-01 13:19:42.045 +03:00 [INF] HTTP GET /css/site.css responded 304 in 0.3933 ms
2026-07-01 13:19:42.045 +03:00 [INF] HTTP GET /Biktal.WebMVC.styles.css responded 304 in 2.0243 ms
2026-07-01 13:19:42.047 +03:00 [INF] HTTP GET /lib/bootstrap/dist/js/bootstrap.bundle.min.js responded 304 in 0.5315 ms
2026-07-01 13:19:42.047 +03:00 [INF] HTTP GET /js/site.js responded 304 in 0.4175 ms
2026-07-01 13:19:43.212 +03:00 [INF] HTTP GET /Finance responded 200 in 14.6353 ms
2026-07-01 13:19:43.282 +03:00 [INF] HTTP GET /lib/bootstrap/dist/css/bootstrap.min.css responded 200 in 10.0288 ms
2026-07-01 13:19:43.290 +03:00 [INF] HTTP GET /Biktal.WebMVC.styles.css responded 304 in 0.8394 ms
2026-07-01 13:19:43.290 +03:00 [INF] HTTP GET /css/site.css responded 304 in 0.8395 ms
2026-07-01 13:19:43.291 +03:00 [INF] HTTP GET /lib/jquery/dist/jquery.min.js responded 304 in 0.5134 ms
2026-07-01 13:19:43.292 +03:00 [INF] HTTP GET /lib/bootstrap/dist/js/bootstrap.bundle.min.js responded 304 in 0.7620 ms
2026-07-01 13:19:43.299 +03:00 [INF] HTTP GET /js/site.js responded 304 in 1.5103 ms
2026-07-01 13:19:43.732 +03:00 [INF] HTTP GET /Crm responded 200 in 81.0855 ms
2026-07-01 13:19:43.794 +03:00 [INF] HTTP GET /lib/bootstrap/dist/css/bootstrap.min.css responded 304 in 9.6889 ms
2026-07-01 13:19:43.803 +03:00 [INF] HTTP GET /css/site.css responded 304 in 3.4640 ms
2026-07-01 13:19:43.805 +03:00 [INF] HTTP GET /lib/bootstrap/dist/js/bootstrap.bundle.min.js responded 304 in 0.4423 ms
2026-07-01 13:19:43.805 +03:00 [INF] HTTP GET /lib/jquery/dist/jquery.min.js responded 304 in 0.5678 ms
2026-07-01 13:19:43.806 +03:00 [INF] HTTP GET /js/site.js responded 304 in 0.9067 ms
2026-07-01 13:19:43.807 +03:00 [INF] HTTP GET /Biktal.WebMVC.styles.css responded 304 in 0.4829 ms
2026-07-01 13:19:45.729 +03:00 [WRN] The query uses the 'First'/'FirstOrDefault' operator without 'OrderBy' and filter operators. This may lead to unpredictable results.
2026-07-01 13:19:45.746 +03:00 [WRN] The query uses the 'First'/'FirstOrDefault' operator without 'OrderBy' and filter operators. This may lead to unpredictable results.
2026-07-01 13:19:45.780 +03:00 [INF] HTTP GET /Operations responded 200 in 122.2932 ms
2026-07-01 13:19:45.857 +03:00 [INF] HTTP GET /lib/bootstrap/dist/css/bootstrap.min.css responded 304 in 1.4525 ms
2026-07-01 13:19:45.863 +03:00 [INF] HTTP GET /Biktal.WebMVC.styles.css responded 304 in 0.5176 ms
2026-07-01 13:19:45.863 +03:00 [INF] HTTP GET /css/site.css responded 304 in 0.6972 ms
2026-07-01 13:19:45.870 +03:00 [INF] HTTP GET /lib/jquery/dist/jquery.min.js responded 304 in 0.6401 ms
2026-07-01 13:19:45.870 +03:00 [INF] HTTP GET /lib/bootstrap/dist/js/bootstrap.bundle.min.js responded 304 in 0.4064 ms
2026-07-01 13:19:45.870 +03:00 [INF] HTTP GET /js/site.js responded 304 in 0.3689 ms
2026-07-01 13:19:47.226 +03:00 [INF] HTTP GET /Finance responded 200 in 14.6977 ms
2026-07-01 13:19:47.293 +03:00 [INF] HTTP GET /lib/bootstrap/dist/css/bootstrap.min.css responded 304 in 10.4049 ms
2026-07-01 13:19:47.300 +03:00 [INF] HTTP GET /css/site.css responded 304 in 1.8330 ms
2026-07-01 13:19:47.301 +03:00 [INF] HTTP GET /Biktal.WebMVC.styles.css responded 304 in 2.0653 ms
2026-07-01 13:19:47.307 +03:00 [INF] HTTP GET /lib/jquery/dist/jquery.min.js responded 304 in 0.9691 ms
2026-07-01 13:19:47.308 +03:00 [INF] HTTP GET /lib/bootstrap/dist/js/bootstrap.bundle.min.js responded 304 in 0.6550 ms
2026-07-01 13:19:47.313 +03:00 [INF] HTTP GET /js/site.js responded 304 in 2.3884 ms
2026-07-01 13:19:50.663 +03:00 [INF] HTTP GET /Crm responded 200 in 22.8332 ms
2026-07-01 13:19:50.743 +03:00 [INF] HTTP GET /lib/bootstrap/dist/css/bootstrap.min.css responded 304 in 0.4533 ms
2026-07-01 13:19:50.750 +03:00 [INF] HTTP GET /css/site.css responded 304 in 0.8613 ms
2026-07-01 13:19:50.750 +03:00 [INF] HTTP GET /lib/jquery/dist/jquery.min.js responded 304 in 0.7456 ms
2026-07-01 13:19:50.757 +03:00 [INF] HTTP GET /Biktal.WebMVC.styles.css responded 304 in 6.7791 ms
2026-07-01 13:19:50.759 +03:00 [INF] HTTP GET /lib/bootstrap/dist/js/bootstrap.bundle.min.js responded 304 in 1.6566 ms
2026-07-01 13:19:50.761 +03:00 [INF] HTTP GET /js/site.js responded 304 in 0.8278 ms
2026-07-01 13:19:53.411 +03:00 [INF] HTTP GET /Installments responded 200 in 164.1434 ms
2026-07-01 13:19:53.466 +03:00 [INF] HTTP GET /lib/bootstrap/dist/css/bootstrap.min.css responded 304 in 0.8888 ms
2026-07-01 13:19:53.483 +03:00 [INF] HTTP GET /css/site.css responded 304 in 1.2288 ms
2026-07-01 13:19:53.490 +03:00 [INF] HTTP GET /Biktal.WebMVC.styles.css responded 304 in 0.4889 ms
2026-07-01 13:19:53.492 +03:00 [INF] HTTP GET /lib/bootstrap/dist/js/bootstrap.bundle.min.js responded 304 in 1.5650 ms
2026-07-01 13:19:53.493 +03:00 [INF] HTTP GET /lib/jquery/dist/jquery.min.js responded 304 in 0.4276 ms
2026-07-01 13:19:53.494 +03:00 [INF] HTTP GET /js/site.js responded 304 in 0.4288 ms
2026-07-01 13:20:05.795 +03:00 [INF] HTTP GET /Installments/New responded 200 in 154.4561 ms
2026-07-01 13:20:05.872 +03:00 [INF] HTTP GET /lib/bootstrap/dist/css/bootstrap.min.css responded 200 in 13.0846 ms
2026-07-01 13:20:05.882 +03:00 [INF] HTTP GET /lib/jquery/dist/jquery.min.js responded 304 in 0.9304 ms
2026-07-01 13:20:05.887 +03:00 [INF] HTTP GET /css/site.css responded 304 in 7.3238 ms
2026-07-01 13:20:05.890 +03:00 [INF] HTTP GET /Biktal.WebMVC.styles.css responded 304 in 2.3592 ms
2026-07-01 13:20:05.895 +03:00 [INF] HTTP GET /lib/bootstrap/dist/js/bootstrap.bundle.min.js responded 304 in 1.7834 ms
2026-07-01 13:20:05.898 +03:00 [INF] HTTP GET /js/site.js responded 304 in 1.4267 ms
2026-07-01 13:20:05.914 +03:00 [INF] HTTP GET /lib/jquery-validation-unobtrusive/dist/jquery.validate.unobtrusive.min.js responded 200 in 15.5269 ms
2026-07-01 13:20:05.927 +03:00 [INF] HTTP GET /lib/jquery-validation/dist/jquery.validate.min.js responded 200 in 28.1612 ms
2026-07-01 13:20:10.290 +03:00 [INF] HTTP GET /Installments responded 200 in 13.7974 ms
2026-07-01 13:20:10.367 +03:00 [INF] HTTP GET /lib/bootstrap/dist/css/bootstrap.min.css responded 304 in 0.8466 ms
2026-07-01 13:20:10.373 +03:00 [INF] HTTP GET /css/site.css responded 304 in 0.3911 ms
2026-07-01 13:20:10.374 +03:00 [INF] HTTP GET /Biktal.WebMVC.styles.css responded 304 in 0.3567 ms
2026-07-01 13:20:10.376 +03:00 [INF] HTTP GET /lib/jquery/dist/jquery.min.js responded 304 in 1.1097 ms
2026-07-01 13:20:10.380 +03:00 [INF] HTTP GET /js/site.js responded 304 in 0.3739 ms
2026-07-01 13:20:10.380 +03:00 [INF] HTTP GET /lib/bootstrap/dist/js/bootstrap.bundle.min.js responded 304 in 0.4194 ms
2026-07-01 13:20:15.810 +03:00 [INF] HTTP GET /Installments/New responded 200 in 20.1842 ms
2026-07-01 13:20:15.879 +03:00 [INF] HTTP GET /lib/bootstrap/dist/css/bootstrap.min.css responded 304 in 0.7768 ms
2026-07-01 13:20:15.895 +03:00 [INF] HTTP GET /css/site.css responded 304 in 3.1310 ms
2026-07-01 13:20:15.900 +03:00 [INF] HTTP GET /Biktal.WebMVC.styles.css responded 304 in 0.7033 ms
2026-07-01 13:20:15.899 +03:00 [INF] HTTP GET /lib/jquery/dist/jquery.min.js responded 304 in 0.6189 ms
2026-07-01 13:20:15.902 +03:00 [INF] HTTP GET /lib/bootstrap/dist/js/bootstrap.bundle.min.js responded 304 in 1.1667 ms
2026-07-01 13:20:15.904 +03:00 [INF] HTTP GET /js/site.js responded 304 in 0.8980 ms
2026-07-01 13:20:15.910 +03:00 [INF] HTTP GET /lib/jquery-validation/dist/jquery.validate.min.js responded 304 in 2.3389 ms
2026-07-01 13:20:15.911 +03:00 [INF] HTTP GET /lib/jquery-validation-unobtrusive/dist/jquery.validate.unobtrusive.min.js responded 304 in 0.3659 ms
2026-07-01 13:22:41.535 +03:00 [INF] HTTP GET /Installments responded 200 in 13.9806 ms
2026-07-01 13:22:41.610 +03:00 [INF] HTTP GET /css/site.css responded 200 in 3.0452 ms
2026-07-01 13:22:41.614 +03:00 [INF] HTTP GET /lib/bootstrap/dist/css/bootstrap.min.css responded 200 in 3.5482 ms
2026-07-01 13:22:41.622 +03:00 [INF] HTTP GET /Biktal.WebMVC.styles.css responded 200 in 1.4003 ms
2026-07-01 13:22:41.625 +03:00 [INF] HTTP GET /lib/jquery/dist/jquery.min.js responded 200 in 0.8356 ms
2026-07-01 13:22:41.626 +03:00 [INF] HTTP GET /lib/bootstrap/dist/js/bootstrap.bundle.min.js responded 200 in 0.9361 ms
2026-07-01 13:22:41.658 +03:00 [INF] HTTP GET /js/site.js responded 200 in 1.1657 ms
2026-07-01 13:23:07.628 +03:00 [INF] HTTP GET /Crm/Customers responded 200 in 39.3585 ms
2026-07-01 13:23:07.710 +03:00 [INF] HTTP GET /css/site.css responded 200 in 3.2347 ms
2026-07-01 13:23:07.711 +03:00 [INF] HTTP GET /lib/bootstrap/dist/js/bootstrap.bundle.min.js responded 304 in 0.7080 ms
2026-07-01 13:23:07.713 +03:00 [INF] HTTP GET /lib/bootstrap/dist/css/bootstrap.min.css responded 200 in 1.9246 ms
2026-07-01 13:23:07.714 +03:00 [INF] HTTP GET /lib/jquery/dist/jquery.min.js responded 304 in 2.2402 ms
2026-07-01 13:23:07.715 +03:00 [INF] HTTP GET /Biktal.WebMVC.styles.css responded 200 in 1.4750 ms
2026-07-01 13:23:07.717 +03:00 [INF] HTTP GET /js/site.js responded 304 in 2.2454 ms
2026-07-01 13:23:19.164 +03:00 [INF] HTTP GET /Crm responded 200 in 13.2941 ms
2026-07-01 13:23:19.235 +03:00 [INF] HTTP GET /lib/bootstrap/dist/css/bootstrap.min.css responded 200 in 1.7694 ms
2026-07-01 13:23:19.237 +03:00 [INF] HTTP GET /css/site.css responded 200 in 1.0942 ms
2026-07-01 13:23:19.249 +03:00 [INF] HTTP GET /Biktal.WebMVC.styles.css responded 200 in 1.3870 ms
2026-07-01 13:23:19.252 +03:00 [INF] HTTP GET /lib/bootstrap/dist/js/bootstrap.bundle.min.js responded 304 in 1.5077 ms
2026-07-01 13:23:19.259 +03:00 [INF] HTTP GET /lib/jquery/dist/jquery.min.js responded 304 in 0.6272 ms
2026-07-01 13:23:19.263 +03:00 [INF] HTTP GET /js/site.js responded 304 in 1.7936 ms
2026-07-01 13:23:21.126 +03:00 [INF] HTTP GET /Installments responded 200 in 9.1144 ms
2026-07-01 13:23:21.203 +03:00 [INF] HTTP GET /lib/bootstrap/dist/css/bootstrap.min.css responded 200 in 1.4715 ms
2026-07-01 13:23:21.210 +03:00 [INF] HTTP GET /css/site.css responded 200 in 6.8278 ms
2026-07-01 13:23:21.212 +03:00 [INF] HTTP GET /Biktal.WebMVC.styles.css responded 200 in 1.2538 ms
2026-07-01 13:23:21.222 +03:00 [INF] HTTP GET /lib/jquery/dist/jquery.min.js responded 304 in 0.5979 ms
2026-07-01 13:23:21.227 +03:00 [INF] HTTP GET /lib/bootstrap/dist/js/bootstrap.bundle.min.js responded 304 in 0.4619 ms
2026-07-01 13:23:21.227 +03:00 [INF] HTTP GET /js/site.js responded 304 in 0.3771 ms
2026-07-01 13:26:06.268 +03:00 [INF] HTTP GET /Installments/New responded 200 in 87.5794 ms
2026-07-01 13:26:06.363 +03:00 [INF] HTTP GET /css/site.css responded 200 in 1.2388 ms
2026-07-01 13:26:06.365 +03:00 [INF] HTTP GET /lib/bootstrap/dist/css/bootstrap.min.css responded 200 in 1.7587 ms
2026-07-01 13:26:06.389 +03:00 [INF] HTTP GET /Biktal.WebMVC.styles.css responded 200 in 1.0209 ms
2026-07-01 13:26:06.395 +03:00 [INF] HTTP GET /lib/jquery/dist/jquery.min.js responded 200 in 1.5456 ms
2026-07-01 13:26:06.395 +03:00 [INF] HTTP GET /js/site.js responded 200 in 1.1782 ms
2026-07-01 13:26:06.420 +03:00 [INF] HTTP GET /lib/jquery-validation/dist/jquery.validate.min.js responded 200 in 1.6236 ms
2026-07-01 13:26:06.421 +03:00 [INF] HTTP GET /lib/bootstrap/dist/js/bootstrap.bundle.min.js responded 200 in 1.3691 ms
2026-07-01 13:26:06.437 +03:00 [INF] HTTP GET /lib/jquery-validation-unobtrusive/dist/jquery.validate.unobtrusive.min.js responded 200 in 2.2014 ms
2026-07-01 13:26:11.760 +03:00 [INF] HTTP GET /Installments/New responded 200 in 7.6044 ms
2026-07-01 13:26:11.833 +03:00 [INF] HTTP GET /css/site.css responded 200 in 4.6579 ms
2026-07-01 13:26:11.834 +03:00 [INF] HTTP GET /lib/bootstrap/dist/css/bootstrap.min.css responded 200 in 1.4470 ms
2026-07-01 13:26:11.842 +03:00 [INF] HTTP GET /Biktal.WebMVC.styles.css responded 200 in 7.7735 ms
2026-07-01 13:26:11.847 +03:00 [INF] HTTP GET /lib/jquery/dist/jquery.min.js responded 304 in 2.0970 ms
2026-07-01 13:26:11.853 +03:00 [INF] HTTP GET /lib/bootstrap/dist/js/bootstrap.bundle.min.js responded 304 in 2.1888 ms
2026-07-01 13:26:11.855 +03:00 [INF] HTTP GET /js/site.js responded 304 in 1.2149 ms
2026-07-01 13:26:11.858 +03:00 [INF] HTTP GET /lib/jquery-validation/dist/jquery.validate.min.js responded 304 in 1.4796 ms
2026-07-01 13:26:11.859 +03:00 [INF] HTTP GET /lib/jquery-validation-unobtrusive/dist/jquery.validate.unobtrusive.min.js responded 304 in 0.5338 ms
2026-07-01 13:26:12.659 +03:00 [INF] HTTP GET /Crm/Customers responded 200 in 17.7165 ms
2026-07-01 13:26:12.738 +03:00 [INF] HTTP GET /Biktal.WebMVC.styles.css responded 200 in 3.9802 ms
2026-07-01 13:26:12.738 +03:00 [INF] HTTP GET /lib/jquery/dist/jquery.min.js responded 304 in 3.1783 ms
2026-07-01 13:26:12.739 +03:00 [INF] HTTP GET /css/site.css responded 200 in 2.9605 ms
2026-07-01 13:26:12.739 +03:00 [INF] HTTP GET /lib/bootstrap/dist/css/bootstrap.min.css responded 200 in 5.5475 ms
2026-07-01 13:26:12.741 +03:00 [INF] HTTP GET /lib/bootstrap/dist/js/bootstrap.bundle.min.js responded 304 in 1.9509 ms
2026-07-01 13:26:12.743 +03:00 [INF] HTTP GET /js/site.js responded 304 in 0.9187 ms
2026-07-01 13:26:14.410 +03:00 [INF] HTTP GET /Crm/NewCustomer responded 200 in 55.3317 ms
2026-07-01 13:26:14.472 +03:00 [INF] HTTP GET /lib/bootstrap/dist/css/bootstrap.min.css responded 304 in 0.5552 ms
2026-07-01 13:26:14.488 +03:00 [INF] HTTP GET /Biktal.WebMVC.styles.css responded 304 in 0.5470 ms
2026-07-01 13:26:14.488 +03:00 [INF] HTTP GET /css/site.css responded 304 in 0.5115 ms
2026-07-01 13:26:14.489 +03:00 [INF] HTTP GET /lib/jquery/dist/jquery.min.js responded 304 in 0.4595 ms
2026-07-01 13:26:14.496 +03:00 [INF] HTTP GET /lib/bootstrap/dist/js/bootstrap.bundle.min.js responded 304 in 0.8871 ms
2026-07-01 13:26:14.499 +03:00 [INF] HTTP GET /js/site.js responded 304 in 1.4370 ms
2026-07-01 13:26:14.501 +03:00 [INF] HTTP GET /lib/jquery-validation/dist/jquery.validate.min.js responded 304 in 0.5172 ms
2026-07-01 13:26:14.503 +03:00 [INF] HTTP GET /lib/jquery-validation-unobtrusive/dist/jquery.validate.unobtrusive.min.js responded 304 in 1.5440 ms
2026-07-01 13:26:50.726 +03:00 [INF] HTTP POST /Crm/CreateCustomer responded 302 in 120.1748 ms
2026-07-01 13:26:50.739 +03:00 [INF] HTTP GET /Crm/Customers responded 200 in 5.4638 ms
2026-07-01 13:26:50.955 +03:00 [INF] HTTP GET /lib/bootstrap/dist/css/bootstrap.min.css responded 200 in 7.8908 ms
2026-07-01 13:26:50.962 +03:00 [INF] HTTP GET /css/site.css responded 304 in 0.5310 ms
2026-07-01 13:26:50.967 +03:00 [INF] HTTP GET /Biktal.WebMVC.styles.css responded 304 in 0.9791 ms
2026-07-01 13:26:50.972 +03:00 [INF] HTTP GET /lib/jquery/dist/jquery.min.js responded 304 in 1.2525 ms
2026-07-01 13:26:50.976 +03:00 [INF] HTTP GET /lib/bootstrap/dist/js/bootstrap.bundle.min.js responded 304 in 0.5618 ms
2026-07-01 13:26:50.978 +03:00 [INF] HTTP GET /js/site.js responded 304 in 1.8254 ms
2026-07-01 13:26:52.217 +03:00 [INF] HTTP GET /Crm/NewCustomer responded 200 in 3.8100 ms
2026-07-01 13:26:52.293 +03:00 [INF] HTTP GET /lib/bootstrap/dist/css/bootstrap.min.css responded 304 in 0.6398 ms
2026-07-01 13:26:52.300 +03:00 [INF] HTTP GET /css/site.css responded 304 in 0.6752 ms
2026-07-01 13:26:52.304 +03:00 [INF] HTTP GET /Biktal.WebMVC.styles.css responded 304 in 0.5568 ms
2026-07-01 13:26:52.307 +03:00 [INF] HTTP GET /lib/jquery/dist/jquery.min.js responded 304 in 0.3965 ms
2026-07-01 13:26:52.309 +03:00 [INF] HTTP GET /lib/bootstrap/dist/js/bootstrap.bundle.min.js responded 304 in 0.8942 ms
2026-07-01 13:26:52.314 +03:00 [INF] HTTP GET /lib/jquery-validation/dist/jquery.validate.min.js responded 304 in 0.4133 ms
2026-07-01 13:26:52.314 +03:00 [INF] HTTP GET /js/site.js responded 304 in 0.3288 ms
2026-07-01 13:26:52.314 +03:00 [INF] HTTP GET /lib/jquery-validation-unobtrusive/dist/jquery.validate.unobtrusive.min.js responded 304 in 0.3935 ms
2026-07-01 13:26:54.332 +03:00 [INF] HTTP GET /Installments responded 200 in 15.8746 ms
2026-07-01 13:26:54.397 +03:00 [INF] HTTP GET /lib/bootstrap/dist/css/bootstrap.min.css responded 304 in 0.8870 ms
2026-07-01 13:26:54.399 +03:00 [INF] HTTP GET /css/site.css responded 304 in 0.9390 ms
2026-07-01 13:26:54.400 +03:00 [INF] HTTP GET /lib/jquery/dist/jquery.min.js responded 304 in 1.9738 ms
2026-07-01 13:26:54.400 +03:00 [INF] HTTP GET /js/site.js responded 304 in 0.6994 ms
2026-07-01 13:26:54.403 +03:00 [INF] HTTP GET /lib/bootstrap/dist/js/bootstrap.bundle.min.js responded 304 in 5.4032 ms
2026-07-01 13:26:54.412 +03:00 [INF] HTTP GET /Biktal.WebMVC.styles.css responded 304 in 0.7553 ms
2026-07-01 13:26:55.602 +03:00 [INF] HTTP GET /Installments/New responded 200 in 10.9313 ms
2026-07-01 13:26:55.683 +03:00 [INF] HTTP GET /css/site.css responded 304 in 1.0621 ms
2026-07-01 13:26:55.685 +03:00 [INF] HTTP GET /lib/bootstrap/dist/css/bootstrap.min.css responded 304 in 0.6392 ms
2026-07-01 13:26:55.686 +03:00 [INF] HTTP GET /lib/jquery/dist/jquery.min.js responded 304 in 0.5048 ms
2026-07-01 13:26:55.686 +03:00 [INF] HTTP GET /lib/bootstrap/dist/js/bootstrap.bundle.min.js responded 304 in 0.6046 ms
2026-07-01 13:26:55.688 +03:00 [INF] HTTP GET /Biktal.WebMVC.styles.css responded 304 in 1.5123 ms
2026-07-01 13:26:55.699 +03:00 [INF] HTTP GET /js/site.js responded 304 in 0.5657 ms
2026-07-01 13:26:55.703 +03:00 [INF] HTTP GET /lib/jquery-validation-unobtrusive/dist/jquery.validate.unobtrusive.min.js responded 304 in 0.4421 ms
2026-07-01 13:26:55.704 +03:00 [INF] HTTP GET /lib/jquery-validation/dist/jquery.validate.min.js responded 304 in 0.7263 ms
2026-07-01 13:30:51.119 +03:00 [INF] HTTP POST /Installments/Create responded 302 in 389.8690 ms
2026-07-01 13:30:51.167 +03:00 [WRN] Compiling a query which loads related collections for more than one collection navigation, either via 'Include' or through projection, but no 'QuerySplittingBehavior' has been configured. By default, Entity Framework will use 'QuerySplittingBehavior.SingleQuery', which can potentially result in slow query performance. See https://go.microsoft.com/fwlink/?linkid=2134277 for more information. To identify the query that's triggering this warning call 'ConfigureWarnings(w => w.Throw(RelationalEventId.MultipleCollectionIncludeWarning))'.
2026-07-01 13:30:51.263 +03:00 [INF] HTTP GET /Installments/Detail/5791ecca-62f8-435c-824c-4d6d9df06577 responded 200 in 135.3029 ms
2026-07-01 13:30:51.337 +03:00 [INF] HTTP GET /lib/bootstrap/dist/css/bootstrap.min.css responded 200 in 1.4116 ms
2026-07-01 13:30:51.339 +03:00 [INF] HTTP GET /css/site.css responded 200 in 1.2618 ms
2026-07-01 13:30:51.341 +03:00 [INF] HTTP GET /Biktal.WebMVC.styles.css responded 200 in 1.6874 ms
2026-07-01 13:30:51.348 +03:00 [INF] HTTP GET /lib/bootstrap/dist/js/bootstrap.bundle.min.js responded 200 in 3.3336 ms
2026-07-01 13:30:51.349 +03:00 [INF] HTTP GET /lib/jquery/dist/jquery.min.js responded 200 in 1.1448 ms
2026-07-01 13:30:51.365 +03:00 [INF] HTTP GET /lib/jquery-validation/dist/jquery.validate.min.js responded 200 in 3.3554 ms
2026-07-01 13:30:51.368 +03:00 [INF] HTTP GET /js/site.js responded 200 in 1.3081 ms
2026-07-01 13:30:51.369 +03:00 [INF] HTTP GET /lib/jquery-validation-unobtrusive/dist/jquery.validate.unobtrusive.min.js responded 200 in 3.8892 ms
2026-07-01 13:31:00.468 +03:00 [INF] HTTP GET /Installments responded 200 in 7.7196 ms
2026-07-01 13:31:00.549 +03:00 [INF] HTTP GET /css/site.css responded 304 in 0.9509 ms
2026-07-01 13:31:00.552 +03:00 [INF] HTTP GET /lib/bootstrap/dist/css/bootstrap.min.css responded 304 in 2.8990 ms
2026-07-01 13:31:00.554 +03:00 [INF] HTTP GET /lib/jquery/dist/jquery.min.js responded 304 in 1.0698 ms
2026-07-01 13:31:00.555 +03:00 [INF] HTTP GET /Biktal.WebMVC.styles.css responded 304 in 0.7704 ms
2026-07-01 13:31:00.562 +03:00 [INF] HTTP GET /js/site.js responded 304 in 0.7981 ms
2026-07-01 13:31:00.562 +03:00 [INF] HTTP GET /lib/bootstrap/dist/js/bootstrap.bundle.min.js responded 304 in 0.6362 ms
2026-07-01 13:31:17.553 +03:00 [INF] HTTP GET /Inventory responded 200 in 115.7820 ms
2026-07-01 13:31:17.609 +03:00 [INF] HTTP GET /lib/bootstrap/dist/css/bootstrap.min.css responded 200 in 2.5030 ms
2026-07-01 13:31:17.627 +03:00 [INF] HTTP GET /css/site.css responded 304 in 0.5374 ms
2026-07-01 13:31:17.628 +03:00 [INF] HTTP GET /Biktal.WebMVC.styles.css responded 304 in 0.4797 ms
2026-07-01 13:31:17.637 +03:00 [INF] HTTP GET /lib/jquery/dist/jquery.min.js responded 304 in 2.9159 ms
2026-07-01 13:31:17.645 +03:00 [INF] HTTP GET /lib/bootstrap/dist/js/bootstrap.bundle.min.js responded 304 in 0.6096 ms
2026-07-01 13:31:17.646 +03:00 [INF] HTTP GET /js/site.js responded 304 in 0.4604 ms
2026-07-01 13:31:19.190 +03:00 [INF] HTTP GET /Inventory/Products responded 200 in 288.3148 ms
2026-07-01 13:31:19.236 +03:00 [INF] HTTP GET /Biktal.WebMVC.styles.css responded 304 in 0.4219 ms
2026-07-01 13:31:19.239 +03:00 [INF] HTTP GET /css/site.css responded 304 in 3.5991 ms
2026-07-01 13:31:19.241 +03:00 [INF] HTTP GET /lib/bootstrap/dist/css/bootstrap.min.css responded 200 in 6.4738 ms
2026-07-01 13:31:19.980 +03:00 [INF] HTTP GET /lib/jquery/dist/jquery.min.js responded 304 in 0.3178 ms
2026-07-01 13:31:20.003 +03:00 [INF] HTTP GET /lib/bootstrap/dist/js/bootstrap.bundle.min.js responded 304 in 1.7130 ms
2026-07-01 13:31:20.004 +03:00 [INF] HTTP GET /js/site.js responded 304 in 0.6604 ms
2026-07-01 13:31:20.004 +03:00 [INF] HTTP GET /lib/jquery-validation/dist/jquery.validate.min.js responded 304 in 0.3576 ms
2026-07-01 13:31:20.004 +03:00 [INF] HTTP GET /lib/jquery-validation-unobtrusive/dist/jquery.validate.unobtrusive.min.js responded 304 in 0.3446 ms
2026-07-01 13:31:20.006 +03:00 [INF] HTTP GET /js/products-catalog-filter.js responded 200 in 1.4027 ms
2026-07-01 13:52:03.990 +03:00 [INF] Application is shutting down...
2026-07-01 15:25:27.138 +03:00 [ERR] Failed executing DbCommand (8ms) [Parameters=[@p0='?' (DbType = Guid), @p1='?' (DbType = DateTime), @p2='?' (DbType = Guid), @p3='?', @p4='?' (DbType = DateTime), @p5='?' (DbType = Int32), @p6='?' (DbType = Int32), @p7='?', @p8='?', @p9='?' (DbType = Guid), @p10='?' (DbType = DateTime), @p11='?' (DbType = Guid), @p12='?', @p13='?' (DbType = DateTime), @p14='?' (DbType = Int32), @p15='?' (DbType = Int32), @p16='?', @p17='?'], CommandType='"Text"', CommandTimeout='30']
INSERT INTO "CrmSupportTickets" ("Id", "CreatedAtUtc", "CustomerId", "Description", "ModifiedAtUtc", "Priority", "Status", "Subject", "TicketNumber")
VALUES (@p0, @p1, @p2, @p3, @p4, @p5, @p6, @p7, @p8);
INSERT INTO "CrmSupportTickets" ("Id", "CreatedAtUtc", "CustomerId", "Description", "ModifiedAtUtc", "Priority", "Status", "Subject", "TicketNumber")
VALUES (@p9, @p10, @p11, @p12, @p13, @p14, @p15, @p16, @p17);
2026-07-01 15:25:27.215 +03:00 [ERR] An exception occurred in the database while saving changes for context type 'Biktal.Infrastructure.Persistence.ApplicationDbContext'.
Microsoft.EntityFrameworkCore.DbUpdateException: An error occurred while saving the entity changes. See the inner exception for details.
 ---> Npgsql.PostgresException (0x80004005): 23503: insert or update on table "CrmSupportTickets" violates foreign key constraint "FK_CrmSupportTickets_CrmCustomers_CustomerId"

DETAIL: Detail redacted as it may contain sensitive data. Specify 'Include Error Detail' in the connection string to include this information.
   at Npgsql.Internal.NpgsqlConnector.ReadMessageLong(Boolean async, DataRowLoadingMode dataRowLoadingMode, Boolean readingNotifications, Boolean isReadingPrependedMessage)
   at System.Runtime.CompilerServices.PoolingAsyncValueTaskMethodBuilder`1.StateMachineBox`1.System.Threading.Tasks.Sources.IValueTaskSource<TResult>.GetResult(Int16 token)
   at Npgsql.NpgsqlDataReader.NextResult(Boolean async, Boolean isConsuming, CancellationToken cancellationToken)
   at Npgsql.NpgsqlDataReader.NextResult(Boolean async, Boolean isConsuming, CancellationToken cancellationToken)
   at Npgsql.NpgsqlCommand.ExecuteReader(Boolean async, CommandBehavior behavior, CancellationToken cancellationToken)
   at Npgsql.NpgsqlCommand.ExecuteReader(Boolean async, CommandBehavior behavior, CancellationToken cancellationToken)
   at Npgsql.NpgsqlCommand.ExecuteDbDataReaderAsync(CommandBehavior behavior, CancellationToken cancellationToken)
   at Microsoft.EntityFrameworkCore.Storage.RelationalCommand.ExecuteReaderAsync(RelationalCommandParameterObject parameterObject, CancellationToken cancellationToken)
   at Microsoft.EntityFrameworkCore.Storage.RelationalCommand.ExecuteReaderAsync(RelationalCommandParameterObject parameterObject, CancellationToken cancellationToken)
   at Microsoft.EntityFrameworkCore.Update.ReaderModificationCommandBatch.ExecuteAsync(IRelationalConnection connection, CancellationToken cancellationToken)
  Exception data:
    Severity: ERROR
    SqlState: 23503
    MessageText: insert or update on table "CrmSupportTickets" violates foreign key constraint "FK_CrmSupportTickets_CrmCustomers_CustomerId"
    Detail: Detail redacted as it may contain sensitive data. Specify 'Include Error Detail' in the connection string to include this information.
    SchemaName: public
    TableName: CrmSupportTickets
    ConstraintName: FK_CrmSupportTickets_CrmCustomers_CustomerId
    File: ri_triggers.c
    Line: 2783
    Routine: ri_ReportViolation
   --- End of inner exception stack trace ---
   at Microsoft.EntityFrameworkCore.Update.ReaderModificationCommandBatch.ExecuteAsync(IRelationalConnection connection, CancellationToken cancellationToken)
   at Microsoft.EntityFrameworkCore.Update.Internal.BatchExecutor.ExecuteAsync(IEnumerable`1 commandBatches, IRelationalConnection connection, CancellationToken cancellationToken)
   at Microsoft.EntityFrameworkCore.Update.Internal.BatchExecutor.ExecuteAsync(IEnumerable`1 commandBatches, IRelationalConnection connection, CancellationToken cancellationToken)
   at Microsoft.EntityFrameworkCore.Update.Internal.BatchExecutor.ExecuteAsync(IEnumerable`1 commandBatches, IRelationalConnection connection, CancellationToken cancellationToken)
   at Microsoft.EntityFrameworkCore.Storage.RelationalDatabase.SaveChangesAsync(IList`1 entries, CancellationToken cancellationToken)
   at Microsoft.EntityFrameworkCore.ChangeTracking.Internal.StateManager.SaveChangesAsync(IList`1 entriesToSave, CancellationToken cancellationToken)
   at Microsoft.EntityFrameworkCore.ChangeTracking.Internal.StateManager.SaveChangesAsync(StateManager stateManager, Boolean acceptAllChangesOnSuccess, CancellationToken cancellationToken)
   at Npgsql.EntityFrameworkCore.PostgreSQL.Storage.Internal.NpgsqlExecutionStrategy.ExecuteAsync[TState,TResult](TState state, Func`4 operation, Func`4 verifySucceeded, CancellationToken cancellationToken)
   at Microsoft.EntityFrameworkCore.DbContext.SaveChangesAsync(Boolean acceptAllChangesOnSuccess, CancellationToken cancellationToken)
Microsoft.EntityFrameworkCore.DbUpdateException: An error occurred while saving the entity changes. See the inner exception for details.
 ---> Npgsql.PostgresException (0x80004005): 23503: insert or update on table "CrmSupportTickets" violates foreign key constraint "FK_CrmSupportTickets_CrmCustomers_CustomerId"

DETAIL: Detail redacted as it may contain sensitive data. Specify 'Include Error Detail' in the connection string to include this information.
   at Npgsql.Internal.NpgsqlConnector.ReadMessageLong(Boolean async, DataRowLoadingMode dataRowLoadingMode, Boolean readingNotifications, Boolean isReadingPrependedMessage)
   at System.Runtime.CompilerServices.PoolingAsyncValueTaskMethodBuilder`1.StateMachineBox`1.System.Threading.Tasks.Sources.IValueTaskSource<TResult>.GetResult(Int16 token)
   at Npgsql.NpgsqlDataReader.NextResult(Boolean async, Boolean isConsuming, CancellationToken cancellationToken)
   at Npgsql.NpgsqlDataReader.NextResult(Boolean async, Boolean isConsuming, CancellationToken cancellationToken)
   at Npgsql.NpgsqlCommand.ExecuteReader(Boolean async, CommandBehavior behavior, CancellationToken cancellationToken)
   at Npgsql.NpgsqlCommand.ExecuteReader(Boolean async, CommandBehavior behavior, CancellationToken cancellationToken)
   at Npgsql.NpgsqlCommand.ExecuteDbDataReaderAsync(CommandBehavior behavior, CancellationToken cancellationToken)
   at Microsoft.EntityFrameworkCore.Storage.RelationalCommand.ExecuteReaderAsync(RelationalCommandParameterObject parameterObject, CancellationToken cancellationToken)
   at Microsoft.EntityFrameworkCore.Storage.RelationalCommand.ExecuteReaderAsync(RelationalCommandParameterObject parameterObject, CancellationToken cancellationToken)
   at Microsoft.EntityFrameworkCore.Update.ReaderModificationCommandBatch.ExecuteAsync(IRelationalConnection connection, CancellationToken cancellationToken)
  Exception data:
    Severity: ERROR
    SqlState: 23503
    MessageText: insert or update on table "CrmSupportTickets" violates foreign key constraint "FK_CrmSupportTickets_CrmCustomers_CustomerId"
    Detail: Detail redacted as it may contain sensitive data. Specify 'Include Error Detail' in the connection string to include this information.
    SchemaName: public
    TableName: CrmSupportTickets
    ConstraintName: FK_CrmSupportTickets_CrmCustomers_CustomerId
    File: ri_triggers.c
    Line: 2783
    Routine: ri_ReportViolation
   --- End of inner exception stack trace ---
   at Microsoft.EntityFrameworkCore.Update.ReaderModificationCommandBatch.ExecuteAsync(IRelationalConnection connection, CancellationToken cancellationToken)
   at Microsoft.EntityFrameworkCore.Update.Internal.BatchExecutor.ExecuteAsync(IEnumerable`1 commandBatches, IRelationalConnection connection, CancellationToken cancellationToken)
   at Microsoft.EntityFrameworkCore.Update.Internal.BatchExecutor.ExecuteAsync(IEnumerable`1 commandBatches, IRelationalConnection connection, CancellationToken cancellationToken)
   at Microsoft.EntityFrameworkCore.Update.Internal.BatchExecutor.ExecuteAsync(IEnumerable`1 commandBatches, IRelationalConnection connection, CancellationToken cancellationToken)
   at Microsoft.EntityFrameworkCore.Storage.RelationalDatabase.SaveChangesAsync(IList`1 entries, CancellationToken cancellationToken)
   at Microsoft.EntityFrameworkCore.ChangeTracking.Internal.StateManager.SaveChangesAsync(IList`1 entriesToSave, CancellationToken cancellationToken)
   at Microsoft.EntityFrameworkCore.ChangeTracking.Internal.StateManager.SaveChangesAsync(StateManager stateManager, Boolean acceptAllChangesOnSuccess, CancellationToken cancellationToken)
   at Npgsql.EntityFrameworkCore.PostgreSQL.Storage.Internal.NpgsqlExecutionStrategy.ExecuteAsync[TState,TResult](TState state, Func`4 operation, Func`4 verifySucceeded, CancellationToken cancellationToken)
   at Microsoft.EntityFrameworkCore.DbContext.SaveChangesAsync(Boolean acceptAllChangesOnSuccess, CancellationToken cancellationToken)
2026-07-01 15:25:27.220 +03:00 [ERR] Database migration or seed failed. Check PostgreSQL is running and ConnectionStrings:DefaultConnection is correct.
Microsoft.EntityFrameworkCore.DbUpdateException: An error occurred while saving the entity changes. See the inner exception for details.
 ---> Npgsql.PostgresException (0x80004005): 23503: insert or update on table "CrmSupportTickets" violates foreign key constraint "FK_CrmSupportTickets_CrmCustomers_CustomerId"

DETAIL: Detail redacted as it may contain sensitive data. Specify 'Include Error Detail' in the connection string to include this information.
   at Npgsql.Internal.NpgsqlConnector.ReadMessageLong(Boolean async, DataRowLoadingMode dataRowLoadingMode, Boolean readingNotifications, Boolean isReadingPrependedMessage)
   at System.Runtime.CompilerServices.PoolingAsyncValueTaskMethodBuilder`1.StateMachineBox`1.System.Threading.Tasks.Sources.IValueTaskSource<TResult>.GetResult(Int16 token)
   at Npgsql.NpgsqlDataReader.NextResult(Boolean async, Boolean isConsuming, CancellationToken cancellationToken)
   at Npgsql.NpgsqlDataReader.NextResult(Boolean async, Boolean isConsuming, CancellationToken cancellationToken)
   at Npgsql.NpgsqlCommand.ExecuteReader(Boolean async, CommandBehavior behavior, CancellationToken cancellationToken)
   at Npgsql.NpgsqlCommand.ExecuteReader(Boolean async, CommandBehavior behavior, CancellationToken cancellationToken)
   at Npgsql.NpgsqlCommand.ExecuteDbDataReaderAsync(CommandBehavior behavior, CancellationToken cancellationToken)
   at Microsoft.EntityFrameworkCore.Storage.RelationalCommand.ExecuteReaderAsync(RelationalCommandParameterObject parameterObject, CancellationToken cancellationToken)
   at Microsoft.EntityFrameworkCore.Storage.RelationalCommand.ExecuteReaderAsync(RelationalCommandParameterObject parameterObject, CancellationToken cancellationToken)
   at Microsoft.EntityFrameworkCore.Update.ReaderModificationCommandBatch.ExecuteAsync(IRelationalConnection connection, CancellationToken cancellationToken)
  Exception data:
    Severity: ERROR
    SqlState: 23503
    MessageText: insert or update on table "CrmSupportTickets" violates foreign key constraint "FK_CrmSupportTickets_CrmCustomers_CustomerId"
    Detail: Detail redacted as it may contain sensitive data. Specify 'Include Error Detail' in the connection string to include this information.
    SchemaName: public
    TableName: CrmSupportTickets
    ConstraintName: FK_CrmSupportTickets_CrmCustomers_CustomerId
    File: ri_triggers.c
    Line: 2783
    Routine: ri_ReportViolation
   --- End of inner exception stack trace ---
   at Microsoft.EntityFrameworkCore.Update.ReaderModificationCommandBatch.ExecuteAsync(IRelationalConnection connection, CancellationToken cancellationToken)
   at Microsoft.EntityFrameworkCore.Update.Internal.BatchExecutor.ExecuteAsync(IEnumerable`1 commandBatches, IRelationalConnection connection, CancellationToken cancellationToken)
   at Microsoft.EntityFrameworkCore.Update.Internal.BatchExecutor.ExecuteAsync(IEnumerable`1 commandBatches, IRelationalConnection connection, CancellationToken cancellationToken)
   at Microsoft.EntityFrameworkCore.Update.Internal.BatchExecutor.ExecuteAsync(IEnumerable`1 commandBatches, IRelationalConnection connection, CancellationToken cancellationToken)
   at Microsoft.EntityFrameworkCore.Storage.RelationalDatabase.SaveChangesAsync(IList`1 entries, CancellationToken cancellationToken)
   at Microsoft.EntityFrameworkCore.ChangeTracking.Internal.StateManager.SaveChangesAsync(IList`1 entriesToSave, CancellationToken cancellationToken)
   at Microsoft.EntityFrameworkCore.ChangeTracking.Internal.StateManager.SaveChangesAsync(StateManager stateManager, Boolean acceptAllChangesOnSuccess, CancellationToken cancellationToken)
   at Npgsql.EntityFrameworkCore.PostgreSQL.Storage.Internal.NpgsqlExecutionStrategy.ExecuteAsync[TState,TResult](TState state, Func`4 operation, Func`4 verifySucceeded, CancellationToken cancellationToken)
   at Microsoft.EntityFrameworkCore.DbContext.SaveChangesAsync(Boolean acceptAllChangesOnSuccess, CancellationToken cancellationToken)
   at Microsoft.EntityFrameworkCore.DbContext.SaveChangesAsync(Boolean acceptAllChangesOnSuccess, CancellationToken cancellationToken)
   at Biktal.Infrastructure.Persistence.CrmDataSeeder.SeedIfEmptyAsync(ApplicationDbContext db, CancellationToken cancellationToken)
   at Program.<Main>$(String[] args) in d:\Systems\BiktalSystems\Program.cs:line 71
2026-07-01 15:25:27.227 +03:00 [WRN] Continuing without a successful migration/seed. Auth and data pages may fail until the database is available.
2026-07-01 15:25:27.250 +03:00 [WRN] Using an in-memory repository. Keys will not be persisted to storage.
2026-07-01 15:25:27.250 +03:00 [WRN] Neither user profile nor HKLM registry available. Using an ephemeral key repository. Protected data will be unavailable when application exits.
2026-07-01 15:25:27.268 +03:00 [WRN] No XML encryptor configured. Key {921c8190-dd08-46cf-9a53-c8ff43bee0ea} may be persisted to storage in unencrypted form.
2026-07-01 15:25:27.324 +03:00 [INF] Application started. Press Ctrl+C to shut down.
2026-07-01 15:25:27.324 +03:00 [INF] Hosting environment: Production
2026-07-01 15:25:27.324 +03:00 [INF] Content root path: D:\Systems\BiktalSystems\publish
2026-07-01 15:25:27.436 +03:00 [INF] HTTP POST /Inventory/DeleteProduct responded 302 in 88.7907 ms
2026-07-01 15:25:27.436 +03:00 [INF] HTTP POST /Inventory/DeleteProduct responded 302 in 89.1876 ms
2026-07-01 15:25:27.594 +03:00 [ERR] An exception was thrown while deserializing the token.
Microsoft.AspNetCore.Antiforgery.AntiforgeryValidationException: The antiforgery token could not be decrypted.
 ---> System.Security.Cryptography.CryptographicException: The key {d32f2aca-d324-485c-b483-44dfb1df4b03} was not found in the key ring. For more information go to https://aka.ms/aspnet/dataprotectionwarning
   at Microsoft.AspNetCore.DataProtection.KeyManagement.KeyRingBasedDataProtector.UnprotectCore(Byte[] protectedData, Boolean allowOperationsOnRevokedKeys, UnprotectStatus& status)
   at Microsoft.AspNetCore.DataProtection.KeyManagement.KeyRingBasedDataProtector.Unprotect(Byte[] protectedData)
   at Microsoft.AspNetCore.Antiforgery.DefaultAntiforgeryTokenSerializer.Deserialize(String serializedToken)
   --- End of inner exception stack trace ---
   at Microsoft.AspNetCore.Antiforgery.DefaultAntiforgeryTokenSerializer.Deserialize(String serializedToken)
   at Microsoft.AspNetCore.Antiforgery.DefaultAntiforgery.GetCookieTokenDoesNotThrow(HttpContext httpContext)
2026-07-01 15:25:27.705 +03:00 [INF] HTTP GET /Account/Login responded 200 in 250.9329 ms
2026-07-01 15:25:27.913 +03:00 [INF] HTTP GET /js/site.js responded 200 in 95.0244 ms
2026-07-01 15:25:27.913 +03:00 [INF] HTTP GET /Biktal.WebMVC.styles.css responded 200 in 93.1300 ms
2026-07-01 15:25:27.914 +03:00 [INF] HTTP GET /lib/jquery-validation/dist/jquery.validate.min.js responded 200 in 95.2864 ms
2026-07-01 15:25:27.913 +03:00 [INF] HTTP GET /css/site.css responded 200 in 93.3359 ms
2026-07-01 15:25:27.915 +03:00 [INF] HTTP GET /lib/jquery-validation-unobtrusive/dist/jquery.validate.unobtrusive.min.js responded 200 in 96.2215 ms
2026-07-01 15:25:27.915 +03:00 [INF] HTTP GET /lib/bootstrap/dist/js/bootstrap.bundle.min.js responded 200 in 99.9095 ms
2026-07-01 15:25:27.917 +03:00 [INF] HTTP GET /lib/bootstrap/dist/css/bootstrap.min.css responded 200 in 104.0156 ms
2026-07-01 15:25:27.918 +03:00 [INF] HTTP GET /lib/jquery/dist/jquery.min.js responded 200 in 73.7223 ms
2026-07-01 15:25:38.831 +03:00 [INF] HTTP POST /Account/Login responded 302 in 596.8547 ms
2026-07-01 15:25:38.850 +03:00 [INF] HTTP GET /Inventory/DeleteProduct responded 405 in 13.4043 ms
2026-07-01 15:25:40.548 +03:00 [INF] HTTP GET /Inventory/DeleteProduct responded 405 in 6.2636 ms
2026-07-01 15:25:42.694 +03:00 [INF] HTTP GET /Account/Login responded 200 in 38.8354 ms
2026-07-01 15:25:42.761 +03:00 [INF] HTTP GET /Biktal.WebMVC.styles.css responded 200 in 3.6792 ms
2026-07-01 15:25:42.765 +03:00 [INF] HTTP GET /lib/bootstrap/dist/css/bootstrap.min.css responded 200 in 2.4949 ms
2026-07-01 15:25:42.768 +03:00 [INF] HTTP GET /css/site.css responded 200 in 11.0483 ms
2026-07-01 15:25:50.612 +03:00 [INF] HTTP POST /Account/Login responded 302 in 144.1750 ms
2026-07-01 15:25:50.618 +03:00 [INF] HTTP GET /Inventory/DeleteProduct responded 405 in 0.4593 ms
2026-07-01 15:25:52.420 +03:00 [INF] HTTP GET /Inventory/DeleteProduct responded 405 in 0.6239 ms
2026-07-01 15:26:07.158 +03:00 [INF] HTTP GET /Inventory/DeleteProduct responded 405 in 0.7770 ms
2026-07-01 15:26:07.700 +03:00 [INF] HTTP GET /Inventory/DeleteProduct responded 405 in 1.0743 ms
2026-07-01 15:26:08.308 +03:00 [INF] HTTP GET /Inventory/DeleteProduct responded 405 in 1.0515 ms
2026-07-01 15:26:09.255 +03:00 [INF] HTTP GET /Inventory/DeleteProduct responded 405 in 1.7253 ms
2026-07-01 15:26:10.368 +03:00 [INF] HTTP GET /Account/Login responded 200 in 8.2463 ms
2026-07-01 15:26:10.439 +03:00 [INF] HTTP GET /lib/bootstrap/dist/css/bootstrap.min.css responded 200 in 3.7506 ms
2026-07-01 15:26:10.440 +03:00 [INF] HTTP GET /Biktal.WebMVC.styles.css responded 200 in 1.8061 ms
2026-07-01 15:26:10.450 +03:00 [INF] HTTP GET /css/site.css responded 200 in 2.0981 ms
2026-07-01 15:26:19.912 +03:00 [INF] HTTP POST /Account/Login responded 302 in 194.0451 ms
2026-07-01 15:26:19.918 +03:00 [INF] HTTP GET /Inventory/DeleteProduct responded 405 in 0.3592 ms
2026-07-01 15:26:21.709 +03:00 [INF] HTTP GET /Account/Login responded 200 in 9.1484 ms
2026-07-01 15:26:21.779 +03:00 [INF] HTTP GET /lib/bootstrap/dist/css/bootstrap.min.css responded 200 in 7.3298 ms
2026-07-01 15:26:21.789 +03:00 [INF] HTTP GET /css/site.css responded 200 in 4.6457 ms
2026-07-01 15:26:21.793 +03:00 [INF] HTTP GET /Biktal.WebMVC.styles.css responded 200 in 4.5404 ms
2026-07-01 15:26:33.879 +03:00 [INF] HTTP POST /Account/Login responded 302 in 232.5208 ms
2026-07-01 15:26:33.885 +03:00 [INF] HTTP GET /Inventory/DeleteProduct responded 405 in 0.3468 ms
2026-07-01 15:26:44.405 +03:00 [INF] HTTP GET /Account/Login responded 200 in 13.3540 ms
2026-07-01 15:26:44.499 +03:00 [INF] HTTP GET /lib/bootstrap/dist/css/bootstrap.min.css responded 200 in 4.2914 ms
2026-07-01 15:26:44.505 +03:00 [INF] HTTP GET /css/site.css responded 200 in 3.0013 ms
2026-07-01 15:26:44.512 +03:00 [INF] HTTP GET /Biktal.WebMVC.styles.css responded 200 in 2.0262 ms
2026-07-01 15:26:44.546 +03:00 [INF] HTTP GET /lib/jquery/dist/jquery.min.js responded 200 in 36.5315 ms
2026-07-01 15:26:44.589 +03:00 [INF] HTTP GET /lib/jquery-validation-unobtrusive/dist/jquery.validate.unobtrusive.min.js responded 200 in 23.0143 ms
2026-07-01 15:26:44.595 +03:00 [INF] HTTP GET /lib/jquery-validation/dist/jquery.validate.min.js responded 200 in 28.8772 ms
2026-07-01 15:26:44.612 +03:00 [INF] HTTP GET /js/site.js responded 200 in 49.5296 ms
2026-07-01 15:26:44.716 +03:00 [INF] HTTP GET /lib/bootstrap/dist/js/bootstrap.bundle.min.js responded 200 in 199.2675 ms
2026-07-01 15:26:50.909 +03:00 [INF] HTTP POST /Account/Login responded 302 in 166.5682 ms
2026-07-01 15:26:51.195 +03:00 [INF] HTTP GET /Inventory/Products responded 200 in 280.3183 ms
2026-07-01 15:26:51.253 +03:00 [INF] HTTP GET /lib/bootstrap/dist/css/bootstrap.min.css responded 200 in 5.7390 ms
2026-07-01 15:26:51.257 +03:00 [INF] HTTP GET /css/site.css responded 200 in 2.9634 ms
2026-07-01 15:26:51.258 +03:00 [INF] HTTP GET /Biktal.WebMVC.styles.css responded 200 in 1.4096 ms
2026-07-01 15:26:52.062 +03:00 [INF] HTTP GET /lib/jquery/dist/jquery.min.js responded 304 in 1.2607 ms
2026-07-01 15:26:52.088 +03:00 [INF] HTTP GET /lib/bootstrap/dist/js/bootstrap.bundle.min.js responded 304 in 0.7981 ms
2026-07-01 15:26:52.089 +03:00 [INF] HTTP GET /js/site.js responded 304 in 0.6220 ms
2026-07-01 15:26:52.089 +03:00 [INF] HTTP GET /lib/jquery-validation/dist/jquery.validate.min.js responded 304 in 0.5516 ms
2026-07-01 15:26:52.091 +03:00 [INF] HTTP GET /lib/jquery-validation-unobtrusive/dist/jquery.validate.unobtrusive.min.js responded 304 in 0.9729 ms
2026-07-01 15:26:52.095 +03:00 [INF] HTTP GET /js/products-catalog-filter.js responded 200 in 3.0836 ms
2026-07-01 15:28:38.894 +03:00 [INF] HTTP POST /Inventory/DeleteProduct responded 302 in 201.2320 ms
2026-07-01 15:28:39.040 +03:00 [INF] HTTP GET /Inventory/Products responded 200 in 135.7841 ms
2026-07-01 15:28:39.078 +03:00 [INF] HTTP GET /lib/bootstrap/dist/css/bootstrap.min.css responded 200 in 1.7852 ms
2026-07-01 15:28:39.081 +03:00 [INF] HTTP GET /css/site.css responded 200 in 1.8392 ms
2026-07-01 15:28:39.084 +03:00 [INF] HTTP GET /Biktal.WebMVC.styles.css responded 200 in 1.8092 ms
2026-07-01 15:28:40.376 +03:00 [INF] HTTP GET /lib/jquery/dist/jquery.min.js responded 200 in 2.5210 ms
2026-07-01 15:28:40.401 +03:00 [INF] HTTP GET /js/site.js responded 200 in 1.0003 ms
2026-07-01 15:28:40.401 +03:00 [INF] HTTP GET /lib/bootstrap/dist/js/bootstrap.bundle.min.js responded 200 in 0.8384 ms
2026-07-01 15:28:40.403 +03:00 [INF] HTTP GET /lib/jquery-validation-unobtrusive/dist/jquery.validate.unobtrusive.min.js responded 200 in 0.9294 ms
2026-07-01 15:28:40.403 +03:00 [INF] HTTP GET /lib/jquery-validation/dist/jquery.validate.min.js responded 200 in 1.3516 ms
2026-07-01 15:28:40.413 +03:00 [INF] HTTP GET /js/products-catalog-filter.js responded 200 in 7.2300 ms
2026-07-01 15:32:42.791 +03:00 [INF] HTTP POST /Inventory/AddProduct responded 302 in 274.2417 ms
2026-07-01 15:32:42.874 +03:00 [INF] HTTP GET /Inventory/Products responded 200 in 72.7391 ms
2026-07-01 15:32:42.927 +03:00 [INF] HTTP GET /Biktal.WebMVC.styles.css responded 200 in 2.2377 ms
2026-07-01 15:32:42.932 +03:00 [INF] HTTP GET /lib/bootstrap/dist/css/bootstrap.min.css responded 200 in 1.5333 ms
2026-07-01 15:32:42.935 +03:00 [INF] HTTP GET /css/site.css responded 200 in 1.8613 ms
2026-07-01 15:32:44.146 +03:00 [INF] HTTP GET /lib/jquery/dist/jquery.min.js responded 200 in 1.0217 ms
2026-07-01 15:32:44.173 +03:00 [INF] HTTP GET /js/site.js responded 200 in 0.8698 ms
2026-07-01 15:32:44.175 +03:00 [INF] HTTP GET /lib/bootstrap/dist/js/bootstrap.bundle.min.js responded 200 in 1.1571 ms
2026-07-01 15:32:44.174 +03:00 [INF] HTTP GET /lib/jquery-validation/dist/jquery.validate.min.js responded 200 in 0.7033 ms
2026-07-01 15:32:44.186 +03:00 [INF] HTTP GET /lib/jquery-validation-unobtrusive/dist/jquery.validate.unobtrusive.min.js responded 200 in 11.0274 ms
2026-07-01 15:32:44.186 +03:00 [INF] HTTP GET /js/products-catalog-filter.js responded 200 in 1.8594 ms
2026-07-01 15:33:07.553 +03:00 [INF] HTTP GET /Inventory/Products responded 200 in 104.0716 ms
2026-07-01 15:33:07.631 +03:00 [INF] HTTP GET /lib/bootstrap/dist/css/bootstrap.min.css responded 200 in 1.1202 ms
2026-07-01 15:33:07.631 +03:00 [INF] HTTP GET /css/site.css responded 200 in 1.0177 ms
2026-07-01 15:33:07.639 +03:00 [INF] HTTP GET /Biktal.WebMVC.styles.css responded 200 in 2.9576 ms
2026-07-01 15:33:08.475 +03:00 [INF] HTTP GET /lib/jquery/dist/jquery.min.js responded 304 in 0.4700 ms
2026-07-01 15:33:08.501 +03:00 [INF] HTTP GET /lib/bootstrap/dist/js/bootstrap.bundle.min.js responded 304 in 0.5138 ms
2026-07-01 15:33:08.501 +03:00 [INF] HTTP GET /js/site.js responded 304 in 0.4547 ms
2026-07-01 15:33:08.503 +03:00 [INF] HTTP GET /lib/jquery-validation/dist/jquery.validate.min.js responded 304 in 1.1795 ms
2026-07-01 15:33:08.506 +03:00 [INF] HTTP GET /lib/jquery-validation-unobtrusive/dist/jquery.validate.unobtrusive.min.js responded 304 in 1.4454 ms
2026-07-01 15:33:08.510 +03:00 [INF] HTTP GET /js/products-catalog-filter.js responded 304 in 0.4709 ms
2026-07-01 15:33:11.625 +03:00 [INF] HTTP POST /Inventory/EditProduct responded 302 in 56.9861 ms
2026-07-01 15:33:11.690 +03:00 [INF] HTTP GET /Inventory/Products responded 200 in 58.2369 ms
2026-07-01 15:33:11.739 +03:00 [INF] HTTP GET /lib/bootstrap/dist/css/bootstrap.min.css responded 304 in 6.8781 ms
2026-07-01 15:33:11.744 +03:00 [INF] HTTP GET /css/site.css responded 304 in 1.0258 ms
2026-07-01 15:33:11.744 +03:00 [INF] HTTP GET /Biktal.WebMVC.styles.css responded 304 in 0.6471 ms
2026-07-01 15:33:12.676 +03:00 [INF] HTTP GET /lib/jquery/dist/jquery.min.js responded 304 in 0.3506 ms
2026-07-01 15:33:12.699 +03:00 [INF] HTTP GET /lib/bootstrap/dist/js/bootstrap.bundle.min.js responded 304 in 0.4780 ms
2026-07-01 15:33:12.699 +03:00 [INF] HTTP GET /js/site.js responded 304 in 0.4680 ms
2026-07-01 15:33:12.702 +03:00 [INF] HTTP GET /lib/jquery-validation/dist/jquery.validate.min.js responded 304 in 1.1243 ms
2026-07-01 15:33:12.705 +03:00 [INF] HTTP GET /lib/jquery-validation-unobtrusive/dist/jquery.validate.unobtrusive.min.js responded 304 in 0.5314 ms
2026-07-01 15:33:12.706 +03:00 [INF] HTTP GET /js/products-catalog-filter.js responded 304 in 0.8024 ms
2026-07-01 15:35:37.386 +03:00 [INF] HTTP POST /Inventory/AddProduct responded 302 in 14.0695 ms
2026-07-01 15:35:37.572 +03:00 [INF] HTTP GET /Inventory/Products responded 200 in 164.1795 ms
2026-07-01 15:35:37.612 +03:00 [INF] HTTP GET /lib/bootstrap/dist/css/bootstrap.min.css responded 200 in 1.0325 ms
2026-07-01 15:35:37.616 +03:00 [INF] HTTP GET /Biktal.WebMVC.styles.css responded 200 in 0.9088 ms
2026-07-01 15:35:37.620 +03:00 [INF] HTTP GET /css/site.css responded 200 in 1.5619 ms
2026-07-01 15:35:38.916 +03:00 [INF] HTTP GET /lib/jquery/dist/jquery.min.js responded 200 in 0.9743 ms
2026-07-01 15:35:38.945 +03:00 [INF] HTTP GET /lib/jquery-validation/dist/jquery.validate.min.js responded 200 in 0.5669 ms
2026-07-01 15:35:38.945 +03:00 [INF] HTTP GET /js/site.js responded 200 in 0.8291 ms
2026-07-01 15:35:38.947 +03:00 [INF] HTTP GET /lib/bootstrap/dist/js/bootstrap.bundle.min.js responded 200 in 1.9743 ms
2026-07-01 15:35:38.948 +03:00 [INF] HTTP GET /js/products-catalog-filter.js responded 200 in 1.5421 ms
2026-07-01 15:35:38.950 +03:00 [INF] HTTP GET /lib/jquery-validation-unobtrusive/dist/jquery.validate.unobtrusive.min.js responded 200 in 4.6230 ms
2026-07-01 15:37:03.770 +03:00 [INF] HTTP POST /Inventory/AddProduct responded 302 in 15.1216 ms
2026-07-01 15:37:03.846 +03:00 [INF] HTTP GET /Inventory/Products responded 200 in 69.7983 ms
2026-07-01 15:37:03.976 +03:00 [INF] HTTP GET /css/site.css responded 200 in 1.2794 ms
2026-07-01 15:37:03.980 +03:00 [INF] HTTP GET /lib/bootstrap/dist/css/bootstrap.min.css responded 200 in 3.9834 ms
2026-07-01 15:37:03.988 +03:00 [INF] HTTP GET /Biktal.WebMVC.styles.css responded 200 in 3.0324 ms
2026-07-01 15:37:04.918 +03:00 [INF] HTTP GET /lib/jquery/dist/jquery.min.js responded 304 in 0.3325 ms
2026-07-01 15:37:04.933 +03:00 [INF] HTTP GET /lib/bootstrap/dist/js/bootstrap.bundle.min.js responded 304 in 0.4769 ms
2026-07-01 15:37:04.934 +03:00 [INF] HTTP GET /js/site.js responded 304 in 0.4405 ms
2026-07-01 15:37:04.934 +03:00 [INF] HTTP GET /lib/jquery-validation/dist/jquery.validate.min.js responded 304 in 0.2516 ms
2026-07-01 15:37:04.934 +03:00 [INF] HTTP GET /lib/jquery-validation-unobtrusive/dist/jquery.validate.unobtrusive.min.js responded 304 in 0.3522 ms
2026-07-01 15:37:04.934 +03:00 [INF] HTTP GET /js/products-catalog-filter.js responded 304 in 0.4500 ms
2026-07-01 15:38:20.047 +03:00 [INF] HTTP POST /Inventory/AddProduct responded 302 in 152.2750 ms
2026-07-01 15:38:20.142 +03:00 [INF] HTTP GET /Inventory/Products responded 200 in 84.7039 ms
2026-07-01 15:38:20.240 +03:00 [INF] HTTP GET /lib/bootstrap/dist/css/bootstrap.min.css responded 200 in 1.6731 ms
2026-07-01 15:38:20.241 +03:00 [INF] HTTP GET /Biktal.WebMVC.styles.css responded 200 in 0.9334 ms
2026-07-01 15:38:20.241 +03:00 [INF] HTTP GET /css/site.css responded 200 in 1.1444 ms
2026-07-01 15:38:21.209 +03:00 [INF] HTTP GET /lib/jquery/dist/jquery.min.js responded 200 in 0.7398 ms
2026-07-01 15:38:21.229 +03:00 [INF] HTTP GET /lib/bootstrap/dist/js/bootstrap.bundle.min.js responded 200 in 0.8715 ms
2026-07-01 15:38:21.229 +03:00 [INF] HTTP GET /js/site.js responded 200 in 0.8574 ms
2026-07-01 15:38:21.230 +03:00 [INF] HTTP GET /lib/jquery-validation-unobtrusive/dist/jquery.validate.unobtrusive.min.js responded 200 in 0.6465 ms
2026-07-01 15:38:21.230 +03:00 [INF] HTTP GET /lib/jquery-validation/dist/jquery.validate.min.js responded 200 in 0.7005 ms
2026-07-01 15:38:21.230 +03:00 [INF] HTTP GET /js/products-catalog-filter.js responded 200 in 0.6933 ms
2026-07-01 15:39:06.764 +03:00 [INF] HTTP POST /Inventory/AddProduct responded 302 in 14.1553 ms
2026-07-01 15:39:06.829 +03:00 [INF] HTTP GET /Inventory/Products responded 200 in 58.6239 ms
2026-07-01 15:39:06.952 +03:00 [INF] HTTP GET /lib/bootstrap/dist/css/bootstrap.min.css responded 200 in 0.9655 ms
2026-07-01 15:39:06.965 +03:00 [INF] HTTP GET /css/site.css responded 200 in 1.1703 ms
2026-07-01 15:39:06.969 +03:00 [INF] HTTP GET /Biktal.WebMVC.styles.css responded 200 in 1.2118 ms
2026-07-01 15:39:07.671 +03:00 [INF] HTTP GET /lib/jquery/dist/jquery.min.js responded 304 in 0.2706 ms
2026-07-01 15:39:07.688 +03:00 [INF] HTTP GET /lib/bootstrap/dist/js/bootstrap.bundle.min.js responded 304 in 0.8799 ms
2026-07-01 15:39:07.688 +03:00 [INF] HTTP GET /js/site.js responded 304 in 0.4083 ms
2026-07-01 15:39:07.689 +03:00 [INF] HTTP GET /lib/jquery-validation-unobtrusive/dist/jquery.validate.unobtrusive.min.js responded 304 in 0.3476 ms
2026-07-01 15:39:07.695 +03:00 [INF] HTTP GET /js/products-catalog-filter.js responded 304 in 0.4209 ms
2026-07-01 15:39:07.696 +03:00 [INF] HTTP GET /lib/jquery-validation/dist/jquery.validate.min.js responded 304 in 0.5040 ms
2026-07-01 15:39:44.913 +03:00 [INF] HTTP GET /Inventory/Products responded 200 in 68.8893 ms
2026-07-01 15:39:44.967 +03:00 [INF] HTTP GET /Biktal.WebMVC.styles.css responded 200 in 1.0134 ms
2026-07-01 15:39:44.978 +03:00 [INF] HTTP GET /css/site.css responded 200 in 11.5004 ms
2026-07-01 15:39:44.979 +03:00 [INF] HTTP GET /lib/bootstrap/dist/css/bootstrap.min.css responded 200 in 4.7084 ms
2026-07-01 15:39:45.711 +03:00 [INF] HTTP GET /lib/jquery/dist/jquery.min.js responded 304 in 0.2848 ms
2026-07-01 15:39:45.735 +03:00 [INF] HTTP GET /lib/bootstrap/dist/js/bootstrap.bundle.min.js responded 304 in 0.4450 ms
2026-07-01 15:39:45.736 +03:00 [INF] HTTP GET /js/site.js responded 304 in 0.3385 ms
2026-07-01 15:39:45.736 +03:00 [INF] HTTP GET /lib/jquery-validation/dist/jquery.validate.min.js responded 304 in 0.3191 ms
2026-07-01 15:39:45.736 +03:00 [INF] HTTP GET /lib/jquery-validation-unobtrusive/dist/jquery.validate.unobtrusive.min.js responded 304 in 0.6769 ms
2026-07-01 15:39:45.744 +03:00 [INF] HTTP GET /js/products-catalog-filter.js responded 304 in 0.6197 ms
2026-07-01 15:39:50.689 +03:00 [INF] HTTP POST /Inventory/EditProduct responded 302 in 30.9499 ms
2026-07-01 15:39:50.748 +03:00 [INF] HTTP GET /Inventory/Products responded 200 in 51.8194 ms
2026-07-01 15:39:50.825 +03:00 [INF] HTTP GET /lib/bootstrap/dist/css/bootstrap.min.css responded 304 in 0.3380 ms
2026-07-01 15:39:50.825 +03:00 [INF] HTTP GET /css/site.css responded 304 in 0.8048 ms
2026-07-01 15:39:50.825 +03:00 [INF] HTTP GET /Biktal.WebMVC.styles.css responded 304 in 0.4034 ms
2026-07-01 15:39:51.808 +03:00 [INF] HTTP GET /lib/jquery/dist/jquery.min.js responded 304 in 0.2907 ms
2026-07-01 15:39:51.822 +03:00 [INF] HTTP GET /lib/bootstrap/dist/js/bootstrap.bundle.min.js responded 304 in 0.3879 ms
2026-07-01 15:39:51.822 +03:00 [INF] HTTP GET /js/site.js responded 304 in 0.3493 ms
2026-07-01 15:39:51.823 +03:00 [INF] HTTP GET /lib/jquery-validation/dist/jquery.validate.min.js responded 304 in 0.5896 ms
2026-07-01 15:39:51.824 +03:00 [INF] HTTP GET /lib/jquery-validation-unobtrusive/dist/jquery.validate.unobtrusive.min.js responded 304 in 0.4132 ms
2026-07-01 15:39:51.825 +03:00 [INF] HTTP GET /js/products-catalog-filter.js responded 304 in 0.6110 ms
2026-07-01 15:40:29.482 +03:00 [INF] HTTP GET /Inventory/Products responded 200 in 168.9090 ms
2026-07-01 15:40:29.533 +03:00 [INF] HTTP GET /lib/bootstrap/dist/css/bootstrap.min.css responded 200 in 2.0185 ms
2026-07-01 15:40:29.543 +03:00 [INF] HTTP GET /css/site.css responded 200 in 0.9403 ms
2026-07-01 15:40:29.544 +03:00 [INF] HTTP GET /Biktal.WebMVC.styles.css responded 200 in 0.7238 ms
2026-07-01 15:40:30.701 +03:00 [INF] HTTP GET /lib/jquery/dist/jquery.min.js responded 200 in 0.9124 ms
2026-07-01 15:40:30.731 +03:00 [INF] HTTP GET /js/site.js responded 200 in 0.7967 ms
2026-07-01 15:40:30.732 +03:00 [INF] HTTP GET /lib/jquery-validation/dist/jquery.validate.min.js responded 200 in 0.6938 ms
2026-07-01 15:40:30.733 +03:00 [INF] HTTP GET /lib/jquery-validation-unobtrusive/dist/jquery.validate.unobtrusive.min.js responded 200 in 0.6489 ms
2026-07-01 15:40:30.734 +03:00 [INF] HTTP GET /js/products-catalog-filter.js responded 200 in 0.7284 ms
2026-07-01 15:40:30.735 +03:00 [INF] HTTP GET /lib/bootstrap/dist/js/bootstrap.bundle.min.js responded 200 in 1.3878 ms
2026-07-01 15:40:37.923 +03:00 [INF] HTTP POST /Inventory/EditProduct responded 302 in 13.4456 ms
2026-07-01 15:40:37.993 +03:00 [INF] HTTP GET /Inventory/Products responded 200 in 62.0163 ms
2026-07-01 15:40:38.085 +03:00 [INF] HTTP GET /lib/bootstrap/dist/css/bootstrap.min.css responded 304 in 0.8635 ms
2026-07-01 15:40:38.086 +03:00 [INF] HTTP GET /css/site.css responded 304 in 1.2807 ms
2026-07-01 15:40:38.090 +03:00 [INF] HTTP GET /Biktal.WebMVC.styles.css responded 304 in 1.1994 ms
2026-07-01 15:40:39.099 +03:00 [INF] HTTP GET /lib/jquery/dist/jquery.min.js responded 304 in 0.2855 ms
2026-07-01 15:40:39.114 +03:00 [INF] HTTP GET /lib/bootstrap/dist/js/bootstrap.bundle.min.js responded 304 in 0.4332 ms
2026-07-01 15:40:39.115 +03:00 [INF] HTTP GET /js/site.js responded 304 in 0.3363 ms
2026-07-01 15:40:39.115 +03:00 [INF] HTTP GET /lib/jquery-validation/dist/jquery.validate.min.js responded 304 in 0.3181 ms
2026-07-01 15:40:39.117 +03:00 [INF] HTTP GET /lib/jquery-validation-unobtrusive/dist/jquery.validate.unobtrusive.min.js responded 304 in 0.4315 ms
2026-07-01 15:40:39.118 +03:00 [INF] HTTP GET /js/products-catalog-filter.js responded 304 in 0.4946 ms
2026-07-01 15:41:33.751 +03:00 [INF] HTTP GET /Inventory/Products responded 200 in 106.3393 ms
2026-07-01 15:41:33.816 +03:00 [INF] HTTP GET /lib/bootstrap/dist/css/bootstrap.min.css responded 200 in 1.5294 ms
2026-07-01 15:41:33.823 +03:00 [INF] HTTP GET /Biktal.WebMVC.styles.css responded 200 in 2.0419 ms
2026-07-01 15:41:33.829 +03:00 [INF] HTTP GET /css/site.css responded 200 in 0.8655 ms
2026-07-01 15:41:34.745 +03:00 [INF] HTTP GET /lib/jquery/dist/jquery.min.js responded 200 in 1.3453 ms
2026-07-01 15:41:34.773 +03:00 [INF] HTTP GET /js/site.js responded 200 in 1.2110 ms
2026-07-01 15:41:34.773 +03:00 [INF] HTTP GET /lib/bootstrap/dist/js/bootstrap.bundle.min.js responded 200 in 1.5540 ms
2026-07-01 15:41:34.773 +03:00 [INF] HTTP GET /lib/jquery-validation/dist/jquery.validate.min.js responded 200 in 0.7100 ms
2026-07-01 15:41:34.774 +03:00 [INF] HTTP GET /lib/jquery-validation-unobtrusive/dist/jquery.validate.unobtrusive.min.js responded 200 in 0.7489 ms
2026-07-01 15:41:34.776 +03:00 [INF] HTTP GET /js/products-catalog-filter.js responded 200 in 1.2562 ms
2026-07-01 15:41:46.726 +03:00 [INF] HTTP POST /Inventory/EditProduct responded 302 in 8.9408 ms
2026-07-01 15:41:46.806 +03:00 [INF] HTTP GET /Inventory/Products responded 200 in 71.8457 ms
2026-07-01 15:41:46.854 +03:00 [INF] HTTP GET /Biktal.WebMVC.styles.css responded 200 in 1.8005 ms
2026-07-01 15:41:46.854 +03:00 [INF] HTTP GET /css/site.css responded 200 in 1.2667 ms
2026-07-01 15:41:46.859 +03:00 [INF] HTTP GET /lib/bootstrap/dist/css/bootstrap.min.css responded 200 in 3.8106 ms
2026-07-01 15:41:47.888 +03:00 [INF] HTTP GET /lib/jquery/dist/jquery.min.js responded 200 in 0.7395 ms
2026-07-01 15:41:47.913 +03:00 [INF] HTTP GET /js/site.js responded 200 in 0.7811 ms
2026-07-01 15:41:47.914 +03:00 [INF] HTTP GET /lib/bootstrap/dist/js/bootstrap.bundle.min.js responded 200 in 0.7745 ms
2026-07-01 15:41:47.918 +03:00 [INF] HTTP GET /lib/jquery-validation/dist/jquery.validate.min.js responded 200 in 4.2293 ms
2026-07-01 15:41:47.924 +03:00 [INF] HTTP GET /js/products-catalog-filter.js responded 200 in 0.8280 ms
2026-07-01 15:41:47.925 +03:00 [INF] HTTP GET /lib/jquery-validation-unobtrusive/dist/jquery.validate.unobtrusive.min.js responded 200 in 1.3589 ms
2026-07-01 15:41:57.571 +03:00 [INF] HTTP GET /Inventory/Products responded 200 in 75.4867 ms
2026-07-01 15:41:57.628 +03:00 [INF] HTTP GET /lib/bootstrap/dist/css/bootstrap.min.css responded 304 in 3.8763 ms
2026-07-01 15:41:57.633 +03:00 [INF] HTTP GET /css/site.css responded 304 in 0.8691 ms
2026-07-01 15:41:57.635 +03:00 [INF] HTTP GET /Biktal.WebMVC.styles.css responded 304 in 1.3879 ms
2026-07-01 15:41:58.484 +03:00 [INF] HTTP GET /lib/jquery/dist/jquery.min.js responded 304 in 0.2492 ms
2026-07-01 15:41:58.507 +03:00 [INF] HTTP GET /js/site.js responded 304 in 0.2067 ms
2026-07-01 15:41:58.507 +03:00 [INF] HTTP GET /lib/bootstrap/dist/js/bootstrap.bundle.min.js responded 304 in 0.3677 ms
2026-07-01 15:41:58.507 +03:00 [INF] HTTP GET /lib/jquery-validation/dist/jquery.validate.min.js responded 304 in 0.3054 ms
2026-07-01 15:41:58.509 +03:00 [INF] HTTP GET /lib/jquery-validation-unobtrusive/dist/jquery.validate.unobtrusive.min.js responded 304 in 0.8264 ms
2026-07-01 15:41:58.510 +03:00 [INF] HTTP GET /js/products-catalog-filter.js responded 304 in 0.3876 ms
2026-07-01 15:42:01.940 +03:00 [INF] HTTP POST /Inventory/EditProduct responded 302 in 16.9647 ms
2026-07-01 15:42:02.018 +03:00 [INF] HTTP GET /Inventory/Products responded 200 in 65.9780 ms
2026-07-01 15:42:02.152 +03:00 [INF] HTTP GET /css/site.css responded 304 in 1.4502 ms
2026-07-01 15:42:02.152 +03:00 [INF] HTTP GET /lib/bootstrap/dist/css/bootstrap.min.css responded 304 in 0.3383 ms
2026-07-01 15:42:02.152 +03:00 [INF] HTTP GET /Biktal.WebMVC.styles.css responded 304 in 0.2564 ms
2026-07-01 15:42:02.924 +03:00 [INF] HTTP GET /lib/jquery/dist/jquery.min.js responded 304 in 0.2623 ms
2026-07-01 15:42:02.941 +03:00 [INF] HTTP GET /lib/bootstrap/dist/js/bootstrap.bundle.min.js responded 304 in 0.3806 ms
2026-07-01 15:42:02.941 +03:00 [INF] HTTP GET /js/site.js responded 304 in 0.3240 ms
2026-07-01 15:42:02.941 +03:00 [INF] HTTP GET /lib/jquery-validation/dist/jquery.validate.min.js responded 304 in 0.3261 ms
2026-07-01 15:42:02.941 +03:00 [INF] HTTP GET /js/products-catalog-filter.js responded 304 in 0.2076 ms
2026-07-01 15:42:02.941 +03:00 [INF] HTTP GET /lib/jquery-validation-unobtrusive/dist/jquery.validate.unobtrusive.min.js responded 304 in 0.2077 ms
2026-07-01 15:42:49.036 +03:00 [INF] HTTP GET /Inventory/Products responded 200 in 71.6481 ms
2026-07-01 15:42:49.082 +03:00 [INF] HTTP GET /lib/bootstrap/dist/css/bootstrap.min.css responded 200 in 1.0914 ms
2026-07-01 15:42:49.087 +03:00 [INF] HTTP GET /css/site.css responded 200 in 1.9803 ms
2026-07-01 15:42:49.087 +03:00 [INF] HTTP GET /Biktal.WebMVC.styles.css responded 200 in 0.9840 ms
2026-07-01 15:42:50.137 +03:00 [INF] HTTP GET /lib/jquery/dist/jquery.min.js responded 200 in 0.6233 ms
2026-07-01 15:42:50.158 +03:00 [INF] HTTP GET /js/site.js responded 200 in 0.6973 ms
2026-07-01 15:42:50.158 +03:00 [INF] HTTP GET /lib/bootstrap/dist/js/bootstrap.bundle.min.js responded 200 in 0.8251 ms
2026-07-01 15:42:50.158 +03:00 [INF] HTTP GET /lib/jquery-validation-unobtrusive/dist/jquery.validate.unobtrusive.min.js responded 200 in 0.5526 ms
2026-07-01 15:42:50.158 +03:00 [INF] HTTP GET /lib/jquery-validation/dist/jquery.validate.min.js responded 200 in 0.5987 ms
2026-07-01 15:42:50.160 +03:00 [INF] HTTP GET /js/products-catalog-filter.js responded 200 in 1.7128 ms
2026-07-01 15:42:54.369 +03:00 [INF] HTTP POST /Inventory/EditProduct responded 302 in 12.4900 ms
2026-07-01 15:42:54.449 +03:00 [INF] HTTP GET /Inventory/Products responded 200 in 68.9623 ms
2026-07-01 15:42:54.529 +03:00 [INF] HTTP GET /lib/bootstrap/dist/css/bootstrap.min.css responded 304 in 0.3510 ms
2026-07-01 15:42:54.529 +03:00 [INF] HTTP GET /css/site.css responded 304 in 0.4216 ms
2026-07-01 15:42:54.530 +03:00 [INF] HTTP GET /Biktal.WebMVC.styles.css responded 304 in 0.4419 ms
2026-07-01 15:42:55.396 +03:00 [INF] HTTP GET /lib/jquery/dist/jquery.min.js responded 304 in 0.2535 ms
2026-07-01 15:42:55.410 +03:00 [INF] HTTP GET /lib/bootstrap/dist/js/bootstrap.bundle.min.js responded 304 in 0.3520 ms
2026-07-01 15:42:55.410 +03:00 [INF] HTTP GET /js/site.js responded 304 in 0.2496 ms
2026-07-01 15:42:55.411 +03:00 [INF] HTTP GET /lib/jquery-validation-unobtrusive/dist/jquery.validate.unobtrusive.min.js responded 304 in 0.9577 ms
2026-07-01 15:42:55.411 +03:00 [INF] HTTP GET /js/products-catalog-filter.js responded 304 in 0.8742 ms
2026-07-01 15:42:55.411 +03:00 [INF] HTTP GET /lib/jquery-validation/dist/jquery.validate.min.js responded 304 in 0.7429 ms
2026-07-01 15:44:47.176 +03:00 [INF] HTTP GET /Inventory/Products responded 200 in 244.5904 ms
2026-07-01 15:44:47.227 +03:00 [INF] HTTP GET /lib/bootstrap/dist/css/bootstrap.min.css responded 200 in 0.9835 ms
2026-07-01 15:44:47.228 +03:00 [INF] HTTP GET /css/site.css responded 200 in 0.9191 ms
2026-07-01 15:44:47.234 +03:00 [INF] HTTP GET /Biktal.WebMVC.styles.css responded 200 in 1.2303 ms
2026-07-01 15:44:48.231 +03:00 [INF] HTTP GET /lib/jquery/dist/jquery.min.js responded 200 in 0.6941 ms
2026-07-01 15:44:48.263 +03:00 [INF] HTTP GET /lib/jquery-validation/dist/jquery.validate.min.js responded 200 in 7.8255 ms
2026-07-01 15:44:48.264 +03:00 [INF] HTTP GET /js/site.js responded 200 in 10.9381 ms
2026-07-01 15:44:48.265 +03:00 [INF] HTTP GET /lib/jquery-validation-unobtrusive/dist/jquery.validate.unobtrusive.min.js responded 200 in 0.9217 ms
2026-07-01 15:44:48.265 +03:00 [INF] HTTP GET /lib/bootstrap/dist/js/bootstrap.bundle.min.js responded 200 in 0.9656 ms
2026-07-01 15:44:48.274 +03:00 [INF] HTTP GET /js/products-catalog-filter.js responded 200 in 8.9090 ms
2026-07-01 15:44:51.912 +03:00 [INF] HTTP POST /Inventory/EditProduct responded 302 in 15.7534 ms
2026-07-01 15:44:51.995 +03:00 [INF] HTTP GET /Inventory/Products responded 200 in 72.5705 ms
2026-07-01 15:44:52.082 +03:00 [INF] HTTP GET /lib/bootstrap/dist/css/bootstrap.min.css responded 304 in 0.5164 ms
2026-07-01 15:44:52.086 +03:00 [INF] HTTP GET /Biktal.WebMVC.styles.css responded 304 in 0.4999 ms
2026-07-01 15:44:52.086 +03:00 [INF] HTTP GET /css/site.css responded 304 in 0.8910 ms
2026-07-01 15:44:53.124 +03:00 [INF] HTTP GET /lib/jquery/dist/jquery.min.js responded 304 in 0.3307 ms
2026-07-01 15:44:53.138 +03:00 [INF] HTTP GET /lib/bootstrap/dist/js/bootstrap.bundle.min.js responded 304 in 0.7085 ms
2026-07-01 15:44:53.139 +03:00 [INF] HTTP GET /js/site.js responded 304 in 0.4993 ms
2026-07-01 15:44:53.140 +03:00 [INF] HTTP GET /lib/jquery-validation/dist/jquery.validate.min.js responded 304 in 0.4150 ms
2026-07-01 15:44:53.144 +03:00 [INF] HTTP GET /lib/jquery-validation-unobtrusive/dist/jquery.validate.unobtrusive.min.js responded 304 in 0.3566 ms
2026-07-01 15:44:53.144 +03:00 [INF] HTTP GET /js/products-catalog-filter.js responded 304 in 0.3099 ms
2026-07-01 15:45:45.371 +03:00 [INF] HTTP GET /Inventory/Products responded 200 in 57.9898 ms
2026-07-01 15:45:45.416 +03:00 [INF] HTTP GET /css/site.css responded 200 in 0.8263 ms
2026-07-01 15:45:45.418 +03:00 [INF] HTTP GET /lib/bootstrap/dist/css/bootstrap.min.css responded 200 in 1.9115 ms
2026-07-01 15:45:45.421 +03:00 [INF] HTTP GET /Biktal.WebMVC.styles.css responded 200 in 1.6976 ms
2026-07-01 15:45:46.312 +03:00 [INF] HTTP GET /lib/jquery/dist/jquery.min.js responded 200 in 0.8901 ms
2026-07-01 15:45:46.336 +03:00 [INF] HTTP GET /js/site.js responded 200 in 0.9023 ms
2026-07-01 15:45:46.337 +03:00 [INF] HTTP GET /lib/jquery-validation/dist/jquery.validate.min.js responded 200 in 1.0844 ms
2026-07-01 15:45:46.337 +03:00 [INF] HTTP GET /lib/jquery-validation-unobtrusive/dist/jquery.validate.unobtrusive.min.js responded 200 in 0.9443 ms
2026-07-01 15:45:46.339 +03:00 [INF] HTTP GET /js/products-catalog-filter.js responded 200 in 1.9881 ms
2026-07-01 15:45:46.341 +03:00 [INF] HTTP GET /lib/bootstrap/dist/js/bootstrap.bundle.min.js responded 200 in 0.8580 ms
2026-07-01 15:45:50.023 +03:00 [INF] HTTP POST /Inventory/EditProduct responded 302 in 17.1528 ms
2026-07-01 15:45:50.099 +03:00 [INF] HTTP GET /Inventory/Products responded 200 in 69.5668 ms
2026-07-01 15:45:50.185 +03:00 [INF] HTTP GET /lib/bootstrap/dist/css/bootstrap.min.css responded 304 in 0.4262 ms
2026-07-01 15:45:50.187 +03:00 [INF] HTTP GET /css/site.css responded 304 in 0.5214 ms
2026-07-01 15:45:50.193 +03:00 [INF] HTTP GET /Biktal.WebMVC.styles.css responded 304 in 0.5190 ms
2026-07-01 15:45:51.038 +03:00 [INF] HTTP GET /lib/jquery/dist/jquery.min.js responded 304 in 0.4114 ms
2026-07-01 15:45:51.038 +03:00 [INF] HTTP GET /js/products-catalog-filter.js responded 304 in 0.3217 ms
2026-07-01 15:45:51.038 +03:00 [INF] HTTP GET /lib/jquery-validation/dist/jquery.validate.min.js responded 304 in 0.3060 ms
2026-07-01 15:45:51.038 +03:00 [INF] HTTP GET /lib/bootstrap/dist/js/bootstrap.bundle.min.js responded 304 in 0.2061 ms
2026-07-01 15:45:51.038 +03:00 [INF] HTTP GET /js/site.js responded 304 in 0.2061 ms
2026-07-01 15:45:51.038 +03:00 [INF] HTTP GET /lib/jquery-validation-unobtrusive/dist/jquery.validate.unobtrusive.min.js responded 304 in 0.7333 ms
2026-07-01 15:54:33.094 +03:00 [INF] HTTP POST /Inventory/AddProduct responded 302 in 124.5546 ms
2026-07-01 15:54:33.196 +03:00 [INF] HTTP GET /Inventory/Products responded 200 in 89.5830 ms
2026-07-01 15:54:33.268 +03:00 [INF] HTTP GET /lib/bootstrap/dist/css/bootstrap.min.css responded 200 in 0.9634 ms
2026-07-01 15:54:33.268 +03:00 [INF] HTTP GET /css/site.css responded 200 in 0.6372 ms
2026-07-01 15:54:33.272 +03:00 [INF] HTTP GET /Biktal.WebMVC.styles.css responded 200 in 3.2401 ms
2026-07-01 15:54:34.540 +03:00 [INF] HTTP GET /lib/jquery/dist/jquery.min.js responded 200 in 0.7773 ms
2026-07-01 15:54:34.570 +03:00 [INF] HTTP GET /js/site.js responded 200 in 2.0171 ms
2026-07-01 15:54:34.571 +03:00 [INF] HTTP GET /lib/bootstrap/dist/js/bootstrap.bundle.min.js responded 200 in 2.1237 ms
2026-07-01 15:54:34.571 +03:00 [INF] HTTP GET /lib/jquery-validation-unobtrusive/dist/jquery.validate.unobtrusive.min.js responded 200 in 0.6598 ms
2026-07-01 15:54:34.571 +03:00 [INF] HTTP GET /lib/jquery-validation/dist/jquery.validate.min.js responded 200 in 0.6976 ms
2026-07-01 15:54:34.572 +03:00 [INF] HTTP GET /js/products-catalog-filter.js responded 200 in 1.0679 ms
2026-07-01 16:06:20.344 +03:00 [INF] HTTP POST /Inventory/AddProduct responded 302 in 111.1909 ms
2026-07-01 16:06:20.459 +03:00 [INF] HTTP GET /Inventory/Products responded 200 in 104.2306 ms
2026-07-01 16:06:20.515 +03:00 [INF] HTTP GET /lib/bootstrap/dist/css/bootstrap.min.css responded 200 in 1.0231 ms
2026-07-01 16:06:20.517 +03:00 [INF] HTTP GET /css/site.css responded 200 in 1.4045 ms
2026-07-01 16:06:20.517 +03:00 [INF] HTTP GET /Biktal.WebMVC.styles.css responded 200 in 0.9450 ms
2026-07-01 16:06:21.865 +03:00 [INF] HTTP GET /lib/jquery/dist/jquery.min.js responded 200 in 0.8983 ms
2026-07-01 16:06:21.886 +03:00 [INF] HTTP GET /js/site.js responded 200 in 0.6611 ms
2026-07-01 16:06:21.887 +03:00 [INF] HTTP GET /lib/bootstrap/dist/js/bootstrap.bundle.min.js responded 200 in 0.8879 ms
2026-07-01 16:06:21.891 +03:00 [INF] HTTP GET /lib/jquery-validation-unobtrusive/dist/jquery.validate.unobtrusive.min.js responded 200 in 4.0416 ms
2026-07-01 16:06:21.891 +03:00 [INF] HTTP GET /lib/jquery-validation/dist/jquery.validate.min.js responded 200 in 4.6732 ms
2026-07-01 16:06:21.892 +03:00 [INF] HTTP GET /js/products-catalog-filter.js responded 200 in 2.7040 ms
2026-07-01 16:07:41.553 +03:00 [INF] HTTP GET /Inventory/Products responded 200 in 77.2658 ms
2026-07-01 16:07:41.611 +03:00 [INF] HTTP GET /lib/bootstrap/dist/css/bootstrap.min.css responded 200 in 1.1984 ms
2026-07-01 16:07:41.631 +03:00 [INF] HTTP GET /css/site.css responded 200 in 5.9234 ms
2026-07-01 16:07:41.637 +03:00 [INF] HTTP GET /Biktal.WebMVC.styles.css responded 200 in 1.3933 ms
2026-07-01 16:07:42.595 +03:00 [INF] HTTP GET /lib/jquery/dist/jquery.min.js responded 200 in 1.2061 ms
2026-07-01 16:07:42.625 +03:00 [INF] HTTP GET /lib/bootstrap/dist/js/bootstrap.bundle.min.js responded 200 in 2.1721 ms
2026-07-01 16:07:42.626 +03:00 [INF] HTTP GET /lib/jquery-validation-unobtrusive/dist/jquery.validate.unobtrusive.min.js responded 200 in 0.6316 ms
2026-07-01 16:07:42.626 +03:00 [INF] HTTP GET /lib/jquery-validation/dist/jquery.validate.min.js responded 200 in 1.0605 ms
2026-07-01 16:07:42.627 +03:00 [INF] HTTP GET /js/site.js responded 200 in 1.0911 ms
2026-07-01 16:07:42.629 +03:00 [INF] HTTP GET /js/products-catalog-filter.js responded 200 in 0.8471 ms
2026-07-01 16:07:46.142 +03:00 [INF] HTTP POST /Inventory/EditProduct responded 302 in 9.1612 ms
2026-07-01 16:07:46.220 +03:00 [INF] HTTP GET /Inventory/Products responded 200 in 66.2952 ms
2026-07-01 16:07:46.320 +03:00 [INF] HTTP GET /lib/bootstrap/dist/css/bootstrap.min.css responded 304 in 0.4832 ms
2026-07-01 16:07:46.320 +03:00 [INF] HTTP GET /css/site.css responded 304 in 0.2911 ms
2026-07-01 16:07:46.324 +03:00 [INF] HTTP GET /Biktal.WebMVC.styles.css responded 304 in 4.3296 ms
2026-07-01 16:07:47.173 +03:00 [INF] HTTP GET /lib/jquery/dist/jquery.min.js responded 304 in 0.2725 ms
2026-07-01 16:07:47.187 +03:00 [INF] HTTP GET /lib/bootstrap/dist/js/bootstrap.bundle.min.js responded 304 in 0.4066 ms
2026-07-01 16:07:47.188 +03:00 [INF] HTTP GET /js/site.js responded 304 in 0.5400 ms
2026-07-01 16:07:47.190 +03:00 [INF] HTTP GET /lib/jquery-validation/dist/jquery.validate.min.js responded 304 in 1.4860 ms
2026-07-01 16:07:47.194 +03:00 [INF] HTTP GET /lib/jquery-validation-unobtrusive/dist/jquery.validate.unobtrusive.min.js responded 304 in 0.5319 ms
2026-07-01 16:07:47.195 +03:00 [INF] HTTP GET /js/products-catalog-filter.js responded 304 in 0.4177 ms
2026-07-01 16:07:54.388 +03:00 [INF] HTTP GET /Inventory/Products responded 200 in 55.4336 ms
2026-07-01 16:07:54.442 +03:00 [INF] HTTP GET /Biktal.WebMVC.styles.css responded 304 in 0.3806 ms
2026-07-01 16:07:54.448 +03:00 [INF] HTTP GET /lib/bootstrap/dist/css/bootstrap.min.css responded 200 in 1.5352 ms
2026-07-01 16:07:54.449 +03:00 [INF] HTTP GET /css/site.css responded 304 in 0.3954 ms
2026-07-01 16:07:55.193 +03:00 [INF] HTTP GET /lib/jquery/dist/jquery.min.js responded 304 in 0.3666 ms
2026-07-01 16:07:55.216 +03:00 [INF] HTTP GET /lib/bootstrap/dist/js/bootstrap.bundle.min.js responded 304 in 0.3855 ms
2026-07-01 16:07:55.218 +03:00 [INF] HTTP GET /lib/jquery-validation/dist/jquery.validate.min.js responded 304 in 0.4996 ms
2026-07-01 16:07:55.217 +03:00 [INF] HTTP GET /js/site.js responded 304 in 1.4320 ms
2026-07-01 16:07:55.221 +03:00 [INF] HTTP GET /js/products-catalog-filter.js responded 304 in 0.3932 ms
2026-07-01 16:07:55.224 +03:00 [INF] HTTP GET /lib/jquery-validation-unobtrusive/dist/jquery.validate.unobtrusive.min.js responded 304 in 0.9579 ms
2026-07-01 16:08:03.880 +03:00 [INF] HTTP POST /Inventory/EditProduct responded 302 in 10.7214 ms
2026-07-01 16:08:03.956 +03:00 [INF] HTTP GET /Inventory/Products responded 200 in 65.8451 ms
2026-07-01 16:08:04.039 +03:00 [INF] HTTP GET /lib/bootstrap/dist/css/bootstrap.min.css responded 304 in 5.9267 ms
2026-07-01 16:08:04.043 +03:00 [INF] HTTP GET /css/site.css responded 304 in 0.4700 ms
2026-07-01 16:08:04.043 +03:00 [INF] HTTP GET /Biktal.WebMVC.styles.css responded 304 in 0.2932 ms
2026-07-01 16:08:04.891 +03:00 [INF] HTTP GET /lib/jquery/dist/jquery.min.js responded 304 in 0.2517 ms
2026-07-01 16:08:04.903 +03:00 [INF] HTTP GET /lib/bootstrap/dist/js/bootstrap.bundle.min.js responded 304 in 0.3065 ms
2026-07-01 16:08:04.905 +03:00 [INF] HTTP GET /js/site.js responded 304 in 0.8997 ms
2026-07-01 16:08:04.906 +03:00 [INF] HTTP GET /lib/jquery-validation/dist/jquery.validate.min.js responded 304 in 0.3812 ms
2026-07-01 16:08:04.906 +03:00 [INF] HTTP GET /lib/jquery-validation-unobtrusive/dist/jquery.validate.unobtrusive.min.js responded 304 in 0.5784 ms
2026-07-01 16:08:04.908 +03:00 [INF] HTTP GET /js/products-catalog-filter.js responded 304 in 0.4713 ms
2026-07-01 16:08:06.142 +03:00 [WRN] The query uses the 'First'/'FirstOrDefault' operator without 'OrderBy' and filter operators. This may lead to unpredictable results.
2026-07-01 16:08:06.224 +03:00 [INF] HTTP GET /Pos responded 200 in 110.1198 ms
2026-07-01 16:08:06.281 +03:00 [INF] HTTP GET /lib/bootstrap/dist/css/bootstrap.min.css responded 304 in 7.3818 ms
2026-07-01 16:08:06.289 +03:00 [INF] HTTP GET /css/site.css responded 304 in 2.5390 ms
2026-07-01 16:08:06.292 +03:00 [INF] HTTP GET /Biktal.WebMVC.styles.css responded 304 in 1.5768 ms
2026-07-01 16:08:06.295 +03:00 [INF] HTTP GET /lib/jquery/dist/jquery.min.js responded 304 in 0.3949 ms
2026-07-01 16:08:06.295 +03:00 [INF] HTTP GET /lib/bootstrap/dist/js/bootstrap.bundle.min.js responded 304 in 0.3973 ms
2026-07-01 16:08:06.299 +03:00 [INF] HTTP GET /js/site.js responded 304 in 1.4122 ms
2026-07-01 16:08:06.326 +03:00 [INF] HTTP GET /js/pos.js responded 200 in 25.3158 ms
2026-07-01 16:11:12.665 +03:00 [INF] HTTP POST /Pos/CompleteSale responded 200 in 574.9109 ms
2026-07-01 16:11:40.112 +03:00 [INF] HTTP GET /Inventory responded 200 in 185.1853 ms
2026-07-01 16:11:40.171 +03:00 [INF] HTTP GET /css/site.css responded 200 in 0.8163 ms
2026-07-01 16:11:40.173 +03:00 [INF] HTTP GET /Biktal.WebMVC.styles.css responded 200 in 1.4457 ms
2026-07-01 16:11:40.176 +03:00 [INF] HTTP GET /lib/bootstrap/dist/css/bootstrap.min.css responded 200 in 2.9850 ms
2026-07-01 16:11:40.183 +03:00 [INF] HTTP GET /js/site.js responded 200 in 0.8407 ms
2026-07-01 16:11:40.183 +03:00 [INF] HTTP GET /lib/bootstrap/dist/js/bootstrap.bundle.min.js responded 200 in 0.8761 ms
2026-07-01 16:11:40.190 +03:00 [INF] HTTP GET /lib/jquery/dist/jquery.min.js responded 200 in 0.7089 ms
2026-07-01 16:11:47.184 +03:00 [INF] HTTP GET /Inventory/Products responded 200 in 89.9226 ms
2026-07-01 16:11:47.213 +03:00 [INF] HTTP GET /lib/bootstrap/dist/css/bootstrap.min.css responded 304 in 0.5462 ms
2026-07-01 16:11:47.229 +03:00 [INF] HTTP GET /Biktal.WebMVC.styles.css responded 304 in 0.3050 ms
2026-07-01 16:11:47.229 +03:00 [INF] HTTP GET /css/site.css responded 304 in 0.3588 ms
2026-07-01 16:11:48.120 +03:00 [INF] HTTP GET /lib/jquery/dist/jquery.min.js responded 304 in 0.2678 ms
2026-07-01 16:11:48.142 +03:00 [INF] HTTP GET /lib/bootstrap/dist/js/bootstrap.bundle.min.js responded 304 in 1.0104 ms
2026-07-01 16:11:48.145 +03:00 [INF] HTTP GET /js/site.js responded 304 in 0.7620 ms
2026-07-01 16:11:48.147 +03:00 [INF] HTTP GET /lib/jquery-validation-unobtrusive/dist/jquery.validate.unobtrusive.min.js responded 200 in 1.2302 ms
2026-07-01 16:11:48.148 +03:00 [INF] HTTP GET /lib/jquery-validation/dist/jquery.validate.min.js responded 200 in 1.0090 ms
2026-07-01 16:11:48.150 +03:00 [INF] HTTP GET /js/products-catalog-filter.js responded 200 in 1.9526 ms
2026-07-01 16:13:10.435 +03:00 [INF] HTTP POST /Inventory/AddProduct responded 302 in 20.1164 ms
2026-07-01 16:13:10.586 +03:00 [INF] HTTP GET /Inventory/Products responded 200 in 130.5859 ms
2026-07-01 16:13:10.685 +03:00 [INF] HTTP GET /css/site.css responded 200 in 1.0086 ms
2026-07-01 16:13:10.701 +03:00 [INF] HTTP GET /lib/bootstrap/dist/css/bootstrap.min.css responded 200 in 2.1258 ms
2026-07-01 16:13:10.702 +03:00 [INF] HTTP GET /Biktal.WebMVC.styles.css responded 200 in 0.9140 ms
2026-07-01 16:13:11.733 +03:00 [INF] HTTP GET /lib/jquery/dist/jquery.min.js responded 200 in 0.7248 ms
2026-07-01 16:13:11.767 +03:00 [INF] HTTP GET /lib/jquery-validation/dist/jquery.validate.min.js responded 200 in 0.8528 ms
2026-07-01 16:13:11.767 +03:00 [INF] HTTP GET /js/site.js responded 200 in 2.2728 ms
2026-07-01 16:13:11.768 +03:00 [INF] HTTP GET /lib/jquery-validation-unobtrusive/dist/jquery.validate.unobtrusive.min.js responded 200 in 0.7552 ms
2026-07-01 16:13:11.768 +03:00 [INF] HTTP GET /lib/bootstrap/dist/js/bootstrap.bundle.min.js responded 200 in 0.7788 ms
2026-07-01 16:13:11.772 +03:00 [INF] HTTP GET /js/products-catalog-filter.js responded 200 in 4.6397 ms
2026-07-01 16:17:43.047 +03:00 [INF] HTTP POST /Inventory/AddProduct responded 302 in 94.0011 ms
2026-07-01 16:17:43.159 +03:00 [INF] HTTP GET /Inventory/Products responded 200 in 94.2851 ms
2026-07-01 16:17:43.196 +03:00 [INF] HTTP GET /css/site.css responded 200 in 0.8538 ms
2026-07-01 16:17:43.201 +03:00 [INF] HTTP GET /lib/bootstrap/dist/css/bootstrap.min.css responded 200 in 4.6034 ms
2026-07-01 16:17:43.203 +03:00 [INF] HTTP GET /Biktal.WebMVC.styles.css responded 200 in 0.9375 ms
2026-07-01 16:17:44.351 +03:00 [INF] HTTP GET /lib/jquery/dist/jquery.min.js responded 200 in 0.6358 ms
2026-07-01 16:17:44.380 +03:00 [INF] HTTP GET /js/site.js responded 200 in 0.7186 ms
2026-07-01 16:17:44.380 +03:00 [INF] HTTP GET /lib/jquery-validation/dist/jquery.validate.min.js responded 200 in 0.7087 ms
2026-07-01 16:17:44.380 +03:00 [INF] HTTP GET /lib/bootstrap/dist/js/bootstrap.bundle.min.js responded 200 in 0.6750 ms
2026-07-01 16:17:44.381 +03:00 [INF] HTTP GET /lib/jquery-validation-unobtrusive/dist/jquery.validate.unobtrusive.min.js responded 200 in 1.2920 ms
2026-07-01 16:17:44.383 +03:00 [INF] HTTP GET /js/products-catalog-filter.js responded 200 in 2.3272 ms
2026-07-01 16:19:00.327 +03:00 [INF] HTTP GET /Inventory/Products responded 200 in 68.6750 ms
2026-07-01 16:19:00.371 +03:00 [INF] HTTP GET /lib/bootstrap/dist/css/bootstrap.min.css responded 200 in 7.7352 ms
2026-07-01 16:19:00.372 +03:00 [INF] HTTP GET /css/site.css responded 200 in 0.8446 ms
2026-07-01 16:19:00.374 +03:00 [INF] HTTP GET /Biktal.WebMVC.styles.css responded 200 in 1.4537 ms
2026-07-01 16:19:01.470 +03:00 [INF] HTTP GET /lib/jquery/dist/jquery.min.js responded 200 in 0.7099 ms
2026-07-01 16:19:01.496 +03:00 [INF] HTTP GET /js/site.js responded 200 in 0.7072 ms
2026-07-01 16:19:01.496 +03:00 [INF] HTTP GET /lib/jquery-validation/dist/jquery.validate.min.js responded 200 in 0.6269 ms
2026-07-01 16:19:01.496 +03:00 [INF] HTTP GET /lib/bootstrap/dist/js/bootstrap.bundle.min.js responded 200 in 0.9401 ms
2026-07-01 16:19:01.497 +03:00 [INF] HTTP GET /lib/jquery-validation-unobtrusive/dist/jquery.validate.unobtrusive.min.js responded 200 in 1.0664 ms
2026-07-01 16:19:01.497 +03:00 [INF] HTTP GET /js/products-catalog-filter.js responded 200 in 1.2457 ms
2026-07-01 16:19:57.135 +03:00 [INF] HTTP POST /Inventory/EditProduct responded 302 in 12.5998 ms
2026-07-01 16:19:57.219 +03:00 [INF] HTTP GET /Inventory/Products responded 200 in 76.1160 ms
2026-07-01 16:19:57.308 +03:00 [INF] HTTP GET /css/site.css responded 200 in 0.9489 ms
2026-07-01 16:19:57.309 +03:00 [INF] HTTP GET /Biktal.WebMVC.styles.css responded 200 in 0.9704 ms
2026-07-01 16:19:57.310 +03:00 [INF] HTTP GET /lib/bootstrap/dist/css/bootstrap.min.css responded 200 in 1.0874 ms
2026-07-01 16:19:58.139 +03:00 [INF] HTTP GET /lib/jquery/dist/jquery.min.js responded 304 in 0.2499 ms
2026-07-01 16:19:58.155 +03:00 [INF] HTTP GET /lib/bootstrap/dist/js/bootstrap.bundle.min.js responded 304 in 0.4279 ms
2026-07-01 16:19:58.156 +03:00 [INF] HTTP GET /js/site.js responded 304 in 0.3675 ms
2026-07-01 16:19:58.157 +03:00 [INF] HTTP GET /js/products-catalog-filter.js responded 304 in 0.3500 ms
2026-07-01 16:19:58.157 +03:00 [INF] HTTP GET /lib/jquery-validation/dist/jquery.validate.min.js responded 304 in 0.4739 ms
2026-07-01 16:19:58.162 +03:00 [INF] HTTP GET /lib/jquery-validation-unobtrusive/dist/jquery.validate.unobtrusive.min.js responded 304 in 1.4451 ms
2026-07-01 16:21:01.601 +03:00 [INF] HTTP GET /Inventory/Products responded 200 in 62.1549 ms
2026-07-01 16:21:01.644 +03:00 [INF] HTTP GET /lib/bootstrap/dist/css/bootstrap.min.css responded 200 in 1.1780 ms
2026-07-01 16:21:01.648 +03:00 [INF] HTTP GET /css/site.css responded 200 in 1.0746 ms
2026-07-01 16:21:01.652 +03:00 [INF] HTTP GET /Biktal.WebMVC.styles.css responded 200 in 1.3796 ms
2026-07-01 16:21:02.708 +03:00 [INF] HTTP GET /lib/jquery/dist/jquery.min.js responded 200 in 0.6862 ms
2026-07-01 16:21:02.735 +03:00 [INF] HTTP GET /js/site.js responded 200 in 0.7078 ms
2026-07-01 16:21:02.735 +03:00 [INF] HTTP GET /lib/bootstrap/dist/js/bootstrap.bundle.min.js responded 200 in 0.5955 ms
2026-07-01 16:21:02.736 +03:00 [INF] HTTP GET /lib/jquery-validation-unobtrusive/dist/jquery.validate.unobtrusive.min.js responded 200 in 0.7880 ms
2026-07-01 16:21:02.736 +03:00 [INF] HTTP GET /lib/jquery-validation/dist/jquery.validate.min.js responded 200 in 0.7880 ms
2026-07-01 16:21:02.749 +03:00 [INF] HTTP GET /js/products-catalog-filter.js responded 200 in 0.6600 ms
2026-07-01 16:21:06.645 +03:00 [INF] HTTP POST /Inventory/EditProduct responded 302 in 10.0424 ms
2026-07-01 16:21:06.728 +03:00 [INF] HTTP GET /Inventory/Products responded 200 in 75.8562 ms
2026-07-01 16:21:06.827 +03:00 [INF] HTTP GET /css/site.css responded 304 in 0.7364 ms
2026-07-01 16:21:06.827 +03:00 [INF] HTTP GET /lib/bootstrap/dist/css/bootstrap.min.css responded 304 in 1.0184 ms
2026-07-01 16:21:06.828 +03:00 [INF] HTTP GET /Biktal.WebMVC.styles.css responded 304 in 0.4727 ms
2026-07-01 16:21:07.732 +03:00 [INF] HTTP GET /lib/jquery/dist/jquery.min.js responded 304 in 0.3723 ms
2026-07-01 16:21:07.759 +03:00 [INF] HTTP GET /lib/jquery-validation/dist/jquery.validate.min.js responded 304 in 0.7820 ms
2026-07-01 16:21:07.760 +03:00 [INF] HTTP GET /js/products-catalog-filter.js responded 304 in 0.3471 ms
2026-07-01 16:21:07.761 +03:00 [INF] HTTP GET /lib/jquery-validation-unobtrusive/dist/jquery.validate.unobtrusive.min.js responded 304 in 2.7184 ms
2026-07-01 16:21:07.761 +03:00 [INF] HTTP GET /js/site.js responded 304 in 0.3343 ms
2026-07-01 16:21:07.763 +03:00 [INF] HTTP GET /lib/bootstrap/dist/js/bootstrap.bundle.min.js responded 304 in 4.8416 ms
2026-07-01 16:21:47.052 +03:00 [INF] HTTP GET /Inventory/Products responded 200 in 79.1690 ms
2026-07-01 16:21:47.082 +03:00 [INF] HTTP GET /lib/bootstrap/dist/css/bootstrap.min.css responded 200 in 0.9864 ms
2026-07-01 16:21:47.102 +03:00 [INF] HTTP GET /css/site.css responded 200 in 19.9376 ms
2026-07-01 16:21:47.113 +03:00 [INF] HTTP GET /Biktal.WebMVC.styles.css responded 200 in 10.9006 ms
2026-07-01 16:21:48.042 +03:00 [INF] HTTP GET /lib/jquery/dist/jquery.min.js responded 200 in 0.6649 ms
2026-07-01 16:21:48.070 +03:00 [INF] HTTP GET /js/site.js responded 200 in 0.5823 ms
2026-07-01 16:21:48.070 +03:00 [INF] HTTP GET /lib/bootstrap/dist/js/bootstrap.bundle.min.js responded 200 in 1.0057 ms
2026-07-01 16:21:48.071 +03:00 [INF] HTTP GET /lib/jquery-validation/dist/jquery.validate.min.js responded 200 in 0.6827 ms
2026-07-01 16:21:48.071 +03:00 [INF] HTTP GET /lib/jquery-validation-unobtrusive/dist/jquery.validate.unobtrusive.min.js responded 200 in 0.6729 ms
2026-07-01 16:21:48.080 +03:00 [INF] HTTP GET /js/products-catalog-filter.js responded 200 in 5.8181 ms
2026-07-01 16:21:52.115 +03:00 [INF] HTTP POST /Inventory/EditProduct responded 302 in 11.5552 ms
2026-07-01 16:21:52.199 +03:00 [INF] HTTP GET /Inventory/Products responded 200 in 72.9130 ms
2026-07-01 16:21:52.303 +03:00 [INF] HTTP GET /css/site.css responded 304 in 0.4092 ms
2026-07-01 16:21:52.303 +03:00 [INF] HTTP GET /Biktal.WebMVC.styles.css responded 304 in 0.4664 ms
2026-07-01 16:21:52.303 +03:00 [INF] HTTP GET /lib/bootstrap/dist/css/bootstrap.min.css responded 304 in 0.3505 ms
2026-07-01 16:21:53.612 +03:00 [INF] HTTP GET /lib/jquery/dist/jquery.min.js responded 304 in 0.2599 ms
2026-07-01 16:21:53.628 +03:00 [INF] HTTP GET /lib/bootstrap/dist/js/bootstrap.bundle.min.js responded 304 in 0.5223 ms
2026-07-01 16:21:53.629 +03:00 [INF] HTTP GET /js/site.js responded 304 in 0.4537 ms
2026-07-01 16:21:53.631 +03:00 [INF] HTTP GET /lib/jquery-validation/dist/jquery.validate.min.js responded 304 in 1.4359 ms
2026-07-01 16:21:53.631 +03:00 [INF] HTTP GET /lib/jquery-validation-unobtrusive/dist/jquery.validate.unobtrusive.min.js responded 304 in 0.4808 ms
2026-07-01 16:21:53.635 +03:00 [INF] HTTP GET /js/products-catalog-filter.js responded 304 in 1.5103 ms
2026-07-01 16:22:06.942 +03:00 [INF] HTTP GET /Inventory/Products responded 200 in 65.3054 ms
2026-07-01 16:22:06.990 +03:00 [INF] HTTP GET /lib/bootstrap/dist/css/bootstrap.min.css responded 304 in 0.3780 ms
2026-07-01 16:22:06.993 +03:00 [INF] HTTP GET /css/site.css responded 304 in 1.3549 ms
2026-07-01 16:22:06.994 +03:00 [INF] HTTP GET /Biktal.WebMVC.styles.css responded 304 in 0.4304 ms
2026-07-01 16:22:07.765 +03:00 [INF] HTTP GET /lib/jquery/dist/jquery.min.js responded 304 in 0.4010 ms
2026-07-01 16:22:07.788 +03:00 [INF] HTTP GET /lib/bootstrap/dist/js/bootstrap.bundle.min.js responded 304 in 0.9511 ms
2026-07-01 16:22:07.789 +03:00 [INF] HTTP GET /lib/jquery-validation/dist/jquery.validate.min.js responded 304 in 0.3200 ms
2026-07-01 16:22:07.789 +03:00 [INF] HTTP GET /js/site.js responded 304 in 0.4224 ms
2026-07-01 16:22:07.793 +03:00 [INF] HTTP GET /lib/jquery-validation-unobtrusive/dist/jquery.validate.unobtrusive.min.js responded 304 in 1.1883 ms
2026-07-01 16:22:07.795 +03:00 [INF] HTTP GET /js/products-catalog-filter.js responded 304 in 1.8037 ms
2026-07-01 16:22:12.163 +03:00 [INF] HTTP POST /Inventory/EditProduct responded 302 in 9.5872 ms
2026-07-01 16:22:12.225 +03:00 [INF] HTTP GET /Inventory/Products responded 200 in 54.2986 ms
2026-07-01 16:22:12.298 +03:00 [INF] HTTP GET /css/site.css responded 304 in 0.5461 ms
2026-07-01 16:22:12.299 +03:00 [INF] HTTP GET /Biktal.WebMVC.styles.css responded 304 in 0.4451 ms
2026-07-01 16:22:12.302 +03:00 [INF] HTTP GET /lib/bootstrap/dist/css/bootstrap.min.css responded 200 in 5.8323 ms
2026-07-01 16:22:13.145 +03:00 [INF] HTTP GET /lib/jquery/dist/jquery.min.js responded 304 in 0.3592 ms
2026-07-01 16:22:13.161 +03:00 [INF] HTTP GET /js/site.js responded 304 in 0.2897 ms
2026-07-01 16:22:13.161 +03:00 [INF] HTTP GET /lib/bootstrap/dist/js/bootstrap.bundle.min.js responded 304 in 0.3501 ms
2026-07-01 16:22:13.162 +03:00 [INF] HTTP GET /lib/jquery-validation/dist/jquery.validate.min.js responded 304 in 0.7785 ms
2026-07-01 16:22:13.163 +03:00 [INF] HTTP GET /lib/jquery-validation-unobtrusive/dist/jquery.validate.unobtrusive.min.js responded 304 in 0.5651 ms
2026-07-01 16:22:13.164 +03:00 [INF] HTTP GET /js/products-catalog-filter.js responded 304 in 0.6073 ms
2026-07-01 16:22:25.579 +03:00 [INF] HTTP GET /Inventory/Products responded 200 in 54.6188 ms
2026-07-01 16:22:25.631 +03:00 [INF] HTTP GET /Biktal.WebMVC.styles.css responded 304 in 0.4106 ms
2026-07-01 16:22:25.633 +03:00 [INF] HTTP GET /css/site.css responded 304 in 0.4979 ms
2026-07-01 16:22:25.638 +03:00 [INF] HTTP GET /lib/bootstrap/dist/css/bootstrap.min.css responded 304 in 4.8390 ms
2026-07-01 16:22:26.646 +03:00 [INF] HTTP GET /lib/jquery/dist/jquery.min.js responded 304 in 0.2534 ms
2026-07-01 16:22:26.668 +03:00 [INF] HTTP GET /lib/bootstrap/dist/js/bootstrap.bundle.min.js responded 304 in 0.3741 ms
2026-07-01 16:22:26.668 +03:00 [INF] HTTP GET /js/site.js responded 304 in 0.3863 ms
2026-07-01 16:22:26.668 +03:00 [INF] HTTP GET /js/products-catalog-filter.js responded 304 in 0.2028 ms
2026-07-01 16:22:26.668 +03:00 [INF] HTTP GET /lib/jquery-validation-unobtrusive/dist/jquery.validate.unobtrusive.min.js responded 304 in 0.2846 ms
2026-07-01 16:22:26.668 +03:00 [INF] HTTP GET /lib/jquery-validation/dist/jquery.validate.min.js responded 304 in 0.3889 ms
2026-07-01 16:22:29.949 +03:00 [INF] HTTP POST /Inventory/EditProduct responded 302 in 10.0893 ms
2026-07-01 16:22:30.024 +03:00 [INF] HTTP GET /Inventory/Products responded 200 in 62.5558 ms
2026-07-01 16:22:30.113 +03:00 [INF] HTTP GET /css/site.css responded 304 in 0.3865 ms
2026-07-01 16:22:30.113 +03:00 [INF] HTTP GET /Biktal.WebMVC.styles.css responded 304 in 0.2916 ms
2026-07-01 16:22:30.116 +03:00 [INF] HTTP GET /lib/bootstrap/dist/css/bootstrap.min.css responded 304 in 2.1671 ms
2026-07-01 16:22:31.011 +03:00 [INF] HTTP GET /lib/jquery/dist/jquery.min.js responded 304 in 0.2713 ms
2026-07-01 16:22:31.024 +03:00 [INF] HTTP GET /lib/bootstrap/dist/js/bootstrap.bundle.min.js responded 304 in 0.4153 ms
2026-07-01 16:22:31.024 +03:00 [INF] HTTP GET /js/site.js responded 304 in 0.3251 ms
2026-07-01 16:22:31.027 +03:00 [INF] HTTP GET /lib/jquery-validation-unobtrusive/dist/jquery.validate.unobtrusive.min.js responded 304 in 0.2694 ms
2026-07-01 16:22:31.027 +03:00 [INF] HTTP GET /lib/jquery-validation/dist/jquery.validate.min.js responded 304 in 0.4014 ms
2026-07-01 16:22:31.028 +03:00 [INF] HTTP GET /js/products-catalog-filter.js responded 304 in 0.8443 ms
2026-07-01 16:22:49.921 +03:00 [INF] HTTP GET /Inventory/Products responded 200 in 114.7177 ms
2026-07-01 16:22:49.978 +03:00 [INF] HTTP GET /lib/bootstrap/dist/css/bootstrap.min.css responded 200 in 1.8177 ms
2026-07-01 16:22:49.980 +03:00 [INF] HTTP GET /css/site.css responded 304 in 1.0777 ms
2026-07-01 16:22:49.985 +03:00 [INF] HTTP GET /Biktal.WebMVC.styles.css responded 304 in 0.5392 ms
2026-07-01 16:22:50.762 +03:00 [INF] HTTP GET /lib/jquery/dist/jquery.min.js responded 304 in 0.3715 ms
2026-07-01 16:22:50.782 +03:00 [INF] HTTP GET /lib/bootstrap/dist/js/bootstrap.bundle.min.js responded 304 in 0.4227 ms
2026-07-01 16:22:50.782 +03:00 [INF] HTTP GET /lib/jquery-validation/dist/jquery.validate.min.js responded 304 in 0.3817 ms
2026-07-01 16:22:50.782 +03:00 [INF] HTTP GET /js/site.js responded 304 in 0.3184 ms
2026-07-01 16:22:50.784 +03:00 [INF] HTTP GET /lib/jquery-validation-unobtrusive/dist/jquery.validate.unobtrusive.min.js responded 304 in 0.6518 ms
2026-07-01 16:22:50.786 +03:00 [INF] HTTP GET /js/products-catalog-filter.js responded 304 in 1.1944 ms
2026-07-01 16:22:53.407 +03:00 [INF] HTTP POST /Inventory/EditProduct responded 302 in 20.3729 ms
2026-07-01 16:22:53.485 +03:00 [INF] HTTP GET /Inventory/Products responded 200 in 68.7020 ms
2026-07-01 16:22:53.612 +03:00 [INF] HTTP GET /css/site.css responded 304 in 0.4227 ms
2026-07-01 16:22:53.612 +03:00 [INF] HTTP GET /lib/bootstrap/dist/css/bootstrap.min.css responded 304 in 0.5317 ms
2026-07-01 16:22:53.613 +03:00 [INF] HTTP GET /Biktal.WebMVC.styles.css responded 304 in 0.4012 ms
2026-07-01 16:22:54.650 +03:00 [INF] HTTP GET /lib/jquery/dist/jquery.min.js responded 304 in 0.2521 ms
2026-07-01 16:22:54.662 +03:00 [INF] HTTP GET /lib/bootstrap/dist/js/bootstrap.bundle.min.js responded 304 in 0.3996 ms
2026-07-01 16:22:54.662 +03:00 [INF] HTTP GET /js/site.js responded 304 in 0.2826 ms
2026-07-01 16:22:54.663 +03:00 [INF] HTTP GET /lib/jquery-validation/dist/jquery.validate.min.js responded 304 in 0.5591 ms
2026-07-01 16:22:54.665 +03:00 [INF] HTTP GET /lib/jquery-validation-unobtrusive/dist/jquery.validate.unobtrusive.min.js responded 304 in 0.4623 ms
2026-07-01 16:22:54.666 +03:00 [INF] HTTP GET /js/products-catalog-filter.js responded 304 in 0.5760 ms
2026-07-01 16:22:57.345 +03:00 [INF] HTTP GET /Inventory/Products responded 200 in 68.7663 ms
2026-07-01 16:22:57.392 +03:00 [INF] HTTP GET /lib/bootstrap/dist/css/bootstrap.min.css responded 304 in 0.4081 ms
2026-07-01 16:22:57.396 +03:00 [INF] HTTP GET /css/site.css responded 304 in 3.0020 ms
2026-07-01 16:22:57.397 +03:00 [INF] HTTP GET /Biktal.WebMVC.styles.css responded 304 in 0.6373 ms
2026-07-01 16:22:58.279 +03:00 [INF] HTTP GET /lib/jquery/dist/jquery.min.js responded 304 in 2.2893 ms
2026-07-01 16:22:58.297 +03:00 [INF] HTTP GET /lib/bootstrap/dist/js/bootstrap.bundle.min.js responded 304 in 0.6217 ms
2026-07-01 16:22:58.298 +03:00 [INF] HTTP GET /js/site.js responded 304 in 0.5299 ms
2026-07-01 16:22:58.299 +03:00 [INF] HTTP GET /lib/jquery-validation/dist/jquery.validate.min.js responded 304 in 0.4316 ms
2026-07-01 16:22:58.300 +03:00 [INF] HTTP GET /lib/jquery-validation-unobtrusive/dist/jquery.validate.unobtrusive.min.js responded 304 in 0.4605 ms
2026-07-01 16:22:58.300 +03:00 [INF] HTTP GET /js/products-catalog-filter.js responded 304 in 0.2791 ms
2026-07-01 16:23:00.764 +03:00 [INF] HTTP POST /Inventory/EditProduct responded 302 in 13.3863 ms
2026-07-01 16:23:00.840 +03:00 [INF] HTTP GET /Inventory/Products responded 200 in 63.4427 ms
2026-07-01 16:23:00.937 +03:00 [INF] HTTP GET /css/site.css responded 304 in 1.0581 ms
2026-07-01 16:23:00.938 +03:00 [INF] HTTP GET /Biktal.WebMVC.styles.css responded 304 in 1.3098 ms
2026-07-01 16:23:00.941 +03:00 [INF] HTTP GET /lib/bootstrap/dist/css/bootstrap.min.css responded 200 in 3.5644 ms
2026-07-01 16:23:01.821 +03:00 [INF] HTTP GET /lib/jquery/dist/jquery.min.js responded 304 in 0.2531 ms
2026-07-01 16:23:01.834 +03:00 [INF] HTTP GET /js/site.js responded 304 in 0.4103 ms
2026-07-01 16:23:01.834 +03:00 [INF] HTTP GET /lib/bootstrap/dist/js/bootstrap.bundle.min.js responded 304 in 0.4126 ms
2026-07-01 16:23:01.836 +03:00 [INF] HTTP GET /lib/jquery-validation/dist/jquery.validate.min.js responded 304 in 1.0793 ms
2026-07-01 16:23:01.838 +03:00 [INF] HTTP GET /lib/jquery-validation-unobtrusive/dist/jquery.validate.unobtrusive.min.js responded 304 in 0.4278 ms
2026-07-01 16:23:01.839 +03:00 [INF] HTTP GET /js/products-catalog-filter.js responded 304 in 0.6940 ms
2026-07-01 16:25:13.982 +03:00 [INF] HTTP POST /Inventory/DeleteProduct responded 302 in 25.9284 ms
2026-07-01 16:25:14.069 +03:00 [INF] HTTP GET /Inventory/Products responded 200 in 78.0653 ms
2026-07-01 16:25:14.102 +03:00 [INF] HTTP GET /lib/bootstrap/dist/css/bootstrap.min.css responded 200 in 1.4255 ms
2026-07-01 16:25:14.105 +03:00 [INF] HTTP GET /css/site.css responded 200 in 0.8077 ms
2026-07-01 16:25:14.110 +03:00 [INF] HTTP GET /Biktal.WebMVC.styles.css responded 200 in 3.8895 ms
2026-07-01 16:25:15.138 +03:00 [INF] HTTP GET /lib/jquery/dist/jquery.min.js responded 200 in 0.8249 ms
2026-07-01 16:25:15.164 +03:00 [INF] HTTP GET /js/site.js responded 200 in 0.7826 ms
2026-07-01 16:25:15.164 +03:00 [INF] HTTP GET /lib/bootstrap/dist/js/bootstrap.bundle.min.js responded 200 in 0.8549 ms
2026-07-01 16:25:15.164 +03:00 [INF] HTTP GET /js/products-catalog-filter.js responded 200 in 0.5719 ms
2026-07-01 16:25:15.164 +03:00 [INF] HTTP GET /lib/jquery-validation-unobtrusive/dist/jquery.validate.unobtrusive.min.js responded 200 in 0.6410 ms
2026-07-01 16:25:15.165 +03:00 [INF] HTTP GET /lib/jquery-validation/dist/jquery.validate.min.js responded 200 in 1.6438 ms
2026-07-01 16:25:22.533 +03:00 [INF] HTTP POST /Inventory/DeleteProduct responded 302 in 8.0869 ms
2026-07-01 16:25:22.602 +03:00 [INF] HTTP GET /Inventory/Products responded 200 in 60.6978 ms
2026-07-01 16:25:22.656 +03:00 [INF] HTTP GET /Biktal.WebMVC.styles.css responded 200 in 1.4421 ms
2026-07-01 16:25:22.656 +03:00 [INF] HTTP GET /lib/bootstrap/dist/css/bootstrap.min.css responded 200 in 1.1671 ms
2026-07-01 16:25:22.656 +03:00 [INF] HTTP GET /css/site.css responded 200 in 0.8562 ms
2026-07-01 16:25:23.418 +03:00 [INF] HTTP GET /lib/jquery/dist/jquery.min.js responded 304 in 0.2490 ms
2026-07-01 16:25:23.440 +03:00 [INF] HTTP GET /js/site.js responded 304 in 0.3698 ms
2026-07-01 16:25:23.441 +03:00 [INF] HTTP GET /lib/bootstrap/dist/js/bootstrap.bundle.min.js responded 304 in 0.3817 ms
2026-07-01 16:25:23.441 +03:00 [INF] HTTP GET /lib/jquery-validation/dist/jquery.validate.min.js responded 304 in 0.2348 ms
2026-07-01 16:25:23.441 +03:00 [INF] HTTP GET /lib/jquery-validation-unobtrusive/dist/jquery.validate.unobtrusive.min.js responded 304 in 0.2582 ms
2026-07-01 16:25:23.442 +03:00 [INF] HTTP GET /js/products-catalog-filter.js responded 304 in 0.9584 ms
2026-07-01 16:39:04.634 +03:00 [INF] HTTP GET /Inventory/Products responded 200 in 158.0091 ms
2026-07-01 16:39:04.661 +03:00 [INF] HTTP GET /css/site.css responded 200 in 0.8236 ms
2026-07-01 16:39:04.664 +03:00 [INF] HTTP GET /Biktal.WebMVC.styles.css responded 200 in 0.9277 ms
2026-07-01 16:39:04.668 +03:00 [INF] HTTP GET /lib/bootstrap/dist/css/bootstrap.min.css responded 200 in 2.2905 ms
2026-07-01 16:39:05.899 +03:00 [INF] HTTP GET /lib/jquery/dist/jquery.min.js responded 200 in 0.7795 ms
2026-07-01 16:39:05.924 +03:00 [INF] HTTP GET /js/site.js responded 200 in 1.3620 ms
2026-07-01 16:39:05.924 +03:00 [INF] HTTP GET /lib/bootstrap/dist/js/bootstrap.bundle.min.js responded 200 in 1.0806 ms
2026-07-01 16:39:05.925 +03:00 [INF] HTTP GET /lib/jquery-validation/dist/jquery.validate.min.js responded 200 in 1.1215 ms
2026-07-01 16:39:05.927 +03:00 [INF] HTTP GET /lib/jquery-validation-unobtrusive/dist/jquery.validate.unobtrusive.min.js responded 200 in 1.0538 ms
2026-07-01 16:39:05.934 +03:00 [INF] HTTP GET /js/products-catalog-filter.js responded 200 in 7.5022 ms
2026-07-01 16:39:11.140 +03:00 [INF] HTTP POST /Inventory/EditProduct responded 302 in 11.6303 ms
2026-07-01 16:39:11.216 +03:00 [INF] HTTP GET /Inventory/Products responded 200 in 66.9356 ms
2026-07-01 16:39:11.250 +03:00 [INF] HTTP GET /css/site.css responded 304 in 0.4264 ms
2026-07-01 16:39:11.253 +03:00 [INF] HTTP GET /lib/bootstrap/dist/css/bootstrap.min.css responded 304 in 1.1692 ms
2026-07-01 16:39:11.255 +03:00 [INF] HTTP GET /Biktal.WebMVC.styles.css responded 304 in 1.4038 ms
2026-07-01 16:39:12.137 +03:00 [INF] HTTP GET /lib/jquery/dist/jquery.min.js responded 304 in 0.2484 ms
2026-07-01 16:39:12.163 +03:00 [INF] HTTP GET /js/site.js responded 304 in 0.3797 ms
2026-07-01 16:39:12.163 +03:00 [INF] HTTP GET /lib/jquery-validation/dist/jquery.validate.min.js responded 304 in 0.1950 ms
2026-07-01 16:39:12.163 +03:00 [INF] HTTP GET /lib/bootstrap/dist/js/bootstrap.bundle.min.js responded 304 in 0.2589 ms
2026-07-01 16:39:12.165 +03:00 [INF] HTTP GET /lib/jquery-validation-unobtrusive/dist/jquery.validate.unobtrusive.min.js responded 304 in 0.4828 ms
2026-07-01 16:39:12.166 +03:00 [INF] HTTP GET /js/products-catalog-filter.js responded 304 in 1.2795 ms
2026-07-01 16:39:19.879 +03:00 [INF] HTTP GET /Inventory/Products responded 200 in 52.7544 ms
2026-07-01 16:39:19.930 +03:00 [INF] HTTP GET /Biktal.WebMVC.styles.css responded 304 in 0.4571 ms
2026-07-01 16:39:19.931 +03:00 [INF] HTTP GET /lib/bootstrap/dist/css/bootstrap.min.css responded 304 in 0.3865 ms
2026-07-01 16:39:19.932 +03:00 [INF] HTTP GET /css/site.css responded 304 in 0.4076 ms
2026-07-01 16:39:21.148 +03:00 [INF] HTTP GET /lib/jquery/dist/jquery.min.js responded 304 in 0.2641 ms
2026-07-01 16:39:21.171 +03:00 [INF] HTTP GET /lib/bootstrap/dist/js/bootstrap.bundle.min.js responded 304 in 0.7515 ms
2026-07-01 16:39:21.171 +03:00 [INF] HTTP GET /js/site.js responded 304 in 0.3896 ms
2026-07-01 16:39:21.174 +03:00 [INF] HTTP GET /lib/jquery-validation-unobtrusive/dist/jquery.validate.unobtrusive.min.js responded 304 in 1.9570 ms
2026-07-01 16:39:21.174 +03:00 [INF] HTTP GET /lib/jquery-validation/dist/jquery.validate.min.js responded 304 in 2.3244 ms
2026-07-01 16:39:21.178 +03:00 [INF] HTTP GET /js/products-catalog-filter.js responded 304 in 2.2651 ms
2026-07-01 16:39:23.997 +03:00 [INF] HTTP POST /Inventory/EditProduct responded 302 in 11.3353 ms
2026-07-01 16:39:24.051 +03:00 [INF] HTTP GET /Inventory/Products responded 200 in 45.2525 ms
2026-07-01 16:39:24.119 +03:00 [INF] HTTP GET /lib/bootstrap/dist/css/bootstrap.min.css responded 304 in 0.5917 ms
2026-07-01 16:39:24.120 +03:00 [INF] HTTP GET /Biktal.WebMVC.styles.css responded 304 in 0.5352 ms
2026-07-01 16:39:24.120 +03:00 [INF] HTTP GET /css/site.css responded 304 in 0.2846 ms
2026-07-01 16:39:24.986 +03:00 [INF] HTTP GET /lib/jquery/dist/jquery.min.js responded 304 in 0.3295 ms
2026-07-01 16:39:25.001 +03:00 [INF] HTTP GET /js/site.js responded 304 in 0.2541 ms
2026-07-01 16:39:25.001 +03:00 [INF] HTTP GET /lib/bootstrap/dist/js/bootstrap.bundle.min.js responded 304 in 0.4772 ms
2026-07-01 16:39:25.001 +03:00 [INF] HTTP GET /js/products-catalog-filter.js responded 304 in 0.2969 ms
2026-07-01 16:39:25.001 +03:00 [INF] HTTP GET /lib/jquery-validation-unobtrusive/dist/jquery.validate.unobtrusive.min.js responded 304 in 0.2015 ms
2026-07-01 16:39:25.001 +03:00 [INF] HTTP GET /lib/jquery-validation/dist/jquery.validate.min.js responded 304 in 0.2087 ms
2026-07-01 16:41:22.136 +03:00 [INF] HTTP GET /Inventory/Products responded 200 in 96.4150 ms
2026-07-01 16:41:22.267 +03:00 [INF] HTTP GET /lib/bootstrap/dist/css/bootstrap.min.css responded 200 in 0.9771 ms
2026-07-01 16:41:22.276 +03:00 [INF] HTTP GET /css/site.css responded 200 in 0.7644 ms
2026-07-01 16:41:22.277 +03:00 [INF] HTTP GET /Biktal.WebMVC.styles.css responded 200 in 0.7965 ms
2026-07-01 16:41:23.478 +03:00 [INF] HTTP GET /lib/jquery/dist/jquery.min.js responded 200 in 0.6625 ms
2026-07-01 16:41:23.495 +03:00 [INF] HTTP GET /js/site.js responded 200 in 0.8106 ms
2026-07-01 16:41:23.495 +03:00 [INF] HTTP GET /lib/bootstrap/dist/js/bootstrap.bundle.min.js responded 200 in 0.7731 ms
2026-07-01 16:41:23.496 +03:00 [INF] HTTP GET /lib/jquery-validation/dist/jquery.validate.min.js responded 200 in 0.7243 ms
2026-07-01 16:41:23.496 +03:00 [INF] HTTP GET /lib/jquery-validation-unobtrusive/dist/jquery.validate.unobtrusive.min.js responded 200 in 0.6476 ms
2026-07-01 16:41:23.498 +03:00 [INF] HTTP GET /js/products-catalog-filter.js responded 200 in 0.8674 ms
2026-07-01 16:41:36.604 +03:00 [INF] HTTP POST /Inventory/EditProduct responded 302 in 12.3958 ms
2026-07-01 16:41:36.679 +03:00 [INF] HTTP GET /Inventory/Products responded 200 in 67.4803 ms
2026-07-01 16:41:36.726 +03:00 [INF] HTTP GET /lib/bootstrap/dist/css/bootstrap.min.css responded 200 in 1.7614 ms
2026-07-01 16:41:36.732 +03:00 [INF] HTTP GET /css/site.css responded 200 in 1.2863 ms
2026-07-01 16:41:36.738 +03:00 [INF] HTTP GET /Biktal.WebMVC.styles.css responded 200 in 0.7187 ms
2026-07-01 16:41:37.734 +03:00 [INF] HTTP GET /lib/jquery/dist/jquery.min.js responded 200 in 0.6374 ms
2026-07-01 16:41:37.758 +03:00 [INF] HTTP GET /lib/jquery-validation/dist/jquery.validate.min.js responded 200 in 0.6087 ms
2026-07-01 16:41:37.758 +03:00 [INF] HTTP GET /js/site.js responded 200 in 1.0255 ms
2026-07-01 16:41:37.758 +03:00 [INF] HTTP GET /lib/jquery-validation-unobtrusive/dist/jquery.validate.unobtrusive.min.js responded 200 in 0.6542 ms
2026-07-01 16:41:37.759 +03:00 [INF] HTTP GET /lib/bootstrap/dist/js/bootstrap.bundle.min.js responded 200 in 0.8590 ms
2026-07-01 16:41:37.761 +03:00 [INF] HTTP GET /js/products-catalog-filter.js responded 200 in 1.0517 ms
2026-07-01 16:42:49.829 +03:00 [INF] HTTP GET /Inventory/Products responded 200 in 80.1107 ms
2026-07-01 16:42:49.864 +03:00 [INF] HTTP GET /Biktal.WebMVC.styles.css responded 200 in 0.7133 ms
2026-07-01 16:42:49.871 +03:00 [INF] HTTP GET /lib/bootstrap/dist/css/bootstrap.min.css responded 200 in 0.8282 ms
2026-07-01 16:42:49.872 +03:00 [INF] HTTP GET /css/site.css responded 200 in 0.7489 ms
2026-07-01 16:42:50.938 +03:00 [INF] HTTP GET /lib/jquery/dist/jquery.min.js responded 200 in 0.7368 ms
2026-07-01 16:42:50.964 +03:00 [INF] HTTP GET /js/site.js responded 200 in 1.0447 ms
2026-07-01 16:42:50.974 +03:00 [INF] HTTP GET /lib/jquery-validation-unobtrusive/dist/jquery.validate.unobtrusive.min.js responded 200 in 9.8559 ms
2026-07-01 16:42:50.975 +03:00 [INF] HTTP GET /js/products-catalog-filter.js responded 200 in 10.4567 ms
2026-07-01 16:42:50.975 +03:00 [INF] HTTP GET /lib/bootstrap/dist/js/bootstrap.bundle.min.js responded 200 in 12.5355 ms
2026-07-01 16:42:50.991 +03:00 [INF] HTTP GET /lib/jquery-validation/dist/jquery.validate.min.js responded 200 in 0.7473 ms
2026-07-01 16:42:54.873 +03:00 [INF] HTTP POST /Inventory/EditProduct responded 302 in 11.7810 ms
2026-07-01 16:42:54.952 +03:00 [INF] HTTP GET /Inventory/Products responded 200 in 67.6332 ms
2026-07-01 16:42:55.042 +03:00 [INF] HTTP GET /lib/bootstrap/dist/css/bootstrap.min.css responded 304 in 0.3434 ms
2026-07-01 16:42:55.042 +03:00 [INF] HTTP GET /css/site.css responded 304 in 0.3537 ms
2026-07-01 16:42:55.042 +03:00 [INF] HTTP GET /Biktal.WebMVC.styles.css responded 304 in 0.6576 ms
2026-07-01 16:42:55.878 +03:00 [INF] HTTP GET /lib/jquery/dist/jquery.min.js responded 304 in 0.7476 ms
2026-07-01 16:42:55.895 +03:00 [INF] HTTP GET /lib/bootstrap/dist/js/bootstrap.bundle.min.js responded 304 in 0.3571 ms
2026-07-01 16:42:55.895 +03:00 [INF] HTTP GET /js/site.js responded 304 in 0.3440 ms
2026-07-01 16:42:55.896 +03:00 [INF] HTTP GET /lib/jquery-validation/dist/jquery.validate.min.js responded 304 in 0.2300 ms
2026-07-01 16:42:55.896 +03:00 [INF] HTTP GET /js/products-catalog-filter.js responded 304 in 0.2429 ms
2026-07-01 16:42:55.896 +03:00 [INF] HTTP GET /lib/jquery-validation-unobtrusive/dist/jquery.validate.unobtrusive.min.js responded 304 in 0.2872 ms
2026-07-01 16:44:29.822 +03:00 [INF] HTTP POST /Inventory/AddProduct responded 302 in 115.1423 ms
2026-07-01 16:44:29.913 +03:00 [INF] HTTP GET /Inventory/Products responded 200 in 76.1332 ms
2026-07-01 16:44:29.961 +03:00 [INF] HTTP GET /lib/bootstrap/dist/css/bootstrap.min.css responded 200 in 1.2182 ms
2026-07-01 16:44:29.965 +03:00 [INF] HTTP GET /css/site.css responded 200 in 1.0327 ms
2026-07-01 16:44:29.968 +03:00 [INF] HTTP GET /Biktal.WebMVC.styles.css responded 200 in 1.4873 ms
2026-07-01 16:44:31.151 +03:00 [INF] HTTP GET /lib/jquery/dist/jquery.min.js responded 200 in 0.6226 ms
2026-07-01 16:44:31.179 +03:00 [INF] HTTP GET /lib/bootstrap/dist/js/bootstrap.bundle.min.js responded 200 in 0.7940 ms
2026-07-01 16:44:31.179 +03:00 [INF] HTTP GET /js/site.js responded 200 in 0.5596 ms
2026-07-01 16:44:31.180 +03:00 [INF] HTTP GET /lib/jquery-validation/dist/jquery.validate.min.js responded 200 in 0.9395 ms
2026-07-01 16:44:31.182 +03:00 [INF] HTTP GET /lib/jquery-validation-unobtrusive/dist/jquery.validate.unobtrusive.min.js responded 200 in 1.0589 ms
2026-07-01 16:44:31.191 +03:00 [INF] HTTP GET /js/products-catalog-filter.js responded 200 in 0.8749 ms
2026-07-01 16:45:38.243 +03:00 [INF] HTTP POST /Inventory/AddProduct responded 302 in 16.9230 ms
2026-07-01 16:45:38.349 +03:00 [INF] HTTP GET /Inventory/Products responded 200 in 96.7997 ms
2026-07-01 16:45:38.435 +03:00 [INF] HTTP GET /lib/bootstrap/dist/css/bootstrap.min.css responded 200 in 2.6160 ms
2026-07-01 16:45:38.437 +03:00 [INF] HTTP GET /Biktal.WebMVC.styles.css responded 200 in 1.4663 ms
2026-07-01 16:45:38.438 +03:00 [INF] HTTP GET /css/site.css responded 200 in 1.9140 ms
2026-07-01 16:45:39.530 +03:00 [INF] HTTP GET /lib/jquery/dist/jquery.min.js responded 200 in 0.6937 ms
2026-07-01 16:45:39.559 +03:00 [INF] HTTP GET /js/site.js responded 200 in 0.6987 ms
2026-07-01 16:45:39.559 +03:00 [INF] HTTP GET /lib/bootstrap/dist/js/bootstrap.bundle.min.js responded 200 in 0.5434 ms
2026-07-01 16:45:39.560 +03:00 [INF] HTTP GET /lib/jquery-validation/dist/jquery.validate.min.js responded 200 in 1.1378 ms
2026-07-01 16:45:39.562 +03:00 [INF] HTTP GET /lib/jquery-validation-unobtrusive/dist/jquery.validate.unobtrusive.min.js responded 200 in 2.5289 ms
2026-07-01 16:45:39.569 +03:00 [INF] HTTP GET /js/products-catalog-filter.js responded 200 in 6.4156 ms
2026-07-01 16:46:41.307 +03:00 [INF] HTTP POST /Inventory/AddProduct responded 302 in 19.0713 ms
2026-07-01 16:46:41.381 +03:00 [INF] HTTP GET /Inventory/Products responded 200 in 60.2550 ms
2026-07-01 16:46:41.463 +03:00 [INF] HTTP GET /Biktal.WebMVC.styles.css responded 200 in 1.0557 ms
2026-07-01 16:46:41.467 +03:00 [INF] HTTP GET /lib/bootstrap/dist/css/bootstrap.min.css responded 200 in 0.7452 ms
2026-07-01 16:46:41.468 +03:00 [INF] HTTP GET /css/site.css responded 200 in 1.0033 ms
2026-07-01 16:46:42.494 +03:00 [INF] HTTP GET /lib/jquery/dist/jquery.min.js responded 200 in 0.6046 ms
2026-07-01 16:46:42.519 +03:00 [INF] HTTP GET /lib/bootstrap/dist/js/bootstrap.bundle.min.js responded 200 in 3.0141 ms
2026-07-01 16:46:42.520 +03:00 [INF] HTTP GET /lib/jquery-validation/dist/jquery.validate.min.js responded 200 in 2.9585 ms
2026-07-01 16:46:42.517 +03:00 [INF] HTTP GET /js/site.js responded 200 in 0.5083 ms
2026-07-01 16:46:42.530 +03:00 [INF] HTTP GET /lib/jquery-validation-unobtrusive/dist/jquery.validate.unobtrusive.min.js responded 200 in 0.8993 ms
2026-07-01 16:46:42.531 +03:00 [INF] HTTP GET /js/products-catalog-filter.js responded 200 in 1.4733 ms
2026-07-01 16:46:45.861 +03:00 [INF] HTTP GET /Inventory/Products responded 200 in 95.5652 ms
2026-07-01 16:46:45.913 +03:00 [INF] HTTP GET /css/site.css responded 304 in 0.4329 ms
2026-07-01 16:46:45.919 +03:00 [INF] HTTP GET /lib/bootstrap/dist/css/bootstrap.min.css responded 304 in 2.7348 ms
2026-07-01 16:46:45.923 +03:00 [INF] HTTP GET /Biktal.WebMVC.styles.css responded 304 in 0.3381 ms
2026-07-01 16:46:46.699 +03:00 [INF] HTTP GET /lib/jquery/dist/jquery.min.js responded 304 in 0.2551 ms
2026-07-01 16:46:46.723 +03:00 [INF] HTTP GET /lib/bootstrap/dist/js/bootstrap.bundle.min.js responded 304 in 0.3140 ms
2026-07-01 16:46:46.723 +03:00 [INF] HTTP GET /js/site.js responded 304 in 0.3140 ms
2026-07-01 16:46:46.724 +03:00 [INF] HTTP GET /lib/jquery-validation-unobtrusive/dist/jquery.validate.unobtrusive.min.js responded 304 in 0.3967 ms
2026-07-01 16:46:46.724 +03:00 [INF] HTTP GET /lib/jquery-validation/dist/jquery.validate.min.js responded 304 in 0.8762 ms
2026-07-01 16:46:46.728 +03:00 [INF] HTTP GET /js/products-catalog-filter.js responded 304 in 1.9984 ms
2026-07-01 16:46:51.706 +03:00 [INF] HTTP POST /Inventory/EditProduct responded 302 in 9.8803 ms
2026-07-01 16:46:51.763 +03:00 [INF] HTTP GET /Inventory/Products responded 200 in 50.1561 ms
2026-07-01 16:46:51.823 +03:00 [INF] HTTP GET /lib/bootstrap/dist/css/bootstrap.min.css responded 304 in 0.4193 ms
2026-07-01 16:46:51.826 +03:00 [INF] HTTP GET /css/site.css responded 304 in 0.5317 ms
2026-07-01 16:46:51.830 +03:00 [INF] HTTP GET /Biktal.WebMVC.styles.css responded 304 in 0.3721 ms
2026-07-01 16:46:52.808 +03:00 [INF] HTTP GET /lib/jquery/dist/jquery.min.js responded 304 in 0.3414 ms
2026-07-01 16:46:52.828 +03:00 [INF] HTTP GET /lib/bootstrap/dist/js/bootstrap.bundle.min.js responded 304 in 0.3577 ms
2026-07-01 16:46:52.828 +03:00 [INF] HTTP GET /js/site.js responded 304 in 0.3003 ms
2026-07-01 16:46:52.828 +03:00 [INF] HTTP GET /lib/jquery-validation-unobtrusive/dist/jquery.validate.unobtrusive.min.js responded 304 in 0.3202 ms
2026-07-01 16:46:52.828 +03:00 [INF] HTTP GET /lib/jquery-validation/dist/jquery.validate.min.js responded 304 in 0.2905 ms
2026-07-01 16:46:52.829 +03:00 [INF] HTTP GET /js/products-catalog-filter.js responded 304 in 0.3799 ms
2026-07-01 16:47:05.625 +03:00 [INF] HTTP GET /Inventory/Products responded 200 in 51.5428 ms
2026-07-01 16:47:05.682 +03:00 [INF] HTTP GET /css/site.css responded 304 in 0.5039 ms
2026-07-01 16:47:05.683 +03:00 [INF] HTTP GET /Biktal.WebMVC.styles.css responded 304 in 0.5812 ms
2026-07-01 16:47:05.684 +03:00 [INF] HTTP GET /lib/bootstrap/dist/css/bootstrap.min.css responded 304 in 0.3895 ms
2026-07-01 16:47:06.451 +03:00 [INF] HTTP GET /lib/jquery/dist/jquery.min.js responded 304 in 0.3833 ms
2026-07-01 16:47:06.470 +03:00 [INF] HTTP GET /lib/bootstrap/dist/js/bootstrap.bundle.min.js responded 304 in 0.3925 ms
2026-07-01 16:47:06.471 +03:00 [INF] HTTP GET /js/site.js responded 304 in 0.4209 ms
2026-07-01 16:47:06.473 +03:00 [INF] HTTP GET /lib/jquery-validation/dist/jquery.validate.min.js responded 304 in 1.1225 ms
2026-07-01 16:47:06.473 +03:00 [INF] HTTP GET /lib/jquery-validation-unobtrusive/dist/jquery.validate.unobtrusive.min.js responded 304 in 0.3378 ms
2026-07-01 16:47:06.473 +03:00 [INF] HTTP GET /js/products-catalog-filter.js responded 304 in 0.4875 ms
2026-07-01 16:47:10.393 +03:00 [INF] HTTP POST /Inventory/EditProduct responded 302 in 9.7922 ms
2026-07-01 16:47:10.447 +03:00 [INF] HTTP GET /Inventory/Products responded 200 in 42.3806 ms
2026-07-01 16:47:10.509 +03:00 [INF] HTTP GET /lib/bootstrap/dist/css/bootstrap.min.css responded 304 in 0.9877 ms
2026-07-01 16:47:10.509 +03:00 [INF] HTTP GET /css/site.css responded 304 in 0.4478 ms
2026-07-01 16:47:10.512 +03:00 [INF] HTTP GET /Biktal.WebMVC.styles.css responded 304 in 1.8103 ms
2026-07-01 16:47:11.435 +03:00 [INF] HTTP GET /lib/jquery/dist/jquery.min.js responded 304 in 0.2494 ms
2026-07-01 16:47:11.451 +03:00 [INF] HTTP GET /lib/bootstrap/dist/js/bootstrap.bundle.min.js responded 304 in 0.6002 ms
2026-07-01 16:47:11.451 +03:00 [INF] HTTP GET /lib/jquery-validation/dist/jquery.validate.min.js responded 304 in 0.2629 ms
2026-07-01 16:47:11.451 +03:00 [INF] HTTP GET /js/site.js responded 304 in 0.2629 ms
2026-07-01 16:47:11.451 +03:00 [INF] HTTP GET /lib/jquery-validation-unobtrusive/dist/jquery.validate.unobtrusive.min.js responded 304 in 0.4969 ms
2026-07-01 16:47:11.452 +03:00 [INF] HTTP GET /js/products-catalog-filter.js responded 304 in 0.4213 ms
2026-07-01 16:54:04.820 +03:00 [INF] HTTP GET /Inventory/Products responded 200 in 220.8947 ms
2026-07-01 16:54:04.893 +03:00 [INF] HTTP GET /Biktal.WebMVC.styles.css responded 200 in 1.7396 ms
2026-07-01 16:54:04.895 +03:00 [INF] HTTP GET /css/site.css responded 200 in 0.8747 ms
2026-07-01 16:54:04.898 +03:00 [INF] HTTP GET /lib/bootstrap/dist/css/bootstrap.min.css responded 200 in 0.9806 ms
2026-07-01 16:54:06.072 +03:00 [INF] HTTP GET /lib/jquery/dist/jquery.min.js responded 200 in 0.6702 ms
2026-07-01 16:54:06.096 +03:00 [INF] HTTP GET /lib/bootstrap/dist/js/bootstrap.bundle.min.js responded 200 in 1.0087 ms
2026-07-01 16:54:06.096 +03:00 [INF] HTTP GET /js/site.js responded 200 in 0.6296 ms
2026-07-01 16:54:06.098 +03:00 [INF] HTTP GET /lib/jquery-validation/dist/jquery.validate.min.js responded 200 in 1.5022 ms
2026-07-01 16:54:06.103 +03:00 [INF] HTTP GET /lib/jquery-validation-unobtrusive/dist/jquery.validate.unobtrusive.min.js responded 200 in 4.1954 ms
2026-07-01 16:54:06.105 +03:00 [INF] HTTP GET /js/products-catalog-filter.js responded 200 in 1.6925 ms
2026-07-01 16:54:11.053 +03:00 [INF] HTTP POST /Inventory/EditProduct responded 302 in 17.0065 ms
2026-07-01 16:54:11.114 +03:00 [INF] HTTP GET /Inventory/Products responded 200 in 51.6724 ms
2026-07-01 16:54:11.185 +03:00 [INF] HTTP GET /css/site.css responded 200 in 0.7014 ms
2026-07-01 16:54:11.185 +03:00 [INF] HTTP GET /lib/bootstrap/dist/css/bootstrap.min.css responded 200 in 0.9889 ms
2026-07-01 16:54:11.187 +03:00 [INF] HTTP GET /Biktal.WebMVC.styles.css responded 200 in 2.3885 ms
2026-07-01 16:54:12.030 +03:00 [INF] HTTP GET /lib/jquery/dist/jquery.min.js responded 304 in 0.2513 ms
2026-07-01 16:54:12.046 +03:00 [INF] HTTP GET /lib/bootstrap/dist/js/bootstrap.bundle.min.js responded 304 in 0.3154 ms
2026-07-01 16:54:12.046 +03:00 [INF] HTTP GET /js/site.js responded 304 in 0.3154 ms
2026-07-01 16:54:12.047 +03:00 [INF] HTTP GET /lib/jquery-validation-unobtrusive/dist/jquery.validate.unobtrusive.min.js responded 304 in 0.2824 ms
2026-07-01 16:54:12.047 +03:00 [INF] HTTP GET /lib/jquery-validation/dist/jquery.validate.min.js responded 304 in 0.2861 ms
2026-07-01 16:54:12.047 +03:00 [INF] HTTP GET /js/products-catalog-filter.js responded 304 in 0.5406 ms
2026-07-01 17:15:11.655 +03:00 [INF] Application is shutting down...
2026-07-01 19:42:29.230 +03:00 [ERR] Failed executing DbCommand (19ms) [Parameters=[@p0='?' (DbType = Guid), @p1='?' (DbType = DateTime), @p2='?' (DbType = Guid), @p3='?', @p4='?' (DbType = DateTime), @p5='?' (DbType = Int32), @p6='?' (DbType = Int32), @p7='?', @p8='?', @p9='?' (DbType = Guid), @p10='?' (DbType = DateTime), @p11='?' (DbType = Guid), @p12='?', @p13='?' (DbType = DateTime), @p14='?' (DbType = Int32), @p15='?' (DbType = Int32), @p16='?', @p17='?'], CommandType='"Text"', CommandTimeout='30']
INSERT INTO "CrmSupportTickets" ("Id", "CreatedAtUtc", "CustomerId", "Description", "ModifiedAtUtc", "Priority", "Status", "Subject", "TicketNumber")
VALUES (@p0, @p1, @p2, @p3, @p4, @p5, @p6, @p7, @p8);
INSERT INTO "CrmSupportTickets" ("Id", "CreatedAtUtc", "CustomerId", "Description", "ModifiedAtUtc", "Priority", "Status", "Subject", "TicketNumber")
VALUES (@p9, @p10, @p11, @p12, @p13, @p14, @p15, @p16, @p17);
2026-07-01 19:42:29.306 +03:00 [ERR] An exception occurred in the database while saving changes for context type 'Biktal.Infrastructure.Persistence.ApplicationDbContext'.
Microsoft.EntityFrameworkCore.DbUpdateException: An error occurred while saving the entity changes. See the inner exception for details.
 ---> Npgsql.PostgresException (0x80004005): 23503: insert or update on table "CrmSupportTickets" violates foreign key constraint "FK_CrmSupportTickets_CrmCustomers_CustomerId"

DETAIL: Detail redacted as it may contain sensitive data. Specify 'Include Error Detail' in the connection string to include this information.
   at Npgsql.Internal.NpgsqlConnector.ReadMessageLong(Boolean async, DataRowLoadingMode dataRowLoadingMode, Boolean readingNotifications, Boolean isReadingPrependedMessage)
   at System.Runtime.CompilerServices.PoolingAsyncValueTaskMethodBuilder`1.StateMachineBox`1.System.Threading.Tasks.Sources.IValueTaskSource<TResult>.GetResult(Int16 token)
   at Npgsql.NpgsqlDataReader.NextResult(Boolean async, Boolean isConsuming, CancellationToken cancellationToken)
   at Npgsql.NpgsqlDataReader.NextResult(Boolean async, Boolean isConsuming, CancellationToken cancellationToken)
   at Npgsql.NpgsqlCommand.ExecuteReader(Boolean async, CommandBehavior behavior, CancellationToken cancellationToken)
   at Npgsql.NpgsqlCommand.ExecuteReader(Boolean async, CommandBehavior behavior, CancellationToken cancellationToken)
   at Npgsql.NpgsqlCommand.ExecuteDbDataReaderAsync(CommandBehavior behavior, CancellationToken cancellationToken)
   at Microsoft.EntityFrameworkCore.Storage.RelationalCommand.ExecuteReaderAsync(RelationalCommandParameterObject parameterObject, CancellationToken cancellationToken)
   at Microsoft.EntityFrameworkCore.Storage.RelationalCommand.ExecuteReaderAsync(RelationalCommandParameterObject parameterObject, CancellationToken cancellationToken)
   at Microsoft.EntityFrameworkCore.Update.ReaderModificationCommandBatch.ExecuteAsync(IRelationalConnection connection, CancellationToken cancellationToken)
  Exception data:
    Severity: ERROR
    SqlState: 23503
    MessageText: insert or update on table "CrmSupportTickets" violates foreign key constraint "FK_CrmSupportTickets_CrmCustomers_CustomerId"
    Detail: Detail redacted as it may contain sensitive data. Specify 'Include Error Detail' in the connection string to include this information.
    SchemaName: public
    TableName: CrmSupportTickets
    ConstraintName: FK_CrmSupportTickets_CrmCustomers_CustomerId
    File: ri_triggers.c
    Line: 2783
    Routine: ri_ReportViolation
   --- End of inner exception stack trace ---
   at Microsoft.EntityFrameworkCore.Update.ReaderModificationCommandBatch.ExecuteAsync(IRelationalConnection connection, CancellationToken cancellationToken)
   at Microsoft.EntityFrameworkCore.Update.Internal.BatchExecutor.ExecuteAsync(IEnumerable`1 commandBatches, IRelationalConnection connection, CancellationToken cancellationToken)
   at Microsoft.EntityFrameworkCore.Update.Internal.BatchExecutor.ExecuteAsync(IEnumerable`1 commandBatches, IRelationalConnection connection, CancellationToken cancellationToken)
   at Microsoft.EntityFrameworkCore.Update.Internal.BatchExecutor.ExecuteAsync(IEnumerable`1 commandBatches, IRelationalConnection connection, CancellationToken cancellationToken)
   at Microsoft.EntityFrameworkCore.Storage.RelationalDatabase.SaveChangesAsync(IList`1 entries, CancellationToken cancellationToken)
   at Microsoft.EntityFrameworkCore.ChangeTracking.Internal.StateManager.SaveChangesAsync(IList`1 entriesToSave, CancellationToken cancellationToken)
   at Microsoft.EntityFrameworkCore.ChangeTracking.Internal.StateManager.SaveChangesAsync(StateManager stateManager, Boolean acceptAllChangesOnSuccess, CancellationToken cancellationToken)
   at Npgsql.EntityFrameworkCore.PostgreSQL.Storage.Internal.NpgsqlExecutionStrategy.ExecuteAsync[TState,TResult](TState state, Func`4 operation, Func`4 verifySucceeded, CancellationToken cancellationToken)
   at Microsoft.EntityFrameworkCore.DbContext.SaveChangesAsync(Boolean acceptAllChangesOnSuccess, CancellationToken cancellationToken)
Microsoft.EntityFrameworkCore.DbUpdateException: An error occurred while saving the entity changes. See the inner exception for details.
 ---> Npgsql.PostgresException (0x80004005): 23503: insert or update on table "CrmSupportTickets" violates foreign key constraint "FK_CrmSupportTickets_CrmCustomers_CustomerId"

DETAIL: Detail redacted as it may contain sensitive data. Specify 'Include Error Detail' in the connection string to include this information.
   at Npgsql.Internal.NpgsqlConnector.ReadMessageLong(Boolean async, DataRowLoadingMode dataRowLoadingMode, Boolean readingNotifications, Boolean isReadingPrependedMessage)
   at System.Runtime.CompilerServices.PoolingAsyncValueTaskMethodBuilder`1.StateMachineBox`1.System.Threading.Tasks.Sources.IValueTaskSource<TResult>.GetResult(Int16 token)
   at Npgsql.NpgsqlDataReader.NextResult(Boolean async, Boolean isConsuming, CancellationToken cancellationToken)
   at Npgsql.NpgsqlDataReader.NextResult(Boolean async, Boolean isConsuming, CancellationToken cancellationToken)
   at Npgsql.NpgsqlCommand.ExecuteReader(Boolean async, CommandBehavior behavior, CancellationToken cancellationToken)
   at Npgsql.NpgsqlCommand.ExecuteReader(Boolean async, CommandBehavior behavior, CancellationToken cancellationToken)
   at Npgsql.NpgsqlCommand.ExecuteDbDataReaderAsync(CommandBehavior behavior, CancellationToken cancellationToken)
   at Microsoft.EntityFrameworkCore.Storage.RelationalCommand.ExecuteReaderAsync(RelationalCommandParameterObject parameterObject, CancellationToken cancellationToken)
   at Microsoft.EntityFrameworkCore.Storage.RelationalCommand.ExecuteReaderAsync(RelationalCommandParameterObject parameterObject, CancellationToken cancellationToken)
   at Microsoft.EntityFrameworkCore.Update.ReaderModificationCommandBatch.ExecuteAsync(IRelationalConnection connection, CancellationToken cancellationToken)
  Exception data:
    Severity: ERROR
    SqlState: 23503
    MessageText: insert or update on table "CrmSupportTickets" violates foreign key constraint "FK_CrmSupportTickets_CrmCustomers_CustomerId"
    Detail: Detail redacted as it may contain sensitive data. Specify 'Include Error Detail' in the connection string to include this information.
    SchemaName: public
    TableName: CrmSupportTickets
    ConstraintName: FK_CrmSupportTickets_CrmCustomers_CustomerId
    File: ri_triggers.c
    Line: 2783
    Routine: ri_ReportViolation
   --- End of inner exception stack trace ---
   at Microsoft.EntityFrameworkCore.Update.ReaderModificationCommandBatch.ExecuteAsync(IRelationalConnection connection, CancellationToken cancellationToken)
   at Microsoft.EntityFrameworkCore.Update.Internal.BatchExecutor.ExecuteAsync(IEnumerable`1 commandBatches, IRelationalConnection connection, CancellationToken cancellationToken)
   at Microsoft.EntityFrameworkCore.Update.Internal.BatchExecutor.ExecuteAsync(IEnumerable`1 commandBatches, IRelationalConnection connection, CancellationToken cancellationToken)
   at Microsoft.EntityFrameworkCore.Update.Internal.BatchExecutor.ExecuteAsync(IEnumerable`1 commandBatches, IRelationalConnection connection, CancellationToken cancellationToken)
   at Microsoft.EntityFrameworkCore.Storage.RelationalDatabase.SaveChangesAsync(IList`1 entries, CancellationToken cancellationToken)
   at Microsoft.EntityFrameworkCore.ChangeTracking.Internal.StateManager.SaveChangesAsync(IList`1 entriesToSave, CancellationToken cancellationToken)
   at Microsoft.EntityFrameworkCore.ChangeTracking.Internal.StateManager.SaveChangesAsync(StateManager stateManager, Boolean acceptAllChangesOnSuccess, CancellationToken cancellationToken)
   at Npgsql.EntityFrameworkCore.PostgreSQL.Storage.Internal.NpgsqlExecutionStrategy.ExecuteAsync[TState,TResult](TState state, Func`4 operation, Func`4 verifySucceeded, CancellationToken cancellationToken)
   at Microsoft.EntityFrameworkCore.DbContext.SaveChangesAsync(Boolean acceptAllChangesOnSuccess, CancellationToken cancellationToken)
2026-07-01 19:42:29.312 +03:00 [ERR] Database migration or seed failed. Check PostgreSQL is running and ConnectionStrings:DefaultConnection is correct.
Microsoft.EntityFrameworkCore.DbUpdateException: An error occurred while saving the entity changes. See the inner exception for details.
 ---> Npgsql.PostgresException (0x80004005): 23503: insert or update on table "CrmSupportTickets" violates foreign key constraint "FK_CrmSupportTickets_CrmCustomers_CustomerId"

DETAIL: Detail redacted as it may contain sensitive data. Specify 'Include Error Detail' in the connection string to include this information.
   at Npgsql.Internal.NpgsqlConnector.ReadMessageLong(Boolean async, DataRowLoadingMode dataRowLoadingMode, Boolean readingNotifications, Boolean isReadingPrependedMessage)
   at System.Runtime.CompilerServices.PoolingAsyncValueTaskMethodBuilder`1.StateMachineBox`1.System.Threading.Tasks.Sources.IValueTaskSource<TResult>.GetResult(Int16 token)
   at Npgsql.NpgsqlDataReader.NextResult(Boolean async, Boolean isConsuming, CancellationToken cancellationToken)
   at Npgsql.NpgsqlDataReader.NextResult(Boolean async, Boolean isConsuming, CancellationToken cancellationToken)
   at Npgsql.NpgsqlCommand.ExecuteReader(Boolean async, CommandBehavior behavior, CancellationToken cancellationToken)
   at Npgsql.NpgsqlCommand.ExecuteReader(Boolean async, CommandBehavior behavior, CancellationToken cancellationToken)
   at Npgsql.NpgsqlCommand.ExecuteDbDataReaderAsync(CommandBehavior behavior, CancellationToken cancellationToken)
   at Microsoft.EntityFrameworkCore.Storage.RelationalCommand.ExecuteReaderAsync(RelationalCommandParameterObject parameterObject, CancellationToken cancellationToken)
   at Microsoft.EntityFrameworkCore.Storage.RelationalCommand.ExecuteReaderAsync(RelationalCommandParameterObject parameterObject, CancellationToken cancellationToken)
   at Microsoft.EntityFrameworkCore.Update.ReaderModificationCommandBatch.ExecuteAsync(IRelationalConnection connection, CancellationToken cancellationToken)
  Exception data:
    Severity: ERROR
    SqlState: 23503
    MessageText: insert or update on table "CrmSupportTickets" violates foreign key constraint "FK_CrmSupportTickets_CrmCustomers_CustomerId"
    Detail: Detail redacted as it may contain sensitive data. Specify 'Include Error Detail' in the connection string to include this information.
    SchemaName: public
    TableName: CrmSupportTickets
    ConstraintName: FK_CrmSupportTickets_CrmCustomers_CustomerId
    File: ri_triggers.c
    Line: 2783
    Routine: ri_ReportViolation
   --- End of inner exception stack trace ---
   at Microsoft.EntityFrameworkCore.Update.ReaderModificationCommandBatch.ExecuteAsync(IRelationalConnection connection, CancellationToken cancellationToken)
   at Microsoft.EntityFrameworkCore.Update.Internal.BatchExecutor.ExecuteAsync(IEnumerable`1 commandBatches, IRelationalConnection connection, CancellationToken cancellationToken)
   at Microsoft.EntityFrameworkCore.Update.Internal.BatchExecutor.ExecuteAsync(IEnumerable`1 commandBatches, IRelationalConnection connection, CancellationToken cancellationToken)
   at Microsoft.EntityFrameworkCore.Update.Internal.BatchExecutor.ExecuteAsync(IEnumerable`1 commandBatches, IRelationalConnection connection, CancellationToken cancellationToken)
   at Microsoft.EntityFrameworkCore.Storage.RelationalDatabase.SaveChangesAsync(IList`1 entries, CancellationToken cancellationToken)
   at Microsoft.EntityFrameworkCore.ChangeTracking.Internal.StateManager.SaveChangesAsync(IList`1 entriesToSave, CancellationToken cancellationToken)
   at Microsoft.EntityFrameworkCore.ChangeTracking.Internal.StateManager.SaveChangesAsync(StateManager stateManager, Boolean acceptAllChangesOnSuccess, CancellationToken cancellationToken)
   at Npgsql.EntityFrameworkCore.PostgreSQL.Storage.Internal.NpgsqlExecutionStrategy.ExecuteAsync[TState,TResult](TState state, Func`4 operation, Func`4 verifySucceeded, CancellationToken cancellationToken)
   at Microsoft.EntityFrameworkCore.DbContext.SaveChangesAsync(Boolean acceptAllChangesOnSuccess, CancellationToken cancellationToken)
   at Microsoft.EntityFrameworkCore.DbContext.SaveChangesAsync(Boolean acceptAllChangesOnSuccess, CancellationToken cancellationToken)
   at Biktal.Infrastructure.Persistence.CrmDataSeeder.SeedIfEmptyAsync(ApplicationDbContext db, CancellationToken cancellationToken)
   at Program.<Main>$(String[] args) in d:\Systems\BiktalSystems\Program.cs:line 71
2026-07-01 19:42:29.328 +03:00 [WRN] Continuing without a successful migration/seed. Auth and data pages may fail until the database is available.
2026-07-01 19:42:29.353 +03:00 [WRN] Using an in-memory repository. Keys will not be persisted to storage.
2026-07-01 19:42:29.354 +03:00 [WRN] Neither user profile nor HKLM registry available. Using an ephemeral key repository. Protected data will be unavailable when application exits.
2026-07-01 19:42:29.372 +03:00 [WRN] No XML encryptor configured. Key {412b3abe-3dd9-4dae-892f-1c494e9d5db6} may be persisted to storage in unencrypted form.
2026-07-01 19:42:29.425 +03:00 [INF] Application started. Press Ctrl+C to shut down.
2026-07-01 19:42:29.425 +03:00 [INF] Hosting environment: Production
2026-07-01 19:42:29.425 +03:00 [INF] Content root path: D:\Systems\BiktalSystems\publish
2026-07-01 19:42:29.530 +03:00 [INF] HTTP GET /Pos responded 302 in 81.8908 ms
2026-07-01 19:42:29.684 +03:00 [ERR] An exception was thrown while deserializing the token.
Microsoft.AspNetCore.Antiforgery.AntiforgeryValidationException: The antiforgery token could not be decrypted.
 ---> System.Security.Cryptography.CryptographicException: The key {921c8190-dd08-46cf-9a53-c8ff43bee0ea} was not found in the key ring. For more information go to https://aka.ms/aspnet/dataprotectionwarning
   at Microsoft.AspNetCore.DataProtection.KeyManagement.KeyRingBasedDataProtector.UnprotectCore(Byte[] protectedData, Boolean allowOperationsOnRevokedKeys, UnprotectStatus& status)
   at Microsoft.AspNetCore.DataProtection.KeyManagement.KeyRingBasedDataProtector.Unprotect(Byte[] protectedData)
   at Microsoft.AspNetCore.Antiforgery.DefaultAntiforgeryTokenSerializer.Deserialize(String serializedToken)
   --- End of inner exception stack trace ---
   at Microsoft.AspNetCore.Antiforgery.DefaultAntiforgeryTokenSerializer.Deserialize(String serializedToken)
   at Microsoft.AspNetCore.Antiforgery.DefaultAntiforgery.GetCookieTokenDoesNotThrow(HttpContext httpContext)
2026-07-01 19:42:29.800 +03:00 [INF] HTTP GET /Account/Login responded 200 in 252.2545 ms
2026-07-01 19:42:30.022 +03:00 [INF] HTTP GET /js/site.js responded 200 in 127.7702 ms
2026-07-01 19:42:30.022 +03:00 [INF] HTTP GET /lib/jquery-validation/dist/jquery.validate.min.js responded 200 in 127.6991 ms
2026-07-01 19:42:30.022 +03:00 [INF] HTTP GET /css/site.css responded 200 in 124.7203 ms
2026-07-01 19:42:30.022 +03:00 [INF] HTTP GET /Biktal.WebMVC.styles.css responded 200 in 124.5718 ms
2026-07-01 19:42:30.024 +03:00 [INF] HTTP GET /lib/bootstrap/dist/css/bootstrap.min.css responded 200 in 132.9602 ms
2026-07-01 19:42:30.024 +03:00 [INF] HTTP GET /lib/jquery-validation-unobtrusive/dist/jquery.validate.unobtrusive.min.js responded 200 in 128.7041 ms
2026-07-01 19:42:30.024 +03:00 [INF] HTTP GET /lib/bootstrap/dist/js/bootstrap.bundle.min.js responded 200 in 130.3778 ms
2026-07-01 19:42:30.031 +03:00 [INF] HTTP GET /lib/jquery/dist/jquery.min.js responded 200 in 96.5311 ms
2026-07-01 19:42:54.103 +03:00 [INF] HTTP POST /Account/Login responded 302 in 522.0147 ms
2026-07-01 19:42:54.152 +03:00 [WRN] The query uses the 'First'/'FirstOrDefault' operator without 'OrderBy' and filter operators. This may lead to unpredictable results.
2026-07-01 19:42:54.274 +03:00 [INF] HTTP GET /Pos responded 200 in 165.3295 ms
2026-07-01 19:42:54.348 +03:00 [INF] HTTP GET /Biktal.WebMVC.styles.css responded 200 in 5.1485 ms
2026-07-01 19:42:54.349 +03:00 [INF] HTTP GET /lib/bootstrap/dist/css/bootstrap.min.css responded 200 in 20.9186 ms
2026-07-01 19:42:54.399 +03:00 [INF] HTTP GET /js/site.js responded 304 in 34.1232 ms
2026-07-01 19:42:54.400 +03:00 [INF] HTTP GET /lib/jquery/dist/jquery.min.js responded 304 in 39.4127 ms
2026-07-01 19:42:54.412 +03:00 [INF] HTTP GET /css/site.css responded 200 in 55.9493 ms
2026-07-01 19:42:54.422 +03:00 [INF] HTTP GET /js/pos.js responded 200 in 36.8951 ms
2026-07-01 19:42:54.566 +03:00 [INF] HTTP GET /lib/bootstrap/dist/js/bootstrap.bundle.min.js responded 304 in 167.2633 ms
2026-07-01 19:43:08.117 +03:00 [INF] HTTP GET /Inventory responded 200 in 271.5777 ms
2026-07-01 19:43:08.183 +03:00 [INF] HTTP GET /lib/bootstrap/dist/css/bootstrap.min.css responded 200 in 3.3757 ms
2026-07-01 19:43:08.184 +03:00 [INF] HTTP GET /Biktal.WebMVC.styles.css responded 200 in 3.4129 ms
2026-07-01 19:43:08.186 +03:00 [INF] HTTP GET /lib/bootstrap/dist/js/bootstrap.bundle.min.js responded 304 in 1.8050 ms
2026-07-01 19:43:08.187 +03:00 [INF] HTTP GET /lib/jquery/dist/jquery.min.js responded 304 in 2.5487 ms
2026-07-01 19:43:08.187 +03:00 [INF] HTTP GET /js/site.js responded 304 in 0.9024 ms
2026-07-01 19:43:08.196 +03:00 [INF] HTTP GET /css/site.css responded 200 in 8.4418 ms
2026-07-01 19:43:10.584 +03:00 [INF] HTTP GET /Inventory/Products responded 200 in 253.0417 ms
2026-07-01 19:43:10.628 +03:00 [INF] HTTP GET /css/site.css responded 200 in 2.0750 ms
2026-07-01 19:43:10.631 +03:00 [INF] HTTP GET /lib/bootstrap/dist/css/bootstrap.min.css responded 200 in 5.2736 ms
2026-07-01 19:43:10.631 +03:00 [INF] HTTP GET /Biktal.WebMVC.styles.css responded 200 in 3.3219 ms
2026-07-01 19:43:11.408 +03:00 [INF] HTTP GET /lib/jquery/dist/jquery.min.js responded 304 in 1.1051 ms
2026-07-01 19:43:11.431 +03:00 [INF] HTTP GET /lib/bootstrap/dist/js/bootstrap.bundle.min.js responded 304 in 0.6875 ms
2026-07-01 19:43:11.431 +03:00 [INF] HTTP GET /js/site.js responded 304 in 0.7028 ms
2026-07-01 19:43:11.447 +03:00 [INF] HTTP GET /lib/jquery-validation-unobtrusive/dist/jquery.validate.unobtrusive.min.js responded 304 in 13.9746 ms
2026-07-01 19:43:11.451 +03:00 [INF] HTTP GET /js/products-catalog-filter.js responded 200 in 3.1920 ms
2026-07-01 19:43:11.454 +03:00 [INF] HTTP GET /lib/jquery-validation/dist/jquery.validate.min.js responded 304 in 22.4817 ms
2026-07-01 19:43:21.238 +03:00 [INF] HTTP GET /Inventory/Products responded 200 in 211.6014 ms
2026-07-01 19:43:21.254 +03:00 [INF] HTTP GET /Biktal.WebMVC.styles.css responded 304 in 1.5093 ms
2026-07-01 19:43:21.257 +03:00 [INF] HTTP GET /lib/bootstrap/dist/css/bootstrap.min.css responded 304 in 1.3787 ms
2026-07-01 19:43:21.260 +03:00 [INF] HTTP GET /css/site.css responded 304 in 1.6154 ms
2026-07-01 19:43:22.122 +03:00 [INF] HTTP GET /lib/jquery/dist/jquery.min.js responded 304 in 0.9689 ms
2026-07-01 19:43:22.147 +03:00 [INF] HTTP GET /lib/bootstrap/dist/js/bootstrap.bundle.min.js responded 304 in 0.8648 ms
2026-07-01 19:43:22.147 +03:00 [INF] HTTP GET /lib/jquery-validation/dist/jquery.validate.min.js responded 304 in 0.6335 ms
2026-07-01 19:43:22.148 +03:00 [INF] HTTP GET /js/products-catalog-filter.js responded 304 in 0.4071 ms
2026-07-01 19:43:22.148 +03:00 [INF] HTTP GET /lib/jquery-validation-unobtrusive/dist/jquery.validate.unobtrusive.min.js responded 304 in 0.5391 ms
2026-07-01 19:43:22.148 +03:00 [INF] HTTP GET /js/site.js responded 304 in 0.6468 ms
2026-07-01 19:43:28.892 +03:00 [INF] HTTP POST /Inventory/EditProduct responded 302 in 125.4956 ms
2026-07-01 19:43:28.960 +03:00 [INF] HTTP GET /Inventory/Products responded 200 in 62.5855 ms
2026-07-01 19:43:29.034 +03:00 [INF] HTTP GET /css/site.css responded 304 in 0.8410 ms
2026-07-01 19:43:29.034 +03:00 [INF] HTTP GET /lib/bootstrap/dist/css/bootstrap.min.css responded 304 in 0.8854 ms
2026-07-01 19:43:29.039 +03:00 [INF] HTTP GET /Biktal.WebMVC.styles.css responded 304 in 3.5557 ms
2026-07-01 19:43:29.989 +03:00 [INF] HTTP GET /lib/jquery/dist/jquery.min.js responded 304 in 0.5170 ms
2026-07-01 19:43:30.005 +03:00 [INF] HTTP GET /lib/bootstrap/dist/js/bootstrap.bundle.min.js responded 304 in 1.4260 ms
2026-07-01 19:43:30.006 +03:00 [INF] HTTP GET /lib/jquery-validation/dist/jquery.validate.min.js responded 304 in 0.9636 ms
2026-07-01 19:43:30.009 +03:00 [INF] HTTP GET /js/site.js responded 304 in 2.1141 ms
2026-07-01 19:43:30.012 +03:00 [INF] HTTP GET /lib/jquery-validation-unobtrusive/dist/jquery.validate.unobtrusive.min.js responded 304 in 0.6087 ms
2026-07-01 19:43:30.013 +03:00 [INF] HTTP GET /js/products-catalog-filter.js responded 304 in 0.5731 ms
2026-07-01 19:43:30.463 +03:00 [INF] HTTP GET /Pos responded 200 in 26.9362 ms
2026-07-01 19:43:30.585 +03:00 [INF] HTTP GET /lib/bootstrap/dist/css/bootstrap.min.css responded 304 in 11.6309 ms
2026-07-01 19:43:30.593 +03:00 [INF] HTTP GET /css/site.css responded 304 in 0.9634 ms
2026-07-01 19:43:30.594 +03:00 [INF] HTTP GET /lib/bootstrap/dist/js/bootstrap.bundle.min.js responded 200 in 1.3624 ms
2026-07-01 19:43:30.594 +03:00 [INF] HTTP GET /lib/jquery/dist/jquery.min.js responded 200 in 1.6936 ms
2026-07-01 19:43:30.595 +03:00 [INF] HTTP GET /js/pos.js responded 304 in 0.5484 ms
2026-07-01 19:43:30.596 +03:00 [INF] HTTP GET /js/site.js responded 200 in 1.1800 ms
2026-07-01 19:43:30.597 +03:00 [INF] HTTP GET /Biktal.WebMVC.styles.css responded 304 in 0.6941 ms
2026-07-01 19:47:28.152 +03:00 [INF] HTTP POST /Pos/CompleteSale responded 400 in 248.3411 ms
2026-07-01 19:47:37.338 +03:00 [INF] HTTP POST /Pos/CompleteSale responded 400 in 6.8084 ms
2026-07-01 19:47:43.888 +03:00 [INF] HTTP POST /Pos/CompleteSale responded 400 in 6.4119 ms
2026-07-01 19:47:48.088 +03:00 [INF] HTTP POST /Pos/CompleteSale responded 400 in 5.7124 ms
2026-07-01 19:48:12.002 +03:00 [INF] HTTP POST /Pos/CompleteSale responded 200 in 399.9985 ms
2026-07-01 19:48:52.682 +03:00 [INF] HTTP GET /Inventory responded 200 in 37.4325 ms
2026-07-01 19:48:52.747 +03:00 [INF] HTTP GET /lib/jquery/dist/jquery.min.js responded 200 in 1.1157 ms
2026-07-01 19:48:52.748 +03:00 [INF] HTTP GET /Biktal.WebMVC.styles.css responded 200 in 1.0297 ms
2026-07-01 19:48:52.749 +03:00 [INF] HTTP GET /lib/bootstrap/dist/css/bootstrap.min.css responded 200 in 0.9430 ms
2026-07-01 19:48:52.750 +03:00 [INF] HTTP GET /js/site.js responded 200 in 1.1468 ms
2026-07-01 19:48:52.751 +03:00 [INF] HTTP GET /css/site.css responded 200 in 5.0738 ms
2026-07-01 19:48:52.753 +03:00 [INF] HTTP GET /lib/bootstrap/dist/js/bootstrap.bundle.min.js responded 200 in 4.3097 ms
2026-07-01 19:48:55.564 +03:00 [INF] HTTP GET /Inventory/Products responded 200 in 57.5724 ms
2026-07-01 19:48:55.608 +03:00 [INF] HTTP GET /lib/bootstrap/dist/css/bootstrap.min.css responded 304 in 0.4855 ms
2026-07-01 19:48:55.616 +03:00 [INF] HTTP GET /css/site.css responded 304 in 2.2399 ms
2026-07-01 19:48:55.620 +03:00 [INF] HTTP GET /Biktal.WebMVC.styles.css responded 304 in 2.8028 ms
2026-07-01 19:48:56.391 +03:00 [INF] HTTP GET /lib/jquery/dist/jquery.min.js responded 304 in 0.3219 ms
2026-07-01 19:48:56.412 +03:00 [INF] HTTP GET /lib/bootstrap/dist/js/bootstrap.bundle.min.js responded 304 in 0.4384 ms
2026-07-01 19:48:56.412 +03:00 [INF] HTTP GET /js/site.js responded 304 in 0.3876 ms
2026-07-01 19:48:56.415 +03:00 [INF] HTTP GET /lib/jquery-validation-unobtrusive/dist/jquery.validate.unobtrusive.min.js responded 200 in 2.6774 ms
2026-07-01 19:48:56.417 +03:00 [INF] HTTP GET /js/products-catalog-filter.js responded 200 in 1.1211 ms
2026-07-01 19:48:56.418 +03:00 [INF] HTTP GET /lib/jquery-validation/dist/jquery.validate.min.js responded 200 in 1.9025 ms
2026-07-01 20:09:23.432 +03:00 [INF] Application is shutting down...
2026-07-01 20:22:22.993 +03:00 [ERR] Failed executing DbCommand (6ms) [Parameters=[@p0='?' (DbType = Guid), @p1='?' (DbType = DateTime), @p2='?' (DbType = Guid), @p3='?', @p4='?' (DbType = DateTime), @p5='?' (DbType = Int32), @p6='?' (DbType = Int32), @p7='?', @p8='?', @p9='?' (DbType = Guid), @p10='?' (DbType = DateTime), @p11='?' (DbType = Guid), @p12='?', @p13='?' (DbType = DateTime), @p14='?' (DbType = Int32), @p15='?' (DbType = Int32), @p16='?', @p17='?'], CommandType='"Text"', CommandTimeout='30']
INSERT INTO "CrmSupportTickets" ("Id", "CreatedAtUtc", "CustomerId", "Description", "ModifiedAtUtc", "Priority", "Status", "Subject", "TicketNumber")
VALUES (@p0, @p1, @p2, @p3, @p4, @p5, @p6, @p7, @p8);
INSERT INTO "CrmSupportTickets" ("Id", "CreatedAtUtc", "CustomerId", "Description", "ModifiedAtUtc", "Priority", "Status", "Subject", "TicketNumber")
VALUES (@p9, @p10, @p11, @p12, @p13, @p14, @p15, @p16, @p17);
2026-07-01 20:22:23.072 +03:00 [ERR] An exception occurred in the database while saving changes for context type 'Biktal.Infrastructure.Persistence.ApplicationDbContext'.
Microsoft.EntityFrameworkCore.DbUpdateException: An error occurred while saving the entity changes. See the inner exception for details.
 ---> Npgsql.PostgresException (0x80004005): 23503: insert or update on table "CrmSupportTickets" violates foreign key constraint "FK_CrmSupportTickets_CrmCustomers_CustomerId"

DETAIL: Detail redacted as it may contain sensitive data. Specify 'Include Error Detail' in the connection string to include this information.
   at Npgsql.Internal.NpgsqlConnector.ReadMessageLong(Boolean async, DataRowLoadingMode dataRowLoadingMode, Boolean readingNotifications, Boolean isReadingPrependedMessage)
   at System.Runtime.CompilerServices.PoolingAsyncValueTaskMethodBuilder`1.StateMachineBox`1.System.Threading.Tasks.Sources.IValueTaskSource<TResult>.GetResult(Int16 token)
   at Npgsql.NpgsqlDataReader.NextResult(Boolean async, Boolean isConsuming, CancellationToken cancellationToken)
   at Npgsql.NpgsqlDataReader.NextResult(Boolean async, Boolean isConsuming, CancellationToken cancellationToken)
   at Npgsql.NpgsqlCommand.ExecuteReader(Boolean async, CommandBehavior behavior, CancellationToken cancellationToken)
   at Npgsql.NpgsqlCommand.ExecuteReader(Boolean async, CommandBehavior behavior, CancellationToken cancellationToken)
   at Npgsql.NpgsqlCommand.ExecuteDbDataReaderAsync(CommandBehavior behavior, CancellationToken cancellationToken)
   at Microsoft.EntityFrameworkCore.Storage.RelationalCommand.ExecuteReaderAsync(RelationalCommandParameterObject parameterObject, CancellationToken cancellationToken)
   at Microsoft.EntityFrameworkCore.Storage.RelationalCommand.ExecuteReaderAsync(RelationalCommandParameterObject parameterObject, CancellationToken cancellationToken)
   at Microsoft.EntityFrameworkCore.Update.ReaderModificationCommandBatch.ExecuteAsync(IRelationalConnection connection, CancellationToken cancellationToken)
  Exception data:
    Severity: ERROR
    SqlState: 23503
    MessageText: insert or update on table "CrmSupportTickets" violates foreign key constraint "FK_CrmSupportTickets_CrmCustomers_CustomerId"
    Detail: Detail redacted as it may contain sensitive data. Specify 'Include Error Detail' in the connection string to include this information.
    SchemaName: public
    TableName: CrmSupportTickets
    ConstraintName: FK_CrmSupportTickets_CrmCustomers_CustomerId
    File: ri_triggers.c
    Line: 2783
    Routine: ri_ReportViolation
   --- End of inner exception stack trace ---
   at Microsoft.EntityFrameworkCore.Update.ReaderModificationCommandBatch.ExecuteAsync(IRelationalConnection connection, CancellationToken cancellationToken)
   at Microsoft.EntityFrameworkCore.Update.Internal.BatchExecutor.ExecuteAsync(IEnumerable`1 commandBatches, IRelationalConnection connection, CancellationToken cancellationToken)
   at Microsoft.EntityFrameworkCore.Update.Internal.BatchExecutor.ExecuteAsync(IEnumerable`1 commandBatches, IRelationalConnection connection, CancellationToken cancellationToken)
   at Microsoft.EntityFrameworkCore.Update.Internal.BatchExecutor.ExecuteAsync(IEnumerable`1 commandBatches, IRelationalConnection connection, CancellationToken cancellationToken)
   at Microsoft.EntityFrameworkCore.Storage.RelationalDatabase.SaveChangesAsync(IList`1 entries, CancellationToken cancellationToken)
   at Microsoft.EntityFrameworkCore.ChangeTracking.Internal.StateManager.SaveChangesAsync(IList`1 entriesToSave, CancellationToken cancellationToken)
   at Microsoft.EntityFrameworkCore.ChangeTracking.Internal.StateManager.SaveChangesAsync(StateManager stateManager, Boolean acceptAllChangesOnSuccess, CancellationToken cancellationToken)
   at Npgsql.EntityFrameworkCore.PostgreSQL.Storage.Internal.NpgsqlExecutionStrategy.ExecuteAsync[TState,TResult](TState state, Func`4 operation, Func`4 verifySucceeded, CancellationToken cancellationToken)
   at Microsoft.EntityFrameworkCore.DbContext.SaveChangesAsync(Boolean acceptAllChangesOnSuccess, CancellationToken cancellationToken)
Microsoft.EntityFrameworkCore.DbUpdateException: An error occurred while saving the entity changes. See the inner exception for details.
 ---> Npgsql.PostgresException (0x80004005): 23503: insert or update on table "CrmSupportTickets" violates foreign key constraint "FK_CrmSupportTickets_CrmCustomers_CustomerId"

DETAIL: Detail redacted as it may contain sensitive data. Specify 'Include Error Detail' in the connection string to include this information.
   at Npgsql.Internal.NpgsqlConnector.ReadMessageLong(Boolean async, DataRowLoadingMode dataRowLoadingMode, Boolean readingNotifications, Boolean isReadingPrependedMessage)
   at System.Runtime.CompilerServices.PoolingAsyncValueTaskMethodBuilder`1.StateMachineBox`1.System.Threading.Tasks.Sources.IValueTaskSource<TResult>.GetResult(Int16 token)
   at Npgsql.NpgsqlDataReader.NextResult(Boolean async, Boolean isConsuming, CancellationToken cancellationToken)
   at Npgsql.NpgsqlDataReader.NextResult(Boolean async, Boolean isConsuming, CancellationToken cancellationToken)
   at Npgsql.NpgsqlCommand.ExecuteReader(Boolean async, CommandBehavior behavior, CancellationToken cancellationToken)
   at Npgsql.NpgsqlCommand.ExecuteReader(Boolean async, CommandBehavior behavior, CancellationToken cancellationToken)
   at Npgsql.NpgsqlCommand.ExecuteDbDataReaderAsync(CommandBehavior behavior, CancellationToken cancellationToken)
   at Microsoft.EntityFrameworkCore.Storage.RelationalCommand.ExecuteReaderAsync(RelationalCommandParameterObject parameterObject, CancellationToken cancellationToken)
   at Microsoft.EntityFrameworkCore.Storage.RelationalCommand.ExecuteReaderAsync(RelationalCommandParameterObject parameterObject, CancellationToken cancellationToken)
   at Microsoft.EntityFrameworkCore.Update.ReaderModificationCommandBatch.ExecuteAsync(IRelationalConnection connection, CancellationToken cancellationToken)
  Exception data:
    Severity: ERROR
    SqlState: 23503
    MessageText: insert or update on table "CrmSupportTickets" violates foreign key constraint "FK_CrmSupportTickets_CrmCustomers_CustomerId"
    Detail: Detail redacted as it may contain sensitive data. Specify 'Include Error Detail' in the connection string to include this information.
    SchemaName: public
    TableName: CrmSupportTickets
    ConstraintName: FK_CrmSupportTickets_CrmCustomers_CustomerId
    File: ri_triggers.c
    Line: 2783
    Routine: ri_ReportViolation
   --- End of inner exception stack trace ---
   at Microsoft.EntityFrameworkCore.Update.ReaderModificationCommandBatch.ExecuteAsync(IRelationalConnection connection, CancellationToken cancellationToken)
   at Microsoft.EntityFrameworkCore.Update.Internal.BatchExecutor.ExecuteAsync(IEnumerable`1 commandBatches, IRelationalConnection connection, CancellationToken cancellationToken)
   at Microsoft.EntityFrameworkCore.Update.Internal.BatchExecutor.ExecuteAsync(IEnumerable`1 commandBatches, IRelationalConnection connection, CancellationToken cancellationToken)
   at Microsoft.EntityFrameworkCore.Update.Internal.BatchExecutor.ExecuteAsync(IEnumerable`1 commandBatches, IRelationalConnection connection, CancellationToken cancellationToken)
   at Microsoft.EntityFrameworkCore.Storage.RelationalDatabase.SaveChangesAsync(IList`1 entries, CancellationToken cancellationToken)
   at Microsoft.EntityFrameworkCore.ChangeTracking.Internal.StateManager.SaveChangesAsync(IList`1 entriesToSave, CancellationToken cancellationToken)
   at Microsoft.EntityFrameworkCore.ChangeTracking.Internal.StateManager.SaveChangesAsync(StateManager stateManager, Boolean acceptAllChangesOnSuccess, CancellationToken cancellationToken)
   at Npgsql.EntityFrameworkCore.PostgreSQL.Storage.Internal.NpgsqlExecutionStrategy.ExecuteAsync[TState,TResult](TState state, Func`4 operation, Func`4 verifySucceeded, CancellationToken cancellationToken)
   at Microsoft.EntityFrameworkCore.DbContext.SaveChangesAsync(Boolean acceptAllChangesOnSuccess, CancellationToken cancellationToken)
2026-07-01 20:22:23.077 +03:00 [ERR] Database migration or seed failed. Check PostgreSQL is running and ConnectionStrings:DefaultConnection is correct.
Microsoft.EntityFrameworkCore.DbUpdateException: An error occurred while saving the entity changes. See the inner exception for details.
 ---> Npgsql.PostgresException (0x80004005): 23503: insert or update on table "CrmSupportTickets" violates foreign key constraint "FK_CrmSupportTickets_CrmCustomers_CustomerId"

DETAIL: Detail redacted as it may contain sensitive data. Specify 'Include Error Detail' in the connection string to include this information.
   at Npgsql.Internal.NpgsqlConnector.ReadMessageLong(Boolean async, DataRowLoadingMode dataRowLoadingMode, Boolean readingNotifications, Boolean isReadingPrependedMessage)
   at System.Runtime.CompilerServices.PoolingAsyncValueTaskMethodBuilder`1.StateMachineBox`1.System.Threading.Tasks.Sources.IValueTaskSource<TResult>.GetResult(Int16 token)
   at Npgsql.NpgsqlDataReader.NextResult(Boolean async, Boolean isConsuming, CancellationToken cancellationToken)
   at Npgsql.NpgsqlDataReader.NextResult(Boolean async, Boolean isConsuming, CancellationToken cancellationToken)
   at Npgsql.NpgsqlCommand.ExecuteReader(Boolean async, CommandBehavior behavior, CancellationToken cancellationToken)
   at Npgsql.NpgsqlCommand.ExecuteReader(Boolean async, CommandBehavior behavior, CancellationToken cancellationToken)
   at Npgsql.NpgsqlCommand.ExecuteDbDataReaderAsync(CommandBehavior behavior, CancellationToken cancellationToken)
   at Microsoft.EntityFrameworkCore.Storage.RelationalCommand.ExecuteReaderAsync(RelationalCommandParameterObject parameterObject, CancellationToken cancellationToken)
   at Microsoft.EntityFrameworkCore.Storage.RelationalCommand.ExecuteReaderAsync(RelationalCommandParameterObject parameterObject, CancellationToken cancellationToken)
   at Microsoft.EntityFrameworkCore.Update.ReaderModificationCommandBatch.ExecuteAsync(IRelationalConnection connection, CancellationToken cancellationToken)
  Exception data:
    Severity: ERROR
    SqlState: 23503
    MessageText: insert or update on table "CrmSupportTickets" violates foreign key constraint "FK_CrmSupportTickets_CrmCustomers_CustomerId"
    Detail: Detail redacted as it may contain sensitive data. Specify 'Include Error Detail' in the connection string to include this information.
    SchemaName: public
    TableName: CrmSupportTickets
    ConstraintName: FK_CrmSupportTickets_CrmCustomers_CustomerId
    File: ri_triggers.c
    Line: 2783
    Routine: ri_ReportViolation
   --- End of inner exception stack trace ---
   at Microsoft.EntityFrameworkCore.Update.ReaderModificationCommandBatch.ExecuteAsync(IRelationalConnection connection, CancellationToken cancellationToken)
   at Microsoft.EntityFrameworkCore.Update.Internal.BatchExecutor.ExecuteAsync(IEnumerable`1 commandBatches, IRelationalConnection connection, CancellationToken cancellationToken)
   at Microsoft.EntityFrameworkCore.Update.Internal.BatchExecutor.ExecuteAsync(IEnumerable`1 commandBatches, IRelationalConnection connection, CancellationToken cancellationToken)
   at Microsoft.EntityFrameworkCore.Update.Internal.BatchExecutor.ExecuteAsync(IEnumerable`1 commandBatches, IRelationalConnection connection, CancellationToken cancellationToken)
   at Microsoft.EntityFrameworkCore.Storage.RelationalDatabase.SaveChangesAsync(IList`1 entries, CancellationToken cancellationToken)
   at Microsoft.EntityFrameworkCore.ChangeTracking.Internal.StateManager.SaveChangesAsync(IList`1 entriesToSave, CancellationToken cancellationToken)
   at Microsoft.EntityFrameworkCore.ChangeTracking.Internal.StateManager.SaveChangesAsync(StateManager stateManager, Boolean acceptAllChangesOnSuccess, CancellationToken cancellationToken)
   at Npgsql.EntityFrameworkCore.PostgreSQL.Storage.Internal.NpgsqlExecutionStrategy.ExecuteAsync[TState,TResult](TState state, Func`4 operation, Func`4 verifySucceeded, CancellationToken cancellationToken)
   at Microsoft.EntityFrameworkCore.DbContext.SaveChangesAsync(Boolean acceptAllChangesOnSuccess, CancellationToken cancellationToken)
   at Microsoft.EntityFrameworkCore.DbContext.SaveChangesAsync(Boolean acceptAllChangesOnSuccess, CancellationToken cancellationToken)
   at Biktal.Infrastructure.Persistence.CrmDataSeeder.SeedIfEmptyAsync(ApplicationDbContext db, CancellationToken cancellationToken)
   at Program.<Main>$(String[] args) in d:\Systems\BiktalSystems\Program.cs:line 71
2026-07-01 20:22:23.081 +03:00 [WRN] Continuing without a successful migration/seed. Auth and data pages may fail until the database is available.
2026-07-01 20:22:23.106 +03:00 [WRN] Using an in-memory repository. Keys will not be persisted to storage.
2026-07-01 20:22:23.107 +03:00 [WRN] Neither user profile nor HKLM registry available. Using an ephemeral key repository. Protected data will be unavailable when application exits.
2026-07-01 20:22:23.126 +03:00 [WRN] No XML encryptor configured. Key {bc9facf8-44a8-4d09-a6ab-fff8c5b0c9da} may be persisted to storage in unencrypted form.
2026-07-01 20:22:23.181 +03:00 [INF] Application started. Press Ctrl+C to shut down.
2026-07-01 20:22:23.181 +03:00 [INF] Hosting environment: Production
2026-07-01 20:22:23.181 +03:00 [INF] Content root path: D:\Systems\BiktalSystems\publish
2026-07-01 20:22:23.287 +03:00 [INF] HTTP GET /Operations responded 302 in 84.1672 ms
2026-07-01 20:22:23.439 +03:00 [ERR] An exception was thrown while deserializing the token.
Microsoft.AspNetCore.Antiforgery.AntiforgeryValidationException: The antiforgery token could not be decrypted.
 ---> System.Security.Cryptography.CryptographicException: The key {412b3abe-3dd9-4dae-892f-1c494e9d5db6} was not found in the key ring. For more information go to https://aka.ms/aspnet/dataprotectionwarning
   at Microsoft.AspNetCore.DataProtection.KeyManagement.KeyRingBasedDataProtector.UnprotectCore(Byte[] protectedData, Boolean allowOperationsOnRevokedKeys, UnprotectStatus& status)
   at Microsoft.AspNetCore.DataProtection.KeyManagement.KeyRingBasedDataProtector.Unprotect(Byte[] protectedData)
   at Microsoft.AspNetCore.Antiforgery.DefaultAntiforgeryTokenSerializer.Deserialize(String serializedToken)
   --- End of inner exception stack trace ---
   at Microsoft.AspNetCore.Antiforgery.DefaultAntiforgeryTokenSerializer.Deserialize(String serializedToken)
   at Microsoft.AspNetCore.Antiforgery.DefaultAntiforgery.GetCookieTokenDoesNotThrow(HttpContext httpContext)
2026-07-01 20:22:23.538 +03:00 [INF] HTTP GET /Account/Login responded 200 in 232.7156 ms
2026-07-01 20:22:23.674 +03:00 [INF] HTTP GET /lib/bootstrap/dist/css/bootstrap.min.css responded 200 in 39.4150 ms
2026-07-01 20:22:23.674 +03:00 [INF] HTTP GET /css/site.css responded 200 in 31.8173 ms
2026-07-01 20:22:23.682 +03:00 [INF] HTTP GET /Biktal.WebMVC.styles.css responded 200 in 34.5435 ms
2026-07-01 20:22:23.691 +03:00 [INF] HTTP GET /lib/bootstrap/dist/js/bootstrap.bundle.min.js responded 200 in 10.2969 ms
2026-07-01 20:22:23.699 +03:00 [INF] HTTP GET /lib/jquery/dist/jquery.min.js responded 200 in 21.3729 ms
2026-07-01 20:22:23.715 +03:00 [INF] HTTP GET /js/site.js responded 200 in 2.8072 ms
2026-07-01 20:22:23.715 +03:00 [INF] HTTP GET /lib/jquery-validation/dist/jquery.validate.min.js responded 200 in 2.3676 ms
2026-07-01 20:22:23.718 +03:00 [INF] HTTP GET /lib/jquery-validation-unobtrusive/dist/jquery.validate.unobtrusive.min.js responded 200 in 3.1731 ms
2026-07-01 20:22:31.429 +03:00 [INF] HTTP POST /Account/Login responded 302 in 533.4841 ms
2026-07-01 20:22:31.494 +03:00 [WRN] The query uses the 'First'/'FirstOrDefault' operator without 'OrderBy' and filter operators. This may lead to unpredictable results.
2026-07-01 20:22:31.521 +03:00 [WRN] The query uses the 'First'/'FirstOrDefault' operator without 'OrderBy' and filter operators. This may lead to unpredictable results.
2026-07-01 20:22:31.617 +03:00 [INF] HTTP GET /Operations responded 200 in 182.1503 ms
2026-07-01 20:22:31.690 +03:00 [INF] HTTP GET /lib/bootstrap/dist/css/bootstrap.min.css responded 200 in 10.5653 ms
2026-07-01 20:22:31.690 +03:00 [INF] HTTP GET /css/site.css responded 200 in 8.9466 ms
2026-07-01 20:22:31.728 +03:00 [INF] HTTP GET /Biktal.WebMVC.styles.css responded 200 in 37.2168 ms
2026-07-01 20:22:31.731 +03:00 [INF] HTTP GET /lib/jquery/dist/jquery.min.js responded 304 in 40.3557 ms
2026-07-01 20:22:31.750 +03:00 [INF] HTTP GET /js/site.js responded 304 in 21.2851 ms
2026-07-01 20:22:31.848 +03:00 [INF] HTTP GET /lib/bootstrap/dist/js/bootstrap.bundle.min.js responded 304 in 154.7382 ms
2026-07-01 20:28:40.398 +03:00 [INF] HTTP GET /Crm responded 200 in 207.1451 ms
2026-07-01 20:28:40.486 +03:00 [INF] HTTP GET /lib/bootstrap/dist/css/bootstrap.min.css responded 200 in 2.3247 ms
2026-07-01 20:28:40.491 +03:00 [INF] HTTP GET /css/site.css responded 200 in 4.4481 ms
2026-07-01 20:28:40.507 +03:00 [INF] HTTP GET /Biktal.WebMVC.styles.css responded 200 in 15.0035 ms
2026-07-01 20:28:40.541 +03:00 [INF] HTTP GET /js/site.js responded 200 in 1.7372 ms
2026-07-01 20:28:40.541 +03:00 [INF] HTTP GET /lib/jquery/dist/jquery.min.js responded 200 in 29.8837 ms
2026-07-01 20:28:40.542 +03:00 [INF] HTTP GET /lib/bootstrap/dist/js/bootstrap.bundle.min.js responded 200 in 2.2283 ms
2026-07-01 20:28:43.336 +03:00 [INF] HTTP GET /Installments responded 200 in 129.7853 ms
2026-07-01 20:28:43.415 +03:00 [INF] HTTP GET /css/site.css responded 304 in 0.9805 ms
2026-07-01 20:28:43.418 +03:00 [INF] HTTP GET /lib/bootstrap/dist/css/bootstrap.min.css responded 304 in 2.6210 ms
2026-07-01 20:28:43.420 +03:00 [INF] HTTP GET /Biktal.WebMVC.styles.css responded 304 in 1.2005 ms
2026-07-01 20:28:43.427 +03:00 [INF] HTTP GET /lib/jquery/dist/jquery.min.js responded 304 in 0.6388 ms
2026-07-01 20:28:43.432 +03:00 [INF] HTTP GET /lib/bootstrap/dist/js/bootstrap.bundle.min.js responded 304 in 0.6617 ms
2026-07-01 20:28:43.432 +03:00 [INF] HTTP GET /js/site.js responded 304 in 0.6618 ms
2026-07-01 20:49:25.797 +03:00 [INF] Application is shutting down...
