2026-06-30 09:38:14.562 +03:00 [ERR] Failed executing DbCommand (19ms) [Parameters=[@p0='?' (DbType = Guid), @p1='?' (DbType = DateTime), @p2='?' (DbType = Guid), @p3='?', @p4='?' (DbType = DateTime), @p5='?' (DbType = Int32), @p6='?' (DbType = Int32), @p7='?', @p8='?', @p9='?' (DbType = Guid), @p10='?' (DbType = DateTime), @p11='?' (DbType = Guid), @p12='?', @p13='?' (DbType = DateTime), @p14='?' (DbType = Int32), @p15='?' (DbType = Int32), @p16='?', @p17='?'], CommandType='"Text"', CommandTimeout='30']
INSERT INTO "CrmSupportTickets" ("Id", "CreatedAtUtc", "CustomerId", "Description", "ModifiedAtUtc", "Priority", "Status", "Subject", "TicketNumber")
VALUES (@p0, @p1, @p2, @p3, @p4, @p5, @p6, @p7, @p8);
INSERT INTO "CrmSupportTickets" ("Id", "CreatedAtUtc", "CustomerId", "Description", "ModifiedAtUtc", "Priority", "Status", "Subject", "TicketNumber")
VALUES (@p9, @p10, @p11, @p12, @p13, @p14, @p15, @p16, @p17);
2026-06-30 09:38:14.650 +03:00 [ERR] An exception occurred in the database while saving changes for context type 'Biktal.Infrastructure.Persistence.ApplicationDbContext'.
Microsoft.EntityFrameworkCore.DbUpdateException: An error occurred while saving the entity changes. See the inner exception for details.
 ---> Npgsql.PostgresException (0x80004005): 23503: insert or update on table "CrmSupportTickets" violates foreign key constraint "FK_CrmSupportTickets_CrmCustomers_CustomerId"

DETAIL: Detail redacted as it may contain sensitive data. Specify 'Include Error Detail' in the connection string to include this information.
   at Npgsql.Internal.NpgsqlConnector.ReadMessageLong(Boolean async, DataRowLoadingMode dataRowLoadingMode, Boolean readingNotifications, Boolean isReadingPrependedMessage)
   at System.Runtime.CompilerServices.PoolingAsyncValueTaskMethodBuilder`1.StateMachineBox`1.System.Threading.Tasks.Sources.IValueTaskSource<TResult>.GetResult(Int16 token)
   at Npgsql.NpgsqlDataReader.NextResult(Boolean async, Boolean isConsuming, CancellationToken cancellationToken)
   at Npgsql.NpgsqlDataReader.NextResult(Boolean async, Boolean isConsuming, CancellationToken cancellationToken)
   at Npgsql.NpgsqlCommand.ExecuteReader(Boolean async, CommandBehavior behavior, CancellationToken cancellationToken)
   at Npgsql.NpgsqlCommand.ExecuteReader(Boolean async, CommandBehavior behavior, CancellationToken cancellationToken)
   at Npgsql.NpgsqlCommand.ExecuteDbDataReaderAsync(CommandBehavior behavior, CancellationToken cancellationToken)
   at Microsoft.EntityFrameworkCore.Storage.RelationalCommand.ExecuteReaderAsync(RelationalCommandParameterObject parameterObject, CancellationToken cancellationToken)
   at Microsoft.EntityFrameworkCore.Storage.RelationalCommand.ExecuteReaderAsync(RelationalCommandParameterObject parameterObject, CancellationToken cancellationToken)
   at Microsoft.EntityFrameworkCore.Update.ReaderModificationCommandBatch.ExecuteAsync(IRelationalConnection connection, CancellationToken cancellationToken)
  Exception data:
    Severity: ERROR
    SqlState: 23503
    MessageText: insert or update on table "CrmSupportTickets" violates foreign key constraint "FK_CrmSupportTickets_CrmCustomers_CustomerId"
    Detail: Detail redacted as it may contain sensitive data. Specify 'Include Error Detail' in the connection string to include this information.
    SchemaName: public
    TableName: CrmSupportTickets
    ConstraintName: FK_CrmSupportTickets_CrmCustomers_CustomerId
    File: ri_triggers.c
    Line: 2783
    Routine: ri_ReportViolation
   --- End of inner exception stack trace ---
   at Microsoft.EntityFrameworkCore.Update.ReaderModificationCommandBatch.ExecuteAsync(IRelationalConnection connection, CancellationToken cancellationToken)
   at Microsoft.EntityFrameworkCore.Update.Internal.BatchExecutor.ExecuteAsync(IEnumerable`1 commandBatches, IRelationalConnection connection, CancellationToken cancellationToken)
   at Microsoft.EntityFrameworkCore.Update.Internal.BatchExecutor.ExecuteAsync(IEnumerable`1 commandBatches, IRelationalConnection connection, CancellationToken cancellationToken)
   at Microsoft.EntityFrameworkCore.Update.Internal.BatchExecutor.ExecuteAsync(IEnumerable`1 commandBatches, IRelationalConnection connection, CancellationToken cancellationToken)
   at Microsoft.EntityFrameworkCore.Storage.RelationalDatabase.SaveChangesAsync(IList`1 entries, CancellationToken cancellationToken)
   at Microsoft.EntityFrameworkCore.ChangeTracking.Internal.StateManager.SaveChangesAsync(IList`1 entriesToSave, CancellationToken cancellationToken)
   at Microsoft.EntityFrameworkCore.ChangeTracking.Internal.StateManager.SaveChangesAsync(StateManager stateManager, Boolean acceptAllChangesOnSuccess, CancellationToken cancellationToken)
   at Npgsql.EntityFrameworkCore.PostgreSQL.Storage.Internal.NpgsqlExecutionStrategy.ExecuteAsync[TState,TResult](TState state, Func`4 operation, Func`4 verifySucceeded, CancellationToken cancellationToken)
   at Microsoft.EntityFrameworkCore.DbContext.SaveChangesAsync(Boolean acceptAllChangesOnSuccess, CancellationToken cancellationToken)
Microsoft.EntityFrameworkCore.DbUpdateException: An error occurred while saving the entity changes. See the inner exception for details.
 ---> Npgsql.PostgresException (0x80004005): 23503: insert or update on table "CrmSupportTickets" violates foreign key constraint "FK_CrmSupportTickets_CrmCustomers_CustomerId"

DETAIL: Detail redacted as it may contain sensitive data. Specify 'Include Error Detail' in the connection string to include this information.
   at Npgsql.Internal.NpgsqlConnector.ReadMessageLong(Boolean async, DataRowLoadingMode dataRowLoadingMode, Boolean readingNotifications, Boolean isReadingPrependedMessage)
   at System.Runtime.CompilerServices.PoolingAsyncValueTaskMethodBuilder`1.StateMachineBox`1.System.Threading.Tasks.Sources.IValueTaskSource<TResult>.GetResult(Int16 token)
   at Npgsql.NpgsqlDataReader.NextResult(Boolean async, Boolean isConsuming, CancellationToken cancellationToken)
   at Npgsql.NpgsqlDataReader.NextResult(Boolean async, Boolean isConsuming, CancellationToken cancellationToken)
   at Npgsql.NpgsqlCommand.ExecuteReader(Boolean async, CommandBehavior behavior, CancellationToken cancellationToken)
   at Npgsql.NpgsqlCommand.ExecuteReader(Boolean async, CommandBehavior behavior, CancellationToken cancellationToken)
   at Npgsql.NpgsqlCommand.ExecuteDbDataReaderAsync(CommandBehavior behavior, CancellationToken cancellationToken)
   at Microsoft.EntityFrameworkCore.Storage.RelationalCommand.ExecuteReaderAsync(RelationalCommandParameterObject parameterObject, CancellationToken cancellationToken)
   at Microsoft.EntityFrameworkCore.Storage.RelationalCommand.ExecuteReaderAsync(RelationalCommandParameterObject parameterObject, CancellationToken cancellationToken)
   at Microsoft.EntityFrameworkCore.Update.ReaderModificationCommandBatch.ExecuteAsync(IRelationalConnection connection, CancellationToken cancellationToken)
  Exception data:
    Severity: ERROR
    SqlState: 23503
    MessageText: insert or update on table "CrmSupportTickets" violates foreign key constraint "FK_CrmSupportTickets_CrmCustomers_CustomerId"
    Detail: Detail redacted as it may contain sensitive data. Specify 'Include Error Detail' in the connection string to include this information.
    SchemaName: public
    TableName: CrmSupportTickets
    ConstraintName: FK_CrmSupportTickets_CrmCustomers_CustomerId
    File: ri_triggers.c
    Line: 2783
    Routine: ri_ReportViolation
   --- End of inner exception stack trace ---
   at Microsoft.EntityFrameworkCore.Update.ReaderModificationCommandBatch.ExecuteAsync(IRelationalConnection connection, CancellationToken cancellationToken)
   at Microsoft.EntityFrameworkCore.Update.Internal.BatchExecutor.ExecuteAsync(IEnumerable`1 commandBatches, IRelationalConnection connection, CancellationToken cancellationToken)
   at Microsoft.EntityFrameworkCore.Update.Internal.BatchExecutor.ExecuteAsync(IEnumerable`1 commandBatches, IRelationalConnection connection, CancellationToken cancellationToken)
   at Microsoft.EntityFrameworkCore.Update.Internal.BatchExecutor.ExecuteAsync(IEnumerable`1 commandBatches, IRelationalConnection connection, CancellationToken cancellationToken)
   at Microsoft.EntityFrameworkCore.Storage.RelationalDatabase.SaveChangesAsync(IList`1 entries, CancellationToken cancellationToken)
   at Microsoft.EntityFrameworkCore.ChangeTracking.Internal.StateManager.SaveChangesAsync(IList`1 entriesToSave, CancellationToken cancellationToken)
   at Microsoft.EntityFrameworkCore.ChangeTracking.Internal.StateManager.SaveChangesAsync(StateManager stateManager, Boolean acceptAllChangesOnSuccess, CancellationToken cancellationToken)
   at Npgsql.EntityFrameworkCore.PostgreSQL.Storage.Internal.NpgsqlExecutionStrategy.ExecuteAsync[TState,TResult](TState state, Func`4 operation, Func`4 verifySucceeded, CancellationToken cancellationToken)
   at Microsoft.EntityFrameworkCore.DbContext.SaveChangesAsync(Boolean acceptAllChangesOnSuccess, CancellationToken cancellationToken)
2026-06-30 09:38:14.658 +03:00 [ERR] Database migration or seed failed. Check PostgreSQL is running and ConnectionStrings:DefaultConnection is correct.
Microsoft.EntityFrameworkCore.DbUpdateException: An error occurred while saving the entity changes. See the inner exception for details.
 ---> Npgsql.PostgresException (0x80004005): 23503: insert or update on table "CrmSupportTickets" violates foreign key constraint "FK_CrmSupportTickets_CrmCustomers_CustomerId"

DETAIL: Detail redacted as it may contain sensitive data. Specify 'Include Error Detail' in the connection string to include this information.
   at Npgsql.Internal.NpgsqlConnector.ReadMessageLong(Boolean async, DataRowLoadingMode dataRowLoadingMode, Boolean readingNotifications, Boolean isReadingPrependedMessage)
   at System.Runtime.CompilerServices.PoolingAsyncValueTaskMethodBuilder`1.StateMachineBox`1.System.Threading.Tasks.Sources.IValueTaskSource<TResult>.GetResult(Int16 token)
   at Npgsql.NpgsqlDataReader.NextResult(Boolean async, Boolean isConsuming, CancellationToken cancellationToken)
   at Npgsql.NpgsqlDataReader.NextResult(Boolean async, Boolean isConsuming, CancellationToken cancellationToken)
   at Npgsql.NpgsqlCommand.ExecuteReader(Boolean async, CommandBehavior behavior, CancellationToken cancellationToken)
   at Npgsql.NpgsqlCommand.ExecuteReader(Boolean async, CommandBehavior behavior, CancellationToken cancellationToken)
   at Npgsql.NpgsqlCommand.ExecuteDbDataReaderAsync(CommandBehavior behavior, CancellationToken cancellationToken)
   at Microsoft.EntityFrameworkCore.Storage.RelationalCommand.ExecuteReaderAsync(RelationalCommandParameterObject parameterObject, CancellationToken cancellationToken)
   at Microsoft.EntityFrameworkCore.Storage.RelationalCommand.ExecuteReaderAsync(RelationalCommandParameterObject parameterObject, CancellationToken cancellationToken)
   at Microsoft.EntityFrameworkCore.Update.ReaderModificationCommandBatch.ExecuteAsync(IRelationalConnection connection, CancellationToken cancellationToken)
  Exception data:
    Severity: ERROR
    SqlState: 23503
    MessageText: insert or update on table "CrmSupportTickets" violates foreign key constraint "FK_CrmSupportTickets_CrmCustomers_CustomerId"
    Detail: Detail redacted as it may contain sensitive data. Specify 'Include Error Detail' in the connection string to include this information.
    SchemaName: public
    TableName: CrmSupportTickets
    ConstraintName: FK_CrmSupportTickets_CrmCustomers_CustomerId
    File: ri_triggers.c
    Line: 2783
    Routine: ri_ReportViolation
   --- End of inner exception stack trace ---
   at Microsoft.EntityFrameworkCore.Update.ReaderModificationCommandBatch.ExecuteAsync(IRelationalConnection connection, CancellationToken cancellationToken)
   at Microsoft.EntityFrameworkCore.Update.Internal.BatchExecutor.ExecuteAsync(IEnumerable`1 commandBatches, IRelationalConnection connection, CancellationToken cancellationToken)
   at Microsoft.EntityFrameworkCore.Update.Internal.BatchExecutor.ExecuteAsync(IEnumerable`1 commandBatches, IRelationalConnection connection, CancellationToken cancellationToken)
   at Microsoft.EntityFrameworkCore.Update.Internal.BatchExecutor.ExecuteAsync(IEnumerable`1 commandBatches, IRelationalConnection connection, CancellationToken cancellationToken)
   at Microsoft.EntityFrameworkCore.Storage.RelationalDatabase.SaveChangesAsync(IList`1 entries, CancellationToken cancellationToken)
   at Microsoft.EntityFrameworkCore.ChangeTracking.Internal.StateManager.SaveChangesAsync(IList`1 entriesToSave, CancellationToken cancellationToken)
   at Microsoft.EntityFrameworkCore.ChangeTracking.Internal.StateManager.SaveChangesAsync(StateManager stateManager, Boolean acceptAllChangesOnSuccess, CancellationToken cancellationToken)
   at Npgsql.EntityFrameworkCore.PostgreSQL.Storage.Internal.NpgsqlExecutionStrategy.ExecuteAsync[TState,TResult](TState state, Func`4 operation, Func`4 verifySucceeded, CancellationToken cancellationToken)
   at Microsoft.EntityFrameworkCore.DbContext.SaveChangesAsync(Boolean acceptAllChangesOnSuccess, CancellationToken cancellationToken)
   at Microsoft.EntityFrameworkCore.DbContext.SaveChangesAsync(Boolean acceptAllChangesOnSuccess, CancellationToken cancellationToken)
   at Biktal.Infrastructure.Persistence.CrmDataSeeder.SeedIfEmptyAsync(ApplicationDbContext db, CancellationToken cancellationToken)
   at Program.<Main>$(String[] args) in d:\Systems\BiktalSystems\Program.cs:line 71
2026-06-30 09:38:14.680 +03:00 [WRN] Continuing without a successful migration/seed. Auth and data pages may fail until the database is available.
2026-06-30 09:38:14.714 +03:00 [WRN] Using an in-memory repository. Keys will not be persisted to storage.
2026-06-30 09:38:14.714 +03:00 [WRN] Neither user profile nor HKLM registry available. Using an ephemeral key repository. Protected data will be unavailable when application exits.
2026-06-30 09:38:14.747 +03:00 [WRN] No XML encryptor configured. Key {ec3d1b11-cd2f-42aa-9367-a7ffa11c1f3c} may be persisted to storage in unencrypted form.
2026-06-30 09:38:14.799 +03:00 [INF] Application started. Press Ctrl+C to shut down.
2026-06-30 09:38:14.799 +03:00 [INF] Hosting environment: Production
2026-06-30 09:38:14.799 +03:00 [INF] Content root path: D:\Systems\BiktalSystems\publish
2026-06-30 09:38:14.917 +03:00 [INF] HTTP GET /Operations responded 302 in 87.4404 ms
2026-06-30 09:38:15.098 +03:00 [ERR] An exception was thrown while deserializing the token.
Microsoft.AspNetCore.Antiforgery.AntiforgeryValidationException: The antiforgery token could not be decrypted.
 ---> System.Security.Cryptography.CryptographicException: The key {7330ec34-333e-4294-8b9c-e69774ad654f} was not found in the key ring. For more information go to https://aka.ms/aspnet/dataprotectionwarning
   at Microsoft.AspNetCore.DataProtection.KeyManagement.KeyRingBasedDataProtector.UnprotectCore(Byte[] protectedData, Boolean allowOperationsOnRevokedKeys, UnprotectStatus& status)
   at Microsoft.AspNetCore.DataProtection.KeyManagement.KeyRingBasedDataProtector.Unprotect(Byte[] protectedData)
   at Microsoft.AspNetCore.Antiforgery.DefaultAntiforgeryTokenSerializer.Deserialize(String serializedToken)
   --- End of inner exception stack trace ---
   at Microsoft.AspNetCore.Antiforgery.DefaultAntiforgeryTokenSerializer.Deserialize(String serializedToken)
   at Microsoft.AspNetCore.Antiforgery.DefaultAntiforgery.GetCookieTokenDoesNotThrow(HttpContext httpContext)
2026-06-30 09:38:15.294 +03:00 [INF] HTTP GET /Account/Login responded 200 in 355.5885 ms
2026-06-30 09:38:15.496 +03:00 [INF] HTTP GET /js/site.js responded 200 in 140.9781 ms
2026-06-30 09:38:15.496 +03:00 [INF] HTTP GET /lib/jquery-validation-unobtrusive/dist/jquery.validate.unobtrusive.min.js responded 200 in 115.7841 ms
2026-06-30 09:38:15.496 +03:00 [INF] HTTP GET /lib/jquery-validation/dist/jquery.validate.min.js responded 200 in 140.8016 ms
2026-06-30 09:38:15.498 +03:00 [INF] HTTP GET /Biktal.WebMVC.styles.css responded 200 in 144.6860 ms
2026-06-30 09:38:15.498 +03:00 [INF] HTTP GET /lib/bootstrap/dist/css/bootstrap.min.css responded 200 in 151.4491 ms
2026-06-30 09:38:15.499 +03:00 [INF] HTTP GET /css/site.css responded 200 in 151.6957 ms
2026-06-30 09:38:15.500 +03:00 [INF] HTTP GET /lib/bootstrap/dist/js/bootstrap.bundle.min.js responded 200 in 146.7329 ms
2026-06-30 09:38:15.526 +03:00 [INF] HTTP GET /lib/jquery/dist/jquery.min.js responded 200 in 174.3405 ms
2026-06-30 09:39:55.720 +03:00 [INF] HTTP POST /Account/Login responded 302 in 613.1699 ms
2026-06-30 09:39:55.833 +03:00 [WRN] The query uses the 'First'/'FirstOrDefault' operator without 'OrderBy' and filter operators. This may lead to unpredictable results.
2026-06-30 09:39:55.867 +03:00 [WRN] The query uses the 'First'/'FirstOrDefault' operator without 'OrderBy' and filter operators. This may lead to unpredictable results.
2026-06-30 09:39:55.993 +03:00 [INF] HTTP GET /Operations responded 200 in 260.8971 ms
2026-06-30 09:39:56.067 +03:00 [INF] HTTP GET /css/site.css responded 200 in 8.1083 ms
2026-06-30 09:39:56.094 +03:00 [INF] HTTP GET /lib/bootstrap/dist/css/bootstrap.min.css responded 200 in 33.7131 ms
2026-06-30 09:39:56.094 +03:00 [INF] HTTP GET /Biktal.WebMVC.styles.css responded 200 in 30.4995 ms
2026-06-30 09:39:56.122 +03:00 [INF] HTTP GET /js/site.js responded 200 in 55.0399 ms
2026-06-30 09:39:56.122 +03:00 [INF] HTTP GET /lib/jquery/dist/jquery.min.js responded 200 in 56.8005 ms
2026-06-30 09:39:56.242 +03:00 [INF] HTTP GET /lib/bootstrap/dist/js/bootstrap.bundle.min.js responded 200 in 174.8157 ms
2026-06-30 09:40:01.404 +03:00 [INF] HTTP GET /Operations/DailySales responded 200 in 69.6982 ms
2026-06-30 09:40:01.468 +03:00 [INF] HTTP GET /lib/bootstrap/dist/css/bootstrap.min.css responded 200 in 10.0288 ms
2026-06-30 09:40:01.474 +03:00 [INF] HTTP GET /css/site.css responded 200 in 2.3252 ms
2026-06-30 09:40:01.475 +03:00 [INF] HTTP GET /Biktal.WebMVC.styles.css responded 200 in 1.2923 ms
2026-06-30 09:40:01.481 +03:00 [INF] HTTP GET /lib/bootstrap/dist/js/bootstrap.bundle.min.js responded 304 in 3.0394 ms
2026-06-30 09:40:01.481 +03:00 [INF] HTTP GET /js/site.js responded 304 in 3.2130 ms
2026-06-30 09:40:01.485 +03:00 [INF] HTTP GET /lib/jquery/dist/jquery.min.js responded 304 in 1.8635 ms
2026-06-30 09:40:13.560 +03:00 [INF] HTTP GET /Finance responded 200 in 123.1700 ms
2026-06-30 09:40:13.627 +03:00 [INF] HTTP GET /lib/bootstrap/dist/css/bootstrap.min.css responded 200 in 1.9066 ms
2026-06-30 09:40:13.631 +03:00 [INF] HTTP GET /css/site.css responded 200 in 3.3712 ms
2026-06-30 09:40:13.631 +03:00 [INF] HTTP GET /lib/jquery/dist/jquery.min.js responded 304 in 1.0781 ms
2026-06-30 09:40:13.634 +03:00 [INF] HTTP GET /lib/bootstrap/dist/js/bootstrap.bundle.min.js responded 304 in 1.9980 ms
2026-06-30 09:40:13.638 +03:00 [INF] HTTP GET /Biktal.WebMVC.styles.css responded 200 in 6.4674 ms
2026-06-30 09:40:13.640 +03:00 [INF] HTTP GET /js/site.js responded 304 in 0.7698 ms
2026-06-30 09:40:18.475 +03:00 [INF] HTTP GET /Finance/Cashbox responded 200 in 383.2392 ms
2026-06-30 09:40:18.537 +03:00 [INF] HTTP GET /lib/bootstrap/dist/css/bootstrap.min.css responded 200 in 2.2334 ms
2026-06-30 09:40:18.543 +03:00 [INF] HTTP GET /css/site.css responded 200 in 1.3780 ms
2026-06-30 09:40:18.544 +03:00 [INF] HTTP GET /Biktal.WebMVC.styles.css responded 200 in 1.1992 ms
2026-06-30 09:40:18.548 +03:00 [INF] HTTP GET /lib/bootstrap/dist/js/bootstrap.bundle.min.js responded 304 in 4.1976 ms
2026-06-30 09:40:18.548 +03:00 [INF] HTTP GET /js/site.js responded 304 in 0.6072 ms
2026-06-30 09:40:18.554 +03:00 [INF] HTTP GET /lib/jquery/dist/jquery.min.js responded 304 in 0.6834 ms
2026-06-30 09:40:18.567 +03:00 [INF] HTTP GET /lib/jquery-validation-unobtrusive/dist/jquery.validate.unobtrusive.min.js responded 200 in 17.2635 ms
2026-06-30 09:40:18.568 +03:00 [INF] HTTP GET /lib/jquery-validation/dist/jquery.validate.min.js responded 200 in 19.5757 ms
2026-06-30 09:48:00.939 +03:00 [INF] HTTP GET /Dashboard responded 200 in 141.1173 ms
2026-06-30 09:48:01.021 +03:00 [INF] HTTP GET /lib/bootstrap/dist/css/bootstrap.min.css responded 200 in 2.5287 ms
2026-06-30 09:48:01.023 +03:00 [INF] HTTP GET /Biktal.WebMVC.styles.css responded 200 in 1.9242 ms
2026-06-30 09:48:01.027 +03:00 [INF] HTTP GET /lib/jquery/dist/jquery.min.js responded 200 in 3.1273 ms
2026-06-30 09:48:01.029 +03:00 [INF] HTTP GET /js/site.js responded 200 in 1.0590 ms
2026-06-30 09:48:01.029 +03:00 [INF] HTTP GET /lib/bootstrap/dist/js/bootstrap.bundle.min.js responded 200 in 1.7823 ms
2026-06-30 09:48:01.032 +03:00 [INF] HTTP GET /css/site.css responded 200 in 2.8027 ms
2026-06-30 09:48:07.622 +03:00 [INF] HTTP GET /Insights responded 200 in 138.1993 ms
2026-06-30 09:48:07.678 +03:00 [INF] HTTP GET /lib/bootstrap/dist/css/bootstrap.min.css responded 304 in 5.7837 ms
2026-06-30 09:48:07.688 +03:00 [INF] HTTP GET /css/site.css responded 304 in 3.1874 ms
2026-06-30 09:48:07.688 +03:00 [INF] HTTP GET /js/site.js responded 304 in 0.7238 ms
2026-06-30 09:48:07.689 +03:00 [INF] HTTP GET /lib/jquery/dist/jquery.min.js responded 304 in 0.4643 ms
2026-06-30 09:48:07.690 +03:00 [INF] HTTP GET /Biktal.WebMVC.styles.css responded 304 in 0.4912 ms
2026-06-30 09:48:07.690 +03:00 [INF] HTTP GET /lib/bootstrap/dist/js/bootstrap.bundle.min.js responded 304 in 0.5529 ms
2026-06-30 09:53:58.398 +03:00 [WRN] The query uses the 'First'/'FirstOrDefault' operator without 'OrderBy' and filter operators. This may lead to unpredictable results.
2026-06-30 09:53:58.502 +03:00 [INF] HTTP GET /Pos responded 200 in 197.5759 ms
2026-06-30 09:53:58.575 +03:00 [INF] HTTP GET /css/site.css responded 200 in 1.4566 ms
2026-06-30 09:53:58.576 +03:00 [INF] HTTP GET /Biktal.WebMVC.styles.css responded 200 in 1.3627 ms
2026-06-30 09:53:58.578 +03:00 [INF] HTTP GET /lib/bootstrap/dist/css/bootstrap.min.css responded 200 in 1.9327 ms
2026-06-30 09:53:58.582 +03:00 [INF] HTTP GET /lib/jquery/dist/jquery.min.js responded 200 in 1.2336 ms
2026-06-30 09:53:58.583 +03:00 [INF] HTTP GET /js/site.js responded 200 in 1.0893 ms
2026-06-30 09:53:58.585 +03:00 [INF] HTTP GET /lib/bootstrap/dist/js/bootstrap.bundle.min.js responded 200 in 1.8301 ms
2026-06-30 09:53:58.610 +03:00 [INF] HTTP GET /js/pos.js responded 200 in 25.1872 ms
2026-06-30 09:54:04.216 +03:00 [INF] HTTP GET /Operations responded 200 in 32.9908 ms
2026-06-30 09:54:04.282 +03:00 [INF] HTTP GET /lib/bootstrap/dist/css/bootstrap.min.css responded 304 in 0.5445 ms
2026-06-30 09:54:04.282 +03:00 [INF] HTTP GET /css/site.css responded 304 in 0.3869 ms
2026-06-30 09:54:04.283 +03:00 [INF] HTTP GET /Biktal.WebMVC.styles.css responded 304 in 0.6355 ms
2026-06-30 09:54:04.285 +03:00 [INF] HTTP GET /lib/jquery/dist/jquery.min.js responded 304 in 1.6923 ms
2026-06-30 09:54:04.289 +03:00 [INF] HTTP GET /js/site.js responded 304 in 2.0212 ms
2026-06-30 09:54:04.289 +03:00 [INF] HTTP GET /lib/bootstrap/dist/js/bootstrap.bundle.min.js responded 304 in 1.4887 ms
2026-06-30 09:54:08.992 +03:00 [INF] HTTP GET /Operations/DailySales responded 200 in 19.0993 ms
2026-06-30 09:54:09.048 +03:00 [INF] HTTP GET /lib/bootstrap/dist/css/bootstrap.min.css responded 200 in 1.2997 ms
2026-06-30 09:54:09.061 +03:00 [INF] HTTP GET /css/site.css responded 304 in 0.5115 ms
2026-06-30 09:54:09.062 +03:00 [INF] HTTP GET /Biktal.WebMVC.styles.css responded 304 in 0.4406 ms
2026-06-30 09:54:09.062 +03:00 [INF] HTTP GET /lib/bootstrap/dist/js/bootstrap.bundle.min.js responded 304 in 0.4328 ms
2026-06-30 09:54:09.062 +03:00 [INF] HTTP GET /lib/jquery/dist/jquery.min.js responded 304 in 1.1297 ms
2026-06-30 09:54:09.063 +03:00 [INF] HTTP GET /js/site.js responded 304 in 0.3135 ms
2026-06-30 09:54:13.406 +03:00 [INF] HTTP GET /Operations responded 200 in 17.2478 ms
2026-06-30 09:54:13.468 +03:00 [INF] HTTP GET /lib/bootstrap/dist/css/bootstrap.min.css responded 200 in 3.4644 ms
2026-06-30 09:54:13.474 +03:00 [INF] HTTP GET /css/site.css responded 304 in 0.6656 ms
2026-06-30 09:54:13.477 +03:00 [INF] HTTP GET /Biktal.WebMVC.styles.css responded 304 in 2.1245 ms
2026-06-30 09:54:13.477 +03:00 [INF] HTTP GET /lib/jquery/dist/jquery.min.js responded 304 in 2.2193 ms
2026-06-30 09:54:13.481 +03:00 [INF] HTTP GET /lib/bootstrap/dist/js/bootstrap.bundle.min.js responded 304 in 2.5223 ms
2026-06-30 09:54:13.481 +03:00 [INF] HTTP GET /js/site.js responded 304 in 1.7478 ms
2026-06-30 09:54:15.937 +03:00 [INF] HTTP GET /Operations/DailySales responded 200 in 14.4875 ms
2026-06-30 09:54:15.994 +03:00 [INF] HTTP GET /lib/bootstrap/dist/css/bootstrap.min.css responded 304 in 3.0652 ms
2026-06-30 09:54:15.999 +03:00 [INF] HTTP GET /css/site.css responded 304 in 0.3956 ms
2026-06-30 09:54:15.999 +03:00 [INF] HTTP GET /Biktal.WebMVC.styles.css responded 304 in 0.6700 ms
2026-06-30 09:54:16.002 +03:00 [INF] HTTP GET /lib/jquery/dist/jquery.min.js responded 304 in 1.1437 ms
2026-06-30 09:54:16.005 +03:00 [INF] HTTP GET /lib/bootstrap/dist/js/bootstrap.bundle.min.js responded 304 in 2.0493 ms
2026-06-30 09:54:16.006 +03:00 [INF] HTTP GET /js/site.js responded 304 in 0.6061 ms
2026-06-30 09:54:43.017 +03:00 [INF] HTTP GET /Operations/Sales responded 200 in 93.6068 ms
2026-06-30 09:54:43.080 +03:00 [INF] HTTP GET /lib/bootstrap/dist/css/bootstrap.min.css responded 200 in 3.9665 ms
2026-06-30 09:54:43.082 +03:00 [INF] HTTP GET /Biktal.WebMVC.styles.css responded 304 in 0.4069 ms
2026-06-30 09:54:43.083 +03:00 [INF] HTTP GET /css/site.css responded 304 in 1.3050 ms
2026-06-30 09:54:43.085 +03:00 [INF] HTTP GET /lib/bootstrap/dist/js/bootstrap.bundle.min.js responded 304 in 1.6389 ms
2026-06-30 09:54:43.087 +03:00 [INF] HTTP GET /js/site.js responded 304 in 1.0709 ms
2026-06-30 09:54:43.088 +03:00 [INF] HTTP GET /lib/jquery/dist/jquery.min.js responded 304 in 0.8920 ms
2026-06-30 09:55:09.363 +03:00 [INF] HTTP GET /Finance responded 200 in 23.8491 ms
2026-06-30 09:55:09.426 +03:00 [INF] HTTP GET /lib/bootstrap/dist/css/bootstrap.min.css responded 200 in 1.2958 ms
2026-06-30 09:55:09.437 +03:00 [INF] HTTP GET /css/site.css responded 304 in 0.4181 ms
2026-06-30 09:55:09.438 +03:00 [INF] HTTP GET /lib/jquery/dist/jquery.min.js responded 304 in 0.6190 ms
2026-06-30 09:55:09.439 +03:00 [INF] HTTP GET /lib/bootstrap/dist/js/bootstrap.bundle.min.js responded 304 in 0.7527 ms
2026-06-30 09:55:09.443 +03:00 [INF] HTTP GET /Biktal.WebMVC.styles.css responded 304 in 0.4761 ms
2026-06-30 09:55:09.444 +03:00 [INF] HTTP GET /js/site.js responded 304 in 0.9795 ms
2026-06-30 09:55:14.131 +03:00 [INF] HTTP GET /Inventory responded 200 in 119.4456 ms
2026-06-30 09:55:14.184 +03:00 [INF] HTTP GET /lib/bootstrap/dist/css/bootstrap.min.css responded 304 in 0.5779 ms
2026-06-30 09:55:14.197 +03:00 [INF] HTTP GET /css/site.css responded 304 in 1.8459 ms
2026-06-30 09:55:14.198 +03:00 [INF] HTTP GET /Biktal.WebMVC.styles.css responded 304 in 0.4569 ms
2026-06-30 09:55:14.198 +03:00 [INF] HTTP GET /lib/jquery/dist/jquery.min.js responded 304 in 0.4624 ms
2026-06-30 09:55:14.200 +03:00 [INF] HTTP GET /lib/bootstrap/dist/js/bootstrap.bundle.min.js responded 304 in 0.6772 ms
2026-06-30 09:55:14.200 +03:00 [INF] HTTP GET /js/site.js responded 304 in 0.6210 ms
2026-06-30 09:55:15.732 +03:00 [INF] HTTP GET /Finance responded 200 in 12.5777 ms
2026-06-30 09:55:15.798 +03:00 [INF] HTTP GET /lib/bootstrap/dist/css/bootstrap.min.css responded 304 in 4.2138 ms
2026-06-30 09:55:15.802 +03:00 [INF] HTTP GET /Biktal.WebMVC.styles.css responded 304 in 0.7482 ms
2026-06-30 09:55:15.802 +03:00 [INF] HTTP GET /css/site.css responded 304 in 1.3883 ms
2026-06-30 09:55:15.802 +03:00 [INF] HTTP GET /lib/jquery/dist/jquery.min.js responded 304 in 0.4581 ms
2026-06-30 09:55:15.804 +03:00 [INF] HTTP GET /lib/bootstrap/dist/js/bootstrap.bundle.min.js responded 304 in 0.9002 ms
2026-06-30 09:55:15.805 +03:00 [INF] HTTP GET /js/site.js responded 304 in 0.7245 ms
2026-06-30 09:55:23.460 +03:00 [INF] HTTP GET /Finance/Accounts responded 200 in 89.0468 ms
2026-06-30 09:55:23.536 +03:00 [INF] HTTP GET /css/site.css responded 304 in 0.3486 ms
2026-06-30 09:55:23.536 +03:00 [INF] HTTP GET /lib/bootstrap/dist/css/bootstrap.min.css responded 304 in 0.6174 ms
2026-06-30 09:55:23.537 +03:00 [INF] HTTP GET /Biktal.WebMVC.styles.css responded 304 in 0.5358 ms
2026-06-30 09:55:23.538 +03:00 [INF] HTTP GET /lib/jquery/dist/jquery.min.js responded 304 in 0.4971 ms
2026-06-30 09:55:23.542 +03:00 [INF] HTTP GET /js/site.js responded 304 in 0.9598 ms
2026-06-30 09:55:23.544 +03:00 [INF] HTTP GET /lib/bootstrap/dist/js/bootstrap.bundle.min.js responded 304 in 2.1300 ms
2026-06-30 09:55:23.544 +03:00 [INF] HTTP GET /lib/jquery-validation/dist/jquery.validate.min.js responded 200 in 0.8258 ms
2026-06-30 09:55:23.545 +03:00 [INF] HTTP GET /lib/jquery-validation-unobtrusive/dist/jquery.validate.unobtrusive.min.js responded 200 in 1.4756 ms
2026-06-30 10:16:23.789 +03:00 [INF] Application is shutting down...
2026-06-30 10:35:30.748 +03:00 [ERR] Failed executing DbCommand (6ms) [Parameters=[@p0='?' (DbType = Guid), @p1='?' (DbType = DateTime), @p2='?' (DbType = Guid), @p3='?', @p4='?' (DbType = DateTime), @p5='?' (DbType = Int32), @p6='?' (DbType = Int32), @p7='?', @p8='?', @p9='?' (DbType = Guid), @p10='?' (DbType = DateTime), @p11='?' (DbType = Guid), @p12='?', @p13='?' (DbType = DateTime), @p14='?' (DbType = Int32), @p15='?' (DbType = Int32), @p16='?', @p17='?'], CommandType='"Text"', CommandTimeout='30']
INSERT INTO "CrmSupportTickets" ("Id", "CreatedAtUtc", "CustomerId", "Description", "ModifiedAtUtc", "Priority", "Status", "Subject", "TicketNumber")
VALUES (@p0, @p1, @p2, @p3, @p4, @p5, @p6, @p7, @p8);
INSERT INTO "CrmSupportTickets" ("Id", "CreatedAtUtc", "CustomerId", "Description", "ModifiedAtUtc", "Priority", "Status", "Subject", "TicketNumber")
VALUES (@p9, @p10, @p11, @p12, @p13, @p14, @p15, @p16, @p17);
2026-06-30 10:35:30.829 +03:00 [ERR] An exception occurred in the database while saving changes for context type 'Biktal.Infrastructure.Persistence.ApplicationDbContext'.
Microsoft.EntityFrameworkCore.DbUpdateException: An error occurred while saving the entity changes. See the inner exception for details.
 ---> Npgsql.PostgresException (0x80004005): 23503: insert or update on table "CrmSupportTickets" violates foreign key constraint "FK_CrmSupportTickets_CrmCustomers_CustomerId"

DETAIL: Detail redacted as it may contain sensitive data. Specify 'Include Error Detail' in the connection string to include this information.
   at Npgsql.Internal.NpgsqlConnector.ReadMessageLong(Boolean async, DataRowLoadingMode dataRowLoadingMode, Boolean readingNotifications, Boolean isReadingPrependedMessage)
   at System.Runtime.CompilerServices.PoolingAsyncValueTaskMethodBuilder`1.StateMachineBox`1.System.Threading.Tasks.Sources.IValueTaskSource<TResult>.GetResult(Int16 token)
   at Npgsql.NpgsqlDataReader.NextResult(Boolean async, Boolean isConsuming, CancellationToken cancellationToken)
   at Npgsql.NpgsqlDataReader.NextResult(Boolean async, Boolean isConsuming, CancellationToken cancellationToken)
   at Npgsql.NpgsqlCommand.ExecuteReader(Boolean async, CommandBehavior behavior, CancellationToken cancellationToken)
   at Npgsql.NpgsqlCommand.ExecuteReader(Boolean async, CommandBehavior behavior, CancellationToken cancellationToken)
   at Npgsql.NpgsqlCommand.ExecuteDbDataReaderAsync(CommandBehavior behavior, CancellationToken cancellationToken)
   at Microsoft.EntityFrameworkCore.Storage.RelationalCommand.ExecuteReaderAsync(RelationalCommandParameterObject parameterObject, CancellationToken cancellationToken)
   at Microsoft.EntityFrameworkCore.Storage.RelationalCommand.ExecuteReaderAsync(RelationalCommandParameterObject parameterObject, CancellationToken cancellationToken)
   at Microsoft.EntityFrameworkCore.Update.ReaderModificationCommandBatch.ExecuteAsync(IRelationalConnection connection, CancellationToken cancellationToken)
  Exception data:
    Severity: ERROR
    SqlState: 23503
    MessageText: insert or update on table "CrmSupportTickets" violates foreign key constraint "FK_CrmSupportTickets_CrmCustomers_CustomerId"
    Detail: Detail redacted as it may contain sensitive data. Specify 'Include Error Detail' in the connection string to include this information.
    SchemaName: public
    TableName: CrmSupportTickets
    ConstraintName: FK_CrmSupportTickets_CrmCustomers_CustomerId
    File: ri_triggers.c
    Line: 2783
    Routine: ri_ReportViolation
   --- End of inner exception stack trace ---
   at Microsoft.EntityFrameworkCore.Update.ReaderModificationCommandBatch.ExecuteAsync(IRelationalConnection connection, CancellationToken cancellationToken)
   at Microsoft.EntityFrameworkCore.Update.Internal.BatchExecutor.ExecuteAsync(IEnumerable`1 commandBatches, IRelationalConnection connection, CancellationToken cancellationToken)
   at Microsoft.EntityFrameworkCore.Update.Internal.BatchExecutor.ExecuteAsync(IEnumerable`1 commandBatches, IRelationalConnection connection, CancellationToken cancellationToken)
   at Microsoft.EntityFrameworkCore.Update.Internal.BatchExecutor.ExecuteAsync(IEnumerable`1 commandBatches, IRelationalConnection connection, CancellationToken cancellationToken)
   at Microsoft.EntityFrameworkCore.Storage.RelationalDatabase.SaveChangesAsync(IList`1 entries, CancellationToken cancellationToken)
   at Microsoft.EntityFrameworkCore.ChangeTracking.Internal.StateManager.SaveChangesAsync(IList`1 entriesToSave, CancellationToken cancellationToken)
   at Microsoft.EntityFrameworkCore.ChangeTracking.Internal.StateManager.SaveChangesAsync(StateManager stateManager, Boolean acceptAllChangesOnSuccess, CancellationToken cancellationToken)
   at Npgsql.EntityFrameworkCore.PostgreSQL.Storage.Internal.NpgsqlExecutionStrategy.ExecuteAsync[TState,TResult](TState state, Func`4 operation, Func`4 verifySucceeded, CancellationToken cancellationToken)
   at Microsoft.EntityFrameworkCore.DbContext.SaveChangesAsync(Boolean acceptAllChangesOnSuccess, CancellationToken cancellationToken)
Microsoft.EntityFrameworkCore.DbUpdateException: An error occurred while saving the entity changes. See the inner exception for details.
 ---> Npgsql.PostgresException (0x80004005): 23503: insert or update on table "CrmSupportTickets" violates foreign key constraint "FK_CrmSupportTickets_CrmCustomers_CustomerId"

DETAIL: Detail redacted as it may contain sensitive data. Specify 'Include Error Detail' in the connection string to include this information.
   at Npgsql.Internal.NpgsqlConnector.ReadMessageLong(Boolean async, DataRowLoadingMode dataRowLoadingMode, Boolean readingNotifications, Boolean isReadingPrependedMessage)
   at System.Runtime.CompilerServices.PoolingAsyncValueTaskMethodBuilder`1.StateMachineBox`1.System.Threading.Tasks.Sources.IValueTaskSource<TResult>.GetResult(Int16 token)
   at Npgsql.NpgsqlDataReader.NextResult(Boolean async, Boolean isConsuming, CancellationToken cancellationToken)
   at Npgsql.NpgsqlDataReader.NextResult(Boolean async, Boolean isConsuming, CancellationToken cancellationToken)
   at Npgsql.NpgsqlCommand.ExecuteReader(Boolean async, CommandBehavior behavior, CancellationToken cancellationToken)
   at Npgsql.NpgsqlCommand.ExecuteReader(Boolean async, CommandBehavior behavior, CancellationToken cancellationToken)
   at Npgsql.NpgsqlCommand.ExecuteDbDataReaderAsync(CommandBehavior behavior, CancellationToken cancellationToken)
   at Microsoft.EntityFrameworkCore.Storage.RelationalCommand.ExecuteReaderAsync(RelationalCommandParameterObject parameterObject, CancellationToken cancellationToken)
   at Microsoft.EntityFrameworkCore.Storage.RelationalCommand.ExecuteReaderAsync(RelationalCommandParameterObject parameterObject, CancellationToken cancellationToken)
   at Microsoft.EntityFrameworkCore.Update.ReaderModificationCommandBatch.ExecuteAsync(IRelationalConnection connection, CancellationToken cancellationToken)
  Exception data:
    Severity: ERROR
    SqlState: 23503
    MessageText: insert or update on table "CrmSupportTickets" violates foreign key constraint "FK_CrmSupportTickets_CrmCustomers_CustomerId"
    Detail: Detail redacted as it may contain sensitive data. Specify 'Include Error Detail' in the connection string to include this information.
    SchemaName: public
    TableName: CrmSupportTickets
    ConstraintName: FK_CrmSupportTickets_CrmCustomers_CustomerId
    File: ri_triggers.c
    Line: 2783
    Routine: ri_ReportViolation
   --- End of inner exception stack trace ---
   at Microsoft.EntityFrameworkCore.Update.ReaderModificationCommandBatch.ExecuteAsync(IRelationalConnection connection, CancellationToken cancellationToken)
   at Microsoft.EntityFrameworkCore.Update.Internal.BatchExecutor.ExecuteAsync(IEnumerable`1 commandBatches, IRelationalConnection connection, CancellationToken cancellationToken)
   at Microsoft.EntityFrameworkCore.Update.Internal.BatchExecutor.ExecuteAsync(IEnumerable`1 commandBatches, IRelationalConnection connection, CancellationToken cancellationToken)
   at Microsoft.EntityFrameworkCore.Update.Internal.BatchExecutor.ExecuteAsync(IEnumerable`1 commandBatches, IRelationalConnection connection, CancellationToken cancellationToken)
   at Microsoft.EntityFrameworkCore.Storage.RelationalDatabase.SaveChangesAsync(IList`1 entries, CancellationToken cancellationToken)
   at Microsoft.EntityFrameworkCore.ChangeTracking.Internal.StateManager.SaveChangesAsync(IList`1 entriesToSave, CancellationToken cancellationToken)
   at Microsoft.EntityFrameworkCore.ChangeTracking.Internal.StateManager.SaveChangesAsync(StateManager stateManager, Boolean acceptAllChangesOnSuccess, CancellationToken cancellationToken)
   at Npgsql.EntityFrameworkCore.PostgreSQL.Storage.Internal.NpgsqlExecutionStrategy.ExecuteAsync[TState,TResult](TState state, Func`4 operation, Func`4 verifySucceeded, CancellationToken cancellationToken)
   at Microsoft.EntityFrameworkCore.DbContext.SaveChangesAsync(Boolean acceptAllChangesOnSuccess, CancellationToken cancellationToken)
2026-06-30 10:35:30.834 +03:00 [ERR] Database migration or seed failed. Check PostgreSQL is running and ConnectionStrings:DefaultConnection is correct.
Microsoft.EntityFrameworkCore.DbUpdateException: An error occurred while saving the entity changes. See the inner exception for details.
 ---> Npgsql.PostgresException (0x80004005): 23503: insert or update on table "CrmSupportTickets" violates foreign key constraint "FK_CrmSupportTickets_CrmCustomers_CustomerId"

DETAIL: Detail redacted as it may contain sensitive data. Specify 'Include Error Detail' in the connection string to include this information.
   at Npgsql.Internal.NpgsqlConnector.ReadMessageLong(Boolean async, DataRowLoadingMode dataRowLoadingMode, Boolean readingNotifications, Boolean isReadingPrependedMessage)
   at System.Runtime.CompilerServices.PoolingAsyncValueTaskMethodBuilder`1.StateMachineBox`1.System.Threading.Tasks.Sources.IValueTaskSource<TResult>.GetResult(Int16 token)
   at Npgsql.NpgsqlDataReader.NextResult(Boolean async, Boolean isConsuming, CancellationToken cancellationToken)
   at Npgsql.NpgsqlDataReader.NextResult(Boolean async, Boolean isConsuming, CancellationToken cancellationToken)
   at Npgsql.NpgsqlCommand.ExecuteReader(Boolean async, CommandBehavior behavior, CancellationToken cancellationToken)
   at Npgsql.NpgsqlCommand.ExecuteReader(Boolean async, CommandBehavior behavior, CancellationToken cancellationToken)
   at Npgsql.NpgsqlCommand.ExecuteDbDataReaderAsync(CommandBehavior behavior, CancellationToken cancellationToken)
   at Microsoft.EntityFrameworkCore.Storage.RelationalCommand.ExecuteReaderAsync(RelationalCommandParameterObject parameterObject, CancellationToken cancellationToken)
   at Microsoft.EntityFrameworkCore.Storage.RelationalCommand.ExecuteReaderAsync(RelationalCommandParameterObject parameterObject, CancellationToken cancellationToken)
   at Microsoft.EntityFrameworkCore.Update.ReaderModificationCommandBatch.ExecuteAsync(IRelationalConnection connection, CancellationToken cancellationToken)
  Exception data:
    Severity: ERROR
    SqlState: 23503
    MessageText: insert or update on table "CrmSupportTickets" violates foreign key constraint "FK_CrmSupportTickets_CrmCustomers_CustomerId"
    Detail: Detail redacted as it may contain sensitive data. Specify 'Include Error Detail' in the connection string to include this information.
    SchemaName: public
    TableName: CrmSupportTickets
    ConstraintName: FK_CrmSupportTickets_CrmCustomers_CustomerId
    File: ri_triggers.c
    Line: 2783
    Routine: ri_ReportViolation
   --- End of inner exception stack trace ---
   at Microsoft.EntityFrameworkCore.Update.ReaderModificationCommandBatch.ExecuteAsync(IRelationalConnection connection, CancellationToken cancellationToken)
   at Microsoft.EntityFrameworkCore.Update.Internal.BatchExecutor.ExecuteAsync(IEnumerable`1 commandBatches, IRelationalConnection connection, CancellationToken cancellationToken)
   at Microsoft.EntityFrameworkCore.Update.Internal.BatchExecutor.ExecuteAsync(IEnumerable`1 commandBatches, IRelationalConnection connection, CancellationToken cancellationToken)
   at Microsoft.EntityFrameworkCore.Update.Internal.BatchExecutor.ExecuteAsync(IEnumerable`1 commandBatches, IRelationalConnection connection, CancellationToken cancellationToken)
   at Microsoft.EntityFrameworkCore.Storage.RelationalDatabase.SaveChangesAsync(IList`1 entries, CancellationToken cancellationToken)
   at Microsoft.EntityFrameworkCore.ChangeTracking.Internal.StateManager.SaveChangesAsync(IList`1 entriesToSave, CancellationToken cancellationToken)
   at Microsoft.EntityFrameworkCore.ChangeTracking.Internal.StateManager.SaveChangesAsync(StateManager stateManager, Boolean acceptAllChangesOnSuccess, CancellationToken cancellationToken)
   at Npgsql.EntityFrameworkCore.PostgreSQL.Storage.Internal.NpgsqlExecutionStrategy.ExecuteAsync[TState,TResult](TState state, Func`4 operation, Func`4 verifySucceeded, CancellationToken cancellationToken)
   at Microsoft.EntityFrameworkCore.DbContext.SaveChangesAsync(Boolean acceptAllChangesOnSuccess, CancellationToken cancellationToken)
   at Microsoft.EntityFrameworkCore.DbContext.SaveChangesAsync(Boolean acceptAllChangesOnSuccess, CancellationToken cancellationToken)
   at Biktal.Infrastructure.Persistence.CrmDataSeeder.SeedIfEmptyAsync(ApplicationDbContext db, CancellationToken cancellationToken)
   at Program.<Main>$(String[] args) in d:\Systems\BiktalSystems\Program.cs:line 71
2026-06-30 10:35:30.840 +03:00 [WRN] Continuing without a successful migration/seed. Auth and data pages may fail until the database is available.
2026-06-30 10:35:30.868 +03:00 [WRN] Using an in-memory repository. Keys will not be persisted to storage.
2026-06-30 10:35:30.869 +03:00 [WRN] Neither user profile nor HKLM registry available. Using an ephemeral key repository. Protected data will be unavailable when application exits.
2026-06-30 10:35:30.888 +03:00 [WRN] No XML encryptor configured. Key {06676431-a72a-4283-8339-2418cd781a0d} may be persisted to storage in unencrypted form.
2026-06-30 10:35:30.952 +03:00 [INF] Application started. Press Ctrl+C to shut down.
2026-06-30 10:35:30.952 +03:00 [INF] Hosting environment: Production
2026-06-30 10:35:30.952 +03:00 [INF] Content root path: D:\Systems\BiktalSystems\publish
2026-06-30 10:35:31.137 +03:00 [INF] HTTP GET /Pos responded 302 in 148.9339 ms
2026-06-30 10:35:31.329 +03:00 [ERR] An exception was thrown while deserializing the token.
Microsoft.AspNetCore.Antiforgery.AntiforgeryValidationException: The antiforgery token could not be decrypted.
 ---> System.Security.Cryptography.CryptographicException: The key {ec3d1b11-cd2f-42aa-9367-a7ffa11c1f3c} was not found in the key ring. For more information go to https://aka.ms/aspnet/dataprotectionwarning
   at Microsoft.AspNetCore.DataProtection.KeyManagement.KeyRingBasedDataProtector.UnprotectCore(Byte[] protectedData, Boolean allowOperationsOnRevokedKeys, UnprotectStatus& status)
   at Microsoft.AspNetCore.DataProtection.KeyManagement.KeyRingBasedDataProtector.Unprotect(Byte[] protectedData)
   at Microsoft.AspNetCore.Antiforgery.DefaultAntiforgeryTokenSerializer.Deserialize(String serializedToken)
   --- End of inner exception stack trace ---
   at Microsoft.AspNetCore.Antiforgery.DefaultAntiforgeryTokenSerializer.Deserialize(String serializedToken)
   at Microsoft.AspNetCore.Antiforgery.DefaultAntiforgery.GetCookieTokenDoesNotThrow(HttpContext httpContext)
2026-06-30 10:35:31.451 +03:00 [INF] HTTP GET /Account/Login responded 200 in 292.9898 ms
2026-06-30 10:35:31.554 +03:00 [INF] HTTP GET /Biktal.WebMVC.styles.css responded 200 in 27.3777 ms
2026-06-30 10:35:31.554 +03:00 [INF] HTTP GET /css/site.css responded 200 in 28.0849 ms
2026-06-30 10:35:31.557 +03:00 [INF] HTTP GET /lib/bootstrap/dist/css/bootstrap.min.css responded 200 in 36.0180 ms
2026-06-30 10:35:31.570 +03:00 [INF] HTTP GET /lib/jquery-validation/dist/jquery.validate.min.js responded 200 in 13.1545 ms
2026-06-30 10:35:31.570 +03:00 [INF] HTTP GET /lib/jquery-validation-unobtrusive/dist/jquery.validate.unobtrusive.min.js responded 200 in 2.8629 ms
2026-06-30 10:35:31.570 +03:00 [INF] HTTP GET /js/site.js responded 200 in 20.4180 ms
2026-06-30 10:35:31.570 +03:00 [INF] HTTP GET /lib/bootstrap/dist/js/bootstrap.bundle.min.js responded 200 in 37.3760 ms
2026-06-30 10:35:31.571 +03:00 [INF] HTTP GET /lib/jquery/dist/jquery.min.js responded 200 in 22.1141 ms
2026-06-30 10:35:42.341 +03:00 [INF] HTTP POST /Account/Login responded 200 in 407.3926 ms
2026-06-30 10:35:42.438 +03:00 [INF] HTTP GET /lib/bootstrap/dist/css/bootstrap.min.css responded 304 in 5.1498 ms
2026-06-30 10:35:42.542 +03:00 [INF] HTTP GET /lib/jquery/dist/jquery.min.js responded 304 in 103.5750 ms
2026-06-30 10:35:42.543 +03:00 [INF] HTTP GET /js/site.js responded 304 in 77.7356 ms
2026-06-30 10:35:42.542 +03:00 [INF] HTTP GET /Biktal.WebMVC.styles.css responded 304 in 103.8816 ms
2026-06-30 10:35:42.543 +03:00 [INF] HTTP GET /lib/jquery-validation/dist/jquery.validate.min.js responded 304 in 59.8561 ms
2026-06-30 10:35:42.543 +03:00 [INF] HTTP GET /lib/jquery-validation-unobtrusive/dist/jquery.validate.unobtrusive.min.js responded 304 in 44.2454 ms
2026-06-30 10:35:42.543 +03:00 [INF] HTTP GET /css/site.css responded 304 in 38.4634 ms
2026-06-30 10:35:42.620 +03:00 [INF] HTTP GET /lib/bootstrap/dist/js/bootstrap.bundle.min.js responded 304 in 180.8522 ms
2026-06-30 10:35:49.287 +03:00 [INF] HTTP POST /Account/Login responded 302 in 304.9798 ms
2026-06-30 10:35:49.335 +03:00 [WRN] The query uses the 'First'/'FirstOrDefault' operator without 'OrderBy' and filter operators. This may lead to unpredictable results.
2026-06-30 10:35:49.395 +03:00 [INF] HTTP GET /Pos responded 200 in 101.3699 ms
2026-06-30 10:35:49.455 +03:00 [INF] HTTP GET /Biktal.WebMVC.styles.css responded 304 in 1.4486 ms
2026-06-30 10:35:49.456 +03:00 [INF] HTTP GET /lib/bootstrap/dist/css/bootstrap.min.css responded 200 in 2.6227 ms
2026-06-30 10:35:49.457 +03:00 [INF] HTTP GET /lib/jquery/dist/jquery.min.js responded 304 in 1.1450 ms
2026-06-30 10:35:49.458 +03:00 [INF] HTTP GET /css/site.css responded 304 in 1.4852 ms
2026-06-30 10:35:49.462 +03:00 [INF] HTTP GET /js/site.js responded 304 in 4.2478 ms
2026-06-30 10:35:49.463 +03:00 [INF] HTTP GET /lib/bootstrap/dist/js/bootstrap.bundle.min.js responded 304 in 1.2265 ms
2026-06-30 10:35:49.474 +03:00 [INF] HTTP GET /js/pos.js responded 200 in 5.3657 ms
2026-06-30 10:47:33.527 +03:00 [INF] HTTP GET /Inventory responded 200 in 339.6159 ms
2026-06-30 10:47:33.607 +03:00 [INF] HTTP GET /lib/bootstrap/dist/css/bootstrap.min.css responded 200 in 2.3110 ms
2026-06-30 10:47:33.610 +03:00 [INF] HTTP GET /css/site.css responded 200 in 1.4932 ms
2026-06-30 10:47:33.612 +03:00 [INF] HTTP GET /Biktal.WebMVC.styles.css responded 200 in 1.4557 ms
2026-06-30 10:47:33.614 +03:00 [INF] HTTP GET /lib/jquery/dist/jquery.min.js responded 200 in 1.8336 ms
2026-06-30 10:47:33.615 +03:00 [INF] HTTP GET /lib/bootstrap/dist/js/bootstrap.bundle.min.js responded 200 in 2.6251 ms
2026-06-30 10:47:33.616 +03:00 [INF] HTTP GET /js/site.js responded 200 in 1.7606 ms
2026-06-30 10:47:35.778 +03:00 [INF] HTTP GET /Inventory/Products responded 200 in 371.7762 ms
2026-06-30 10:47:35.814 +03:00 [INF] HTTP GET /lib/bootstrap/dist/css/bootstrap.min.css responded 304 in 0.9507 ms
2026-06-30 10:47:35.818 +03:00 [INF] HTTP GET /css/site.css responded 304 in 0.6746 ms
2026-06-30 10:47:35.818 +03:00 [INF] HTTP GET /Biktal.WebMVC.styles.css responded 304 in 1.1059 ms
2026-06-30 10:47:36.626 +03:00 [INF] HTTP GET /lib/jquery/dist/jquery.min.js responded 304 in 0.6273 ms
2026-06-30 10:47:36.651 +03:00 [INF] HTTP GET /lib/bootstrap/dist/js/bootstrap.bundle.min.js responded 304 in 0.6654 ms
2026-06-30 10:47:36.652 +03:00 [INF] HTTP GET /lib/jquery-validation/dist/jquery.validate.min.js responded 200 in 1.3277 ms
2026-06-30 10:47:36.653 +03:00 [INF] HTTP GET /js/site.js responded 304 in 0.6381 ms
2026-06-30 10:47:36.653 +03:00 [INF] HTTP GET /lib/jquery-validation-unobtrusive/dist/jquery.validate.unobtrusive.min.js responded 200 in 0.9160 ms
2026-06-30 10:47:36.676 +03:00 [INF] HTTP GET /js/products-catalog-filter.js responded 200 in 23.0840 ms
2026-06-30 11:08:25.025 +03:00 [INF] Application is shutting down...
2026-06-30 11:54:22.888 +03:00 [ERR] Failed executing DbCommand (6ms) [Parameters=[@p0='?' (DbType = Guid), @p1='?' (DbType = DateTime), @p2='?' (DbType = Guid), @p3='?', @p4='?' (DbType = DateTime), @p5='?' (DbType = Int32), @p6='?' (DbType = Int32), @p7='?', @p8='?', @p9='?' (DbType = Guid), @p10='?' (DbType = DateTime), @p11='?' (DbType = Guid), @p12='?', @p13='?' (DbType = DateTime), @p14='?' (DbType = Int32), @p15='?' (DbType = Int32), @p16='?', @p17='?'], CommandType='"Text"', CommandTimeout='30']
INSERT INTO "CrmSupportTickets" ("Id", "CreatedAtUtc", "CustomerId", "Description", "ModifiedAtUtc", "Priority", "Status", "Subject", "TicketNumber")
VALUES (@p0, @p1, @p2, @p3, @p4, @p5, @p6, @p7, @p8);
INSERT INTO "CrmSupportTickets" ("Id", "CreatedAtUtc", "CustomerId", "Description", "ModifiedAtUtc", "Priority", "Status", "Subject", "TicketNumber")
VALUES (@p9, @p10, @p11, @p12, @p13, @p14, @p15, @p16, @p17);
2026-06-30 11:54:22.963 +03:00 [ERR] An exception occurred in the database while saving changes for context type 'Biktal.Infrastructure.Persistence.ApplicationDbContext'.
Microsoft.EntityFrameworkCore.DbUpdateException: An error occurred while saving the entity changes. See the inner exception for details.
 ---> Npgsql.PostgresException (0x80004005): 23503: insert or update on table "CrmSupportTickets" violates foreign key constraint "FK_CrmSupportTickets_CrmCustomers_CustomerId"

DETAIL: Detail redacted as it may contain sensitive data. Specify 'Include Error Detail' in the connection string to include this information.
   at Npgsql.Internal.NpgsqlConnector.ReadMessageLong(Boolean async, DataRowLoadingMode dataRowLoadingMode, Boolean readingNotifications, Boolean isReadingPrependedMessage)
   at System.Runtime.CompilerServices.PoolingAsyncValueTaskMethodBuilder`1.StateMachineBox`1.System.Threading.Tasks.Sources.IValueTaskSource<TResult>.GetResult(Int16 token)
   at Npgsql.NpgsqlDataReader.NextResult(Boolean async, Boolean isConsuming, CancellationToken cancellationToken)
   at Npgsql.NpgsqlDataReader.NextResult(Boolean async, Boolean isConsuming, CancellationToken cancellationToken)
   at Npgsql.NpgsqlCommand.ExecuteReader(Boolean async, CommandBehavior behavior, CancellationToken cancellationToken)
   at Npgsql.NpgsqlCommand.ExecuteReader(Boolean async, CommandBehavior behavior, CancellationToken cancellationToken)
   at Npgsql.NpgsqlCommand.ExecuteDbDataReaderAsync(CommandBehavior behavior, CancellationToken cancellationToken)
   at Microsoft.EntityFrameworkCore.Storage.RelationalCommand.ExecuteReaderAsync(RelationalCommandParameterObject parameterObject, CancellationToken cancellationToken)
   at Microsoft.EntityFrameworkCore.Storage.RelationalCommand.ExecuteReaderAsync(RelationalCommandParameterObject parameterObject, CancellationToken cancellationToken)
   at Microsoft.EntityFrameworkCore.Update.ReaderModificationCommandBatch.ExecuteAsync(IRelationalConnection connection, CancellationToken cancellationToken)
  Exception data:
    Severity: ERROR
    SqlState: 23503
    MessageText: insert or update on table "CrmSupportTickets" violates foreign key constraint "FK_CrmSupportTickets_CrmCustomers_CustomerId"
    Detail: Detail redacted as it may contain sensitive data. Specify 'Include Error Detail' in the connection string to include this information.
    SchemaName: public
    TableName: CrmSupportTickets
    ConstraintName: FK_CrmSupportTickets_CrmCustomers_CustomerId
    File: ri_triggers.c
    Line: 2783
    Routine: ri_ReportViolation
   --- End of inner exception stack trace ---
   at Microsoft.EntityFrameworkCore.Update.ReaderModificationCommandBatch.ExecuteAsync(IRelationalConnection connection, CancellationToken cancellationToken)
   at Microsoft.EntityFrameworkCore.Update.Internal.BatchExecutor.ExecuteAsync(IEnumerable`1 commandBatches, IRelationalConnection connection, CancellationToken cancellationToken)
   at Microsoft.EntityFrameworkCore.Update.Internal.BatchExecutor.ExecuteAsync(IEnumerable`1 commandBatches, IRelationalConnection connection, CancellationToken cancellationToken)
   at Microsoft.EntityFrameworkCore.Update.Internal.BatchExecutor.ExecuteAsync(IEnumerable`1 commandBatches, IRelationalConnection connection, CancellationToken cancellationToken)
   at Microsoft.EntityFrameworkCore.Storage.RelationalDatabase.SaveChangesAsync(IList`1 entries, CancellationToken cancellationToken)
   at Microsoft.EntityFrameworkCore.ChangeTracking.Internal.StateManager.SaveChangesAsync(IList`1 entriesToSave, CancellationToken cancellationToken)
   at Microsoft.EntityFrameworkCore.ChangeTracking.Internal.StateManager.SaveChangesAsync(StateManager stateManager, Boolean acceptAllChangesOnSuccess, CancellationToken cancellationToken)
   at Npgsql.EntityFrameworkCore.PostgreSQL.Storage.Internal.NpgsqlExecutionStrategy.ExecuteAsync[TState,TResult](TState state, Func`4 operation, Func`4 verifySucceeded, CancellationToken cancellationToken)
   at Microsoft.EntityFrameworkCore.DbContext.SaveChangesAsync(Boolean acceptAllChangesOnSuccess, CancellationToken cancellationToken)
Microsoft.EntityFrameworkCore.DbUpdateException: An error occurred while saving the entity changes. See the inner exception for details.
 ---> Npgsql.PostgresException (0x80004005): 23503: insert or update on table "CrmSupportTickets" violates foreign key constraint "FK_CrmSupportTickets_CrmCustomers_CustomerId"

DETAIL: Detail redacted as it may contain sensitive data. Specify 'Include Error Detail' in the connection string to include this information.
   at Npgsql.Internal.NpgsqlConnector.ReadMessageLong(Boolean async, DataRowLoadingMode dataRowLoadingMode, Boolean readingNotifications, Boolean isReadingPrependedMessage)
   at System.Runtime.CompilerServices.PoolingAsyncValueTaskMethodBuilder`1.StateMachineBox`1.System.Threading.Tasks.Sources.IValueTaskSource<TResult>.GetResult(Int16 token)
   at Npgsql.NpgsqlDataReader.NextResult(Boolean async, Boolean isConsuming, CancellationToken cancellationToken)
   at Npgsql.NpgsqlDataReader.NextResult(Boolean async, Boolean isConsuming, CancellationToken cancellationToken)
   at Npgsql.NpgsqlCommand.ExecuteReader(Boolean async, CommandBehavior behavior, CancellationToken cancellationToken)
   at Npgsql.NpgsqlCommand.ExecuteReader(Boolean async, CommandBehavior behavior, CancellationToken cancellationToken)
   at Npgsql.NpgsqlCommand.ExecuteDbDataReaderAsync(CommandBehavior behavior, CancellationToken cancellationToken)
   at Microsoft.EntityFrameworkCore.Storage.RelationalCommand.ExecuteReaderAsync(RelationalCommandParameterObject parameterObject, CancellationToken cancellationToken)
   at Microsoft.EntityFrameworkCore.Storage.RelationalCommand.ExecuteReaderAsync(RelationalCommandParameterObject parameterObject, CancellationToken cancellationToken)
   at Microsoft.EntityFrameworkCore.Update.ReaderModificationCommandBatch.ExecuteAsync(IRelationalConnection connection, CancellationToken cancellationToken)
  Exception data:
    Severity: ERROR
    SqlState: 23503
    MessageText: insert or update on table "CrmSupportTickets" violates foreign key constraint "FK_CrmSupportTickets_CrmCustomers_CustomerId"
    Detail: Detail redacted as it may contain sensitive data. Specify 'Include Error Detail' in the connection string to include this information.
    SchemaName: public
    TableName: CrmSupportTickets
    ConstraintName: FK_CrmSupportTickets_CrmCustomers_CustomerId
    File: ri_triggers.c
    Line: 2783
    Routine: ri_ReportViolation
   --- End of inner exception stack trace ---
   at Microsoft.EntityFrameworkCore.Update.ReaderModificationCommandBatch.ExecuteAsync(IRelationalConnection connection, CancellationToken cancellationToken)
   at Microsoft.EntityFrameworkCore.Update.Internal.BatchExecutor.ExecuteAsync(IEnumerable`1 commandBatches, IRelationalConnection connection, CancellationToken cancellationToken)
   at Microsoft.EntityFrameworkCore.Update.Internal.BatchExecutor.ExecuteAsync(IEnumerable`1 commandBatches, IRelationalConnection connection, CancellationToken cancellationToken)
   at Microsoft.EntityFrameworkCore.Update.Internal.BatchExecutor.ExecuteAsync(IEnumerable`1 commandBatches, IRelationalConnection connection, CancellationToken cancellationToken)
   at Microsoft.EntityFrameworkCore.Storage.RelationalDatabase.SaveChangesAsync(IList`1 entries, CancellationToken cancellationToken)
   at Microsoft.EntityFrameworkCore.ChangeTracking.Internal.StateManager.SaveChangesAsync(IList`1 entriesToSave, CancellationToken cancellationToken)
   at Microsoft.EntityFrameworkCore.ChangeTracking.Internal.StateManager.SaveChangesAsync(StateManager stateManager, Boolean acceptAllChangesOnSuccess, CancellationToken cancellationToken)
   at Npgsql.EntityFrameworkCore.PostgreSQL.Storage.Internal.NpgsqlExecutionStrategy.ExecuteAsync[TState,TResult](TState state, Func`4 operation, Func`4 verifySucceeded, CancellationToken cancellationToken)
   at Microsoft.EntityFrameworkCore.DbContext.SaveChangesAsync(Boolean acceptAllChangesOnSuccess, CancellationToken cancellationToken)
2026-06-30 11:54:22.968 +03:00 [ERR] Database migration or seed failed. Check PostgreSQL is running and ConnectionStrings:DefaultConnection is correct.
Microsoft.EntityFrameworkCore.DbUpdateException: An error occurred while saving the entity changes. See the inner exception for details.
 ---> Npgsql.PostgresException (0x80004005): 23503: insert or update on table "CrmSupportTickets" violates foreign key constraint "FK_CrmSupportTickets_CrmCustomers_CustomerId"

DETAIL: Detail redacted as it may contain sensitive data. Specify 'Include Error Detail' in the connection string to include this information.
   at Npgsql.Internal.NpgsqlConnector.ReadMessageLong(Boolean async, DataRowLoadingMode dataRowLoadingMode, Boolean readingNotifications, Boolean isReadingPrependedMessage)
   at System.Runtime.CompilerServices.PoolingAsyncValueTaskMethodBuilder`1.StateMachineBox`1.System.Threading.Tasks.Sources.IValueTaskSource<TResult>.GetResult(Int16 token)
   at Npgsql.NpgsqlDataReader.NextResult(Boolean async, Boolean isConsuming, CancellationToken cancellationToken)
   at Npgsql.NpgsqlDataReader.NextResult(Boolean async, Boolean isConsuming, CancellationToken cancellationToken)
   at Npgsql.NpgsqlCommand.ExecuteReader(Boolean async, CommandBehavior behavior, CancellationToken cancellationToken)
   at Npgsql.NpgsqlCommand.ExecuteReader(Boolean async, CommandBehavior behavior, CancellationToken cancellationToken)
   at Npgsql.NpgsqlCommand.ExecuteDbDataReaderAsync(CommandBehavior behavior, CancellationToken cancellationToken)
   at Microsoft.EntityFrameworkCore.Storage.RelationalCommand.ExecuteReaderAsync(RelationalCommandParameterObject parameterObject, CancellationToken cancellationToken)
   at Microsoft.EntityFrameworkCore.Storage.RelationalCommand.ExecuteReaderAsync(RelationalCommandParameterObject parameterObject, CancellationToken cancellationToken)
   at Microsoft.EntityFrameworkCore.Update.ReaderModificationCommandBatch.ExecuteAsync(IRelationalConnection connection, CancellationToken cancellationToken)
  Exception data:
    Severity: ERROR
    SqlState: 23503
    MessageText: insert or update on table "CrmSupportTickets" violates foreign key constraint "FK_CrmSupportTickets_CrmCustomers_CustomerId"
    Detail: Detail redacted as it may contain sensitive data. Specify 'Include Error Detail' in the connection string to include this information.
    SchemaName: public
    TableName: CrmSupportTickets
    ConstraintName: FK_CrmSupportTickets_CrmCustomers_CustomerId
    File: ri_triggers.c
    Line: 2783
    Routine: ri_ReportViolation
   --- End of inner exception stack trace ---
   at Microsoft.EntityFrameworkCore.Update.ReaderModificationCommandBatch.ExecuteAsync(IRelationalConnection connection, CancellationToken cancellationToken)
   at Microsoft.EntityFrameworkCore.Update.Internal.BatchExecutor.ExecuteAsync(IEnumerable`1 commandBatches, IRelationalConnection connection, CancellationToken cancellationToken)
   at Microsoft.EntityFrameworkCore.Update.Internal.BatchExecutor.ExecuteAsync(IEnumerable`1 commandBatches, IRelationalConnection connection, CancellationToken cancellationToken)
   at Microsoft.EntityFrameworkCore.Update.Internal.BatchExecutor.ExecuteAsync(IEnumerable`1 commandBatches, IRelationalConnection connection, CancellationToken cancellationToken)
   at Microsoft.EntityFrameworkCore.Storage.RelationalDatabase.SaveChangesAsync(IList`1 entries, CancellationToken cancellationToken)
   at Microsoft.EntityFrameworkCore.ChangeTracking.Internal.StateManager.SaveChangesAsync(IList`1 entriesToSave, CancellationToken cancellationToken)
   at Microsoft.EntityFrameworkCore.ChangeTracking.Internal.StateManager.SaveChangesAsync(StateManager stateManager, Boolean acceptAllChangesOnSuccess, CancellationToken cancellationToken)
   at Npgsql.EntityFrameworkCore.PostgreSQL.Storage.Internal.NpgsqlExecutionStrategy.ExecuteAsync[TState,TResult](TState state, Func`4 operation, Func`4 verifySucceeded, CancellationToken cancellationToken)
   at Microsoft.EntityFrameworkCore.DbContext.SaveChangesAsync(Boolean acceptAllChangesOnSuccess, CancellationToken cancellationToken)
   at Microsoft.EntityFrameworkCore.DbContext.SaveChangesAsync(Boolean acceptAllChangesOnSuccess, CancellationToken cancellationToken)
   at Biktal.Infrastructure.Persistence.CrmDataSeeder.SeedIfEmptyAsync(ApplicationDbContext db, CancellationToken cancellationToken)
   at Program.<Main>$(String[] args) in d:\Systems\BiktalSystems\Program.cs:line 71
2026-06-30 11:54:22.975 +03:00 [WRN] Continuing without a successful migration/seed. Auth and data pages may fail until the database is available.
2026-06-30 11:54:22.999 +03:00 [WRN] Using an in-memory repository. Keys will not be persisted to storage.
2026-06-30 11:54:23.000 +03:00 [WRN] Neither user profile nor HKLM registry available. Using an ephemeral key repository. Protected data will be unavailable when application exits.
2026-06-30 11:54:23.018 +03:00 [WRN] No XML encryptor configured. Key {52388b7f-8324-4d75-8c84-d9a2a0820328} may be persisted to storage in unencrypted form.
2026-06-30 11:54:23.069 +03:00 [INF] Application started. Press Ctrl+C to shut down.
2026-06-30 11:54:23.070 +03:00 [INF] Hosting environment: Production
2026-06-30 11:54:23.070 +03:00 [INF] Content root path: D:\Systems\BiktalSystems\publish
2026-06-30 11:54:23.181 +03:00 [INF] HTTP GET /Pos responded 302 in 87.8900 ms
2026-06-30 11:54:23.342 +03:00 [ERR] An exception was thrown while deserializing the token.
Microsoft.AspNetCore.Antiforgery.AntiforgeryValidationException: The antiforgery token could not be decrypted.
 ---> System.Security.Cryptography.CryptographicException: The key {06676431-a72a-4283-8339-2418cd781a0d} was not found in the key ring. For more information go to https://aka.ms/aspnet/dataprotectionwarning
   at Microsoft.AspNetCore.DataProtection.KeyManagement.KeyRingBasedDataProtector.UnprotectCore(Byte[] protectedData, Boolean allowOperationsOnRevokedKeys, UnprotectStatus& status)
   at Microsoft.AspNetCore.DataProtection.KeyManagement.KeyRingBasedDataProtector.Unprotect(Byte[] protectedData)
   at Microsoft.AspNetCore.Antiforgery.DefaultAntiforgeryTokenSerializer.Deserialize(String serializedToken)
   --- End of inner exception stack trace ---
   at Microsoft.AspNetCore.Antiforgery.DefaultAntiforgeryTokenSerializer.Deserialize(String serializedToken)
   at Microsoft.AspNetCore.Antiforgery.DefaultAntiforgery.GetCookieTokenDoesNotThrow(HttpContext httpContext)
2026-06-30 11:54:23.448 +03:00 [INF] HTTP GET /Account/Login responded 200 in 247.9906 ms
2026-06-30 11:54:23.667 +03:00 [INF] HTTP GET /js/site.js responded 200 in 105.3667 ms
2026-06-30 11:54:23.667 +03:00 [INF] HTTP GET /lib/jquery-validation-unobtrusive/dist/jquery.validate.unobtrusive.min.js responded 200 in 105.6522 ms
2026-06-30 11:54:23.667 +03:00 [INF] HTTP GET /lib/jquery-validation/dist/jquery.validate.min.js responded 200 in 58.9461 ms
2026-06-30 11:54:23.673 +03:00 [INF] HTTP GET /css/site.css responded 200 in 121.2302 ms
2026-06-30 11:54:23.675 +03:00 [INF] HTTP GET /lib/jquery/dist/jquery.min.js responded 200 in 115.9787 ms
2026-06-30 11:54:23.678 +03:00 [INF] HTTP GET /lib/bootstrap/dist/css/bootstrap.min.css responded 200 in 126.7829 ms
2026-06-30 11:54:23.678 +03:00 [INF] HTTP GET /lib/bootstrap/dist/js/bootstrap.bundle.min.js responded 200 in 117.9382 ms
2026-06-30 11:54:23.667 +03:00 [INF] HTTP GET /Biktal.WebMVC.styles.css responded 200 in 112.1592 ms
2026-06-30 11:54:39.061 +03:00 [INF] HTTP POST /Account/Login responded 302 in 603.7861 ms
2026-06-30 11:54:39.130 +03:00 [WRN] The query uses the 'First'/'FirstOrDefault' operator without 'OrderBy' and filter operators. This may lead to unpredictable results.
2026-06-30 11:54:39.217 +03:00 [INF] HTTP GET /Pos responded 200 in 148.5005 ms
2026-06-30 11:54:39.282 +03:00 [INF] HTTP GET /lib/bootstrap/dist/css/bootstrap.min.css responded 200 in 10.1840 ms
2026-06-30 11:54:39.324 +03:00 [INF] HTTP GET /js/site.js responded 304 in 34.8869 ms
2026-06-30 11:54:39.324 +03:00 [INF] HTTP GET /Biktal.WebMVC.styles.css responded 200 in 41.4017 ms
2026-06-30 11:54:39.325 +03:00 [INF] HTTP GET /css/site.css responded 200 in 39.2580 ms
2026-06-30 11:54:39.325 +03:00 [INF] HTTP GET /js/pos.js responded 200 in 35.1377 ms
2026-06-30 11:54:39.357 +03:00 [INF] HTTP GET /lib/jquery/dist/jquery.min.js responded 304 in 42.5115 ms
2026-06-30 11:54:39.471 +03:00 [INF] HTTP GET /lib/bootstrap/dist/js/bootstrap.bundle.min.js responded 304 in 157.3201 ms
2026-06-30 11:54:41.320 +03:00 [INF] HTTP GET /Pos responded 200 in 36.7885 ms
2026-06-30 11:54:41.479 +03:00 [INF] HTTP GET /css/site.css responded 200 in 1.8690 ms
2026-06-30 11:54:41.479 +03:00 [INF] HTTP GET /js/pos.js responded 304 in 1.2688 ms
2026-06-30 11:54:41.479 +03:00 [INF] HTTP GET /js/site.js responded 304 in 1.0533 ms
2026-06-30 11:54:41.480 +03:00 [INF] HTTP GET /lib/bootstrap/dist/js/bootstrap.bundle.min.js responded 304 in 1.3769 ms
2026-06-30 11:54:41.481 +03:00 [INF] HTTP GET /lib/jquery/dist/jquery.min.js responded 304 in 1.2306 ms
2026-06-30 11:54:41.481 +03:00 [INF] HTTP GET /lib/bootstrap/dist/css/bootstrap.min.css responded 200 in 106.9129 ms
2026-06-30 11:54:41.481 +03:00 [INF] HTTP GET /Biktal.WebMVC.styles.css responded 200 in 4.2685 ms
2026-06-30 11:58:51.316 +03:00 [INF] HTTP GET /Finance responded 200 in 123.9229 ms
2026-06-30 11:58:51.420 +03:00 [INF] HTTP GET /css/site.css responded 200 in 1.8657 ms
2026-06-30 11:58:51.422 +03:00 [INF] HTTP GET /Biktal.WebMVC.styles.css responded 200 in 1.0372 ms
2026-06-30 11:58:51.423 +03:00 [INF] HTTP GET /lib/jquery/dist/jquery.min.js responded 200 in 1.1144 ms
2026-06-30 11:58:51.425 +03:00 [INF] HTTP GET /lib/bootstrap/dist/js/bootstrap.bundle.min.js responded 200 in 1.1317 ms
2026-06-30 11:58:51.426 +03:00 [INF] HTTP GET /js/site.js responded 200 in 1.0016 ms
2026-06-30 11:58:51.428 +03:00 [INF] HTTP GET /lib/bootstrap/dist/css/bootstrap.min.css responded 200 in 1.9291 ms
2026-06-30 11:59:02.140 +03:00 [INF] HTTP GET /Finance/Cashbox responded 200 in 350.4286 ms
2026-06-30 11:59:02.204 +03:00 [INF] HTTP GET /lib/bootstrap/dist/css/bootstrap.min.css responded 200 in 1.6703 ms
2026-06-30 11:59:02.207 +03:00 [INF] HTTP GET /css/site.css responded 200 in 2.3783 ms
2026-06-30 11:59:02.209 +03:00 [INF] HTTP GET /lib/jquery/dist/jquery.min.js responded 304 in 1.0803 ms
2026-06-30 11:59:02.209 +03:00 [INF] HTTP GET /Biktal.WebMVC.styles.css responded 200 in 1.6037 ms
2026-06-30 11:59:02.214 +03:00 [INF] HTTP GET /lib/bootstrap/dist/js/bootstrap.bundle.min.js responded 304 in 3.8435 ms
2026-06-30 11:59:02.217 +03:00 [INF] HTTP GET /js/site.js responded 304 in 1.6903 ms
2026-06-30 11:59:02.233 +03:00 [INF] HTTP GET /lib/jquery-validation-unobtrusive/dist/jquery.validate.unobtrusive.min.js responded 200 in 12.4587 ms
2026-06-30 11:59:02.245 +03:00 [INF] HTTP GET /lib/jquery-validation/dist/jquery.validate.min.js responded 200 in 29.6143 ms
2026-06-30 11:59:57.289 +03:00 [INF] HTTP POST /Finance/CloseCashboxSession responded 302 in 185.2479 ms
2026-06-30 11:59:57.325 +03:00 [INF] HTTP GET /Finance/Cashbox responded 200 in 29.9635 ms
2026-06-30 11:59:57.392 +03:00 [INF] HTTP GET /lib/bootstrap/dist/css/bootstrap.min.css responded 200 in 3.3488 ms
2026-06-30 11:59:57.394 +03:00 [INF] HTTP GET /css/site.css responded 200 in 1.2840 ms
2026-06-30 11:59:57.395 +03:00 [INF] HTTP GET /Biktal.WebMVC.styles.css responded 200 in 1.8695 ms
2026-06-30 11:59:57.400 +03:00 [INF] HTTP GET /lib/jquery/dist/jquery.min.js responded 200 in 3.3566 ms
2026-06-30 11:59:57.402 +03:00 [INF] HTTP GET /lib/bootstrap/dist/js/bootstrap.bundle.min.js responded 200 in 2.0313 ms
2026-06-30 11:59:57.407 +03:00 [INF] HTTP GET /js/site.js responded 200 in 2.2020 ms
2026-06-30 11:59:57.407 +03:00 [INF] HTTP GET /lib/jquery-validation/dist/jquery.validate.min.js responded 200 in 2.2948 ms
2026-06-30 11:59:57.412 +03:00 [INF] HTTP GET /lib/jquery-validation-unobtrusive/dist/jquery.validate.unobtrusive.min.js responded 200 in 0.9360 ms
2026-06-30 12:00:19.125 +03:00 [INF] HTTP POST /Finance/OpenCashboxSession responded 302 in 40.3045 ms
2026-06-30 12:00:19.156 +03:00 [INF] HTTP GET /Finance/Cashbox responded 200 in 22.9009 ms
2026-06-30 12:00:19.233 +03:00 [INF] HTTP GET /lib/bootstrap/dist/css/bootstrap.min.css responded 200 in 3.8608 ms
2026-06-30 12:00:19.236 +03:00 [INF] HTTP GET /css/site.css responded 200 in 1.4747 ms
2026-06-30 12:00:19.241 +03:00 [INF] HTTP GET /Biktal.WebMVC.styles.css responded 200 in 3.1533 ms
2026-06-30 12:00:19.241 +03:00 [INF] HTTP GET /lib/jquery/dist/jquery.min.js responded 304 in 2.7014 ms
2026-06-30 12:00:19.243 +03:00 [INF] HTTP GET /lib/jquery-validation/dist/jquery.validate.min.js responded 304 in 0.5385 ms
2026-06-30 12:00:19.243 +03:00 [INF] HTTP GET /js/site.js responded 304 in 1.3339 ms
2026-06-30 12:00:19.243 +03:00 [INF] HTTP GET /lib/jquery-validation-unobtrusive/dist/jquery.validate.unobtrusive.min.js responded 304 in 0.5894 ms
2026-06-30 12:00:19.246 +03:00 [INF] HTTP GET /lib/bootstrap/dist/js/bootstrap.bundle.min.js responded 304 in 0.9424 ms
2026-06-30 12:00:22.075 +03:00 [INF] HTTP GET /Pos responded 200 in 33.1470 ms
2026-06-30 12:00:22.137 +03:00 [INF] HTTP GET /lib/bootstrap/dist/css/bootstrap.min.css responded 200 in 7.7633 ms
2026-06-30 12:00:22.143 +03:00 [INF] HTTP GET /css/site.css responded 200 in 2.5655 ms
2026-06-30 12:00:22.145 +03:00 [INF] HTTP GET /Biktal.WebMVC.styles.css responded 200 in 1.5083 ms
2026-06-30 12:00:22.146 +03:00 [INF] HTTP GET /lib/jquery/dist/jquery.min.js responded 304 in 1.2328 ms
2026-06-30 12:00:22.149 +03:00 [INF] HTTP GET /lib/bootstrap/dist/js/bootstrap.bundle.min.js responded 304 in 0.8577 ms
2026-06-30 12:00:22.150 +03:00 [INF] HTTP GET /js/site.js responded 304 in 0.7643 ms
2026-06-30 12:00:22.153 +03:00 [INF] HTTP GET /js/pos.js responded 200 in 2.9661 ms
2026-06-30 12:01:07.761 +03:00 [INF] HTTP POST /Pos/CompleteSale responded 200 in 455.9643 ms
2026-06-30 12:02:12.529 +03:00 [INF] HTTP GET /Inventory responded 200 in 142.7219 ms
2026-06-30 12:02:12.599 +03:00 [INF] HTTP GET /lib/bootstrap/dist/css/bootstrap.min.css responded 200 in 2.0572 ms
2026-06-30 12:02:12.600 +03:00 [INF] HTTP GET /css/site.css responded 200 in 3.3124 ms
2026-06-30 12:02:12.600 +03:00 [INF] HTTP GET /Biktal.WebMVC.styles.css responded 200 in 2.1446 ms
2026-06-30 12:02:12.606 +03:00 [INF] HTTP GET /lib/jquery/dist/jquery.min.js responded 304 in 0.5499 ms
2026-06-30 12:02:12.613 +03:00 [INF] HTTP GET /lib/bootstrap/dist/js/bootstrap.bundle.min.js responded 304 in 0.5026 ms
2026-06-30 12:02:12.614 +03:00 [INF] HTTP GET /js/site.js responded 304 in 0.4955 ms
2026-06-30 12:02:14.265 +03:00 [INF] HTTP GET /Inventory/Products responded 200 in 321.0091 ms
2026-06-30 12:02:14.298 +03:00 [INF] HTTP GET /css/site.css responded 200 in 1.0521 ms
2026-06-30 12:02:14.298 +03:00 [INF] HTTP GET /Biktal.WebMVC.styles.css responded 200 in 0.8720 ms
2026-06-30 12:02:14.300 +03:00 [INF] HTTP GET /lib/bootstrap/dist/css/bootstrap.min.css responded 200 in 2.8219 ms
2026-06-30 12:02:15.128 +03:00 [INF] HTTP GET /lib/jquery/dist/jquery.min.js responded 304 in 0.4038 ms
2026-06-30 12:02:15.153 +03:00 [INF] HTTP GET /lib/bootstrap/dist/js/bootstrap.bundle.min.js responded 304 in 0.4589 ms
2026-06-30 12:02:15.154 +03:00 [INF] HTTP GET /js/site.js responded 304 in 0.4605 ms
2026-06-30 12:02:15.154 +03:00 [INF] HTTP GET /lib/jquery-validation/dist/jquery.validate.min.js responded 304 in 0.3020 ms
2026-06-30 12:02:15.155 +03:00 [INF] HTTP GET /lib/jquery-validation-unobtrusive/dist/jquery.validate.unobtrusive.min.js responded 304 in 0.4111 ms
2026-06-30 12:02:15.163 +03:00 [INF] HTTP GET /js/products-catalog-filter.js responded 200 in 1.0524 ms
2026-06-30 12:11:59.950 +03:00 [INF] HTTP POST /Inventory/AddProduct responded 302 in 269.2735 ms
2026-06-30 12:12:00.058 +03:00 [INF] HTTP GET /Inventory/Products responded 200 in 96.4025 ms
2026-06-30 12:12:00.179 +03:00 [INF] HTTP GET /css/site.css responded 200 in 2.3247 ms
2026-06-30 12:12:00.183 +03:00 [INF] HTTP GET /lib/bootstrap/dist/css/bootstrap.min.css responded 200 in 2.6149 ms
2026-06-30 12:12:00.183 +03:00 [INF] HTTP GET /Biktal.WebMVC.styles.css responded 200 in 2.1676 ms
2026-06-30 12:12:01.539 +03:00 [INF] HTTP GET /lib/jquery/dist/jquery.min.js responded 200 in 2.6008 ms
2026-06-30 12:12:01.553 +03:00 [INF] HTTP GET /lib/bootstrap/dist/js/bootstrap.bundle.min.js responded 200 in 1.2066 ms
2026-06-30 12:12:01.555 +03:00 [INF] HTTP GET /js/products-catalog-filter.js responded 200 in 1.5349 ms
2026-06-30 12:12:01.555 +03:00 [INF] HTTP GET /js/site.js responded 200 in 2.3915 ms
2026-06-30 12:12:01.555 +03:00 [INF] HTTP GET /lib/jquery-validation/dist/jquery.validate.min.js responded 200 in 2.1723 ms
2026-06-30 12:12:01.555 +03:00 [INF] HTTP GET /lib/jquery-validation-unobtrusive/dist/jquery.validate.unobtrusive.min.js responded 200 in 0.9442 ms
2026-06-30 12:12:03.444 +03:00 [INF] HTTP GET /Pos responded 200 in 16.9484 ms
2026-06-30 12:12:03.498 +03:00 [INF] HTTP GET /lib/bootstrap/dist/css/bootstrap.min.css responded 200 in 1.4949 ms
2026-06-30 12:12:03.512 +03:00 [INF] HTTP GET /css/site.css responded 200 in 2.0376 ms
2026-06-30 12:12:03.514 +03:00 [INF] HTTP GET /Biktal.WebMVC.styles.css responded 200 in 1.2375 ms
2026-06-30 12:12:03.515 +03:00 [INF] HTTP GET /lib/jquery/dist/jquery.min.js responded 304 in 0.5419 ms
2026-06-30 12:12:03.515 +03:00 [INF] HTTP GET /js/site.js responded 304 in 0.5290 ms
2026-06-30 12:12:03.516 +03:00 [INF] HTTP GET /lib/bootstrap/dist/js/bootstrap.bundle.min.js responded 304 in 0.5059 ms
2026-06-30 12:12:03.517 +03:00 [INF] HTTP GET /js/pos.js responded 200 in 1.3528 ms
2026-06-30 12:17:11.825 +03:00 [INF] HTTP POST /Pos/CompleteSale responded 200 in 110.3377 ms
2026-06-30 12:37:30.156 +03:00 [INF] Application is shutting down...
2026-06-30 12:48:20.358 +03:00 [ERR] Failed executing DbCommand (6ms) [Parameters=[@p0='?' (DbType = Guid), @p1='?' (DbType = DateTime), @p2='?' (DbType = Guid), @p3='?', @p4='?' (DbType = DateTime), @p5='?' (DbType = Int32), @p6='?' (DbType = Int32), @p7='?', @p8='?', @p9='?' (DbType = Guid), @p10='?' (DbType = DateTime), @p11='?' (DbType = Guid), @p12='?', @p13='?' (DbType = DateTime), @p14='?' (DbType = Int32), @p15='?' (DbType = Int32), @p16='?', @p17='?'], CommandType='"Text"', CommandTimeout='30']
INSERT INTO "CrmSupportTickets" ("Id", "CreatedAtUtc", "CustomerId", "Description", "ModifiedAtUtc", "Priority", "Status", "Subject", "TicketNumber")
VALUES (@p0, @p1, @p2, @p3, @p4, @p5, @p6, @p7, @p8);
INSERT INTO "CrmSupportTickets" ("Id", "CreatedAtUtc", "CustomerId", "Description", "ModifiedAtUtc", "Priority", "Status", "Subject", "TicketNumber")
VALUES (@p9, @p10, @p11, @p12, @p13, @p14, @p15, @p16, @p17);
2026-06-30 12:48:20.432 +03:00 [ERR] An exception occurred in the database while saving changes for context type 'Biktal.Infrastructure.Persistence.ApplicationDbContext'.
Microsoft.EntityFrameworkCore.DbUpdateException: An error occurred while saving the entity changes. See the inner exception for details.
 ---> Npgsql.PostgresException (0x80004005): 23503: insert or update on table "CrmSupportTickets" violates foreign key constraint "FK_CrmSupportTickets_CrmCustomers_CustomerId"

DETAIL: Detail redacted as it may contain sensitive data. Specify 'Include Error Detail' in the connection string to include this information.
   at Npgsql.Internal.NpgsqlConnector.ReadMessageLong(Boolean async, DataRowLoadingMode dataRowLoadingMode, Boolean readingNotifications, Boolean isReadingPrependedMessage)
   at System.Runtime.CompilerServices.PoolingAsyncValueTaskMethodBuilder`1.StateMachineBox`1.System.Threading.Tasks.Sources.IValueTaskSource<TResult>.GetResult(Int16 token)
   at Npgsql.NpgsqlDataReader.NextResult(Boolean async, Boolean isConsuming, CancellationToken cancellationToken)
   at Npgsql.NpgsqlDataReader.NextResult(Boolean async, Boolean isConsuming, CancellationToken cancellationToken)
   at Npgsql.NpgsqlCommand.ExecuteReader(Boolean async, CommandBehavior behavior, CancellationToken cancellationToken)
   at Npgsql.NpgsqlCommand.ExecuteReader(Boolean async, CommandBehavior behavior, CancellationToken cancellationToken)
   at Npgsql.NpgsqlCommand.ExecuteDbDataReaderAsync(CommandBehavior behavior, CancellationToken cancellationToken)
   at Microsoft.EntityFrameworkCore.Storage.RelationalCommand.ExecuteReaderAsync(RelationalCommandParameterObject parameterObject, CancellationToken cancellationToken)
   at Microsoft.EntityFrameworkCore.Storage.RelationalCommand.ExecuteReaderAsync(RelationalCommandParameterObject parameterObject, CancellationToken cancellationToken)
   at Microsoft.EntityFrameworkCore.Update.ReaderModificationCommandBatch.ExecuteAsync(IRelationalConnection connection, CancellationToken cancellationToken)
  Exception data:
    Severity: ERROR
    SqlState: 23503
    MessageText: insert or update on table "CrmSupportTickets" violates foreign key constraint "FK_CrmSupportTickets_CrmCustomers_CustomerId"
    Detail: Detail redacted as it may contain sensitive data. Specify 'Include Error Detail' in the connection string to include this information.
    SchemaName: public
    TableName: CrmSupportTickets
    ConstraintName: FK_CrmSupportTickets_CrmCustomers_CustomerId
    File: ri_triggers.c
    Line: 2783
    Routine: ri_ReportViolation
   --- End of inner exception stack trace ---
   at Microsoft.EntityFrameworkCore.Update.ReaderModificationCommandBatch.ExecuteAsync(IRelationalConnection connection, CancellationToken cancellationToken)
   at Microsoft.EntityFrameworkCore.Update.Internal.BatchExecutor.ExecuteAsync(IEnumerable`1 commandBatches, IRelationalConnection connection, CancellationToken cancellationToken)
   at Microsoft.EntityFrameworkCore.Update.Internal.BatchExecutor.ExecuteAsync(IEnumerable`1 commandBatches, IRelationalConnection connection, CancellationToken cancellationToken)
   at Microsoft.EntityFrameworkCore.Update.Internal.BatchExecutor.ExecuteAsync(IEnumerable`1 commandBatches, IRelationalConnection connection, CancellationToken cancellationToken)
   at Microsoft.EntityFrameworkCore.Storage.RelationalDatabase.SaveChangesAsync(IList`1 entries, CancellationToken cancellationToken)
   at Microsoft.EntityFrameworkCore.ChangeTracking.Internal.StateManager.SaveChangesAsync(IList`1 entriesToSave, CancellationToken cancellationToken)
   at Microsoft.EntityFrameworkCore.ChangeTracking.Internal.StateManager.SaveChangesAsync(StateManager stateManager, Boolean acceptAllChangesOnSuccess, CancellationToken cancellationToken)
   at Npgsql.EntityFrameworkCore.PostgreSQL.Storage.Internal.NpgsqlExecutionStrategy.ExecuteAsync[TState,TResult](TState state, Func`4 operation, Func`4 verifySucceeded, CancellationToken cancellationToken)
   at Microsoft.EntityFrameworkCore.DbContext.SaveChangesAsync(Boolean acceptAllChangesOnSuccess, CancellationToken cancellationToken)
Microsoft.EntityFrameworkCore.DbUpdateException: An error occurred while saving the entity changes. See the inner exception for details.
 ---> Npgsql.PostgresException (0x80004005): 23503: insert or update on table "CrmSupportTickets" violates foreign key constraint "FK_CrmSupportTickets_CrmCustomers_CustomerId"

DETAIL: Detail redacted as it may contain sensitive data. Specify 'Include Error Detail' in the connection string to include this information.
   at Npgsql.Internal.NpgsqlConnector.ReadMessageLong(Boolean async, DataRowLoadingMode dataRowLoadingMode, Boolean readingNotifications, Boolean isReadingPrependedMessage)
   at System.Runtime.CompilerServices.PoolingAsyncValueTaskMethodBuilder`1.StateMachineBox`1.System.Threading.Tasks.Sources.IValueTaskSource<TResult>.GetResult(Int16 token)
   at Npgsql.NpgsqlDataReader.NextResult(Boolean async, Boolean isConsuming, CancellationToken cancellationToken)
   at Npgsql.NpgsqlDataReader.NextResult(Boolean async, Boolean isConsuming, CancellationToken cancellationToken)
   at Npgsql.NpgsqlCommand.ExecuteReader(Boolean async, CommandBehavior behavior, CancellationToken cancellationToken)
   at Npgsql.NpgsqlCommand.ExecuteReader(Boolean async, CommandBehavior behavior, CancellationToken cancellationToken)
   at Npgsql.NpgsqlCommand.ExecuteDbDataReaderAsync(CommandBehavior behavior, CancellationToken cancellationToken)
   at Microsoft.EntityFrameworkCore.Storage.RelationalCommand.ExecuteReaderAsync(RelationalCommandParameterObject parameterObject, CancellationToken cancellationToken)
   at Microsoft.EntityFrameworkCore.Storage.RelationalCommand.ExecuteReaderAsync(RelationalCommandParameterObject parameterObject, CancellationToken cancellationToken)
   at Microsoft.EntityFrameworkCore.Update.ReaderModificationCommandBatch.ExecuteAsync(IRelationalConnection connection, CancellationToken cancellationToken)
  Exception data:
    Severity: ERROR
    SqlState: 23503
    MessageText: insert or update on table "CrmSupportTickets" violates foreign key constraint "FK_CrmSupportTickets_CrmCustomers_CustomerId"
    Detail: Detail redacted as it may contain sensitive data. Specify 'Include Error Detail' in the connection string to include this information.
    SchemaName: public
    TableName: CrmSupportTickets
    ConstraintName: FK_CrmSupportTickets_CrmCustomers_CustomerId
    File: ri_triggers.c
    Line: 2783
    Routine: ri_ReportViolation
   --- End of inner exception stack trace ---
   at Microsoft.EntityFrameworkCore.Update.ReaderModificationCommandBatch.ExecuteAsync(IRelationalConnection connection, CancellationToken cancellationToken)
   at Microsoft.EntityFrameworkCore.Update.Internal.BatchExecutor.ExecuteAsync(IEnumerable`1 commandBatches, IRelationalConnection connection, CancellationToken cancellationToken)
   at Microsoft.EntityFrameworkCore.Update.Internal.BatchExecutor.ExecuteAsync(IEnumerable`1 commandBatches, IRelationalConnection connection, CancellationToken cancellationToken)
   at Microsoft.EntityFrameworkCore.Update.Internal.BatchExecutor.ExecuteAsync(IEnumerable`1 commandBatches, IRelationalConnection connection, CancellationToken cancellationToken)
   at Microsoft.EntityFrameworkCore.Storage.RelationalDatabase.SaveChangesAsync(IList`1 entries, CancellationToken cancellationToken)
   at Microsoft.EntityFrameworkCore.ChangeTracking.Internal.StateManager.SaveChangesAsync(IList`1 entriesToSave, CancellationToken cancellationToken)
   at Microsoft.EntityFrameworkCore.ChangeTracking.Internal.StateManager.SaveChangesAsync(StateManager stateManager, Boolean acceptAllChangesOnSuccess, CancellationToken cancellationToken)
   at Npgsql.EntityFrameworkCore.PostgreSQL.Storage.Internal.NpgsqlExecutionStrategy.ExecuteAsync[TState,TResult](TState state, Func`4 operation, Func`4 verifySucceeded, CancellationToken cancellationToken)
   at Microsoft.EntityFrameworkCore.DbContext.SaveChangesAsync(Boolean acceptAllChangesOnSuccess, CancellationToken cancellationToken)
2026-06-30 12:48:20.437 +03:00 [ERR] Database migration or seed failed. Check PostgreSQL is running and ConnectionStrings:DefaultConnection is correct.
Microsoft.EntityFrameworkCore.DbUpdateException: An error occurred while saving the entity changes. See the inner exception for details.
 ---> Npgsql.PostgresException (0x80004005): 23503: insert or update on table "CrmSupportTickets" violates foreign key constraint "FK_CrmSupportTickets_CrmCustomers_CustomerId"

DETAIL: Detail redacted as it may contain sensitive data. Specify 'Include Error Detail' in the connection string to include this information.
   at Npgsql.Internal.NpgsqlConnector.ReadMessageLong(Boolean async, DataRowLoadingMode dataRowLoadingMode, Boolean readingNotifications, Boolean isReadingPrependedMessage)
   at System.Runtime.CompilerServices.PoolingAsyncValueTaskMethodBuilder`1.StateMachineBox`1.System.Threading.Tasks.Sources.IValueTaskSource<TResult>.GetResult(Int16 token)
   at Npgsql.NpgsqlDataReader.NextResult(Boolean async, Boolean isConsuming, CancellationToken cancellationToken)
   at Npgsql.NpgsqlDataReader.NextResult(Boolean async, Boolean isConsuming, CancellationToken cancellationToken)
   at Npgsql.NpgsqlCommand.ExecuteReader(Boolean async, CommandBehavior behavior, CancellationToken cancellationToken)
   at Npgsql.NpgsqlCommand.ExecuteReader(Boolean async, CommandBehavior behavior, CancellationToken cancellationToken)
   at Npgsql.NpgsqlCommand.ExecuteDbDataReaderAsync(CommandBehavior behavior, CancellationToken cancellationToken)
   at Microsoft.EntityFrameworkCore.Storage.RelationalCommand.ExecuteReaderAsync(RelationalCommandParameterObject parameterObject, CancellationToken cancellationToken)
   at Microsoft.EntityFrameworkCore.Storage.RelationalCommand.ExecuteReaderAsync(RelationalCommandParameterObject parameterObject, CancellationToken cancellationToken)
   at Microsoft.EntityFrameworkCore.Update.ReaderModificationCommandBatch.ExecuteAsync(IRelationalConnection connection, CancellationToken cancellationToken)
  Exception data:
    Severity: ERROR
    SqlState: 23503
    MessageText: insert or update on table "CrmSupportTickets" violates foreign key constraint "FK_CrmSupportTickets_CrmCustomers_CustomerId"
    Detail: Detail redacted as it may contain sensitive data. Specify 'Include Error Detail' in the connection string to include this information.
    SchemaName: public
    TableName: CrmSupportTickets
    ConstraintName: FK_CrmSupportTickets_CrmCustomers_CustomerId
    File: ri_triggers.c
    Line: 2783
    Routine: ri_ReportViolation
   --- End of inner exception stack trace ---
   at Microsoft.EntityFrameworkCore.Update.ReaderModificationCommandBatch.ExecuteAsync(IRelationalConnection connection, CancellationToken cancellationToken)
   at Microsoft.EntityFrameworkCore.Update.Internal.BatchExecutor.ExecuteAsync(IEnumerable`1 commandBatches, IRelationalConnection connection, CancellationToken cancellationToken)
   at Microsoft.EntityFrameworkCore.Update.Internal.BatchExecutor.ExecuteAsync(IEnumerable`1 commandBatches, IRelationalConnection connection, CancellationToken cancellationToken)
   at Microsoft.EntityFrameworkCore.Update.Internal.BatchExecutor.ExecuteAsync(IEnumerable`1 commandBatches, IRelationalConnection connection, CancellationToken cancellationToken)
   at Microsoft.EntityFrameworkCore.Storage.RelationalDatabase.SaveChangesAsync(IList`1 entries, CancellationToken cancellationToken)
   at Microsoft.EntityFrameworkCore.ChangeTracking.Internal.StateManager.SaveChangesAsync(IList`1 entriesToSave, CancellationToken cancellationToken)
   at Microsoft.EntityFrameworkCore.ChangeTracking.Internal.StateManager.SaveChangesAsync(StateManager stateManager, Boolean acceptAllChangesOnSuccess, CancellationToken cancellationToken)
   at Npgsql.EntityFrameworkCore.PostgreSQL.Storage.Internal.NpgsqlExecutionStrategy.ExecuteAsync[TState,TResult](TState state, Func`4 operation, Func`4 verifySucceeded, CancellationToken cancellationToken)
   at Microsoft.EntityFrameworkCore.DbContext.SaveChangesAsync(Boolean acceptAllChangesOnSuccess, CancellationToken cancellationToken)
   at Microsoft.EntityFrameworkCore.DbContext.SaveChangesAsync(Boolean acceptAllChangesOnSuccess, CancellationToken cancellationToken)
   at Biktal.Infrastructure.Persistence.CrmDataSeeder.SeedIfEmptyAsync(ApplicationDbContext db, CancellationToken cancellationToken)
   at Program.<Main>$(String[] args) in d:\Systems\BiktalSystems\Program.cs:line 71
2026-06-30 12:48:20.443 +03:00 [WRN] Continuing without a successful migration/seed. Auth and data pages may fail until the database is available.
2026-06-30 12:48:20.466 +03:00 [WRN] Using an in-memory repository. Keys will not be persisted to storage.
2026-06-30 12:48:20.467 +03:00 [WRN] Neither user profile nor HKLM registry available. Using an ephemeral key repository. Protected data will be unavailable when application exits.
2026-06-30 12:48:20.485 +03:00 [WRN] No XML encryptor configured. Key {0df5e126-dc8a-46f4-998a-fcd73d41b522} may be persisted to storage in unencrypted form.
2026-06-30 12:48:20.534 +03:00 [INF] Application started. Press Ctrl+C to shut down.
2026-06-30 12:48:20.534 +03:00 [INF] Hosting environment: Production
2026-06-30 12:48:20.534 +03:00 [INF] Content root path: D:\Systems\BiktalSystems\publish
2026-06-30 12:48:20.639 +03:00 [INF] HTTP GET /Inventory responded 302 in 82.7932 ms
2026-06-30 12:48:20.790 +03:00 [ERR] An exception was thrown while deserializing the token.
Microsoft.AspNetCore.Antiforgery.AntiforgeryValidationException: The antiforgery token could not be decrypted.
 ---> System.Security.Cryptography.CryptographicException: The key {52388b7f-8324-4d75-8c84-d9a2a0820328} was not found in the key ring. For more information go to https://aka.ms/aspnet/dataprotectionwarning
   at Microsoft.AspNetCore.DataProtection.KeyManagement.KeyRingBasedDataProtector.UnprotectCore(Byte[] protectedData, Boolean allowOperationsOnRevokedKeys, UnprotectStatus& status)
   at Microsoft.AspNetCore.DataProtection.KeyManagement.KeyRingBasedDataProtector.Unprotect(Byte[] protectedData)
   at Microsoft.AspNetCore.Antiforgery.DefaultAntiforgeryTokenSerializer.Deserialize(String serializedToken)
   --- End of inner exception stack trace ---
   at Microsoft.AspNetCore.Antiforgery.DefaultAntiforgeryTokenSerializer.Deserialize(String serializedToken)
   at Microsoft.AspNetCore.Antiforgery.DefaultAntiforgery.GetCookieTokenDoesNotThrow(HttpContext httpContext)
2026-06-30 12:48:20.886 +03:00 [INF] HTTP GET /Account/Login responded 200 in 228.3657 ms
2026-06-30 12:48:21.061 +03:00 [INF] HTTP GET /js/site.js responded 200 in 85.5070 ms
2026-06-30 12:48:21.061 +03:00 [INF] HTTP GET /Biktal.WebMVC.styles.css responded 200 in 95.1178 ms
2026-06-30 12:48:21.061 +03:00 [INF] HTTP GET /css/site.css responded 200 in 98.4410 ms
2026-06-30 12:48:21.061 +03:00 [INF] HTTP GET /lib/jquery-validation/dist/jquery.validate.min.js responded 200 in 94.5115 ms
2026-06-30 12:48:21.063 +03:00 [INF] HTTP GET /lib/jquery-validation-unobtrusive/dist/jquery.validate.unobtrusive.min.js responded 200 in 90.7442 ms
2026-06-30 12:48:21.063 +03:00 [INF] HTTP GET /lib/bootstrap/dist/js/bootstrap.bundle.min.js responded 200 in 88.1616 ms
2026-06-30 12:48:21.064 +03:00 [INF] HTTP GET /lib/bootstrap/dist/css/bootstrap.min.css responded 200 in 103.8058 ms
2026-06-30 12:48:21.063 +03:00 [INF] HTTP GET /lib/jquery/dist/jquery.min.js responded 200 in 61.9899 ms
2026-06-30 12:48:47.526 +03:00 [INF] HTTP POST /Account/Login responded 302 in 549.8187 ms
2026-06-30 12:48:47.715 +03:00 [INF] HTTP GET /Inventory responded 200 in 182.7832 ms
2026-06-30 12:48:47.778 +03:00 [INF] HTTP GET /lib/bootstrap/dist/css/bootstrap.min.css responded 200 in 3.6909 ms
2026-06-30 12:48:47.807 +03:00 [INF] HTTP GET /css/site.css responded 200 in 28.5587 ms
2026-06-30 12:48:47.808 +03:00 [INF] HTTP GET /Biktal.WebMVC.styles.css responded 200 in 29.4936 ms
2026-06-30 12:48:47.814 +03:00 [INF] HTTP GET /lib/jquery/dist/jquery.min.js responded 304 in 35.3744 ms
2026-06-30 12:48:47.844 +03:00 [INF] HTTP GET /js/site.js responded 304 in 30.2521 ms
2026-06-30 12:48:47.950 +03:00 [INF] HTTP GET /lib/bootstrap/dist/js/bootstrap.bundle.min.js responded 304 in 162.0250 ms
2026-06-30 12:48:54.015 +03:00 [INF] HTTP GET /lib/bootstrap/dist/css/bootstrap.min.css responded 200 in 2.8050 ms
2026-06-30 12:48:54.014 +03:00 [INF] HTTP GET /Inventory/Products responded 200 in 494.7928 ms
2026-06-30 12:48:54.019 +03:00 [INF] HTTP GET /css/site.css responded 200 in 4.4408 ms
2026-06-30 12:48:54.022 +03:00 [INF] HTTP GET /Biktal.WebMVC.styles.css responded 200 in 5.3278 ms
2026-06-30 12:48:54.874 +03:00 [INF] HTTP GET /lib/jquery/dist/jquery.min.js responded 304 in 0.7345 ms
2026-06-30 12:48:54.897 +03:00 [INF] HTTP GET /lib/bootstrap/dist/js/bootstrap.bundle.min.js responded 304 in 1.6639 ms
2026-06-30 12:48:54.899 +03:00 [INF] HTTP GET /js/site.js responded 304 in 1.1239 ms
2026-06-30 12:48:54.907 +03:00 [INF] HTTP GET /js/products-catalog-filter.js responded 200 in 1.4581 ms
2026-06-30 12:48:54.918 +03:00 [INF] HTTP GET /lib/jquery-validation-unobtrusive/dist/jquery.validate.unobtrusive.min.js responded 304 in 13.5068 ms
2026-06-30 12:48:54.921 +03:00 [INF] HTTP GET /lib/jquery-validation/dist/jquery.validate.min.js responded 304 in 22.1958 ms
2026-06-30 12:48:59.430 +03:00 [INF] HTTP GET /Inventory/Stock responded 200 in 135.2901 ms
2026-06-30 12:48:59.475 +03:00 [INF] HTTP GET /lib/bootstrap/dist/css/bootstrap.min.css responded 304 in 1.2479 ms
2026-06-30 12:48:59.481 +03:00 [INF] HTTP GET /css/site.css responded 304 in 2.9311 ms
2026-06-30 12:48:59.483 +03:00 [INF] HTTP GET /Biktal.WebMVC.styles.css responded 304 in 1.1992 ms
2026-06-30 12:49:00.306 +03:00 [INF] HTTP GET /lib/jquery/dist/jquery.min.js responded 304 in 0.4755 ms
2026-06-30 12:49:00.322 +03:00 [INF] HTTP GET /lib/bootstrap/dist/js/bootstrap.bundle.min.js responded 304 in 0.7355 ms
2026-06-30 12:49:00.322 +03:00 [INF] HTTP GET /js/site.js responded 304 in 0.6600 ms
2026-06-30 12:49:00.356 +03:00 [INF] HTTP GET /js/stock-catalog-filter.js responded 200 in 33.7828 ms
2026-06-30 12:49:16.964 +03:00 [INF] HTTP GET /Inventory/Products responded 200 in 70.3682 ms
2026-06-30 12:49:17.021 +03:00 [INF] HTTP GET /lib/bootstrap/dist/css/bootstrap.min.css responded 200 in 1.9770 ms
2026-06-30 12:49:17.025 +03:00 [INF] HTTP GET /css/site.css responded 304 in 1.1024 ms
2026-06-30 12:49:17.028 +03:00 [INF] HTTP GET /Biktal.WebMVC.styles.css responded 304 in 1.3189 ms
2026-06-30 12:49:17.826 +03:00 [INF] HTTP GET /lib/jquery/dist/jquery.min.js responded 304 in 0.5785 ms
2026-06-30 12:49:17.850 +03:00 [INF] HTTP GET /lib/bootstrap/dist/js/bootstrap.bundle.min.js responded 304 in 1.1424 ms
2026-06-30 12:49:17.853 +03:00 [INF] HTTP GET /js/site.js responded 304 in 1.5637 ms
2026-06-30 12:49:17.854 +03:00 [INF] HTTP GET /lib/jquery-validation/dist/jquery.validate.min.js responded 304 in 0.7229 ms
2026-06-30 12:49:17.859 +03:00 [INF] HTTP GET /lib/jquery-validation-unobtrusive/dist/jquery.validate.unobtrusive.min.js responded 304 in 0.7162 ms
2026-06-30 12:49:17.859 +03:00 [INF] HTTP GET /js/products-catalog-filter.js responded 304 in 0.6888 ms
2026-06-30 12:49:26.871 +03:00 [INF] HTTP GET /Inventory/Products responded 200 in 106.7108 ms
2026-06-30 12:49:27.025 +03:00 [INF] HTTP GET /lib/bootstrap/dist/css/bootstrap.min.css responded 304 in 0.7448 ms
2026-06-30 12:49:27.037 +03:00 [INF] HTTP GET /css/site.css responded 304 in 1.4563 ms
2026-06-30 12:49:27.067 +03:00 [INF] HTTP GET /Biktal.WebMVC.styles.css responded 304 in 1.9620 ms
2026-06-30 12:49:27.847 +03:00 [INF] HTTP GET /lib/jquery/dist/jquery.min.js responded 304 in 0.4543 ms
2026-06-30 12:49:27.868 +03:00 [INF] HTTP GET /lib/bootstrap/dist/js/bootstrap.bundle.min.js responded 304 in 2.9656 ms
2026-06-30 12:49:27.871 +03:00 [INF] HTTP GET /js/site.js responded 304 in 1.3036 ms
2026-06-30 12:49:27.872 +03:00 [INF] HTTP GET /lib/jquery-validation-unobtrusive/dist/jquery.validate.unobtrusive.min.js responded 304 in 0.4565 ms
2026-06-30 12:49:27.872 +03:00 [INF] HTTP GET /js/products-catalog-filter.js responded 304 in 0.4450 ms
2026-06-30 12:49:27.873 +03:00 [INF] HTTP GET /lib/jquery-validation/dist/jquery.validate.min.js responded 304 in 0.5447 ms
2026-06-30 12:49:33.519 +03:00 [INF] HTTP POST /Inventory/EditProduct responded 302 in 98.7021 ms
2026-06-30 12:49:33.564 +03:00 [INF] HTTP GET /Inventory/Products responded 200 in 39.5496 ms
2026-06-30 12:49:33.628 +03:00 [INF] HTTP GET /lib/bootstrap/dist/css/bootstrap.min.css responded 304 in 1.2555 ms
2026-06-30 12:49:33.629 +03:00 [INF] HTTP GET /Biktal.WebMVC.styles.css responded 304 in 0.7644 ms
2026-06-30 12:49:33.629 +03:00 [INF] HTTP GET /css/site.css responded 304 in 0.5483 ms
2026-06-30 12:49:34.644 +03:00 [INF] HTTP GET /lib/jquery/dist/jquery.min.js responded 304 in 0.8744 ms
2026-06-30 12:49:34.661 +03:00 [INF] HTTP GET /lib/bootstrap/dist/js/bootstrap.bundle.min.js responded 304 in 0.5407 ms
2026-06-30 12:49:34.661 +03:00 [INF] HTTP GET /js/site.js responded 304 in 0.3373 ms
2026-06-30 12:49:34.661 +03:00 [INF] HTTP GET /js/products-catalog-filter.js responded 304 in 0.3652 ms
2026-06-30 12:49:34.661 +03:00 [INF] HTTP GET /lib/jquery-validation-unobtrusive/dist/jquery.validate.unobtrusive.min.js responded 304 in 0.3652 ms
2026-06-30 12:49:34.662 +03:00 [INF] HTTP GET /lib/jquery-validation/dist/jquery.validate.min.js responded 304 in 0.5718 ms
2026-06-30 12:49:40.606 +03:00 [INF] HTTP GET /Inventory/Products responded 200 in 84.4528 ms
2026-06-30 12:49:40.680 +03:00 [INF] HTTP GET /lib/bootstrap/dist/css/bootstrap.min.css responded 304 in 0.5165 ms
2026-06-30 12:49:40.694 +03:00 [INF] HTTP GET /css/site.css responded 304 in 2.1859 ms
2026-06-30 12:49:40.700 +03:00 [INF] HTTP GET /Biktal.WebMVC.styles.css responded 304 in 1.2646 ms
2026-06-30 12:49:41.479 +03:00 [INF] HTTP GET /lib/jquery/dist/jquery.min.js responded 304 in 0.4571 ms
2026-06-30 12:49:41.497 +03:00 [INF] HTTP GET /lib/bootstrap/dist/js/bootstrap.bundle.min.js responded 304 in 0.5682 ms
2026-06-30 12:49:41.502 +03:00 [INF] HTTP GET /lib/jquery-validation/dist/jquery.validate.min.js responded 304 in 0.4508 ms
2026-06-30 12:49:41.502 +03:00 [INF] HTTP GET /js/site.js responded 304 in 0.5062 ms
2026-06-30 12:49:41.502 +03:00 [INF] HTTP GET /lib/jquery-validation-unobtrusive/dist/jquery.validate.unobtrusive.min.js responded 304 in 0.6922 ms
2026-06-30 12:49:41.504 +03:00 [INF] HTTP GET /js/products-catalog-filter.js responded 304 in 1.0594 ms
2026-06-30 12:49:46.553 +03:00 [INF] HTTP POST /Inventory/EditProduct responded 302 in 19.2254 ms
2026-06-30 12:49:46.629 +03:00 [INF] HTTP GET /Inventory/Products responded 200 in 68.7753 ms
2026-06-30 12:49:46.712 +03:00 [INF] HTTP GET /lib/bootstrap/dist/css/bootstrap.min.css responded 304 in 2.0359 ms
2026-06-30 12:49:46.713 +03:00 [INF] HTTP GET /css/site.css responded 304 in 0.4462 ms
2026-06-30 12:49:46.713 +03:00 [INF] HTTP GET /Biktal.WebMVC.styles.css responded 304 in 0.4015 ms
2026-06-30 12:49:47.708 +03:00 [INF] HTTP GET /lib/jquery/dist/jquery.min.js responded 304 in 0.3424 ms
2026-06-30 12:49:47.722 +03:00 [INF] HTTP GET /lib/bootstrap/dist/js/bootstrap.bundle.min.js responded 304 in 0.6377 ms
2026-06-30 12:49:47.722 +03:00 [INF] HTTP GET /js/site.js responded 304 in 0.5092 ms
2026-06-30 12:49:47.723 +03:00 [INF] HTTP GET /lib/jquery-validation-unobtrusive/dist/jquery.validate.unobtrusive.min.js responded 304 in 0.9425 ms
2026-06-30 12:49:47.724 +03:00 [INF] HTTP GET /lib/jquery-validation/dist/jquery.validate.min.js responded 304 in 1.3136 ms
2026-06-30 12:49:47.725 +03:00 [INF] HTTP GET /js/products-catalog-filter.js responded 304 in 0.6174 ms
2026-06-30 12:49:51.835 +03:00 [INF] HTTP GET /Inventory/Products responded 200 in 62.1417 ms
2026-06-30 12:49:51.900 +03:00 [INF] HTTP GET /lib/bootstrap/dist/css/bootstrap.min.css responded 304 in 0.9121 ms
2026-06-30 12:49:51.906 +03:00 [INF] HTTP GET /Biktal.WebMVC.styles.css responded 304 in 0.6955 ms
2026-06-30 12:49:51.907 +03:00 [INF] HTTP GET /css/site.css responded 304 in 1.8081 ms
2026-06-30 12:49:52.854 +03:00 [INF] HTTP GET /lib/jquery/dist/jquery.min.js responded 304 in 0.2901 ms
2026-06-30 12:49:52.873 +03:00 [INF] HTTP GET /lib/bootstrap/dist/js/bootstrap.bundle.min.js responded 304 in 0.5216 ms
2026-06-30 12:49:52.874 +03:00 [INF] HTTP GET /js/site.js responded 304 in 0.6660 ms
2026-06-30 12:49:52.877 +03:00 [INF] HTTP GET /lib/jquery-validation/dist/jquery.validate.min.js responded 304 in 2.2347 ms
2026-06-30 12:49:52.878 +03:00 [INF] HTTP GET /lib/jquery-validation-unobtrusive/dist/jquery.validate.unobtrusive.min.js responded 304 in 0.8835 ms
2026-06-30 12:49:52.883 +03:00 [INF] HTTP GET /js/products-catalog-filter.js responded 304 in 3.0353 ms
2026-06-30 12:50:01.017 +03:00 [INF] HTTP POST /Inventory/EditProduct responded 302 in 22.3121 ms
2026-06-30 12:50:01.105 +03:00 [INF] HTTP GET /Inventory/Products responded 200 in 80.0916 ms
2026-06-30 12:50:01.175 +03:00 [INF] HTTP GET /lib/bootstrap/dist/css/bootstrap.min.css responded 304 in 0.6257 ms
2026-06-30 12:50:01.177 +03:00 [INF] HTTP GET /css/site.css responded 304 in 0.3387 ms
2026-06-30 12:50:01.179 +03:00 [INF] HTTP GET /Biktal.WebMVC.styles.css responded 304 in 0.5484 ms
2026-06-30 12:50:02.103 +03:00 [INF] HTTP GET /lib/jquery/dist/jquery.min.js responded 304 in 0.2734 ms
2026-06-30 12:50:02.124 +03:00 [INF] HTTP GET /lib/bootstrap/dist/js/bootstrap.bundle.min.js responded 304 in 0.4448 ms
2026-06-30 12:50:02.124 +03:00 [INF] HTTP GET /js/site.js responded 304 in 0.3727 ms
2026-06-30 12:50:02.126 +03:00 [INF] HTTP GET /lib/jquery-validation/dist/jquery.validate.min.js responded 304 in 0.8757 ms
2026-06-30 12:50:02.128 +03:00 [INF] HTTP GET /lib/jquery-validation-unobtrusive/dist/jquery.validate.unobtrusive.min.js responded 304 in 0.5189 ms
2026-06-30 12:50:02.132 +03:00 [INF] HTTP GET /js/products-catalog-filter.js responded 304 in 0.4516 ms
2026-06-30 12:50:35.191 +03:00 [INF] HTTP GET /Inventory/Products responded 200 in 84.5659 ms
2026-06-30 12:50:35.251 +03:00 [INF] HTTP GET /css/site.css responded 304 in 0.4130 ms
2026-06-30 12:50:35.252 +03:00 [INF] HTTP GET /Biktal.WebMVC.styles.css responded 304 in 0.2980 ms
2026-06-30 12:50:35.254 +03:00 [INF] HTTP GET /lib/bootstrap/dist/css/bootstrap.min.css responded 200 in 2.6637 ms
2026-06-30 12:50:36.371 +03:00 [INF] HTTP GET /lib/jquery/dist/jquery.min.js responded 200 in 0.8322 ms
2026-06-30 12:50:36.394 +03:00 [INF] HTTP GET /js/site.js responded 200 in 0.9400 ms
2026-06-30 12:50:36.394 +03:00 [INF] HTTP GET /lib/bootstrap/dist/js/bootstrap.bundle.min.js responded 200 in 1.0529 ms
2026-06-30 12:50:36.402 +03:00 [INF] HTTP GET /lib/jquery-validation/dist/jquery.validate.min.js responded 200 in 1.4379 ms
2026-06-30 12:50:36.402 +03:00 [INF] HTTP GET /lib/jquery-validation-unobtrusive/dist/jquery.validate.unobtrusive.min.js responded 200 in 1.8372 ms
2026-06-30 12:50:36.411 +03:00 [INF] HTTP GET /js/products-catalog-filter.js responded 200 in 1.1032 ms
2026-06-30 12:50:39.351 +03:00 [INF] HTTP POST /Inventory/EditProduct responded 302 in 12.9442 ms
2026-06-30 12:50:39.407 +03:00 [INF] HTTP GET /Inventory/Products responded 200 in 47.4104 ms
2026-06-30 12:50:39.477 +03:00 [INF] HTTP GET /lib/bootstrap/dist/css/bootstrap.min.css responded 200 in 1.4800 ms
2026-06-30 12:50:39.477 +03:00 [INF] HTTP GET /css/site.css responded 200 in 0.7826 ms
2026-06-30 12:50:39.479 +03:00 [INF] HTTP GET /Biktal.WebMVC.styles.css responded 200 in 1.8297 ms
2026-06-30 12:50:40.559 +03:00 [INF] HTTP GET /lib/jquery/dist/jquery.min.js responded 200 in 0.7602 ms
2026-06-30 12:50:40.577 +03:00 [INF] HTTP GET /js/site.js responded 200 in 0.8744 ms
2026-06-30 12:50:40.577 +03:00 [INF] HTTP GET /lib/jquery-validation/dist/jquery.validate.min.js responded 200 in 0.6177 ms
2026-06-30 12:50:40.577 +03:00 [INF] HTTP GET /lib/bootstrap/dist/js/bootstrap.bundle.min.js responded 200 in 0.7794 ms
2026-06-30 12:50:40.579 +03:00 [INF] HTTP GET /js/products-catalog-filter.js responded 200 in 1.5250 ms
2026-06-30 12:50:40.580 +03:00 [INF] HTTP GET /lib/jquery-validation-unobtrusive/dist/jquery.validate.unobtrusive.min.js responded 200 in 2.5490 ms
2026-06-30 12:50:45.042 +03:00 [INF] HTTP GET /Inventory/Products responded 200 in 46.3266 ms
2026-06-30 12:50:45.098 +03:00 [INF] HTTP GET /lib/bootstrap/dist/css/bootstrap.min.css responded 304 in 0.5503 ms
2026-06-30 12:50:45.098 +03:00 [INF] HTTP GET /css/site.css responded 304 in 0.7174 ms
2026-06-30 12:50:45.099 +03:00 [INF] HTTP GET /Biktal.WebMVC.styles.css responded 304 in 0.8801 ms
2026-06-30 12:50:45.901 +03:00 [INF] HTTP GET /lib/jquery/dist/jquery.min.js responded 304 in 0.3089 ms
2026-06-30 12:50:45.922 +03:00 [INF] HTTP GET /lib/bootstrap/dist/js/bootstrap.bundle.min.js responded 304 in 1.3852 ms
2026-06-30 12:50:45.923 +03:00 [INF] HTTP GET /js/site.js responded 304 in 1.1412 ms
2026-06-30 12:50:45.925 +03:00 [INF] HTTP GET /lib/jquery-validation/dist/jquery.validate.min.js responded 304 in 0.5471 ms
2026-06-30 12:50:45.930 +03:00 [INF] HTTP GET /lib/jquery-validation-unobtrusive/dist/jquery.validate.unobtrusive.min.js responded 304 in 0.3680 ms
2026-06-30 12:50:45.930 +03:00 [INF] HTTP GET /js/products-catalog-filter.js responded 304 in 0.3606 ms
2026-06-30 12:50:48.887 +03:00 [INF] HTTP POST /Inventory/EditProduct responded 302 in 11.2324 ms
2026-06-30 12:50:48.974 +03:00 [INF] HTTP GET /Inventory/Products responded 200 in 75.3098 ms
2026-06-30 12:50:49.056 +03:00 [INF] HTTP GET /lib/bootstrap/dist/css/bootstrap.min.css responded 304 in 0.4356 ms
2026-06-30 12:50:49.065 +03:00 [INF] HTTP GET /Biktal.WebMVC.styles.css responded 304 in 0.3770 ms
2026-06-30 12:50:49.066 +03:00 [INF] HTTP GET /css/site.css responded 304 in 0.3523 ms
2026-06-30 12:50:49.884 +03:00 [INF] HTTP GET /lib/jquery/dist/jquery.min.js responded 304 in 0.2515 ms
2026-06-30 12:50:49.900 +03:00 [INF] HTTP GET /lib/bootstrap/dist/js/bootstrap.bundle.min.js responded 304 in 0.4682 ms
2026-06-30 12:50:49.901 +03:00 [INF] HTTP GET /js/site.js responded 304 in 0.4063 ms
2026-06-30 12:50:49.901 +03:00 [INF] HTTP GET /lib/jquery-validation/dist/jquery.validate.min.js responded 304 in 0.4055 ms
2026-06-30 12:50:49.904 +03:00 [INF] HTTP GET /lib/jquery-validation-unobtrusive/dist/jquery.validate.unobtrusive.min.js responded 304 in 1.1527 ms
2026-06-30 12:50:49.908 +03:00 [INF] HTTP GET /js/products-catalog-filter.js responded 304 in 1.0215 ms
2026-06-30 12:51:02.076 +03:00 [INF] HTTP GET /Inventory/Products responded 200 in 62.7393 ms
2026-06-30 12:51:02.132 +03:00 [INF] HTTP GET /lib/bootstrap/dist/css/bootstrap.min.css responded 304 in 0.4731 ms
2026-06-30 12:51:02.132 +03:00 [INF] HTTP GET /css/site.css responded 304 in 0.4072 ms
2026-06-30 12:51:02.138 +03:00 [INF] HTTP GET /Biktal.WebMVC.styles.css responded 304 in 0.7887 ms
2026-06-30 12:51:03.224 +03:00 [INF] HTTP GET /lib/jquery/dist/jquery.min.js responded 304 in 0.2443 ms
2026-06-30 12:51:03.245 +03:00 [INF] HTTP GET /lib/bootstrap/dist/js/bootstrap.bundle.min.js responded 304 in 0.6450 ms
2026-06-30 12:51:03.246 +03:00 [INF] HTTP GET /js/site.js responded 304 in 0.4797 ms
2026-06-30 12:51:03.247 +03:00 [INF] HTTP GET /lib/jquery-validation/dist/jquery.validate.min.js responded 304 in 0.4751 ms
2026-06-30 12:51:03.248 +03:00 [INF] HTTP GET /lib/jquery-validation-unobtrusive/dist/jquery.validate.unobtrusive.min.js responded 304 in 1.6532 ms
2026-06-30 12:51:03.251 +03:00 [INF] HTTP GET /js/products-catalog-filter.js responded 304 in 0.7372 ms
2026-06-30 12:51:05.705 +03:00 [INF] HTTP POST /Inventory/EditProduct responded 302 in 9.2099 ms
2026-06-30 12:51:05.764 +03:00 [INF] HTTP GET /Inventory/Products responded 200 in 46.5621 ms
2026-06-30 12:51:05.835 +03:00 [INF] HTTP GET /lib/bootstrap/dist/css/bootstrap.min.css responded 304 in 0.4261 ms
2026-06-30 12:51:05.835 +03:00 [INF] HTTP GET /Biktal.WebMVC.styles.css responded 304 in 0.3870 ms
2026-06-30 12:51:05.835 +03:00 [INF] HTTP GET /css/site.css responded 304 in 0.4549 ms
2026-06-30 12:51:06.695 +03:00 [INF] HTTP GET /lib/jquery/dist/jquery.min.js responded 304 in 0.2495 ms
2026-06-30 12:51:06.707 +03:00 [INF] HTTP GET /lib/bootstrap/dist/js/bootstrap.bundle.min.js responded 304 in 0.7084 ms
2026-06-30 12:51:06.708 +03:00 [INF] HTTP GET /js/site.js responded 304 in 0.4035 ms
2026-06-30 12:51:06.708 +03:00 [INF] HTTP GET /lib/jquery-validation/dist/jquery.validate.min.js responded 304 in 0.4040 ms
2026-06-30 12:51:06.711 +03:00 [INF] HTTP GET /lib/jquery-validation-unobtrusive/dist/jquery.validate.unobtrusive.min.js responded 304 in 0.5956 ms
2026-06-30 12:51:06.713 +03:00 [INF] HTTP GET /js/products-catalog-filter.js responded 304 in 0.5671 ms
2026-06-30 12:51:11.004 +03:00 [INF] HTTP GET /Inventory/Products responded 200 in 63.8406 ms
2026-06-30 12:51:11.059 +03:00 [INF] HTTP GET /css/site.css responded 304 in 0.2484 ms
2026-06-30 12:51:11.059 +03:00 [INF] HTTP GET /lib/bootstrap/dist/css/bootstrap.min.css responded 304 in 0.5624 ms
2026-06-30 12:51:11.060 +03:00 [INF] HTTP GET /Biktal.WebMVC.styles.css responded 304 in 0.6166 ms
2026-06-30 12:51:11.884 +03:00 [INF] HTTP GET /lib/jquery/dist/jquery.min.js responded 304 in 0.2976 ms
2026-06-30 12:51:11.903 +03:00 [INF] HTTP GET /lib/bootstrap/dist/js/bootstrap.bundle.min.js responded 304 in 0.4261 ms
2026-06-30 12:51:11.906 +03:00 [INF] HTTP GET /js/site.js responded 304 in 1.4122 ms
2026-06-30 12:51:11.907 +03:00 [INF] HTTP GET /lib/jquery-validation/dist/jquery.validate.min.js responded 304 in 0.8089 ms
2026-06-30 12:51:11.908 +03:00 [INF] HTTP GET /js/products-catalog-filter.js responded 304 in 0.3502 ms
2026-06-30 12:51:11.908 +03:00 [INF] HTTP GET /lib/jquery-validation-unobtrusive/dist/jquery.validate.unobtrusive.min.js responded 304 in 0.7598 ms
2026-06-30 12:51:15.250 +03:00 [INF] HTTP POST /Inventory/EditProduct responded 302 in 8.3200 ms
2026-06-30 12:51:15.336 +03:00 [INF] HTTP GET /Inventory/Products responded 200 in 74.3557 ms
2026-06-30 12:51:15.401 +03:00 [INF] HTTP GET /css/site.css responded 304 in 0.6137 ms
2026-06-30 12:51:15.401 +03:00 [INF] HTTP GET /lib/bootstrap/dist/css/bootstrap.min.css responded 304 in 1.2773 ms
2026-06-30 12:51:15.402 +03:00 [INF] HTTP GET /Biktal.WebMVC.styles.css responded 304 in 0.4529 ms
2026-06-30 12:51:16.467 +03:00 [INF] HTTP GET /lib/jquery/dist/jquery.min.js responded 304 in 0.3632 ms
2026-06-30 12:51:16.478 +03:00 [INF] HTTP GET /lib/bootstrap/dist/js/bootstrap.bundle.min.js responded 304 in 0.5608 ms
2026-06-30 12:51:16.481 +03:00 [INF] HTTP GET /js/site.js responded 304 in 0.4476 ms
2026-06-30 12:51:16.482 +03:00 [INF] HTTP GET /lib/jquery-validation/dist/jquery.validate.min.js responded 304 in 0.4316 ms
2026-06-30 12:51:16.483 +03:00 [INF] HTTP GET /lib/jquery-validation-unobtrusive/dist/jquery.validate.unobtrusive.min.js responded 304 in 0.4599 ms
2026-06-30 12:51:16.485 +03:00 [INF] HTTP GET /js/products-catalog-filter.js responded 304 in 0.7073 ms
2026-06-30 12:51:19.946 +03:00 [INF] HTTP GET /Inventory/Products responded 200 in 63.4952 ms
2026-06-30 12:51:20.007 +03:00 [INF] HTTP GET /lib/bootstrap/dist/css/bootstrap.min.css responded 200 in 1.3246 ms
2026-06-30 12:51:20.018 +03:00 [INF] HTTP GET /css/site.css responded 304 in 0.5679 ms
2026-06-30 12:51:20.019 +03:00 [INF] HTTP GET /Biktal.WebMVC.styles.css responded 304 in 0.8116 ms
2026-06-30 12:51:20.821 +03:00 [INF] HTTP GET /lib/jquery/dist/jquery.min.js responded 304 in 0.2725 ms
2026-06-30 12:51:20.838 +03:00 [INF] HTTP GET /lib/bootstrap/dist/js/bootstrap.bundle.min.js responded 304 in 0.6036 ms
2026-06-30 12:51:20.839 +03:00 [INF] HTTP GET /js/site.js responded 304 in 0.4761 ms
2026-06-30 12:51:20.841 +03:00 [INF] HTTP GET /lib/jquery-validation/dist/jquery.validate.min.js responded 304 in 0.4476 ms
2026-06-30 12:51:20.843 +03:00 [INF] HTTP GET /lib/jquery-validation-unobtrusive/dist/jquery.validate.unobtrusive.min.js responded 304 in 1.4255 ms
2026-06-30 12:51:20.843 +03:00 [INF] HTTP GET /js/products-catalog-filter.js responded 304 in 0.5522 ms
2026-06-30 12:51:25.285 +03:00 [INF] HTTP POST /Inventory/EditProduct responded 302 in 11.8329 ms
2026-06-30 12:51:25.372 +03:00 [INF] HTTP GET /Inventory/Products responded 200 in 74.6264 ms
2026-06-30 12:51:25.462 +03:00 [INF] HTTP GET /lib/bootstrap/dist/css/bootstrap.min.css responded 304 in 0.7833 ms
2026-06-30 12:51:25.469 +03:00 [INF] HTTP GET /css/site.css responded 304 in 0.3543 ms
2026-06-30 12:51:25.470 +03:00 [INF] HTTP GET /Biktal.WebMVC.styles.css responded 304 in 0.3111 ms
2026-06-30 12:51:26.221 +03:00 [INF] HTTP GET /lib/jquery/dist/jquery.min.js responded 304 in 0.2683 ms
2026-06-30 12:51:26.234 +03:00 [INF] HTTP GET /lib/bootstrap/dist/js/bootstrap.bundle.min.js responded 304 in 0.3962 ms
2026-06-30 12:51:26.234 +03:00 [INF] HTTP GET /js/site.js responded 304 in 0.3962 ms
2026-06-30 12:51:26.235 +03:00 [INF] HTTP GET /lib/jquery-validation/dist/jquery.validate.min.js responded 304 in 0.9055 ms
2026-06-30 12:51:26.237 +03:00 [INF] HTTP GET /js/products-catalog-filter.js responded 304 in 0.6756 ms
2026-06-30 12:51:26.240 +03:00 [INF] HTTP GET /lib/jquery-validation-unobtrusive/dist/jquery.validate.unobtrusive.min.js responded 304 in 2.9613 ms
2026-06-30 12:51:30.421 +03:00 [INF] HTTP GET /Inventory/Products responded 200 in 53.5436 ms
2026-06-30 12:51:30.481 +03:00 [INF] HTTP GET /lib/bootstrap/dist/css/bootstrap.min.css responded 200 in 3.1566 ms
2026-06-30 12:51:30.488 +03:00 [INF] HTTP GET /css/site.css responded 304 in 0.7956 ms
2026-06-30 12:51:30.492 +03:00 [INF] HTTP GET /Biktal.WebMVC.styles.css responded 304 in 0.5755 ms
2026-06-30 12:51:31.374 +03:00 [INF] HTTP GET /lib/jquery/dist/jquery.min.js responded 304 in 0.2436 ms
2026-06-30 12:51:31.396 +03:00 [INF] HTTP GET /lib/bootstrap/dist/js/bootstrap.bundle.min.js responded 304 in 0.3875 ms
2026-06-30 12:51:31.397 +03:00 [INF] HTTP GET /js/site.js responded 304 in 0.4722 ms
2026-06-30 12:51:31.398 +03:00 [INF] HTTP GET /lib/jquery-validation/dist/jquery.validate.min.js responded 304 in 0.6065 ms
2026-06-30 12:51:31.399 +03:00 [INF] HTTP GET /lib/jquery-validation-unobtrusive/dist/jquery.validate.unobtrusive.min.js responded 304 in 0.7937 ms
2026-06-30 12:51:31.401 +03:00 [INF] HTTP GET /js/products-catalog-filter.js responded 304 in 0.5956 ms
2026-06-30 12:51:34.521 +03:00 [INF] HTTP POST /Inventory/EditProduct responded 302 in 13.3078 ms
2026-06-30 12:51:34.587 +03:00 [INF] HTTP GET /Inventory/Products responded 200 in 56.5929 ms
2026-06-30 12:51:34.679 +03:00 [INF] HTTP GET /lib/bootstrap/dist/css/bootstrap.min.css responded 304 in 0.4359 ms
2026-06-30 12:51:34.682 +03:00 [INF] HTTP GET /css/site.css responded 304 in 0.7405 ms
2026-06-30 12:51:34.682 +03:00 [INF] HTTP GET /Biktal.WebMVC.styles.css responded 304 in 0.4277 ms
2026-06-30 12:51:35.698 +03:00 [INF] HTTP GET /lib/jquery/dist/jquery.min.js responded 304 in 0.3629 ms
2026-06-30 12:51:35.711 +03:00 [INF] HTTP GET /lib/bootstrap/dist/js/bootstrap.bundle.min.js responded 304 in 0.4436 ms
2026-06-30 12:51:35.713 +03:00 [INF] HTTP GET /js/site.js responded 304 in 0.7913 ms
2026-06-30 12:51:35.714 +03:00 [INF] HTTP GET /lib/jquery-validation/dist/jquery.validate.min.js responded 304 in 0.4255 ms
2026-06-30 12:51:35.714 +03:00 [INF] HTTP GET /lib/jquery-validation-unobtrusive/dist/jquery.validate.unobtrusive.min.js responded 304 in 0.2886 ms
2026-06-30 12:51:35.714 +03:00 [INF] HTTP GET /js/products-catalog-filter.js responded 304 in 0.3550 ms
2026-06-30 12:51:43.906 +03:00 [INF] HTTP GET /Inventory/Products responded 200 in 53.7624 ms
2026-06-30 12:51:43.965 +03:00 [INF] HTTP GET /lib/bootstrap/dist/css/bootstrap.min.css responded 200 in 3.2059 ms
2026-06-30 12:51:43.973 +03:00 [INF] HTTP GET /css/site.css responded 304 in 0.6162 ms
2026-06-30 12:51:43.976 +03:00 [INF] HTTP GET /Biktal.WebMVC.styles.css responded 304 in 0.4370 ms
2026-06-30 12:51:44.780 +03:00 [INF] HTTP GET /lib/jquery/dist/jquery.min.js responded 304 in 0.2513 ms
2026-06-30 12:51:44.798 +03:00 [INF] HTTP GET /lib/bootstrap/dist/js/bootstrap.bundle.min.js responded 304 in 0.4491 ms
2026-06-30 12:51:44.799 +03:00 [INF] HTTP GET /js/site.js responded 304 in 0.5551 ms
2026-06-30 12:51:44.800 +03:00 [INF] HTTP GET /lib/jquery-validation/dist/jquery.validate.min.js responded 304 in 0.6391 ms
2026-06-30 12:51:44.801 +03:00 [INF] HTTP GET /lib/jquery-validation-unobtrusive/dist/jquery.validate.unobtrusive.min.js responded 304 in 0.4857 ms
2026-06-30 12:51:44.801 +03:00 [INF] HTTP GET /js/products-catalog-filter.js responded 304 in 0.3117 ms
2026-06-30 12:51:48.048 +03:00 [INF] HTTP POST /Inventory/EditProduct responded 302 in 10.8415 ms
2026-06-30 12:51:48.101 +03:00 [INF] HTTP GET /Inventory/Products responded 200 in 41.8101 ms
2026-06-30 12:51:48.170 +03:00 [INF] HTTP GET /lib/bootstrap/dist/css/bootstrap.min.css responded 304 in 1.7639 ms
2026-06-30 12:51:48.176 +03:00 [INF] HTTP GET /css/site.css responded 304 in 0.4499 ms
2026-06-30 12:51:48.178 +03:00 [INF] HTTP GET /Biktal.WebMVC.styles.css responded 304 in 0.4536 ms
2026-06-30 12:51:49.110 +03:00 [INF] HTTP GET /lib/jquery/dist/jquery.min.js responded 304 in 0.2762 ms
2026-06-30 12:51:49.123 +03:00 [INF] HTTP GET /lib/bootstrap/dist/js/bootstrap.bundle.min.js responded 304 in 0.8096 ms
2026-06-30 12:51:49.125 +03:00 [INF] HTTP GET /js/site.js responded 304 in 0.4845 ms
2026-06-30 12:51:49.126 +03:00 [INF] HTTP GET /lib/jquery-validation/dist/jquery.validate.min.js responded 304 in 0.4451 ms
2026-06-30 12:51:49.127 +03:00 [INF] HTTP GET /lib/jquery-validation-unobtrusive/dist/jquery.validate.unobtrusive.min.js responded 304 in 0.6235 ms
2026-06-30 12:51:49.129 +03:00 [INF] HTTP GET /js/products-catalog-filter.js responded 304 in 0.5202 ms
2026-06-30 12:51:57.103 +03:00 [INF] HTTP GET /Inventory/Products responded 200 in 43.6874 ms
2026-06-30 12:51:57.165 +03:00 [INF] HTTP GET /lib/bootstrap/dist/css/bootstrap.min.css responded 200 in 1.8600 ms
2026-06-30 12:51:57.178 +03:00 [INF] HTTP GET /css/site.css responded 304 in 0.8652 ms
2026-06-30 12:51:57.178 +03:00 [INF] HTTP GET /Biktal.WebMVC.styles.css responded 304 in 0.3438 ms
2026-06-30 12:51:58.032 +03:00 [INF] HTTP GET /lib/jquery/dist/jquery.min.js responded 304 in 0.5109 ms
2026-06-30 12:51:58.058 +03:00 [INF] HTTP GET /lib/bootstrap/dist/js/bootstrap.bundle.min.js responded 304 in 1.3384 ms
2026-06-30 12:51:58.059 +03:00 [INF] HTTP GET /js/site.js responded 304 in 0.5024 ms
2026-06-30 12:51:58.060 +03:00 [INF] HTTP GET /lib/jquery-validation-unobtrusive/dist/jquery.validate.unobtrusive.min.js responded 304 in 0.4169 ms
2026-06-30 12:51:58.060 +03:00 [INF] HTTP GET /js/products-catalog-filter.js responded 304 in 1.0597 ms
2026-06-30 12:51:58.061 +03:00 [INF] HTTP GET /lib/jquery-validation/dist/jquery.validate.min.js responded 304 in 0.5091 ms
2026-06-30 12:52:03.272 +03:00 [INF] HTTP POST /Inventory/EditProduct responded 302 in 17.0969 ms
2026-06-30 12:52:03.318 +03:00 [INF] HTTP GET /Inventory/Products responded 200 in 35.3368 ms
2026-06-30 12:52:03.374 +03:00 [INF] HTTP GET /Biktal.WebMVC.styles.css responded 304 in 0.2803 ms
2026-06-30 12:52:03.374 +03:00 [INF] HTTP GET /css/site.css responded 304 in 0.2830 ms
2026-06-30 12:52:03.374 +03:00 [INF] HTTP GET /lib/bootstrap/dist/css/bootstrap.min.css responded 304 in 0.3951 ms
2026-06-30 12:52:04.360 +03:00 [INF] HTTP GET /lib/jquery/dist/jquery.min.js responded 304 in 0.2587 ms
2026-06-30 12:52:04.380 +03:00 [INF] HTTP GET /lib/bootstrap/dist/js/bootstrap.bundle.min.js responded 304 in 0.5192 ms
2026-06-30 12:52:04.380 +03:00 [INF] HTTP GET /js/site.js responded 304 in 0.3745 ms
2026-06-30 12:52:04.381 +03:00 [INF] HTTP GET /lib/jquery-validation/dist/jquery.validate.min.js responded 304 in 0.3797 ms
2026-06-30 12:52:04.381 +03:00 [INF] HTTP GET /lib/jquery-validation-unobtrusive/dist/jquery.validate.unobtrusive.min.js responded 304 in 0.4029 ms
2026-06-30 12:52:04.384 +03:00 [INF] HTTP GET /js/products-catalog-filter.js responded 304 in 0.6628 ms
2026-06-30 12:52:17.617 +03:00 [INF] HTTP GET /Inventory/Products responded 200 in 101.2363 ms
2026-06-30 12:52:17.687 +03:00 [INF] HTTP GET /lib/bootstrap/dist/css/bootstrap.min.css responded 200 in 12.0075 ms
2026-06-30 12:52:17.691 +03:00 [INF] HTTP GET /css/site.css responded 304 in 0.3530 ms
2026-06-30 12:52:17.692 +03:00 [INF] HTTP GET /Biktal.WebMVC.styles.css responded 304 in 0.8272 ms
2026-06-30 12:52:18.469 +03:00 [INF] HTTP GET /lib/jquery/dist/jquery.min.js responded 304 in 0.2509 ms
2026-06-30 12:52:18.487 +03:00 [INF] HTTP GET /lib/bootstrap/dist/js/bootstrap.bundle.min.js responded 304 in 0.4718 ms
2026-06-30 12:52:18.491 +03:00 [INF] HTTP GET /js/site.js responded 304 in 0.9860 ms
2026-06-30 12:52:18.492 +03:00 [INF] HTTP GET /lib/jquery-validation-unobtrusive/dist/jquery.validate.unobtrusive.min.js responded 304 in 0.2940 ms
2026-06-30 12:52:18.492 +03:00 [INF] HTTP GET /lib/jquery-validation/dist/jquery.validate.min.js responded 304 in 0.5689 ms
2026-06-30 12:52:18.493 +03:00 [INF] HTTP GET /js/products-catalog-filter.js responded 304 in 0.5793 ms
2026-06-30 12:52:21.263 +03:00 [INF] HTTP POST /Inventory/EditProduct responded 302 in 8.9667 ms
2026-06-30 12:52:21.330 +03:00 [INF] HTTP GET /Inventory/Products responded 200 in 54.9806 ms
2026-06-30 12:52:21.445 +03:00 [INF] HTTP GET /lib/bootstrap/dist/css/bootstrap.min.css responded 304 in 0.6656 ms
2026-06-30 12:52:21.445 +03:00 [INF] HTTP GET /css/site.css responded 304 in 0.4817 ms
2026-06-30 12:52:21.446 +03:00 [INF] HTTP GET /Biktal.WebMVC.styles.css responded 304 in 0.5299 ms
2026-06-30 12:52:22.370 +03:00 [INF] HTTP GET /lib/jquery/dist/jquery.min.js responded 304 in 0.2589 ms
2026-06-30 12:52:22.382 +03:00 [INF] HTTP GET /js/site.js responded 304 in 0.3142 ms
2026-06-30 12:52:22.382 +03:00 [INF] HTTP GET /lib/bootstrap/dist/js/bootstrap.bundle.min.js responded 304 in 0.4509 ms
2026-06-30 12:52:22.383 +03:00 [INF] HTTP GET /lib/jquery-validation/dist/jquery.validate.min.js responded 304 in 0.4052 ms
2026-06-30 12:52:22.384 +03:00 [INF] HTTP GET /js/products-catalog-filter.js responded 304 in 0.3804 ms
2026-06-30 12:52:22.384 +03:00 [INF] HTTP GET /lib/jquery-validation-unobtrusive/dist/jquery.validate.unobtrusive.min.js responded 304 in 0.3019 ms
2026-06-30 12:52:24.531 +03:00 [INF] HTTP GET /Inventory/Products responded 200 in 54.9227 ms
2026-06-30 12:52:24.587 +03:00 [INF] HTTP GET /lib/bootstrap/dist/css/bootstrap.min.css responded 200 in 1.0089 ms
2026-06-30 12:52:24.593 +03:00 [INF] HTTP GET /css/site.css responded 304 in 0.7732 ms
2026-06-30 12:52:24.598 +03:00 [INF] HTTP GET /Biktal.WebMVC.styles.css responded 304 in 0.5088 ms
2026-06-30 12:52:25.382 +03:00 [INF] HTTP GET /lib/jquery/dist/jquery.min.js responded 304 in 0.2492 ms
2026-06-30 12:52:25.399 +03:00 [INF] HTTP GET /lib/bootstrap/dist/js/bootstrap.bundle.min.js responded 304 in 0.4258 ms
2026-06-30 12:52:25.400 +03:00 [INF] HTTP GET /js/site.js responded 304 in 1.1039 ms
2026-06-30 12:52:25.403 +03:00 [INF] HTTP GET /lib/jquery-validation/dist/jquery.validate.min.js responded 304 in 0.6261 ms
2026-06-30 12:52:25.404 +03:00 [INF] HTTP GET /lib/jquery-validation-unobtrusive/dist/jquery.validate.unobtrusive.min.js responded 304 in 0.6119 ms
2026-06-30 12:52:25.407 +03:00 [INF] HTTP GET /js/products-catalog-filter.js responded 304 in 2.1588 ms
2026-06-30 12:52:27.754 +03:00 [INF] HTTP POST /Inventory/EditProduct responded 302 in 9.7027 ms
2026-06-30 12:52:27.826 +03:00 [INF] HTTP GET /Inventory/Products responded 200 in 61.1636 ms
2026-06-30 12:52:27.929 +03:00 [INF] HTTP GET /Biktal.WebMVC.styles.css responded 304 in 0.4021 ms
2026-06-30 12:52:27.929 +03:00 [INF] HTTP GET /lib/bootstrap/dist/css/bootstrap.min.css responded 304 in 0.8601 ms
2026-06-30 12:52:27.929 +03:00 [INF] HTTP GET /css/site.css responded 304 in 0.2961 ms
2026-06-30 12:52:28.752 +03:00 [INF] HTTP GET /lib/jquery/dist/jquery.min.js responded 304 in 0.2472 ms
2026-06-30 12:52:28.764 +03:00 [INF] HTTP GET /lib/bootstrap/dist/js/bootstrap.bundle.min.js responded 304 in 0.4167 ms
2026-06-30 12:52:28.765 +03:00 [INF] HTTP GET /lib/jquery-validation/dist/jquery.validate.min.js responded 304 in 0.4205 ms
2026-06-30 12:52:28.765 +03:00 [INF] HTTP GET /js/site.js responded 304 in 0.7477 ms
2026-06-30 12:52:28.768 +03:00 [INF] HTTP GET /lib/jquery-validation-unobtrusive/dist/jquery.validate.unobtrusive.min.js responded 304 in 0.3524 ms
2026-06-30 12:52:28.769 +03:00 [INF] HTTP GET /js/products-catalog-filter.js responded 304 in 0.7815 ms
2026-06-30 12:52:32.462 +03:00 [INF] HTTP GET /Inventory/Products responded 200 in 60.1246 ms
2026-06-30 12:52:32.517 +03:00 [INF] HTTP GET /lib/bootstrap/dist/css/bootstrap.min.css responded 200 in 3.7273 ms
2026-06-30 12:52:32.524 +03:00 [INF] HTTP GET /css/site.css responded 304 in 0.5465 ms
2026-06-30 12:52:32.525 +03:00 [INF] HTTP GET /Biktal.WebMVC.styles.css responded 304 in 0.4484 ms
2026-06-30 12:52:33.248 +03:00 [INF] HTTP GET /lib/jquery/dist/jquery.min.js responded 304 in 0.2453 ms
2026-06-30 12:52:33.269 +03:00 [INF] HTTP GET /lib/bootstrap/dist/js/bootstrap.bundle.min.js responded 304 in 0.4723 ms
2026-06-30 12:52:33.270 +03:00 [INF] HTTP GET /js/site.js responded 304 in 0.4025 ms
2026-06-30 12:52:33.272 +03:00 [INF] HTTP GET /lib/jquery-validation/dist/jquery.validate.min.js responded 304 in 2.5473 ms
2026-06-30 12:52:33.274 +03:00 [INF] HTTP GET /lib/jquery-validation-unobtrusive/dist/jquery.validate.unobtrusive.min.js responded 304 in 0.5244 ms
2026-06-30 12:52:33.276 +03:00 [INF] HTTP GET /js/products-catalog-filter.js responded 304 in 0.5159 ms
2026-06-30 12:52:37.348 +03:00 [INF] HTTP POST /Inventory/EditProduct responded 302 in 8.1953 ms
2026-06-30 12:52:37.410 +03:00 [INF] HTTP GET /Inventory/Products responded 200 in 52.2109 ms
2026-06-30 12:52:37.470 +03:00 [INF] HTTP GET /Biktal.WebMVC.styles.css responded 304 in 0.5821 ms
2026-06-30 12:52:37.470 +03:00 [INF] HTTP GET /lib/bootstrap/dist/css/bootstrap.min.css responded 304 in 0.3557 ms
2026-06-30 12:52:37.471 +03:00 [INF] HTTP GET /css/site.css responded 304 in 2.6376 ms
2026-06-30 12:52:38.305 +03:00 [INF] HTTP GET /lib/jquery/dist/jquery.min.js responded 304 in 0.2754 ms
2026-06-30 12:52:38.318 +03:00 [INF] HTTP GET /lib/bootstrap/dist/js/bootstrap.bundle.min.js responded 304 in 0.3872 ms
2026-06-30 12:52:38.318 +03:00 [INF] HTTP GET /js/site.js responded 304 in 0.4787 ms
2026-06-30 12:52:38.318 +03:00 [INF] HTTP GET /lib/jquery-validation/dist/jquery.validate.min.js responded 304 in 0.3141 ms
2026-06-30 12:52:38.318 +03:00 [INF] HTTP GET /lib/jquery-validation-unobtrusive/dist/jquery.validate.unobtrusive.min.js responded 304 in 0.2420 ms
2026-06-30 12:52:38.318 +03:00 [INF] HTTP GET /js/products-catalog-filter.js responded 304 in 0.2682 ms
2026-06-30 12:52:47.150 +03:00 [INF] HTTP GET /Inventory/Products responded 200 in 60.3630 ms
2026-06-30 12:52:47.205 +03:00 [INF] HTTP GET /lib/bootstrap/dist/css/bootstrap.min.css responded 200 in 3.3286 ms
2026-06-30 12:52:47.207 +03:00 [INF] HTTP GET /css/site.css responded 304 in 0.5172 ms
2026-06-30 12:52:47.215 +03:00 [INF] HTTP GET /Biktal.WebMVC.styles.css responded 304 in 1.1793 ms
2026-06-30 12:52:47.990 +03:00 [INF] HTTP GET /lib/jquery/dist/jquery.min.js responded 304 in 0.2446 ms
2026-06-30 12:52:48.010 +03:00 [INF] HTTP GET /lib/bootstrap/dist/js/bootstrap.bundle.min.js responded 304 in 0.4904 ms
2026-06-30 12:52:48.010 +03:00 [INF] HTTP GET /js/site.js responded 304 in 0.4315 ms
2026-06-30 12:52:48.012 +03:00 [INF] HTTP GET /lib/jquery-validation/dist/jquery.validate.min.js responded 304 in 0.6437 ms
2026-06-30 12:52:48.013 +03:00 [INF] HTTP GET /lib/jquery-validation-unobtrusive/dist/jquery.validate.unobtrusive.min.js responded 304 in 1.3673 ms
2026-06-30 12:52:48.014 +03:00 [INF] HTTP GET /js/products-catalog-filter.js responded 304 in 1.0061 ms
2026-06-30 12:52:51.056 +03:00 [INF] HTTP POST /Inventory/EditProduct responded 302 in 7.3447 ms
2026-06-30 12:52:51.111 +03:00 [INF] HTTP GET /Inventory/Products responded 200 in 45.7538 ms
2026-06-30 12:52:51.181 +03:00 [INF] HTTP GET /lib/bootstrap/dist/css/bootstrap.min.css responded 304 in 0.3424 ms
2026-06-30 12:52:51.181 +03:00 [INF] HTTP GET /css/site.css responded 304 in 0.2996 ms
2026-06-30 12:52:51.181 +03:00 [INF] HTTP GET /Biktal.WebMVC.styles.css responded 304 in 0.3533 ms
2026-06-30 12:52:52.016 +03:00 [INF] HTTP GET /lib/jquery/dist/jquery.min.js responded 304 in 0.3217 ms
2026-06-30 12:52:52.029 +03:00 [INF] HTTP GET /lib/bootstrap/dist/js/bootstrap.bundle.min.js responded 304 in 0.6456 ms
2026-06-30 12:52:52.030 +03:00 [INF] HTTP GET /js/site.js responded 304 in 0.5354 ms
2026-06-30 12:52:52.030 +03:00 [INF] HTTP GET /lib/jquery-validation/dist/jquery.validate.min.js responded 304 in 0.3981 ms
2026-06-30 12:52:52.033 +03:00 [INF] HTTP GET /lib/jquery-validation-unobtrusive/dist/jquery.validate.unobtrusive.min.js responded 304 in 0.9700 ms
2026-06-30 12:52:52.034 +03:00 [INF] HTTP GET /js/products-catalog-filter.js responded 304 in 1.0391 ms
2026-06-30 12:52:55.577 +03:00 [INF] HTTP GET /Inventory/Products responded 200 in 67.7765 ms
2026-06-30 12:52:55.629 +03:00 [INF] HTTP GET /lib/bootstrap/dist/css/bootstrap.min.css responded 200 in 1.7738 ms
2026-06-30 12:52:55.635 +03:00 [INF] HTTP GET /css/site.css responded 304 in 0.7290 ms
2026-06-30 12:52:55.641 +03:00 [INF] HTTP GET /Biktal.WebMVC.styles.css responded 304 in 0.5659 ms
2026-06-30 12:52:56.518 +03:00 [INF] HTTP GET /lib/jquery/dist/jquery.min.js responded 304 in 0.2510 ms
2026-06-30 12:52:56.541 +03:00 [INF] HTTP GET /js/site.js responded 304 in 0.2890 ms
2026-06-30 12:52:56.541 +03:00 [INF] HTTP GET /lib/bootstrap/dist/js/bootstrap.bundle.min.js responded 304 in 0.5417 ms
2026-06-30 12:52:56.541 +03:00 [INF] HTTP GET /lib/jquery-validation/dist/jquery.validate.min.js responded 304 in 0.1903 ms
2026-06-30 12:52:56.542 +03:00 [INF] HTTP GET /lib/jquery-validation-unobtrusive/dist/jquery.validate.unobtrusive.min.js responded 304 in 0.7532 ms
2026-06-30 12:52:56.543 +03:00 [INF] HTTP GET /js/products-catalog-filter.js responded 304 in 0.5287 ms
2026-06-30 12:53:00.068 +03:00 [INF] HTTP POST /Inventory/EditProduct responded 302 in 11.4434 ms
2026-06-30 12:53:00.140 +03:00 [INF] HTTP GET /Inventory/Products responded 200 in 60.1352 ms
2026-06-30 12:53:00.263 +03:00 [INF] HTTP GET /lib/bootstrap/dist/css/bootstrap.min.css responded 304 in 0.4526 ms
2026-06-30 12:53:00.265 +03:00 [INF] HTTP GET /Biktal.WebMVC.styles.css responded 304 in 0.3378 ms
2026-06-30 12:53:00.265 +03:00 [INF] HTTP GET /css/site.css responded 304 in 0.3379 ms
2026-06-30 12:53:01.295 +03:00 [INF] HTTP GET /lib/jquery/dist/jquery.min.js responded 304 in 0.3014 ms
2026-06-30 12:53:01.309 +03:00 [INF] HTTP GET /lib/bootstrap/dist/js/bootstrap.bundle.min.js responded 304 in 0.5078 ms
2026-06-30 12:53:01.311 +03:00 [INF] HTTP GET /lib/jquery-validation/dist/jquery.validate.min.js responded 304 in 0.6330 ms
2026-06-30 12:53:01.311 +03:00 [INF] HTTP GET /js/site.js responded 304 in 1.1819 ms
2026-06-30 12:53:01.312 +03:00 [INF] HTTP GET /lib/jquery-validation-unobtrusive/dist/jquery.validate.unobtrusive.min.js responded 304 in 0.6461 ms
2026-06-30 12:53:01.314 +03:00 [INF] HTTP GET /js/products-catalog-filter.js responded 304 in 0.5333 ms
2026-06-30 12:53:04.333 +03:00 [INF] HTTP GET /Inventory/Products responded 200 in 53.2425 ms
2026-06-30 12:53:04.380 +03:00 [INF] HTTP GET /lib/bootstrap/dist/css/bootstrap.min.css responded 200 in 0.9165 ms
2026-06-30 12:53:04.400 +03:00 [INF] HTTP GET /css/site.css responded 304 in 0.4438 ms
2026-06-30 12:53:04.403 +03:00 [INF] HTTP GET /Biktal.WebMVC.styles.css responded 304 in 1.3282 ms
2026-06-30 12:53:05.195 +03:00 [INF] HTTP GET /lib/jquery/dist/jquery.min.js responded 304 in 0.2466 ms
2026-06-30 12:53:05.214 +03:00 [INF] HTTP GET /lib/bootstrap/dist/js/bootstrap.bundle.min.js responded 304 in 0.9245 ms
2026-06-30 12:53:05.215 +03:00 [INF] HTTP GET /js/site.js responded 304 in 0.3759 ms
2026-06-30 12:53:05.216 +03:00 [INF] HTTP GET /lib/jquery-validation/dist/jquery.validate.min.js responded 304 in 0.5544 ms
2026-06-30 12:53:05.218 +03:00 [INF] HTTP GET /lib/jquery-validation-unobtrusive/dist/jquery.validate.unobtrusive.min.js responded 304 in 0.6468 ms
2026-06-30 12:53:05.219 +03:00 [INF] HTTP GET /js/products-catalog-filter.js responded 304 in 1.4980 ms
2026-06-30 12:53:08.752 +03:00 [INF] HTTP POST /Inventory/EditProduct responded 302 in 6.9802 ms
2026-06-30 12:53:08.824 +03:00 [INF] HTTP GET /Inventory/Products responded 200 in 63.1973 ms
2026-06-30 12:53:08.911 +03:00 [INF] HTTP GET /lib/bootstrap/dist/css/bootstrap.min.css responded 304 in 0.6509 ms
2026-06-30 12:53:08.911 +03:00 [INF] HTTP GET /Biktal.WebMVC.styles.css responded 304 in 0.4213 ms
2026-06-30 12:53:08.912 +03:00 [INF] HTTP GET /css/site.css responded 304 in 0.2833 ms
2026-06-30 12:53:09.757 +03:00 [INF] HTTP GET /lib/jquery/dist/jquery.min.js responded 304 in 0.2712 ms
2026-06-30 12:53:09.772 +03:00 [INF] HTTP GET /js/site.js responded 304 in 0.3204 ms
2026-06-30 12:53:09.772 +03:00 [INF] HTTP GET /lib/bootstrap/dist/js/bootstrap.bundle.min.js responded 304 in 0.3571 ms
2026-06-30 12:53:09.774 +03:00 [INF] HTTP GET /lib/jquery-validation/dist/jquery.validate.min.js responded 304 in 0.7827 ms
2026-06-30 12:53:09.774 +03:00 [INF] HTTP GET /lib/jquery-validation-unobtrusive/dist/jquery.validate.unobtrusive.min.js responded 304 in 0.4148 ms
2026-06-30 12:53:09.777 +03:00 [INF] HTTP GET /js/products-catalog-filter.js responded 304 in 0.8091 ms
2026-06-30 12:53:14.051 +03:00 [INF] HTTP GET /Inventory/Products responded 200 in 62.3097 ms
2026-06-30 12:53:14.095 +03:00 [INF] HTTP GET /lib/bootstrap/dist/css/bootstrap.min.css responded 200 in 1.2208 ms
2026-06-30 12:53:14.110 +03:00 [INF] HTTP GET /css/site.css responded 304 in 0.9412 ms
2026-06-30 12:53:14.112 +03:00 [INF] HTTP GET /Biktal.WebMVC.styles.css responded 304 in 1.1043 ms
2026-06-30 12:53:14.963 +03:00 [INF] HTTP GET /lib/jquery/dist/jquery.min.js responded 304 in 0.2712 ms
2026-06-30 12:53:14.983 +03:00 [INF] HTTP GET /lib/bootstrap/dist/js/bootstrap.bundle.min.js responded 304 in 0.6543 ms
2026-06-30 12:53:14.984 +03:00 [INF] HTTP GET /js/site.js responded 304 in 0.4259 ms
2026-06-30 12:53:14.986 +03:00 [INF] HTTP GET /lib/jquery-validation/dist/jquery.validate.min.js responded 304 in 1.3537 ms
2026-06-30 12:53:14.989 +03:00 [INF] HTTP GET /lib/jquery-validation-unobtrusive/dist/jquery.validate.unobtrusive.min.js responded 304 in 0.6534 ms
2026-06-30 12:53:14.989 +03:00 [INF] HTTP GET /js/products-catalog-filter.js responded 304 in 0.3965 ms
2026-06-30 12:53:18.537 +03:00 [INF] HTTP POST /Inventory/EditProduct responded 302 in 8.8725 ms
2026-06-30 12:53:18.594 +03:00 [INF] HTTP GET /Inventory/Products responded 200 in 45.8287 ms
2026-06-30 12:53:18.660 +03:00 [INF] HTTP GET /css/site.css responded 304 in 0.2199 ms
2026-06-30 12:53:18.660 +03:00 [INF] HTTP GET /Biktal.WebMVC.styles.css responded 304 in 0.3326 ms
2026-06-30 12:53:18.660 +03:00 [INF] HTTP GET /lib/bootstrap/dist/css/bootstrap.min.css responded 304 in 0.3322 ms
2026-06-30 12:53:19.635 +03:00 [INF] HTTP GET /lib/jquery/dist/jquery.min.js responded 304 in 0.6507 ms
2026-06-30 12:53:19.647 +03:00 [INF] HTTP GET /lib/bootstrap/dist/js/bootstrap.bundle.min.js responded 304 in 0.6599 ms
2026-06-30 12:53:19.649 +03:00 [INF] HTTP GET /js/site.js responded 304 in 1.0836 ms
2026-06-30 12:53:19.650 +03:00 [INF] HTTP GET /lib/jquery-validation-unobtrusive/dist/jquery.validate.unobtrusive.min.js responded 304 in 0.4527 ms
2026-06-30 12:53:19.653 +03:00 [INF] HTTP GET /lib/jquery-validation/dist/jquery.validate.min.js responded 304 in 0.4427 ms
2026-06-30 12:53:19.657 +03:00 [INF] HTTP GET /js/products-catalog-filter.js responded 304 in 1.2217 ms
2026-06-30 12:53:24.148 +03:00 [INF] HTTP GET /Inventory/Products responded 200 in 115.2503 ms
2026-06-30 12:53:24.203 +03:00 [INF] HTTP GET /lib/bootstrap/dist/css/bootstrap.min.css responded 200 in 1.4339 ms
2026-06-30 12:53:24.203 +03:00 [INF] HTTP GET /css/site.css responded 304 in 0.5157 ms
2026-06-30 12:53:24.211 +03:00 [INF] HTTP GET /Biktal.WebMVC.styles.css responded 304 in 0.6082 ms
2026-06-30 12:53:24.981 +03:00 [INF] HTTP GET /lib/jquery/dist/jquery.min.js responded 304 in 0.2689 ms
2026-06-30 12:53:25.000 +03:00 [INF] HTTP GET /lib/bootstrap/dist/js/bootstrap.bundle.min.js responded 304 in 0.4306 ms
2026-06-30 12:53:25.002 +03:00 [INF] HTTP GET /js/site.js responded 304 in 1.4340 ms
2026-06-30 12:53:25.002 +03:00 [INF] HTTP GET /lib/jquery-validation/dist/jquery.validate.min.js responded 304 in 0.4047 ms
2026-06-30 12:53:25.004 +03:00 [INF] HTTP GET /lib/jquery-validation-unobtrusive/dist/jquery.validate.unobtrusive.min.js responded 304 in 1.1690 ms
2026-06-30 12:53:25.005 +03:00 [INF] HTTP GET /js/products-catalog-filter.js responded 304 in 0.4320 ms
2026-06-30 12:53:27.511 +03:00 [INF] HTTP POST /Inventory/EditProduct responded 302 in 12.8340 ms
2026-06-30 12:53:27.572 +03:00 [INF] HTTP GET /Inventory/Products responded 200 in 51.2968 ms
2026-06-30 12:53:27.656 +03:00 [INF] HTTP GET /Biktal.WebMVC.styles.css responded 304 in 0.8338 ms
2026-06-30 12:53:27.656 +03:00 [INF] HTTP GET /css/site.css responded 304 in 0.7544 ms
2026-06-30 12:53:27.656 +03:00 [INF] HTTP GET /lib/bootstrap/dist/css/bootstrap.min.css responded 304 in 0.3698 ms
2026-06-30 12:53:28.762 +03:00 [INF] HTTP GET /lib/jquery/dist/jquery.min.js responded 304 in 0.2602 ms
2026-06-30 12:53:28.773 +03:00 [INF] HTTP GET /lib/bootstrap/dist/js/bootstrap.bundle.min.js responded 304 in 0.4105 ms
2026-06-30 12:53:28.775 +03:00 [INF] HTTP GET /js/site.js responded 304 in 0.5923 ms
2026-06-30 12:53:28.776 +03:00 [INF] HTTP GET /lib/jquery-validation/dist/jquery.validate.min.js responded 304 in 0.9040 ms
2026-06-30 12:53:28.777 +03:00 [INF] HTTP GET /lib/jquery-validation-unobtrusive/dist/jquery.validate.unobtrusive.min.js responded 304 in 0.6181 ms
2026-06-30 12:53:28.779 +03:00 [INF] HTTP GET /js/products-catalog-filter.js responded 304 in 0.6079 ms
2026-06-30 12:53:32.514 +03:00 [INF] HTTP GET /Inventory/Products responded 200 in 74.6534 ms
2026-06-30 12:53:32.567 +03:00 [INF] HTTP GET /css/site.css responded 304 in 0.5021 ms
2026-06-30 12:53:32.567 +03:00 [INF] HTTP GET /Biktal.WebMVC.styles.css responded 304 in 0.3152 ms
2026-06-30 12:53:32.570 +03:00 [INF] HTTP GET /lib/bootstrap/dist/css/bootstrap.min.css responded 200 in 5.3814 ms
2026-06-30 12:53:33.412 +03:00 [INF] HTTP GET /lib/jquery/dist/jquery.min.js responded 304 in 0.3520 ms
2026-06-30 12:53:33.432 +03:00 [INF] HTTP GET /lib/bootstrap/dist/js/bootstrap.bundle.min.js responded 304 in 1.1300 ms
2026-06-30 12:53:33.433 +03:00 [INF] HTTP GET /js/site.js responded 304 in 0.4090 ms
2026-06-30 12:53:33.433 +03:00 [INF] HTTP GET /lib/jquery-validation/dist/jquery.validate.min.js responded 304 in 0.3105 ms
2026-06-30 12:53:33.436 +03:00 [INF] HTTP GET /js/products-catalog-filter.js responded 304 in 0.4765 ms
2026-06-30 12:53:33.437 +03:00 [INF] HTTP GET /lib/jquery-validation-unobtrusive/dist/jquery.validate.unobtrusive.min.js responded 304 in 2.1358 ms
2026-06-30 12:53:40.917 +03:00 [INF] HTTP POST /Inventory/EditProduct responded 302 in 8.2878 ms
2026-06-30 12:53:40.992 +03:00 [INF] HTTP GET /Inventory/Products responded 200 in 64.3168 ms
2026-06-30 12:53:41.082 +03:00 [INF] HTTP GET /lib/bootstrap/dist/css/bootstrap.min.css responded 304 in 0.3972 ms
2026-06-30 12:53:41.083 +03:00 [INF] HTTP GET /css/site.css responded 304 in 0.2955 ms
2026-06-30 12:53:41.083 +03:00 [INF] HTTP GET /Biktal.WebMVC.styles.css responded 304 in 0.3058 ms
2026-06-30 12:53:42.020 +03:00 [INF] HTTP GET /lib/jquery/dist/jquery.min.js responded 304 in 0.2480 ms
2026-06-30 12:53:42.032 +03:00 [INF] HTTP GET /lib/bootstrap/dist/js/bootstrap.bundle.min.js responded 304 in 0.9149 ms
2026-06-30 12:53:42.034 +03:00 [INF] HTTP GET /js/site.js responded 304 in 1.3325 ms
2026-06-30 12:53:42.035 +03:00 [INF] HTTP GET /lib/jquery-validation/dist/jquery.validate.min.js responded 304 in 0.7484 ms
2026-06-30 12:53:42.035 +03:00 [INF] HTTP GET /lib/jquery-validation-unobtrusive/dist/jquery.validate.unobtrusive.min.js responded 304 in 0.4260 ms
2026-06-30 12:53:42.037 +03:00 [INF] HTTP GET /js/products-catalog-filter.js responded 304 in 0.6218 ms
2026-06-30 12:53:55.976 +03:00 [INF] HTTP GET /Inventory/Products responded 200 in 52.3848 ms
2026-06-30 12:53:56.029 +03:00 [INF] HTTP GET /lib/bootstrap/dist/css/bootstrap.min.css responded 200 in 1.0957 ms
2026-06-30 12:53:56.042 +03:00 [INF] HTTP GET /css/site.css responded 304 in 0.4608 ms
2026-06-30 12:53:56.043 +03:00 [INF] HTTP GET /Biktal.WebMVC.styles.css responded 304 in 1.2183 ms
2026-06-30 12:53:56.911 +03:00 [INF] HTTP GET /lib/jquery/dist/jquery.min.js responded 304 in 0.3816 ms
2026-06-30 12:53:56.930 +03:00 [INF] HTTP GET /lib/bootstrap/dist/js/bootstrap.bundle.min.js responded 304 in 0.5565 ms
2026-06-30 12:53:56.931 +03:00 [INF] HTTP GET /lib/jquery-validation/dist/jquery.validate.min.js responded 304 in 0.3158 ms
2026-06-30 12:53:56.931 +03:00 [INF] HTTP GET /js/site.js responded 304 in 0.7269 ms
2026-06-30 12:53:56.931 +03:00 [INF] HTTP GET /lib/jquery-validation-unobtrusive/dist/jquery.validate.unobtrusive.min.js responded 304 in 0.3733 ms
2026-06-30 12:53:56.933 +03:00 [INF] HTTP GET /js/products-catalog-filter.js responded 304 in 0.4652 ms
2026-06-30 12:54:01.007 +03:00 [INF] HTTP POST /Inventory/EditProduct responded 302 in 8.3996 ms
2026-06-30 12:54:01.059 +03:00 [INF] HTTP GET /Inventory/Products responded 200 in 39.4802 ms
2026-06-30 12:54:01.128 +03:00 [INF] HTTP GET /css/site.css responded 304 in 0.2806 ms
2026-06-30 12:54:01.128 +03:00 [INF] HTTP GET /lib/bootstrap/dist/css/bootstrap.min.css responded 304 in 0.3799 ms
2026-06-30 12:54:01.129 +03:00 [INF] HTTP GET /Biktal.WebMVC.styles.css responded 304 in 0.4039 ms
2026-06-30 12:54:02.023 +03:00 [INF] HTTP GET /lib/jquery/dist/jquery.min.js responded 304 in 0.2714 ms
2026-06-30 12:54:02.038 +03:00 [INF] HTTP GET /lib/bootstrap/dist/js/bootstrap.bundle.min.js responded 304 in 0.3924 ms
2026-06-30 12:54:02.038 +03:00 [INF] HTTP GET /js/site.js responded 304 in 0.2544 ms
2026-06-30 12:54:02.040 +03:00 [INF] HTTP GET /lib/jquery-validation/dist/jquery.validate.min.js responded 304 in 1.0954 ms
2026-06-30 12:54:02.042 +03:00 [INF] HTTP GET /lib/jquery-validation-unobtrusive/dist/jquery.validate.unobtrusive.min.js responded 304 in 0.5464 ms
2026-06-30 12:54:02.042 +03:00 [INF] HTTP GET /js/products-catalog-filter.js responded 304 in 0.6880 ms
2026-06-30 12:54:18.083 +03:00 [INF] HTTP GET /Inventory/Stock responded 200 in 33.5885 ms
2026-06-30 12:54:18.141 +03:00 [INF] HTTP GET /css/site.css responded 304 in 0.4105 ms
2026-06-30 12:54:18.141 +03:00 [INF] HTTP GET /lib/bootstrap/dist/css/bootstrap.min.css responded 304 in 0.8833 ms
2026-06-30 12:54:18.147 +03:00 [INF] HTTP GET /Biktal.WebMVC.styles.css responded 304 in 0.4627 ms
2026-06-30 12:54:19.054 +03:00 [INF] HTTP GET /lib/jquery/dist/jquery.min.js responded 304 in 0.3722 ms
2026-06-30 12:54:19.071 +03:00 [INF] HTTP GET /js/site.js responded 304 in 0.3570 ms
2026-06-30 12:54:19.071 +03:00 [INF] HTTP GET /lib/bootstrap/dist/js/bootstrap.bundle.min.js responded 304 in 0.4658 ms
2026-06-30 12:54:19.073 +03:00 [INF] HTTP GET /js/stock-catalog-filter.js responded 200 in 1.0915 ms
2026-06-30 12:55:31.568 +03:00 [INF] HTTP GET /Inventory responded 200 in 47.5708 ms
2026-06-30 12:55:31.632 +03:00 [INF] HTTP GET /lib/bootstrap/dist/css/bootstrap.min.css responded 200 in 1.6389 ms
2026-06-30 12:55:31.635 +03:00 [INF] HTTP GET /Biktal.WebMVC.styles.css responded 304 in 0.4380 ms
2026-06-30 12:55:31.638 +03:00 [INF] HTTP GET /css/site.css responded 304 in 1.6960 ms
2026-06-30 12:55:31.641 +03:00 [INF] HTTP GET /lib/bootstrap/dist/js/bootstrap.bundle.min.js responded 304 in 2.2309 ms
2026-06-30 12:55:31.642 +03:00 [INF] HTTP GET /lib/jquery/dist/jquery.min.js responded 304 in 0.5651 ms
2026-06-30 12:55:31.649 +03:00 [INF] HTTP GET /js/site.js responded 304 in 0.4257 ms
2026-06-30 12:55:37.224 +03:00 [WRN] The query uses the 'First'/'FirstOrDefault' operator without 'OrderBy' and filter operators. This may lead to unpredictable results.
2026-06-30 12:55:37.238 +03:00 [WRN] The query uses the 'First'/'FirstOrDefault' operator without 'OrderBy' and filter operators. This may lead to unpredictable results.
2026-06-30 12:55:37.270 +03:00 [INF] HTTP GET /Operations responded 200 in 104.5288 ms
2026-06-30 12:55:37.341 +03:00 [INF] HTTP GET /css/site.css responded 200 in 0.9276 ms
2026-06-30 12:55:37.344 +03:00 [INF] HTTP GET /lib/bootstrap/dist/css/bootstrap.min.css responded 200 in 3.4494 ms
2026-06-30 12:55:37.344 +03:00 [INF] HTTP GET /lib/jquery/dist/jquery.min.js responded 200 in 2.5612 ms
2026-06-30 12:55:37.347 +03:00 [INF] HTTP GET /lib/bootstrap/dist/js/bootstrap.bundle.min.js responded 200 in 0.9740 ms
2026-06-30 12:55:37.347 +03:00 [INF] HTTP GET /js/site.js responded 200 in 0.6134 ms
2026-06-30 12:55:37.348 +03:00 [INF] HTTP GET /Biktal.WebMVC.styles.css responded 200 in 0.8388 ms
2026-06-30 12:55:44.147 +03:00 [INF] HTTP GET /Operations/InventoryAging responded 200 in 12.9895 ms
2026-06-30 12:55:44.200 +03:00 [INF] HTTP GET /lib/bootstrap/dist/css/bootstrap.min.css responded 200 in 0.8898 ms
2026-06-30 12:55:44.217 +03:00 [INF] HTTP GET /Biktal.WebMVC.styles.css responded 200 in 1.0321 ms
2026-06-30 12:55:44.217 +03:00 [INF] HTTP GET /css/site.css responded 200 in 1.7176 ms
2026-06-30 12:55:44.218 +03:00 [INF] HTTP GET /lib/bootstrap/dist/js/bootstrap.bundle.min.js responded 304 in 0.5788 ms
2026-06-30 12:55:44.219 +03:00 [INF] HTTP GET /lib/jquery/dist/jquery.min.js responded 304 in 1.1602 ms
2026-06-30 12:55:44.220 +03:00 [INF] HTTP GET /js/site.js responded 304 in 0.4749 ms
2026-06-30 12:57:03.277 +03:00 [INF] HTTP GET /Operations/Inventory responded 200 in 85.9314 ms
2026-06-30 12:57:03.354 +03:00 [INF] HTTP GET /lib/bootstrap/dist/css/bootstrap.min.css responded 200 in 4.4970 ms
2026-06-30 12:57:03.359 +03:00 [INF] HTTP GET /css/site.css responded 200 in 1.4395 ms
2026-06-30 12:57:03.363 +03:00 [INF] HTTP GET /lib/jquery/dist/jquery.min.js responded 200 in 3.8276 ms
2026-06-30 12:57:03.364 +03:00 [INF] HTTP GET /Biktal.WebMVC.styles.css responded 200 in 0.7095 ms
2026-06-30 12:57:03.364 +03:00 [INF] HTTP GET /lib/bootstrap/dist/js/bootstrap.bundle.min.js responded 200 in 1.0815 ms
2026-06-30 12:57:03.367 +03:00 [INF] HTTP GET /js/site.js responded 200 in 1.0921 ms
2026-06-30 13:00:10.394 +03:00 [INF] HTTP GET /Inventory responded 200 in 94.1947 ms
2026-06-30 13:00:10.489 +03:00 [INF] HTTP GET /lib/bootstrap/dist/css/bootstrap.min.css responded 200 in 2.1439 ms
2026-06-30 13:00:10.490 +03:00 [INF] HTTP GET /css/site.css responded 200 in 0.8432 ms
2026-06-30 13:00:10.495 +03:00 [INF] HTTP GET /Biktal.WebMVC.styles.css responded 200 in 1.0979 ms
2026-06-30 13:00:10.498 +03:00 [INF] HTTP GET /lib/jquery/dist/jquery.min.js responded 200 in 2.8302 ms
2026-06-30 13:00:10.500 +03:00 [INF] HTTP GET /js/site.js responded 200 in 0.9570 ms
2026-06-30 13:00:10.500 +03:00 [INF] HTTP GET /lib/bootstrap/dist/js/bootstrap.bundle.min.js responded 200 in 1.4369 ms
2026-06-30 13:00:12.529 +03:00 [INF] HTTP GET /Inventory/Products responded 200 in 60.6043 ms
2026-06-30 13:00:12.571 +03:00 [INF] HTTP GET /lib/bootstrap/dist/css/bootstrap.min.css responded 304 in 0.5241 ms
2026-06-30 13:00:12.584 +03:00 [INF] HTTP GET /css/site.css responded 304 in 1.7846 ms
2026-06-30 13:00:12.586 +03:00 [INF] HTTP GET /Biktal.WebMVC.styles.css responded 304 in 1.4774 ms
2026-06-30 13:00:13.345 +03:00 [INF] HTTP GET /lib/jquery/dist/jquery.min.js responded 304 in 0.2566 ms
2026-06-30 13:00:13.367 +03:00 [INF] HTTP GET /lib/bootstrap/dist/js/bootstrap.bundle.min.js responded 304 in 0.4125 ms
2026-06-30 13:00:13.367 +03:00 [INF] HTTP GET /js/site.js responded 304 in 0.3376 ms
2026-06-30 13:00:13.370 +03:00 [INF] HTTP GET /lib/jquery-validation/dist/jquery.validate.min.js responded 200 in 1.3357 ms
2026-06-30 13:00:13.371 +03:00 [INF] HTTP GET /js/products-catalog-filter.js responded 200 in 0.8755 ms
2026-06-30 13:00:13.371 +03:00 [INF] HTTP GET /lib/jquery-validation-unobtrusive/dist/jquery.validate.unobtrusive.min.js responded 200 in 1.0013 ms
2026-06-30 13:20:32.515 +03:00 [INF] Application is shutting down...
2026-06-30 13:50:42.138 +03:00 [ERR] Failed executing DbCommand (7ms) [Parameters=[@p0='?' (DbType = Guid), @p1='?' (DbType = DateTime), @p2='?' (DbType = Guid), @p3='?', @p4='?' (DbType = DateTime), @p5='?' (DbType = Int32), @p6='?' (DbType = Int32), @p7='?', @p8='?', @p9='?' (DbType = Guid), @p10='?' (DbType = DateTime), @p11='?' (DbType = Guid), @p12='?', @p13='?' (DbType = DateTime), @p14='?' (DbType = Int32), @p15='?' (DbType = Int32), @p16='?', @p17='?'], CommandType='"Text"', CommandTimeout='30']
INSERT INTO "CrmSupportTickets" ("Id", "CreatedAtUtc", "CustomerId", "Description", "ModifiedAtUtc", "Priority", "Status", "Subject", "TicketNumber")
VALUES (@p0, @p1, @p2, @p3, @p4, @p5, @p6, @p7, @p8);
INSERT INTO "CrmSupportTickets" ("Id", "CreatedAtUtc", "CustomerId", "Description", "ModifiedAtUtc", "Priority", "Status", "Subject", "TicketNumber")
VALUES (@p9, @p10, @p11, @p12, @p13, @p14, @p15, @p16, @p17);
2026-06-30 13:50:42.221 +03:00 [ERR] An exception occurred in the database while saving changes for context type 'Biktal.Infrastructure.Persistence.ApplicationDbContext'.
Microsoft.EntityFrameworkCore.DbUpdateException: An error occurred while saving the entity changes. See the inner exception for details.
 ---> Npgsql.PostgresException (0x80004005): 23503: insert or update on table "CrmSupportTickets" violates foreign key constraint "FK_CrmSupportTickets_CrmCustomers_CustomerId"

DETAIL: Detail redacted as it may contain sensitive data. Specify 'Include Error Detail' in the connection string to include this information.
   at Npgsql.Internal.NpgsqlConnector.ReadMessageLong(Boolean async, DataRowLoadingMode dataRowLoadingMode, Boolean readingNotifications, Boolean isReadingPrependedMessage)
   at System.Runtime.CompilerServices.PoolingAsyncValueTaskMethodBuilder`1.StateMachineBox`1.System.Threading.Tasks.Sources.IValueTaskSource<TResult>.GetResult(Int16 token)
   at Npgsql.NpgsqlDataReader.NextResult(Boolean async, Boolean isConsuming, CancellationToken cancellationToken)
   at Npgsql.NpgsqlDataReader.NextResult(Boolean async, Boolean isConsuming, CancellationToken cancellationToken)
   at Npgsql.NpgsqlCommand.ExecuteReader(Boolean async, CommandBehavior behavior, CancellationToken cancellationToken)
   at Npgsql.NpgsqlCommand.ExecuteReader(Boolean async, CommandBehavior behavior, CancellationToken cancellationToken)
   at Npgsql.NpgsqlCommand.ExecuteDbDataReaderAsync(CommandBehavior behavior, CancellationToken cancellationToken)
   at Microsoft.EntityFrameworkCore.Storage.RelationalCommand.ExecuteReaderAsync(RelationalCommandParameterObject parameterObject, CancellationToken cancellationToken)
   at Microsoft.EntityFrameworkCore.Storage.RelationalCommand.ExecuteReaderAsync(RelationalCommandParameterObject parameterObject, CancellationToken cancellationToken)
   at Microsoft.EntityFrameworkCore.Update.ReaderModificationCommandBatch.ExecuteAsync(IRelationalConnection connection, CancellationToken cancellationToken)
  Exception data:
    Severity: ERROR
    SqlState: 23503
    MessageText: insert or update on table "CrmSupportTickets" violates foreign key constraint "FK_CrmSupportTickets_CrmCustomers_CustomerId"
    Detail: Detail redacted as it may contain sensitive data. Specify 'Include Error Detail' in the connection string to include this information.
    SchemaName: public
    TableName: CrmSupportTickets
    ConstraintName: FK_CrmSupportTickets_CrmCustomers_CustomerId
    File: ri_triggers.c
    Line: 2783
    Routine: ri_ReportViolation
   --- End of inner exception stack trace ---
   at Microsoft.EntityFrameworkCore.Update.ReaderModificationCommandBatch.ExecuteAsync(IRelationalConnection connection, CancellationToken cancellationToken)
   at Microsoft.EntityFrameworkCore.Update.Internal.BatchExecutor.ExecuteAsync(IEnumerable`1 commandBatches, IRelationalConnection connection, CancellationToken cancellationToken)
   at Microsoft.EntityFrameworkCore.Update.Internal.BatchExecutor.ExecuteAsync(IEnumerable`1 commandBatches, IRelationalConnection connection, CancellationToken cancellationToken)
   at Microsoft.EntityFrameworkCore.Update.Internal.BatchExecutor.ExecuteAsync(IEnumerable`1 commandBatches, IRelationalConnection connection, CancellationToken cancellationToken)
   at Microsoft.EntityFrameworkCore.Storage.RelationalDatabase.SaveChangesAsync(IList`1 entries, CancellationToken cancellationToken)
   at Microsoft.EntityFrameworkCore.ChangeTracking.Internal.StateManager.SaveChangesAsync(IList`1 entriesToSave, CancellationToken cancellationToken)
   at Microsoft.EntityFrameworkCore.ChangeTracking.Internal.StateManager.SaveChangesAsync(StateManager stateManager, Boolean acceptAllChangesOnSuccess, CancellationToken cancellationToken)
   at Npgsql.EntityFrameworkCore.PostgreSQL.Storage.Internal.NpgsqlExecutionStrategy.ExecuteAsync[TState,TResult](TState state, Func`4 operation, Func`4 verifySucceeded, CancellationToken cancellationToken)
   at Microsoft.EntityFrameworkCore.DbContext.SaveChangesAsync(Boolean acceptAllChangesOnSuccess, CancellationToken cancellationToken)
Microsoft.EntityFrameworkCore.DbUpdateException: An error occurred while saving the entity changes. See the inner exception for details.
 ---> Npgsql.PostgresException (0x80004005): 23503: insert or update on table "CrmSupportTickets" violates foreign key constraint "FK_CrmSupportTickets_CrmCustomers_CustomerId"

DETAIL: Detail redacted as it may contain sensitive data. Specify 'Include Error Detail' in the connection string to include this information.
   at Npgsql.Internal.NpgsqlConnector.ReadMessageLong(Boolean async, DataRowLoadingMode dataRowLoadingMode, Boolean readingNotifications, Boolean isReadingPrependedMessage)
   at System.Runtime.CompilerServices.PoolingAsyncValueTaskMethodBuilder`1.StateMachineBox`1.System.Threading.Tasks.Sources.IValueTaskSource<TResult>.GetResult(Int16 token)
   at Npgsql.NpgsqlDataReader.NextResult(Boolean async, Boolean isConsuming, CancellationToken cancellationToken)
   at Npgsql.NpgsqlDataReader.NextResult(Boolean async, Boolean isConsuming, CancellationToken cancellationToken)
   at Npgsql.NpgsqlCommand.ExecuteReader(Boolean async, CommandBehavior behavior, CancellationToken cancellationToken)
   at Npgsql.NpgsqlCommand.ExecuteReader(Boolean async, CommandBehavior behavior, CancellationToken cancellationToken)
   at Npgsql.NpgsqlCommand.ExecuteDbDataReaderAsync(CommandBehavior behavior, CancellationToken cancellationToken)
   at Microsoft.EntityFrameworkCore.Storage.RelationalCommand.ExecuteReaderAsync(RelationalCommandParameterObject parameterObject, CancellationToken cancellationToken)
   at Microsoft.EntityFrameworkCore.Storage.RelationalCommand.ExecuteReaderAsync(RelationalCommandParameterObject parameterObject, CancellationToken cancellationToken)
   at Microsoft.EntityFrameworkCore.Update.ReaderModificationCommandBatch.ExecuteAsync(IRelationalConnection connection, CancellationToken cancellationToken)
  Exception data:
    Severity: ERROR
    SqlState: 23503
    MessageText: insert or update on table "CrmSupportTickets" violates foreign key constraint "FK_CrmSupportTickets_CrmCustomers_CustomerId"
    Detail: Detail redacted as it may contain sensitive data. Specify 'Include Error Detail' in the connection string to include this information.
    SchemaName: public
    TableName: CrmSupportTickets
    ConstraintName: FK_CrmSupportTickets_CrmCustomers_CustomerId
    File: ri_triggers.c
    Line: 2783
    Routine: ri_ReportViolation
   --- End of inner exception stack trace ---
   at Microsoft.EntityFrameworkCore.Update.ReaderModificationCommandBatch.ExecuteAsync(IRelationalConnection connection, CancellationToken cancellationToken)
   at Microsoft.EntityFrameworkCore.Update.Internal.BatchExecutor.ExecuteAsync(IEnumerable`1 commandBatches, IRelationalConnection connection, CancellationToken cancellationToken)
   at Microsoft.EntityFrameworkCore.Update.Internal.BatchExecutor.ExecuteAsync(IEnumerable`1 commandBatches, IRelationalConnection connection, CancellationToken cancellationToken)
   at Microsoft.EntityFrameworkCore.Update.Internal.BatchExecutor.ExecuteAsync(IEnumerable`1 commandBatches, IRelationalConnection connection, CancellationToken cancellationToken)
   at Microsoft.EntityFrameworkCore.Storage.RelationalDatabase.SaveChangesAsync(IList`1 entries, CancellationToken cancellationToken)
   at Microsoft.EntityFrameworkCore.ChangeTracking.Internal.StateManager.SaveChangesAsync(IList`1 entriesToSave, CancellationToken cancellationToken)
   at Microsoft.EntityFrameworkCore.ChangeTracking.Internal.StateManager.SaveChangesAsync(StateManager stateManager, Boolean acceptAllChangesOnSuccess, CancellationToken cancellationToken)
   at Npgsql.EntityFrameworkCore.PostgreSQL.Storage.Internal.NpgsqlExecutionStrategy.ExecuteAsync[TState,TResult](TState state, Func`4 operation, Func`4 verifySucceeded, CancellationToken cancellationToken)
   at Microsoft.EntityFrameworkCore.DbContext.SaveChangesAsync(Boolean acceptAllChangesOnSuccess, CancellationToken cancellationToken)
2026-06-30 13:50:42.227 +03:00 [ERR] Database migration or seed failed. Check PostgreSQL is running and ConnectionStrings:DefaultConnection is correct.
Microsoft.EntityFrameworkCore.DbUpdateException: An error occurred while saving the entity changes. See the inner exception for details.
 ---> Npgsql.PostgresException (0x80004005): 23503: insert or update on table "CrmSupportTickets" violates foreign key constraint "FK_CrmSupportTickets_CrmCustomers_CustomerId"

DETAIL: Detail redacted as it may contain sensitive data. Specify 'Include Error Detail' in the connection string to include this information.
   at Npgsql.Internal.NpgsqlConnector.ReadMessageLong(Boolean async, DataRowLoadingMode dataRowLoadingMode, Boolean readingNotifications, Boolean isReadingPrependedMessage)
   at System.Runtime.CompilerServices.PoolingAsyncValueTaskMethodBuilder`1.StateMachineBox`1.System.Threading.Tasks.Sources.IValueTaskSource<TResult>.GetResult(Int16 token)
   at Npgsql.NpgsqlDataReader.NextResult(Boolean async, Boolean isConsuming, CancellationToken cancellationToken)
   at Npgsql.NpgsqlDataReader.NextResult(Boolean async, Boolean isConsuming, CancellationToken cancellationToken)
   at Npgsql.NpgsqlCommand.ExecuteReader(Boolean async, CommandBehavior behavior, CancellationToken cancellationToken)
   at Npgsql.NpgsqlCommand.ExecuteReader(Boolean async, CommandBehavior behavior, CancellationToken cancellationToken)
   at Npgsql.NpgsqlCommand.ExecuteDbDataReaderAsync(CommandBehavior behavior, CancellationToken cancellationToken)
   at Microsoft.EntityFrameworkCore.Storage.RelationalCommand.ExecuteReaderAsync(RelationalCommandParameterObject parameterObject, CancellationToken cancellationToken)
   at Microsoft.EntityFrameworkCore.Storage.RelationalCommand.ExecuteReaderAsync(RelationalCommandParameterObject parameterObject, CancellationToken cancellationToken)
   at Microsoft.EntityFrameworkCore.Update.ReaderModificationCommandBatch.ExecuteAsync(IRelationalConnection connection, CancellationToken cancellationToken)
  Exception data:
    Severity: ERROR
    SqlState: 23503
    MessageText: insert or update on table "CrmSupportTickets" violates foreign key constraint "FK_CrmSupportTickets_CrmCustomers_CustomerId"
    Detail: Detail redacted as it may contain sensitive data. Specify 'Include Error Detail' in the connection string to include this information.
    SchemaName: public
    TableName: CrmSupportTickets
    ConstraintName: FK_CrmSupportTickets_CrmCustomers_CustomerId
    File: ri_triggers.c
    Line: 2783
    Routine: ri_ReportViolation
   --- End of inner exception stack trace ---
   at Microsoft.EntityFrameworkCore.Update.ReaderModificationCommandBatch.ExecuteAsync(IRelationalConnection connection, CancellationToken cancellationToken)
   at Microsoft.EntityFrameworkCore.Update.Internal.BatchExecutor.ExecuteAsync(IEnumerable`1 commandBatches, IRelationalConnection connection, CancellationToken cancellationToken)
   at Microsoft.EntityFrameworkCore.Update.Internal.BatchExecutor.ExecuteAsync(IEnumerable`1 commandBatches, IRelationalConnection connection, CancellationToken cancellationToken)
   at Microsoft.EntityFrameworkCore.Update.Internal.BatchExecutor.ExecuteAsync(IEnumerable`1 commandBatches, IRelationalConnection connection, CancellationToken cancellationToken)
   at Microsoft.EntityFrameworkCore.Storage.RelationalDatabase.SaveChangesAsync(IList`1 entries, CancellationToken cancellationToken)
   at Microsoft.EntityFrameworkCore.ChangeTracking.Internal.StateManager.SaveChangesAsync(IList`1 entriesToSave, CancellationToken cancellationToken)
   at Microsoft.EntityFrameworkCore.ChangeTracking.Internal.StateManager.SaveChangesAsync(StateManager stateManager, Boolean acceptAllChangesOnSuccess, CancellationToken cancellationToken)
   at Npgsql.EntityFrameworkCore.PostgreSQL.Storage.Internal.NpgsqlExecutionStrategy.ExecuteAsync[TState,TResult](TState state, Func`4 operation, Func`4 verifySucceeded, CancellationToken cancellationToken)
   at Microsoft.EntityFrameworkCore.DbContext.SaveChangesAsync(Boolean acceptAllChangesOnSuccess, CancellationToken cancellationToken)
   at Microsoft.EntityFrameworkCore.DbContext.SaveChangesAsync(Boolean acceptAllChangesOnSuccess, CancellationToken cancellationToken)
   at Biktal.Infrastructure.Persistence.CrmDataSeeder.SeedIfEmptyAsync(ApplicationDbContext db, CancellationToken cancellationToken)
   at Program.<Main>$(String[] args) in d:\Systems\BiktalSystems\Program.cs:line 71
2026-06-30 13:50:42.232 +03:00 [WRN] Continuing without a successful migration/seed. Auth and data pages may fail until the database is available.
2026-06-30 13:50:42.263 +03:00 [WRN] Using an in-memory repository. Keys will not be persisted to storage.
2026-06-30 13:50:42.264 +03:00 [WRN] Neither user profile nor HKLM registry available. Using an ephemeral key repository. Protected data will be unavailable when application exits.
2026-06-30 13:50:42.299 +03:00 [WRN] No XML encryptor configured. Key {0ca89150-dc2e-4fb0-a2cf-4f95e6d8c6e0} may be persisted to storage in unencrypted form.
2026-06-30 13:50:42.362 +03:00 [INF] Application started. Press Ctrl+C to shut down.
2026-06-30 13:50:42.362 +03:00 [INF] Hosting environment: Production
2026-06-30 13:50:42.362 +03:00 [INF] Content root path: D:\Systems\BiktalSystems\publish
2026-06-30 13:50:42.480 +03:00 [INF] HTTP GET /Pos responded 302 in 95.8336 ms
2026-06-30 13:50:42.480 +03:00 [INF] HTTP GET /Pos responded 302 in 95.3783 ms
2026-06-30 13:50:42.635 +03:00 [ERR] An exception was thrown while deserializing the token.
Microsoft.AspNetCore.Antiforgery.AntiforgeryValidationException: The antiforgery token could not be decrypted.
 ---> System.Security.Cryptography.CryptographicException: The key {0df5e126-dc8a-46f4-998a-fcd73d41b522} was not found in the key ring. For more information go to https://aka.ms/aspnet/dataprotectionwarning
   at Microsoft.AspNetCore.DataProtection.KeyManagement.KeyRingBasedDataProtector.UnprotectCore(Byte[] protectedData, Boolean allowOperationsOnRevokedKeys, UnprotectStatus& status)
   at Microsoft.AspNetCore.DataProtection.KeyManagement.KeyRingBasedDataProtector.Unprotect(Byte[] protectedData)
   at Microsoft.AspNetCore.Antiforgery.DefaultAntiforgeryTokenSerializer.Deserialize(String serializedToken)
   --- End of inner exception stack trace ---
   at Microsoft.AspNetCore.Antiforgery.DefaultAntiforgeryTokenSerializer.Deserialize(String serializedToken)
   at Microsoft.AspNetCore.Antiforgery.DefaultAntiforgery.GetCookieTokenDoesNotThrow(HttpContext httpContext)
2026-06-30 13:50:42.733 +03:00 [INF] HTTP GET /Account/Login responded 200 in 232.7529 ms
2026-06-30 13:50:42.917 +03:00 [INF] HTTP GET /css/site.css responded 200 in 114.6523 ms
2026-06-30 13:50:42.918 +03:00 [INF] HTTP GET /Biktal.WebMVC.styles.css responded 200 in 94.6194 ms
2026-06-30 13:50:42.918 +03:00 [INF] HTTP GET /js/site.js responded 200 in 100.9736 ms
2026-06-30 13:50:42.918 +03:00 [INF] HTTP GET /lib/jquery-validation/dist/jquery.validate.min.js responded 200 in 100.2047 ms
2026-06-30 13:50:42.918 +03:00 [INF] HTTP GET /lib/bootstrap/dist/js/bootstrap.bundle.min.js responded 200 in 105.3625 ms
2026-06-30 13:50:42.919 +03:00 [INF] HTTP GET /lib/bootstrap/dist/css/bootstrap.min.css responded 200 in 97.5086 ms
2026-06-30 13:50:42.919 +03:00 [INF] HTTP GET /lib/jquery/dist/jquery.min.js responded 200 in 60.3996 ms
2026-06-30 13:50:42.918 +03:00 [INF] HTTP GET /lib/jquery-validation-unobtrusive/dist/jquery.validate.unobtrusive.min.js responded 200 in 100.1027 ms
2026-06-30 13:51:07.248 +03:00 [INF] HTTP POST /Account/Login responded 302 in 598.2830 ms
2026-06-30 13:51:07.300 +03:00 [WRN] The query uses the 'First'/'FirstOrDefault' operator without 'OrderBy' and filter operators. This may lead to unpredictable results.
2026-06-30 13:51:07.365 +03:00 [INF] HTTP GET /Pos responded 200 in 110.3462 ms
2026-06-30 13:51:07.446 +03:00 [INF] HTTP GET /lib/bootstrap/dist/css/bootstrap.min.css responded 304 in 28.9528 ms
2026-06-30 13:51:07.446 +03:00 [INF] HTTP GET /Biktal.WebMVC.styles.css responded 304 in 10.1545 ms
2026-06-30 13:51:07.479 +03:00 [INF] HTTP GET /css/site.css responded 304 in 29.4228 ms
2026-06-30 13:51:07.480 +03:00 [INF] HTTP GET /lib/jquery/dist/jquery.min.js responded 304 in 24.9047 ms
2026-06-30 13:51:07.495 +03:00 [INF] HTTP GET /js/site.js responded 304 in 24.7155 ms
2026-06-30 13:51:07.496 +03:00 [INF] HTTP GET /js/pos.js responded 200 in 10.7417 ms
2026-06-30 13:51:07.655 +03:00 [INF] HTTP GET /lib/bootstrap/dist/js/bootstrap.bundle.min.js responded 304 in 207.6636 ms
2026-06-30 13:59:05.787 +03:00 [INF] HTTP POST /Pos/CompleteSale responded 200 in 751.5268 ms
2026-06-30 14:10:20.241 +03:00 [INF] HTTP GET /Inventory responded 200 in 233.0770 ms
2026-06-30 14:10:20.314 +03:00 [INF] HTTP GET /css/site.css responded 200 in 1.3753 ms
2026-06-30 14:10:20.316 +03:00 [INF] HTTP GET /lib/bootstrap/dist/js/bootstrap.bundle.min.js responded 200 in 1.3531 ms
2026-06-30 14:10:20.319 +03:00 [INF] HTTP GET /js/site.js responded 200 in 2.7958 ms
2026-06-30 14:10:20.327 +03:00 [INF] HTTP GET /lib/bootstrap/dist/css/bootstrap.min.css responded 200 in 7.7862 ms
2026-06-30 14:10:20.331 +03:00 [INF] HTTP GET /Biktal.WebMVC.styles.css responded 200 in 1.9432 ms
2026-06-30 14:10:20.341 +03:00 [INF] HTTP GET /lib/jquery/dist/jquery.min.js responded 200 in 5.7279 ms
2026-06-30 14:10:22.779 +03:00 [INF] HTTP GET /Inventory/Products responded 200 in 386.4413 ms
2026-06-30 14:10:22.818 +03:00 [INF] HTTP GET /lib/bootstrap/dist/css/bootstrap.min.css responded 304 in 1.8648 ms
2026-06-30 14:10:22.820 +03:00 [INF] HTTP GET /Biktal.WebMVC.styles.css responded 304 in 0.8008 ms
2026-06-30 14:10:22.820 +03:00 [INF] HTTP GET /css/site.css responded 304 in 3.8259 ms
2026-06-30 14:10:23.633 +03:00 [INF] HTTP GET /lib/jquery/dist/jquery.min.js responded 304 in 0.6507 ms
2026-06-30 14:10:23.663 +03:00 [INF] HTTP GET /lib/bootstrap/dist/js/bootstrap.bundle.min.js responded 304 in 1.0598 ms
2026-06-30 14:10:23.666 +03:00 [INF] HTTP GET /js/site.js responded 304 in 1.8095 ms
2026-06-30 14:10:23.681 +03:00 [INF] HTTP GET /js/products-catalog-filter.js responded 200 in 2.1874 ms
2026-06-30 14:10:23.683 +03:00 [INF] HTTP GET /lib/jquery-validation-unobtrusive/dist/jquery.validate.unobtrusive.min.js responded 200 in 13.8745 ms
2026-06-30 14:10:23.692 +03:00 [INF] HTTP GET /lib/jquery-validation/dist/jquery.validate.min.js responded 200 in 25.8832 ms
2026-06-30 14:15:11.397 +03:00 [INF] HTTP POST /Inventory/AddProduct responded 302 in 66.2219 ms
2026-06-30 14:15:11.509 +03:00 [INF] HTTP GET /Inventory/Products responded 200 in 99.3143 ms
2026-06-30 14:15:11.632 +03:00 [INF] HTTP GET /css/site.css responded 200 in 2.2286 ms
2026-06-30 14:15:11.638 +03:00 [INF] HTTP GET /lib/bootstrap/dist/css/bootstrap.min.css responded 200 in 1.3125 ms
2026-06-30 14:15:11.640 +03:00 [INF] HTTP GET /Biktal.WebMVC.styles.css responded 200 in 1.3402 ms
2026-06-30 14:15:12.868 +03:00 [INF] HTTP GET /lib/jquery/dist/jquery.min.js responded 200 in 2.3265 ms
2026-06-30 14:15:12.888 +03:00 [INF] HTTP GET /js/site.js responded 200 in 1.1283 ms
2026-06-30 14:15:12.888 +03:00 [INF] HTTP GET /lib/bootstrap/dist/js/bootstrap.bundle.min.js responded 200 in 1.0393 ms
2026-06-30 14:15:12.890 +03:00 [INF] HTTP GET /lib/jquery-validation-unobtrusive/dist/jquery.validate.unobtrusive.min.js responded 200 in 1.5340 ms
2026-06-30 14:15:12.890 +03:00 [INF] HTTP GET /js/products-catalog-filter.js responded 200 in 2.0929 ms
2026-06-30 14:15:12.893 +03:00 [INF] HTTP GET /lib/jquery-validation/dist/jquery.validate.min.js responded 200 in 1.2628 ms
2026-06-30 14:18:22.395 +03:00 [INF] HTTP POST /Inventory/AddProduct responded 302 in 162.7572 ms
2026-06-30 14:18:22.496 +03:00 [INF] HTTP GET /Inventory/Products responded 200 in 84.8240 ms
2026-06-30 14:18:22.606 +03:00 [INF] HTTP GET /lib/bootstrap/dist/css/bootstrap.min.css responded 200 in 7.4295 ms
2026-06-30 14:18:22.610 +03:00 [INF] HTTP GET /css/site.css responded 200 in 2.4053 ms
2026-06-30 14:18:22.614 +03:00 [INF] HTTP GET /Biktal.WebMVC.styles.css responded 200 in 2.1207 ms
2026-06-30 14:18:23.763 +03:00 [INF] HTTP GET /lib/jquery/dist/jquery.min.js responded 200 in 0.9312 ms
2026-06-30 14:18:23.782 +03:00 [INF] HTTP GET /js/site.js responded 200 in 1.2054 ms
2026-06-30 14:18:23.782 +03:00 [INF] HTTP GET /lib/bootstrap/dist/js/bootstrap.bundle.min.js responded 200 in 1.6780 ms
2026-06-30 14:18:23.786 +03:00 [INF] HTTP GET /lib/jquery-validation/dist/jquery.validate.min.js responded 200 in 3.7844 ms
2026-06-30 14:18:23.790 +03:00 [INF] HTTP GET /lib/jquery-validation-unobtrusive/dist/jquery.validate.unobtrusive.min.js responded 200 in 3.4305 ms
2026-06-30 14:18:23.797 +03:00 [INF] HTTP GET /js/products-catalog-filter.js responded 200 in 0.8763 ms
2026-06-30 14:19:07.614 +03:00 [INF] HTTP GET /Inventory/Products responded 200 in 125.6698 ms
2026-06-30 14:19:07.696 +03:00 [INF] HTTP GET /css/site.css responded 200 in 5.7609 ms
2026-06-30 14:19:07.703 +03:00 [INF] HTTP GET /lib/bootstrap/dist/css/bootstrap.min.css responded 200 in 6.7213 ms
2026-06-30 14:19:07.706 +03:00 [INF] HTTP GET /Biktal.WebMVC.styles.css responded 200 in 2.4646 ms
2026-06-30 14:19:08.530 +03:00 [INF] HTTP GET /lib/jquery/dist/jquery.min.js responded 304 in 0.7405 ms
2026-06-30 14:19:08.555 +03:00 [INF] HTTP GET /lib/bootstrap/dist/js/bootstrap.bundle.min.js responded 304 in 3.4525 ms
2026-06-30 14:19:08.555 +03:00 [INF] HTTP GET /js/site.js responded 304 in 0.5992 ms
2026-06-30 14:19:08.556 +03:00 [INF] HTTP GET /lib/jquery-validation-unobtrusive/dist/jquery.validate.unobtrusive.min.js responded 304 in 0.4980 ms
2026-06-30 14:19:08.565 +03:00 [INF] HTTP GET /js/products-catalog-filter.js responded 304 in 0.6890 ms
2026-06-30 14:19:08.573 +03:00 [INF] HTTP GET /lib/jquery-validation/dist/jquery.validate.min.js responded 304 in 0.8878 ms
2026-06-30 14:19:32.695 +03:00 [INF] HTTP POST /Inventory/EditProduct responded 302 in 49.4238 ms
2026-06-30 14:19:32.764 +03:00 [INF] HTTP GET /Inventory/Products responded 200 in 59.1106 ms
2026-06-30 14:19:32.880 +03:00 [INF] HTTP GET /lib/bootstrap/dist/css/bootstrap.min.css responded 200 in 1.7793 ms
2026-06-30 14:19:32.885 +03:00 [INF] HTTP GET /css/site.css responded 200 in 1.3994 ms
2026-06-30 14:19:32.891 +03:00 [INF] HTTP GET /Biktal.WebMVC.styles.css responded 200 in 1.3707 ms
2026-06-30 14:19:33.743 +03:00 [INF] HTTP GET /lib/jquery/dist/jquery.min.js responded 304 in 0.3528 ms
2026-06-30 14:19:33.765 +03:00 [INF] HTTP GET /js/site.js responded 304 in 0.4601 ms
2026-06-30 14:19:33.766 +03:00 [INF] HTTP GET /lib/bootstrap/dist/js/bootstrap.bundle.min.js responded 304 in 0.8973 ms
2026-06-30 14:19:33.766 +03:00 [INF] HTTP GET /lib/jquery-validation/dist/jquery.validate.min.js responded 304 in 0.4812 ms
2026-06-30 14:19:33.769 +03:00 [INF] HTTP GET /lib/jquery-validation-unobtrusive/dist/jquery.validate.unobtrusive.min.js responded 304 in 2.7821 ms
2026-06-30 14:19:33.772 +03:00 [INF] HTTP GET /js/products-catalog-filter.js responded 304 in 2.1980 ms
2026-06-30 14:19:41.363 +03:00 [INF] HTTP GET /Inventory/Products responded 200 in 56.2360 ms
2026-06-30 14:19:41.419 +03:00 [INF] HTTP GET /lib/bootstrap/dist/css/bootstrap.min.css responded 304 in 0.9572 ms
2026-06-30 14:19:41.426 +03:00 [INF] HTTP GET /css/site.css responded 304 in 0.4634 ms
2026-06-30 14:19:41.427 +03:00 [INF] HTTP GET /Biktal.WebMVC.styles.css responded 304 in 0.7692 ms
2026-06-30 14:19:42.382 +03:00 [INF] HTTP GET /lib/jquery/dist/jquery.min.js responded 304 in 0.4051 ms
2026-06-30 14:19:42.402 +03:00 [INF] HTTP GET /lib/bootstrap/dist/js/bootstrap.bundle.min.js responded 304 in 0.6033 ms
2026-06-30 14:19:42.405 +03:00 [INF] HTTP GET /js/site.js responded 304 in 2.4112 ms
2026-06-30 14:19:42.405 +03:00 [INF] HTTP GET /lib/jquery-validation/dist/jquery.validate.min.js responded 304 in 0.4040 ms
2026-06-30 14:19:42.408 +03:00 [INF] HTTP GET /lib/jquery-validation-unobtrusive/dist/jquery.validate.unobtrusive.min.js responded 304 in 1.0858 ms
2026-06-30 14:19:42.410 +03:00 [INF] HTTP GET /js/products-catalog-filter.js responded 304 in 0.5779 ms
2026-06-30 14:20:00.933 +03:00 [INF] HTTP POST /Inventory/EditProduct responded 302 in 14.4989 ms
2026-06-30 14:20:01.024 +03:00 [INF] HTTP GET /Inventory/Products responded 200 in 84.0493 ms
2026-06-30 14:20:01.092 +03:00 [INF] HTTP GET /lib/bootstrap/dist/css/bootstrap.min.css responded 200 in 2.1580 ms
2026-06-30 14:20:01.095 +03:00 [INF] HTTP GET /Biktal.WebMVC.styles.css responded 304 in 0.6091 ms
2026-06-30 14:20:01.100 +03:00 [INF] HTTP GET /css/site.css responded 304 in 0.7532 ms
2026-06-30 14:20:01.941 +03:00 [INF] HTTP GET /lib/jquery/dist/jquery.min.js responded 304 in 0.2989 ms
2026-06-30 14:20:01.960 +03:00 [INF] HTTP GET /js/site.js responded 304 in 0.3111 ms
2026-06-30 14:20:01.960 +03:00 [INF] HTTP GET /lib/bootstrap/dist/js/bootstrap.bundle.min.js responded 304 in 0.6785 ms
2026-06-30 14:20:01.961 +03:00 [INF] HTTP GET /lib/jquery-validation-unobtrusive/dist/jquery.validate.unobtrusive.min.js responded 304 in 0.3460 ms
2026-06-30 14:20:01.961 +03:00 [INF] HTTP GET /js/products-catalog-filter.js responded 304 in 0.5703 ms
2026-06-30 14:20:01.961 +03:00 [INF] HTTP GET /lib/jquery-validation/dist/jquery.validate.min.js responded 304 in 0.9344 ms
2026-06-30 14:20:11.253 +03:00 [INF] HTTP GET /Inventory/Products responded 200 in 63.1752 ms
2026-06-30 14:20:11.290 +03:00 [INF] HTTP GET /lib/bootstrap/dist/css/bootstrap.min.css responded 304 in 0.3700 ms
2026-06-30 14:20:11.309 +03:00 [INF] HTTP GET /css/site.css responded 304 in 0.4322 ms
2026-06-30 14:20:11.312 +03:00 [INF] HTTP GET /Biktal.WebMVC.styles.css responded 304 in 3.0646 ms
2026-06-30 14:20:12.332 +03:00 [INF] HTTP GET /lib/jquery/dist/jquery.min.js responded 304 in 0.8817 ms
2026-06-30 14:20:12.353 +03:00 [INF] HTTP GET /js/site.js responded 304 in 0.3172 ms
2026-06-30 14:20:12.353 +03:00 [INF] HTTP GET /lib/bootstrap/dist/js/bootstrap.bundle.min.js responded 304 in 0.3771 ms
2026-06-30 14:20:12.353 +03:00 [INF] HTTP GET /lib/jquery-validation-unobtrusive/dist/jquery.validate.unobtrusive.min.js responded 304 in 0.2784 ms
2026-06-30 14:20:12.353 +03:00 [INF] HTTP GET /js/products-catalog-filter.js responded 304 in 0.2784 ms
2026-06-30 14:20:12.353 +03:00 [INF] HTTP GET /lib/jquery-validation/dist/jquery.validate.min.js responded 304 in 0.2824 ms
2026-06-30 14:20:24.065 +03:00 [INF] HTTP POST /Inventory/EditProduct responded 302 in 13.1974 ms
2026-06-30 14:20:24.123 +03:00 [INF] HTTP GET /Inventory/Products responded 200 in 50.3587 ms
2026-06-30 14:20:24.192 +03:00 [INF] HTTP GET /lib/bootstrap/dist/css/bootstrap.min.css responded 304 in 0.8575 ms
2026-06-30 14:20:24.193 +03:00 [INF] HTTP GET /Biktal.WebMVC.styles.css responded 304 in 0.4144 ms
2026-06-30 14:20:24.194 +03:00 [INF] HTTP GET /css/site.css responded 304 in 0.5715 ms
2026-06-30 14:20:25.277 +03:00 [INF] HTTP GET /lib/jquery/dist/jquery.min.js responded 304 in 0.2582 ms
2026-06-30 14:20:25.290 +03:00 [INF] HTTP GET /lib/bootstrap/dist/js/bootstrap.bundle.min.js responded 304 in 0.5716 ms
2026-06-30 14:20:25.291 +03:00 [INF] HTTP GET /js/site.js responded 304 in 0.4710 ms
2026-06-30 14:20:25.295 +03:00 [INF] HTTP GET /lib/jquery-validation/dist/jquery.validate.min.js responded 304 in 2.2825 ms
2026-06-30 14:20:25.295 +03:00 [INF] HTTP GET /lib/jquery-validation-unobtrusive/dist/jquery.validate.unobtrusive.min.js responded 304 in 0.3805 ms
2026-06-30 14:20:25.300 +03:00 [INF] HTTP GET /js/products-catalog-filter.js responded 304 in 0.3500 ms
2026-06-30 14:21:35.798 +03:00 [INF] HTTP GET /Inventory/Products responded 200 in 209.0357 ms
2026-06-30 14:21:35.915 +03:00 [INF] HTTP GET /css/site.css responded 200 in 1.1213 ms
2026-06-30 14:21:35.917 +03:00 [INF] HTTP GET /lib/bootstrap/dist/css/bootstrap.min.css responded 200 in 1.1367 ms
2026-06-30 14:21:35.927 +03:00 [INF] HTTP GET /Biktal.WebMVC.styles.css responded 200 in 1.5361 ms
2026-06-30 14:21:36.835 +03:00 [INF] HTTP GET /lib/jquery/dist/jquery.min.js responded 200 in 0.6880 ms
2026-06-30 14:21:36.851 +03:00 [INF] HTTP GET /lib/bootstrap/dist/js/bootstrap.bundle.min.js responded 200 in 1.3691 ms
2026-06-30 14:21:36.851 +03:00 [INF] HTTP GET /js/site.js responded 200 in 1.8041 ms
2026-06-30 14:21:36.853 +03:00 [INF] HTTP GET /lib/jquery-validation/dist/jquery.validate.min.js responded 200 in 2.0731 ms
2026-06-30 14:21:36.860 +03:00 [INF] HTTP GET /lib/jquery-validation-unobtrusive/dist/jquery.validate.unobtrusive.min.js responded 200 in 5.0892 ms
2026-06-30 14:21:36.862 +03:00 [INF] HTTP GET /js/products-catalog-filter.js responded 200 in 1.7421 ms
2026-06-30 14:23:56.735 +03:00 [INF] HTTP POST /Inventory/EditProduct responded 302 in 113.8389 ms
2026-06-30 14:23:56.822 +03:00 [INF] HTTP GET /Inventory/Products responded 200 in 72.5067 ms
2026-06-30 14:23:56.865 +03:00 [INF] HTTP GET /lib/bootstrap/dist/css/bootstrap.min.css responded 200 in 1.1074 ms
2026-06-30 14:23:56.869 +03:00 [INF] HTTP GET /css/site.css responded 200 in 1.1704 ms
2026-06-30 14:23:56.873 +03:00 [INF] HTTP GET /Biktal.WebMVC.styles.css responded 200 in 1.1257 ms
2026-06-30 14:23:58.100 +03:00 [INF] HTTP GET /lib/jquery/dist/jquery.min.js responded 200 in 0.6346 ms
2026-06-30 14:23:58.129 +03:00 [INF] HTTP GET /js/site.js responded 200 in 0.9108 ms
2026-06-30 14:23:58.129 +03:00 [INF] HTTP GET /lib/jquery-validation/dist/jquery.validate.min.js responded 200 in 0.9517 ms
2026-06-30 14:23:58.130 +03:00 [INF] HTTP GET /lib/jquery-validation-unobtrusive/dist/jquery.validate.unobtrusive.min.js responded 200 in 1.0175 ms
2026-06-30 14:23:58.130 +03:00 [INF] HTTP GET /lib/bootstrap/dist/js/bootstrap.bundle.min.js responded 200 in 1.3226 ms
2026-06-30 14:23:58.142 +03:00 [INF] HTTP GET /js/products-catalog-filter.js responded 200 in 0.8383 ms
2026-06-30 14:25:12.245 +03:00 [INF] HTTP POST /Inventory/AddProduct responded 302 in 18.4571 ms
2026-06-30 14:25:12.352 +03:00 [INF] HTTP GET /Inventory/Products responded 200 in 97.5739 ms
2026-06-30 14:25:12.391 +03:00 [INF] HTTP GET /lib/bootstrap/dist/css/bootstrap.min.css responded 200 in 1.5438 ms
2026-06-30 14:25:12.404 +03:00 [INF] HTTP GET /css/site.css responded 200 in 1.1479 ms
2026-06-30 14:25:12.418 +03:00 [INF] HTTP GET /Biktal.WebMVC.styles.css responded 200 in 2.7074 ms
2026-06-30 14:25:13.256 +03:00 [INF] HTTP GET /lib/jquery/dist/jquery.min.js responded 304 in 0.2721 ms
2026-06-30 14:25:13.282 +03:00 [INF] HTTP GET /lib/bootstrap/dist/js/bootstrap.bundle.min.js responded 304 in 0.9883 ms
2026-06-30 14:25:13.283 +03:00 [INF] HTTP GET /js/site.js responded 304 in 0.4284 ms
2026-06-30 14:25:13.285 +03:00 [INF] HTTP GET /lib/jquery-validation/dist/jquery.validate.min.js responded 304 in 0.4278 ms
2026-06-30 14:25:13.286 +03:00 [INF] HTTP GET /lib/jquery-validation-unobtrusive/dist/jquery.validate.unobtrusive.min.js responded 304 in 1.5750 ms
2026-06-30 14:25:13.290 +03:00 [INF] HTTP GET /js/products-catalog-filter.js responded 304 in 2.0070 ms
2026-06-30 14:25:14.274 +03:00 [INF] HTTP GET /Inventory/Categories responded 200 in 57.3854 ms
2026-06-30 14:25:14.375 +03:00 [INF] HTTP GET /lib/bootstrap/dist/css/bootstrap.min.css responded 304 in 1.4021 ms
2026-06-30 14:25:14.378 +03:00 [INF] HTTP GET /css/site.css responded 304 in 1.9120 ms
2026-06-30 14:25:14.381 +03:00 [INF] HTTP GET /lib/jquery/dist/jquery.min.js responded 304 in 0.4094 ms
2026-06-30 14:25:14.382 +03:00 [INF] HTTP GET /Biktal.WebMVC.styles.css responded 304 in 0.4878 ms
2026-06-30 14:25:14.386 +03:00 [INF] HTTP GET /lib/bootstrap/dist/js/bootstrap.bundle.min.js responded 304 in 0.4828 ms
2026-06-30 14:25:14.387 +03:00 [INF] HTTP GET /js/site.js responded 304 in 0.9968 ms
2026-06-30 14:25:14.392 +03:00 [INF] HTTP GET /lib/jquery-validation-unobtrusive/dist/jquery.validate.unobtrusive.min.js responded 304 in 0.3243 ms
2026-06-30 14:25:14.392 +03:00 [INF] HTTP GET /lib/jquery-validation/dist/jquery.validate.min.js responded 304 in 0.3243 ms
2026-06-30 14:25:17.322 +03:00 [INF] HTTP GET /Inventory/Brands responded 200 in 81.3851 ms
2026-06-30 14:25:17.378 +03:00 [INF] HTTP GET /lib/bootstrap/dist/css/bootstrap.min.css responded 304 in 0.4173 ms
2026-06-30 14:25:17.394 +03:00 [INF] HTTP GET /css/site.css responded 304 in 0.9519 ms
2026-06-30 14:25:17.395 +03:00 [INF] HTTP GET /Biktal.WebMVC.styles.css responded 304 in 0.7525 ms
2026-06-30 14:25:17.400 +03:00 [INF] HTTP GET /lib/jquery/dist/jquery.min.js responded 304 in 2.1989 ms
2026-06-30 14:25:17.404 +03:00 [INF] HTTP GET /lib/bootstrap/dist/js/bootstrap.bundle.min.js responded 304 in 1.0978 ms
2026-06-30 14:25:17.404 +03:00 [INF] HTTP GET /js/site.js responded 304 in 0.5277 ms
2026-06-30 14:25:17.404 +03:00 [INF] HTTP GET /lib/jquery-validation/dist/jquery.validate.min.js responded 304 in 0.3785 ms
2026-06-30 14:25:17.414 +03:00 [INF] HTTP GET /lib/jquery-validation-unobtrusive/dist/jquery.validate.unobtrusive.min.js responded 304 in 7.6693 ms
2026-06-30 14:25:31.575 +03:00 [INF] HTTP POST /Inventory/AddBrand responded 302 in 63.5178 ms
2026-06-30 14:25:31.591 +03:00 [INF] HTTP GET /Inventory/Brands responded 200 in 8.1161 ms
2026-06-30 14:25:31.660 +03:00 [INF] HTTP GET /lib/bootstrap/dist/css/bootstrap.min.css responded 200 in 3.8525 ms
2026-06-30 14:25:31.675 +03:00 [INF] HTTP GET /css/site.css responded 304 in 0.5505 ms
2026-06-30 14:25:31.677 +03:00 [INF] HTTP GET /lib/jquery/dist/jquery.min.js responded 304 in 0.9048 ms
2026-06-30 14:25:31.682 +03:00 [INF] HTTP GET /lib/bootstrap/dist/js/bootstrap.bundle.min.js responded 304 in 1.4598 ms
2026-06-30 14:25:31.683 +03:00 [INF] HTTP GET /js/site.js responded 304 in 0.7516 ms
2026-06-30 14:25:31.689 +03:00 [INF] HTTP GET /lib/jquery-validation/dist/jquery.validate.min.js responded 304 in 0.3722 ms
2026-06-30 14:25:31.690 +03:00 [INF] HTTP GET /lib/jquery-validation-unobtrusive/dist/jquery.validate.unobtrusive.min.js responded 304 in 0.2503 ms
2026-06-30 14:25:31.692 +03:00 [INF] HTTP GET /Biktal.WebMVC.styles.css responded 304 in 0.5488 ms
2026-06-30 14:25:38.082 +03:00 [INF] HTTP GET /Inventory/Import responded 200 in 17.2958 ms
2026-06-30 14:25:38.157 +03:00 [INF] HTTP GET /lib/bootstrap/dist/css/bootstrap.min.css responded 200 in 19.0432 ms
2026-06-30 14:25:38.165 +03:00 [INF] HTTP GET /css/site.css responded 304 in 0.9412 ms
2026-06-30 14:25:38.166 +03:00 [INF] HTTP GET /Biktal.WebMVC.styles.css responded 304 in 0.7910 ms
2026-06-30 14:25:38.171 +03:00 [INF] HTTP GET /lib/jquery/dist/jquery.min.js responded 304 in 0.4050 ms
2026-06-30 14:25:38.172 +03:00 [INF] HTTP GET /lib/bootstrap/dist/js/bootstrap.bundle.min.js responded 304 in 0.5906 ms
2026-06-30 14:25:38.174 +03:00 [INF] HTTP GET /js/site.js responded 304 in 0.6765 ms
2026-06-30 14:25:39.068 +03:00 [INF] HTTP GET /Inventory/Products responded 200 in 46.3177 ms
2026-06-30 14:25:39.123 +03:00 [INF] HTTP GET /lib/bootstrap/dist/css/bootstrap.min.css responded 200 in 0.9777 ms
2026-06-30 14:25:39.123 +03:00 [INF] HTTP GET /css/site.css responded 304 in 0.7271 ms
2026-06-30 14:25:39.126 +03:00 [INF] HTTP GET /Biktal.WebMVC.styles.css responded 304 in 0.7113 ms
2026-06-30 14:25:39.958 +03:00 [INF] HTTP GET /lib/jquery/dist/jquery.min.js responded 304 in 0.2994 ms
2026-06-30 14:25:39.984 +03:00 [INF] HTTP GET /lib/bootstrap/dist/js/bootstrap.bundle.min.js responded 304 in 0.4399 ms
2026-06-30 14:25:39.985 +03:00 [INF] HTTP GET /lib/jquery-validation/dist/jquery.validate.min.js responded 304 in 0.2373 ms
2026-06-30 14:25:39.985 +03:00 [INF] HTTP GET /js/site.js responded 304 in 0.5275 ms
2026-06-30 14:25:39.986 +03:00 [INF] HTTP GET /js/products-catalog-filter.js responded 304 in 0.5027 ms
2026-06-30 14:25:39.985 +03:00 [INF] HTTP GET /lib/jquery-validation-unobtrusive/dist/jquery.validate.unobtrusive.min.js responded 304 in 0.3275 ms
2026-06-30 14:25:57.547 +03:00 [INF] HTTP GET /Inventory/Products responded 200 in 78.2442 ms
2026-06-30 14:25:57.599 +03:00 [INF] HTTP GET /css/site.css responded 304 in 0.6520 ms
2026-06-30 14:25:57.605 +03:00 [INF] HTTP GET /lib/bootstrap/dist/css/bootstrap.min.css responded 200 in 3.2302 ms
2026-06-30 14:25:57.608 +03:00 [INF] HTTP GET /Biktal.WebMVC.styles.css responded 304 in 1.8675 ms
2026-06-30 14:25:58.328 +03:00 [INF] HTTP GET /lib/jquery/dist/jquery.min.js responded 304 in 0.3709 ms
2026-06-30 14:25:58.350 +03:00 [INF] HTTP GET /lib/bootstrap/dist/js/bootstrap.bundle.min.js responded 304 in 0.5117 ms
2026-06-30 14:25:58.350 +03:00 [INF] HTTP GET /js/site.js responded 304 in 0.2692 ms
2026-06-30 14:25:58.350 +03:00 [INF] HTTP GET /js/products-catalog-filter.js responded 304 in 0.3207 ms
2026-06-30 14:25:58.350 +03:00 [INF] HTTP GET /lib/jquery-validation/dist/jquery.validate.min.js responded 304 in 0.4439 ms
2026-06-30 14:25:58.352 +03:00 [INF] HTTP GET /lib/jquery-validation-unobtrusive/dist/jquery.validate.unobtrusive.min.js responded 304 in 0.4652 ms
2026-06-30 14:26:11.900 +03:00 [INF] HTTP POST /Inventory/EditProduct responded 302 in 20.8422 ms
2026-06-30 14:26:11.967 +03:00 [INF] HTTP GET /Inventory/Products responded 200 in 58.9983 ms
2026-06-30 14:26:12.063 +03:00 [INF] HTTP GET /lib/bootstrap/dist/css/bootstrap.min.css responded 304 in 0.4083 ms
2026-06-30 14:26:12.063 +03:00 [INF] HTTP GET /css/site.css responded 304 in 0.3758 ms
2026-06-30 14:26:12.068 +03:00 [INF] HTTP GET /Biktal.WebMVC.styles.css responded 304 in 4.9057 ms
2026-06-30 14:26:12.992 +03:00 [INF] HTTP GET /lib/jquery/dist/jquery.min.js responded 304 in 0.2583 ms
2026-06-30 14:26:13.005 +03:00 [INF] HTTP GET /js/site.js responded 304 in 0.3243 ms
2026-06-30 14:26:13.005 +03:00 [INF] HTTP GET /lib/bootstrap/dist/js/bootstrap.bundle.min.js responded 304 in 0.4698 ms
2026-06-30 14:26:13.006 +03:00 [INF] HTTP GET /lib/jquery-validation/dist/jquery.validate.min.js responded 304 in 0.5223 ms
2026-06-30 14:26:13.006 +03:00 [INF] HTTP GET /lib/jquery-validation-unobtrusive/dist/jquery.validate.unobtrusive.min.js responded 304 in 0.5690 ms
2026-06-30 14:26:13.008 +03:00 [INF] HTTP GET /js/products-catalog-filter.js responded 304 in 0.6158 ms
2026-06-30 14:26:15.353 +03:00 [INF] HTTP GET /Inventory/Products responded 200 in 46.8540 ms
2026-06-30 14:26:15.410 +03:00 [INF] HTTP GET /lib/bootstrap/dist/css/bootstrap.min.css responded 304 in 1.8305 ms
2026-06-30 14:26:15.432 +03:00 [INF] HTTP GET /css/site.css responded 304 in 0.4588 ms
2026-06-30 14:26:15.432 +03:00 [INF] HTTP GET /Biktal.WebMVC.styles.css responded 304 in 0.2986 ms
2026-06-30 14:26:16.361 +03:00 [INF] HTTP GET /lib/jquery/dist/jquery.min.js responded 304 in 0.2783 ms
2026-06-30 14:26:16.382 +03:00 [INF] HTTP GET /lib/bootstrap/dist/js/bootstrap.bundle.min.js responded 304 in 2.0763 ms
2026-06-30 14:26:16.383 +03:00 [INF] HTTP GET /js/site.js responded 304 in 0.5323 ms
2026-06-30 14:26:16.384 +03:00 [INF] HTTP GET /lib/jquery-validation/dist/jquery.validate.min.js responded 304 in 0.4348 ms
2026-06-30 14:26:16.385 +03:00 [INF] HTTP GET /lib/jquery-validation-unobtrusive/dist/jquery.validate.unobtrusive.min.js responded 304 in 0.5180 ms
2026-06-30 14:26:16.387 +03:00 [INF] HTTP GET /js/products-catalog-filter.js responded 304 in 0.5521 ms
2026-06-30 14:26:23.906 +03:00 [INF] HTTP POST /Inventory/EditProduct responded 302 in 13.7045 ms
2026-06-30 14:26:23.983 +03:00 [INF] HTTP GET /Inventory/Products responded 200 in 65.5969 ms
2026-06-30 14:26:24.086 +03:00 [INF] HTTP GET /lib/bootstrap/dist/css/bootstrap.min.css responded 304 in 0.5508 ms
2026-06-30 14:26:24.087 +03:00 [INF] HTTP GET /Biktal.WebMVC.styles.css responded 304 in 0.3420 ms
2026-06-30 14:26:24.087 +03:00 [INF] HTTP GET /css/site.css responded 304 in 0.3526 ms
2026-06-30 14:26:24.860 +03:00 [INF] HTTP GET /lib/jquery/dist/jquery.min.js responded 304 in 0.6247 ms
2026-06-30 14:26:24.874 +03:00 [INF] HTTP GET /lib/bootstrap/dist/js/bootstrap.bundle.min.js responded 304 in 0.6063 ms
2026-06-30 14:26:24.874 +03:00 [INF] HTTP GET /js/site.js responded 304 in 0.4278 ms
2026-06-30 14:26:24.876 +03:00 [INF] HTTP GET /lib/jquery-validation/dist/jquery.validate.min.js responded 304 in 1.7155 ms
2026-06-30 14:26:24.878 +03:00 [INF] HTTP GET /lib/jquery-validation-unobtrusive/dist/jquery.validate.unobtrusive.min.js responded 304 in 0.8088 ms
2026-06-30 14:26:24.879 +03:00 [INF] HTTP GET /js/products-catalog-filter.js responded 304 in 1.1295 ms
2026-06-30 14:26:27.502 +03:00 [INF] HTTP GET /Inventory/Products responded 200 in 70.6134 ms
2026-06-30 14:26:27.551 +03:00 [INF] HTTP GET /lib/bootstrap/dist/css/bootstrap.min.css responded 304 in 0.5519 ms
2026-06-30 14:26:27.556 +03:00 [INF] HTTP GET /css/site.css responded 304 in 0.6235 ms
2026-06-30 14:26:27.572 +03:00 [INF] HTTP GET /Biktal.WebMVC.styles.css responded 304 in 0.6629 ms
2026-06-30 14:26:28.331 +03:00 [INF] HTTP GET /lib/jquery/dist/jquery.min.js responded 304 in 0.2681 ms
2026-06-30 14:26:28.353 +03:00 [INF] HTTP GET /lib/bootstrap/dist/js/bootstrap.bundle.min.js responded 304 in 0.3891 ms
2026-06-30 14:26:28.354 +03:00 [INF] HTTP GET /js/site.js responded 304 in 0.8460 ms
2026-06-30 14:26:28.355 +03:00 [INF] HTTP GET /lib/jquery-validation-unobtrusive/dist/jquery.validate.unobtrusive.min.js responded 304 in 0.4169 ms
2026-06-30 14:26:28.355 +03:00 [INF] HTTP GET /lib/jquery-validation/dist/jquery.validate.min.js responded 304 in 0.8045 ms
2026-06-30 14:26:28.355 +03:00 [INF] HTTP GET /js/products-catalog-filter.js responded 304 in 0.3459 ms
2026-06-30 14:26:31.653 +03:00 [INF] HTTP POST /Inventory/EditProduct responded 302 in 11.8627 ms
2026-06-30 14:26:31.741 +03:00 [INF] HTTP GET /Inventory/Products responded 200 in 75.8472 ms
2026-06-30 14:26:31.837 +03:00 [INF] HTTP GET /css/site.css responded 304 in 0.3806 ms
2026-06-30 14:26:31.837 +03:00 [INF] HTTP GET /lib/bootstrap/dist/css/bootstrap.min.css responded 304 in 0.4923 ms
2026-06-30 14:26:31.844 +03:00 [INF] HTTP GET /Biktal.WebMVC.styles.css responded 304 in 5.2779 ms
2026-06-30 14:26:32.783 +03:00 [INF] HTTP GET /lib/jquery/dist/jquery.min.js responded 304 in 0.2637 ms
2026-06-30 14:26:32.795 +03:00 [INF] HTTP GET /lib/bootstrap/dist/js/bootstrap.bundle.min.js responded 304 in 0.6254 ms
2026-06-30 14:26:32.796 +03:00 [INF] HTTP GET /js/site.js responded 304 in 0.5594 ms
2026-06-30 14:26:32.797 +03:00 [INF] HTTP GET /lib/jquery-validation/dist/jquery.validate.min.js responded 304 in 0.7787 ms
2026-06-30 14:26:32.798 +03:00 [INF] HTTP GET /lib/jquery-validation-unobtrusive/dist/jquery.validate.unobtrusive.min.js responded 304 in 0.3913 ms
2026-06-30 14:26:32.798 +03:00 [INF] HTTP GET /js/products-catalog-filter.js responded 304 in 0.4103 ms
2026-06-30 14:26:34.838 +03:00 [INF] HTTP GET /Inventory/Products responded 200 in 49.1584 ms
2026-06-30 14:26:34.906 +03:00 [INF] HTTP GET /lib/bootstrap/dist/css/bootstrap.min.css responded 200 in 2.8990 ms
2026-06-30 14:26:34.918 +03:00 [INF] HTTP GET /Biktal.WebMVC.styles.css responded 304 in 0.3860 ms
2026-06-30 14:26:34.918 +03:00 [INF] HTTP GET /css/site.css responded 304 in 0.8321 ms
2026-06-30 14:26:35.773 +03:00 [INF] HTTP GET /lib/jquery/dist/jquery.min.js responded 304 in 0.2562 ms
2026-06-30 14:26:35.796 +03:00 [INF] HTTP GET /js/site.js responded 304 in 0.3240 ms
2026-06-30 14:26:35.796 +03:00 [INF] HTTP GET /lib/bootstrap/dist/js/bootstrap.bundle.min.js responded 304 in 0.5746 ms
2026-06-30 14:26:35.796 +03:00 [INF] HTTP GET /lib/jquery-validation-unobtrusive/dist/jquery.validate.unobtrusive.min.js responded 304 in 0.3066 ms
2026-06-30 14:26:35.796 +03:00 [INF] HTTP GET /lib/jquery-validation/dist/jquery.validate.min.js responded 304 in 0.3067 ms
2026-06-30 14:26:35.796 +03:00 [INF] HTTP GET /js/products-catalog-filter.js responded 304 in 0.3166 ms
2026-06-30 14:27:13.717 +03:00 [INF] HTTP POST /Inventory/EditProduct responded 302 in 14.4670 ms
2026-06-30 14:27:13.794 +03:00 [INF] HTTP GET /Inventory/Products responded 200 in 68.8684 ms
2026-06-30 14:27:13.881 +03:00 [INF] HTTP GET /css/site.css responded 304 in 1.4959 ms
2026-06-30 14:27:13.884 +03:00 [INF] HTTP GET /lib/bootstrap/dist/css/bootstrap.min.css responded 200 in 2.9442 ms
2026-06-30 14:27:13.895 +03:00 [INF] HTTP GET /Biktal.WebMVC.styles.css responded 304 in 0.5346 ms
2026-06-30 14:27:15.109 +03:00 [INF] HTTP GET /lib/jquery/dist/jquery.min.js responded 304 in 0.2744 ms
2026-06-30 14:27:15.122 +03:00 [INF] HTTP GET /lib/bootstrap/dist/js/bootstrap.bundle.min.js responded 304 in 0.9632 ms
2026-06-30 14:27:15.125 +03:00 [INF] HTTP GET /js/site.js responded 304 in 0.6763 ms
2026-06-30 14:27:15.126 +03:00 [INF] HTTP GET /lib/jquery-validation/dist/jquery.validate.min.js responded 304 in 0.5698 ms
2026-06-30 14:27:15.126 +03:00 [INF] HTTP GET /lib/jquery-validation-unobtrusive/dist/jquery.validate.unobtrusive.min.js responded 304 in 0.5698 ms
2026-06-30 14:27:15.127 +03:00 [INF] HTTP GET /js/products-catalog-filter.js responded 304 in 0.4606 ms
2026-06-30 14:27:17.998 +03:00 [INF] HTTP GET /Inventory/Products responded 200 in 103.4719 ms
2026-06-30 14:27:18.068 +03:00 [INF] HTTP GET /css/site.css responded 304 in 0.5027 ms
2026-06-30 14:27:18.076 +03:00 [INF] HTTP GET /lib/bootstrap/dist/css/bootstrap.min.css responded 304 in 0.8114 ms
2026-06-30 14:27:18.080 +03:00 [INF] HTTP GET /Biktal.WebMVC.styles.css responded 304 in 0.9637 ms
2026-06-30 14:27:18.908 +03:00 [INF] HTTP GET /lib/jquery/dist/jquery.min.js responded 304 in 0.2495 ms
2026-06-30 14:27:18.927 +03:00 [INF] HTTP GET /lib/bootstrap/dist/js/bootstrap.bundle.min.js responded 304 in 0.7172 ms
2026-06-30 14:27:18.928 +03:00 [INF] HTTP GET /js/site.js responded 304 in 0.5668 ms
2026-06-30 14:27:18.929 +03:00 [INF] HTTP GET /lib/jquery-validation/dist/jquery.validate.min.js responded 304 in 0.4995 ms
2026-06-30 14:27:18.933 +03:00 [INF] HTTP GET /lib/jquery-validation-unobtrusive/dist/jquery.validate.unobtrusive.min.js responded 304 in 0.3987 ms
2026-06-30 14:27:18.933 +03:00 [INF] HTTP GET /js/products-catalog-filter.js responded 304 in 0.2580 ms
2026-06-30 14:27:22.857 +03:00 [INF] HTTP POST /Inventory/EditProduct responded 302 in 9.1796 ms
2026-06-30 14:27:22.928 +03:00 [INF] HTTP GET /Inventory/Products responded 200 in 63.5082 ms
2026-06-30 14:27:23.015 +03:00 [INF] HTTP GET /css/site.css responded 304 in 0.3757 ms
2026-06-30 14:27:23.015 +03:00 [INF] HTTP GET /lib/bootstrap/dist/css/bootstrap.min.css responded 304 in 0.4643 ms
2026-06-30 14:27:23.020 +03:00 [INF] HTTP GET /Biktal.WebMVC.styles.css responded 304 in 0.3899 ms
2026-06-30 14:27:24.127 +03:00 [INF] HTTP GET /lib/jquery/dist/jquery.min.js responded 304 in 0.2649 ms
2026-06-30 14:27:24.143 +03:00 [INF] HTTP GET /lib/bootstrap/dist/js/bootstrap.bundle.min.js responded 304 in 0.3784 ms
2026-06-30 14:27:24.145 +03:00 [INF] HTTP GET /lib/jquery-validation/dist/jquery.validate.min.js responded 304 in 0.4101 ms
2026-06-30 14:27:24.145 +03:00 [INF] HTTP GET /js/site.js responded 304 in 0.2820 ms
2026-06-30 14:27:24.145 +03:00 [INF] HTTP GET /lib/jquery-validation-unobtrusive/dist/jquery.validate.unobtrusive.min.js responded 304 in 0.3724 ms
2026-06-30 14:27:24.145 +03:00 [INF] HTTP GET /js/products-catalog-filter.js responded 304 in 0.2784 ms
2026-06-30 14:28:26.625 +03:00 [INF] HTTP POST /Inventory/AddProduct responded 302 in 24.5794 ms
2026-06-30 14:28:26.758 +03:00 [INF] HTTP GET /Inventory/Products responded 200 in 125.0255 ms
2026-06-30 14:28:26.979 +03:00 [INF] HTTP GET /css/site.css responded 200 in 1.3152 ms
2026-06-30 14:28:26.979 +03:00 [INF] HTTP GET /lib/bootstrap/dist/css/bootstrap.min.css responded 200 in 0.7573 ms
2026-06-30 14:28:26.980 +03:00 [INF] HTTP GET /Biktal.WebMVC.styles.css responded 200 in 0.7058 ms
2026-06-30 14:28:28.033 +03:00 [INF] HTTP GET /lib/jquery/dist/jquery.min.js responded 200 in 0.6903 ms
2026-06-30 14:28:28.054 +03:00 [INF] HTTP GET /js/site.js responded 200 in 0.8478 ms
2026-06-30 14:28:28.054 +03:00 [INF] HTTP GET /lib/bootstrap/dist/js/bootstrap.bundle.min.js responded 200 in 1.2430 ms
2026-06-30 14:28:28.056 +03:00 [INF] HTTP GET /lib/jquery-validation/dist/jquery.validate.min.js responded 200 in 1.3982 ms
2026-06-30 14:28:28.061 +03:00 [INF] HTTP GET /lib/jquery-validation-unobtrusive/dist/jquery.validate.unobtrusive.min.js responded 200 in 2.1274 ms
2026-06-30 14:28:28.067 +03:00 [INF] HTTP GET /js/products-catalog-filter.js responded 200 in 4.0241 ms
2026-06-30 14:48:36.344 +03:00 [INF] Application is shutting down...
2026-06-30 14:58:43.865 +03:00 [ERR] Failed executing DbCommand (6ms) [Parameters=[@p0='?' (DbType = Guid), @p1='?' (DbType = DateTime), @p2='?' (DbType = Guid), @p3='?', @p4='?' (DbType = DateTime), @p5='?' (DbType = Int32), @p6='?' (DbType = Int32), @p7='?', @p8='?', @p9='?' (DbType = Guid), @p10='?' (DbType = DateTime), @p11='?' (DbType = Guid), @p12='?', @p13='?' (DbType = DateTime), @p14='?' (DbType = Int32), @p15='?' (DbType = Int32), @p16='?', @p17='?'], CommandType='"Text"', CommandTimeout='30']
INSERT INTO "CrmSupportTickets" ("Id", "CreatedAtUtc", "CustomerId", "Description", "ModifiedAtUtc", "Priority", "Status", "Subject", "TicketNumber")
VALUES (@p0, @p1, @p2, @p3, @p4, @p5, @p6, @p7, @p8);
INSERT INTO "CrmSupportTickets" ("Id", "CreatedAtUtc", "CustomerId", "Description", "ModifiedAtUtc", "Priority", "Status", "Subject", "TicketNumber")
VALUES (@p9, @p10, @p11, @p12, @p13, @p14, @p15, @p16, @p17);
2026-06-30 14:58:43.940 +03:00 [ERR] An exception occurred in the database while saving changes for context type 'Biktal.Infrastructure.Persistence.ApplicationDbContext'.
Microsoft.EntityFrameworkCore.DbUpdateException: An error occurred while saving the entity changes. See the inner exception for details.
 ---> Npgsql.PostgresException (0x80004005): 23503: insert or update on table "CrmSupportTickets" violates foreign key constraint "FK_CrmSupportTickets_CrmCustomers_CustomerId"

DETAIL: Detail redacted as it may contain sensitive data. Specify 'Include Error Detail' in the connection string to include this information.
   at Npgsql.Internal.NpgsqlConnector.ReadMessageLong(Boolean async, DataRowLoadingMode dataRowLoadingMode, Boolean readingNotifications, Boolean isReadingPrependedMessage)
   at System.Runtime.CompilerServices.PoolingAsyncValueTaskMethodBuilder`1.StateMachineBox`1.System.Threading.Tasks.Sources.IValueTaskSource<TResult>.GetResult(Int16 token)
   at Npgsql.NpgsqlDataReader.NextResult(Boolean async, Boolean isConsuming, CancellationToken cancellationToken)
   at Npgsql.NpgsqlDataReader.NextResult(Boolean async, Boolean isConsuming, CancellationToken cancellationToken)
   at Npgsql.NpgsqlCommand.ExecuteReader(Boolean async, CommandBehavior behavior, CancellationToken cancellationToken)
   at Npgsql.NpgsqlCommand.ExecuteReader(Boolean async, CommandBehavior behavior, CancellationToken cancellationToken)
   at Npgsql.NpgsqlCommand.ExecuteDbDataReaderAsync(CommandBehavior behavior, CancellationToken cancellationToken)
   at Microsoft.EntityFrameworkCore.Storage.RelationalCommand.ExecuteReaderAsync(RelationalCommandParameterObject parameterObject, CancellationToken cancellationToken)
   at Microsoft.EntityFrameworkCore.Storage.RelationalCommand.ExecuteReaderAsync(RelationalCommandParameterObject parameterObject, CancellationToken cancellationToken)
   at Microsoft.EntityFrameworkCore.Update.ReaderModificationCommandBatch.ExecuteAsync(IRelationalConnection connection, CancellationToken cancellationToken)
  Exception data:
    Severity: ERROR
    SqlState: 23503
    MessageText: insert or update on table "CrmSupportTickets" violates foreign key constraint "FK_CrmSupportTickets_CrmCustomers_CustomerId"
    Detail: Detail redacted as it may contain sensitive data. Specify 'Include Error Detail' in the connection string to include this information.
    SchemaName: public
    TableName: CrmSupportTickets
    ConstraintName: FK_CrmSupportTickets_CrmCustomers_CustomerId
    File: ri_triggers.c
    Line: 2783
    Routine: ri_ReportViolation
   --- End of inner exception stack trace ---
   at Microsoft.EntityFrameworkCore.Update.ReaderModificationCommandBatch.ExecuteAsync(IRelationalConnection connection, CancellationToken cancellationToken)
   at Microsoft.EntityFrameworkCore.Update.Internal.BatchExecutor.ExecuteAsync(IEnumerable`1 commandBatches, IRelationalConnection connection, CancellationToken cancellationToken)
   at Microsoft.EntityFrameworkCore.Update.Internal.BatchExecutor.ExecuteAsync(IEnumerable`1 commandBatches, IRelationalConnection connection, CancellationToken cancellationToken)
   at Microsoft.EntityFrameworkCore.Update.Internal.BatchExecutor.ExecuteAsync(IEnumerable`1 commandBatches, IRelationalConnection connection, CancellationToken cancellationToken)
   at Microsoft.EntityFrameworkCore.Storage.RelationalDatabase.SaveChangesAsync(IList`1 entries, CancellationToken cancellationToken)
   at Microsoft.EntityFrameworkCore.ChangeTracking.Internal.StateManager.SaveChangesAsync(IList`1 entriesToSave, CancellationToken cancellationToken)
   at Microsoft.EntityFrameworkCore.ChangeTracking.Internal.StateManager.SaveChangesAsync(StateManager stateManager, Boolean acceptAllChangesOnSuccess, CancellationToken cancellationToken)
   at Npgsql.EntityFrameworkCore.PostgreSQL.Storage.Internal.NpgsqlExecutionStrategy.ExecuteAsync[TState,TResult](TState state, Func`4 operation, Func`4 verifySucceeded, CancellationToken cancellationToken)
   at Microsoft.EntityFrameworkCore.DbContext.SaveChangesAsync(Boolean acceptAllChangesOnSuccess, CancellationToken cancellationToken)
Microsoft.EntityFrameworkCore.DbUpdateException: An error occurred while saving the entity changes. See the inner exception for details.
 ---> Npgsql.PostgresException (0x80004005): 23503: insert or update on table "CrmSupportTickets" violates foreign key constraint "FK_CrmSupportTickets_CrmCustomers_CustomerId"

DETAIL: Detail redacted as it may contain sensitive data. Specify 'Include Error Detail' in the connection string to include this information.
   at Npgsql.Internal.NpgsqlConnector.ReadMessageLong(Boolean async, DataRowLoadingMode dataRowLoadingMode, Boolean readingNotifications, Boolean isReadingPrependedMessage)
   at System.Runtime.CompilerServices.PoolingAsyncValueTaskMethodBuilder`1.StateMachineBox`1.System.Threading.Tasks.Sources.IValueTaskSource<TResult>.GetResult(Int16 token)
   at Npgsql.NpgsqlDataReader.NextResult(Boolean async, Boolean isConsuming, CancellationToken cancellationToken)
   at Npgsql.NpgsqlDataReader.NextResult(Boolean async, Boolean isConsuming, CancellationToken cancellationToken)
   at Npgsql.NpgsqlCommand.ExecuteReader(Boolean async, CommandBehavior behavior, CancellationToken cancellationToken)
   at Npgsql.NpgsqlCommand.ExecuteReader(Boolean async, CommandBehavior behavior, CancellationToken cancellationToken)
   at Npgsql.NpgsqlCommand.ExecuteDbDataReaderAsync(CommandBehavior behavior, CancellationToken cancellationToken)
   at Microsoft.EntityFrameworkCore.Storage.RelationalCommand.ExecuteReaderAsync(RelationalCommandParameterObject parameterObject, CancellationToken cancellationToken)
   at Microsoft.EntityFrameworkCore.Storage.RelationalCommand.ExecuteReaderAsync(RelationalCommandParameterObject parameterObject, CancellationToken cancellationToken)
   at Microsoft.EntityFrameworkCore.Update.ReaderModificationCommandBatch.ExecuteAsync(IRelationalConnection connection, CancellationToken cancellationToken)
  Exception data:
    Severity: ERROR
    SqlState: 23503
    MessageText: insert or update on table "CrmSupportTickets" violates foreign key constraint "FK_CrmSupportTickets_CrmCustomers_CustomerId"
    Detail: Detail redacted as it may contain sensitive data. Specify 'Include Error Detail' in the connection string to include this information.
    SchemaName: public
    TableName: CrmSupportTickets
    ConstraintName: FK_CrmSupportTickets_CrmCustomers_CustomerId
    File: ri_triggers.c
    Line: 2783
    Routine: ri_ReportViolation
   --- End of inner exception stack trace ---
   at Microsoft.EntityFrameworkCore.Update.ReaderModificationCommandBatch.ExecuteAsync(IRelationalConnection connection, CancellationToken cancellationToken)
   at Microsoft.EntityFrameworkCore.Update.Internal.BatchExecutor.ExecuteAsync(IEnumerable`1 commandBatches, IRelationalConnection connection, CancellationToken cancellationToken)
   at Microsoft.EntityFrameworkCore.Update.Internal.BatchExecutor.ExecuteAsync(IEnumerable`1 commandBatches, IRelationalConnection connection, CancellationToken cancellationToken)
   at Microsoft.EntityFrameworkCore.Update.Internal.BatchExecutor.ExecuteAsync(IEnumerable`1 commandBatches, IRelationalConnection connection, CancellationToken cancellationToken)
   at Microsoft.EntityFrameworkCore.Storage.RelationalDatabase.SaveChangesAsync(IList`1 entries, CancellationToken cancellationToken)
   at Microsoft.EntityFrameworkCore.ChangeTracking.Internal.StateManager.SaveChangesAsync(IList`1 entriesToSave, CancellationToken cancellationToken)
   at Microsoft.EntityFrameworkCore.ChangeTracking.Internal.StateManager.SaveChangesAsync(StateManager stateManager, Boolean acceptAllChangesOnSuccess, CancellationToken cancellationToken)
   at Npgsql.EntityFrameworkCore.PostgreSQL.Storage.Internal.NpgsqlExecutionStrategy.ExecuteAsync[TState,TResult](TState state, Func`4 operation, Func`4 verifySucceeded, CancellationToken cancellationToken)
   at Microsoft.EntityFrameworkCore.DbContext.SaveChangesAsync(Boolean acceptAllChangesOnSuccess, CancellationToken cancellationToken)
2026-06-30 14:58:43.945 +03:00 [ERR] Database migration or seed failed. Check PostgreSQL is running and ConnectionStrings:DefaultConnection is correct.
Microsoft.EntityFrameworkCore.DbUpdateException: An error occurred while saving the entity changes. See the inner exception for details.
 ---> Npgsql.PostgresException (0x80004005): 23503: insert or update on table "CrmSupportTickets" violates foreign key constraint "FK_CrmSupportTickets_CrmCustomers_CustomerId"

DETAIL: Detail redacted as it may contain sensitive data. Specify 'Include Error Detail' in the connection string to include this information.
   at Npgsql.Internal.NpgsqlConnector.ReadMessageLong(Boolean async, DataRowLoadingMode dataRowLoadingMode, Boolean readingNotifications, Boolean isReadingPrependedMessage)
   at System.Runtime.CompilerServices.PoolingAsyncValueTaskMethodBuilder`1.StateMachineBox`1.System.Threading.Tasks.Sources.IValueTaskSource<TResult>.GetResult(Int16 token)
   at Npgsql.NpgsqlDataReader.NextResult(Boolean async, Boolean isConsuming, CancellationToken cancellationToken)
   at Npgsql.NpgsqlDataReader.NextResult(Boolean async, Boolean isConsuming, CancellationToken cancellationToken)
   at Npgsql.NpgsqlCommand.ExecuteReader(Boolean async, CommandBehavior behavior, CancellationToken cancellationToken)
   at Npgsql.NpgsqlCommand.ExecuteReader(Boolean async, CommandBehavior behavior, CancellationToken cancellationToken)
   at Npgsql.NpgsqlCommand.ExecuteDbDataReaderAsync(CommandBehavior behavior, CancellationToken cancellationToken)
   at Microsoft.EntityFrameworkCore.Storage.RelationalCommand.ExecuteReaderAsync(RelationalCommandParameterObject parameterObject, CancellationToken cancellationToken)
   at Microsoft.EntityFrameworkCore.Storage.RelationalCommand.ExecuteReaderAsync(RelationalCommandParameterObject parameterObject, CancellationToken cancellationToken)
   at Microsoft.EntityFrameworkCore.Update.ReaderModificationCommandBatch.ExecuteAsync(IRelationalConnection connection, CancellationToken cancellationToken)
  Exception data:
    Severity: ERROR
    SqlState: 23503
    MessageText: insert or update on table "CrmSupportTickets" violates foreign key constraint "FK_CrmSupportTickets_CrmCustomers_CustomerId"
    Detail: Detail redacted as it may contain sensitive data. Specify 'Include Error Detail' in the connection string to include this information.
    SchemaName: public
    TableName: CrmSupportTickets
    ConstraintName: FK_CrmSupportTickets_CrmCustomers_CustomerId
    File: ri_triggers.c
    Line: 2783
    Routine: ri_ReportViolation
   --- End of inner exception stack trace ---
   at Microsoft.EntityFrameworkCore.Update.ReaderModificationCommandBatch.ExecuteAsync(IRelationalConnection connection, CancellationToken cancellationToken)
   at Microsoft.EntityFrameworkCore.Update.Internal.BatchExecutor.ExecuteAsync(IEnumerable`1 commandBatches, IRelationalConnection connection, CancellationToken cancellationToken)
   at Microsoft.EntityFrameworkCore.Update.Internal.BatchExecutor.ExecuteAsync(IEnumerable`1 commandBatches, IRelationalConnection connection, CancellationToken cancellationToken)
   at Microsoft.EntityFrameworkCore.Update.Internal.BatchExecutor.ExecuteAsync(IEnumerable`1 commandBatches, IRelationalConnection connection, CancellationToken cancellationToken)
   at Microsoft.EntityFrameworkCore.Storage.RelationalDatabase.SaveChangesAsync(IList`1 entries, CancellationToken cancellationToken)
   at Microsoft.EntityFrameworkCore.ChangeTracking.Internal.StateManager.SaveChangesAsync(IList`1 entriesToSave, CancellationToken cancellationToken)
   at Microsoft.EntityFrameworkCore.ChangeTracking.Internal.StateManager.SaveChangesAsync(StateManager stateManager, Boolean acceptAllChangesOnSuccess, CancellationToken cancellationToken)
   at Npgsql.EntityFrameworkCore.PostgreSQL.Storage.Internal.NpgsqlExecutionStrategy.ExecuteAsync[TState,TResult](TState state, Func`4 operation, Func`4 verifySucceeded, CancellationToken cancellationToken)
   at Microsoft.EntityFrameworkCore.DbContext.SaveChangesAsync(Boolean acceptAllChangesOnSuccess, CancellationToken cancellationToken)
   at Microsoft.EntityFrameworkCore.DbContext.SaveChangesAsync(Boolean acceptAllChangesOnSuccess, CancellationToken cancellationToken)
   at Biktal.Infrastructure.Persistence.CrmDataSeeder.SeedIfEmptyAsync(ApplicationDbContext db, CancellationToken cancellationToken)
   at Program.<Main>$(String[] args) in d:\Systems\BiktalSystems\Program.cs:line 71
2026-06-30 14:58:43.950 +03:00 [WRN] Continuing without a successful migration/seed. Auth and data pages may fail until the database is available.
2026-06-30 14:58:43.973 +03:00 [WRN] Using an in-memory repository. Keys will not be persisted to storage.
2026-06-30 14:58:43.973 +03:00 [WRN] Neither user profile nor HKLM registry available. Using an ephemeral key repository. Protected data will be unavailable when application exits.
2026-06-30 14:58:43.992 +03:00 [WRN] No XML encryptor configured. Key {a721b20c-bd18-4b43-97dd-25d4ed65d9e4} may be persisted to storage in unencrypted form.
2026-06-30 14:58:44.060 +03:00 [INF] Application started. Press Ctrl+C to shut down.
2026-06-30 14:58:44.060 +03:00 [INF] Hosting environment: Production
2026-06-30 14:58:44.060 +03:00 [INF] Content root path: D:\Systems\BiktalSystems\publish
2026-06-30 14:58:44.165 +03:00 [INF] HTTP GET /Inventory responded 302 in 82.9614 ms
2026-06-30 14:58:44.165 +03:00 [INF] HTTP GET /Pos responded 302 in 83.3450 ms
2026-06-30 14:58:44.308 +03:00 [ERR] An exception was thrown while deserializing the token.
Microsoft.AspNetCore.Antiforgery.AntiforgeryValidationException: The antiforgery token could not be decrypted.
 ---> System.Security.Cryptography.CryptographicException: The key {0ca89150-dc2e-4fb0-a2cf-4f95e6d8c6e0} was not found in the key ring. For more information go to https://aka.ms/aspnet/dataprotectionwarning
   at Microsoft.AspNetCore.DataProtection.KeyManagement.KeyRingBasedDataProtector.UnprotectCore(Byte[] protectedData, Boolean allowOperationsOnRevokedKeys, UnprotectStatus& status)
   at Microsoft.AspNetCore.DataProtection.KeyManagement.KeyRingBasedDataProtector.Unprotect(Byte[] protectedData)
   at Microsoft.AspNetCore.Antiforgery.DefaultAntiforgeryTokenSerializer.Deserialize(String serializedToken)
   --- End of inner exception stack trace ---
   at Microsoft.AspNetCore.Antiforgery.DefaultAntiforgeryTokenSerializer.Deserialize(String serializedToken)
   at Microsoft.AspNetCore.Antiforgery.DefaultAntiforgery.GetCookieTokenDoesNotThrow(HttpContext httpContext)
2026-06-30 14:58:44.403 +03:00 [INF] HTTP GET /Account/Login responded 200 in 221.6255 ms
2026-06-30 14:58:44.601 +03:00 [INF] HTTP GET /css/site.css responded 200 in 111.0579 ms
2026-06-30 14:58:44.602 +03:00 [INF] HTTP GET /js/site.js responded 200 in 104.7446 ms
2026-06-30 14:58:44.601 +03:00 [INF] HTTP GET /lib/jquery-validation-unobtrusive/dist/jquery.validate.unobtrusive.min.js responded 200 in 103.2180 ms
2026-06-30 14:58:44.601 +03:00 [INF] HTTP GET /Biktal.WebMVC.styles.css responded 200 in 108.6047 ms
2026-06-30 14:58:44.603 +03:00 [INF] HTTP GET /lib/jquery-validation/dist/jquery.validate.min.js responded 200 in 64.0084 ms
2026-06-30 14:58:44.603 +03:00 [INF] HTTP GET /lib/bootstrap/dist/js/bootstrap.bundle.min.js responded 200 in 104.4701 ms
2026-06-30 14:58:44.603 +03:00 [INF] HTTP GET /lib/jquery/dist/jquery.min.js responded 200 in 105.6973 ms
2026-06-30 14:58:44.605 +03:00 [INF] HTTP GET /lib/bootstrap/dist/css/bootstrap.min.css responded 200 in 124.5707 ms
2026-06-30 14:58:51.733 +03:00 [INF] HTTP POST /Account/Login responded 302 in 521.7620 ms
2026-06-30 14:58:51.917 +03:00 [INF] HTTP GET /Inventory responded 200 in 177.9061 ms
2026-06-30 14:58:51.987 +03:00 [INF] HTTP GET /lib/bootstrap/dist/css/bootstrap.min.css responded 304 in 7.6488 ms
2026-06-30 14:58:51.987 +03:00 [INF] HTTP GET /Biktal.WebMVC.styles.css responded 304 in 4.0782 ms
2026-06-30 14:58:52.024 +03:00 [INF] HTTP GET /lib/jquery/dist/jquery.min.js responded 304 in 35.6428 ms
2026-06-30 14:58:52.024 +03:00 [INF] HTTP GET /css/site.css responded 304 in 36.7257 ms
2026-06-30 14:58:52.049 +03:00 [INF] HTTP GET /js/site.js responded 304 in 27.4768 ms
2026-06-30 14:58:52.143 +03:00 [INF] HTTP GET /lib/bootstrap/dist/js/bootstrap.bundle.min.js responded 304 in 143.3652 ms
2026-06-30 14:58:55.996 +03:00 [INF] HTTP GET /css/site.css responded 304 in 2.9217 ms
2026-06-30 14:58:56.000 +03:00 [INF] HTTP GET /Biktal.WebMVC.styles.css responded 304 in 2.8695 ms
2026-06-30 14:58:56.008 +03:00 [INF] HTTP GET /lib/bootstrap/dist/css/bootstrap.min.css responded 200 in 7.1710 ms
2026-06-30 14:58:56.014 +03:00 [INF] HTTP GET /Inventory/Products responded 200 in 470.7954 ms
2026-06-30 14:58:56.802 +03:00 [INF] HTTP GET /lib/jquery/dist/jquery.min.js responded 304 in 0.7508 ms
2026-06-30 14:58:56.826 +03:00 [INF] HTTP GET /lib/bootstrap/dist/js/bootstrap.bundle.min.js responded 304 in 1.1258 ms
2026-06-30 14:58:56.826 +03:00 [INF] HTTP GET /js/site.js responded 304 in 1.0725 ms
2026-06-30 14:58:56.833 +03:00 [INF] HTTP GET /js/products-catalog-filter.js responded 200 in 1.4237 ms
2026-06-30 14:58:56.843 +03:00 [INF] HTTP GET /lib/jquery-validation-unobtrusive/dist/jquery.validate.unobtrusive.min.js responded 304 in 12.4640 ms
2026-06-30 14:58:56.848 +03:00 [INF] HTTP GET /lib/jquery-validation/dist/jquery.validate.min.js responded 304 in 22.2871 ms
2026-06-30 14:59:35.787 +03:00 [INF] HTTP GET /Inventory/Products responded 200 in 144.9935 ms
2026-06-30 14:59:35.853 +03:00 [INF] HTTP GET /css/site.css responded 304 in 1.4340 ms
2026-06-30 14:59:35.856 +03:00 [INF] HTTP GET /lib/bootstrap/dist/css/bootstrap.min.css responded 200 in 6.1572 ms
2026-06-30 14:59:35.868 +03:00 [INF] HTTP GET /Biktal.WebMVC.styles.css responded 304 in 0.7383 ms
2026-06-30 14:59:36.634 +03:00 [INF] HTTP GET /lib/jquery/dist/jquery.min.js responded 304 in 0.5971 ms
2026-06-30 14:59:36.667 +03:00 [INF] HTTP GET /lib/bootstrap/dist/js/bootstrap.bundle.min.js responded 304 in 0.7646 ms
2026-06-30 14:59:36.670 +03:00 [INF] HTTP GET /js/site.js responded 304 in 0.9972 ms
2026-06-30 14:59:36.673 +03:00 [INF] HTTP GET /lib/jquery-validation/dist/jquery.validate.min.js responded 304 in 1.5417 ms
2026-06-30 14:59:36.675 +03:00 [INF] HTTP GET /lib/jquery-validation-unobtrusive/dist/jquery.validate.unobtrusive.min.js responded 304 in 1.0362 ms
2026-06-30 14:59:36.677 +03:00 [INF] HTTP GET /js/products-catalog-filter.js responded 304 in 0.8908 ms
2026-06-30 15:00:55.582 +03:00 [INF] HTTP GET /Inventory/Products responded 200 in 70.9716 ms
2026-06-30 15:00:55.680 +03:00 [INF] HTTP GET /lib/bootstrap/dist/css/bootstrap.min.css responded 200 in 3.5023 ms
2026-06-30 15:00:55.682 +03:00 [INF] HTTP GET /Biktal.WebMVC.styles.css responded 200 in 2.3297 ms
2026-06-30 15:00:55.685 +03:00 [INF] HTTP GET /css/site.css responded 200 in 2.3929 ms
2026-06-30 15:00:56.660 +03:00 [INF] HTTP GET /lib/jquery/dist/jquery.min.js responded 200 in 2.2976 ms
2026-06-30 15:00:56.679 +03:00 [INF] HTTP GET /lib/bootstrap/dist/js/bootstrap.bundle.min.js responded 200 in 2.8498 ms
2026-06-30 15:00:56.680 +03:00 [INF] HTTP GET /lib/jquery-validation/dist/jquery.validate.min.js responded 200 in 3.1745 ms
2026-06-30 15:00:56.680 +03:00 [INF] HTTP GET /js/site.js responded 200 in 4.5498 ms
2026-06-30 15:00:56.683 +03:00 [INF] HTTP GET /lib/jquery-validation-unobtrusive/dist/jquery.validate.unobtrusive.min.js responded 200 in 3.4229 ms
2026-06-30 15:00:56.690 +03:00 [INF] HTTP GET /js/products-catalog-filter.js responded 200 in 5.3562 ms
2026-06-30 15:00:58.088 +03:00 [WRN] The query uses the 'First'/'FirstOrDefault' operator without 'OrderBy' and filter operators. This may lead to unpredictable results.
2026-06-30 15:00:58.122 +03:00 [INF] HTTP GET /Pos responded 200 in 65.6431 ms
2026-06-30 15:00:58.185 +03:00 [INF] HTTP GET /lib/bootstrap/dist/css/bootstrap.min.css responded 304 in 10.5258 ms
2026-06-30 15:00:58.190 +03:00 [INF] HTTP GET /Biktal.WebMVC.styles.css responded 304 in 0.6737 ms
2026-06-30 15:00:58.191 +03:00 [INF] HTTP GET /css/site.css responded 304 in 1.8588 ms
2026-06-30 15:00:58.195 +03:00 [INF] HTTP GET /lib/jquery/dist/jquery.min.js responded 304 in 3.5901 ms
2026-06-30 15:00:58.196 +03:00 [INF] HTTP GET /lib/bootstrap/dist/js/bootstrap.bundle.min.js responded 304 in 0.6467 ms
2026-06-30 15:00:58.203 +03:00 [INF] HTTP GET /js/site.js responded 304 in 2.7226 ms
2026-06-30 15:00:58.206 +03:00 [INF] HTTP GET /js/pos.js responded 200 in 2.4121 ms
2026-06-30 15:01:21.954 +03:00 [INF] HTTP POST /Pos/CompleteSale responded 200 in 566.5607 ms
2026-06-30 15:04:55.059 +03:00 [INF] HTTP GET /Crm responded 200 in 180.3363 ms
2026-06-30 15:04:55.123 +03:00 [INF] HTTP GET /lib/bootstrap/dist/css/bootstrap.min.css responded 200 in 3.1418 ms
2026-06-30 15:04:55.128 +03:00 [INF] HTTP GET /css/site.css responded 200 in 1.4905 ms
2026-06-30 15:04:55.130 +03:00 [INF] HTTP GET /Biktal.WebMVC.styles.css responded 200 in 2.3013 ms
2026-06-30 15:04:55.138 +03:00 [INF] HTTP GET /lib/jquery/dist/jquery.min.js responded 200 in 7.0123 ms
2026-06-30 15:04:55.138 +03:00 [INF] HTTP GET /lib/bootstrap/dist/js/bootstrap.bundle.min.js responded 200 in 1.8786 ms
2026-06-30 15:04:55.161 +03:00 [INF] HTTP GET /js/site.js responded 200 in 4.0174 ms
2026-06-30 15:04:59.045 +03:00 [INF] HTTP GET /Installments responded 200 in 98.0747 ms
2026-06-30 15:04:59.119 +03:00 [INF] HTTP GET /lib/bootstrap/dist/css/bootstrap.min.css responded 200 in 2.1468 ms
2026-06-30 15:04:59.123 +03:00 [INF] HTTP GET /css/site.css responded 200 in 1.6264 ms
2026-06-30 15:04:59.126 +03:00 [INF] HTTP GET /Biktal.WebMVC.styles.css responded 200 in 3.5408 ms
2026-06-30 15:04:59.128 +03:00 [INF] HTTP GET /lib/jquery/dist/jquery.min.js responded 304 in 0.8957 ms
2026-06-30 15:04:59.133 +03:00 [INF] HTTP GET /lib/bootstrap/dist/js/bootstrap.bundle.min.js responded 304 in 0.8202 ms
2026-06-30 15:04:59.133 +03:00 [INF] HTTP GET /js/site.js responded 304 in 0.3866 ms
2026-06-30 15:25:38.803 +03:00 [INF] Application is shutting down...
2026-06-30 15:57:59.209 +03:00 [ERR] Failed executing DbCommand (8ms) [Parameters=[@p0='?' (DbType = Guid), @p1='?' (DbType = DateTime), @p2='?' (DbType = Guid), @p3='?', @p4='?' (DbType = DateTime), @p5='?' (DbType = Int32), @p6='?' (DbType = Int32), @p7='?', @p8='?', @p9='?' (DbType = Guid), @p10='?' (DbType = DateTime), @p11='?' (DbType = Guid), @p12='?', @p13='?' (DbType = DateTime), @p14='?' (DbType = Int32), @p15='?' (DbType = Int32), @p16='?', @p17='?'], CommandType='"Text"', CommandTimeout='30']
INSERT INTO "CrmSupportTickets" ("Id", "CreatedAtUtc", "CustomerId", "Description", "ModifiedAtUtc", "Priority", "Status", "Subject", "TicketNumber")
VALUES (@p0, @p1, @p2, @p3, @p4, @p5, @p6, @p7, @p8);
INSERT INTO "CrmSupportTickets" ("Id", "CreatedAtUtc", "CustomerId", "Description", "ModifiedAtUtc", "Priority", "Status", "Subject", "TicketNumber")
VALUES (@p9, @p10, @p11, @p12, @p13, @p14, @p15, @p16, @p17);
2026-06-30 15:57:59.293 +03:00 [ERR] An exception occurred in the database while saving changes for context type 'Biktal.Infrastructure.Persistence.ApplicationDbContext'.
Microsoft.EntityFrameworkCore.DbUpdateException: An error occurred while saving the entity changes. See the inner exception for details.
 ---> Npgsql.PostgresException (0x80004005): 23503: insert or update on table "CrmSupportTickets" violates foreign key constraint "FK_CrmSupportTickets_CrmCustomers_CustomerId"

DETAIL: Detail redacted as it may contain sensitive data. Specify 'Include Error Detail' in the connection string to include this information.
   at Npgsql.Internal.NpgsqlConnector.ReadMessageLong(Boolean async, DataRowLoadingMode dataRowLoadingMode, Boolean readingNotifications, Boolean isReadingPrependedMessage)
   at System.Runtime.CompilerServices.PoolingAsyncValueTaskMethodBuilder`1.StateMachineBox`1.System.Threading.Tasks.Sources.IValueTaskSource<TResult>.GetResult(Int16 token)
   at Npgsql.NpgsqlDataReader.NextResult(Boolean async, Boolean isConsuming, CancellationToken cancellationToken)
   at Npgsql.NpgsqlDataReader.NextResult(Boolean async, Boolean isConsuming, CancellationToken cancellationToken)
   at Npgsql.NpgsqlCommand.ExecuteReader(Boolean async, CommandBehavior behavior, CancellationToken cancellationToken)
   at Npgsql.NpgsqlCommand.ExecuteReader(Boolean async, CommandBehavior behavior, CancellationToken cancellationToken)
   at Npgsql.NpgsqlCommand.ExecuteDbDataReaderAsync(CommandBehavior behavior, CancellationToken cancellationToken)
   at Microsoft.EntityFrameworkCore.Storage.RelationalCommand.ExecuteReaderAsync(RelationalCommandParameterObject parameterObject, CancellationToken cancellationToken)
   at Microsoft.EntityFrameworkCore.Storage.RelationalCommand.ExecuteReaderAsync(RelationalCommandParameterObject parameterObject, CancellationToken cancellationToken)
   at Microsoft.EntityFrameworkCore.Update.ReaderModificationCommandBatch.ExecuteAsync(IRelationalConnection connection, CancellationToken cancellationToken)
  Exception data:
    Severity: ERROR
    SqlState: 23503
    MessageText: insert or update on table "CrmSupportTickets" violates foreign key constraint "FK_CrmSupportTickets_CrmCustomers_CustomerId"
    Detail: Detail redacted as it may contain sensitive data. Specify 'Include Error Detail' in the connection string to include this information.
    SchemaName: public
    TableName: CrmSupportTickets
    ConstraintName: FK_CrmSupportTickets_CrmCustomers_CustomerId
    File: ri_triggers.c
    Line: 2783
    Routine: ri_ReportViolation
   --- End of inner exception stack trace ---
   at Microsoft.EntityFrameworkCore.Update.ReaderModificationCommandBatch.ExecuteAsync(IRelationalConnection connection, CancellationToken cancellationToken)
   at Microsoft.EntityFrameworkCore.Update.Internal.BatchExecutor.ExecuteAsync(IEnumerable`1 commandBatches, IRelationalConnection connection, CancellationToken cancellationToken)
   at Microsoft.EntityFrameworkCore.Update.Internal.BatchExecutor.ExecuteAsync(IEnumerable`1 commandBatches, IRelationalConnection connection, CancellationToken cancellationToken)
   at Microsoft.EntityFrameworkCore.Update.Internal.BatchExecutor.ExecuteAsync(IEnumerable`1 commandBatches, IRelationalConnection connection, CancellationToken cancellationToken)
   at Microsoft.EntityFrameworkCore.Storage.RelationalDatabase.SaveChangesAsync(IList`1 entries, CancellationToken cancellationToken)
   at Microsoft.EntityFrameworkCore.ChangeTracking.Internal.StateManager.SaveChangesAsync(IList`1 entriesToSave, CancellationToken cancellationToken)
   at Microsoft.EntityFrameworkCore.ChangeTracking.Internal.StateManager.SaveChangesAsync(StateManager stateManager, Boolean acceptAllChangesOnSuccess, CancellationToken cancellationToken)
   at Npgsql.EntityFrameworkCore.PostgreSQL.Storage.Internal.NpgsqlExecutionStrategy.ExecuteAsync[TState,TResult](TState state, Func`4 operation, Func`4 verifySucceeded, CancellationToken cancellationToken)
   at Microsoft.EntityFrameworkCore.DbContext.SaveChangesAsync(Boolean acceptAllChangesOnSuccess, CancellationToken cancellationToken)
Microsoft.EntityFrameworkCore.DbUpdateException: An error occurred while saving the entity changes. See the inner exception for details.
 ---> Npgsql.PostgresException (0x80004005): 23503: insert or update on table "CrmSupportTickets" violates foreign key constraint "FK_CrmSupportTickets_CrmCustomers_CustomerId"

DETAIL: Detail redacted as it may contain sensitive data. Specify 'Include Error Detail' in the connection string to include this information.
   at Npgsql.Internal.NpgsqlConnector.ReadMessageLong(Boolean async, DataRowLoadingMode dataRowLoadingMode, Boolean readingNotifications, Boolean isReadingPrependedMessage)
   at System.Runtime.CompilerServices.PoolingAsyncValueTaskMethodBuilder`1.StateMachineBox`1.System.Threading.Tasks.Sources.IValueTaskSource<TResult>.GetResult(Int16 token)
   at Npgsql.NpgsqlDataReader.NextResult(Boolean async, Boolean isConsuming, CancellationToken cancellationToken)
   at Npgsql.NpgsqlDataReader.NextResult(Boolean async, Boolean isConsuming, CancellationToken cancellationToken)
   at Npgsql.NpgsqlCommand.ExecuteReader(Boolean async, CommandBehavior behavior, CancellationToken cancellationToken)
   at Npgsql.NpgsqlCommand.ExecuteReader(Boolean async, CommandBehavior behavior, CancellationToken cancellationToken)
   at Npgsql.NpgsqlCommand.ExecuteDbDataReaderAsync(CommandBehavior behavior, CancellationToken cancellationToken)
   at Microsoft.EntityFrameworkCore.Storage.RelationalCommand.ExecuteReaderAsync(RelationalCommandParameterObject parameterObject, CancellationToken cancellationToken)
   at Microsoft.EntityFrameworkCore.Storage.RelationalCommand.ExecuteReaderAsync(RelationalCommandParameterObject parameterObject, CancellationToken cancellationToken)
   at Microsoft.EntityFrameworkCore.Update.ReaderModificationCommandBatch.ExecuteAsync(IRelationalConnection connection, CancellationToken cancellationToken)
  Exception data:
    Severity: ERROR
    SqlState: 23503
    MessageText: insert or update on table "CrmSupportTickets" violates foreign key constraint "FK_CrmSupportTickets_CrmCustomers_CustomerId"
    Detail: Detail redacted as it may contain sensitive data. Specify 'Include Error Detail' in the connection string to include this information.
    SchemaName: public
    TableName: CrmSupportTickets
    ConstraintName: FK_CrmSupportTickets_CrmCustomers_CustomerId
    File: ri_triggers.c
    Line: 2783
    Routine: ri_ReportViolation
   --- End of inner exception stack trace ---
   at Microsoft.EntityFrameworkCore.Update.ReaderModificationCommandBatch.ExecuteAsync(IRelationalConnection connection, CancellationToken cancellationToken)
   at Microsoft.EntityFrameworkCore.Update.Internal.BatchExecutor.ExecuteAsync(IEnumerable`1 commandBatches, IRelationalConnection connection, CancellationToken cancellationToken)
   at Microsoft.EntityFrameworkCore.Update.Internal.BatchExecutor.ExecuteAsync(IEnumerable`1 commandBatches, IRelationalConnection connection, CancellationToken cancellationToken)
   at Microsoft.EntityFrameworkCore.Update.Internal.BatchExecutor.ExecuteAsync(IEnumerable`1 commandBatches, IRelationalConnection connection, CancellationToken cancellationToken)
   at Microsoft.EntityFrameworkCore.Storage.RelationalDatabase.SaveChangesAsync(IList`1 entries, CancellationToken cancellationToken)
   at Microsoft.EntityFrameworkCore.ChangeTracking.Internal.StateManager.SaveChangesAsync(IList`1 entriesToSave, CancellationToken cancellationToken)
   at Microsoft.EntityFrameworkCore.ChangeTracking.Internal.StateManager.SaveChangesAsync(StateManager stateManager, Boolean acceptAllChangesOnSuccess, CancellationToken cancellationToken)
   at Npgsql.EntityFrameworkCore.PostgreSQL.Storage.Internal.NpgsqlExecutionStrategy.ExecuteAsync[TState,TResult](TState state, Func`4 operation, Func`4 verifySucceeded, CancellationToken cancellationToken)
   at Microsoft.EntityFrameworkCore.DbContext.SaveChangesAsync(Boolean acceptAllChangesOnSuccess, CancellationToken cancellationToken)
2026-06-30 15:57:59.299 +03:00 [ERR] Database migration or seed failed. Check PostgreSQL is running and ConnectionStrings:DefaultConnection is correct.
Microsoft.EntityFrameworkCore.DbUpdateException: An error occurred while saving the entity changes. See the inner exception for details.
 ---> Npgsql.PostgresException (0x80004005): 23503: insert or update on table "CrmSupportTickets" violates foreign key constraint "FK_CrmSupportTickets_CrmCustomers_CustomerId"

DETAIL: Detail redacted as it may contain sensitive data. Specify 'Include Error Detail' in the connection string to include this information.
   at Npgsql.Internal.NpgsqlConnector.ReadMessageLong(Boolean async, DataRowLoadingMode dataRowLoadingMode, Boolean readingNotifications, Boolean isReadingPrependedMessage)
   at System.Runtime.CompilerServices.PoolingAsyncValueTaskMethodBuilder`1.StateMachineBox`1.System.Threading.Tasks.Sources.IValueTaskSource<TResult>.GetResult(Int16 token)
   at Npgsql.NpgsqlDataReader.NextResult(Boolean async, Boolean isConsuming, CancellationToken cancellationToken)
   at Npgsql.NpgsqlDataReader.NextResult(Boolean async, Boolean isConsuming, CancellationToken cancellationToken)
   at Npgsql.NpgsqlCommand.ExecuteReader(Boolean async, CommandBehavior behavior, CancellationToken cancellationToken)
   at Npgsql.NpgsqlCommand.ExecuteReader(Boolean async, CommandBehavior behavior, CancellationToken cancellationToken)
   at Npgsql.NpgsqlCommand.ExecuteDbDataReaderAsync(CommandBehavior behavior, CancellationToken cancellationToken)
   at Microsoft.EntityFrameworkCore.Storage.RelationalCommand.ExecuteReaderAsync(RelationalCommandParameterObject parameterObject, CancellationToken cancellationToken)
   at Microsoft.EntityFrameworkCore.Storage.RelationalCommand.ExecuteReaderAsync(RelationalCommandParameterObject parameterObject, CancellationToken cancellationToken)
   at Microsoft.EntityFrameworkCore.Update.ReaderModificationCommandBatch.ExecuteAsync(IRelationalConnection connection, CancellationToken cancellationToken)
  Exception data:
    Severity: ERROR
    SqlState: 23503
    MessageText: insert or update on table "CrmSupportTickets" violates foreign key constraint "FK_CrmSupportTickets_CrmCustomers_CustomerId"
    Detail: Detail redacted as it may contain sensitive data. Specify 'Include Error Detail' in the connection string to include this information.
    SchemaName: public
    TableName: CrmSupportTickets
    ConstraintName: FK_CrmSupportTickets_CrmCustomers_CustomerId
    File: ri_triggers.c
    Line: 2783
    Routine: ri_ReportViolation
   --- End of inner exception stack trace ---
   at Microsoft.EntityFrameworkCore.Update.ReaderModificationCommandBatch.ExecuteAsync(IRelationalConnection connection, CancellationToken cancellationToken)
   at Microsoft.EntityFrameworkCore.Update.Internal.BatchExecutor.ExecuteAsync(IEnumerable`1 commandBatches, IRelationalConnection connection, CancellationToken cancellationToken)
   at Microsoft.EntityFrameworkCore.Update.Internal.BatchExecutor.ExecuteAsync(IEnumerable`1 commandBatches, IRelationalConnection connection, CancellationToken cancellationToken)
   at Microsoft.EntityFrameworkCore.Update.Internal.BatchExecutor.ExecuteAsync(IEnumerable`1 commandBatches, IRelationalConnection connection, CancellationToken cancellationToken)
   at Microsoft.EntityFrameworkCore.Storage.RelationalDatabase.SaveChangesAsync(IList`1 entries, CancellationToken cancellationToken)
   at Microsoft.EntityFrameworkCore.ChangeTracking.Internal.StateManager.SaveChangesAsync(IList`1 entriesToSave, CancellationToken cancellationToken)
   at Microsoft.EntityFrameworkCore.ChangeTracking.Internal.StateManager.SaveChangesAsync(StateManager stateManager, Boolean acceptAllChangesOnSuccess, CancellationToken cancellationToken)
   at Npgsql.EntityFrameworkCore.PostgreSQL.Storage.Internal.NpgsqlExecutionStrategy.ExecuteAsync[TState,TResult](TState state, Func`4 operation, Func`4 verifySucceeded, CancellationToken cancellationToken)
   at Microsoft.EntityFrameworkCore.DbContext.SaveChangesAsync(Boolean acceptAllChangesOnSuccess, CancellationToken cancellationToken)
   at Microsoft.EntityFrameworkCore.DbContext.SaveChangesAsync(Boolean acceptAllChangesOnSuccess, CancellationToken cancellationToken)
   at Biktal.Infrastructure.Persistence.CrmDataSeeder.SeedIfEmptyAsync(ApplicationDbContext db, CancellationToken cancellationToken)
   at Program.<Main>$(String[] args) in d:\Systems\BiktalSystems\Program.cs:line 71
2026-06-30 15:57:59.303 +03:00 [WRN] Continuing without a successful migration/seed. Auth and data pages may fail until the database is available.
2026-06-30 15:57:59.328 +03:00 [WRN] Using an in-memory repository. Keys will not be persisted to storage.
2026-06-30 15:57:59.329 +03:00 [WRN] Neither user profile nor HKLM registry available. Using an ephemeral key repository. Protected data will be unavailable when application exits.
2026-06-30 15:57:59.350 +03:00 [WRN] No XML encryptor configured. Key {3fe50035-4248-4d9a-b26a-faaae7e5d6fa} may be persisted to storage in unencrypted form.
2026-06-30 15:57:59.429 +03:00 [INF] Application started. Press Ctrl+C to shut down.
2026-06-30 15:57:59.429 +03:00 [INF] Hosting environment: Production
2026-06-30 15:57:59.429 +03:00 [INF] Content root path: D:\Systems\BiktalSystems\publish
2026-06-30 15:57:59.549 +03:00 [INF] HTTP GET /Inventory responded 302 in 93.4457 ms
2026-06-30 15:57:59.723 +03:00 [ERR] An exception was thrown while deserializing the token.
Microsoft.AspNetCore.Antiforgery.AntiforgeryValidationException: The antiforgery token could not be decrypted.
 ---> System.Security.Cryptography.CryptographicException: The key {a721b20c-bd18-4b43-97dd-25d4ed65d9e4} was not found in the key ring. For more information go to https://aka.ms/aspnet/dataprotectionwarning
   at Microsoft.AspNetCore.DataProtection.KeyManagement.KeyRingBasedDataProtector.UnprotectCore(Byte[] protectedData, Boolean allowOperationsOnRevokedKeys, UnprotectStatus& status)
   at Microsoft.AspNetCore.DataProtection.KeyManagement.KeyRingBasedDataProtector.Unprotect(Byte[] protectedData)
   at Microsoft.AspNetCore.Antiforgery.DefaultAntiforgeryTokenSerializer.Deserialize(String serializedToken)
   --- End of inner exception stack trace ---
   at Microsoft.AspNetCore.Antiforgery.DefaultAntiforgeryTokenSerializer.Deserialize(String serializedToken)
   at Microsoft.AspNetCore.Antiforgery.DefaultAntiforgery.GetCookieTokenDoesNotThrow(HttpContext httpContext)
2026-06-30 15:57:59.843 +03:00 [INF] HTTP GET /Account/Login responded 200 in 274.0748 ms
2026-06-30 15:58:00.035 +03:00 [INF] HTTP GET /css/site.css responded 200 in 115.0280 ms
2026-06-30 15:58:00.035 +03:00 [INF] HTTP GET /js/site.js responded 200 in 107.4366 ms
2026-06-30 15:58:00.035 +03:00 [INF] HTTP GET /lib/jquery-validation-unobtrusive/dist/jquery.validate.unobtrusive.min.js responded 200 in 104.6090 ms
2026-06-30 15:58:00.036 +03:00 [INF] HTTP GET /lib/jquery-validation/dist/jquery.validate.min.js responded 200 in 104.6716 ms
2026-06-30 15:58:00.036 +03:00 [INF] HTTP GET /Biktal.WebMVC.styles.css responded 200 in 101.1183 ms
2026-06-30 15:58:00.036 +03:00 [INF] HTTP GET /lib/jquery/dist/jquery.min.js responded 200 in 66.0600 ms
2026-06-30 15:58:00.037 +03:00 [INF] HTTP GET /lib/bootstrap/dist/css/bootstrap.min.css responded 200 in 103.0773 ms
2026-06-30 15:58:00.040 +03:00 [INF] HTTP GET /lib/bootstrap/dist/js/bootstrap.bundle.min.js responded 200 in 113.5505 ms
2026-06-30 15:58:11.434 +03:00 [INF] HTTP POST /Account/Login responded 302 in 544.1202 ms
2026-06-30 15:58:11.619 +03:00 [INF] HTTP GET /Inventory responded 200 in 176.7690 ms
2026-06-30 15:58:11.703 +03:00 [INF] HTTP GET /css/site.css responded 304 in 11.8009 ms
2026-06-30 15:58:11.703 +03:00 [INF] HTTP GET /lib/bootstrap/dist/css/bootstrap.min.css responded 304 in 22.8368 ms
2026-06-30 15:58:11.734 +03:00 [INF] HTTP GET /lib/jquery/dist/jquery.min.js responded 304 in 25.2089 ms
2026-06-30 15:58:11.734 +03:00 [INF] HTTP GET /Biktal.WebMVC.styles.css responded 304 in 25.7752 ms
2026-06-30 15:58:11.767 +03:00 [INF] HTTP GET /js/site.js responded 304 in 23.8243 ms
2026-06-30 15:58:11.853 +03:00 [INF] HTTP GET /lib/bootstrap/dist/js/bootstrap.bundle.min.js responded 304 in 144.2844 ms
2026-06-30 15:58:18.880 +03:00 [INF] HTTP GET /css/site.css responded 304 in 1.2430 ms
2026-06-30 15:58:18.882 +03:00 [INF] HTTP GET /lib/bootstrap/dist/css/bootstrap.min.css responded 200 in 4.7339 ms
2026-06-30 15:58:18.884 +03:00 [INF] HTTP GET /Biktal.WebMVC.styles.css responded 304 in 2.7968 ms
2026-06-30 15:58:18.885 +03:00 [INF] HTTP GET /Inventory/Products responded 200 in 587.2665 ms
2026-06-30 15:58:19.686 +03:00 [INF] HTTP GET /lib/jquery/dist/jquery.min.js responded 304 in 0.7164 ms
2026-06-30 15:58:19.710 +03:00 [INF] HTTP GET /lib/bootstrap/dist/js/bootstrap.bundle.min.js responded 304 in 1.1797 ms
2026-06-30 15:58:19.711 +03:00 [INF] HTTP GET /js/site.js responded 304 in 1.1880 ms
2026-06-30 15:58:19.719 +03:00 [INF] HTTP GET /js/products-catalog-filter.js responded 200 in 1.6220 ms
2026-06-30 15:58:19.733 +03:00 [INF] HTTP GET /lib/jquery-validation/dist/jquery.validate.min.js responded 304 in 21.2428 ms
2026-06-30 15:58:19.733 +03:00 [INF] HTTP GET /lib/jquery-validation-unobtrusive/dist/jquery.validate.unobtrusive.min.js responded 304 in 16.1406 ms
2026-06-30 16:18:42.474 +03:00 [INF] Application is shutting down...
2026-06-30 16:38:04.949 +03:00 [ERR] Failed executing DbCommand (8ms) [Parameters=[@p0='?' (DbType = Guid), @p1='?' (DbType = DateTime), @p2='?' (DbType = Guid), @p3='?', @p4='?' (DbType = DateTime), @p5='?' (DbType = Int32), @p6='?' (DbType = Int32), @p7='?', @p8='?', @p9='?' (DbType = Guid), @p10='?' (DbType = DateTime), @p11='?' (DbType = Guid), @p12='?', @p13='?' (DbType = DateTime), @p14='?' (DbType = Int32), @p15='?' (DbType = Int32), @p16='?', @p17='?'], CommandType='"Text"', CommandTimeout='30']
INSERT INTO "CrmSupportTickets" ("Id", "CreatedAtUtc", "CustomerId", "Description", "ModifiedAtUtc", "Priority", "Status", "Subject", "TicketNumber")
VALUES (@p0, @p1, @p2, @p3, @p4, @p5, @p6, @p7, @p8);
INSERT INTO "CrmSupportTickets" ("Id", "CreatedAtUtc", "CustomerId", "Description", "ModifiedAtUtc", "Priority", "Status", "Subject", "TicketNumber")
VALUES (@p9, @p10, @p11, @p12, @p13, @p14, @p15, @p16, @p17);
2026-06-30 16:38:05.024 +03:00 [ERR] An exception occurred in the database while saving changes for context type 'Biktal.Infrastructure.Persistence.ApplicationDbContext'.
Microsoft.EntityFrameworkCore.DbUpdateException: An error occurred while saving the entity changes. See the inner exception for details.
 ---> Npgsql.PostgresException (0x80004005): 23503: insert or update on table "CrmSupportTickets" violates foreign key constraint "FK_CrmSupportTickets_CrmCustomers_CustomerId"

DETAIL: Detail redacted as it may contain sensitive data. Specify 'Include Error Detail' in the connection string to include this information.
   at Npgsql.Internal.NpgsqlConnector.ReadMessageLong(Boolean async, DataRowLoadingMode dataRowLoadingMode, Boolean readingNotifications, Boolean isReadingPrependedMessage)
   at System.Runtime.CompilerServices.PoolingAsyncValueTaskMethodBuilder`1.StateMachineBox`1.System.Threading.Tasks.Sources.IValueTaskSource<TResult>.GetResult(Int16 token)
   at Npgsql.NpgsqlDataReader.NextResult(Boolean async, Boolean isConsuming, CancellationToken cancellationToken)
   at Npgsql.NpgsqlDataReader.NextResult(Boolean async, Boolean isConsuming, CancellationToken cancellationToken)
   at Npgsql.NpgsqlCommand.ExecuteReader(Boolean async, CommandBehavior behavior, CancellationToken cancellationToken)
   at Npgsql.NpgsqlCommand.ExecuteReader(Boolean async, CommandBehavior behavior, CancellationToken cancellationToken)
   at Npgsql.NpgsqlCommand.ExecuteDbDataReaderAsync(CommandBehavior behavior, CancellationToken cancellationToken)
   at Microsoft.EntityFrameworkCore.Storage.RelationalCommand.ExecuteReaderAsync(RelationalCommandParameterObject parameterObject, CancellationToken cancellationToken)
   at Microsoft.EntityFrameworkCore.Storage.RelationalCommand.ExecuteReaderAsync(RelationalCommandParameterObject parameterObject, CancellationToken cancellationToken)
   at Microsoft.EntityFrameworkCore.Update.ReaderModificationCommandBatch.ExecuteAsync(IRelationalConnection connection, CancellationToken cancellationToken)
  Exception data:
    Severity: ERROR
    SqlState: 23503
    MessageText: insert or update on table "CrmSupportTickets" violates foreign key constraint "FK_CrmSupportTickets_CrmCustomers_CustomerId"
    Detail: Detail redacted as it may contain sensitive data. Specify 'Include Error Detail' in the connection string to include this information.
    SchemaName: public
    TableName: CrmSupportTickets
    ConstraintName: FK_CrmSupportTickets_CrmCustomers_CustomerId
    File: ri_triggers.c
    Line: 2783
    Routine: ri_ReportViolation
   --- End of inner exception stack trace ---
   at Microsoft.EntityFrameworkCore.Update.ReaderModificationCommandBatch.ExecuteAsync(IRelationalConnection connection, CancellationToken cancellationToken)
   at Microsoft.EntityFrameworkCore.Update.Internal.BatchExecutor.ExecuteAsync(IEnumerable`1 commandBatches, IRelationalConnection connection, CancellationToken cancellationToken)
   at Microsoft.EntityFrameworkCore.Update.Internal.BatchExecutor.ExecuteAsync(IEnumerable`1 commandBatches, IRelationalConnection connection, CancellationToken cancellationToken)
   at Microsoft.EntityFrameworkCore.Update.Internal.BatchExecutor.ExecuteAsync(IEnumerable`1 commandBatches, IRelationalConnection connection, CancellationToken cancellationToken)
   at Microsoft.EntityFrameworkCore.Storage.RelationalDatabase.SaveChangesAsync(IList`1 entries, CancellationToken cancellationToken)
   at Microsoft.EntityFrameworkCore.ChangeTracking.Internal.StateManager.SaveChangesAsync(IList`1 entriesToSave, CancellationToken cancellationToken)
   at Microsoft.EntityFrameworkCore.ChangeTracking.Internal.StateManager.SaveChangesAsync(StateManager stateManager, Boolean acceptAllChangesOnSuccess, CancellationToken cancellationToken)
   at Npgsql.EntityFrameworkCore.PostgreSQL.Storage.Internal.NpgsqlExecutionStrategy.ExecuteAsync[TState,TResult](TState state, Func`4 operation, Func`4 verifySucceeded, CancellationToken cancellationToken)
   at Microsoft.EntityFrameworkCore.DbContext.SaveChangesAsync(Boolean acceptAllChangesOnSuccess, CancellationToken cancellationToken)
Microsoft.EntityFrameworkCore.DbUpdateException: An error occurred while saving the entity changes. See the inner exception for details.
 ---> Npgsql.PostgresException (0x80004005): 23503: insert or update on table "CrmSupportTickets" violates foreign key constraint "FK_CrmSupportTickets_CrmCustomers_CustomerId"

DETAIL: Detail redacted as it may contain sensitive data. Specify 'Include Error Detail' in the connection string to include this information.
   at Npgsql.Internal.NpgsqlConnector.ReadMessageLong(Boolean async, DataRowLoadingMode dataRowLoadingMode, Boolean readingNotifications, Boolean isReadingPrependedMessage)
   at System.Runtime.CompilerServices.PoolingAsyncValueTaskMethodBuilder`1.StateMachineBox`1.System.Threading.Tasks.Sources.IValueTaskSource<TResult>.GetResult(Int16 token)
   at Npgsql.NpgsqlDataReader.NextResult(Boolean async, Boolean isConsuming, CancellationToken cancellationToken)
   at Npgsql.NpgsqlDataReader.NextResult(Boolean async, Boolean isConsuming, CancellationToken cancellationToken)
   at Npgsql.NpgsqlCommand.ExecuteReader(Boolean async, CommandBehavior behavior, CancellationToken cancellationToken)
   at Npgsql.NpgsqlCommand.ExecuteReader(Boolean async, CommandBehavior behavior, CancellationToken cancellationToken)
   at Npgsql.NpgsqlCommand.ExecuteDbDataReaderAsync(CommandBehavior behavior, CancellationToken cancellationToken)
   at Microsoft.EntityFrameworkCore.Storage.RelationalCommand.ExecuteReaderAsync(RelationalCommandParameterObject parameterObject, CancellationToken cancellationToken)
   at Microsoft.EntityFrameworkCore.Storage.RelationalCommand.ExecuteReaderAsync(RelationalCommandParameterObject parameterObject, CancellationToken cancellationToken)
   at Microsoft.EntityFrameworkCore.Update.ReaderModificationCommandBatch.ExecuteAsync(IRelationalConnection connection, CancellationToken cancellationToken)
  Exception data:
    Severity: ERROR
    SqlState: 23503
    MessageText: insert or update on table "CrmSupportTickets" violates foreign key constraint "FK_CrmSupportTickets_CrmCustomers_CustomerId"
    Detail: Detail redacted as it may contain sensitive data. Specify 'Include Error Detail' in the connection string to include this information.
    SchemaName: public
    TableName: CrmSupportTickets
    ConstraintName: FK_CrmSupportTickets_CrmCustomers_CustomerId
    File: ri_triggers.c
    Line: 2783
    Routine: ri_ReportViolation
   --- End of inner exception stack trace ---
   at Microsoft.EntityFrameworkCore.Update.ReaderModificationCommandBatch.ExecuteAsync(IRelationalConnection connection, CancellationToken cancellationToken)
   at Microsoft.EntityFrameworkCore.Update.Internal.BatchExecutor.ExecuteAsync(IEnumerable`1 commandBatches, IRelationalConnection connection, CancellationToken cancellationToken)
   at Microsoft.EntityFrameworkCore.Update.Internal.BatchExecutor.ExecuteAsync(IEnumerable`1 commandBatches, IRelationalConnection connection, CancellationToken cancellationToken)
   at Microsoft.EntityFrameworkCore.Update.Internal.BatchExecutor.ExecuteAsync(IEnumerable`1 commandBatches, IRelationalConnection connection, CancellationToken cancellationToken)
   at Microsoft.EntityFrameworkCore.Storage.RelationalDatabase.SaveChangesAsync(IList`1 entries, CancellationToken cancellationToken)
   at Microsoft.EntityFrameworkCore.ChangeTracking.Internal.StateManager.SaveChangesAsync(IList`1 entriesToSave, CancellationToken cancellationToken)
   at Microsoft.EntityFrameworkCore.ChangeTracking.Internal.StateManager.SaveChangesAsync(StateManager stateManager, Boolean acceptAllChangesOnSuccess, CancellationToken cancellationToken)
   at Npgsql.EntityFrameworkCore.PostgreSQL.Storage.Internal.NpgsqlExecutionStrategy.ExecuteAsync[TState,TResult](TState state, Func`4 operation, Func`4 verifySucceeded, CancellationToken cancellationToken)
   at Microsoft.EntityFrameworkCore.DbContext.SaveChangesAsync(Boolean acceptAllChangesOnSuccess, CancellationToken cancellationToken)
2026-06-30 16:38:05.029 +03:00 [ERR] Database migration or seed failed. Check PostgreSQL is running and ConnectionStrings:DefaultConnection is correct.
Microsoft.EntityFrameworkCore.DbUpdateException: An error occurred while saving the entity changes. See the inner exception for details.
 ---> Npgsql.PostgresException (0x80004005): 23503: insert or update on table "CrmSupportTickets" violates foreign key constraint "FK_CrmSupportTickets_CrmCustomers_CustomerId"

DETAIL: Detail redacted as it may contain sensitive data. Specify 'Include Error Detail' in the connection string to include this information.
   at Npgsql.Internal.NpgsqlConnector.ReadMessageLong(Boolean async, DataRowLoadingMode dataRowLoadingMode, Boolean readingNotifications, Boolean isReadingPrependedMessage)
   at System.Runtime.CompilerServices.PoolingAsyncValueTaskMethodBuilder`1.StateMachineBox`1.System.Threading.Tasks.Sources.IValueTaskSource<TResult>.GetResult(Int16 token)
   at Npgsql.NpgsqlDataReader.NextResult(Boolean async, Boolean isConsuming, CancellationToken cancellationToken)
   at Npgsql.NpgsqlDataReader.NextResult(Boolean async, Boolean isConsuming, CancellationToken cancellationToken)
   at Npgsql.NpgsqlCommand.ExecuteReader(Boolean async, CommandBehavior behavior, CancellationToken cancellationToken)
   at Npgsql.NpgsqlCommand.ExecuteReader(Boolean async, CommandBehavior behavior, CancellationToken cancellationToken)
   at Npgsql.NpgsqlCommand.ExecuteDbDataReaderAsync(CommandBehavior behavior, CancellationToken cancellationToken)
   at Microsoft.EntityFrameworkCore.Storage.RelationalCommand.ExecuteReaderAsync(RelationalCommandParameterObject parameterObject, CancellationToken cancellationToken)
   at Microsoft.EntityFrameworkCore.Storage.RelationalCommand.ExecuteReaderAsync(RelationalCommandParameterObject parameterObject, CancellationToken cancellationToken)
   at Microsoft.EntityFrameworkCore.Update.ReaderModificationCommandBatch.ExecuteAsync(IRelationalConnection connection, CancellationToken cancellationToken)
  Exception data:
    Severity: ERROR
    SqlState: 23503
    MessageText: insert or update on table "CrmSupportTickets" violates foreign key constraint "FK_CrmSupportTickets_CrmCustomers_CustomerId"
    Detail: Detail redacted as it may contain sensitive data. Specify 'Include Error Detail' in the connection string to include this information.
    SchemaName: public
    TableName: CrmSupportTickets
    ConstraintName: FK_CrmSupportTickets_CrmCustomers_CustomerId
    File: ri_triggers.c
    Line: 2783
    Routine: ri_ReportViolation
   --- End of inner exception stack trace ---
   at Microsoft.EntityFrameworkCore.Update.ReaderModificationCommandBatch.ExecuteAsync(IRelationalConnection connection, CancellationToken cancellationToken)
   at Microsoft.EntityFrameworkCore.Update.Internal.BatchExecutor.ExecuteAsync(IEnumerable`1 commandBatches, IRelationalConnection connection, CancellationToken cancellationToken)
   at Microsoft.EntityFrameworkCore.Update.Internal.BatchExecutor.ExecuteAsync(IEnumerable`1 commandBatches, IRelationalConnection connection, CancellationToken cancellationToken)
   at Microsoft.EntityFrameworkCore.Update.Internal.BatchExecutor.ExecuteAsync(IEnumerable`1 commandBatches, IRelationalConnection connection, CancellationToken cancellationToken)
   at Microsoft.EntityFrameworkCore.Storage.RelationalDatabase.SaveChangesAsync(IList`1 entries, CancellationToken cancellationToken)
   at Microsoft.EntityFrameworkCore.ChangeTracking.Internal.StateManager.SaveChangesAsync(IList`1 entriesToSave, CancellationToken cancellationToken)
   at Microsoft.EntityFrameworkCore.ChangeTracking.Internal.StateManager.SaveChangesAsync(StateManager stateManager, Boolean acceptAllChangesOnSuccess, CancellationToken cancellationToken)
   at Npgsql.EntityFrameworkCore.PostgreSQL.Storage.Internal.NpgsqlExecutionStrategy.ExecuteAsync[TState,TResult](TState state, Func`4 operation, Func`4 verifySucceeded, CancellationToken cancellationToken)
   at Microsoft.EntityFrameworkCore.DbContext.SaveChangesAsync(Boolean acceptAllChangesOnSuccess, CancellationToken cancellationToken)
   at Microsoft.EntityFrameworkCore.DbContext.SaveChangesAsync(Boolean acceptAllChangesOnSuccess, CancellationToken cancellationToken)
   at Biktal.Infrastructure.Persistence.CrmDataSeeder.SeedIfEmptyAsync(ApplicationDbContext db, CancellationToken cancellationToken)
   at Program.<Main>$(String[] args) in d:\Systems\BiktalSystems\Program.cs:line 71
2026-06-30 16:38:05.034 +03:00 [WRN] Continuing without a successful migration/seed. Auth and data pages may fail until the database is available.
2026-06-30 16:38:05.060 +03:00 [WRN] Using an in-memory repository. Keys will not be persisted to storage.
2026-06-30 16:38:05.060 +03:00 [WRN] Neither user profile nor HKLM registry available. Using an ephemeral key repository. Protected data will be unavailable when application exits.
2026-06-30 16:38:05.078 +03:00 [WRN] No XML encryptor configured. Key {137c55a4-7736-4c34-98b8-2c9bc95a692e} may be persisted to storage in unencrypted form.
2026-06-30 16:38:05.128 +03:00 [INF] Application started. Press Ctrl+C to shut down.
2026-06-30 16:38:05.128 +03:00 [INF] Hosting environment: Production
2026-06-30 16:38:05.129 +03:00 [INF] Content root path: D:\Systems\BiktalSystems\publish
2026-06-30 16:38:05.240 +03:00 [INF] HTTP GET /Inventory/Products responded 302 in 90.1487 ms
2026-06-30 16:38:05.393 +03:00 [ERR] An exception was thrown while deserializing the token.
Microsoft.AspNetCore.Antiforgery.AntiforgeryValidationException: The antiforgery token could not be decrypted.
 ---> System.Security.Cryptography.CryptographicException: The key {3fe50035-4248-4d9a-b26a-faaae7e5d6fa} was not found in the key ring. For more information go to https://aka.ms/aspnet/dataprotectionwarning
   at Microsoft.AspNetCore.DataProtection.KeyManagement.KeyRingBasedDataProtector.UnprotectCore(Byte[] protectedData, Boolean allowOperationsOnRevokedKeys, UnprotectStatus& status)
   at Microsoft.AspNetCore.DataProtection.KeyManagement.KeyRingBasedDataProtector.Unprotect(Byte[] protectedData)
   at Microsoft.AspNetCore.Antiforgery.DefaultAntiforgeryTokenSerializer.Deserialize(String serializedToken)
   --- End of inner exception stack trace ---
   at Microsoft.AspNetCore.Antiforgery.DefaultAntiforgeryTokenSerializer.Deserialize(String serializedToken)
   at Microsoft.AspNetCore.Antiforgery.DefaultAntiforgery.GetCookieTokenDoesNotThrow(HttpContext httpContext)
2026-06-30 16:38:05.488 +03:00 [INF] HTTP GET /Account/Login responded 200 in 228.6410 ms
2026-06-30 16:38:05.682 +03:00 [INF] HTTP GET /lib/jquery-validation/dist/jquery.validate.min.js responded 200 in 85.3110 ms
2026-06-30 16:38:05.684 +03:00 [INF] HTTP GET /js/site.js responded 200 in 91.5595 ms
2026-06-30 16:38:05.685 +03:00 [INF] HTTP GET /lib/bootstrap/dist/js/bootstrap.bundle.min.js responded 200 in 92.2000 ms
2026-06-30 16:38:05.685 +03:00 [INF] HTTP GET /css/site.css responded 200 in 96.9775 ms
2026-06-30 16:38:05.684 +03:00 [INF] HTTP GET /lib/jquery-validation-unobtrusive/dist/jquery.validate.unobtrusive.min.js responded 200 in 60.9156 ms
2026-06-30 16:38:05.686 +03:00 [INF] HTTP GET /Biktal.WebMVC.styles.css responded 200 in 94.5703 ms
2026-06-30 16:38:05.686 +03:00 [INF] HTTP GET /lib/bootstrap/dist/css/bootstrap.min.css responded 200 in 108.4865 ms
2026-06-30 16:38:05.686 +03:00 [INF] HTTP GET /lib/jquery/dist/jquery.min.js responded 200 in 91.1575 ms
2026-06-30 16:38:14.629 +03:00 [INF] HTTP POST /Account/Login responded 302 in 561.0305 ms
2026-06-30 16:38:15.187 +03:00 [INF] HTTP GET /Inventory/Products responded 200 in 552.0578 ms
2026-06-30 16:38:15.219 +03:00 [INF] HTTP GET /css/site.css responded 200 in 7.2523 ms
2026-06-30 16:38:15.220 +03:00 [INF] HTTP GET /lib/bootstrap/dist/css/bootstrap.min.css responded 200 in 17.2124 ms
2026-06-30 16:38:15.270 +03:00 [INF] HTTP GET /Biktal.WebMVC.styles.css responded 200 in 48.6072 ms
2026-06-30 16:38:16.127 +03:00 [INF] HTTP GET /lib/jquery/dist/jquery.min.js responded 304 in 30.6215 ms
2026-06-30 16:38:16.148 +03:00 [INF] HTTP GET /lib/jquery-validation/dist/jquery.validate.min.js responded 304 in 19.8540 ms
2026-06-30 16:38:16.153 +03:00 [INF] HTTP GET /lib/jquery-validation-unobtrusive/dist/jquery.validate.unobtrusive.min.js responded 304 in 12.1896 ms
2026-06-30 16:38:16.160 +03:00 [INF] HTTP GET /js/products-catalog-filter.js responded 200 in 11.8691 ms
2026-06-30 16:38:16.160 +03:00 [INF] HTTP GET /js/site.js responded 304 in 32.6094 ms
2026-06-30 16:38:16.291 +03:00 [INF] HTTP GET /lib/bootstrap/dist/js/bootstrap.bundle.min.js responded 304 in 165.3640 ms
2026-06-30 16:44:43.163 +03:00 [INF] HTTP POST /Inventory/EditProduct responded 302 in 295.9102 ms
2026-06-30 16:44:43.353 +03:00 [INF] HTTP GET /Inventory/Products responded 200 in 177.6168 ms
2026-06-30 16:44:43.359 +03:00 [INF] HTTP GET /css/site.css responded 200 in 2.2889 ms
2026-06-30 16:44:43.360 +03:00 [INF] HTTP GET /Biktal.WebMVC.styles.css responded 200 in 1.0297 ms
2026-06-30 16:44:43.360 +03:00 [INF] HTTP GET /lib/bootstrap/dist/css/bootstrap.min.css responded 200 in 1.5171 ms
2026-06-30 16:44:44.442 +03:00 [INF] HTTP GET /lib/jquery/dist/jquery.min.js responded 200 in 1.4164 ms
2026-06-30 16:44:44.468 +03:00 [INF] HTTP GET /js/site.js responded 200 in 1.4114 ms
2026-06-30 16:44:44.468 +03:00 [INF] HTTP GET /lib/bootstrap/dist/js/bootstrap.bundle.min.js responded 200 in 1.2394 ms
2026-06-30 16:44:44.469 +03:00 [INF] HTTP GET /js/products-catalog-filter.js responded 200 in 1.8393 ms
2026-06-30 16:44:44.469 +03:00 [INF] HTTP GET /lib/jquery-validation-unobtrusive/dist/jquery.validate.unobtrusive.min.js responded 200 in 1.4263 ms
2026-06-30 16:44:44.471 +03:00 [INF] HTTP GET /lib/jquery-validation/dist/jquery.validate.min.js responded 200 in 2.2387 ms
2026-06-30 16:44:47.063 +03:00 [WRN] The query uses the 'First'/'FirstOrDefault' operator without 'OrderBy' and filter operators. This may lead to unpredictable results.
2026-06-30 16:44:47.106 +03:00 [INF] HTTP GET /Pos responded 200 in 75.4699 ms
2026-06-30 16:44:47.172 +03:00 [INF] HTTP GET /lib/bootstrap/dist/css/bootstrap.min.css responded 304 in 0.8359 ms
2026-06-30 16:44:47.173 +03:00 [INF] HTTP GET /css/site.css responded 304 in 1.4080 ms
2026-06-30 16:44:47.179 +03:00 [INF] HTTP GET /Biktal.WebMVC.styles.css responded 304 in 0.8936 ms
2026-06-30 16:44:47.179 +03:00 [INF] HTTP GET /lib/jquery/dist/jquery.min.js responded 304 in 0.8097 ms
2026-06-30 16:44:47.186 +03:00 [INF] HTTP GET /js/site.js responded 304 in 0.9291 ms
2026-06-30 16:44:47.186 +03:00 [INF] HTTP GET /lib/bootstrap/dist/js/bootstrap.bundle.min.js responded 304 in 0.9439 ms
2026-06-30 16:44:47.192 +03:00 [INF] HTTP GET /js/pos.js responded 200 in 2.4048 ms
2026-06-30 16:45:31.599 +03:00 [INF] HTTP GET /Inventory responded 200 in 159.4502 ms
2026-06-30 16:45:31.676 +03:00 [INF] HTTP GET /lib/bootstrap/dist/css/bootstrap.min.css responded 200 in 4.2218 ms
2026-06-30 16:45:31.683 +03:00 [INF] HTTP GET /Biktal.WebMVC.styles.css responded 304 in 1.4632 ms
2026-06-30 16:45:31.684 +03:00 [INF] HTTP GET /css/site.css responded 304 in 0.9380 ms
2026-06-30 16:45:31.687 +03:00 [INF] HTTP GET /lib/jquery/dist/jquery.min.js responded 304 in 0.9574 ms
2026-06-30 16:45:31.688 +03:00 [INF] HTTP GET /js/site.js responded 304 in 0.6219 ms
2026-06-30 16:45:31.688 +03:00 [INF] HTTP GET /lib/bootstrap/dist/js/bootstrap.bundle.min.js responded 304 in 0.7131 ms
2026-06-30 16:45:35.388 +03:00 [INF] HTTP GET /Inventory/Products responded 200 in 86.2426 ms
2026-06-30 16:45:35.435 +03:00 [INF] HTTP GET /lib/bootstrap/dist/css/bootstrap.min.css responded 304 in 0.7308 ms
2026-06-30 16:45:35.435 +03:00 [INF] HTTP GET /css/site.css responded 304 in 0.8397 ms
2026-06-30 16:45:35.439 +03:00 [INF] HTTP GET /Biktal.WebMVC.styles.css responded 304 in 1.7078 ms
2026-06-30 16:45:36.225 +03:00 [INF] HTTP GET /lib/jquery/dist/jquery.min.js responded 304 in 0.4789 ms
2026-06-30 16:45:36.250 +03:00 [INF] HTTP GET /js/site.js responded 304 in 0.6082 ms
2026-06-30 16:45:36.251 +03:00 [INF] HTTP GET /js/products-catalog-filter.js responded 304 in 0.4598 ms
2026-06-30 16:45:36.251 +03:00 [INF] HTTP GET /lib/jquery-validation/dist/jquery.validate.min.js responded 304 in 0.4377 ms
2026-06-30 16:45:36.251 +03:00 [INF] HTTP GET /lib/bootstrap/dist/js/bootstrap.bundle.min.js responded 304 in 1.4477 ms
2026-06-30 16:45:36.254 +03:00 [INF] HTTP GET /lib/jquery-validation-unobtrusive/dist/jquery.validate.unobtrusive.min.js responded 304 in 2.2912 ms
2026-06-30 16:45:47.204 +03:00 [INF] HTTP GET /Pos responded 200 in 22.0767 ms
2026-06-30 16:45:47.276 +03:00 [INF] HTTP GET /lib/bootstrap/dist/css/bootstrap.min.css responded 304 in 4.2818 ms
2026-06-30 16:45:47.283 +03:00 [INF] HTTP GET /css/site.css responded 304 in 1.7374 ms
2026-06-30 16:45:47.284 +03:00 [INF] HTTP GET /lib/jquery/dist/jquery.min.js responded 304 in 0.9810 ms
2026-06-30 16:45:47.284 +03:00 [INF] HTTP GET /Biktal.WebMVC.styles.css responded 304 in 0.5545 ms
2026-06-30 16:45:47.291 +03:00 [INF] HTTP GET /lib/bootstrap/dist/js/bootstrap.bundle.min.js responded 304 in 2.8411 ms
2026-06-30 16:45:47.297 +03:00 [INF] HTTP GET /js/site.js responded 304 in 4.8383 ms
2026-06-30 16:45:47.298 +03:00 [INF] HTTP GET /js/pos.js responded 304 in 0.5325 ms
2026-06-30 16:46:03.305 +03:00 [INF] HTTP POST /Pos/CompleteSale responded 200 in 548.8740 ms
2026-06-30 17:06:44.826 +03:00 [INF] Application is shutting down...
2026-06-30 18:06:01.115 +03:00 [ERR] Failed executing DbCommand (20ms) [Parameters=[@p0='?' (DbType = Guid), @p1='?' (DbType = DateTime), @p2='?' (DbType = Guid), @p3='?', @p4='?' (DbType = DateTime), @p5='?' (DbType = Int32), @p6='?' (DbType = Int32), @p7='?', @p8='?', @p9='?' (DbType = Guid), @p10='?' (DbType = DateTime), @p11='?' (DbType = Guid), @p12='?', @p13='?' (DbType = DateTime), @p14='?' (DbType = Int32), @p15='?' (DbType = Int32), @p16='?', @p17='?'], CommandType='"Text"', CommandTimeout='30']
INSERT INTO "CrmSupportTickets" ("Id", "CreatedAtUtc", "CustomerId", "Description", "ModifiedAtUtc", "Priority", "Status", "Subject", "TicketNumber")
VALUES (@p0, @p1, @p2, @p3, @p4, @p5, @p6, @p7, @p8);
INSERT INTO "CrmSupportTickets" ("Id", "CreatedAtUtc", "CustomerId", "Description", "ModifiedAtUtc", "Priority", "Status", "Subject", "TicketNumber")
VALUES (@p9, @p10, @p11, @p12, @p13, @p14, @p15, @p16, @p17);
2026-06-30 18:06:01.193 +03:00 [ERR] An exception occurred in the database while saving changes for context type 'Biktal.Infrastructure.Persistence.ApplicationDbContext'.
Microsoft.EntityFrameworkCore.DbUpdateException: An error occurred while saving the entity changes. See the inner exception for details.
 ---> Npgsql.PostgresException (0x80004005): 23503: insert or update on table "CrmSupportTickets" violates foreign key constraint "FK_CrmSupportTickets_CrmCustomers_CustomerId"

DETAIL: Detail redacted as it may contain sensitive data. Specify 'Include Error Detail' in the connection string to include this information.
   at Npgsql.Internal.NpgsqlConnector.ReadMessageLong(Boolean async, DataRowLoadingMode dataRowLoadingMode, Boolean readingNotifications, Boolean isReadingPrependedMessage)
   at System.Runtime.CompilerServices.PoolingAsyncValueTaskMethodBuilder`1.StateMachineBox`1.System.Threading.Tasks.Sources.IValueTaskSource<TResult>.GetResult(Int16 token)
   at Npgsql.NpgsqlDataReader.NextResult(Boolean async, Boolean isConsuming, CancellationToken cancellationToken)
   at Npgsql.NpgsqlDataReader.NextResult(Boolean async, Boolean isConsuming, CancellationToken cancellationToken)
   at Npgsql.NpgsqlCommand.ExecuteReader(Boolean async, CommandBehavior behavior, CancellationToken cancellationToken)
   at Npgsql.NpgsqlCommand.ExecuteReader(Boolean async, CommandBehavior behavior, CancellationToken cancellationToken)
   at Npgsql.NpgsqlCommand.ExecuteDbDataReaderAsync(CommandBehavior behavior, CancellationToken cancellationToken)
   at Microsoft.EntityFrameworkCore.Storage.RelationalCommand.ExecuteReaderAsync(RelationalCommandParameterObject parameterObject, CancellationToken cancellationToken)
   at Microsoft.EntityFrameworkCore.Storage.RelationalCommand.ExecuteReaderAsync(RelationalCommandParameterObject parameterObject, CancellationToken cancellationToken)
   at Microsoft.EntityFrameworkCore.Update.ReaderModificationCommandBatch.ExecuteAsync(IRelationalConnection connection, CancellationToken cancellationToken)
  Exception data:
    Severity: ERROR
    SqlState: 23503
    MessageText: insert or update on table "CrmSupportTickets" violates foreign key constraint "FK_CrmSupportTickets_CrmCustomers_CustomerId"
    Detail: Detail redacted as it may contain sensitive data. Specify 'Include Error Detail' in the connection string to include this information.
    SchemaName: public
    TableName: CrmSupportTickets
    ConstraintName: FK_CrmSupportTickets_CrmCustomers_CustomerId
    File: ri_triggers.c
    Line: 2783
    Routine: ri_ReportViolation
   --- End of inner exception stack trace ---
   at Microsoft.EntityFrameworkCore.Update.ReaderModificationCommandBatch.ExecuteAsync(IRelationalConnection connection, CancellationToken cancellationToken)
   at Microsoft.EntityFrameworkCore.Update.Internal.BatchExecutor.ExecuteAsync(IEnumerable`1 commandBatches, IRelationalConnection connection, CancellationToken cancellationToken)
   at Microsoft.EntityFrameworkCore.Update.Internal.BatchExecutor.ExecuteAsync(IEnumerable`1 commandBatches, IRelationalConnection connection, CancellationToken cancellationToken)
   at Microsoft.EntityFrameworkCore.Update.Internal.BatchExecutor.ExecuteAsync(IEnumerable`1 commandBatches, IRelationalConnection connection, CancellationToken cancellationToken)
   at Microsoft.EntityFrameworkCore.Storage.RelationalDatabase.SaveChangesAsync(IList`1 entries, CancellationToken cancellationToken)
   at Microsoft.EntityFrameworkCore.ChangeTracking.Internal.StateManager.SaveChangesAsync(IList`1 entriesToSave, CancellationToken cancellationToken)
   at Microsoft.EntityFrameworkCore.ChangeTracking.Internal.StateManager.SaveChangesAsync(StateManager stateManager, Boolean acceptAllChangesOnSuccess, CancellationToken cancellationToken)
   at Npgsql.EntityFrameworkCore.PostgreSQL.Storage.Internal.NpgsqlExecutionStrategy.ExecuteAsync[TState,TResult](TState state, Func`4 operation, Func`4 verifySucceeded, CancellationToken cancellationToken)
   at Microsoft.EntityFrameworkCore.DbContext.SaveChangesAsync(Boolean acceptAllChangesOnSuccess, CancellationToken cancellationToken)
Microsoft.EntityFrameworkCore.DbUpdateException: An error occurred while saving the entity changes. See the inner exception for details.
 ---> Npgsql.PostgresException (0x80004005): 23503: insert or update on table "CrmSupportTickets" violates foreign key constraint "FK_CrmSupportTickets_CrmCustomers_CustomerId"

DETAIL: Detail redacted as it may contain sensitive data. Specify 'Include Error Detail' in the connection string to include this information.
   at Npgsql.Internal.NpgsqlConnector.ReadMessageLong(Boolean async, DataRowLoadingMode dataRowLoadingMode, Boolean readingNotifications, Boolean isReadingPrependedMessage)
   at System.Runtime.CompilerServices.PoolingAsyncValueTaskMethodBuilder`1.StateMachineBox`1.System.Threading.Tasks.Sources.IValueTaskSource<TResult>.GetResult(Int16 token)
   at Npgsql.NpgsqlDataReader.NextResult(Boolean async, Boolean isConsuming, CancellationToken cancellationToken)
   at Npgsql.NpgsqlDataReader.NextResult(Boolean async, Boolean isConsuming, CancellationToken cancellationToken)
   at Npgsql.NpgsqlCommand.ExecuteReader(Boolean async, CommandBehavior behavior, CancellationToken cancellationToken)
   at Npgsql.NpgsqlCommand.ExecuteReader(Boolean async, CommandBehavior behavior, CancellationToken cancellationToken)
   at Npgsql.NpgsqlCommand.ExecuteDbDataReaderAsync(CommandBehavior behavior, CancellationToken cancellationToken)
   at Microsoft.EntityFrameworkCore.Storage.RelationalCommand.ExecuteReaderAsync(RelationalCommandParameterObject parameterObject, CancellationToken cancellationToken)
   at Microsoft.EntityFrameworkCore.Storage.RelationalCommand.ExecuteReaderAsync(RelationalCommandParameterObject parameterObject, CancellationToken cancellationToken)
   at Microsoft.EntityFrameworkCore.Update.ReaderModificationCommandBatch.ExecuteAsync(IRelationalConnection connection, CancellationToken cancellationToken)
  Exception data:
    Severity: ERROR
    SqlState: 23503
    MessageText: insert or update on table "CrmSupportTickets" violates foreign key constraint "FK_CrmSupportTickets_CrmCustomers_CustomerId"
    Detail: Detail redacted as it may contain sensitive data. Specify 'Include Error Detail' in the connection string to include this information.
    SchemaName: public
    TableName: CrmSupportTickets
    ConstraintName: FK_CrmSupportTickets_CrmCustomers_CustomerId
    File: ri_triggers.c
    Line: 2783
    Routine: ri_ReportViolation
   --- End of inner exception stack trace ---
   at Microsoft.EntityFrameworkCore.Update.ReaderModificationCommandBatch.ExecuteAsync(IRelationalConnection connection, CancellationToken cancellationToken)
   at Microsoft.EntityFrameworkCore.Update.Internal.BatchExecutor.ExecuteAsync(IEnumerable`1 commandBatches, IRelationalConnection connection, CancellationToken cancellationToken)
   at Microsoft.EntityFrameworkCore.Update.Internal.BatchExecutor.ExecuteAsync(IEnumerable`1 commandBatches, IRelationalConnection connection, CancellationToken cancellationToken)
   at Microsoft.EntityFrameworkCore.Update.Internal.BatchExecutor.ExecuteAsync(IEnumerable`1 commandBatches, IRelationalConnection connection, CancellationToken cancellationToken)
   at Microsoft.EntityFrameworkCore.Storage.RelationalDatabase.SaveChangesAsync(IList`1 entries, CancellationToken cancellationToken)
   at Microsoft.EntityFrameworkCore.ChangeTracking.Internal.StateManager.SaveChangesAsync(IList`1 entriesToSave, CancellationToken cancellationToken)
   at Microsoft.EntityFrameworkCore.ChangeTracking.Internal.StateManager.SaveChangesAsync(StateManager stateManager, Boolean acceptAllChangesOnSuccess, CancellationToken cancellationToken)
   at Npgsql.EntityFrameworkCore.PostgreSQL.Storage.Internal.NpgsqlExecutionStrategy.ExecuteAsync[TState,TResult](TState state, Func`4 operation, Func`4 verifySucceeded, CancellationToken cancellationToken)
   at Microsoft.EntityFrameworkCore.DbContext.SaveChangesAsync(Boolean acceptAllChangesOnSuccess, CancellationToken cancellationToken)
2026-06-30 18:06:01.198 +03:00 [ERR] Database migration or seed failed. Check PostgreSQL is running and ConnectionStrings:DefaultConnection is correct.
Microsoft.EntityFrameworkCore.DbUpdateException: An error occurred while saving the entity changes. See the inner exception for details.
 ---> Npgsql.PostgresException (0x80004005): 23503: insert or update on table "CrmSupportTickets" violates foreign key constraint "FK_CrmSupportTickets_CrmCustomers_CustomerId"

DETAIL: Detail redacted as it may contain sensitive data. Specify 'Include Error Detail' in the connection string to include this information.
   at Npgsql.Internal.NpgsqlConnector.ReadMessageLong(Boolean async, DataRowLoadingMode dataRowLoadingMode, Boolean readingNotifications, Boolean isReadingPrependedMessage)
   at System.Runtime.CompilerServices.PoolingAsyncValueTaskMethodBuilder`1.StateMachineBox`1.System.Threading.Tasks.Sources.IValueTaskSource<TResult>.GetResult(Int16 token)
   at Npgsql.NpgsqlDataReader.NextResult(Boolean async, Boolean isConsuming, CancellationToken cancellationToken)
   at Npgsql.NpgsqlDataReader.NextResult(Boolean async, Boolean isConsuming, CancellationToken cancellationToken)
   at Npgsql.NpgsqlCommand.ExecuteReader(Boolean async, CommandBehavior behavior, CancellationToken cancellationToken)
   at Npgsql.NpgsqlCommand.ExecuteReader(Boolean async, CommandBehavior behavior, CancellationToken cancellationToken)
   at Npgsql.NpgsqlCommand.ExecuteDbDataReaderAsync(CommandBehavior behavior, CancellationToken cancellationToken)
   at Microsoft.EntityFrameworkCore.Storage.RelationalCommand.ExecuteReaderAsync(RelationalCommandParameterObject parameterObject, CancellationToken cancellationToken)
   at Microsoft.EntityFrameworkCore.Storage.RelationalCommand.ExecuteReaderAsync(RelationalCommandParameterObject parameterObject, CancellationToken cancellationToken)
   at Microsoft.EntityFrameworkCore.Update.ReaderModificationCommandBatch.ExecuteAsync(IRelationalConnection connection, CancellationToken cancellationToken)
  Exception data:
    Severity: ERROR
    SqlState: 23503
    MessageText: insert or update on table "CrmSupportTickets" violates foreign key constraint "FK_CrmSupportTickets_CrmCustomers_CustomerId"
    Detail: Detail redacted as it may contain sensitive data. Specify 'Include Error Detail' in the connection string to include this information.
    SchemaName: public
    TableName: CrmSupportTickets
    ConstraintName: FK_CrmSupportTickets_CrmCustomers_CustomerId
    File: ri_triggers.c
    Line: 2783
    Routine: ri_ReportViolation
   --- End of inner exception stack trace ---
   at Microsoft.EntityFrameworkCore.Update.ReaderModificationCommandBatch.ExecuteAsync(IRelationalConnection connection, CancellationToken cancellationToken)
   at Microsoft.EntityFrameworkCore.Update.Internal.BatchExecutor.ExecuteAsync(IEnumerable`1 commandBatches, IRelationalConnection connection, CancellationToken cancellationToken)
   at Microsoft.EntityFrameworkCore.Update.Internal.BatchExecutor.ExecuteAsync(IEnumerable`1 commandBatches, IRelationalConnection connection, CancellationToken cancellationToken)
   at Microsoft.EntityFrameworkCore.Update.Internal.BatchExecutor.ExecuteAsync(IEnumerable`1 commandBatches, IRelationalConnection connection, CancellationToken cancellationToken)
   at Microsoft.EntityFrameworkCore.Storage.RelationalDatabase.SaveChangesAsync(IList`1 entries, CancellationToken cancellationToken)
   at Microsoft.EntityFrameworkCore.ChangeTracking.Internal.StateManager.SaveChangesAsync(IList`1 entriesToSave, CancellationToken cancellationToken)
   at Microsoft.EntityFrameworkCore.ChangeTracking.Internal.StateManager.SaveChangesAsync(StateManager stateManager, Boolean acceptAllChangesOnSuccess, CancellationToken cancellationToken)
   at Npgsql.EntityFrameworkCore.PostgreSQL.Storage.Internal.NpgsqlExecutionStrategy.ExecuteAsync[TState,TResult](TState state, Func`4 operation, Func`4 verifySucceeded, CancellationToken cancellationToken)
   at Microsoft.EntityFrameworkCore.DbContext.SaveChangesAsync(Boolean acceptAllChangesOnSuccess, CancellationToken cancellationToken)
   at Microsoft.EntityFrameworkCore.DbContext.SaveChangesAsync(Boolean acceptAllChangesOnSuccess, CancellationToken cancellationToken)
   at Biktal.Infrastructure.Persistence.CrmDataSeeder.SeedIfEmptyAsync(ApplicationDbContext db, CancellationToken cancellationToken)
   at Program.<Main>$(String[] args) in d:\Systems\BiktalSystems\Program.cs:line 71
2026-06-30 18:06:01.204 +03:00 [WRN] Continuing without a successful migration/seed. Auth and data pages may fail until the database is available.
2026-06-30 18:06:01.228 +03:00 [WRN] Using an in-memory repository. Keys will not be persisted to storage.
2026-06-30 18:06:01.229 +03:00 [WRN] Neither user profile nor HKLM registry available. Using an ephemeral key repository. Protected data will be unavailable when application exits.
2026-06-30 18:06:01.248 +03:00 [WRN] No XML encryptor configured. Key {1ced18a2-a25f-40eb-8366-fdb5f26c42e6} may be persisted to storage in unencrypted form.
2026-06-30 18:06:01.299 +03:00 [INF] Application started. Press Ctrl+C to shut down.
2026-06-30 18:06:01.299 +03:00 [INF] Hosting environment: Production
2026-06-30 18:06:01.300 +03:00 [INF] Content root path: D:\Systems\BiktalSystems\publish
2026-06-30 18:06:01.409 +03:00 [INF] HTTP GET /Inventory responded 302 in 85.6768 ms
2026-06-30 18:06:01.562 +03:00 [ERR] An exception was thrown while deserializing the token.
Microsoft.AspNetCore.Antiforgery.AntiforgeryValidationException: The antiforgery token could not be decrypted.
 ---> System.Security.Cryptography.CryptographicException: The key {137c55a4-7736-4c34-98b8-2c9bc95a692e} was not found in the key ring. For more information go to https://aka.ms/aspnet/dataprotectionwarning
   at Microsoft.AspNetCore.DataProtection.KeyManagement.KeyRingBasedDataProtector.UnprotectCore(Byte[] protectedData, Boolean allowOperationsOnRevokedKeys, UnprotectStatus& status)
   at Microsoft.AspNetCore.DataProtection.KeyManagement.KeyRingBasedDataProtector.Unprotect(Byte[] protectedData)
   at Microsoft.AspNetCore.Antiforgery.DefaultAntiforgeryTokenSerializer.Deserialize(String serializedToken)
   --- End of inner exception stack trace ---
   at Microsoft.AspNetCore.Antiforgery.DefaultAntiforgeryTokenSerializer.Deserialize(String serializedToken)
   at Microsoft.AspNetCore.Antiforgery.DefaultAntiforgery.GetCookieTokenDoesNotThrow(HttpContext httpContext)
2026-06-30 18:06:01.664 +03:00 [INF] HTTP GET /Account/Login responded 200 in 239.4800 ms
2026-06-30 18:06:01.871 +03:00 [INF] HTTP GET /css/site.css responded 200 in 122.8590 ms
2026-06-30 18:06:01.871 +03:00 [INF] HTTP GET /js/site.js responded 200 in 115.6576 ms
2026-06-30 18:06:01.871 +03:00 [INF] HTTP GET /lib/jquery-validation-unobtrusive/dist/jquery.validate.unobtrusive.min.js responded 200 in 114.5910 ms
2026-06-30 18:06:01.872 +03:00 [INF] HTTP GET /Biktal.WebMVC.styles.css responded 200 in 114.0387 ms
2026-06-30 18:06:01.873 +03:00 [INF] HTTP GET /lib/jquery-validation/dist/jquery.validate.min.js responded 200 in 116.0023 ms
2026-06-30 18:06:01.873 +03:00 [INF] HTTP GET /lib/bootstrap/dist/js/bootstrap.bundle.min.js responded 200 in 118.4687 ms
2026-06-30 18:06:01.873 +03:00 [INF] HTTP GET /lib/jquery/dist/jquery.min.js responded 200 in 86.5756 ms
2026-06-30 18:06:01.875 +03:00 [INF] HTTP GET /lib/bootstrap/dist/css/bootstrap.min.css responded 200 in 117.6632 ms
2026-06-30 18:06:12.767 +03:00 [INF] HTTP POST /Account/Login responded 302 in 566.6979 ms
2026-06-30 18:06:12.964 +03:00 [INF] HTTP GET /Inventory responded 200 in 190.5022 ms
2026-06-30 18:06:13.040 +03:00 [INF] HTTP GET /lib/bootstrap/dist/css/bootstrap.min.css responded 200 in 14.5213 ms
2026-06-30 18:06:13.043 +03:00 [INF] HTTP GET /css/site.css responded 200 in 5.5258 ms
2026-06-30 18:06:13.046 +03:00 [INF] HTTP GET /Biktal.WebMVC.styles.css responded 200 in 16.0066 ms
2026-06-30 18:06:13.104 +03:00 [INF] HTTP GET /lib/jquery/dist/jquery.min.js responded 304 in 59.7885 ms
2026-06-30 18:06:13.104 +03:00 [INF] HTTP GET /js/site.js responded 304 in 57.4379 ms
2026-06-30 18:06:13.211 +03:00 [INF] HTTP GET /lib/bootstrap/dist/js/bootstrap.bundle.min.js responded 304 in 169.8440 ms
2026-06-30 18:06:19.688 +03:00 [INF] HTTP GET /Inventory/Products responded 200 in 362.0971 ms
2026-06-30 18:06:19.721 +03:00 [INF] HTTP GET /lib/bootstrap/dist/css/bootstrap.min.css responded 200 in 2.7330 ms
2026-06-30 18:06:19.722 +03:00 [INF] HTTP GET /css/site.css responded 200 in 2.8930 ms
2026-06-30 18:06:19.725 +03:00 [INF] HTTP GET /Biktal.WebMVC.styles.css responded 200 in 3.3852 ms
2026-06-30 18:06:20.457 +03:00 [INF] HTTP GET /lib/jquery/dist/jquery.min.js responded 304 in 0.7086 ms
2026-06-30 18:06:20.488 +03:00 [INF] HTTP GET /lib/bootstrap/dist/js/bootstrap.bundle.min.js responded 304 in 0.8429 ms
2026-06-30 18:06:20.489 +03:00 [INF] HTTP GET /js/site.js responded 304 in 0.7350 ms
2026-06-30 18:06:20.491 +03:00 [INF] HTTP GET /js/products-catalog-filter.js responded 200 in 1.3188 ms
2026-06-30 18:06:20.506 +03:00 [INF] HTTP GET /lib/jquery-validation-unobtrusive/dist/jquery.validate.unobtrusive.min.js responded 304 in 17.4174 ms
2026-06-30 18:06:20.516 +03:00 [INF] HTTP GET /lib/jquery-validation/dist/jquery.validate.min.js responded 304 in 24.0935 ms
2026-06-30 18:14:31.295 +03:00 [INF] HTTP GET /Inventory/Products responded 200 in 250.5120 ms
2026-06-30 18:14:31.399 +03:00 [INF] HTTP GET /Biktal.WebMVC.styles.css responded 200 in 8.7331 ms
2026-06-30 18:14:31.403 +03:00 [INF] HTTP GET /lib/bootstrap/dist/css/bootstrap.min.css responded 200 in 45.6185 ms
2026-06-30 18:14:31.429 +03:00 [INF] HTTP GET /css/site.css responded 200 in 59.3249 ms
2026-06-30 18:14:32.681 +03:00 [INF] HTTP GET /lib/jquery/dist/jquery.min.js responded 200 in 21.9144 ms
2026-06-30 18:14:32.698 +03:00 [INF] HTTP GET /js/site.js responded 200 in 4.3497 ms
2026-06-30 18:14:32.704 +03:00 [INF] HTTP GET /lib/jquery-validation/dist/jquery.validate.min.js responded 200 in 8.3108 ms
2026-06-30 18:14:32.705 +03:00 [INF] HTTP GET /lib/jquery-validation-unobtrusive/dist/jquery.validate.unobtrusive.min.js responded 200 in 7.2294 ms
2026-06-30 18:14:32.710 +03:00 [INF] HTTP GET /js/products-catalog-filter.js responded 200 in 11.4596 ms
2026-06-30 18:14:32.724 +03:00 [INF] HTTP GET /lib/bootstrap/dist/js/bootstrap.bundle.min.js responded 200 in 29.5470 ms
2026-06-30 18:14:36.770 +03:00 [INF] HTTP POST /Inventory/EditProduct responded 302 in 130.5574 ms
2026-06-30 18:14:36.843 +03:00 [INF] HTTP GET /Inventory/Products responded 200 in 66.8431 ms
2026-06-30 18:14:36.908 +03:00 [INF] HTTP GET /lib/bootstrap/dist/css/bootstrap.min.css responded 304 in 0.7853 ms
2026-06-30 18:14:36.910 +03:00 [INF] HTTP GET /Biktal.WebMVC.styles.css responded 304 in 1.9388 ms
2026-06-30 18:14:36.913 +03:00 [INF] HTTP GET /css/site.css responded 304 in 1.9848 ms
2026-06-30 18:14:37.743 +03:00 [INF] HTTP GET /lib/jquery/dist/jquery.min.js responded 304 in 0.8685 ms
2026-06-30 18:14:37.756 +03:00 [INF] HTTP GET /lib/bootstrap/dist/js/bootstrap.bundle.min.js responded 304 in 0.7097 ms
2026-06-30 18:14:37.757 +03:00 [INF] HTTP GET /js/site.js responded 304 in 0.6426 ms
2026-06-30 18:14:37.757 +03:00 [INF] HTTP GET /js/products-catalog-filter.js responded 304 in 0.5330 ms
2026-06-30 18:14:37.759 +03:00 [INF] HTTP GET /lib/jquery-validation-unobtrusive/dist/jquery.validate.unobtrusive.min.js responded 304 in 0.9102 ms
2026-06-30 18:14:37.759 +03:00 [INF] HTTP GET /lib/jquery-validation/dist/jquery.validate.min.js responded 304 in 1.8002 ms
2026-06-30 18:15:18.680 +03:00 [INF] HTTP GET /Inventory/Products responded 200 in 66.5612 ms
2026-06-30 18:15:18.744 +03:00 [INF] HTTP GET /lib/bootstrap/dist/css/bootstrap.min.css responded 200 in 6.1751 ms
2026-06-30 18:15:18.750 +03:00 [INF] HTTP GET /css/site.css responded 304 in 2.0332 ms
2026-06-30 18:15:18.753 +03:00 [INF] HTTP GET /Biktal.WebMVC.styles.css responded 304 in 3.5812 ms
2026-06-30 18:15:19.520 +03:00 [INF] HTTP GET /lib/jquery/dist/jquery.min.js responded 304 in 0.5774 ms
2026-06-30 18:15:19.545 +03:00 [INF] HTTP GET /lib/bootstrap/dist/js/bootstrap.bundle.min.js responded 304 in 0.5768 ms
2026-06-30 18:15:19.545 +03:00 [INF] HTTP GET /js/site.js responded 304 in 0.4751 ms
2026-06-30 18:15:19.546 +03:00 [INF] HTTP GET /lib/jquery-validation-unobtrusive/dist/jquery.validate.unobtrusive.min.js responded 304 in 0.4877 ms
2026-06-30 18:15:19.546 +03:00 [INF] HTTP GET /lib/jquery-validation/dist/jquery.validate.min.js responded 304 in 0.4154 ms
2026-06-30 18:15:19.547 +03:00 [INF] HTTP GET /js/products-catalog-filter.js responded 304 in 0.8236 ms
2026-06-30 18:15:33.499 +03:00 [INF] HTTP GET /Inventory/Products responded 200 in 80.3537 ms
2026-06-30 18:15:33.551 +03:00 [INF] HTTP GET /lib/bootstrap/dist/css/bootstrap.min.css responded 304 in 0.6772 ms
2026-06-30 18:15:33.553 +03:00 [INF] HTTP GET /css/site.css responded 304 in 2.2246 ms
2026-06-30 18:15:33.558 +03:00 [INF] HTTP GET /Biktal.WebMVC.styles.css responded 304 in 6.5914 ms
2026-06-30 18:15:34.523 +03:00 [INF] HTTP GET /lib/jquery/dist/jquery.min.js responded 304 in 0.5455 ms
2026-06-30 18:15:34.557 +03:00 [INF] HTTP GET /lib/bootstrap/dist/js/bootstrap.bundle.min.js responded 304 in 0.5420 ms
2026-06-30 18:15:34.558 +03:00 [INF] HTTP GET /js/products-catalog-filter.js responded 304 in 0.3691 ms
2026-06-30 18:15:34.558 +03:00 [INF] HTTP GET /lib/jquery-validation/dist/jquery.validate.min.js responded 304 in 0.5131 ms
2026-06-30 18:15:34.559 +03:00 [INF] HTTP GET /js/site.js responded 304 in 0.5139 ms
2026-06-30 18:15:34.559 +03:00 [INF] HTTP GET /lib/jquery-validation-unobtrusive/dist/jquery.validate.unobtrusive.min.js responded 304 in 0.4162 ms
2026-06-30 18:15:48.077 +03:00 [INF] HTTP POST /Inventory/EditProduct responded 200 in 86.2103 ms
2026-06-30 18:15:48.154 +03:00 [INF] HTTP GET /lib/bootstrap/dist/css/bootstrap.min.css responded 200 in 2.1355 ms
2026-06-30 18:15:48.156 +03:00 [INF] HTTP GET /css/site.css responded 304 in 1.7384 ms
2026-06-30 18:15:48.161 +03:00 [INF] HTTP GET /Biktal.WebMVC.styles.css responded 304 in 3.1492 ms
2026-06-30 18:15:49.009 +03:00 [INF] HTTP GET /lib/jquery/dist/jquery.min.js responded 304 in 0.4002 ms
2026-06-30 18:15:49.026 +03:00 [INF] HTTP GET /lib/bootstrap/dist/js/bootstrap.bundle.min.js responded 304 in 0.5668 ms
2026-06-30 18:15:49.026 +03:00 [INF] HTTP GET /js/site.js responded 304 in 0.3721 ms
2026-06-30 18:15:49.027 +03:00 [INF] HTTP GET /lib/jquery-validation/dist/jquery.validate.min.js responded 304 in 0.5308 ms
2026-06-30 18:15:49.027 +03:00 [INF] HTTP GET /lib/jquery-validation-unobtrusive/dist/jquery.validate.unobtrusive.min.js responded 304 in 0.3610 ms
2026-06-30 18:15:49.029 +03:00 [INF] HTTP GET /js/products-catalog-filter.js responded 304 in 0.9117 ms
2026-06-30 18:15:54.637 +03:00 [INF] HTTP GET /Inventory/Products responded 200 in 67.0031 ms
2026-06-30 18:15:54.769 +03:00 [INF] HTTP GET /css/site.css responded 304 in 0.5357 ms
2026-06-30 18:15:54.773 +03:00 [INF] HTTP GET /lib/bootstrap/dist/css/bootstrap.min.css responded 304 in 4.4198 ms
2026-06-30 18:15:54.775 +03:00 [INF] HTTP GET /Biktal.WebMVC.styles.css responded 304 in 0.8155 ms
2026-06-30 18:15:55.639 +03:00 [INF] HTTP GET /lib/jquery/dist/jquery.min.js responded 304 in 0.4596 ms
2026-06-30 18:15:55.655 +03:00 [INF] HTTP GET /lib/bootstrap/dist/js/bootstrap.bundle.min.js responded 304 in 0.5045 ms
2026-06-30 18:15:55.656 +03:00 [INF] HTTP GET /lib/jquery-validation/dist/jquery.validate.min.js responded 304 in 1.3021 ms
2026-06-30 18:15:55.657 +03:00 [INF] HTTP GET /lib/jquery-validation-unobtrusive/dist/jquery.validate.unobtrusive.min.js responded 304 in 0.5862 ms
2026-06-30 18:15:55.658 +03:00 [INF] HTTP GET /js/products-catalog-filter.js responded 304 in 0.5924 ms
2026-06-30 18:15:55.660 +03:00 [INF] HTTP GET /js/site.js responded 304 in 0.4808 ms
2026-06-30 18:16:10.053 +03:00 [INF] HTTP POST /Inventory/DeleteProduct responded 302 in 170.2984 ms
2026-06-30 18:16:10.119 +03:00 [INF] HTTP GET /Inventory/Products responded 200 in 61.9128 ms
2026-06-30 18:16:10.184 +03:00 [INF] HTTP GET /lib/bootstrap/dist/css/bootstrap.min.css responded 200 in 10.5209 ms
2026-06-30 18:16:10.189 +03:00 [INF] HTTP GET /css/site.css responded 304 in 0.6381 ms
2026-06-30 18:16:10.192 +03:00 [INF] HTTP GET /Biktal.WebMVC.styles.css responded 304 in 0.9026 ms
2026-06-30 18:16:10.934 +03:00 [INF] HTTP GET /lib/jquery/dist/jquery.min.js responded 304 in 0.2544 ms
2026-06-30 18:16:10.951 +03:00 [INF] HTTP GET /lib/bootstrap/dist/js/bootstrap.bundle.min.js responded 304 in 0.3694 ms
2026-06-30 18:16:10.951 +03:00 [INF] HTTP GET /js/site.js responded 304 in 0.4394 ms
2026-06-30 18:16:10.951 +03:00 [INF] HTTP GET /lib/jquery-validation/dist/jquery.validate.min.js responded 304 in 0.4786 ms
2026-06-30 18:16:10.951 +03:00 [INF] HTTP GET /lib/jquery-validation-unobtrusive/dist/jquery.validate.unobtrusive.min.js responded 304 in 0.1983 ms
2026-06-30 18:16:10.951 +03:00 [INF] HTTP GET /js/products-catalog-filter.js responded 304 in 0.3105 ms
2026-06-30 18:16:18.753 +03:00 [INF] HTTP GET /Inventory/Products responded 200 in 73.5446 ms
2026-06-30 18:16:18.806 +03:00 [INF] HTTP GET /lib/bootstrap/dist/css/bootstrap.min.css responded 304 in 0.6945 ms
2026-06-30 18:16:18.809 +03:00 [INF] HTTP GET /Biktal.WebMVC.styles.css responded 304 in 0.4730 ms
2026-06-30 18:16:18.813 +03:00 [INF] HTTP GET /css/site.css responded 304 in 3.9407 ms
2026-06-30 18:16:19.633 +03:00 [INF] HTTP GET /lib/jquery/dist/jquery.min.js responded 304 in 0.2910 ms
2026-06-30 18:16:19.653 +03:00 [INF] HTTP GET /lib/bootstrap/dist/js/bootstrap.bundle.min.js responded 304 in 0.3398 ms
2026-06-30 18:16:19.657 +03:00 [INF] HTTP GET /js/site.js responded 304 in 0.7063 ms
2026-06-30 18:16:19.657 +03:00 [INF] HTTP GET /lib/jquery-validation/dist/jquery.validate.min.js responded 304 in 0.5029 ms
2026-06-30 18:16:19.657 +03:00 [INF] HTTP GET /lib/jquery-validation-unobtrusive/dist/jquery.validate.unobtrusive.min.js responded 304 in 0.2547 ms
2026-06-30 18:16:19.659 +03:00 [INF] HTTP GET /js/products-catalog-filter.js responded 304 in 0.3726 ms
2026-06-30 18:16:28.578 +03:00 [INF] HTTP POST /Inventory/EditProduct responded 302 in 20.8296 ms
2026-06-30 18:16:28.635 +03:00 [INF] HTTP GET /Inventory/Products responded 200 in 49.1841 ms
2026-06-30 18:16:28.714 +03:00 [INF] HTTP GET /css/site.css responded 304 in 0.3962 ms
2026-06-30 18:16:28.715 +03:00 [INF] HTTP GET /lib/bootstrap/dist/css/bootstrap.min.css responded 200 in 1.4927 ms
2026-06-30 18:16:28.715 +03:00 [INF] HTTP GET /Biktal.WebMVC.styles.css responded 304 in 0.3840 ms
2026-06-30 18:16:29.633 +03:00 [INF] HTTP GET /lib/jquery/dist/jquery.min.js responded 304 in 0.2619 ms
2026-06-30 18:16:29.647 +03:00 [INF] HTTP GET /lib/bootstrap/dist/js/bootstrap.bundle.min.js responded 304 in 0.4420 ms
2026-06-30 18:16:29.647 +03:00 [INF] HTTP GET /js/site.js responded 304 in 0.5402 ms
2026-06-30 18:16:29.648 +03:00 [INF] HTTP GET /lib/jquery-validation/dist/jquery.validate.min.js responded 304 in 0.3169 ms
2026-06-30 18:16:29.648 +03:00 [INF] HTTP GET /lib/jquery-validation-unobtrusive/dist/jquery.validate.unobtrusive.min.js responded 304 in 0.2212 ms
2026-06-30 18:16:29.648 +03:00 [INF] HTTP GET /js/products-catalog-filter.js responded 304 in 0.3640 ms
2026-06-30 18:16:49.473 +03:00 [INF] HTTP GET /Inventory/Products responded 200 in 63.1267 ms
2026-06-30 18:16:49.545 +03:00 [INF] HTTP GET /lib/bootstrap/dist/css/bootstrap.min.css responded 200 in 6.7610 ms
2026-06-30 18:16:49.546 +03:00 [INF] HTTP GET /css/site.css responded 304 in 0.6015 ms
2026-06-30 18:16:49.553 +03:00 [INF] HTTP GET /Biktal.WebMVC.styles.css responded 304 in 0.3847 ms
2026-06-30 18:16:50.464 +03:00 [INF] HTTP GET /lib/jquery/dist/jquery.min.js responded 304 in 0.3552 ms
2026-06-30 18:16:50.483 +03:00 [INF] HTTP GET /lib/bootstrap/dist/js/bootstrap.bundle.min.js responded 304 in 0.8604 ms
2026-06-30 18:16:50.486 +03:00 [INF] HTTP GET /js/site.js responded 304 in 0.6811 ms
2026-06-30 18:16:50.487 +03:00 [INF] HTTP GET /lib/jquery-validation-unobtrusive/dist/jquery.validate.unobtrusive.min.js responded 304 in 0.4989 ms
2026-06-30 18:16:50.488 +03:00 [INF] HTTP GET /lib/jquery-validation/dist/jquery.validate.min.js responded 304 in 1.3832 ms
2026-06-30 18:16:50.489 +03:00 [INF] HTTP GET /js/products-catalog-filter.js responded 304 in 0.4797 ms
2026-06-30 18:17:57.347 +03:00 [INF] HTTP POST /Inventory/EditProduct responded 302 in 26.7436 ms
2026-06-30 18:17:57.519 +03:00 [INF] HTTP GET /Inventory/Products responded 200 in 149.5325 ms
2026-06-30 18:17:57.557 +03:00 [INF] HTTP GET /lib/bootstrap/dist/css/bootstrap.min.css responded 200 in 1.1271 ms
2026-06-30 18:17:57.565 +03:00 [INF] HTTP GET /css/site.css responded 200 in 0.9888 ms
2026-06-30 18:17:57.571 +03:00 [INF] HTTP GET /Biktal.WebMVC.styles.css responded 200 in 0.9937 ms
2026-06-30 18:17:59.065 +03:00 [INF] HTTP GET /lib/jquery/dist/jquery.min.js responded 200 in 0.8488 ms
2026-06-30 18:17:59.091 +03:00 [INF] HTTP GET /js/site.js responded 200 in 0.6034 ms
2026-06-30 18:17:59.092 +03:00 [INF] HTTP GET /lib/bootstrap/dist/js/bootstrap.bundle.min.js responded 200 in 0.8549 ms
2026-06-30 18:17:59.093 +03:00 [INF] HTTP GET /lib/jquery-validation/dist/jquery.validate.min.js responded 200 in 1.1431 ms
2026-06-30 18:17:59.094 +03:00 [INF] HTTP GET /js/products-catalog-filter.js responded 200 in 0.8685 ms
2026-06-30 18:17:59.096 +03:00 [INF] HTTP GET /lib/jquery-validation-unobtrusive/dist/jquery.validate.unobtrusive.min.js responded 200 in 1.2981 ms
2026-06-30 18:38:49.933 +03:00 [INF] Application is shutting down...
2026-06-30 20:10:26.190 +03:00 [ERR] Failed executing DbCommand (19ms) [Parameters=[@p0='?' (DbType = Guid), @p1='?' (DbType = DateTime), @p2='?' (DbType = Guid), @p3='?', @p4='?' (DbType = DateTime), @p5='?' (DbType = Int32), @p6='?' (DbType = Int32), @p7='?', @p8='?', @p9='?' (DbType = Guid), @p10='?' (DbType = DateTime), @p11='?' (DbType = Guid), @p12='?', @p13='?' (DbType = DateTime), @p14='?' (DbType = Int32), @p15='?' (DbType = Int32), @p16='?', @p17='?'], CommandType='"Text"', CommandTimeout='30']
INSERT INTO "CrmSupportTickets" ("Id", "CreatedAtUtc", "CustomerId", "Description", "ModifiedAtUtc", "Priority", "Status", "Subject", "TicketNumber")
VALUES (@p0, @p1, @p2, @p3, @p4, @p5, @p6, @p7, @p8);
INSERT INTO "CrmSupportTickets" ("Id", "CreatedAtUtc", "CustomerId", "Description", "ModifiedAtUtc", "Priority", "Status", "Subject", "TicketNumber")
VALUES (@p9, @p10, @p11, @p12, @p13, @p14, @p15, @p16, @p17);
2026-06-30 20:10:26.267 +03:00 [ERR] An exception occurred in the database while saving changes for context type 'Biktal.Infrastructure.Persistence.ApplicationDbContext'.
Microsoft.EntityFrameworkCore.DbUpdateException: An error occurred while saving the entity changes. See the inner exception for details.
 ---> Npgsql.PostgresException (0x80004005): 23503: insert or update on table "CrmSupportTickets" violates foreign key constraint "FK_CrmSupportTickets_CrmCustomers_CustomerId"

DETAIL: Detail redacted as it may contain sensitive data. Specify 'Include Error Detail' in the connection string to include this information.
   at Npgsql.Internal.NpgsqlConnector.ReadMessageLong(Boolean async, DataRowLoadingMode dataRowLoadingMode, Boolean readingNotifications, Boolean isReadingPrependedMessage)
   at System.Runtime.CompilerServices.PoolingAsyncValueTaskMethodBuilder`1.StateMachineBox`1.System.Threading.Tasks.Sources.IValueTaskSource<TResult>.GetResult(Int16 token)
   at Npgsql.NpgsqlDataReader.NextResult(Boolean async, Boolean isConsuming, CancellationToken cancellationToken)
   at Npgsql.NpgsqlDataReader.NextResult(Boolean async, Boolean isConsuming, CancellationToken cancellationToken)
   at Npgsql.NpgsqlCommand.ExecuteReader(Boolean async, CommandBehavior behavior, CancellationToken cancellationToken)
   at Npgsql.NpgsqlCommand.ExecuteReader(Boolean async, CommandBehavior behavior, CancellationToken cancellationToken)
   at Npgsql.NpgsqlCommand.ExecuteDbDataReaderAsync(CommandBehavior behavior, CancellationToken cancellationToken)
   at Microsoft.EntityFrameworkCore.Storage.RelationalCommand.ExecuteReaderAsync(RelationalCommandParameterObject parameterObject, CancellationToken cancellationToken)
   at Microsoft.EntityFrameworkCore.Storage.RelationalCommand.ExecuteReaderAsync(RelationalCommandParameterObject parameterObject, CancellationToken cancellationToken)
   at Microsoft.EntityFrameworkCore.Update.ReaderModificationCommandBatch.ExecuteAsync(IRelationalConnection connection, CancellationToken cancellationToken)
  Exception data:
    Severity: ERROR
    SqlState: 23503
    MessageText: insert or update on table "CrmSupportTickets" violates foreign key constraint "FK_CrmSupportTickets_CrmCustomers_CustomerId"
    Detail: Detail redacted as it may contain sensitive data. Specify 'Include Error Detail' in the connection string to include this information.
    SchemaName: public
    TableName: CrmSupportTickets
    ConstraintName: FK_CrmSupportTickets_CrmCustomers_CustomerId
    File: ri_triggers.c
    Line: 2783
    Routine: ri_ReportViolation
   --- End of inner exception stack trace ---
   at Microsoft.EntityFrameworkCore.Update.ReaderModificationCommandBatch.ExecuteAsync(IRelationalConnection connection, CancellationToken cancellationToken)
   at Microsoft.EntityFrameworkCore.Update.Internal.BatchExecutor.ExecuteAsync(IEnumerable`1 commandBatches, IRelationalConnection connection, CancellationToken cancellationToken)
   at Microsoft.EntityFrameworkCore.Update.Internal.BatchExecutor.ExecuteAsync(IEnumerable`1 commandBatches, IRelationalConnection connection, CancellationToken cancellationToken)
   at Microsoft.EntityFrameworkCore.Update.Internal.BatchExecutor.ExecuteAsync(IEnumerable`1 commandBatches, IRelationalConnection connection, CancellationToken cancellationToken)
   at Microsoft.EntityFrameworkCore.Storage.RelationalDatabase.SaveChangesAsync(IList`1 entries, CancellationToken cancellationToken)
   at Microsoft.EntityFrameworkCore.ChangeTracking.Internal.StateManager.SaveChangesAsync(IList`1 entriesToSave, CancellationToken cancellationToken)
   at Microsoft.EntityFrameworkCore.ChangeTracking.Internal.StateManager.SaveChangesAsync(StateManager stateManager, Boolean acceptAllChangesOnSuccess, CancellationToken cancellationToken)
   at Npgsql.EntityFrameworkCore.PostgreSQL.Storage.Internal.NpgsqlExecutionStrategy.ExecuteAsync[TState,TResult](TState state, Func`4 operation, Func`4 verifySucceeded, CancellationToken cancellationToken)
   at Microsoft.EntityFrameworkCore.DbContext.SaveChangesAsync(Boolean acceptAllChangesOnSuccess, CancellationToken cancellationToken)
Microsoft.EntityFrameworkCore.DbUpdateException: An error occurred while saving the entity changes. See the inner exception for details.
 ---> Npgsql.PostgresException (0x80004005): 23503: insert or update on table "CrmSupportTickets" violates foreign key constraint "FK_CrmSupportTickets_CrmCustomers_CustomerId"

DETAIL: Detail redacted as it may contain sensitive data. Specify 'Include Error Detail' in the connection string to include this information.
   at Npgsql.Internal.NpgsqlConnector.ReadMessageLong(Boolean async, DataRowLoadingMode dataRowLoadingMode, Boolean readingNotifications, Boolean isReadingPrependedMessage)
   at System.Runtime.CompilerServices.PoolingAsyncValueTaskMethodBuilder`1.StateMachineBox`1.System.Threading.Tasks.Sources.IValueTaskSource<TResult>.GetResult(Int16 token)
   at Npgsql.NpgsqlDataReader.NextResult(Boolean async, Boolean isConsuming, CancellationToken cancellationToken)
   at Npgsql.NpgsqlDataReader.NextResult(Boolean async, Boolean isConsuming, CancellationToken cancellationToken)
   at Npgsql.NpgsqlCommand.ExecuteReader(Boolean async, CommandBehavior behavior, CancellationToken cancellationToken)
   at Npgsql.NpgsqlCommand.ExecuteReader(Boolean async, CommandBehavior behavior, CancellationToken cancellationToken)
   at Npgsql.NpgsqlCommand.ExecuteDbDataReaderAsync(CommandBehavior behavior, CancellationToken cancellationToken)
   at Microsoft.EntityFrameworkCore.Storage.RelationalCommand.ExecuteReaderAsync(RelationalCommandParameterObject parameterObject, CancellationToken cancellationToken)
   at Microsoft.EntityFrameworkCore.Storage.RelationalCommand.ExecuteReaderAsync(RelationalCommandParameterObject parameterObject, CancellationToken cancellationToken)
   at Microsoft.EntityFrameworkCore.Update.ReaderModificationCommandBatch.ExecuteAsync(IRelationalConnection connection, CancellationToken cancellationToken)
  Exception data:
    Severity: ERROR
    SqlState: 23503
    MessageText: insert or update on table "CrmSupportTickets" violates foreign key constraint "FK_CrmSupportTickets_CrmCustomers_CustomerId"
    Detail: Detail redacted as it may contain sensitive data. Specify 'Include Error Detail' in the connection string to include this information.
    SchemaName: public
    TableName: CrmSupportTickets
    ConstraintName: FK_CrmSupportTickets_CrmCustomers_CustomerId
    File: ri_triggers.c
    Line: 2783
    Routine: ri_ReportViolation
   --- End of inner exception stack trace ---
   at Microsoft.EntityFrameworkCore.Update.ReaderModificationCommandBatch.ExecuteAsync(IRelationalConnection connection, CancellationToken cancellationToken)
   at Microsoft.EntityFrameworkCore.Update.Internal.BatchExecutor.ExecuteAsync(IEnumerable`1 commandBatches, IRelationalConnection connection, CancellationToken cancellationToken)
   at Microsoft.EntityFrameworkCore.Update.Internal.BatchExecutor.ExecuteAsync(IEnumerable`1 commandBatches, IRelationalConnection connection, CancellationToken cancellationToken)
   at Microsoft.EntityFrameworkCore.Update.Internal.BatchExecutor.ExecuteAsync(IEnumerable`1 commandBatches, IRelationalConnection connection, CancellationToken cancellationToken)
   at Microsoft.EntityFrameworkCore.Storage.RelationalDatabase.SaveChangesAsync(IList`1 entries, CancellationToken cancellationToken)
   at Microsoft.EntityFrameworkCore.ChangeTracking.Internal.StateManager.SaveChangesAsync(IList`1 entriesToSave, CancellationToken cancellationToken)
   at Microsoft.EntityFrameworkCore.ChangeTracking.Internal.StateManager.SaveChangesAsync(StateManager stateManager, Boolean acceptAllChangesOnSuccess, CancellationToken cancellationToken)
   at Npgsql.EntityFrameworkCore.PostgreSQL.Storage.Internal.NpgsqlExecutionStrategy.ExecuteAsync[TState,TResult](TState state, Func`4 operation, Func`4 verifySucceeded, CancellationToken cancellationToken)
   at Microsoft.EntityFrameworkCore.DbContext.SaveChangesAsync(Boolean acceptAllChangesOnSuccess, CancellationToken cancellationToken)
2026-06-30 20:10:26.273 +03:00 [ERR] Database migration or seed failed. Check PostgreSQL is running and ConnectionStrings:DefaultConnection is correct.
Microsoft.EntityFrameworkCore.DbUpdateException: An error occurred while saving the entity changes. See the inner exception for details.
 ---> Npgsql.PostgresException (0x80004005): 23503: insert or update on table "CrmSupportTickets" violates foreign key constraint "FK_CrmSupportTickets_CrmCustomers_CustomerId"

DETAIL: Detail redacted as it may contain sensitive data. Specify 'Include Error Detail' in the connection string to include this information.
   at Npgsql.Internal.NpgsqlConnector.ReadMessageLong(Boolean async, DataRowLoadingMode dataRowLoadingMode, Boolean readingNotifications, Boolean isReadingPrependedMessage)
   at System.Runtime.CompilerServices.PoolingAsyncValueTaskMethodBuilder`1.StateMachineBox`1.System.Threading.Tasks.Sources.IValueTaskSource<TResult>.GetResult(Int16 token)
   at Npgsql.NpgsqlDataReader.NextResult(Boolean async, Boolean isConsuming, CancellationToken cancellationToken)
   at Npgsql.NpgsqlDataReader.NextResult(Boolean async, Boolean isConsuming, CancellationToken cancellationToken)
   at Npgsql.NpgsqlCommand.ExecuteReader(Boolean async, CommandBehavior behavior, CancellationToken cancellationToken)
   at Npgsql.NpgsqlCommand.ExecuteReader(Boolean async, CommandBehavior behavior, CancellationToken cancellationToken)
   at Npgsql.NpgsqlCommand.ExecuteDbDataReaderAsync(CommandBehavior behavior, CancellationToken cancellationToken)
   at Microsoft.EntityFrameworkCore.Storage.RelationalCommand.ExecuteReaderAsync(RelationalCommandParameterObject parameterObject, CancellationToken cancellationToken)
   at Microsoft.EntityFrameworkCore.Storage.RelationalCommand.ExecuteReaderAsync(RelationalCommandParameterObject parameterObject, CancellationToken cancellationToken)
   at Microsoft.EntityFrameworkCore.Update.ReaderModificationCommandBatch.ExecuteAsync(IRelationalConnection connection, CancellationToken cancellationToken)
  Exception data:
    Severity: ERROR
    SqlState: 23503
    MessageText: insert or update on table "CrmSupportTickets" violates foreign key constraint "FK_CrmSupportTickets_CrmCustomers_CustomerId"
    Detail: Detail redacted as it may contain sensitive data. Specify 'Include Error Detail' in the connection string to include this information.
    SchemaName: public
    TableName: CrmSupportTickets
    ConstraintName: FK_CrmSupportTickets_CrmCustomers_CustomerId
    File: ri_triggers.c
    Line: 2783
    Routine: ri_ReportViolation
   --- End of inner exception stack trace ---
   at Microsoft.EntityFrameworkCore.Update.ReaderModificationCommandBatch.ExecuteAsync(IRelationalConnection connection, CancellationToken cancellationToken)
   at Microsoft.EntityFrameworkCore.Update.Internal.BatchExecutor.ExecuteAsync(IEnumerable`1 commandBatches, IRelationalConnection connection, CancellationToken cancellationToken)
   at Microsoft.EntityFrameworkCore.Update.Internal.BatchExecutor.ExecuteAsync(IEnumerable`1 commandBatches, IRelationalConnection connection, CancellationToken cancellationToken)
   at Microsoft.EntityFrameworkCore.Update.Internal.BatchExecutor.ExecuteAsync(IEnumerable`1 commandBatches, IRelationalConnection connection, CancellationToken cancellationToken)
   at Microsoft.EntityFrameworkCore.Storage.RelationalDatabase.SaveChangesAsync(IList`1 entries, CancellationToken cancellationToken)
   at Microsoft.EntityFrameworkCore.ChangeTracking.Internal.StateManager.SaveChangesAsync(IList`1 entriesToSave, CancellationToken cancellationToken)
   at Microsoft.EntityFrameworkCore.ChangeTracking.Internal.StateManager.SaveChangesAsync(StateManager stateManager, Boolean acceptAllChangesOnSuccess, CancellationToken cancellationToken)
   at Npgsql.EntityFrameworkCore.PostgreSQL.Storage.Internal.NpgsqlExecutionStrategy.ExecuteAsync[TState,TResult](TState state, Func`4 operation, Func`4 verifySucceeded, CancellationToken cancellationToken)
   at Microsoft.EntityFrameworkCore.DbContext.SaveChangesAsync(Boolean acceptAllChangesOnSuccess, CancellationToken cancellationToken)
   at Microsoft.EntityFrameworkCore.DbContext.SaveChangesAsync(Boolean acceptAllChangesOnSuccess, CancellationToken cancellationToken)
   at Biktal.Infrastructure.Persistence.CrmDataSeeder.SeedIfEmptyAsync(ApplicationDbContext db, CancellationToken cancellationToken)
   at Program.<Main>$(String[] args) in d:\Systems\BiktalSystems\Program.cs:line 71
2026-06-30 20:10:26.291 +03:00 [WRN] Continuing without a successful migration/seed. Auth and data pages may fail until the database is available.
2026-06-30 20:10:26.315 +03:00 [WRN] Using an in-memory repository. Keys will not be persisted to storage.
2026-06-30 20:10:26.316 +03:00 [WRN] Neither user profile nor HKLM registry available. Using an ephemeral key repository. Protected data will be unavailable when application exits.
2026-06-30 20:10:26.334 +03:00 [WRN] No XML encryptor configured. Key {f19ef6cf-bd45-4d79-b63d-84170d0c6546} may be persisted to storage in unencrypted form.
2026-06-30 20:10:26.427 +03:00 [INF] Application started. Press Ctrl+C to shut down.
2026-06-30 20:10:26.428 +03:00 [INF] Hosting environment: Production
2026-06-30 20:10:26.428 +03:00 [INF] Content root path: D:\Systems\BiktalSystems\publish
2026-06-30 20:10:26.549 +03:00 [INF] HTTP POST /Inventory/AddProduct responded 302 in 98.6084 ms
2026-06-30 20:10:26.700 +03:00 [ERR] An exception was thrown while deserializing the token.
Microsoft.AspNetCore.Antiforgery.AntiforgeryValidationException: The antiforgery token could not be decrypted.
 ---> System.Security.Cryptography.CryptographicException: The key {1ced18a2-a25f-40eb-8366-fdb5f26c42e6} was not found in the key ring. For more information go to https://aka.ms/aspnet/dataprotectionwarning
   at Microsoft.AspNetCore.DataProtection.KeyManagement.KeyRingBasedDataProtector.UnprotectCore(Byte[] protectedData, Boolean allowOperationsOnRevokedKeys, UnprotectStatus& status)
   at Microsoft.AspNetCore.DataProtection.KeyManagement.KeyRingBasedDataProtector.Unprotect(Byte[] protectedData)
   at Microsoft.AspNetCore.Antiforgery.DefaultAntiforgeryTokenSerializer.Deserialize(String serializedToken)
   --- End of inner exception stack trace ---
   at Microsoft.AspNetCore.Antiforgery.DefaultAntiforgeryTokenSerializer.Deserialize(String serializedToken)
   at Microsoft.AspNetCore.Antiforgery.DefaultAntiforgery.GetCookieTokenDoesNotThrow(HttpContext httpContext)
2026-06-30 20:10:26.816 +03:00 [INF] HTTP GET /Account/Login responded 200 in 249.4175 ms
2026-06-30 20:10:27.008 +03:00 [INF] HTTP GET /css/site.css responded 200 in 112.7440 ms
2026-06-30 20:10:27.011 +03:00 [INF] HTTP GET /lib/jquery-validation/dist/jquery.validate.min.js responded 200 in 87.8784 ms
2026-06-30 20:10:27.011 +03:00 [INF] HTTP GET /lib/jquery-validation-unobtrusive/dist/jquery.validate.unobtrusive.min.js responded 200 in 55.5377 ms
2026-06-30 20:10:27.011 +03:00 [INF] HTTP GET /lib/bootstrap/dist/css/bootstrap.min.css responded 200 in 89.8814 ms
2026-06-30 20:10:27.011 +03:00 [INF] HTTP GET /lib/jquery/dist/jquery.min.js responded 200 in 97.4590 ms
2026-06-30 20:10:27.012 +03:00 [INF] HTTP GET /Biktal.WebMVC.styles.css responded 200 in 99.7735 ms
2026-06-30 20:10:27.013 +03:00 [INF] HTTP GET /lib/bootstrap/dist/js/bootstrap.bundle.min.js responded 200 in 91.6237 ms
2026-06-30 20:10:27.016 +03:00 [INF] HTTP GET /js/site.js responded 200 in 92.9084 ms
2026-06-30 20:10:34.572 +03:00 [INF] HTTP POST /Account/Login responded 302 in 528.0653 ms
2026-06-30 20:10:34.592 +03:00 [INF] HTTP GET /Inventory/AddProduct responded 405 in 14.0060 ms
2026-06-30 20:10:51.266 +03:00 [INF] HTTP GET /Account/Login responded 200 in 40.3568 ms
2026-06-30 20:10:51.379 +03:00 [INF] HTTP GET /Biktal.WebMVC.styles.css responded 200 in 15.2299 ms
2026-06-30 20:10:51.379 +03:00 [INF] HTTP GET /lib/bootstrap/dist/css/bootstrap.min.css responded 200 in 35.5585 ms
2026-06-30 20:10:51.386 +03:00 [INF] HTTP GET /lib/jquery/dist/jquery.min.js responded 200 in 27.8669 ms
2026-06-30 20:10:51.424 +03:00 [INF] HTTP GET /css/site.css responded 200 in 73.0554 ms
2026-06-30 20:10:51.432 +03:00 [INF] HTTP GET /js/site.js responded 200 in 52.0131 ms
2026-06-30 20:10:51.435 +03:00 [INF] HTTP GET /lib/jquery-validation/dist/jquery.validate.min.js responded 200 in 48.3141 ms
2026-06-30 20:10:51.458 +03:00 [INF] HTTP GET /lib/jquery-validation-unobtrusive/dist/jquery.validate.unobtrusive.min.js responded 200 in 33.9622 ms
2026-06-30 20:10:51.550 +03:00 [INF] HTTP GET /lib/bootstrap/dist/js/bootstrap.bundle.min.js responded 200 in 171.1465 ms
2026-06-30 20:10:59.515 +03:00 [INF] HTTP POST /Account/Login responded 302 in 147.7146 ms
2026-06-30 20:10:59.961 +03:00 [INF] HTTP GET /lib/bootstrap/dist/css/bootstrap.min.css responded 200 in 1.7637 ms
2026-06-30 20:10:59.964 +03:00 [INF] HTTP GET /Biktal.WebMVC.styles.css responded 200 in 2.1439 ms
2026-06-30 20:10:59.967 +03:00 [INF] HTTP GET /Inventory/Products responded 200 in 446.3093 ms
2026-06-30 20:10:59.971 +03:00 [INF] HTTP GET /css/site.css responded 200 in 6.2822 ms
2026-06-30 20:11:00.838 +03:00 [INF] HTTP GET /lib/jquery/dist/jquery.min.js responded 304 in 1.5082 ms
2026-06-30 20:11:00.862 +03:00 [INF] HTTP GET /js/site.js responded 304 in 0.7551 ms
2026-06-30 20:11:00.862 +03:00 [INF] HTTP GET /lib/bootstrap/dist/js/bootstrap.bundle.min.js responded 304 in 0.7959 ms
2026-06-30 20:11:00.863 +03:00 [INF] HTTP GET /lib/jquery-validation/dist/jquery.validate.min.js responded 304 in 1.1337 ms
2026-06-30 20:11:00.864 +03:00 [INF] HTTP GET /js/products-catalog-filter.js responded 200 in 1.3985 ms
2026-06-30 20:11:00.864 +03:00 [INF] HTTP GET /lib/jquery-validation-unobtrusive/dist/jquery.validate.unobtrusive.min.js responded 304 in 1.7266 ms
2026-06-30 20:11:31.173 +03:00 [INF] HTTP POST /Inventory/AddProduct responded 302 in 176.8567 ms
2026-06-30 20:11:31.268 +03:00 [INF] HTTP GET /Inventory/Products responded 200 in 89.5338 ms
2026-06-30 20:11:31.386 +03:00 [INF] HTTP GET /lib/bootstrap/dist/css/bootstrap.min.css responded 200 in 3.5073 ms
2026-06-30 20:11:31.386 +03:00 [INF] HTTP GET /css/site.css responded 200 in 3.9836 ms
2026-06-30 20:11:31.390 +03:00 [INF] HTTP GET /Biktal.WebMVC.styles.css responded 200 in 3.3181 ms
2026-06-30 20:11:32.229 +03:00 [INF] HTTP GET /lib/jquery/dist/jquery.min.js responded 304 in 0.6232 ms
2026-06-30 20:11:32.247 +03:00 [INF] HTTP GET /js/site.js responded 304 in 0.7826 ms
2026-06-30 20:11:32.248 +03:00 [INF] HTTP GET /lib/bootstrap/dist/js/bootstrap.bundle.min.js responded 304 in 0.9374 ms
2026-06-30 20:11:32.249 +03:00 [INF] HTTP GET /lib/jquery-validation-unobtrusive/dist/jquery.validate.unobtrusive.min.js responded 304 in 0.6615 ms
2026-06-30 20:11:32.249 +03:00 [INF] HTTP GET /js/products-catalog-filter.js responded 304 in 0.6665 ms
2026-06-30 20:11:32.251 +03:00 [INF] HTTP GET /lib/jquery-validation/dist/jquery.validate.min.js responded 304 in 0.9802 ms
2026-06-30 20:11:34.052 +03:00 [WRN] The query uses the 'First'/'FirstOrDefault' operator without 'OrderBy' and filter operators. This may lead to unpredictable results.
2026-06-30 20:11:34.136 +03:00 [INF] HTTP GET /Pos responded 200 in 112.7310 ms
2026-06-30 20:11:34.189 +03:00 [INF] HTTP GET /lib/bootstrap/dist/css/bootstrap.min.css responded 304 in 0.6747 ms
2026-06-30 20:11:34.204 +03:00 [INF] HTTP GET /css/site.css responded 304 in 1.9551 ms
2026-06-30 20:11:34.205 +03:00 [INF] HTTP GET /Biktal.WebMVC.styles.css responded 304 in 0.5451 ms
2026-06-30 20:11:34.209 +03:00 [INF] HTTP GET /lib/jquery/dist/jquery.min.js responded 304 in 3.5030 ms
2026-06-30 20:11:34.213 +03:00 [INF] HTTP GET /js/site.js responded 304 in 0.7620 ms
2026-06-30 20:11:34.212 +03:00 [INF] HTTP GET /lib/bootstrap/dist/js/bootstrap.bundle.min.js responded 304 in 2.6642 ms
2026-06-30 20:11:34.240 +03:00 [INF] HTTP GET /js/pos.js responded 200 in 25.2615 ms
2026-06-30 20:12:24.881 +03:00 [INF] HTTP POST /Pos/CompleteSale responded 200 in 637.2516 ms
2026-06-30 20:12:57.001 +03:00 [INF] HTTP GET /Crm responded 200 in 122.2546 ms
2026-06-30 20:12:57.061 +03:00 [INF] HTTP GET /lib/bootstrap/dist/css/bootstrap.min.css responded 200 in 2.9934 ms
2026-06-30 20:12:57.069 +03:00 [INF] HTTP GET /css/site.css responded 200 in 2.4862 ms
2026-06-30 20:12:57.070 +03:00 [INF] HTTP GET /lib/jquery/dist/jquery.min.js responded 200 in 1.6072 ms
2026-06-30 20:12:57.071 +03:00 [INF] HTTP GET /lib/bootstrap/dist/js/bootstrap.bundle.min.js responded 200 in 1.3973 ms
2026-06-30 20:12:57.073 +03:00 [INF] HTTP GET /Biktal.WebMVC.styles.css responded 200 in 1.6190 ms
2026-06-30 20:12:57.090 +03:00 [INF] HTTP GET /js/site.js responded 200 in 1.2066 ms
2026-06-30 20:13:02.028 +03:00 [WRN] The query uses the 'First'/'FirstOrDefault' operator without 'OrderBy' and filter operators. This may lead to unpredictable results.
2026-06-30 20:13:02.039 +03:00 [WRN] The query uses the 'First'/'FirstOrDefault' operator without 'OrderBy' and filter operators. This may lead to unpredictable results.
2026-06-30 20:13:02.082 +03:00 [INF] HTTP GET /Operations responded 200 in 109.2764 ms
2026-06-30 20:13:02.149 +03:00 [INF] HTTP GET /lib/bootstrap/dist/css/bootstrap.min.css responded 200 in 14.6617 ms
2026-06-30 20:13:02.160 +03:00 [INF] HTTP GET /Biktal.WebMVC.styles.css responded 200 in 3.0821 ms
2026-06-30 20:13:02.161 +03:00 [INF] HTTP GET /lib/jquery/dist/jquery.min.js responded 304 in 3.4295 ms
2026-06-30 20:13:02.162 +03:00 [INF] HTTP GET /lib/bootstrap/dist/js/bootstrap.bundle.min.js responded 304 in 0.7715 ms
2026-06-30 20:13:02.169 +03:00 [INF] HTTP GET /css/site.css responded 200 in 6.3585 ms
2026-06-30 20:13:02.170 +03:00 [INF] HTTP GET /js/site.js responded 304 in 0.8023 ms
2026-06-30 20:14:37.397 +03:00 [INF] HTTP GET /Inventory responded 200 in 130.9249 ms
2026-06-30 20:14:37.468 +03:00 [INF] HTTP GET /lib/bootstrap/dist/css/bootstrap.min.css responded 200 in 3.7467 ms
2026-06-30 20:14:37.469 +03:00 [INF] HTTP GET /css/site.css responded 200 in 0.9132 ms
2026-06-30 20:14:37.469 +03:00 [INF] HTTP GET /Biktal.WebMVC.styles.css responded 200 in 0.9403 ms
2026-06-30 20:14:37.477 +03:00 [INF] HTTP GET /lib/jquery/dist/jquery.min.js responded 200 in 4.1225 ms
2026-06-30 20:14:37.484 +03:00 [INF] HTTP GET /lib/bootstrap/dist/js/bootstrap.bundle.min.js responded 200 in 1.0977 ms
2026-06-30 20:14:37.486 +03:00 [INF] HTTP GET /js/site.js responded 200 in 0.9981 ms
2026-06-30 20:14:39.616 +03:00 [INF] HTTP GET /Inventory/Products responded 200 in 67.1271 ms
2026-06-30 20:14:39.661 +03:00 [INF] HTTP GET /css/site.css responded 304 in 0.5190 ms
2026-06-30 20:14:39.670 +03:00 [INF] HTTP GET /lib/bootstrap/dist/css/bootstrap.min.css responded 304 in 3.2580 ms
2026-06-30 20:14:39.679 +03:00 [INF] HTTP GET /Biktal.WebMVC.styles.css responded 304 in 1.1359 ms
2026-06-30 20:14:40.507 +03:00 [INF] HTTP GET /lib/jquery/dist/jquery.min.js responded 304 in 0.3588 ms
2026-06-30 20:14:40.531 +03:00 [INF] HTTP GET /lib/bootstrap/dist/js/bootstrap.bundle.min.js responded 304 in 0.6984 ms
2026-06-30 20:14:40.533 +03:00 [INF] HTTP GET /js/site.js responded 304 in 0.7073 ms
2026-06-30 20:14:40.533 +03:00 [INF] HTTP GET /lib/jquery-validation/dist/jquery.validate.min.js responded 200 in 1.3177 ms
2026-06-30 20:14:40.539 +03:00 [INF] HTTP GET /lib/jquery-validation-unobtrusive/dist/jquery.validate.unobtrusive.min.js responded 200 in 1.6759 ms
2026-06-30 20:14:40.543 +03:00 [INF] HTTP GET /js/products-catalog-filter.js responded 200 in 2.8203 ms
2026-06-30 20:18:31.302 +03:00 [INF] HTTP POST /Inventory/AddProduct responded 302 in 97.1663 ms
2026-06-30 20:18:31.423 +03:00 [INF] HTTP GET /Inventory/Products responded 200 in 106.1328 ms
2026-06-30 20:18:31.520 +03:00 [INF] HTTP GET /lib/bootstrap/dist/css/bootstrap.min.css responded 200 in 1.7881 ms
2026-06-30 20:18:31.521 +03:00 [INF] HTTP GET /css/site.css responded 200 in 1.9333 ms
2026-06-30 20:18:31.530 +03:00 [INF] HTTP GET /Biktal.WebMVC.styles.css responded 200 in 1.3913 ms
2026-06-30 20:18:32.847 +03:00 [INF] HTTP GET /lib/jquery/dist/jquery.min.js responded 200 in 0.8176 ms
2026-06-30 20:18:32.865 +03:00 [INF] HTTP GET /js/site.js responded 200 in 0.9536 ms
2026-06-30 20:18:32.866 +03:00 [INF] HTTP GET /lib/jquery-validation/dist/jquery.validate.min.js responded 200 in 1.1037 ms
2026-06-30 20:18:32.868 +03:00 [INF] HTTP GET /lib/jquery-validation-unobtrusive/dist/jquery.validate.unobtrusive.min.js responded 200 in 1.7110 ms
2026-06-30 20:18:32.869 +03:00 [INF] HTTP GET /lib/bootstrap/dist/js/bootstrap.bundle.min.js responded 200 in 4.7257 ms
2026-06-30 20:18:32.880 +03:00 [INF] HTTP GET /js/products-catalog-filter.js responded 200 in 5.1536 ms
2026-06-30 20:19:01.183 +03:00 [INF] HTTP POST /Inventory/AddProduct responded 302 in 16.6081 ms
2026-06-30 20:19:01.279 +03:00 [INF] HTTP GET /Inventory/Products responded 200 in 87.3859 ms
2026-06-30 20:19:01.411 +03:00 [INF] HTTP GET /lib/bootstrap/dist/css/bootstrap.min.css responded 200 in 1.6325 ms
2026-06-30 20:19:01.414 +03:00 [INF] HTTP GET /css/site.css responded 200 in 2.1493 ms
2026-06-30 20:19:01.423 +03:00 [INF] HTTP GET /Biktal.WebMVC.styles.css responded 200 in 0.8503 ms
2026-06-30 20:19:02.141 +03:00 [INF] HTTP GET /lib/jquery/dist/jquery.min.js responded 304 in 0.3364 ms
2026-06-30 20:19:02.158 +03:00 [INF] HTTP GET /lib/bootstrap/dist/js/bootstrap.bundle.min.js responded 304 in 1.2160 ms
2026-06-30 20:19:02.160 +03:00 [INF] HTTP GET /lib/jquery-validation-unobtrusive/dist/jquery.validate.unobtrusive.min.js responded 304 in 0.8085 ms
2026-06-30 20:19:02.160 +03:00 [INF] HTTP GET /js/site.js responded 304 in 1.6891 ms
2026-06-30 20:19:02.161 +03:00 [INF] HTTP GET /js/products-catalog-filter.js responded 304 in 0.3780 ms
2026-06-30 20:19:02.161 +03:00 [INF] HTTP GET /lib/jquery-validation/dist/jquery.validate.min.js responded 304 in 0.4067 ms
2026-06-30 20:39:57.687 +03:00 [INF] Application is shutting down...
2026-06-30 20:59:22.040 +03:00 [ERR] Failed executing DbCommand (11ms) [Parameters=[@p0='?' (DbType = Guid), @p1='?' (DbType = DateTime), @p2='?' (DbType = Guid), @p3='?', @p4='?' (DbType = DateTime), @p5='?' (DbType = Int32), @p6='?' (DbType = Int32), @p7='?', @p8='?', @p9='?' (DbType = Guid), @p10='?' (DbType = DateTime), @p11='?' (DbType = Guid), @p12='?', @p13='?' (DbType = DateTime), @p14='?' (DbType = Int32), @p15='?' (DbType = Int32), @p16='?', @p17='?'], CommandType='"Text"', CommandTimeout='30']
INSERT INTO "CrmSupportTickets" ("Id", "CreatedAtUtc", "CustomerId", "Description", "ModifiedAtUtc", "Priority", "Status", "Subject", "TicketNumber")
VALUES (@p0, @p1, @p2, @p3, @p4, @p5, @p6, @p7, @p8);
INSERT INTO "CrmSupportTickets" ("Id", "CreatedAtUtc", "CustomerId", "Description", "ModifiedAtUtc", "Priority", "Status", "Subject", "TicketNumber")
VALUES (@p9, @p10, @p11, @p12, @p13, @p14, @p15, @p16, @p17);
2026-06-30 20:59:22.130 +03:00 [ERR] An exception occurred in the database while saving changes for context type 'Biktal.Infrastructure.Persistence.ApplicationDbContext'.
Microsoft.EntityFrameworkCore.DbUpdateException: An error occurred while saving the entity changes. See the inner exception for details.
 ---> Npgsql.PostgresException (0x80004005): 23503: insert or update on table "CrmSupportTickets" violates foreign key constraint "FK_CrmSupportTickets_CrmCustomers_CustomerId"

DETAIL: Detail redacted as it may contain sensitive data. Specify 'Include Error Detail' in the connection string to include this information.
   at Npgsql.Internal.NpgsqlConnector.ReadMessageLong(Boolean async, DataRowLoadingMode dataRowLoadingMode, Boolean readingNotifications, Boolean isReadingPrependedMessage)
   at System.Runtime.CompilerServices.PoolingAsyncValueTaskMethodBuilder`1.StateMachineBox`1.System.Threading.Tasks.Sources.IValueTaskSource<TResult>.GetResult(Int16 token)
   at Npgsql.NpgsqlDataReader.NextResult(Boolean async, Boolean isConsuming, CancellationToken cancellationToken)
   at Npgsql.NpgsqlDataReader.NextResult(Boolean async, Boolean isConsuming, CancellationToken cancellationToken)
   at Npgsql.NpgsqlCommand.ExecuteReader(Boolean async, CommandBehavior behavior, CancellationToken cancellationToken)
   at Npgsql.NpgsqlCommand.ExecuteReader(Boolean async, CommandBehavior behavior, CancellationToken cancellationToken)
   at Npgsql.NpgsqlCommand.ExecuteDbDataReaderAsync(CommandBehavior behavior, CancellationToken cancellationToken)
   at Microsoft.EntityFrameworkCore.Storage.RelationalCommand.ExecuteReaderAsync(RelationalCommandParameterObject parameterObject, CancellationToken cancellationToken)
   at Microsoft.EntityFrameworkCore.Storage.RelationalCommand.ExecuteReaderAsync(RelationalCommandParameterObject parameterObject, CancellationToken cancellationToken)
   at Microsoft.EntityFrameworkCore.Update.ReaderModificationCommandBatch.ExecuteAsync(IRelationalConnection connection, CancellationToken cancellationToken)
  Exception data:
    Severity: ERROR
    SqlState: 23503
    MessageText: insert or update on table "CrmSupportTickets" violates foreign key constraint "FK_CrmSupportTickets_CrmCustomers_CustomerId"
    Detail: Detail redacted as it may contain sensitive data. Specify 'Include Error Detail' in the connection string to include this information.
    SchemaName: public
    TableName: CrmSupportTickets
    ConstraintName: FK_CrmSupportTickets_CrmCustomers_CustomerId
    File: ri_triggers.c
    Line: 2783
    Routine: ri_ReportViolation
   --- End of inner exception stack trace ---
   at Microsoft.EntityFrameworkCore.Update.ReaderModificationCommandBatch.ExecuteAsync(IRelationalConnection connection, CancellationToken cancellationToken)
   at Microsoft.EntityFrameworkCore.Update.Internal.BatchExecutor.ExecuteAsync(IEnumerable`1 commandBatches, IRelationalConnection connection, CancellationToken cancellationToken)
   at Microsoft.EntityFrameworkCore.Update.Internal.BatchExecutor.ExecuteAsync(IEnumerable`1 commandBatches, IRelationalConnection connection, CancellationToken cancellationToken)
   at Microsoft.EntityFrameworkCore.Update.Internal.BatchExecutor.ExecuteAsync(IEnumerable`1 commandBatches, IRelationalConnection connection, CancellationToken cancellationToken)
   at Microsoft.EntityFrameworkCore.Storage.RelationalDatabase.SaveChangesAsync(IList`1 entries, CancellationToken cancellationToken)
   at Microsoft.EntityFrameworkCore.ChangeTracking.Internal.StateManager.SaveChangesAsync(IList`1 entriesToSave, CancellationToken cancellationToken)
   at Microsoft.EntityFrameworkCore.ChangeTracking.Internal.StateManager.SaveChangesAsync(StateManager stateManager, Boolean acceptAllChangesOnSuccess, CancellationToken cancellationToken)
   at Npgsql.EntityFrameworkCore.PostgreSQL.Storage.Internal.NpgsqlExecutionStrategy.ExecuteAsync[TState,TResult](TState state, Func`4 operation, Func`4 verifySucceeded, CancellationToken cancellationToken)
   at Microsoft.EntityFrameworkCore.DbContext.SaveChangesAsync(Boolean acceptAllChangesOnSuccess, CancellationToken cancellationToken)
Microsoft.EntityFrameworkCore.DbUpdateException: An error occurred while saving the entity changes. See the inner exception for details.
 ---> Npgsql.PostgresException (0x80004005): 23503: insert or update on table "CrmSupportTickets" violates foreign key constraint "FK_CrmSupportTickets_CrmCustomers_CustomerId"

DETAIL: Detail redacted as it may contain sensitive data. Specify 'Include Error Detail' in the connection string to include this information.
   at Npgsql.Internal.NpgsqlConnector.ReadMessageLong(Boolean async, DataRowLoadingMode dataRowLoadingMode, Boolean readingNotifications, Boolean isReadingPrependedMessage)
   at System.Runtime.CompilerServices.PoolingAsyncValueTaskMethodBuilder`1.StateMachineBox`1.System.Threading.Tasks.Sources.IValueTaskSource<TResult>.GetResult(Int16 token)
   at Npgsql.NpgsqlDataReader.NextResult(Boolean async, Boolean isConsuming, CancellationToken cancellationToken)
   at Npgsql.NpgsqlDataReader.NextResult(Boolean async, Boolean isConsuming, CancellationToken cancellationToken)
   at Npgsql.NpgsqlCommand.ExecuteReader(Boolean async, CommandBehavior behavior, CancellationToken cancellationToken)
   at Npgsql.NpgsqlCommand.ExecuteReader(Boolean async, CommandBehavior behavior, CancellationToken cancellationToken)
   at Npgsql.NpgsqlCommand.ExecuteDbDataReaderAsync(CommandBehavior behavior, CancellationToken cancellationToken)
   at Microsoft.EntityFrameworkCore.Storage.RelationalCommand.ExecuteReaderAsync(RelationalCommandParameterObject parameterObject, CancellationToken cancellationToken)
   at Microsoft.EntityFrameworkCore.Storage.RelationalCommand.ExecuteReaderAsync(RelationalCommandParameterObject parameterObject, CancellationToken cancellationToken)
   at Microsoft.EntityFrameworkCore.Update.ReaderModificationCommandBatch.ExecuteAsync(IRelationalConnection connection, CancellationToken cancellationToken)
  Exception data:
    Severity: ERROR
    SqlState: 23503
    MessageText: insert or update on table "CrmSupportTickets" violates foreign key constraint "FK_CrmSupportTickets_CrmCustomers_CustomerId"
    Detail: Detail redacted as it may contain sensitive data. Specify 'Include Error Detail' in the connection string to include this information.
    SchemaName: public
    TableName: CrmSupportTickets
    ConstraintName: FK_CrmSupportTickets_CrmCustomers_CustomerId
    File: ri_triggers.c
    Line: 2783
    Routine: ri_ReportViolation
   --- End of inner exception stack trace ---
   at Microsoft.EntityFrameworkCore.Update.ReaderModificationCommandBatch.ExecuteAsync(IRelationalConnection connection, CancellationToken cancellationToken)
   at Microsoft.EntityFrameworkCore.Update.Internal.BatchExecutor.ExecuteAsync(IEnumerable`1 commandBatches, IRelationalConnection connection, CancellationToken cancellationToken)
   at Microsoft.EntityFrameworkCore.Update.Internal.BatchExecutor.ExecuteAsync(IEnumerable`1 commandBatches, IRelationalConnection connection, CancellationToken cancellationToken)
   at Microsoft.EntityFrameworkCore.Update.Internal.BatchExecutor.ExecuteAsync(IEnumerable`1 commandBatches, IRelationalConnection connection, CancellationToken cancellationToken)
   at Microsoft.EntityFrameworkCore.Storage.RelationalDatabase.SaveChangesAsync(IList`1 entries, CancellationToken cancellationToken)
   at Microsoft.EntityFrameworkCore.ChangeTracking.Internal.StateManager.SaveChangesAsync(IList`1 entriesToSave, CancellationToken cancellationToken)
   at Microsoft.EntityFrameworkCore.ChangeTracking.Internal.StateManager.SaveChangesAsync(StateManager stateManager, Boolean acceptAllChangesOnSuccess, CancellationToken cancellationToken)
   at Npgsql.EntityFrameworkCore.PostgreSQL.Storage.Internal.NpgsqlExecutionStrategy.ExecuteAsync[TState,TResult](TState state, Func`4 operation, Func`4 verifySucceeded, CancellationToken cancellationToken)
   at Microsoft.EntityFrameworkCore.DbContext.SaveChangesAsync(Boolean acceptAllChangesOnSuccess, CancellationToken cancellationToken)
2026-06-30 20:59:22.136 +03:00 [ERR] Database migration or seed failed. Check PostgreSQL is running and ConnectionStrings:DefaultConnection is correct.
Microsoft.EntityFrameworkCore.DbUpdateException: An error occurred while saving the entity changes. See the inner exception for details.
 ---> Npgsql.PostgresException (0x80004005): 23503: insert or update on table "CrmSupportTickets" violates foreign key constraint "FK_CrmSupportTickets_CrmCustomers_CustomerId"

DETAIL: Detail redacted as it may contain sensitive data. Specify 'Include Error Detail' in the connection string to include this information.
   at Npgsql.Internal.NpgsqlConnector.ReadMessageLong(Boolean async, DataRowLoadingMode dataRowLoadingMode, Boolean readingNotifications, Boolean isReadingPrependedMessage)
   at System.Runtime.CompilerServices.PoolingAsyncValueTaskMethodBuilder`1.StateMachineBox`1.System.Threading.Tasks.Sources.IValueTaskSource<TResult>.GetResult(Int16 token)
   at Npgsql.NpgsqlDataReader.NextResult(Boolean async, Boolean isConsuming, CancellationToken cancellationToken)
   at Npgsql.NpgsqlDataReader.NextResult(Boolean async, Boolean isConsuming, CancellationToken cancellationToken)
   at Npgsql.NpgsqlCommand.ExecuteReader(Boolean async, CommandBehavior behavior, CancellationToken cancellationToken)
   at Npgsql.NpgsqlCommand.ExecuteReader(Boolean async, CommandBehavior behavior, CancellationToken cancellationToken)
   at Npgsql.NpgsqlCommand.ExecuteDbDataReaderAsync(CommandBehavior behavior, CancellationToken cancellationToken)
   at Microsoft.EntityFrameworkCore.Storage.RelationalCommand.ExecuteReaderAsync(RelationalCommandParameterObject parameterObject, CancellationToken cancellationToken)
   at Microsoft.EntityFrameworkCore.Storage.RelationalCommand.ExecuteReaderAsync(RelationalCommandParameterObject parameterObject, CancellationToken cancellationToken)
   at Microsoft.EntityFrameworkCore.Update.ReaderModificationCommandBatch.ExecuteAsync(IRelationalConnection connection, CancellationToken cancellationToken)
  Exception data:
    Severity: ERROR
    SqlState: 23503
    MessageText: insert or update on table "CrmSupportTickets" violates foreign key constraint "FK_CrmSupportTickets_CrmCustomers_CustomerId"
    Detail: Detail redacted as it may contain sensitive data. Specify 'Include Error Detail' in the connection string to include this information.
    SchemaName: public
    TableName: CrmSupportTickets
    ConstraintName: FK_CrmSupportTickets_CrmCustomers_CustomerId
    File: ri_triggers.c
    Line: 2783
    Routine: ri_ReportViolation
   --- End of inner exception stack trace ---
   at Microsoft.EntityFrameworkCore.Update.ReaderModificationCommandBatch.ExecuteAsync(IRelationalConnection connection, CancellationToken cancellationToken)
   at Microsoft.EntityFrameworkCore.Update.Internal.BatchExecutor.ExecuteAsync(IEnumerable`1 commandBatches, IRelationalConnection connection, CancellationToken cancellationToken)
   at Microsoft.EntityFrameworkCore.Update.Internal.BatchExecutor.ExecuteAsync(IEnumerable`1 commandBatches, IRelationalConnection connection, CancellationToken cancellationToken)
   at Microsoft.EntityFrameworkCore.Update.Internal.BatchExecutor.ExecuteAsync(IEnumerable`1 commandBatches, IRelationalConnection connection, CancellationToken cancellationToken)
   at Microsoft.EntityFrameworkCore.Storage.RelationalDatabase.SaveChangesAsync(IList`1 entries, CancellationToken cancellationToken)
   at Microsoft.EntityFrameworkCore.ChangeTracking.Internal.StateManager.SaveChangesAsync(IList`1 entriesToSave, CancellationToken cancellationToken)
   at Microsoft.EntityFrameworkCore.ChangeTracking.Internal.StateManager.SaveChangesAsync(StateManager stateManager, Boolean acceptAllChangesOnSuccess, CancellationToken cancellationToken)
   at Npgsql.EntityFrameworkCore.PostgreSQL.Storage.Internal.NpgsqlExecutionStrategy.ExecuteAsync[TState,TResult](TState state, Func`4 operation, Func`4 verifySucceeded, CancellationToken cancellationToken)
   at Microsoft.EntityFrameworkCore.DbContext.SaveChangesAsync(Boolean acceptAllChangesOnSuccess, CancellationToken cancellationToken)
   at Microsoft.EntityFrameworkCore.DbContext.SaveChangesAsync(Boolean acceptAllChangesOnSuccess, CancellationToken cancellationToken)
   at Biktal.Infrastructure.Persistence.CrmDataSeeder.SeedIfEmptyAsync(ApplicationDbContext db, CancellationToken cancellationToken)
   at Program.<Main>$(String[] args) in d:\Systems\BiktalSystems\Program.cs:line 71
2026-06-30 20:59:22.141 +03:00 [WRN] Continuing without a successful migration/seed. Auth and data pages may fail until the database is available.
2026-06-30 20:59:22.167 +03:00 [WRN] Using an in-memory repository. Keys will not be persisted to storage.
2026-06-30 20:59:22.168 +03:00 [WRN] Neither user profile nor HKLM registry available. Using an ephemeral key repository. Protected data will be unavailable when application exits.
2026-06-30 20:59:22.189 +03:00 [WRN] No XML encryptor configured. Key {23795070-2f91-4f60-9b1c-992ea4976762} may be persisted to storage in unencrypted form.
2026-06-30 20:59:22.254 +03:00 [INF] Application started. Press Ctrl+C to shut down.
2026-06-30 20:59:22.254 +03:00 [INF] Hosting environment: Production
2026-06-30 20:59:22.254 +03:00 [INF] Content root path: D:\Systems\BiktalSystems\publish
2026-06-30 20:59:22.440 +03:00 [INF] HTTP GET /Pos responded 302 in 152.8795 ms
2026-06-30 20:59:22.697 +03:00 [ERR] An exception was thrown while deserializing the token.
Microsoft.AspNetCore.Antiforgery.AntiforgeryValidationException: The antiforgery token could not be decrypted.
 ---> System.Security.Cryptography.CryptographicException: The key {f19ef6cf-bd45-4d79-b63d-84170d0c6546} was not found in the key ring. For more information go to https://aka.ms/aspnet/dataprotectionwarning
   at Microsoft.AspNetCore.DataProtection.KeyManagement.KeyRingBasedDataProtector.UnprotectCore(Byte[] protectedData, Boolean allowOperationsOnRevokedKeys, UnprotectStatus& status)
   at Microsoft.AspNetCore.DataProtection.KeyManagement.KeyRingBasedDataProtector.Unprotect(Byte[] protectedData)
   at Microsoft.AspNetCore.Antiforgery.DefaultAntiforgeryTokenSerializer.Deserialize(String serializedToken)
   --- End of inner exception stack trace ---
   at Microsoft.AspNetCore.Antiforgery.DefaultAntiforgeryTokenSerializer.Deserialize(String serializedToken)
   at Microsoft.AspNetCore.Antiforgery.DefaultAntiforgery.GetCookieTokenDoesNotThrow(HttpContext httpContext)
2026-06-30 20:59:22.801 +03:00 [INF] HTTP GET /Account/Login responded 200 in 329.1385 ms
2026-06-30 20:59:22.926 +03:00 [INF] HTTP GET /lib/bootstrap/dist/css/bootstrap.min.css responded 200 in 45.7706 ms
2026-06-30 20:59:22.935 +03:00 [INF] HTTP GET /css/site.css responded 200 in 29.0068 ms
2026-06-30 20:59:22.942 +03:00 [INF] HTTP GET /lib/jquery-validation-unobtrusive/dist/jquery.validate.unobtrusive.min.js responded 200 in 5.0027 ms
2026-06-30 20:59:22.942 +03:00 [INF] HTTP GET /js/site.js responded 200 in 10.2050 ms
2026-06-30 20:59:22.942 +03:00 [INF] HTTP GET /lib/jquery-validation/dist/jquery.validate.min.js responded 200 in 6.7109 ms
2026-06-30 20:59:22.942 +03:00 [INF] HTTP GET /Biktal.WebMVC.styles.css responded 200 in 19.6149 ms
2026-06-30 20:59:22.942 +03:00 [INF] HTTP GET /lib/bootstrap/dist/js/bootstrap.bundle.min.js responded 200 in 19.7631 ms
2026-06-30 20:59:22.943 +03:00 [INF] HTTP GET /lib/jquery/dist/jquery.min.js responded 200 in 31.4005 ms
2026-06-30 20:59:31.019 +03:00 [INF] HTTP POST /Account/Login responded 302 in 527.9516 ms
2026-06-30 20:59:31.070 +03:00 [WRN] The query uses the 'First'/'FirstOrDefault' operator without 'OrderBy' and filter operators. This may lead to unpredictable results.
2026-06-30 20:59:31.132 +03:00 [INF] HTTP GET /Pos responded 200 in 107.1961 ms
2026-06-30 20:59:31.212 +03:00 [INF] HTTP GET /css/site.css responded 304 in 12.3756 ms
2026-06-30 20:59:31.213 +03:00 [INF] HTTP GET /lib/bootstrap/dist/css/bootstrap.min.css responded 304 in 9.3859 ms
2026-06-30 20:59:31.270 +03:00 [INF] HTTP GET /Biktal.WebMVC.styles.css responded 304 in 35.0507 ms
2026-06-30 20:59:31.310 +03:00 [INF] HTTP GET /js/site.js responded 304 in 34.2569 ms
2026-06-30 20:59:31.319 +03:00 [INF] HTTP GET /lib/jquery/dist/jquery.min.js responded 304 in 43.3606 ms
2026-06-30 20:59:31.322 +03:00 [INF] HTTP GET /js/pos.js responded 200 in 2.4994 ms
2026-06-30 20:59:31.458 +03:00 [INF] HTTP GET /lib/bootstrap/dist/js/bootstrap.bundle.min.js responded 304 in 182.0206 ms
2026-06-30 20:59:47.769 +03:00 [INF] HTTP GET /Inventory responded 200 in 291.3159 ms
2026-06-30 20:59:47.837 +03:00 [INF] HTTP GET /Biktal.WebMVC.styles.css responded 304 in 3.7022 ms
2026-06-30 20:59:47.838 +03:00 [INF] HTTP GET /lib/bootstrap/dist/css/bootstrap.min.css responded 200 in 6.3169 ms
2026-06-30 20:59:47.840 +03:00 [INF] HTTP GET /lib/bootstrap/dist/js/bootstrap.bundle.min.js responded 304 in 2.3007 ms
2026-06-30 20:59:47.844 +03:00 [INF] HTTP GET /lib/jquery/dist/jquery.min.js responded 304 in 4.1961 ms
2026-06-30 20:59:47.845 +03:00 [INF] HTTP GET /css/site.css responded 304 in 4.5262 ms
2026-06-30 20:59:47.849 +03:00 [INF] HTTP GET /js/site.js responded 304 in 10.8489 ms
2026-06-30 20:59:51.048 +03:00 [INF] HTTP GET /Inventory/Products responded 200 in 271.0274 ms
2026-06-30 20:59:51.094 +03:00 [INF] HTTP GET /css/site.css responded 304 in 2.9315 ms
2026-06-30 20:59:51.099 +03:00 [INF] HTTP GET /lib/bootstrap/dist/css/bootstrap.min.css responded 200 in 8.3930 ms
2026-06-30 20:59:51.102 +03:00 [INF] HTTP GET /Biktal.WebMVC.styles.css responded 304 in 2.5779 ms
2026-06-30 20:59:51.889 +03:00 [INF] HTTP GET /lib/jquery/dist/jquery.min.js responded 304 in 0.6447 ms
2026-06-30 20:59:51.915 +03:00 [INF] HTTP GET /lib/bootstrap/dist/js/bootstrap.bundle.min.js responded 304 in 0.6866 ms
2026-06-30 20:59:51.916 +03:00 [INF] HTTP GET /js/site.js responded 304 in 1.6103 ms
2026-06-30 20:59:51.930 +03:00 [INF] HTTP GET /lib/jquery-validation-unobtrusive/dist/jquery.validate.unobtrusive.min.js responded 304 in 13.7243 ms
2026-06-30 20:59:51.935 +03:00 [INF] HTTP GET /js/products-catalog-filter.js responded 200 in 1.4364 ms
2026-06-30 20:59:51.938 +03:00 [INF] HTTP GET /lib/jquery-validation/dist/jquery.validate.min.js responded 304 in 22.6610 ms
2026-06-30 21:00:01.100 +03:00 [INF] HTTP GET /Inventory/Products responded 200 in 130.1796 ms
2026-06-30 21:00:01.142 +03:00 [INF] HTTP GET /lib/bootstrap/dist/css/bootstrap.min.css responded 304 in 0.8269 ms
2026-06-30 21:00:01.156 +03:00 [INF] HTTP GET /css/site.css responded 304 in 1.7204 ms
2026-06-30 21:00:01.157 +03:00 [INF] HTTP GET /Biktal.WebMVC.styles.css responded 304 in 0.8332 ms
2026-06-30 21:00:01.895 +03:00 [INF] HTTP GET /lib/jquery/dist/jquery.min.js responded 304 in 0.5244 ms
2026-06-30 21:00:01.917 +03:00 [INF] HTTP GET /lib/bootstrap/dist/js/bootstrap.bundle.min.js responded 304 in 0.7047 ms
2026-06-30 21:00:01.918 +03:00 [INF] HTTP GET /lib/jquery-validation/dist/jquery.validate.min.js responded 304 in 0.5421 ms
2026-06-30 21:00:01.918 +03:00 [INF] HTTP GET /lib/jquery-validation-unobtrusive/dist/jquery.validate.unobtrusive.min.js responded 304 in 0.4257 ms
2026-06-30 21:00:01.919 +03:00 [INF] HTTP GET /js/site.js responded 304 in 1.7733 ms
2026-06-30 21:00:01.919 +03:00 [INF] HTTP GET /js/products-catalog-filter.js responded 304 in 0.6800 ms
2026-06-30 21:00:10.961 +03:00 [INF] HTTP POST /Inventory/EditProduct responded 302 in 185.6178 ms
2026-06-30 21:00:11.039 +03:00 [INF] HTTP GET /Inventory/Products responded 200 in 71.9920 ms
2026-06-30 21:00:11.143 +03:00 [INF] HTTP GET /lib/bootstrap/dist/css/bootstrap.min.css responded 200 in 11.5968 ms
2026-06-30 21:00:11.148 +03:00 [INF] HTTP GET /css/site.css responded 304 in 1.7805 ms
2026-06-30 21:00:11.149 +03:00 [INF] HTTP GET /Biktal.WebMVC.styles.css responded 304 in 0.7554 ms
2026-06-30 21:00:11.895 +03:00 [INF] HTTP GET /lib/jquery/dist/jquery.min.js responded 304 in 0.5772 ms
2026-06-30 21:00:11.909 +03:00 [INF] HTTP GET /lib/bootstrap/dist/js/bootstrap.bundle.min.js responded 304 in 0.4904 ms
2026-06-30 21:00:11.909 +03:00 [INF] HTTP GET /js/site.js responded 304 in 0.4973 ms
2026-06-30 21:00:11.910 +03:00 [INF] HTTP GET /lib/jquery-validation/dist/jquery.validate.min.js responded 304 in 0.8353 ms
2026-06-30 21:00:11.910 +03:00 [INF] HTTP GET /js/products-catalog-filter.js responded 304 in 0.3818 ms
2026-06-30 21:00:11.911 +03:00 [INF] HTTP GET /lib/jquery-validation-unobtrusive/dist/jquery.validate.unobtrusive.min.js responded 304 in 1.2001 ms
2026-06-30 21:00:12.885 +03:00 [INF] HTTP GET /Pos responded 200 in 31.0001 ms
2026-06-30 21:00:12.934 +03:00 [INF] HTTP GET /lib/bootstrap/dist/css/bootstrap.min.css responded 304 in 0.5304 ms
2026-06-30 21:00:12.950 +03:00 [INF] HTTP GET /css/site.css responded 304 in 1.3213 ms
2026-06-30 21:00:12.951 +03:00 [INF] HTTP GET /lib/jquery/dist/jquery.min.js responded 304 in 0.6193 ms
2026-06-30 21:00:12.951 +03:00 [INF] HTTP GET /Biktal.WebMVC.styles.css responded 304 in 0.6134 ms
2026-06-30 21:00:12.952 +03:00 [INF] HTTP GET /lib/bootstrap/dist/js/bootstrap.bundle.min.js responded 304 in 0.7525 ms
2026-06-30 21:00:12.961 +03:00 [INF] HTTP GET /js/site.js responded 304 in 1.0546 ms
2026-06-30 21:00:12.961 +03:00 [INF] HTTP GET /js/pos.js responded 304 in 0.6655 ms
2026-06-30 21:03:38.693 +03:00 [INF] HTTP POST /Pos/CompleteSale responded 200 in 536.7851 ms
2026-06-30 21:04:07.901 +03:00 [INF] HTTP POST /Pos/CompleteSale responded 200 in 44.8849 ms
2026-06-30 21:18:01.837 +03:00 [INF] HTTP GET /Inventory responded 200 in 98.6432 ms
2026-06-30 21:18:01.912 +03:00 [INF] HTTP GET /css/site.css responded 200 in 1.1918 ms
2026-06-30 21:18:01.914 +03:00 [INF] HTTP GET /lib/bootstrap/dist/js/bootstrap.bundle.min.js responded 200 in 2.1561 ms
2026-06-30 21:18:01.914 +03:00 [INF] HTTP GET /js/site.js responded 200 in 1.3514 ms
2026-06-30 21:18:01.917 +03:00 [INF] HTTP GET /lib/bootstrap/dist/css/bootstrap.min.css responded 200 in 2.1614 ms
2026-06-30 21:18:01.917 +03:00 [INF] HTTP GET /Biktal.WebMVC.styles.css responded 200 in 1.3235 ms
2026-06-30 21:18:01.919 +03:00 [INF] HTTP GET /lib/jquery/dist/jquery.min.js responded 200 in 1.2524 ms
2026-06-30 21:18:04.629 +03:00 [INF] HTTP GET /Inventory/Products responded 200 in 78.0888 ms
2026-06-30 21:18:04.660 +03:00 [INF] HTTP GET /Biktal.WebMVC.styles.css responded 200 in 1.2326 ms
2026-06-30 21:18:04.666 +03:00 [INF] HTTP GET /lib/bootstrap/dist/css/bootstrap.min.css responded 200 in 3.6113 ms
2026-06-30 21:18:04.672 +03:00 [INF] HTTP GET /css/site.css responded 200 in 5.5598 ms
2026-06-30 21:18:05.514 +03:00 [INF] HTTP GET /lib/jquery/dist/jquery.min.js responded 304 in 0.5288 ms
2026-06-30 21:18:05.536 +03:00 [INF] HTTP GET /js/site.js responded 304 in 0.3146 ms
2026-06-30 21:18:05.536 +03:00 [INF] HTTP GET /lib/bootstrap/dist/js/bootstrap.bundle.min.js responded 304 in 0.3904 ms
2026-06-30 21:18:05.538 +03:00 [INF] HTTP GET /lib/jquery-validation-unobtrusive/dist/jquery.validate.unobtrusive.min.js responded 200 in 1.6220 ms
2026-06-30 21:18:05.538 +03:00 [INF] HTTP GET /lib/jquery-validation/dist/jquery.validate.min.js responded 200 in 2.0939 ms
2026-06-30 21:18:05.544 +03:00 [INF] HTTP GET /js/products-catalog-filter.js responded 200 in 3.8240 ms
2026-06-30 21:18:22.500 +03:00 [INF] HTTP GET /Inventory/Products responded 200 in 82.4104 ms
2026-06-30 21:18:22.558 +03:00 [INF] HTTP GET /lib/bootstrap/dist/css/bootstrap.min.css responded 200 in 2.3357 ms
2026-06-30 21:18:22.561 +03:00 [INF] HTTP GET /css/site.css responded 200 in 2.5344 ms
2026-06-30 21:18:22.568 +03:00 [INF] HTTP GET /Biktal.WebMVC.styles.css responded 200 in 1.1594 ms
2026-06-30 21:18:23.503 +03:00 [INF] HTTP GET /lib/jquery/dist/jquery.min.js responded 304 in 0.4385 ms
2026-06-30 21:18:23.535 +03:00 [INF] HTTP GET /js/site.js responded 304 in 0.9947 ms
2026-06-30 21:18:23.537 +03:00 [INF] HTTP GET /lib/jquery-validation/dist/jquery.validate.min.js responded 304 in 1.7186 ms
2026-06-30 21:18:23.537 +03:00 [INF] HTTP GET /lib/jquery-validation-unobtrusive/dist/jquery.validate.unobtrusive.min.js responded 304 in 0.9755 ms
2026-06-30 21:18:23.538 +03:00 [INF] HTTP GET /lib/bootstrap/dist/js/bootstrap.bundle.min.js responded 304 in 0.5156 ms
2026-06-30 21:18:23.539 +03:00 [INF] HTTP GET /js/products-catalog-filter.js responded 304 in 0.7345 ms
2026-06-30 21:18:31.569 +03:00 [INF] HTTP POST /Inventory/EditProduct responded 302 in 31.9907 ms
2026-06-30 21:18:31.644 +03:00 [INF] HTTP GET /Inventory/Products responded 200 in 66.4271 ms
2026-06-30 21:18:31.688 +03:00 [INF] HTTP GET /lib/bootstrap/dist/css/bootstrap.min.css responded 304 in 0.8699 ms
2026-06-30 21:18:31.690 +03:00 [INF] HTTP GET /css/site.css responded 304 in 1.2272 ms
2026-06-30 21:18:31.692 +03:00 [INF] HTTP GET /Biktal.WebMVC.styles.css responded 304 in 0.9057 ms
2026-06-30 21:18:32.608 +03:00 [INF] HTTP GET /lib/jquery/dist/jquery.min.js responded 304 in 0.2864 ms
2026-06-30 21:18:32.630 +03:00 [INF] HTTP GET /lib/bootstrap/dist/js/bootstrap.bundle.min.js responded 304 in 0.4575 ms
2026-06-30 21:18:32.631 +03:00 [INF] HTTP GET /js/site.js responded 304 in 0.4366 ms
2026-06-30 21:18:32.632 +03:00 [INF] HTTP GET /lib/jquery-validation/dist/jquery.validate.min.js responded 304 in 0.7338 ms
2026-06-30 21:18:32.636 +03:00 [INF] HTTP GET /lib/jquery-validation-unobtrusive/dist/jquery.validate.unobtrusive.min.js responded 304 in 3.1143 ms
2026-06-30 21:18:32.637 +03:00 [INF] HTTP GET /js/products-catalog-filter.js responded 304 in 0.4678 ms
2026-06-30 21:39:00.149 +03:00 [INF] Application is shutting down...
2026-06-30 21:39:34.342 +03:00 [ERR] Failed executing DbCommand (8ms) [Parameters=[@p0='?' (DbType = Guid), @p1='?' (DbType = DateTime), @p2='?' (DbType = Guid), @p3='?', @p4='?' (DbType = DateTime), @p5='?' (DbType = Int32), @p6='?' (DbType = Int32), @p7='?', @p8='?', @p9='?' (DbType = Guid), @p10='?' (DbType = DateTime), @p11='?' (DbType = Guid), @p12='?', @p13='?' (DbType = DateTime), @p14='?' (DbType = Int32), @p15='?' (DbType = Int32), @p16='?', @p17='?'], CommandType='"Text"', CommandTimeout='30']
INSERT INTO "CrmSupportTickets" ("Id", "CreatedAtUtc", "CustomerId", "Description", "ModifiedAtUtc", "Priority", "Status", "Subject", "TicketNumber")
VALUES (@p0, @p1, @p2, @p3, @p4, @p5, @p6, @p7, @p8);
INSERT INTO "CrmSupportTickets" ("Id", "CreatedAtUtc", "CustomerId", "Description", "ModifiedAtUtc", "Priority", "Status", "Subject", "TicketNumber")
VALUES (@p9, @p10, @p11, @p12, @p13, @p14, @p15, @p16, @p17);
2026-06-30 21:39:34.419 +03:00 [ERR] An exception occurred in the database while saving changes for context type 'Biktal.Infrastructure.Persistence.ApplicationDbContext'.
Microsoft.EntityFrameworkCore.DbUpdateException: An error occurred while saving the entity changes. See the inner exception for details.
 ---> Npgsql.PostgresException (0x80004005): 23503: insert or update on table "CrmSupportTickets" violates foreign key constraint "FK_CrmSupportTickets_CrmCustomers_CustomerId"

DETAIL: Detail redacted as it may contain sensitive data. Specify 'Include Error Detail' in the connection string to include this information.
   at Npgsql.Internal.NpgsqlConnector.ReadMessageLong(Boolean async, DataRowLoadingMode dataRowLoadingMode, Boolean readingNotifications, Boolean isReadingPrependedMessage)
   at System.Runtime.CompilerServices.PoolingAsyncValueTaskMethodBuilder`1.StateMachineBox`1.System.Threading.Tasks.Sources.IValueTaskSource<TResult>.GetResult(Int16 token)
   at Npgsql.NpgsqlDataReader.NextResult(Boolean async, Boolean isConsuming, CancellationToken cancellationToken)
   at Npgsql.NpgsqlDataReader.NextResult(Boolean async, Boolean isConsuming, CancellationToken cancellationToken)
   at Npgsql.NpgsqlCommand.ExecuteReader(Boolean async, CommandBehavior behavior, CancellationToken cancellationToken)
   at Npgsql.NpgsqlCommand.ExecuteReader(Boolean async, CommandBehavior behavior, CancellationToken cancellationToken)
   at Npgsql.NpgsqlCommand.ExecuteDbDataReaderAsync(CommandBehavior behavior, CancellationToken cancellationToken)
   at Microsoft.EntityFrameworkCore.Storage.RelationalCommand.ExecuteReaderAsync(RelationalCommandParameterObject parameterObject, CancellationToken cancellationToken)
   at Microsoft.EntityFrameworkCore.Storage.RelationalCommand.ExecuteReaderAsync(RelationalCommandParameterObject parameterObject, CancellationToken cancellationToken)
   at Microsoft.EntityFrameworkCore.Update.ReaderModificationCommandBatch.ExecuteAsync(IRelationalConnection connection, CancellationToken cancellationToken)
  Exception data:
    Severity: ERROR
    SqlState: 23503
    MessageText: insert or update on table "CrmSupportTickets" violates foreign key constraint "FK_CrmSupportTickets_CrmCustomers_CustomerId"
    Detail: Detail redacted as it may contain sensitive data. Specify 'Include Error Detail' in the connection string to include this information.
    SchemaName: public
    TableName: CrmSupportTickets
    ConstraintName: FK_CrmSupportTickets_CrmCustomers_CustomerId
    File: ri_triggers.c
    Line: 2783
    Routine: ri_ReportViolation
   --- End of inner exception stack trace ---
   at Microsoft.EntityFrameworkCore.Update.ReaderModificationCommandBatch.ExecuteAsync(IRelationalConnection connection, CancellationToken cancellationToken)
   at Microsoft.EntityFrameworkCore.Update.Internal.BatchExecutor.ExecuteAsync(IEnumerable`1 commandBatches, IRelationalConnection connection, CancellationToken cancellationToken)
   at Microsoft.EntityFrameworkCore.Update.Internal.BatchExecutor.ExecuteAsync(IEnumerable`1 commandBatches, IRelationalConnection connection, CancellationToken cancellationToken)
   at Microsoft.EntityFrameworkCore.Update.Internal.BatchExecutor.ExecuteAsync(IEnumerable`1 commandBatches, IRelationalConnection connection, CancellationToken cancellationToken)
   at Microsoft.EntityFrameworkCore.Storage.RelationalDatabase.SaveChangesAsync(IList`1 entries, CancellationToken cancellationToken)
   at Microsoft.EntityFrameworkCore.ChangeTracking.Internal.StateManager.SaveChangesAsync(IList`1 entriesToSave, CancellationToken cancellationToken)
   at Microsoft.EntityFrameworkCore.ChangeTracking.Internal.StateManager.SaveChangesAsync(StateManager stateManager, Boolean acceptAllChangesOnSuccess, CancellationToken cancellationToken)
   at Npgsql.EntityFrameworkCore.PostgreSQL.Storage.Internal.NpgsqlExecutionStrategy.ExecuteAsync[TState,TResult](TState state, Func`4 operation, Func`4 verifySucceeded, CancellationToken cancellationToken)
   at Microsoft.EntityFrameworkCore.DbContext.SaveChangesAsync(Boolean acceptAllChangesOnSuccess, CancellationToken cancellationToken)
Microsoft.EntityFrameworkCore.DbUpdateException: An error occurred while saving the entity changes. See the inner exception for details.
 ---> Npgsql.PostgresException (0x80004005): 23503: insert or update on table "CrmSupportTickets" violates foreign key constraint "FK_CrmSupportTickets_CrmCustomers_CustomerId"

DETAIL: Detail redacted as it may contain sensitive data. Specify 'Include Error Detail' in the connection string to include this information.
   at Npgsql.Internal.NpgsqlConnector.ReadMessageLong(Boolean async, DataRowLoadingMode dataRowLoadingMode, Boolean readingNotifications, Boolean isReadingPrependedMessage)
   at System.Runtime.CompilerServices.PoolingAsyncValueTaskMethodBuilder`1.StateMachineBox`1.System.Threading.Tasks.Sources.IValueTaskSource<TResult>.GetResult(Int16 token)
   at Npgsql.NpgsqlDataReader.NextResult(Boolean async, Boolean isConsuming, CancellationToken cancellationToken)
   at Npgsql.NpgsqlDataReader.NextResult(Boolean async, Boolean isConsuming, CancellationToken cancellationToken)
   at Npgsql.NpgsqlCommand.ExecuteReader(Boolean async, CommandBehavior behavior, CancellationToken cancellationToken)
   at Npgsql.NpgsqlCommand.ExecuteReader(Boolean async, CommandBehavior behavior, CancellationToken cancellationToken)
   at Npgsql.NpgsqlCommand.ExecuteDbDataReaderAsync(CommandBehavior behavior, CancellationToken cancellationToken)
   at Microsoft.EntityFrameworkCore.Storage.RelationalCommand.ExecuteReaderAsync(RelationalCommandParameterObject parameterObject, CancellationToken cancellationToken)
   at Microsoft.EntityFrameworkCore.Storage.RelationalCommand.ExecuteReaderAsync(RelationalCommandParameterObject parameterObject, CancellationToken cancellationToken)
   at Microsoft.EntityFrameworkCore.Update.ReaderModificationCommandBatch.ExecuteAsync(IRelationalConnection connection, CancellationToken cancellationToken)
  Exception data:
    Severity: ERROR
    SqlState: 23503
    MessageText: insert or update on table "CrmSupportTickets" violates foreign key constraint "FK_CrmSupportTickets_CrmCustomers_CustomerId"
    Detail: Detail redacted as it may contain sensitive data. Specify 'Include Error Detail' in the connection string to include this information.
    SchemaName: public
    TableName: CrmSupportTickets
    ConstraintName: FK_CrmSupportTickets_CrmCustomers_CustomerId
    File: ri_triggers.c
    Line: 2783
    Routine: ri_ReportViolation
   --- End of inner exception stack trace ---
   at Microsoft.EntityFrameworkCore.Update.ReaderModificationCommandBatch.ExecuteAsync(IRelationalConnection connection, CancellationToken cancellationToken)
   at Microsoft.EntityFrameworkCore.Update.Internal.BatchExecutor.ExecuteAsync(IEnumerable`1 commandBatches, IRelationalConnection connection, CancellationToken cancellationToken)
   at Microsoft.EntityFrameworkCore.Update.Internal.BatchExecutor.ExecuteAsync(IEnumerable`1 commandBatches, IRelationalConnection connection, CancellationToken cancellationToken)
   at Microsoft.EntityFrameworkCore.Update.Internal.BatchExecutor.ExecuteAsync(IEnumerable`1 commandBatches, IRelationalConnection connection, CancellationToken cancellationToken)
   at Microsoft.EntityFrameworkCore.Storage.RelationalDatabase.SaveChangesAsync(IList`1 entries, CancellationToken cancellationToken)
   at Microsoft.EntityFrameworkCore.ChangeTracking.Internal.StateManager.SaveChangesAsync(IList`1 entriesToSave, CancellationToken cancellationToken)
   at Microsoft.EntityFrameworkCore.ChangeTracking.Internal.StateManager.SaveChangesAsync(StateManager stateManager, Boolean acceptAllChangesOnSuccess, CancellationToken cancellationToken)
   at Npgsql.EntityFrameworkCore.PostgreSQL.Storage.Internal.NpgsqlExecutionStrategy.ExecuteAsync[TState,TResult](TState state, Func`4 operation, Func`4 verifySucceeded, CancellationToken cancellationToken)
   at Microsoft.EntityFrameworkCore.DbContext.SaveChangesAsync(Boolean acceptAllChangesOnSuccess, CancellationToken cancellationToken)
2026-06-30 21:39:34.424 +03:00 [ERR] Database migration or seed failed. Check PostgreSQL is running and ConnectionStrings:DefaultConnection is correct.
Microsoft.EntityFrameworkCore.DbUpdateException: An error occurred while saving the entity changes. See the inner exception for details.
 ---> Npgsql.PostgresException (0x80004005): 23503: insert or update on table "CrmSupportTickets" violates foreign key constraint "FK_CrmSupportTickets_CrmCustomers_CustomerId"

DETAIL: Detail redacted as it may contain sensitive data. Specify 'Include Error Detail' in the connection string to include this information.
   at Npgsql.Internal.NpgsqlConnector.ReadMessageLong(Boolean async, DataRowLoadingMode dataRowLoadingMode, Boolean readingNotifications, Boolean isReadingPrependedMessage)
   at System.Runtime.CompilerServices.PoolingAsyncValueTaskMethodBuilder`1.StateMachineBox`1.System.Threading.Tasks.Sources.IValueTaskSource<TResult>.GetResult(Int16 token)
   at Npgsql.NpgsqlDataReader.NextResult(Boolean async, Boolean isConsuming, CancellationToken cancellationToken)
   at Npgsql.NpgsqlDataReader.NextResult(Boolean async, Boolean isConsuming, CancellationToken cancellationToken)
   at Npgsql.NpgsqlCommand.ExecuteReader(Boolean async, CommandBehavior behavior, CancellationToken cancellationToken)
   at Npgsql.NpgsqlCommand.ExecuteReader(Boolean async, CommandBehavior behavior, CancellationToken cancellationToken)
   at Npgsql.NpgsqlCommand.ExecuteDbDataReaderAsync(CommandBehavior behavior, CancellationToken cancellationToken)
   at Microsoft.EntityFrameworkCore.Storage.RelationalCommand.ExecuteReaderAsync(RelationalCommandParameterObject parameterObject, CancellationToken cancellationToken)
   at Microsoft.EntityFrameworkCore.Storage.RelationalCommand.ExecuteReaderAsync(RelationalCommandParameterObject parameterObject, CancellationToken cancellationToken)
   at Microsoft.EntityFrameworkCore.Update.ReaderModificationCommandBatch.ExecuteAsync(IRelationalConnection connection, CancellationToken cancellationToken)
  Exception data:
    Severity: ERROR
    SqlState: 23503
    MessageText: insert or update on table "CrmSupportTickets" violates foreign key constraint "FK_CrmSupportTickets_CrmCustomers_CustomerId"
    Detail: Detail redacted as it may contain sensitive data. Specify 'Include Error Detail' in the connection string to include this information.
    SchemaName: public
    TableName: CrmSupportTickets
    ConstraintName: FK_CrmSupportTickets_CrmCustomers_CustomerId
    File: ri_triggers.c
    Line: 2783
    Routine: ri_ReportViolation
   --- End of inner exception stack trace ---
   at Microsoft.EntityFrameworkCore.Update.ReaderModificationCommandBatch.ExecuteAsync(IRelationalConnection connection, CancellationToken cancellationToken)
   at Microsoft.EntityFrameworkCore.Update.Internal.BatchExecutor.ExecuteAsync(IEnumerable`1 commandBatches, IRelationalConnection connection, CancellationToken cancellationToken)
   at Microsoft.EntityFrameworkCore.Update.Internal.BatchExecutor.ExecuteAsync(IEnumerable`1 commandBatches, IRelationalConnection connection, CancellationToken cancellationToken)
   at Microsoft.EntityFrameworkCore.Update.Internal.BatchExecutor.ExecuteAsync(IEnumerable`1 commandBatches, IRelationalConnection connection, CancellationToken cancellationToken)
   at Microsoft.EntityFrameworkCore.Storage.RelationalDatabase.SaveChangesAsync(IList`1 entries, CancellationToken cancellationToken)
   at Microsoft.EntityFrameworkCore.ChangeTracking.Internal.StateManager.SaveChangesAsync(IList`1 entriesToSave, CancellationToken cancellationToken)
   at Microsoft.EntityFrameworkCore.ChangeTracking.Internal.StateManager.SaveChangesAsync(StateManager stateManager, Boolean acceptAllChangesOnSuccess, CancellationToken cancellationToken)
   at Npgsql.EntityFrameworkCore.PostgreSQL.Storage.Internal.NpgsqlExecutionStrategy.ExecuteAsync[TState,TResult](TState state, Func`4 operation, Func`4 verifySucceeded, CancellationToken cancellationToken)
   at Microsoft.EntityFrameworkCore.DbContext.SaveChangesAsync(Boolean acceptAllChangesOnSuccess, CancellationToken cancellationToken)
   at Microsoft.EntityFrameworkCore.DbContext.SaveChangesAsync(Boolean acceptAllChangesOnSuccess, CancellationToken cancellationToken)
   at Biktal.Infrastructure.Persistence.CrmDataSeeder.SeedIfEmptyAsync(ApplicationDbContext db, CancellationToken cancellationToken)
   at Program.<Main>$(String[] args) in d:\Systems\BiktalSystems\Program.cs:line 71
2026-06-30 21:39:34.429 +03:00 [WRN] Continuing without a successful migration/seed. Auth and data pages may fail until the database is available.
2026-06-30 21:39:34.455 +03:00 [WRN] Using an in-memory repository. Keys will not be persisted to storage.
2026-06-30 21:39:34.455 +03:00 [WRN] Neither user profile nor HKLM registry available. Using an ephemeral key repository. Protected data will be unavailable when application exits.
2026-06-30 21:39:34.473 +03:00 [WRN] No XML encryptor configured. Key {19539562-d81a-45db-914a-c649ac322f52} may be persisted to storage in unencrypted form.
2026-06-30 21:39:34.528 +03:00 [INF] Application started. Press Ctrl+C to shut down.
2026-06-30 21:39:34.528 +03:00 [INF] Hosting environment: Production
2026-06-30 21:39:34.528 +03:00 [INF] Content root path: D:\Systems\BiktalSystems\publish
2026-06-30 21:39:34.630 +03:00 [INF] HTTP GET /Pos responded 302 in 80.0192 ms
2026-06-30 21:39:34.784 +03:00 [ERR] An exception was thrown while deserializing the token.
Microsoft.AspNetCore.Antiforgery.AntiforgeryValidationException: The antiforgery token could not be decrypted.
 ---> System.Security.Cryptography.CryptographicException: The key {23795070-2f91-4f60-9b1c-992ea4976762} was not found in the key ring. For more information go to https://aka.ms/aspnet/dataprotectionwarning
   at Microsoft.AspNetCore.DataProtection.KeyManagement.KeyRingBasedDataProtector.UnprotectCore(Byte[] protectedData, Boolean allowOperationsOnRevokedKeys, UnprotectStatus& status)
   at Microsoft.AspNetCore.DataProtection.KeyManagement.KeyRingBasedDataProtector.Unprotect(Byte[] protectedData)
   at Microsoft.AspNetCore.Antiforgery.DefaultAntiforgeryTokenSerializer.Deserialize(String serializedToken)
   --- End of inner exception stack trace ---
   at Microsoft.AspNetCore.Antiforgery.DefaultAntiforgeryTokenSerializer.Deserialize(String serializedToken)
   at Microsoft.AspNetCore.Antiforgery.DefaultAntiforgery.GetCookieTokenDoesNotThrow(HttpContext httpContext)
2026-06-30 21:39:34.935 +03:00 [INF] HTTP GET /Account/Login responded 200 in 286.2206 ms
2026-06-30 21:39:35.049 +03:00 [INF] HTTP GET /lib/bootstrap/dist/css/bootstrap.min.css responded 200 in 57.7495 ms
2026-06-30 21:39:35.050 +03:00 [INF] HTTP GET /css/site.css responded 200 in 35.8584 ms
2026-06-30 21:39:35.053 +03:00 [INF] HTTP GET /Biktal.WebMVC.styles.css responded 200 in 31.1328 ms
2026-06-30 21:39:35.066 +03:00 [INF] HTTP GET /lib/jquery-validation-unobtrusive/dist/jquery.validate.unobtrusive.min.js responded 200 in 12.1589 ms
2026-06-30 21:39:35.066 +03:00 [INF] HTTP GET /lib/bootstrap/dist/js/bootstrap.bundle.min.js responded 200 in 21.9384 ms
2026-06-30 21:39:35.066 +03:00 [INF] HTTP GET /lib/jquery-validation/dist/jquery.validate.min.js responded 200 in 12.8769 ms
2026-06-30 21:39:35.066 +03:00 [INF] HTTP GET /lib/jquery/dist/jquery.min.js responded 200 in 40.4712 ms
2026-06-30 21:39:35.066 +03:00 [INF] HTTP GET /js/site.js responded 200 in 13.4124 ms
2026-06-30 21:39:42.474 +03:00 [INF] HTTP POST /Account/Login responded 302 in 596.0866 ms
2026-06-30 21:39:42.525 +03:00 [WRN] The query uses the 'First'/'FirstOrDefault' operator without 'OrderBy' and filter operators. This may lead to unpredictable results.
2026-06-30 21:39:42.591 +03:00 [INF] HTTP GET /Pos responded 200 in 110.3048 ms
2026-06-30 21:39:42.703 +03:00 [INF] HTTP GET /lib/bootstrap/dist/css/bootstrap.min.css responded 304 in 2.7856 ms
2026-06-30 21:39:42.751 +03:00 [INF] HTTP GET /css/site.css responded 304 in 41.5387 ms
2026-06-30 21:39:42.751 +03:00 [INF] HTTP GET /Biktal.WebMVC.styles.css responded 304 in 41.5244 ms
2026-06-30 21:39:42.758 +03:00 [INF] HTTP GET /lib/jquery/dist/jquery.min.js responded 304 in 48.0691 ms
2026-06-30 21:39:42.778 +03:00 [INF] HTTP GET /js/site.js responded 304 in 21.5257 ms
2026-06-30 21:39:42.782 +03:00 [INF] HTTP GET /js/pos.js responded 200 in 19.2434 ms
2026-06-30 21:39:42.898 +03:00 [INF] HTTP GET /lib/bootstrap/dist/js/bootstrap.bundle.min.js responded 304 in 175.1799 ms
2026-06-30 21:39:50.135 +03:00 [INF] HTTP GET /Inventory responded 200 in 302.7806 ms
2026-06-30 21:39:50.200 +03:00 [INF] HTTP GET /lib/bootstrap/dist/css/bootstrap.min.css responded 200 in 4.5852 ms
2026-06-30 21:39:50.208 +03:00 [INF] HTTP GET /css/site.css responded 304 in 4.1589 ms
2026-06-30 21:39:50.210 +03:00 [INF] HTTP GET /lib/jquery/dist/jquery.min.js responded 304 in 2.0971 ms
2026-06-30 21:39:50.216 +03:00 [INF] HTTP GET /Biktal.WebMVC.styles.css responded 304 in 7.1890 ms
2026-06-30 21:39:50.220 +03:00 [INF] HTTP GET /lib/bootstrap/dist/js/bootstrap.bundle.min.js responded 304 in 2.3279 ms
2026-06-30 21:39:50.222 +03:00 [INF] HTTP GET /js/site.js responded 304 in 1.7681 ms
2026-06-30 21:39:52.232 +03:00 [INF] HTTP GET /Inventory/Products responded 200 in 389.2788 ms
2026-06-30 21:39:52.262 +03:00 [INF] HTTP GET /lib/bootstrap/dist/css/bootstrap.min.css responded 200 in 3.2444 ms
2026-06-30 21:39:52.266 +03:00 [INF] HTTP GET /css/site.css responded 304 in 4.4825 ms
2026-06-30 21:39:52.270 +03:00 [INF] HTTP GET /Biktal.WebMVC.styles.css responded 304 in 3.2203 ms
2026-06-30 21:39:53.066 +03:00 [INF] HTTP GET /lib/jquery/dist/jquery.min.js responded 304 in 0.5190 ms
2026-06-30 21:39:53.090 +03:00 [INF] HTTP GET /lib/bootstrap/dist/js/bootstrap.bundle.min.js responded 304 in 0.6289 ms
2026-06-30 21:39:53.090 +03:00 [INF] HTTP GET /js/site.js responded 304 in 0.6293 ms
2026-06-30 21:39:53.092 +03:00 [INF] HTTP GET /js/products-catalog-filter.js responded 200 in 1.8646 ms
2026-06-30 21:39:53.109 +03:00 [INF] HTTP GET /lib/jquery-validation/dist/jquery.validate.min.js responded 304 in 17.8510 ms
2026-06-30 21:39:53.110 +03:00 [INF] HTTP GET /lib/jquery-validation-unobtrusive/dist/jquery.validate.unobtrusive.min.js responded 304 in 11.9091 ms
2026-06-30 21:39:58.545 +03:00 [INF] HTTP GET /Inventory/Products responded 200 in 152.5440 ms
2026-06-30 21:39:58.607 +03:00 [INF] HTTP GET /lib/bootstrap/dist/css/bootstrap.min.css responded 304 in 1.0227 ms
2026-06-30 21:39:58.610 +03:00 [INF] HTTP GET /css/site.css responded 304 in 1.0083 ms
2026-06-30 21:39:58.619 +03:00 [INF] HTTP GET /Biktal.WebMVC.styles.css responded 304 in 2.2446 ms
2026-06-30 21:39:59.404 +03:00 [INF] HTTP GET /lib/jquery/dist/jquery.min.js responded 304 in 0.7577 ms
2026-06-30 21:39:59.430 +03:00 [INF] HTTP GET /lib/bootstrap/dist/js/bootstrap.bundle.min.js responded 304 in 1.7417 ms
2026-06-30 21:39:59.431 +03:00 [INF] HTTP GET /js/site.js responded 304 in 0.8120 ms
2026-06-30 21:39:59.431 +03:00 [INF] HTTP GET /lib/jquery-validation-unobtrusive/dist/jquery.validate.unobtrusive.min.js responded 304 in 0.7511 ms
2026-06-30 21:39:59.433 +03:00 [INF] HTTP GET /lib/jquery-validation/dist/jquery.validate.min.js responded 304 in 1.3482 ms
2026-06-30 21:39:59.439 +03:00 [INF] HTTP GET /js/products-catalog-filter.js responded 304 in 2.2512 ms
2026-06-30 21:40:03.697 +03:00 [INF] HTTP POST /Inventory/EditProduct responded 302 in 138.3603 ms
2026-06-30 21:40:03.783 +03:00 [INF] HTTP GET /Inventory/Products responded 200 in 79.5395 ms
2026-06-30 21:40:03.869 +03:00 [INF] HTTP GET /lib/bootstrap/dist/css/bootstrap.min.css responded 304 in 1.0392 ms
2026-06-30 21:40:03.885 +03:00 [INF] HTTP GET /Biktal.WebMVC.styles.css responded 304 in 2.9109 ms
2026-06-30 21:40:03.885 +03:00 [INF] HTTP GET /css/site.css responded 304 in 0.7477 ms
2026-06-30 21:40:04.771 +03:00 [INF] HTTP GET /lib/jquery/dist/jquery.min.js responded 304 in 0.5606 ms
2026-06-30 21:40:04.785 +03:00 [INF] HTTP GET /lib/bootstrap/dist/js/bootstrap.bundle.min.js responded 304 in 1.1329 ms
2026-06-30 21:40:04.788 +03:00 [INF] HTTP GET /js/site.js responded 304 in 1.2290 ms
2026-06-30 21:40:04.789 +03:00 [INF] HTTP GET /lib/jquery-validation/dist/jquery.validate.min.js responded 304 in 0.6058 ms
2026-06-30 21:40:04.797 +03:00 [INF] HTTP GET /lib/jquery-validation-unobtrusive/dist/jquery.validate.unobtrusive.min.js responded 304 in 0.7147 ms
2026-06-30 21:40:04.798 +03:00 [INF] HTTP GET /js/products-catalog-filter.js responded 304 in 0.6459 ms
2026-06-30 21:40:06.565 +03:00 [INF] HTTP GET /Pos responded 200 in 19.6593 ms
2026-06-30 21:40:06.628 +03:00 [INF] HTTP GET /lib/bootstrap/dist/css/bootstrap.min.css responded 304 in 9.8084 ms
2026-06-30 21:40:06.635 +03:00 [INF] HTTP GET /css/site.css responded 304 in 1.2689 ms
2026-06-30 21:40:06.636 +03:00 [INF] HTTP GET /Biktal.WebMVC.styles.css responded 304 in 1.2893 ms
2026-06-30 21:40:06.637 +03:00 [INF] HTTP GET /lib/jquery/dist/jquery.min.js responded 304 in 0.5870 ms
2026-06-30 21:40:06.645 +03:00 [INF] HTTP GET /lib/bootstrap/dist/js/bootstrap.bundle.min.js responded 304 in 3.7207 ms
2026-06-30 21:40:06.647 +03:00 [INF] HTTP GET /js/site.js responded 304 in 1.3446 ms
2026-06-30 21:40:06.649 +03:00 [INF] HTTP GET /js/pos.js responded 304 in 0.6336 ms
2026-06-30 21:41:45.050 +03:00 [INF] HTTP POST /Pos/CompleteSale responded 200 in 583.7811 ms
2026-06-30 21:44:48.163 +03:00 [INF] HTTP GET /Inventory responded 200 in 146.7204 ms
2026-06-30 21:44:48.242 +03:00 [INF] HTTP GET /lib/bootstrap/dist/css/bootstrap.min.css responded 200 in 1.3282 ms
2026-06-30 21:44:48.245 +03:00 [INF] HTTP GET /Biktal.WebMVC.styles.css responded 200 in 2.6609 ms
2026-06-30 21:44:48.252 +03:00 [INF] HTTP GET /lib/jquery/dist/jquery.min.js responded 200 in 6.9669 ms
2026-06-30 21:44:48.253 +03:00 [INF] HTTP GET /lib/bootstrap/dist/js/bootstrap.bundle.min.js responded 200 in 2.2887 ms
2026-06-30 21:44:48.255 +03:00 [INF] HTTP GET /js/site.js responded 200 in 1.5295 ms
2026-06-30 21:44:48.270 +03:00 [INF] HTTP GET /css/site.css responded 200 in 3.6499 ms
2026-06-30 21:44:52.587 +03:00 [INF] HTTP GET /Inventory/Products responded 200 in 90.8350 ms
2026-06-30 21:44:52.621 +03:00 [INF] HTTP GET /lib/bootstrap/dist/css/bootstrap.min.css responded 304 in 0.5832 ms
2026-06-30 21:44:52.628 +03:00 [INF] HTTP GET /css/site.css responded 304 in 4.4483 ms
2026-06-30 21:44:52.629 +03:00 [INF] HTTP GET /Biktal.WebMVC.styles.css responded 304 in 1.1579 ms
2026-06-30 21:44:53.399 +03:00 [INF] HTTP GET /lib/jquery/dist/jquery.min.js responded 304 in 0.3565 ms
2026-06-30 21:44:53.422 +03:00 [INF] HTTP GET /js/site.js responded 304 in 0.4066 ms
2026-06-30 21:44:53.422 +03:00 [INF] HTTP GET /lib/bootstrap/dist/js/bootstrap.bundle.min.js responded 304 in 0.9353 ms
2026-06-30 21:44:53.424 +03:00 [INF] HTTP GET /lib/jquery-validation/dist/jquery.validate.min.js responded 200 in 1.0816 ms
2026-06-30 21:44:53.430 +03:00 [INF] HTTP GET /lib/jquery-validation-unobtrusive/dist/jquery.validate.unobtrusive.min.js responded 200 in 6.0661 ms
2026-06-30 21:44:53.432 +03:00 [INF] HTTP GET /js/products-catalog-filter.js responded 200 in 1.6696 ms
