2026-07-03 09:09:30.250 +03:00 [ERR] Failed executing DbCommand (34ms) [Parameters=[@p0='?' (DbType = Guid), @p1='?' (DbType = DateTime), @p2='?' (DbType = Guid), @p3='?', @p4='?' (DbType = DateTime), @p5='?' (DbType = Int32), @p6='?' (DbType = Int32), @p7='?', @p8='?', @p9='?' (DbType = Guid), @p10='?' (DbType = DateTime), @p11='?' (DbType = Guid), @p12='?', @p13='?' (DbType = DateTime), @p14='?' (DbType = Int32), @p15='?' (DbType = Int32), @p16='?', @p17='?'], CommandType='"Text"', CommandTimeout='30']
INSERT INTO "CrmSupportTickets" ("Id", "CreatedAtUtc", "CustomerId", "Description", "ModifiedAtUtc", "Priority", "Status", "Subject", "TicketNumber")
VALUES (@p0, @p1, @p2, @p3, @p4, @p5, @p6, @p7, @p8);
INSERT INTO "CrmSupportTickets" ("Id", "CreatedAtUtc", "CustomerId", "Description", "ModifiedAtUtc", "Priority", "Status", "Subject", "TicketNumber")
VALUES (@p9, @p10, @p11, @p12, @p13, @p14, @p15, @p16, @p17);
2026-07-03 09:09:30.337 +03:00 [ERR] An exception occurred in the database while saving changes for context type 'Biktal.Infrastructure.Persistence.ApplicationDbContext'.
Microsoft.EntityFrameworkCore.DbUpdateException: An error occurred while saving the entity changes. See the inner exception for details.
 ---> Npgsql.PostgresException (0x80004005): 23503: insert or update on table "CrmSupportTickets" violates foreign key constraint "FK_CrmSupportTickets_CrmCustomers_CustomerId"

DETAIL: Detail redacted as it may contain sensitive data. Specify 'Include Error Detail' in the connection string to include this information.
   at Npgsql.Internal.NpgsqlConnector.ReadMessageLong(Boolean async, DataRowLoadingMode dataRowLoadingMode, Boolean readingNotifications, Boolean isReadingPrependedMessage)
   at System.Runtime.CompilerServices.PoolingAsyncValueTaskMethodBuilder`1.StateMachineBox`1.System.Threading.Tasks.Sources.IValueTaskSource<TResult>.GetResult(Int16 token)
   at Npgsql.NpgsqlDataReader.NextResult(Boolean async, Boolean isConsuming, CancellationToken cancellationToken)
   at Npgsql.NpgsqlDataReader.NextResult(Boolean async, Boolean isConsuming, CancellationToken cancellationToken)
   at Npgsql.NpgsqlCommand.ExecuteReader(Boolean async, CommandBehavior behavior, CancellationToken cancellationToken)
   at Npgsql.NpgsqlCommand.ExecuteReader(Boolean async, CommandBehavior behavior, CancellationToken cancellationToken)
   at Npgsql.NpgsqlCommand.ExecuteDbDataReaderAsync(CommandBehavior behavior, CancellationToken cancellationToken)
   at Microsoft.EntityFrameworkCore.Storage.RelationalCommand.ExecuteReaderAsync(RelationalCommandParameterObject parameterObject, CancellationToken cancellationToken)
   at Microsoft.EntityFrameworkCore.Storage.RelationalCommand.ExecuteReaderAsync(RelationalCommandParameterObject parameterObject, CancellationToken cancellationToken)
   at Microsoft.EntityFrameworkCore.Update.ReaderModificationCommandBatch.ExecuteAsync(IRelationalConnection connection, CancellationToken cancellationToken)
  Exception data:
    Severity: ERROR
    SqlState: 23503
    MessageText: insert or update on table "CrmSupportTickets" violates foreign key constraint "FK_CrmSupportTickets_CrmCustomers_CustomerId"
    Detail: Detail redacted as it may contain sensitive data. Specify 'Include Error Detail' in the connection string to include this information.
    SchemaName: public
    TableName: CrmSupportTickets
    ConstraintName: FK_CrmSupportTickets_CrmCustomers_CustomerId
    File: ri_triggers.c
    Line: 2783
    Routine: ri_ReportViolation
   --- End of inner exception stack trace ---
   at Microsoft.EntityFrameworkCore.Update.ReaderModificationCommandBatch.ExecuteAsync(IRelationalConnection connection, CancellationToken cancellationToken)
   at Microsoft.EntityFrameworkCore.Update.Internal.BatchExecutor.ExecuteAsync(IEnumerable`1 commandBatches, IRelationalConnection connection, CancellationToken cancellationToken)
   at Microsoft.EntityFrameworkCore.Update.Internal.BatchExecutor.ExecuteAsync(IEnumerable`1 commandBatches, IRelationalConnection connection, CancellationToken cancellationToken)
   at Microsoft.EntityFrameworkCore.Update.Internal.BatchExecutor.ExecuteAsync(IEnumerable`1 commandBatches, IRelationalConnection connection, CancellationToken cancellationToken)
   at Microsoft.EntityFrameworkCore.Storage.RelationalDatabase.SaveChangesAsync(IList`1 entries, CancellationToken cancellationToken)
   at Microsoft.EntityFrameworkCore.ChangeTracking.Internal.StateManager.SaveChangesAsync(IList`1 entriesToSave, CancellationToken cancellationToken)
   at Microsoft.EntityFrameworkCore.ChangeTracking.Internal.StateManager.SaveChangesAsync(StateManager stateManager, Boolean acceptAllChangesOnSuccess, CancellationToken cancellationToken)
   at Npgsql.EntityFrameworkCore.PostgreSQL.Storage.Internal.NpgsqlExecutionStrategy.ExecuteAsync[TState,TResult](TState state, Func`4 operation, Func`4 verifySucceeded, CancellationToken cancellationToken)
   at Microsoft.EntityFrameworkCore.DbContext.SaveChangesAsync(Boolean acceptAllChangesOnSuccess, CancellationToken cancellationToken)
Microsoft.EntityFrameworkCore.DbUpdateException: An error occurred while saving the entity changes. See the inner exception for details.
 ---> Npgsql.PostgresException (0x80004005): 23503: insert or update on table "CrmSupportTickets" violates foreign key constraint "FK_CrmSupportTickets_CrmCustomers_CustomerId"

DETAIL: Detail redacted as it may contain sensitive data. Specify 'Include Error Detail' in the connection string to include this information.
   at Npgsql.Internal.NpgsqlConnector.ReadMessageLong(Boolean async, DataRowLoadingMode dataRowLoadingMode, Boolean readingNotifications, Boolean isReadingPrependedMessage)
   at System.Runtime.CompilerServices.PoolingAsyncValueTaskMethodBuilder`1.StateMachineBox`1.System.Threading.Tasks.Sources.IValueTaskSource<TResult>.GetResult(Int16 token)
   at Npgsql.NpgsqlDataReader.NextResult(Boolean async, Boolean isConsuming, CancellationToken cancellationToken)
   at Npgsql.NpgsqlDataReader.NextResult(Boolean async, Boolean isConsuming, CancellationToken cancellationToken)
   at Npgsql.NpgsqlCommand.ExecuteReader(Boolean async, CommandBehavior behavior, CancellationToken cancellationToken)
   at Npgsql.NpgsqlCommand.ExecuteReader(Boolean async, CommandBehavior behavior, CancellationToken cancellationToken)
   at Npgsql.NpgsqlCommand.ExecuteDbDataReaderAsync(CommandBehavior behavior, CancellationToken cancellationToken)
   at Microsoft.EntityFrameworkCore.Storage.RelationalCommand.ExecuteReaderAsync(RelationalCommandParameterObject parameterObject, CancellationToken cancellationToken)
   at Microsoft.EntityFrameworkCore.Storage.RelationalCommand.ExecuteReaderAsync(RelationalCommandParameterObject parameterObject, CancellationToken cancellationToken)
   at Microsoft.EntityFrameworkCore.Update.ReaderModificationCommandBatch.ExecuteAsync(IRelationalConnection connection, CancellationToken cancellationToken)
  Exception data:
    Severity: ERROR
    SqlState: 23503
    MessageText: insert or update on table "CrmSupportTickets" violates foreign key constraint "FK_CrmSupportTickets_CrmCustomers_CustomerId"
    Detail: Detail redacted as it may contain sensitive data. Specify 'Include Error Detail' in the connection string to include this information.
    SchemaName: public
    TableName: CrmSupportTickets
    ConstraintName: FK_CrmSupportTickets_CrmCustomers_CustomerId
    File: ri_triggers.c
    Line: 2783
    Routine: ri_ReportViolation
   --- End of inner exception stack trace ---
   at Microsoft.EntityFrameworkCore.Update.ReaderModificationCommandBatch.ExecuteAsync(IRelationalConnection connection, CancellationToken cancellationToken)
   at Microsoft.EntityFrameworkCore.Update.Internal.BatchExecutor.ExecuteAsync(IEnumerable`1 commandBatches, IRelationalConnection connection, CancellationToken cancellationToken)
   at Microsoft.EntityFrameworkCore.Update.Internal.BatchExecutor.ExecuteAsync(IEnumerable`1 commandBatches, IRelationalConnection connection, CancellationToken cancellationToken)
   at Microsoft.EntityFrameworkCore.Update.Internal.BatchExecutor.ExecuteAsync(IEnumerable`1 commandBatches, IRelationalConnection connection, CancellationToken cancellationToken)
   at Microsoft.EntityFrameworkCore.Storage.RelationalDatabase.SaveChangesAsync(IList`1 entries, CancellationToken cancellationToken)
   at Microsoft.EntityFrameworkCore.ChangeTracking.Internal.StateManager.SaveChangesAsync(IList`1 entriesToSave, CancellationToken cancellationToken)
   at Microsoft.EntityFrameworkCore.ChangeTracking.Internal.StateManager.SaveChangesAsync(StateManager stateManager, Boolean acceptAllChangesOnSuccess, CancellationToken cancellationToken)
   at Npgsql.EntityFrameworkCore.PostgreSQL.Storage.Internal.NpgsqlExecutionStrategy.ExecuteAsync[TState,TResult](TState state, Func`4 operation, Func`4 verifySucceeded, CancellationToken cancellationToken)
   at Microsoft.EntityFrameworkCore.DbContext.SaveChangesAsync(Boolean acceptAllChangesOnSuccess, CancellationToken cancellationToken)
2026-07-03 09:09:30.343 +03:00 [ERR] Database migration or seed failed. Check PostgreSQL is running and ConnectionStrings:DefaultConnection is correct.
Microsoft.EntityFrameworkCore.DbUpdateException: An error occurred while saving the entity changes. See the inner exception for details.
 ---> Npgsql.PostgresException (0x80004005): 23503: insert or update on table "CrmSupportTickets" violates foreign key constraint "FK_CrmSupportTickets_CrmCustomers_CustomerId"

DETAIL: Detail redacted as it may contain sensitive data. Specify 'Include Error Detail' in the connection string to include this information.
   at Npgsql.Internal.NpgsqlConnector.ReadMessageLong(Boolean async, DataRowLoadingMode dataRowLoadingMode, Boolean readingNotifications, Boolean isReadingPrependedMessage)
   at System.Runtime.CompilerServices.PoolingAsyncValueTaskMethodBuilder`1.StateMachineBox`1.System.Threading.Tasks.Sources.IValueTaskSource<TResult>.GetResult(Int16 token)
   at Npgsql.NpgsqlDataReader.NextResult(Boolean async, Boolean isConsuming, CancellationToken cancellationToken)
   at Npgsql.NpgsqlDataReader.NextResult(Boolean async, Boolean isConsuming, CancellationToken cancellationToken)
   at Npgsql.NpgsqlCommand.ExecuteReader(Boolean async, CommandBehavior behavior, CancellationToken cancellationToken)
   at Npgsql.NpgsqlCommand.ExecuteReader(Boolean async, CommandBehavior behavior, CancellationToken cancellationToken)
   at Npgsql.NpgsqlCommand.ExecuteDbDataReaderAsync(CommandBehavior behavior, CancellationToken cancellationToken)
   at Microsoft.EntityFrameworkCore.Storage.RelationalCommand.ExecuteReaderAsync(RelationalCommandParameterObject parameterObject, CancellationToken cancellationToken)
   at Microsoft.EntityFrameworkCore.Storage.RelationalCommand.ExecuteReaderAsync(RelationalCommandParameterObject parameterObject, CancellationToken cancellationToken)
   at Microsoft.EntityFrameworkCore.Update.ReaderModificationCommandBatch.ExecuteAsync(IRelationalConnection connection, CancellationToken cancellationToken)
  Exception data:
    Severity: ERROR
    SqlState: 23503
    MessageText: insert or update on table "CrmSupportTickets" violates foreign key constraint "FK_CrmSupportTickets_CrmCustomers_CustomerId"
    Detail: Detail redacted as it may contain sensitive data. Specify 'Include Error Detail' in the connection string to include this information.
    SchemaName: public
    TableName: CrmSupportTickets
    ConstraintName: FK_CrmSupportTickets_CrmCustomers_CustomerId
    File: ri_triggers.c
    Line: 2783
    Routine: ri_ReportViolation
   --- End of inner exception stack trace ---
   at Microsoft.EntityFrameworkCore.Update.ReaderModificationCommandBatch.ExecuteAsync(IRelationalConnection connection, CancellationToken cancellationToken)
   at Microsoft.EntityFrameworkCore.Update.Internal.BatchExecutor.ExecuteAsync(IEnumerable`1 commandBatches, IRelationalConnection connection, CancellationToken cancellationToken)
   at Microsoft.EntityFrameworkCore.Update.Internal.BatchExecutor.ExecuteAsync(IEnumerable`1 commandBatches, IRelationalConnection connection, CancellationToken cancellationToken)
   at Microsoft.EntityFrameworkCore.Update.Internal.BatchExecutor.ExecuteAsync(IEnumerable`1 commandBatches, IRelationalConnection connection, CancellationToken cancellationToken)
   at Microsoft.EntityFrameworkCore.Storage.RelationalDatabase.SaveChangesAsync(IList`1 entries, CancellationToken cancellationToken)
   at Microsoft.EntityFrameworkCore.ChangeTracking.Internal.StateManager.SaveChangesAsync(IList`1 entriesToSave, CancellationToken cancellationToken)
   at Microsoft.EntityFrameworkCore.ChangeTracking.Internal.StateManager.SaveChangesAsync(StateManager stateManager, Boolean acceptAllChangesOnSuccess, CancellationToken cancellationToken)
   at Npgsql.EntityFrameworkCore.PostgreSQL.Storage.Internal.NpgsqlExecutionStrategy.ExecuteAsync[TState,TResult](TState state, Func`4 operation, Func`4 verifySucceeded, CancellationToken cancellationToken)
   at Microsoft.EntityFrameworkCore.DbContext.SaveChangesAsync(Boolean acceptAllChangesOnSuccess, CancellationToken cancellationToken)
   at Microsoft.EntityFrameworkCore.DbContext.SaveChangesAsync(Boolean acceptAllChangesOnSuccess, CancellationToken cancellationToken)
   at Biktal.Infrastructure.Persistence.CrmDataSeeder.SeedIfEmptyAsync(ApplicationDbContext db, CancellationToken cancellationToken)
   at Program.<Main>$(String[] args) in d:\Systems\BiktalSystems\Program.cs:line 71
2026-07-03 09:09:30.363 +03:00 [WRN] Continuing without a successful migration/seed. Auth and data pages may fail until the database is available.
2026-07-03 09:09:30.396 +03:00 [WRN] Using an in-memory repository. Keys will not be persisted to storage.
2026-07-03 09:09:30.397 +03:00 [WRN] Neither user profile nor HKLM registry available. Using an ephemeral key repository. Protected data will be unavailable when application exits.
2026-07-03 09:09:30.426 +03:00 [WRN] No XML encryptor configured. Key {43ef1b2e-7e82-459d-b20c-45a3a6c9f70f} may be persisted to storage in unencrypted form.
2026-07-03 09:09:30.484 +03:00 [INF] Application started. Press Ctrl+C to shut down.
2026-07-03 09:09:30.485 +03:00 [INF] Hosting environment: Production
2026-07-03 09:09:30.485 +03:00 [INF] Content root path: D:\Systems\BiktalSystems\publish
2026-07-03 09:09:30.732 +03:00 [ERR] An exception was thrown while deserializing the token.
Microsoft.AspNetCore.Antiforgery.AntiforgeryValidationException: The antiforgery token could not be decrypted.
 ---> System.Security.Cryptography.CryptographicException: The key {a5ff0545-adcb-4f2e-9be8-92b1b205aa21} was not found in the key ring. For more information go to https://aka.ms/aspnet/dataprotectionwarning
   at Microsoft.AspNetCore.DataProtection.KeyManagement.KeyRingBasedDataProtector.UnprotectCore(Byte[] protectedData, Boolean allowOperationsOnRevokedKeys, UnprotectStatus& status)
   at Microsoft.AspNetCore.DataProtection.KeyManagement.KeyRingBasedDataProtector.Unprotect(Byte[] protectedData)
   at Microsoft.AspNetCore.Antiforgery.DefaultAntiforgeryTokenSerializer.Deserialize(String serializedToken)
   --- End of inner exception stack trace ---
   at Microsoft.AspNetCore.Antiforgery.DefaultAntiforgeryTokenSerializer.Deserialize(String serializedToken)
   at Microsoft.AspNetCore.Antiforgery.DefaultAntiforgery.GetCookieTokenDoesNotThrow(HttpContext httpContext)
2026-07-03 09:09:30.912 +03:00 [INF] HTTP GET /Account/Login responded 200 in 395.7878 ms
2026-07-03 09:09:31.178 +03:00 [INF] HTTP GET /Biktal.WebMVC.styles.css responded 200 in 182.6190 ms
2026-07-03 09:09:31.179 +03:00 [INF] HTTP GET /lib/jquery-validation/dist/jquery.validate.min.js responded 200 in 156.9139 ms
2026-07-03 09:09:31.178 +03:00 [INF] HTTP GET /css/site.css responded 200 in 183.2735 ms
2026-07-03 09:09:31.181 +03:00 [INF] HTTP GET /lib/bootstrap/dist/css/bootstrap.min.css responded 200 in 184.1843 ms
2026-07-03 09:09:31.181 +03:00 [INF] HTTP GET /lib/jquery-validation-unobtrusive/dist/jquery.validate.unobtrusive.min.js responded 200 in 124.2793 ms
2026-07-03 09:09:31.182 +03:00 [INF] HTTP GET /lib/bootstrap/dist/js/bootstrap.bundle.min.js responded 200 in 160.0624 ms
2026-07-03 09:09:31.183 +03:00 [INF] HTTP GET /lib/jquery/dist/jquery.min.js responded 200 in 185.0863 ms
2026-07-03 09:09:31.183 +03:00 [INF] HTTP GET /js/site.js responded 200 in 161.4293 ms
2026-07-03 09:09:43.291 +03:00 [INF] HTTP POST /Account/Login responded 302 in 600.4593 ms
2026-07-03 09:09:43.771 +03:00 [INF] HTTP GET /Inventory/Products responded 200 in 472.0591 ms
2026-07-03 09:09:43.786 +03:00 [INF] HTTP GET /Biktal.WebMVC.styles.css responded 200 in 2.4718 ms
2026-07-03 09:09:43.787 +03:00 [INF] HTTP GET /css/site.css responded 200 in 4.0547 ms
2026-07-03 09:09:43.828 +03:00 [INF] HTTP GET /lib/bootstrap/dist/css/bootstrap.min.css responded 200 in 44.1443 ms
2026-07-03 09:09:44.700 +03:00 [INF] HTTP GET /lib/jquery/dist/jquery.min.js responded 304 in 36.1113 ms
2026-07-03 09:09:44.716 +03:00 [INF] HTTP GET /js/site.js responded 304 in 21.8284 ms
2026-07-03 09:09:44.720 +03:00 [INF] HTTP GET /lib/jquery-validation/dist/jquery.validate.min.js responded 304 in 24.1225 ms
2026-07-03 09:09:44.723 +03:00 [INF] HTTP GET /lib/jquery-validation-unobtrusive/dist/jquery.validate.unobtrusive.min.js responded 304 in 23.2588 ms
2026-07-03 09:09:44.745 +03:00 [INF] HTTP GET /js/products-catalog-filter.js responded 200 in 28.5121 ms
2026-07-03 09:09:44.818 +03:00 [INF] HTTP GET /lib/bootstrap/dist/js/bootstrap.bundle.min.js responded 304 in 107.7469 ms
2026-07-03 09:10:55.505 +03:00 [INF] HTTP GET /Finance responded 200 in 101.6627 ms
2026-07-03 09:10:55.562 +03:00 [INF] HTTP GET /css/site.css responded 200 in 3.9888 ms
2026-07-03 09:10:55.562 +03:00 [INF] HTTP GET /lib/bootstrap/dist/css/bootstrap.min.css responded 200 in 7.0959 ms
2026-07-03 09:10:55.570 +03:00 [INF] HTTP GET /lib/jquery/dist/jquery.min.js responded 200 in 2.4593 ms
2026-07-03 09:10:55.574 +03:00 [INF] HTTP GET /js/site.js responded 200 in 2.0028 ms
2026-07-03 09:10:55.580 +03:00 [INF] HTTP GET /lib/bootstrap/dist/js/bootstrap.bundle.min.js responded 200 in 6.3676 ms
2026-07-03 09:10:55.583 +03:00 [INF] HTTP GET /Biktal.WebMVC.styles.css responded 200 in 2.3584 ms
2026-07-03 09:11:00.233 +03:00 [INF] HTTP GET /Crm responded 200 in 97.8546 ms
2026-07-03 09:11:00.291 +03:00 [INF] HTTP GET /lib/bootstrap/dist/css/bootstrap.min.css responded 200 in 5.1129 ms
2026-07-03 09:11:00.293 +03:00 [INF] HTTP GET /css/site.css responded 200 in 3.0047 ms
2026-07-03 09:11:00.294 +03:00 [INF] HTTP GET /Biktal.WebMVC.styles.css responded 200 in 1.2634 ms
2026-07-03 09:11:00.298 +03:00 [INF] HTTP GET /lib/jquery/dist/jquery.min.js responded 304 in 4.4753 ms
2026-07-03 09:11:00.302 +03:00 [INF] HTTP GET /lib/bootstrap/dist/js/bootstrap.bundle.min.js responded 304 in 0.8181 ms
2026-07-03 09:11:00.302 +03:00 [INF] HTTP GET /js/site.js responded 304 in 0.7379 ms
2026-07-03 09:11:01.719 +03:00 [INF] HTTP GET /Installments responded 200 in 113.5234 ms
2026-07-03 09:11:01.770 +03:00 [INF] HTTP GET /lib/bootstrap/dist/css/bootstrap.min.css responded 304 in 0.8553 ms
2026-07-03 09:11:01.774 +03:00 [INF] HTTP GET /Biktal.WebMVC.styles.css responded 304 in 3.9391 ms
2026-07-03 09:11:01.778 +03:00 [INF] HTTP GET /css/site.css responded 304 in 3.8985 ms
2026-07-03 09:11:01.782 +03:00 [INF] HTTP GET /lib/jquery/dist/jquery.min.js responded 304 in 1.4632 ms
2026-07-03 09:11:01.783 +03:00 [INF] HTTP GET /js/site.js responded 304 in 0.4875 ms
2026-07-03 09:11:01.783 +03:00 [INF] HTTP GET /lib/bootstrap/dist/js/bootstrap.bundle.min.js responded 304 in 0.5714 ms
2026-07-03 09:13:16.673 +03:00 [INF] HTTP GET /Finance responded 200 in 16.5526 ms
2026-07-03 09:13:16.788 +03:00 [INF] HTTP GET /lib/bootstrap/dist/css/bootstrap.min.css responded 200 in 6.0128 ms
2026-07-03 09:13:16.790 +03:00 [INF] HTTP GET /lib/bootstrap/dist/js/bootstrap.bundle.min.js responded 200 in 1.0792 ms
2026-07-03 09:13:16.791 +03:00 [INF] HTTP GET /js/site.js responded 200 in 0.9011 ms
2026-07-03 09:13:16.792 +03:00 [INF] HTTP GET /css/site.css responded 200 in 0.9508 ms
2026-07-03 09:13:16.793 +03:00 [INF] HTTP GET /Biktal.WebMVC.styles.css responded 200 in 0.9602 ms
2026-07-03 09:13:16.795 +03:00 [INF] HTTP GET /lib/jquery/dist/jquery.min.js responded 200 in 0.9954 ms
2026-07-03 09:13:34.759 +03:00 [INF] HTTP GET /Finance/Cashbox responded 200 in 320.2290 ms
2026-07-03 09:13:34.828 +03:00 [INF] HTTP GET /lib/bootstrap/dist/css/bootstrap.min.css responded 200 in 2.2898 ms
2026-07-03 09:13:34.828 +03:00 [INF] HTTP GET /css/site.css responded 200 in 4.4972 ms
2026-07-03 09:13:34.829 +03:00 [INF] HTTP GET /Biktal.WebMVC.styles.css responded 200 in 1.1504 ms
2026-07-03 09:13:34.829 +03:00 [INF] HTTP GET /lib/jquery/dist/jquery.min.js responded 200 in 0.9561 ms
2026-07-03 09:13:34.831 +03:00 [INF] HTTP GET /lib/bootstrap/dist/js/bootstrap.bundle.min.js responded 200 in 2.2537 ms
2026-07-03 09:13:34.838 +03:00 [INF] HTTP GET /js/site.js responded 200 in 2.8670 ms
2026-07-03 09:13:34.840 +03:00 [INF] HTTP GET /lib/jquery-validation-unobtrusive/dist/jquery.validate.unobtrusive.min.js responded 200 in 3.7082 ms
2026-07-03 09:13:34.842 +03:00 [INF] HTTP GET /lib/jquery-validation/dist/jquery.validate.min.js responded 200 in 1.1786 ms
2026-07-03 09:16:23.863 +03:00 [INF] HTTP GET /Finance/Accounts responded 200 in 119.0740 ms
2026-07-03 09:16:23.946 +03:00 [INF] HTTP GET /css/site.css responded 200 in 1.3794 ms
2026-07-03 09:16:23.948 +03:00 [INF] HTTP GET /Biktal.WebMVC.styles.css responded 200 in 1.2879 ms
2026-07-03 09:16:23.954 +03:00 [INF] HTTP GET /lib/jquery/dist/jquery.min.js responded 200 in 5.8422 ms
2026-07-03 09:16:23.957 +03:00 [INF] HTTP GET /lib/bootstrap/dist/css/bootstrap.min.css responded 200 in 1.9135 ms
2026-07-03 09:16:23.978 +03:00 [INF] HTTP GET /lib/bootstrap/dist/js/bootstrap.bundle.min.js responded 200 in 6.8293 ms
2026-07-03 09:16:23.985 +03:00 [INF] HTTP GET /js/site.js responded 200 in 0.9771 ms
2026-07-03 09:16:23.986 +03:00 [INF] HTTP GET /lib/jquery-validation/dist/jquery.validate.min.js responded 200 in 1.0758 ms
2026-07-03 09:16:23.998 +03:00 [INF] HTTP GET /lib/jquery-validation-unobtrusive/dist/jquery.validate.unobtrusive.min.js responded 200 in 1.2882 ms
2026-07-03 09:16:30.703 +03:00 [INF] HTTP GET /Finance responded 200 in 17.8326 ms
2026-07-03 09:16:30.764 +03:00 [INF] HTTP GET /lib/jquery/dist/jquery.min.js responded 304 in 1.1479 ms
2026-07-03 09:16:30.766 +03:00 [INF] HTTP GET /Biktal.WebMVC.styles.css responded 200 in 1.6959 ms
2026-07-03 09:16:30.766 +03:00 [INF] HTTP GET /css/site.css responded 200 in 1.0159 ms
2026-07-03 09:16:30.766 +03:00 [INF] HTTP GET /lib/bootstrap/dist/js/bootstrap.bundle.min.js responded 304 in 0.6372 ms
2026-07-03 09:16:30.770 +03:00 [INF] HTTP GET /js/site.js responded 304 in 0.7014 ms
2026-07-03 09:16:30.774 +03:00 [INF] HTTP GET /lib/bootstrap/dist/css/bootstrap.min.css responded 200 in 8.4027 ms
2026-07-03 09:16:38.742 +03:00 [WRN] The query uses the 'First'/'FirstOrDefault' operator without 'OrderBy' and filter operators. This may lead to unpredictable results.
2026-07-03 09:16:38.757 +03:00 [WRN] The query uses the 'First'/'FirstOrDefault' operator without 'OrderBy' and filter operators. This may lead to unpredictable results.
2026-07-03 09:16:38.814 +03:00 [INF] HTTP GET /Operations responded 200 in 104.7410 ms
2026-07-03 09:16:38.878 +03:00 [INF] HTTP GET /lib/bootstrap/dist/css/bootstrap.min.css responded 200 in 8.5562 ms
2026-07-03 09:16:38.883 +03:00 [INF] HTTP GET /css/site.css responded 200 in 1.0631 ms
2026-07-03 09:16:38.888 +03:00 [INF] HTTP GET /Biktal.WebMVC.styles.css responded 200 in 2.4802 ms
2026-07-03 09:16:38.890 +03:00 [INF] HTTP GET /lib/jquery/dist/jquery.min.js responded 304 in 3.3052 ms
2026-07-03 09:16:38.890 +03:00 [INF] HTTP GET /lib/bootstrap/dist/js/bootstrap.bundle.min.js responded 304 in 0.4648 ms
2026-07-03 09:16:38.890 +03:00 [INF] HTTP GET /js/site.js responded 304 in 0.4301 ms
2026-07-03 09:16:41.681 +03:00 [INF] HTTP GET /Operations/DailySales responded 200 in 43.2101 ms
2026-07-03 09:16:41.738 +03:00 [INF] HTTP GET /lib/bootstrap/dist/css/bootstrap.min.css responded 200 in 2.7092 ms
2026-07-03 09:16:41.748 +03:00 [INF] HTTP GET /css/site.css responded 200 in 1.5115 ms
2026-07-03 09:16:41.750 +03:00 [INF] HTTP GET /lib/jquery/dist/jquery.min.js responded 304 in 1.9009 ms
2026-07-03 09:16:41.750 +03:00 [INF] HTTP GET /Biktal.WebMVC.styles.css responded 200 in 2.2895 ms
2026-07-03 09:16:41.751 +03:00 [INF] HTTP GET /lib/bootstrap/dist/js/bootstrap.bundle.min.js responded 304 in 0.5499 ms
2026-07-03 09:16:41.753 +03:00 [INF] HTTP GET /js/site.js responded 304 in 0.4924 ms
2026-07-03 09:16:45.666 +03:00 [INF] HTTP GET /Operations responded 200 in 18.3601 ms
2026-07-03 09:16:45.728 +03:00 [INF] HTTP GET /css/site.css responded 304 in 2.1624 ms
2026-07-03 09:16:45.730 +03:00 [INF] HTTP GET /lib/bootstrap/dist/css/bootstrap.min.css responded 304 in 0.5188 ms
2026-07-03 09:16:45.732 +03:00 [INF] HTTP GET /Biktal.WebMVC.styles.css responded 304 in 0.5981 ms
2026-07-03 09:16:45.733 +03:00 [INF] HTTP GET /lib/jquery/dist/jquery.min.js responded 304 in 0.5938 ms
2026-07-03 09:16:45.734 +03:00 [INF] HTTP GET /lib/bootstrap/dist/js/bootstrap.bundle.min.js responded 304 in 1.1470 ms
2026-07-03 09:16:45.736 +03:00 [INF] HTTP GET /js/site.js responded 304 in 0.7713 ms
2026-07-03 09:16:47.782 +03:00 [INF] HTTP GET /Operations/DailySales responded 200 in 15.2533 ms
2026-07-03 09:16:47.847 +03:00 [INF] HTTP GET /lib/bootstrap/dist/css/bootstrap.min.css responded 200 in 6.0502 ms
2026-07-03 09:16:47.851 +03:00 [INF] HTTP GET /Biktal.WebMVC.styles.css responded 304 in 0.6468 ms
2026-07-03 09:16:47.851 +03:00 [INF] HTTP GET /css/site.css responded 304 in 0.4210 ms
2026-07-03 09:16:47.852 +03:00 [INF] HTTP GET /lib/jquery/dist/jquery.min.js responded 304 in 0.5529 ms
2026-07-03 09:16:47.853 +03:00 [INF] HTTP GET /lib/bootstrap/dist/js/bootstrap.bundle.min.js responded 304 in 0.4635 ms
2026-07-03 09:16:47.855 +03:00 [INF] HTTP GET /js/site.js responded 304 in 0.5752 ms
2026-07-03 09:16:49.315 +03:00 [WRN] The query uses the 'First'/'FirstOrDefault' operator without 'OrderBy' and filter operators. This may lead to unpredictable results.
2026-07-03 09:16:49.410 +03:00 [INF] HTTP GET /Pos responded 200 in 123.9913 ms
2026-07-03 09:16:49.468 +03:00 [INF] HTTP GET /lib/bootstrap/dist/css/bootstrap.min.css responded 304 in 0.6848 ms
2026-07-03 09:16:49.470 +03:00 [INF] HTTP GET /css/site.css responded 304 in 0.3999 ms
2026-07-03 09:16:49.470 +03:00 [INF] HTTP GET /Biktal.WebMVC.styles.css responded 304 in 0.3115 ms
2026-07-03 09:16:49.475 +03:00 [INF] HTTP GET /lib/jquery/dist/jquery.min.js responded 304 in 3.4099 ms
2026-07-03 09:16:49.476 +03:00 [INF] HTTP GET /lib/bootstrap/dist/js/bootstrap.bundle.min.js responded 304 in 0.7038 ms
2026-07-03 09:16:49.479 +03:00 [INF] HTTP GET /js/site.js responded 304 in 1.4337 ms
2026-07-03 09:16:49.500 +03:00 [INF] HTTP GET /js/pos.js responded 200 in 21.0951 ms
2026-07-03 09:31:37.967 +03:00 [INF] HTTP GET /Finance responded 200 in 105.6017 ms
2026-07-03 09:31:38.071 +03:00 [INF] HTTP GET /lib/bootstrap/dist/css/bootstrap.min.css responded 200 in 31.2408 ms
2026-07-03 09:31:38.095 +03:00 [INF] HTTP GET /js/site.js responded 200 in 23.0260 ms
2026-07-03 09:31:38.122 +03:00 [INF] HTTP GET /Biktal.WebMVC.styles.css responded 200 in 81.9232 ms
2026-07-03 09:31:38.128 +03:00 [INF] HTTP GET /lib/bootstrap/dist/js/bootstrap.bundle.min.js responded 200 in 56.2957 ms
2026-07-03 09:31:38.128 +03:00 [INF] HTTP GET /css/site.css responded 200 in 55.6015 ms
2026-07-03 09:31:38.128 +03:00 [INF] HTTP GET /lib/jquery/dist/jquery.min.js responded 200 in 32.3024 ms
2026-07-03 09:31:42.903 +03:00 [INF] HTTP GET /Finance/Cashbox responded 200 in 43.5626 ms
2026-07-03 09:31:42.967 +03:00 [INF] HTTP GET /lib/bootstrap/dist/css/bootstrap.min.css responded 200 in 1.3346 ms
2026-07-03 09:31:42.967 +03:00 [INF] HTTP GET /Biktal.WebMVC.styles.css responded 200 in 0.6614 ms
2026-07-03 09:31:42.969 +03:00 [INF] HTTP GET /css/site.css responded 200 in 1.8271 ms
2026-07-03 09:31:42.969 +03:00 [INF] HTTP GET /lib/jquery/dist/jquery.min.js responded 304 in 0.4431 ms
2026-07-03 09:31:42.970 +03:00 [INF] HTTP GET /js/site.js responded 304 in 0.5026 ms
2026-07-03 09:31:42.977 +03:00 [INF] HTTP GET /lib/bootstrap/dist/js/bootstrap.bundle.min.js responded 304 in 4.5933 ms
2026-07-03 09:31:43.000 +03:00 [INF] HTTP GET /lib/jquery-validation-unobtrusive/dist/jquery.validate.unobtrusive.min.js responded 200 in 22.1736 ms
2026-07-03 09:31:43.000 +03:00 [INF] HTTP GET /lib/jquery-validation/dist/jquery.validate.min.js responded 200 in 23.0342 ms
2026-07-03 09:32:49.206 +03:00 [INF] HTTP POST /Finance/CloseCashboxSession responded 302 in 122.1116 ms
2026-07-03 09:32:49.241 +03:00 [INF] HTTP GET /Finance/Cashbox responded 200 in 28.6277 ms
2026-07-03 09:32:49.319 +03:00 [INF] HTTP GET /css/site.css responded 200 in 3.6159 ms
2026-07-03 09:32:49.322 +03:00 [INF] HTTP GET /lib/bootstrap/dist/css/bootstrap.min.css responded 200 in 3.3742 ms
2026-07-03 09:32:49.332 +03:00 [INF] HTTP GET /js/site.js responded 200 in 4.9062 ms
2026-07-03 09:32:49.332 +03:00 [INF] HTTP GET /lib/jquery-validation-unobtrusive/dist/jquery.validate.unobtrusive.min.js responded 200 in 0.7892 ms
2026-07-03 09:32:49.332 +03:00 [INF] HTTP GET /lib/bootstrap/dist/js/bootstrap.bundle.min.js responded 200 in 6.2243 ms
2026-07-03 09:32:49.333 +03:00 [INF] HTTP GET /lib/jquery/dist/jquery.min.js responded 200 in 11.7025 ms
2026-07-03 09:32:49.333 +03:00 [INF] HTTP GET /lib/jquery-validation/dist/jquery.validate.min.js responded 200 in 2.1442 ms
2026-07-03 09:32:49.335 +03:00 [INF] HTTP GET /Biktal.WebMVC.styles.css responded 200 in 1.6957 ms
2026-07-03 09:32:58.482 +03:00 [INF] HTTP POST /Finance/OpenCashboxSession responded 302 in 30.6165 ms
2026-07-03 09:32:58.504 +03:00 [INF] HTTP GET /Finance/Cashbox responded 200 in 12.5420 ms
2026-07-03 09:32:58.579 +03:00 [INF] HTTP GET /css/site.css responded 200 in 0.6950 ms
2026-07-03 09:32:58.579 +03:00 [INF] HTTP GET /lib/bootstrap/dist/css/bootstrap.min.css responded 200 in 1.0896 ms
2026-07-03 09:32:58.580 +03:00 [INF] HTTP GET /Biktal.WebMVC.styles.css responded 200 in 0.7714 ms
2026-07-03 09:32:58.582 +03:00 [INF] HTTP GET /lib/jquery/dist/jquery.min.js responded 304 in 0.5011 ms
2026-07-03 09:32:58.586 +03:00 [INF] HTTP GET /lib/bootstrap/dist/js/bootstrap.bundle.min.js responded 304 in 2.7239 ms
2026-07-03 09:32:58.593 +03:00 [INF] HTTP GET /js/site.js responded 304 in 2.5626 ms
2026-07-03 09:32:58.597 +03:00 [INF] HTTP GET /lib/jquery-validation/dist/jquery.validate.min.js responded 304 in 0.5422 ms
2026-07-03 09:32:58.602 +03:00 [INF] HTTP GET /lib/jquery-validation-unobtrusive/dist/jquery.validate.unobtrusive.min.js responded 304 in 0.4630 ms
2026-07-03 09:33:06.981 +03:00 [INF] HTTP GET /Inventory responded 200 in 96.0913 ms
2026-07-03 09:33:07.109 +03:00 [INF] HTTP GET /css/site.css responded 200 in 1.3883 ms
2026-07-03 09:33:07.114 +03:00 [INF] HTTP GET /lib/bootstrap/dist/css/bootstrap.min.css responded 200 in 0.9083 ms
2026-07-03 09:33:07.119 +03:00 [INF] HTTP GET /Biktal.WebMVC.styles.css responded 200 in 1.9910 ms
2026-07-03 09:33:07.140 +03:00 [INF] HTTP GET /lib/jquery/dist/jquery.min.js responded 304 in 0.5573 ms
2026-07-03 09:33:07.141 +03:00 [INF] HTTP GET /lib/bootstrap/dist/js/bootstrap.bundle.min.js responded 304 in 0.5663 ms
2026-07-03 09:33:07.150 +03:00 [INF] HTTP GET /js/site.js responded 304 in 0.5252 ms
2026-07-03 09:33:09.799 +03:00 [INF] HTTP GET /Inventory/Products responded 200 in 98.2328 ms
2026-07-03 09:33:09.838 +03:00 [INF] HTTP GET /lib/bootstrap/dist/css/bootstrap.min.css responded 200 in 1.8348 ms
2026-07-03 09:33:09.845 +03:00 [INF] HTTP GET /Biktal.WebMVC.styles.css responded 200 in 2.6639 ms
2026-07-03 09:33:09.845 +03:00 [INF] HTTP GET /css/site.css responded 200 in 8.7305 ms
2026-07-03 09:33:10.588 +03:00 [INF] HTTP GET /lib/jquery/dist/jquery.min.js responded 304 in 0.3185 ms
2026-07-03 09:33:10.610 +03:00 [INF] HTTP GET /lib/bootstrap/dist/js/bootstrap.bundle.min.js responded 304 in 1.7611 ms
2026-07-03 09:33:10.613 +03:00 [INF] HTTP GET /js/site.js responded 304 in 0.8144 ms
2026-07-03 09:33:10.614 +03:00 [INF] HTTP GET /lib/jquery-validation/dist/jquery.validate.min.js responded 304 in 0.5241 ms
2026-07-03 09:33:10.615 +03:00 [INF] HTTP GET /lib/jquery-validation-unobtrusive/dist/jquery.validate.unobtrusive.min.js responded 304 in 1.1795 ms
2026-07-03 09:33:10.641 +03:00 [INF] HTTP GET /js/products-catalog-filter.js responded 200 in 24.6020 ms
2026-07-03 09:53:12.979 +03:00 [INF] Application is shutting down...
2026-07-03 10:19:07.453 +03:00 [ERR] Failed executing DbCommand (17ms) [Parameters=[@p0='?' (DbType = Guid), @p1='?' (DbType = DateTime), @p2='?' (DbType = Guid), @p3='?', @p4='?' (DbType = DateTime), @p5='?' (DbType = Int32), @p6='?' (DbType = Int32), @p7='?', @p8='?', @p9='?' (DbType = Guid), @p10='?' (DbType = DateTime), @p11='?' (DbType = Guid), @p12='?', @p13='?' (DbType = DateTime), @p14='?' (DbType = Int32), @p15='?' (DbType = Int32), @p16='?', @p17='?'], CommandType='"Text"', CommandTimeout='30']
INSERT INTO "CrmSupportTickets" ("Id", "CreatedAtUtc", "CustomerId", "Description", "ModifiedAtUtc", "Priority", "Status", "Subject", "TicketNumber")
VALUES (@p0, @p1, @p2, @p3, @p4, @p5, @p6, @p7, @p8);
INSERT INTO "CrmSupportTickets" ("Id", "CreatedAtUtc", "CustomerId", "Description", "ModifiedAtUtc", "Priority", "Status", "Subject", "TicketNumber")
VALUES (@p9, @p10, @p11, @p12, @p13, @p14, @p15, @p16, @p17);
2026-07-03 10:19:07.529 +03:00 [ERR] An exception occurred in the database while saving changes for context type 'Biktal.Infrastructure.Persistence.ApplicationDbContext'.
Microsoft.EntityFrameworkCore.DbUpdateException: An error occurred while saving the entity changes. See the inner exception for details.
 ---> Npgsql.PostgresException (0x80004005): 23503: insert or update on table "CrmSupportTickets" violates foreign key constraint "FK_CrmSupportTickets_CrmCustomers_CustomerId"

DETAIL: Detail redacted as it may contain sensitive data. Specify 'Include Error Detail' in the connection string to include this information.
   at Npgsql.Internal.NpgsqlConnector.ReadMessageLong(Boolean async, DataRowLoadingMode dataRowLoadingMode, Boolean readingNotifications, Boolean isReadingPrependedMessage)
   at System.Runtime.CompilerServices.PoolingAsyncValueTaskMethodBuilder`1.StateMachineBox`1.System.Threading.Tasks.Sources.IValueTaskSource<TResult>.GetResult(Int16 token)
   at Npgsql.NpgsqlDataReader.NextResult(Boolean async, Boolean isConsuming, CancellationToken cancellationToken)
   at Npgsql.NpgsqlDataReader.NextResult(Boolean async, Boolean isConsuming, CancellationToken cancellationToken)
   at Npgsql.NpgsqlCommand.ExecuteReader(Boolean async, CommandBehavior behavior, CancellationToken cancellationToken)
   at Npgsql.NpgsqlCommand.ExecuteReader(Boolean async, CommandBehavior behavior, CancellationToken cancellationToken)
   at Npgsql.NpgsqlCommand.ExecuteDbDataReaderAsync(CommandBehavior behavior, CancellationToken cancellationToken)
   at Microsoft.EntityFrameworkCore.Storage.RelationalCommand.ExecuteReaderAsync(RelationalCommandParameterObject parameterObject, CancellationToken cancellationToken)
   at Microsoft.EntityFrameworkCore.Storage.RelationalCommand.ExecuteReaderAsync(RelationalCommandParameterObject parameterObject, CancellationToken cancellationToken)
   at Microsoft.EntityFrameworkCore.Update.ReaderModificationCommandBatch.ExecuteAsync(IRelationalConnection connection, CancellationToken cancellationToken)
  Exception data:
    Severity: ERROR
    SqlState: 23503
    MessageText: insert or update on table "CrmSupportTickets" violates foreign key constraint "FK_CrmSupportTickets_CrmCustomers_CustomerId"
    Detail: Detail redacted as it may contain sensitive data. Specify 'Include Error Detail' in the connection string to include this information.
    SchemaName: public
    TableName: CrmSupportTickets
    ConstraintName: FK_CrmSupportTickets_CrmCustomers_CustomerId
    File: ri_triggers.c
    Line: 2783
    Routine: ri_ReportViolation
   --- End of inner exception stack trace ---
   at Microsoft.EntityFrameworkCore.Update.ReaderModificationCommandBatch.ExecuteAsync(IRelationalConnection connection, CancellationToken cancellationToken)
   at Microsoft.EntityFrameworkCore.Update.Internal.BatchExecutor.ExecuteAsync(IEnumerable`1 commandBatches, IRelationalConnection connection, CancellationToken cancellationToken)
   at Microsoft.EntityFrameworkCore.Update.Internal.BatchExecutor.ExecuteAsync(IEnumerable`1 commandBatches, IRelationalConnection connection, CancellationToken cancellationToken)
   at Microsoft.EntityFrameworkCore.Update.Internal.BatchExecutor.ExecuteAsync(IEnumerable`1 commandBatches, IRelationalConnection connection, CancellationToken cancellationToken)
   at Microsoft.EntityFrameworkCore.Storage.RelationalDatabase.SaveChangesAsync(IList`1 entries, CancellationToken cancellationToken)
   at Microsoft.EntityFrameworkCore.ChangeTracking.Internal.StateManager.SaveChangesAsync(IList`1 entriesToSave, CancellationToken cancellationToken)
   at Microsoft.EntityFrameworkCore.ChangeTracking.Internal.StateManager.SaveChangesAsync(StateManager stateManager, Boolean acceptAllChangesOnSuccess, CancellationToken cancellationToken)
   at Npgsql.EntityFrameworkCore.PostgreSQL.Storage.Internal.NpgsqlExecutionStrategy.ExecuteAsync[TState,TResult](TState state, Func`4 operation, Func`4 verifySucceeded, CancellationToken cancellationToken)
   at Microsoft.EntityFrameworkCore.DbContext.SaveChangesAsync(Boolean acceptAllChangesOnSuccess, CancellationToken cancellationToken)
Microsoft.EntityFrameworkCore.DbUpdateException: An error occurred while saving the entity changes. See the inner exception for details.
 ---> Npgsql.PostgresException (0x80004005): 23503: insert or update on table "CrmSupportTickets" violates foreign key constraint "FK_CrmSupportTickets_CrmCustomers_CustomerId"

DETAIL: Detail redacted as it may contain sensitive data. Specify 'Include Error Detail' in the connection string to include this information.
   at Npgsql.Internal.NpgsqlConnector.ReadMessageLong(Boolean async, DataRowLoadingMode dataRowLoadingMode, Boolean readingNotifications, Boolean isReadingPrependedMessage)
   at System.Runtime.CompilerServices.PoolingAsyncValueTaskMethodBuilder`1.StateMachineBox`1.System.Threading.Tasks.Sources.IValueTaskSource<TResult>.GetResult(Int16 token)
   at Npgsql.NpgsqlDataReader.NextResult(Boolean async, Boolean isConsuming, CancellationToken cancellationToken)
   at Npgsql.NpgsqlDataReader.NextResult(Boolean async, Boolean isConsuming, CancellationToken cancellationToken)
   at Npgsql.NpgsqlCommand.ExecuteReader(Boolean async, CommandBehavior behavior, CancellationToken cancellationToken)
   at Npgsql.NpgsqlCommand.ExecuteReader(Boolean async, CommandBehavior behavior, CancellationToken cancellationToken)
   at Npgsql.NpgsqlCommand.ExecuteDbDataReaderAsync(CommandBehavior behavior, CancellationToken cancellationToken)
   at Microsoft.EntityFrameworkCore.Storage.RelationalCommand.ExecuteReaderAsync(RelationalCommandParameterObject parameterObject, CancellationToken cancellationToken)
   at Microsoft.EntityFrameworkCore.Storage.RelationalCommand.ExecuteReaderAsync(RelationalCommandParameterObject parameterObject, CancellationToken cancellationToken)
   at Microsoft.EntityFrameworkCore.Update.ReaderModificationCommandBatch.ExecuteAsync(IRelationalConnection connection, CancellationToken cancellationToken)
  Exception data:
    Severity: ERROR
    SqlState: 23503
    MessageText: insert or update on table "CrmSupportTickets" violates foreign key constraint "FK_CrmSupportTickets_CrmCustomers_CustomerId"
    Detail: Detail redacted as it may contain sensitive data. Specify 'Include Error Detail' in the connection string to include this information.
    SchemaName: public
    TableName: CrmSupportTickets
    ConstraintName: FK_CrmSupportTickets_CrmCustomers_CustomerId
    File: ri_triggers.c
    Line: 2783
    Routine: ri_ReportViolation
   --- End of inner exception stack trace ---
   at Microsoft.EntityFrameworkCore.Update.ReaderModificationCommandBatch.ExecuteAsync(IRelationalConnection connection, CancellationToken cancellationToken)
   at Microsoft.EntityFrameworkCore.Update.Internal.BatchExecutor.ExecuteAsync(IEnumerable`1 commandBatches, IRelationalConnection connection, CancellationToken cancellationToken)
   at Microsoft.EntityFrameworkCore.Update.Internal.BatchExecutor.ExecuteAsync(IEnumerable`1 commandBatches, IRelationalConnection connection, CancellationToken cancellationToken)
   at Microsoft.EntityFrameworkCore.Update.Internal.BatchExecutor.ExecuteAsync(IEnumerable`1 commandBatches, IRelationalConnection connection, CancellationToken cancellationToken)
   at Microsoft.EntityFrameworkCore.Storage.RelationalDatabase.SaveChangesAsync(IList`1 entries, CancellationToken cancellationToken)
   at Microsoft.EntityFrameworkCore.ChangeTracking.Internal.StateManager.SaveChangesAsync(IList`1 entriesToSave, CancellationToken cancellationToken)
   at Microsoft.EntityFrameworkCore.ChangeTracking.Internal.StateManager.SaveChangesAsync(StateManager stateManager, Boolean acceptAllChangesOnSuccess, CancellationToken cancellationToken)
   at Npgsql.EntityFrameworkCore.PostgreSQL.Storage.Internal.NpgsqlExecutionStrategy.ExecuteAsync[TState,TResult](TState state, Func`4 operation, Func`4 verifySucceeded, CancellationToken cancellationToken)
   at Microsoft.EntityFrameworkCore.DbContext.SaveChangesAsync(Boolean acceptAllChangesOnSuccess, CancellationToken cancellationToken)
2026-07-03 10:19:07.535 +03:00 [ERR] Database migration or seed failed. Check PostgreSQL is running and ConnectionStrings:DefaultConnection is correct.
Microsoft.EntityFrameworkCore.DbUpdateException: An error occurred while saving the entity changes. See the inner exception for details.
 ---> Npgsql.PostgresException (0x80004005): 23503: insert or update on table "CrmSupportTickets" violates foreign key constraint "FK_CrmSupportTickets_CrmCustomers_CustomerId"

DETAIL: Detail redacted as it may contain sensitive data. Specify 'Include Error Detail' in the connection string to include this information.
   at Npgsql.Internal.NpgsqlConnector.ReadMessageLong(Boolean async, DataRowLoadingMode dataRowLoadingMode, Boolean readingNotifications, Boolean isReadingPrependedMessage)
   at System.Runtime.CompilerServices.PoolingAsyncValueTaskMethodBuilder`1.StateMachineBox`1.System.Threading.Tasks.Sources.IValueTaskSource<TResult>.GetResult(Int16 token)
   at Npgsql.NpgsqlDataReader.NextResult(Boolean async, Boolean isConsuming, CancellationToken cancellationToken)
   at Npgsql.NpgsqlDataReader.NextResult(Boolean async, Boolean isConsuming, CancellationToken cancellationToken)
   at Npgsql.NpgsqlCommand.ExecuteReader(Boolean async, CommandBehavior behavior, CancellationToken cancellationToken)
   at Npgsql.NpgsqlCommand.ExecuteReader(Boolean async, CommandBehavior behavior, CancellationToken cancellationToken)
   at Npgsql.NpgsqlCommand.ExecuteDbDataReaderAsync(CommandBehavior behavior, CancellationToken cancellationToken)
   at Microsoft.EntityFrameworkCore.Storage.RelationalCommand.ExecuteReaderAsync(RelationalCommandParameterObject parameterObject, CancellationToken cancellationToken)
   at Microsoft.EntityFrameworkCore.Storage.RelationalCommand.ExecuteReaderAsync(RelationalCommandParameterObject parameterObject, CancellationToken cancellationToken)
   at Microsoft.EntityFrameworkCore.Update.ReaderModificationCommandBatch.ExecuteAsync(IRelationalConnection connection, CancellationToken cancellationToken)
  Exception data:
    Severity: ERROR
    SqlState: 23503
    MessageText: insert or update on table "CrmSupportTickets" violates foreign key constraint "FK_CrmSupportTickets_CrmCustomers_CustomerId"
    Detail: Detail redacted as it may contain sensitive data. Specify 'Include Error Detail' in the connection string to include this information.
    SchemaName: public
    TableName: CrmSupportTickets
    ConstraintName: FK_CrmSupportTickets_CrmCustomers_CustomerId
    File: ri_triggers.c
    Line: 2783
    Routine: ri_ReportViolation
   --- End of inner exception stack trace ---
   at Microsoft.EntityFrameworkCore.Update.ReaderModificationCommandBatch.ExecuteAsync(IRelationalConnection connection, CancellationToken cancellationToken)
   at Microsoft.EntityFrameworkCore.Update.Internal.BatchExecutor.ExecuteAsync(IEnumerable`1 commandBatches, IRelationalConnection connection, CancellationToken cancellationToken)
   at Microsoft.EntityFrameworkCore.Update.Internal.BatchExecutor.ExecuteAsync(IEnumerable`1 commandBatches, IRelationalConnection connection, CancellationToken cancellationToken)
   at Microsoft.EntityFrameworkCore.Update.Internal.BatchExecutor.ExecuteAsync(IEnumerable`1 commandBatches, IRelationalConnection connection, CancellationToken cancellationToken)
   at Microsoft.EntityFrameworkCore.Storage.RelationalDatabase.SaveChangesAsync(IList`1 entries, CancellationToken cancellationToken)
   at Microsoft.EntityFrameworkCore.ChangeTracking.Internal.StateManager.SaveChangesAsync(IList`1 entriesToSave, CancellationToken cancellationToken)
   at Microsoft.EntityFrameworkCore.ChangeTracking.Internal.StateManager.SaveChangesAsync(StateManager stateManager, Boolean acceptAllChangesOnSuccess, CancellationToken cancellationToken)
   at Npgsql.EntityFrameworkCore.PostgreSQL.Storage.Internal.NpgsqlExecutionStrategy.ExecuteAsync[TState,TResult](TState state, Func`4 operation, Func`4 verifySucceeded, CancellationToken cancellationToken)
   at Microsoft.EntityFrameworkCore.DbContext.SaveChangesAsync(Boolean acceptAllChangesOnSuccess, CancellationToken cancellationToken)
   at Microsoft.EntityFrameworkCore.DbContext.SaveChangesAsync(Boolean acceptAllChangesOnSuccess, CancellationToken cancellationToken)
   at Biktal.Infrastructure.Persistence.CrmDataSeeder.SeedIfEmptyAsync(ApplicationDbContext db, CancellationToken cancellationToken)
   at Program.<Main>$(String[] args) in d:\Systems\BiktalSystems\Program.cs:line 71
2026-07-03 10:19:07.551 +03:00 [WRN] Continuing without a successful migration/seed. Auth and data pages may fail until the database is available.
2026-07-03 10:19:07.576 +03:00 [WRN] Using an in-memory repository. Keys will not be persisted to storage.
2026-07-03 10:19:07.576 +03:00 [WRN] Neither user profile nor HKLM registry available. Using an ephemeral key repository. Protected data will be unavailable when application exits.
2026-07-03 10:19:07.594 +03:00 [WRN] No XML encryptor configured. Key {91fb0523-a428-4a75-adce-8b851e89656f} may be persisted to storage in unencrypted form.
2026-07-03 10:19:07.645 +03:00 [INF] Application started. Press Ctrl+C to shut down.
2026-07-03 10:19:07.645 +03:00 [INF] Hosting environment: Production
2026-07-03 10:19:07.645 +03:00 [INF] Content root path: D:\Systems\BiktalSystems\publish
2026-07-03 10:19:07.752 +03:00 [INF] HTTP GET /Crm responded 302 in 84.6798 ms
2026-07-03 10:19:07.902 +03:00 [ERR] An exception was thrown while deserializing the token.
Microsoft.AspNetCore.Antiforgery.AntiforgeryValidationException: The antiforgery token could not be decrypted.
 ---> System.Security.Cryptography.CryptographicException: The key {43ef1b2e-7e82-459d-b20c-45a3a6c9f70f} was not found in the key ring. For more information go to https://aka.ms/aspnet/dataprotectionwarning
   at Microsoft.AspNetCore.DataProtection.KeyManagement.KeyRingBasedDataProtector.UnprotectCore(Byte[] protectedData, Boolean allowOperationsOnRevokedKeys, UnprotectStatus& status)
   at Microsoft.AspNetCore.DataProtection.KeyManagement.KeyRingBasedDataProtector.Unprotect(Byte[] protectedData)
   at Microsoft.AspNetCore.Antiforgery.DefaultAntiforgeryTokenSerializer.Deserialize(String serializedToken)
   --- End of inner exception stack trace ---
   at Microsoft.AspNetCore.Antiforgery.DefaultAntiforgeryTokenSerializer.Deserialize(String serializedToken)
   at Microsoft.AspNetCore.Antiforgery.DefaultAntiforgery.GetCookieTokenDoesNotThrow(HttpContext httpContext)
2026-07-03 10:19:08.061 +03:00 [INF] HTTP GET /Account/Login responded 200 in 291.7073 ms
2026-07-03 10:19:08.165 +03:00 [INF] HTTP GET /lib/bootstrap/dist/css/bootstrap.min.css responded 200 in 35.4814 ms
2026-07-03 10:19:08.166 +03:00 [INF] HTTP GET /Biktal.WebMVC.styles.css responded 200 in 18.6361 ms
2026-07-03 10:19:08.167 +03:00 [INF] HTTP GET /css/site.css responded 200 in 24.1706 ms
2026-07-03 10:19:08.176 +03:00 [INF] HTTP GET /lib/jquery/dist/jquery.min.js responded 200 in 12.3955 ms
2026-07-03 10:19:08.176 +03:00 [INF] HTTP GET /lib/jquery-validation-unobtrusive/dist/jquery.validate.unobtrusive.min.js responded 200 in 12.4056 ms
2026-07-03 10:19:08.176 +03:00 [INF] HTTP GET /lib/jquery-validation/dist/jquery.validate.min.js responded 200 in 8.3534 ms
2026-07-03 10:19:08.176 +03:00 [INF] HTTP GET /lib/bootstrap/dist/js/bootstrap.bundle.min.js responded 200 in 8.8381 ms
2026-07-03 10:19:08.176 +03:00 [INF] HTTP GET /js/site.js responded 200 in 8.9224 ms
2026-07-03 10:19:18.448 +03:00 [INF] HTTP POST /Account/Login responded 302 in 613.9826 ms
2026-07-03 10:19:18.611 +03:00 [INF] HTTP GET /Crm responded 200 in 156.5406 ms
2026-07-03 10:19:18.671 +03:00 [INF] HTTP GET /lib/bootstrap/dist/css/bootstrap.min.css responded 200 in 5.4274 ms
2026-07-03 10:19:18.706 +03:00 [INF] HTTP GET /css/site.css responded 200 in 34.8718 ms
2026-07-03 10:19:18.707 +03:00 [INF] HTTP GET /lib/jquery/dist/jquery.min.js responded 304 in 36.2458 ms
2026-07-03 10:19:18.713 +03:00 [INF] HTTP GET /Biktal.WebMVC.styles.css responded 200 in 9.8228 ms
2026-07-03 10:19:18.738 +03:00 [INF] HTTP GET /js/site.js responded 304 in 31.3377 ms
2026-07-03 10:19:18.848 +03:00 [INF] HTTP GET /lib/bootstrap/dist/js/bootstrap.bundle.min.js responded 304 in 177.3047 ms
2026-07-03 10:19:20.904 +03:00 [ERR] HTTP GET /Installments responded 500 in 151.0318 ms
System.OperationCanceledException: The operation was canceled.
   at System.Threading.CancellationToken.ThrowOperationCanceledException()
   at System.Threading.CancellationToken.ThrowIfCancellationRequested()
   at Npgsql.NpgsqlCommand.ExecuteReader(Boolean async, CommandBehavior behavior, CancellationToken cancellationToken)
   at Npgsql.NpgsqlCommand.ExecuteReader(Boolean async, CommandBehavior behavior, CancellationToken cancellationToken)
   at Npgsql.NpgsqlCommand.ExecuteDbDataReaderAsync(CommandBehavior behavior, CancellationToken cancellationToken)
   at Microsoft.EntityFrameworkCore.Storage.RelationalCommand.ExecuteReaderAsync(RelationalCommandParameterObject parameterObject, CancellationToken cancellationToken)
   at Microsoft.EntityFrameworkCore.Storage.RelationalCommand.ExecuteReaderAsync(RelationalCommandParameterObject parameterObject, CancellationToken cancellationToken)
   at Microsoft.EntityFrameworkCore.Query.Internal.SingleQueryingEnumerable`1.AsyncEnumerator.InitializeReaderAsync(AsyncEnumerator enumerator, CancellationToken cancellationToken)
   at Npgsql.EntityFrameworkCore.PostgreSQL.Storage.Internal.NpgsqlExecutionStrategy.ExecuteAsync[TState,TResult](TState state, Func`4 operation, Func`4 verifySucceeded, CancellationToken cancellationToken)
   at Microsoft.EntityFrameworkCore.Query.Internal.SingleQueryingEnumerable`1.AsyncEnumerator.MoveNextAsync()
   at Microsoft.EntityFrameworkCore.EntityFrameworkQueryableExtensions.ToListAsync[TSource](IQueryable`1 source, CancellationToken cancellationToken)
   at Microsoft.EntityFrameworkCore.EntityFrameworkQueryableExtensions.ToListAsync[TSource](IQueryable`1 source, CancellationToken cancellationToken)
   at Biktal.WebMVC.Controllers.InstallmentsController.Index(CancellationToken cancellationToken) in d:\Systems\BiktalSystems\Controllers\InstallmentsController.cs:line 31
   at Microsoft.AspNetCore.Mvc.Infrastructure.ActionMethodExecutor.TaskOfIActionResultExecutor.Execute(ActionContext actionContext, IActionResultTypeMapper mapper, ObjectMethodExecutor executor, Object controller, Object[] arguments)
   at Microsoft.AspNetCore.Mvc.Infrastructure.ControllerActionInvoker.<InvokeActionMethodAsync>g__Awaited|12_0(ControllerActionInvoker invoker, ValueTask`1 actionResultValueTask)
   at Microsoft.AspNetCore.Mvc.Infrastructure.ControllerActionInvoker.<InvokeNextActionFilterAsync>g__Awaited|10_0(ControllerActionInvoker invoker, Task lastTask, State next, Scope scope, Object state, Boolean isCompleted)
   at Microsoft.AspNetCore.Mvc.Infrastructure.ControllerActionInvoker.Rethrow(ActionExecutedContextSealed context)
   at Microsoft.AspNetCore.Mvc.Infrastructure.ControllerActionInvoker.Next(State& next, Scope& scope, Object& state, Boolean& isCompleted)
   at Microsoft.AspNetCore.Mvc.Infrastructure.ControllerActionInvoker.InvokeInnerFilterAsync()
--- End of stack trace from previous location ---
   at Microsoft.AspNetCore.Mvc.Infrastructure.ResourceInvoker.<InvokeNextResourceFilter>g__Awaited|25_0(ResourceInvoker invoker, Task lastTask, State next, Scope scope, Object state, Boolean isCompleted)
   at Microsoft.AspNetCore.Mvc.Infrastructure.ResourceInvoker.Rethrow(ResourceExecutedContextSealed context)
   at Microsoft.AspNetCore.Mvc.Infrastructure.ResourceInvoker.Next(State& next, Scope& scope, Object& state, Boolean& isCompleted)
   at Microsoft.AspNetCore.Mvc.Infrastructure.ResourceInvoker.InvokeFilterPipelineAsync()
--- End of stack trace from previous location ---
   at Microsoft.AspNetCore.Mvc.Infrastructure.ResourceInvoker.<InvokeAsync>g__Awaited|17_0(ResourceInvoker invoker, Task task, IDisposable scope)
   at Microsoft.AspNetCore.Mvc.Infrastructure.ResourceInvoker.<InvokeAsync>g__Awaited|17_0(ResourceInvoker invoker, Task task, IDisposable scope)
   at Microsoft.AspNetCore.Authorization.AuthorizationMiddleware.Invoke(HttpContext context)
   at Microsoft.AspNetCore.Authentication.AuthenticationMiddleware.Invoke(HttpContext context)
   at Serilog.AspNetCore.RequestLoggingMiddleware.Invoke(HttpContext httpContext)
2026-07-03 10:19:21.005 +03:00 [INF] HTTP GET /Installments responded 200 in 145.1291 ms
2026-07-03 10:19:21.130 +03:00 [INF] HTTP GET /Biktal.WebMVC.styles.css responded 200 in 1.5161 ms
2026-07-03 10:19:21.131 +03:00 [INF] HTTP GET /css/site.css responded 200 in 1.3992 ms
2026-07-03 10:19:21.134 +03:00 [INF] HTTP GET /lib/bootstrap/dist/css/bootstrap.min.css responded 200 in 3.3698 ms
2026-07-03 10:19:21.266 +03:00 [INF] HTTP GET /lib/bootstrap/dist/js/bootstrap.bundle.min.js responded 304 in 1.0374 ms
2026-07-03 10:19:21.266 +03:00 [INF] HTTP GET /lib/jquery/dist/jquery.min.js responded 304 in 1.0585 ms
2026-07-03 10:19:21.268 +03:00 [INF] HTTP GET /js/site.js responded 304 in 1.3565 ms
2026-07-03 10:40:16.801 +03:00 [INF] Application is shutting down...
2026-07-03 10:48:09.631 +03:00 [ERR] Failed executing DbCommand (7ms) [Parameters=[@p0='?' (DbType = Guid), @p1='?' (DbType = DateTime), @p2='?' (DbType = Guid), @p3='?', @p4='?' (DbType = DateTime), @p5='?' (DbType = Int32), @p6='?' (DbType = Int32), @p7='?', @p8='?', @p9='?' (DbType = Guid), @p10='?' (DbType = DateTime), @p11='?' (DbType = Guid), @p12='?', @p13='?' (DbType = DateTime), @p14='?' (DbType = Int32), @p15='?' (DbType = Int32), @p16='?', @p17='?'], CommandType='"Text"', CommandTimeout='30']
INSERT INTO "CrmSupportTickets" ("Id", "CreatedAtUtc", "CustomerId", "Description", "ModifiedAtUtc", "Priority", "Status", "Subject", "TicketNumber")
VALUES (@p0, @p1, @p2, @p3, @p4, @p5, @p6, @p7, @p8);
INSERT INTO "CrmSupportTickets" ("Id", "CreatedAtUtc", "CustomerId", "Description", "ModifiedAtUtc", "Priority", "Status", "Subject", "TicketNumber")
VALUES (@p9, @p10, @p11, @p12, @p13, @p14, @p15, @p16, @p17);
2026-07-03 10:48:09.706 +03:00 [ERR] An exception occurred in the database while saving changes for context type 'Biktal.Infrastructure.Persistence.ApplicationDbContext'.
Microsoft.EntityFrameworkCore.DbUpdateException: An error occurred while saving the entity changes. See the inner exception for details.
 ---> Npgsql.PostgresException (0x80004005): 23503: insert or update on table "CrmSupportTickets" violates foreign key constraint "FK_CrmSupportTickets_CrmCustomers_CustomerId"

DETAIL: Detail redacted as it may contain sensitive data. Specify 'Include Error Detail' in the connection string to include this information.
   at Npgsql.Internal.NpgsqlConnector.ReadMessageLong(Boolean async, DataRowLoadingMode dataRowLoadingMode, Boolean readingNotifications, Boolean isReadingPrependedMessage)
   at System.Runtime.CompilerServices.PoolingAsyncValueTaskMethodBuilder`1.StateMachineBox`1.System.Threading.Tasks.Sources.IValueTaskSource<TResult>.GetResult(Int16 token)
   at Npgsql.NpgsqlDataReader.NextResult(Boolean async, Boolean isConsuming, CancellationToken cancellationToken)
   at Npgsql.NpgsqlDataReader.NextResult(Boolean async, Boolean isConsuming, CancellationToken cancellationToken)
   at Npgsql.NpgsqlCommand.ExecuteReader(Boolean async, CommandBehavior behavior, CancellationToken cancellationToken)
   at Npgsql.NpgsqlCommand.ExecuteReader(Boolean async, CommandBehavior behavior, CancellationToken cancellationToken)
   at Npgsql.NpgsqlCommand.ExecuteDbDataReaderAsync(CommandBehavior behavior, CancellationToken cancellationToken)
   at Microsoft.EntityFrameworkCore.Storage.RelationalCommand.ExecuteReaderAsync(RelationalCommandParameterObject parameterObject, CancellationToken cancellationToken)
   at Microsoft.EntityFrameworkCore.Storage.RelationalCommand.ExecuteReaderAsync(RelationalCommandParameterObject parameterObject, CancellationToken cancellationToken)
   at Microsoft.EntityFrameworkCore.Update.ReaderModificationCommandBatch.ExecuteAsync(IRelationalConnection connection, CancellationToken cancellationToken)
  Exception data:
    Severity: ERROR
    SqlState: 23503
    MessageText: insert or update on table "CrmSupportTickets" violates foreign key constraint "FK_CrmSupportTickets_CrmCustomers_CustomerId"
    Detail: Detail redacted as it may contain sensitive data. Specify 'Include Error Detail' in the connection string to include this information.
    SchemaName: public
    TableName: CrmSupportTickets
    ConstraintName: FK_CrmSupportTickets_CrmCustomers_CustomerId
    File: ri_triggers.c
    Line: 2783
    Routine: ri_ReportViolation
   --- End of inner exception stack trace ---
   at Microsoft.EntityFrameworkCore.Update.ReaderModificationCommandBatch.ExecuteAsync(IRelationalConnection connection, CancellationToken cancellationToken)
   at Microsoft.EntityFrameworkCore.Update.Internal.BatchExecutor.ExecuteAsync(IEnumerable`1 commandBatches, IRelationalConnection connection, CancellationToken cancellationToken)
   at Microsoft.EntityFrameworkCore.Update.Internal.BatchExecutor.ExecuteAsync(IEnumerable`1 commandBatches, IRelationalConnection connection, CancellationToken cancellationToken)
   at Microsoft.EntityFrameworkCore.Update.Internal.BatchExecutor.ExecuteAsync(IEnumerable`1 commandBatches, IRelationalConnection connection, CancellationToken cancellationToken)
   at Microsoft.EntityFrameworkCore.Storage.RelationalDatabase.SaveChangesAsync(IList`1 entries, CancellationToken cancellationToken)
   at Microsoft.EntityFrameworkCore.ChangeTracking.Internal.StateManager.SaveChangesAsync(IList`1 entriesToSave, CancellationToken cancellationToken)
   at Microsoft.EntityFrameworkCore.ChangeTracking.Internal.StateManager.SaveChangesAsync(StateManager stateManager, Boolean acceptAllChangesOnSuccess, CancellationToken cancellationToken)
   at Npgsql.EntityFrameworkCore.PostgreSQL.Storage.Internal.NpgsqlExecutionStrategy.ExecuteAsync[TState,TResult](TState state, Func`4 operation, Func`4 verifySucceeded, CancellationToken cancellationToken)
   at Microsoft.EntityFrameworkCore.DbContext.SaveChangesAsync(Boolean acceptAllChangesOnSuccess, CancellationToken cancellationToken)
Microsoft.EntityFrameworkCore.DbUpdateException: An error occurred while saving the entity changes. See the inner exception for details.
 ---> Npgsql.PostgresException (0x80004005): 23503: insert or update on table "CrmSupportTickets" violates foreign key constraint "FK_CrmSupportTickets_CrmCustomers_CustomerId"

DETAIL: Detail redacted as it may contain sensitive data. Specify 'Include Error Detail' in the connection string to include this information.
   at Npgsql.Internal.NpgsqlConnector.ReadMessageLong(Boolean async, DataRowLoadingMode dataRowLoadingMode, Boolean readingNotifications, Boolean isReadingPrependedMessage)
   at System.Runtime.CompilerServices.PoolingAsyncValueTaskMethodBuilder`1.StateMachineBox`1.System.Threading.Tasks.Sources.IValueTaskSource<TResult>.GetResult(Int16 token)
   at Npgsql.NpgsqlDataReader.NextResult(Boolean async, Boolean isConsuming, CancellationToken cancellationToken)
   at Npgsql.NpgsqlDataReader.NextResult(Boolean async, Boolean isConsuming, CancellationToken cancellationToken)
   at Npgsql.NpgsqlCommand.ExecuteReader(Boolean async, CommandBehavior behavior, CancellationToken cancellationToken)
   at Npgsql.NpgsqlCommand.ExecuteReader(Boolean async, CommandBehavior behavior, CancellationToken cancellationToken)
   at Npgsql.NpgsqlCommand.ExecuteDbDataReaderAsync(CommandBehavior behavior, CancellationToken cancellationToken)
   at Microsoft.EntityFrameworkCore.Storage.RelationalCommand.ExecuteReaderAsync(RelationalCommandParameterObject parameterObject, CancellationToken cancellationToken)
   at Microsoft.EntityFrameworkCore.Storage.RelationalCommand.ExecuteReaderAsync(RelationalCommandParameterObject parameterObject, CancellationToken cancellationToken)
   at Microsoft.EntityFrameworkCore.Update.ReaderModificationCommandBatch.ExecuteAsync(IRelationalConnection connection, CancellationToken cancellationToken)
  Exception data:
    Severity: ERROR
    SqlState: 23503
    MessageText: insert or update on table "CrmSupportTickets" violates foreign key constraint "FK_CrmSupportTickets_CrmCustomers_CustomerId"
    Detail: Detail redacted as it may contain sensitive data. Specify 'Include Error Detail' in the connection string to include this information.
    SchemaName: public
    TableName: CrmSupportTickets
    ConstraintName: FK_CrmSupportTickets_CrmCustomers_CustomerId
    File: ri_triggers.c
    Line: 2783
    Routine: ri_ReportViolation
   --- End of inner exception stack trace ---
   at Microsoft.EntityFrameworkCore.Update.ReaderModificationCommandBatch.ExecuteAsync(IRelationalConnection connection, CancellationToken cancellationToken)
   at Microsoft.EntityFrameworkCore.Update.Internal.BatchExecutor.ExecuteAsync(IEnumerable`1 commandBatches, IRelationalConnection connection, CancellationToken cancellationToken)
   at Microsoft.EntityFrameworkCore.Update.Internal.BatchExecutor.ExecuteAsync(IEnumerable`1 commandBatches, IRelationalConnection connection, CancellationToken cancellationToken)
   at Microsoft.EntityFrameworkCore.Update.Internal.BatchExecutor.ExecuteAsync(IEnumerable`1 commandBatches, IRelationalConnection connection, CancellationToken cancellationToken)
   at Microsoft.EntityFrameworkCore.Storage.RelationalDatabase.SaveChangesAsync(IList`1 entries, CancellationToken cancellationToken)
   at Microsoft.EntityFrameworkCore.ChangeTracking.Internal.StateManager.SaveChangesAsync(IList`1 entriesToSave, CancellationToken cancellationToken)
   at Microsoft.EntityFrameworkCore.ChangeTracking.Internal.StateManager.SaveChangesAsync(StateManager stateManager, Boolean acceptAllChangesOnSuccess, CancellationToken cancellationToken)
   at Npgsql.EntityFrameworkCore.PostgreSQL.Storage.Internal.NpgsqlExecutionStrategy.ExecuteAsync[TState,TResult](TState state, Func`4 operation, Func`4 verifySucceeded, CancellationToken cancellationToken)
   at Microsoft.EntityFrameworkCore.DbContext.SaveChangesAsync(Boolean acceptAllChangesOnSuccess, CancellationToken cancellationToken)
2026-07-03 10:48:09.711 +03:00 [ERR] Database migration or seed failed. Check PostgreSQL is running and ConnectionStrings:DefaultConnection is correct.
Microsoft.EntityFrameworkCore.DbUpdateException: An error occurred while saving the entity changes. See the inner exception for details.
 ---> Npgsql.PostgresException (0x80004005): 23503: insert or update on table "CrmSupportTickets" violates foreign key constraint "FK_CrmSupportTickets_CrmCustomers_CustomerId"

DETAIL: Detail redacted as it may contain sensitive data. Specify 'Include Error Detail' in the connection string to include this information.
   at Npgsql.Internal.NpgsqlConnector.ReadMessageLong(Boolean async, DataRowLoadingMode dataRowLoadingMode, Boolean readingNotifications, Boolean isReadingPrependedMessage)
   at System.Runtime.CompilerServices.PoolingAsyncValueTaskMethodBuilder`1.StateMachineBox`1.System.Threading.Tasks.Sources.IValueTaskSource<TResult>.GetResult(Int16 token)
   at Npgsql.NpgsqlDataReader.NextResult(Boolean async, Boolean isConsuming, CancellationToken cancellationToken)
   at Npgsql.NpgsqlDataReader.NextResult(Boolean async, Boolean isConsuming, CancellationToken cancellationToken)
   at Npgsql.NpgsqlCommand.ExecuteReader(Boolean async, CommandBehavior behavior, CancellationToken cancellationToken)
   at Npgsql.NpgsqlCommand.ExecuteReader(Boolean async, CommandBehavior behavior, CancellationToken cancellationToken)
   at Npgsql.NpgsqlCommand.ExecuteDbDataReaderAsync(CommandBehavior behavior, CancellationToken cancellationToken)
   at Microsoft.EntityFrameworkCore.Storage.RelationalCommand.ExecuteReaderAsync(RelationalCommandParameterObject parameterObject, CancellationToken cancellationToken)
   at Microsoft.EntityFrameworkCore.Storage.RelationalCommand.ExecuteReaderAsync(RelationalCommandParameterObject parameterObject, CancellationToken cancellationToken)
   at Microsoft.EntityFrameworkCore.Update.ReaderModificationCommandBatch.ExecuteAsync(IRelationalConnection connection, CancellationToken cancellationToken)
  Exception data:
    Severity: ERROR
    SqlState: 23503
    MessageText: insert or update on table "CrmSupportTickets" violates foreign key constraint "FK_CrmSupportTickets_CrmCustomers_CustomerId"
    Detail: Detail redacted as it may contain sensitive data. Specify 'Include Error Detail' in the connection string to include this information.
    SchemaName: public
    TableName: CrmSupportTickets
    ConstraintName: FK_CrmSupportTickets_CrmCustomers_CustomerId
    File: ri_triggers.c
    Line: 2783
    Routine: ri_ReportViolation
   --- End of inner exception stack trace ---
   at Microsoft.EntityFrameworkCore.Update.ReaderModificationCommandBatch.ExecuteAsync(IRelationalConnection connection, CancellationToken cancellationToken)
   at Microsoft.EntityFrameworkCore.Update.Internal.BatchExecutor.ExecuteAsync(IEnumerable`1 commandBatches, IRelationalConnection connection, CancellationToken cancellationToken)
   at Microsoft.EntityFrameworkCore.Update.Internal.BatchExecutor.ExecuteAsync(IEnumerable`1 commandBatches, IRelationalConnection connection, CancellationToken cancellationToken)
   at Microsoft.EntityFrameworkCore.Update.Internal.BatchExecutor.ExecuteAsync(IEnumerable`1 commandBatches, IRelationalConnection connection, CancellationToken cancellationToken)
   at Microsoft.EntityFrameworkCore.Storage.RelationalDatabase.SaveChangesAsync(IList`1 entries, CancellationToken cancellationToken)
   at Microsoft.EntityFrameworkCore.ChangeTracking.Internal.StateManager.SaveChangesAsync(IList`1 entriesToSave, CancellationToken cancellationToken)
   at Microsoft.EntityFrameworkCore.ChangeTracking.Internal.StateManager.SaveChangesAsync(StateManager stateManager, Boolean acceptAllChangesOnSuccess, CancellationToken cancellationToken)
   at Npgsql.EntityFrameworkCore.PostgreSQL.Storage.Internal.NpgsqlExecutionStrategy.ExecuteAsync[TState,TResult](TState state, Func`4 operation, Func`4 verifySucceeded, CancellationToken cancellationToken)
   at Microsoft.EntityFrameworkCore.DbContext.SaveChangesAsync(Boolean acceptAllChangesOnSuccess, CancellationToken cancellationToken)
   at Microsoft.EntityFrameworkCore.DbContext.SaveChangesAsync(Boolean acceptAllChangesOnSuccess, CancellationToken cancellationToken)
   at Biktal.Infrastructure.Persistence.CrmDataSeeder.SeedIfEmptyAsync(ApplicationDbContext db, CancellationToken cancellationToken)
   at Program.<Main>$(String[] args) in d:\Systems\BiktalSystems\Program.cs:line 71
2026-07-03 10:48:09.716 +03:00 [WRN] Continuing without a successful migration/seed. Auth and data pages may fail until the database is available.
2026-07-03 10:48:09.739 +03:00 [WRN] Using an in-memory repository. Keys will not be persisted to storage.
2026-07-03 10:48:09.740 +03:00 [WRN] Neither user profile nor HKLM registry available. Using an ephemeral key repository. Protected data will be unavailable when application exits.
2026-07-03 10:48:09.758 +03:00 [WRN] No XML encryptor configured. Key {1fab4363-65fa-4f40-99f0-acc988bed77b} may be persisted to storage in unencrypted form.
2026-07-03 10:48:09.809 +03:00 [INF] Application started. Press Ctrl+C to shut down.
2026-07-03 10:48:09.810 +03:00 [INF] Hosting environment: Production
2026-07-03 10:48:09.810 +03:00 [INF] Content root path: D:\Systems\BiktalSystems\publish
2026-07-03 10:48:09.911 +03:00 [INF] HTTP GET /Inventory responded 302 in 79.7286 ms
2026-07-03 10:48:10.059 +03:00 [ERR] An exception was thrown while deserializing the token.
Microsoft.AspNetCore.Antiforgery.AntiforgeryValidationException: The antiforgery token could not be decrypted.
 ---> System.Security.Cryptography.CryptographicException: The key {91fb0523-a428-4a75-adce-8b851e89656f} was not found in the key ring. For more information go to https://aka.ms/aspnet/dataprotectionwarning
   at Microsoft.AspNetCore.DataProtection.KeyManagement.KeyRingBasedDataProtector.UnprotectCore(Byte[] protectedData, Boolean allowOperationsOnRevokedKeys, UnprotectStatus& status)
   at Microsoft.AspNetCore.DataProtection.KeyManagement.KeyRingBasedDataProtector.Unprotect(Byte[] protectedData)
   at Microsoft.AspNetCore.Antiforgery.DefaultAntiforgeryTokenSerializer.Deserialize(String serializedToken)
   --- End of inner exception stack trace ---
   at Microsoft.AspNetCore.Antiforgery.DefaultAntiforgeryTokenSerializer.Deserialize(String serializedToken)
   at Microsoft.AspNetCore.Antiforgery.DefaultAntiforgery.GetCookieTokenDoesNotThrow(HttpContext httpContext)
2026-07-03 10:48:10.156 +03:00 [INF] HTTP GET /Account/Login responded 200 in 227.2618 ms
2026-07-03 10:48:10.354 +03:00 [INF] HTTP GET /lib/jquery-validation/dist/jquery.validate.min.js responded 200 in 105.4661 ms
2026-07-03 10:48:10.356 +03:00 [INF] HTTP GET /js/site.js responded 200 in 107.7708 ms
2026-07-03 10:48:10.357 +03:00 [INF] HTTP GET /css/site.css responded 200 in 112.9561 ms
2026-07-03 10:48:10.357 +03:00 [INF] HTTP GET /lib/jquery-validation-unobtrusive/dist/jquery.validate.unobtrusive.min.js responded 200 in 75.0709 ms
2026-07-03 10:48:10.357 +03:00 [INF] HTTP GET /Biktal.WebMVC.styles.css responded 200 in 114.7653 ms
2026-07-03 10:48:10.358 +03:00 [INF] HTTP GET /lib/bootstrap/dist/js/bootstrap.bundle.min.js responded 200 in 111.1418 ms
2026-07-03 10:48:10.359 +03:00 [INF] HTTP GET /lib/jquery/dist/jquery.min.js responded 200 in 112.8692 ms
2026-07-03 10:48:10.360 +03:00 [INF] HTTP GET /lib/bootstrap/dist/css/bootstrap.min.css responded 200 in 122.1308 ms
2026-07-03 10:48:38.343 +03:00 [INF] HTTP POST /Account/Login responded 302 in 588.8281 ms
2026-07-03 10:48:38.526 +03:00 [INF] HTTP GET /Inventory responded 200 in 176.7616 ms
2026-07-03 10:48:38.593 +03:00 [INF] HTTP GET /lib/bootstrap/dist/css/bootstrap.min.css responded 200 in 9.9810 ms
2026-07-03 10:48:38.626 +03:00 [INF] HTTP GET /Biktal.WebMVC.styles.css responded 200 in 29.8600 ms
2026-07-03 10:48:38.627 +03:00 [INF] HTTP GET /css/site.css responded 200 in 31.4224 ms
2026-07-03 10:48:38.627 +03:00 [INF] HTTP GET /js/site.js responded 304 in 25.1857 ms
2026-07-03 10:48:38.663 +03:00 [INF] HTTP GET /lib/jquery/dist/jquery.min.js responded 304 in 35.2665 ms
2026-07-03 10:48:38.787 +03:00 [INF] HTTP GET /lib/bootstrap/dist/js/bootstrap.bundle.min.js responded 304 in 184.7824 ms
2026-07-03 10:48:41.377 +03:00 [INF] HTTP GET /Inventory/Products responded 200 in 608.5679 ms
2026-07-03 10:48:41.377 +03:00 [INF] HTTP GET /lib/bootstrap/dist/css/bootstrap.min.css responded 200 in 2.7345 ms
2026-07-03 10:48:41.387 +03:00 [INF] HTTP GET /css/site.css responded 200 in 2.2599 ms
2026-07-03 10:48:41.387 +03:00 [INF] HTTP GET /Biktal.WebMVC.styles.css responded 200 in 1.8718 ms
2026-07-03 10:48:42.181 +03:00 [INF] HTTP GET /lib/jquery/dist/jquery.min.js responded 304 in 1.7930 ms
2026-07-03 10:48:42.204 +03:00 [INF] HTTP GET /lib/bootstrap/dist/js/bootstrap.bundle.min.js responded 304 in 0.9969 ms
2026-07-03 10:48:42.205 +03:00 [INF] HTTP GET /js/site.js responded 304 in 1.0606 ms
2026-07-03 10:48:42.211 +03:00 [INF] HTTP GET /js/products-catalog-filter.js responded 200 in 1.5343 ms
2026-07-03 10:48:42.222 +03:00 [INF] HTTP GET /lib/jquery-validation-unobtrusive/dist/jquery.validate.unobtrusive.min.js responded 304 in 13.8066 ms
2026-07-03 10:48:42.225 +03:00 [INF] HTTP GET /lib/jquery-validation/dist/jquery.validate.min.js responded 304 in 17.4843 ms
2026-07-03 11:09:19.154 +03:00 [INF] Application is shutting down...
2026-07-03 12:18:10.241 +03:00 [ERR] Failed executing DbCommand (6ms) [Parameters=[@p0='?' (DbType = Guid), @p1='?' (DbType = DateTime), @p2='?' (DbType = Guid), @p3='?', @p4='?' (DbType = DateTime), @p5='?' (DbType = Int32), @p6='?' (DbType = Int32), @p7='?', @p8='?', @p9='?' (DbType = Guid), @p10='?' (DbType = DateTime), @p11='?' (DbType = Guid), @p12='?', @p13='?' (DbType = DateTime), @p14='?' (DbType = Int32), @p15='?' (DbType = Int32), @p16='?', @p17='?'], CommandType='"Text"', CommandTimeout='30']
INSERT INTO "CrmSupportTickets" ("Id", "CreatedAtUtc", "CustomerId", "Description", "ModifiedAtUtc", "Priority", "Status", "Subject", "TicketNumber")
VALUES (@p0, @p1, @p2, @p3, @p4, @p5, @p6, @p7, @p8);
INSERT INTO "CrmSupportTickets" ("Id", "CreatedAtUtc", "CustomerId", "Description", "ModifiedAtUtc", "Priority", "Status", "Subject", "TicketNumber")
VALUES (@p9, @p10, @p11, @p12, @p13, @p14, @p15, @p16, @p17);
2026-07-03 12:18:10.315 +03:00 [ERR] An exception occurred in the database while saving changes for context type 'Biktal.Infrastructure.Persistence.ApplicationDbContext'.
Microsoft.EntityFrameworkCore.DbUpdateException: An error occurred while saving the entity changes. See the inner exception for details.
 ---> Npgsql.PostgresException (0x80004005): 23503: insert or update on table "CrmSupportTickets" violates foreign key constraint "FK_CrmSupportTickets_CrmCustomers_CustomerId"

DETAIL: Detail redacted as it may contain sensitive data. Specify 'Include Error Detail' in the connection string to include this information.
   at Npgsql.Internal.NpgsqlConnector.ReadMessageLong(Boolean async, DataRowLoadingMode dataRowLoadingMode, Boolean readingNotifications, Boolean isReadingPrependedMessage)
   at System.Runtime.CompilerServices.PoolingAsyncValueTaskMethodBuilder`1.StateMachineBox`1.System.Threading.Tasks.Sources.IValueTaskSource<TResult>.GetResult(Int16 token)
   at Npgsql.NpgsqlDataReader.NextResult(Boolean async, Boolean isConsuming, CancellationToken cancellationToken)
   at Npgsql.NpgsqlDataReader.NextResult(Boolean async, Boolean isConsuming, CancellationToken cancellationToken)
   at Npgsql.NpgsqlCommand.ExecuteReader(Boolean async, CommandBehavior behavior, CancellationToken cancellationToken)
   at Npgsql.NpgsqlCommand.ExecuteReader(Boolean async, CommandBehavior behavior, CancellationToken cancellationToken)
   at Npgsql.NpgsqlCommand.ExecuteDbDataReaderAsync(CommandBehavior behavior, CancellationToken cancellationToken)
   at Microsoft.EntityFrameworkCore.Storage.RelationalCommand.ExecuteReaderAsync(RelationalCommandParameterObject parameterObject, CancellationToken cancellationToken)
   at Microsoft.EntityFrameworkCore.Storage.RelationalCommand.ExecuteReaderAsync(RelationalCommandParameterObject parameterObject, CancellationToken cancellationToken)
   at Microsoft.EntityFrameworkCore.Update.ReaderModificationCommandBatch.ExecuteAsync(IRelationalConnection connection, CancellationToken cancellationToken)
  Exception data:
    Severity: ERROR
    SqlState: 23503
    MessageText: insert or update on table "CrmSupportTickets" violates foreign key constraint "FK_CrmSupportTickets_CrmCustomers_CustomerId"
    Detail: Detail redacted as it may contain sensitive data. Specify 'Include Error Detail' in the connection string to include this information.
    SchemaName: public
    TableName: CrmSupportTickets
    ConstraintName: FK_CrmSupportTickets_CrmCustomers_CustomerId
    File: ri_triggers.c
    Line: 2783
    Routine: ri_ReportViolation
   --- End of inner exception stack trace ---
   at Microsoft.EntityFrameworkCore.Update.ReaderModificationCommandBatch.ExecuteAsync(IRelationalConnection connection, CancellationToken cancellationToken)
   at Microsoft.EntityFrameworkCore.Update.Internal.BatchExecutor.ExecuteAsync(IEnumerable`1 commandBatches, IRelationalConnection connection, CancellationToken cancellationToken)
   at Microsoft.EntityFrameworkCore.Update.Internal.BatchExecutor.ExecuteAsync(IEnumerable`1 commandBatches, IRelationalConnection connection, CancellationToken cancellationToken)
   at Microsoft.EntityFrameworkCore.Update.Internal.BatchExecutor.ExecuteAsync(IEnumerable`1 commandBatches, IRelationalConnection connection, CancellationToken cancellationToken)
   at Microsoft.EntityFrameworkCore.Storage.RelationalDatabase.SaveChangesAsync(IList`1 entries, CancellationToken cancellationToken)
   at Microsoft.EntityFrameworkCore.ChangeTracking.Internal.StateManager.SaveChangesAsync(IList`1 entriesToSave, CancellationToken cancellationToken)
   at Microsoft.EntityFrameworkCore.ChangeTracking.Internal.StateManager.SaveChangesAsync(StateManager stateManager, Boolean acceptAllChangesOnSuccess, CancellationToken cancellationToken)
   at Npgsql.EntityFrameworkCore.PostgreSQL.Storage.Internal.NpgsqlExecutionStrategy.ExecuteAsync[TState,TResult](TState state, Func`4 operation, Func`4 verifySucceeded, CancellationToken cancellationToken)
   at Microsoft.EntityFrameworkCore.DbContext.SaveChangesAsync(Boolean acceptAllChangesOnSuccess, CancellationToken cancellationToken)
Microsoft.EntityFrameworkCore.DbUpdateException: An error occurred while saving the entity changes. See the inner exception for details.
 ---> Npgsql.PostgresException (0x80004005): 23503: insert or update on table "CrmSupportTickets" violates foreign key constraint "FK_CrmSupportTickets_CrmCustomers_CustomerId"

DETAIL: Detail redacted as it may contain sensitive data. Specify 'Include Error Detail' in the connection string to include this information.
   at Npgsql.Internal.NpgsqlConnector.ReadMessageLong(Boolean async, DataRowLoadingMode dataRowLoadingMode, Boolean readingNotifications, Boolean isReadingPrependedMessage)
   at System.Runtime.CompilerServices.PoolingAsyncValueTaskMethodBuilder`1.StateMachineBox`1.System.Threading.Tasks.Sources.IValueTaskSource<TResult>.GetResult(Int16 token)
   at Npgsql.NpgsqlDataReader.NextResult(Boolean async, Boolean isConsuming, CancellationToken cancellationToken)
   at Npgsql.NpgsqlDataReader.NextResult(Boolean async, Boolean isConsuming, CancellationToken cancellationToken)
   at Npgsql.NpgsqlCommand.ExecuteReader(Boolean async, CommandBehavior behavior, CancellationToken cancellationToken)
   at Npgsql.NpgsqlCommand.ExecuteReader(Boolean async, CommandBehavior behavior, CancellationToken cancellationToken)
   at Npgsql.NpgsqlCommand.ExecuteDbDataReaderAsync(CommandBehavior behavior, CancellationToken cancellationToken)
   at Microsoft.EntityFrameworkCore.Storage.RelationalCommand.ExecuteReaderAsync(RelationalCommandParameterObject parameterObject, CancellationToken cancellationToken)
   at Microsoft.EntityFrameworkCore.Storage.RelationalCommand.ExecuteReaderAsync(RelationalCommandParameterObject parameterObject, CancellationToken cancellationToken)
   at Microsoft.EntityFrameworkCore.Update.ReaderModificationCommandBatch.ExecuteAsync(IRelationalConnection connection, CancellationToken cancellationToken)
  Exception data:
    Severity: ERROR
    SqlState: 23503
    MessageText: insert or update on table "CrmSupportTickets" violates foreign key constraint "FK_CrmSupportTickets_CrmCustomers_CustomerId"
    Detail: Detail redacted as it may contain sensitive data. Specify 'Include Error Detail' in the connection string to include this information.
    SchemaName: public
    TableName: CrmSupportTickets
    ConstraintName: FK_CrmSupportTickets_CrmCustomers_CustomerId
    File: ri_triggers.c
    Line: 2783
    Routine: ri_ReportViolation
   --- End of inner exception stack trace ---
   at Microsoft.EntityFrameworkCore.Update.ReaderModificationCommandBatch.ExecuteAsync(IRelationalConnection connection, CancellationToken cancellationToken)
   at Microsoft.EntityFrameworkCore.Update.Internal.BatchExecutor.ExecuteAsync(IEnumerable`1 commandBatches, IRelationalConnection connection, CancellationToken cancellationToken)
   at Microsoft.EntityFrameworkCore.Update.Internal.BatchExecutor.ExecuteAsync(IEnumerable`1 commandBatches, IRelationalConnection connection, CancellationToken cancellationToken)
   at Microsoft.EntityFrameworkCore.Update.Internal.BatchExecutor.ExecuteAsync(IEnumerable`1 commandBatches, IRelationalConnection connection, CancellationToken cancellationToken)
   at Microsoft.EntityFrameworkCore.Storage.RelationalDatabase.SaveChangesAsync(IList`1 entries, CancellationToken cancellationToken)
   at Microsoft.EntityFrameworkCore.ChangeTracking.Internal.StateManager.SaveChangesAsync(IList`1 entriesToSave, CancellationToken cancellationToken)
   at Microsoft.EntityFrameworkCore.ChangeTracking.Internal.StateManager.SaveChangesAsync(StateManager stateManager, Boolean acceptAllChangesOnSuccess, CancellationToken cancellationToken)
   at Npgsql.EntityFrameworkCore.PostgreSQL.Storage.Internal.NpgsqlExecutionStrategy.ExecuteAsync[TState,TResult](TState state, Func`4 operation, Func`4 verifySucceeded, CancellationToken cancellationToken)
   at Microsoft.EntityFrameworkCore.DbContext.SaveChangesAsync(Boolean acceptAllChangesOnSuccess, CancellationToken cancellationToken)
2026-07-03 12:18:10.321 +03:00 [ERR] Database migration or seed failed. Check PostgreSQL is running and ConnectionStrings:DefaultConnection is correct.
Microsoft.EntityFrameworkCore.DbUpdateException: An error occurred while saving the entity changes. See the inner exception for details.
 ---> Npgsql.PostgresException (0x80004005): 23503: insert or update on table "CrmSupportTickets" violates foreign key constraint "FK_CrmSupportTickets_CrmCustomers_CustomerId"

DETAIL: Detail redacted as it may contain sensitive data. Specify 'Include Error Detail' in the connection string to include this information.
   at Npgsql.Internal.NpgsqlConnector.ReadMessageLong(Boolean async, DataRowLoadingMode dataRowLoadingMode, Boolean readingNotifications, Boolean isReadingPrependedMessage)
   at System.Runtime.CompilerServices.PoolingAsyncValueTaskMethodBuilder`1.StateMachineBox`1.System.Threading.Tasks.Sources.IValueTaskSource<TResult>.GetResult(Int16 token)
   at Npgsql.NpgsqlDataReader.NextResult(Boolean async, Boolean isConsuming, CancellationToken cancellationToken)
   at Npgsql.NpgsqlDataReader.NextResult(Boolean async, Boolean isConsuming, CancellationToken cancellationToken)
   at Npgsql.NpgsqlCommand.ExecuteReader(Boolean async, CommandBehavior behavior, CancellationToken cancellationToken)
   at Npgsql.NpgsqlCommand.ExecuteReader(Boolean async, CommandBehavior behavior, CancellationToken cancellationToken)
   at Npgsql.NpgsqlCommand.ExecuteDbDataReaderAsync(CommandBehavior behavior, CancellationToken cancellationToken)
   at Microsoft.EntityFrameworkCore.Storage.RelationalCommand.ExecuteReaderAsync(RelationalCommandParameterObject parameterObject, CancellationToken cancellationToken)
   at Microsoft.EntityFrameworkCore.Storage.RelationalCommand.ExecuteReaderAsync(RelationalCommandParameterObject parameterObject, CancellationToken cancellationToken)
   at Microsoft.EntityFrameworkCore.Update.ReaderModificationCommandBatch.ExecuteAsync(IRelationalConnection connection, CancellationToken cancellationToken)
  Exception data:
    Severity: ERROR
    SqlState: 23503
    MessageText: insert or update on table "CrmSupportTickets" violates foreign key constraint "FK_CrmSupportTickets_CrmCustomers_CustomerId"
    Detail: Detail redacted as it may contain sensitive data. Specify 'Include Error Detail' in the connection string to include this information.
    SchemaName: public
    TableName: CrmSupportTickets
    ConstraintName: FK_CrmSupportTickets_CrmCustomers_CustomerId
    File: ri_triggers.c
    Line: 2783
    Routine: ri_ReportViolation
   --- End of inner exception stack trace ---
   at Microsoft.EntityFrameworkCore.Update.ReaderModificationCommandBatch.ExecuteAsync(IRelationalConnection connection, CancellationToken cancellationToken)
   at Microsoft.EntityFrameworkCore.Update.Internal.BatchExecutor.ExecuteAsync(IEnumerable`1 commandBatches, IRelationalConnection connection, CancellationToken cancellationToken)
   at Microsoft.EntityFrameworkCore.Update.Internal.BatchExecutor.ExecuteAsync(IEnumerable`1 commandBatches, IRelationalConnection connection, CancellationToken cancellationToken)
   at Microsoft.EntityFrameworkCore.Update.Internal.BatchExecutor.ExecuteAsync(IEnumerable`1 commandBatches, IRelationalConnection connection, CancellationToken cancellationToken)
   at Microsoft.EntityFrameworkCore.Storage.RelationalDatabase.SaveChangesAsync(IList`1 entries, CancellationToken cancellationToken)
   at Microsoft.EntityFrameworkCore.ChangeTracking.Internal.StateManager.SaveChangesAsync(IList`1 entriesToSave, CancellationToken cancellationToken)
   at Microsoft.EntityFrameworkCore.ChangeTracking.Internal.StateManager.SaveChangesAsync(StateManager stateManager, Boolean acceptAllChangesOnSuccess, CancellationToken cancellationToken)
   at Npgsql.EntityFrameworkCore.PostgreSQL.Storage.Internal.NpgsqlExecutionStrategy.ExecuteAsync[TState,TResult](TState state, Func`4 operation, Func`4 verifySucceeded, CancellationToken cancellationToken)
   at Microsoft.EntityFrameworkCore.DbContext.SaveChangesAsync(Boolean acceptAllChangesOnSuccess, CancellationToken cancellationToken)
   at Microsoft.EntityFrameworkCore.DbContext.SaveChangesAsync(Boolean acceptAllChangesOnSuccess, CancellationToken cancellationToken)
   at Biktal.Infrastructure.Persistence.CrmDataSeeder.SeedIfEmptyAsync(ApplicationDbContext db, CancellationToken cancellationToken)
   at Program.<Main>$(String[] args) in d:\Systems\BiktalSystems\Program.cs:line 71
2026-07-03 12:18:10.326 +03:00 [WRN] Continuing without a successful migration/seed. Auth and data pages may fail until the database is available.
2026-07-03 12:18:10.350 +03:00 [WRN] Using an in-memory repository. Keys will not be persisted to storage.
2026-07-03 12:18:10.351 +03:00 [WRN] Neither user profile nor HKLM registry available. Using an ephemeral key repository. Protected data will be unavailable when application exits.
2026-07-03 12:18:10.368 +03:00 [WRN] No XML encryptor configured. Key {c9b9092f-0dd0-4975-b3b4-4ec77cd2a6b0} may be persisted to storage in unencrypted form.
2026-07-03 12:18:10.415 +03:00 [INF] Application started. Press Ctrl+C to shut down.
2026-07-03 12:18:10.415 +03:00 [INF] Hosting environment: Production
2026-07-03 12:18:10.416 +03:00 [INF] Content root path: D:\Systems\BiktalSystems\publish
2026-07-03 12:18:10.519 +03:00 [INF] HTTP GET /Inventory/Brands responded 302 in 81.7985 ms
2026-07-03 12:18:10.665 +03:00 [ERR] An exception was thrown while deserializing the token.
Microsoft.AspNetCore.Antiforgery.AntiforgeryValidationException: The antiforgery token could not be decrypted.
 ---> System.Security.Cryptography.CryptographicException: The key {1fab4363-65fa-4f40-99f0-acc988bed77b} was not found in the key ring. For more information go to https://aka.ms/aspnet/dataprotectionwarning
   at Microsoft.AspNetCore.DataProtection.KeyManagement.KeyRingBasedDataProtector.UnprotectCore(Byte[] protectedData, Boolean allowOperationsOnRevokedKeys, UnprotectStatus& status)
   at Microsoft.AspNetCore.DataProtection.KeyManagement.KeyRingBasedDataProtector.Unprotect(Byte[] protectedData)
   at Microsoft.AspNetCore.Antiforgery.DefaultAntiforgeryTokenSerializer.Deserialize(String serializedToken)
   --- End of inner exception stack trace ---
   at Microsoft.AspNetCore.Antiforgery.DefaultAntiforgeryTokenSerializer.Deserialize(String serializedToken)
   at Microsoft.AspNetCore.Antiforgery.DefaultAntiforgery.GetCookieTokenDoesNotThrow(HttpContext httpContext)
2026-07-03 12:18:10.760 +03:00 [INF] HTTP GET /Account/Login responded 200 in 222.3703 ms
2026-07-03 12:18:10.959 +03:00 [INF] HTTP GET /Biktal.WebMVC.styles.css responded 200 in 104.5529 ms
2026-07-03 12:18:10.959 +03:00 [INF] HTTP GET /lib/jquery-validation-unobtrusive/dist/jquery.validate.unobtrusive.min.js responded 200 in 60.3803 ms
2026-07-03 12:18:10.959 +03:00 [INF] HTTP GET /js/site.js responded 200 in 101.4771 ms
2026-07-03 12:18:10.962 +03:00 [INF] HTTP GET /lib/jquery-validation/dist/jquery.validate.min.js responded 200 in 103.7099 ms
2026-07-03 12:18:10.962 +03:00 [INF] HTTP GET /lib/bootstrap/dist/css/bootstrap.min.css responded 200 in 114.5531 ms
2026-07-03 12:18:10.962 +03:00 [INF] HTTP GET /css/site.css responded 200 in 107.9753 ms
2026-07-03 12:18:10.962 +03:00 [INF] HTTP GET /lib/bootstrap/dist/js/bootstrap.bundle.min.js responded 200 in 105.4391 ms
2026-07-03 12:18:10.964 +03:00 [INF] HTTP GET /lib/jquery/dist/jquery.min.js responded 200 in 107.2710 ms
2026-07-03 12:18:21.837 +03:00 [INF] HTTP POST /Account/Login responded 302 in 646.6693 ms
2026-07-03 12:18:21.968 +03:00 [INF] HTTP GET /Inventory/Brands responded 200 in 124.6923 ms
2026-07-03 12:18:22.038 +03:00 [INF] HTTP GET /Biktal.WebMVC.styles.css responded 200 in 2.2181 ms
2026-07-03 12:18:22.038 +03:00 [INF] HTTP GET /lib/bootstrap/dist/css/bootstrap.min.css responded 200 in 13.6108 ms
2026-07-03 12:18:22.069 +03:00 [INF] HTTP GET /css/site.css responded 200 in 32.7150 ms
2026-07-03 12:18:22.070 +03:00 [INF] HTTP GET /lib/jquery/dist/jquery.min.js responded 304 in 29.2505 ms
2026-07-03 12:18:22.070 +03:00 [INF] HTTP GET /js/site.js responded 304 in 17.7953 ms
2026-07-03 12:18:22.091 +03:00 [INF] HTTP GET /lib/jquery-validation-unobtrusive/dist/jquery.validate.unobtrusive.min.js responded 304 in 21.0732 ms
2026-07-03 12:18:22.100 +03:00 [INF] HTTP GET /lib/jquery-validation/dist/jquery.validate.min.js responded 304 in 30.0807 ms
2026-07-03 12:18:22.242 +03:00 [INF] HTTP GET /lib/bootstrap/dist/js/bootstrap.bundle.min.js responded 304 in 170.9787 ms
2026-07-03 12:38:25.569 +03:00 [INF] Application is shutting down...
2026-07-03 13:44:13.203 +03:00 [ERR] Failed executing DbCommand (7ms) [Parameters=[@p0='?' (DbType = Guid), @p1='?' (DbType = DateTime), @p2='?' (DbType = Guid), @p3='?', @p4='?' (DbType = DateTime), @p5='?' (DbType = Int32), @p6='?' (DbType = Int32), @p7='?', @p8='?', @p9='?' (DbType = Guid), @p10='?' (DbType = DateTime), @p11='?' (DbType = Guid), @p12='?', @p13='?' (DbType = DateTime), @p14='?' (DbType = Int32), @p15='?' (DbType = Int32), @p16='?', @p17='?'], CommandType='"Text"', CommandTimeout='30']
INSERT INTO "CrmSupportTickets" ("Id", "CreatedAtUtc", "CustomerId", "Description", "ModifiedAtUtc", "Priority", "Status", "Subject", "TicketNumber")
VALUES (@p0, @p1, @p2, @p3, @p4, @p5, @p6, @p7, @p8);
INSERT INTO "CrmSupportTickets" ("Id", "CreatedAtUtc", "CustomerId", "Description", "ModifiedAtUtc", "Priority", "Status", "Subject", "TicketNumber")
VALUES (@p9, @p10, @p11, @p12, @p13, @p14, @p15, @p16, @p17);
2026-07-03 13:44:13.276 +03:00 [ERR] An exception occurred in the database while saving changes for context type 'Biktal.Infrastructure.Persistence.ApplicationDbContext'.
Microsoft.EntityFrameworkCore.DbUpdateException: An error occurred while saving the entity changes. See the inner exception for details.
 ---> Npgsql.PostgresException (0x80004005): 23503: insert or update on table "CrmSupportTickets" violates foreign key constraint "FK_CrmSupportTickets_CrmCustomers_CustomerId"

DETAIL: Detail redacted as it may contain sensitive data. Specify 'Include Error Detail' in the connection string to include this information.
   at Npgsql.Internal.NpgsqlConnector.ReadMessageLong(Boolean async, DataRowLoadingMode dataRowLoadingMode, Boolean readingNotifications, Boolean isReadingPrependedMessage)
   at System.Runtime.CompilerServices.PoolingAsyncValueTaskMethodBuilder`1.StateMachineBox`1.System.Threading.Tasks.Sources.IValueTaskSource<TResult>.GetResult(Int16 token)
   at Npgsql.NpgsqlDataReader.NextResult(Boolean async, Boolean isConsuming, CancellationToken cancellationToken)
   at Npgsql.NpgsqlDataReader.NextResult(Boolean async, Boolean isConsuming, CancellationToken cancellationToken)
   at Npgsql.NpgsqlCommand.ExecuteReader(Boolean async, CommandBehavior behavior, CancellationToken cancellationToken)
   at Npgsql.NpgsqlCommand.ExecuteReader(Boolean async, CommandBehavior behavior, CancellationToken cancellationToken)
   at Npgsql.NpgsqlCommand.ExecuteDbDataReaderAsync(CommandBehavior behavior, CancellationToken cancellationToken)
   at Microsoft.EntityFrameworkCore.Storage.RelationalCommand.ExecuteReaderAsync(RelationalCommandParameterObject parameterObject, CancellationToken cancellationToken)
   at Microsoft.EntityFrameworkCore.Storage.RelationalCommand.ExecuteReaderAsync(RelationalCommandParameterObject parameterObject, CancellationToken cancellationToken)
   at Microsoft.EntityFrameworkCore.Update.ReaderModificationCommandBatch.ExecuteAsync(IRelationalConnection connection, CancellationToken cancellationToken)
  Exception data:
    Severity: ERROR
    SqlState: 23503
    MessageText: insert or update on table "CrmSupportTickets" violates foreign key constraint "FK_CrmSupportTickets_CrmCustomers_CustomerId"
    Detail: Detail redacted as it may contain sensitive data. Specify 'Include Error Detail' in the connection string to include this information.
    SchemaName: public
    TableName: CrmSupportTickets
    ConstraintName: FK_CrmSupportTickets_CrmCustomers_CustomerId
    File: ri_triggers.c
    Line: 2783
    Routine: ri_ReportViolation
   --- End of inner exception stack trace ---
   at Microsoft.EntityFrameworkCore.Update.ReaderModificationCommandBatch.ExecuteAsync(IRelationalConnection connection, CancellationToken cancellationToken)
   at Microsoft.EntityFrameworkCore.Update.Internal.BatchExecutor.ExecuteAsync(IEnumerable`1 commandBatches, IRelationalConnection connection, CancellationToken cancellationToken)
   at Microsoft.EntityFrameworkCore.Update.Internal.BatchExecutor.ExecuteAsync(IEnumerable`1 commandBatches, IRelationalConnection connection, CancellationToken cancellationToken)
   at Microsoft.EntityFrameworkCore.Update.Internal.BatchExecutor.ExecuteAsync(IEnumerable`1 commandBatches, IRelationalConnection connection, CancellationToken cancellationToken)
   at Microsoft.EntityFrameworkCore.Storage.RelationalDatabase.SaveChangesAsync(IList`1 entries, CancellationToken cancellationToken)
   at Microsoft.EntityFrameworkCore.ChangeTracking.Internal.StateManager.SaveChangesAsync(IList`1 entriesToSave, CancellationToken cancellationToken)
   at Microsoft.EntityFrameworkCore.ChangeTracking.Internal.StateManager.SaveChangesAsync(StateManager stateManager, Boolean acceptAllChangesOnSuccess, CancellationToken cancellationToken)
   at Npgsql.EntityFrameworkCore.PostgreSQL.Storage.Internal.NpgsqlExecutionStrategy.ExecuteAsync[TState,TResult](TState state, Func`4 operation, Func`4 verifySucceeded, CancellationToken cancellationToken)
   at Microsoft.EntityFrameworkCore.DbContext.SaveChangesAsync(Boolean acceptAllChangesOnSuccess, CancellationToken cancellationToken)
Microsoft.EntityFrameworkCore.DbUpdateException: An error occurred while saving the entity changes. See the inner exception for details.
 ---> Npgsql.PostgresException (0x80004005): 23503: insert or update on table "CrmSupportTickets" violates foreign key constraint "FK_CrmSupportTickets_CrmCustomers_CustomerId"

DETAIL: Detail redacted as it may contain sensitive data. Specify 'Include Error Detail' in the connection string to include this information.
   at Npgsql.Internal.NpgsqlConnector.ReadMessageLong(Boolean async, DataRowLoadingMode dataRowLoadingMode, Boolean readingNotifications, Boolean isReadingPrependedMessage)
   at System.Runtime.CompilerServices.PoolingAsyncValueTaskMethodBuilder`1.StateMachineBox`1.System.Threading.Tasks.Sources.IValueTaskSource<TResult>.GetResult(Int16 token)
   at Npgsql.NpgsqlDataReader.NextResult(Boolean async, Boolean isConsuming, CancellationToken cancellationToken)
   at Npgsql.NpgsqlDataReader.NextResult(Boolean async, Boolean isConsuming, CancellationToken cancellationToken)
   at Npgsql.NpgsqlCommand.ExecuteReader(Boolean async, CommandBehavior behavior, CancellationToken cancellationToken)
   at Npgsql.NpgsqlCommand.ExecuteReader(Boolean async, CommandBehavior behavior, CancellationToken cancellationToken)
   at Npgsql.NpgsqlCommand.ExecuteDbDataReaderAsync(CommandBehavior behavior, CancellationToken cancellationToken)
   at Microsoft.EntityFrameworkCore.Storage.RelationalCommand.ExecuteReaderAsync(RelationalCommandParameterObject parameterObject, CancellationToken cancellationToken)
   at Microsoft.EntityFrameworkCore.Storage.RelationalCommand.ExecuteReaderAsync(RelationalCommandParameterObject parameterObject, CancellationToken cancellationToken)
   at Microsoft.EntityFrameworkCore.Update.ReaderModificationCommandBatch.ExecuteAsync(IRelationalConnection connection, CancellationToken cancellationToken)
  Exception data:
    Severity: ERROR
    SqlState: 23503
    MessageText: insert or update on table "CrmSupportTickets" violates foreign key constraint "FK_CrmSupportTickets_CrmCustomers_CustomerId"
    Detail: Detail redacted as it may contain sensitive data. Specify 'Include Error Detail' in the connection string to include this information.
    SchemaName: public
    TableName: CrmSupportTickets
    ConstraintName: FK_CrmSupportTickets_CrmCustomers_CustomerId
    File: ri_triggers.c
    Line: 2783
    Routine: ri_ReportViolation
   --- End of inner exception stack trace ---
   at Microsoft.EntityFrameworkCore.Update.ReaderModificationCommandBatch.ExecuteAsync(IRelationalConnection connection, CancellationToken cancellationToken)
   at Microsoft.EntityFrameworkCore.Update.Internal.BatchExecutor.ExecuteAsync(IEnumerable`1 commandBatches, IRelationalConnection connection, CancellationToken cancellationToken)
   at Microsoft.EntityFrameworkCore.Update.Internal.BatchExecutor.ExecuteAsync(IEnumerable`1 commandBatches, IRelationalConnection connection, CancellationToken cancellationToken)
   at Microsoft.EntityFrameworkCore.Update.Internal.BatchExecutor.ExecuteAsync(IEnumerable`1 commandBatches, IRelationalConnection connection, CancellationToken cancellationToken)
   at Microsoft.EntityFrameworkCore.Storage.RelationalDatabase.SaveChangesAsync(IList`1 entries, CancellationToken cancellationToken)
   at Microsoft.EntityFrameworkCore.ChangeTracking.Internal.StateManager.SaveChangesAsync(IList`1 entriesToSave, CancellationToken cancellationToken)
   at Microsoft.EntityFrameworkCore.ChangeTracking.Internal.StateManager.SaveChangesAsync(StateManager stateManager, Boolean acceptAllChangesOnSuccess, CancellationToken cancellationToken)
   at Npgsql.EntityFrameworkCore.PostgreSQL.Storage.Internal.NpgsqlExecutionStrategy.ExecuteAsync[TState,TResult](TState state, Func`4 operation, Func`4 verifySucceeded, CancellationToken cancellationToken)
   at Microsoft.EntityFrameworkCore.DbContext.SaveChangesAsync(Boolean acceptAllChangesOnSuccess, CancellationToken cancellationToken)
2026-07-03 13:44:13.283 +03:00 [ERR] Database migration or seed failed. Check PostgreSQL is running and ConnectionStrings:DefaultConnection is correct.
Microsoft.EntityFrameworkCore.DbUpdateException: An error occurred while saving the entity changes. See the inner exception for details.
 ---> Npgsql.PostgresException (0x80004005): 23503: insert or update on table "CrmSupportTickets" violates foreign key constraint "FK_CrmSupportTickets_CrmCustomers_CustomerId"

DETAIL: Detail redacted as it may contain sensitive data. Specify 'Include Error Detail' in the connection string to include this information.
   at Npgsql.Internal.NpgsqlConnector.ReadMessageLong(Boolean async, DataRowLoadingMode dataRowLoadingMode, Boolean readingNotifications, Boolean isReadingPrependedMessage)
   at System.Runtime.CompilerServices.PoolingAsyncValueTaskMethodBuilder`1.StateMachineBox`1.System.Threading.Tasks.Sources.IValueTaskSource<TResult>.GetResult(Int16 token)
   at Npgsql.NpgsqlDataReader.NextResult(Boolean async, Boolean isConsuming, CancellationToken cancellationToken)
   at Npgsql.NpgsqlDataReader.NextResult(Boolean async, Boolean isConsuming, CancellationToken cancellationToken)
   at Npgsql.NpgsqlCommand.ExecuteReader(Boolean async, CommandBehavior behavior, CancellationToken cancellationToken)
   at Npgsql.NpgsqlCommand.ExecuteReader(Boolean async, CommandBehavior behavior, CancellationToken cancellationToken)
   at Npgsql.NpgsqlCommand.ExecuteDbDataReaderAsync(CommandBehavior behavior, CancellationToken cancellationToken)
   at Microsoft.EntityFrameworkCore.Storage.RelationalCommand.ExecuteReaderAsync(RelationalCommandParameterObject parameterObject, CancellationToken cancellationToken)
   at Microsoft.EntityFrameworkCore.Storage.RelationalCommand.ExecuteReaderAsync(RelationalCommandParameterObject parameterObject, CancellationToken cancellationToken)
   at Microsoft.EntityFrameworkCore.Update.ReaderModificationCommandBatch.ExecuteAsync(IRelationalConnection connection, CancellationToken cancellationToken)
  Exception data:
    Severity: ERROR
    SqlState: 23503
    MessageText: insert or update on table "CrmSupportTickets" violates foreign key constraint "FK_CrmSupportTickets_CrmCustomers_CustomerId"
    Detail: Detail redacted as it may contain sensitive data. Specify 'Include Error Detail' in the connection string to include this information.
    SchemaName: public
    TableName: CrmSupportTickets
    ConstraintName: FK_CrmSupportTickets_CrmCustomers_CustomerId
    File: ri_triggers.c
    Line: 2783
    Routine: ri_ReportViolation
   --- End of inner exception stack trace ---
   at Microsoft.EntityFrameworkCore.Update.ReaderModificationCommandBatch.ExecuteAsync(IRelationalConnection connection, CancellationToken cancellationToken)
   at Microsoft.EntityFrameworkCore.Update.Internal.BatchExecutor.ExecuteAsync(IEnumerable`1 commandBatches, IRelationalConnection connection, CancellationToken cancellationToken)
   at Microsoft.EntityFrameworkCore.Update.Internal.BatchExecutor.ExecuteAsync(IEnumerable`1 commandBatches, IRelationalConnection connection, CancellationToken cancellationToken)
   at Microsoft.EntityFrameworkCore.Update.Internal.BatchExecutor.ExecuteAsync(IEnumerable`1 commandBatches, IRelationalConnection connection, CancellationToken cancellationToken)
   at Microsoft.EntityFrameworkCore.Storage.RelationalDatabase.SaveChangesAsync(IList`1 entries, CancellationToken cancellationToken)
   at Microsoft.EntityFrameworkCore.ChangeTracking.Internal.StateManager.SaveChangesAsync(IList`1 entriesToSave, CancellationToken cancellationToken)
   at Microsoft.EntityFrameworkCore.ChangeTracking.Internal.StateManager.SaveChangesAsync(StateManager stateManager, Boolean acceptAllChangesOnSuccess, CancellationToken cancellationToken)
   at Npgsql.EntityFrameworkCore.PostgreSQL.Storage.Internal.NpgsqlExecutionStrategy.ExecuteAsync[TState,TResult](TState state, Func`4 operation, Func`4 verifySucceeded, CancellationToken cancellationToken)
   at Microsoft.EntityFrameworkCore.DbContext.SaveChangesAsync(Boolean acceptAllChangesOnSuccess, CancellationToken cancellationToken)
   at Microsoft.EntityFrameworkCore.DbContext.SaveChangesAsync(Boolean acceptAllChangesOnSuccess, CancellationToken cancellationToken)
   at Biktal.Infrastructure.Persistence.CrmDataSeeder.SeedIfEmptyAsync(ApplicationDbContext db, CancellationToken cancellationToken)
   at Program.<Main>$(String[] args) in d:\Systems\BiktalSystems\Program.cs:line 71
2026-07-03 13:44:13.287 +03:00 [WRN] Continuing without a successful migration/seed. Auth and data pages may fail until the database is available.
2026-07-03 13:44:13.310 +03:00 [WRN] Using an in-memory repository. Keys will not be persisted to storage.
2026-07-03 13:44:13.310 +03:00 [WRN] Neither user profile nor HKLM registry available. Using an ephemeral key repository. Protected data will be unavailable when application exits.
2026-07-03 13:44:13.328 +03:00 [WRN] No XML encryptor configured. Key {23b90dd3-c032-4a6c-8128-8264373a2cf4} may be persisted to storage in unencrypted form.
2026-07-03 13:44:13.384 +03:00 [INF] Application started. Press Ctrl+C to shut down.
2026-07-03 13:44:13.384 +03:00 [INF] Hosting environment: Production
2026-07-03 13:44:13.384 +03:00 [INF] Content root path: D:\Systems\BiktalSystems\publish
2026-07-03 13:44:13.486 +03:00 [INF] HTTP GET /Inventory responded 302 in 80.8168 ms
2026-07-03 13:44:13.630 +03:00 [ERR] An exception was thrown while deserializing the token.
Microsoft.AspNetCore.Antiforgery.AntiforgeryValidationException: The antiforgery token could not be decrypted.
 ---> System.Security.Cryptography.CryptographicException: The key {c9b9092f-0dd0-4975-b3b4-4ec77cd2a6b0} was not found in the key ring. For more information go to https://aka.ms/aspnet/dataprotectionwarning
   at Microsoft.AspNetCore.DataProtection.KeyManagement.KeyRingBasedDataProtector.UnprotectCore(Byte[] protectedData, Boolean allowOperationsOnRevokedKeys, UnprotectStatus& status)
   at Microsoft.AspNetCore.DataProtection.KeyManagement.KeyRingBasedDataProtector.Unprotect(Byte[] protectedData)
   at Microsoft.AspNetCore.Antiforgery.DefaultAntiforgeryTokenSerializer.Deserialize(String serializedToken)
   --- End of inner exception stack trace ---
   at Microsoft.AspNetCore.Antiforgery.DefaultAntiforgeryTokenSerializer.Deserialize(String serializedToken)
   at Microsoft.AspNetCore.Antiforgery.DefaultAntiforgery.GetCookieTokenDoesNotThrow(HttpContext httpContext)
2026-07-03 13:44:13.727 +03:00 [INF] HTTP GET /Account/Login responded 200 in 224.2132 ms
2026-07-03 13:44:13.924 +03:00 [INF] HTTP GET /lib/jquery-validation-unobtrusive/dist/jquery.validate.unobtrusive.min.js responded 200 in 58.8289 ms
2026-07-03 13:44:13.924 +03:00 [INF] HTTP GET /lib/jquery-validation/dist/jquery.validate.min.js responded 200 in 79.7027 ms
2026-07-03 13:44:13.925 +03:00 [INF] HTTP GET /Biktal.WebMVC.styles.css responded 200 in 96.0019 ms
2026-07-03 13:44:13.927 +03:00 [INF] HTTP GET /css/site.css responded 200 in 98.1100 ms
2026-07-03 13:44:13.927 +03:00 [INF] HTTP GET /lib/bootstrap/dist/js/bootstrap.bundle.min.js responded 200 in 82.2507 ms
2026-07-03 13:44:13.927 +03:00 [INF] HTTP GET /lib/bootstrap/dist/css/bootstrap.min.css responded 200 in 85.3683 ms
2026-07-03 13:44:13.929 +03:00 [INF] HTTP GET /lib/jquery/dist/jquery.min.js responded 200 in 85.7112 ms
2026-07-03 13:44:13.931 +03:00 [INF] HTTP GET /js/site.js responded 200 in 87.4687 ms
2026-07-03 13:45:18.118 +03:00 [INF] HTTP POST /Account/Login responded 302 in 641.7677 ms
2026-07-03 13:45:18.300 +03:00 [INF] HTTP GET /Inventory responded 200 in 176.2095 ms
2026-07-03 13:45:18.369 +03:00 [INF] HTTP GET /Biktal.WebMVC.styles.css responded 200 in 3.0477 ms
2026-07-03 13:45:18.369 +03:00 [INF] HTTP GET /lib/bootstrap/dist/css/bootstrap.min.css responded 200 in 11.0000 ms
2026-07-03 13:45:18.441 +03:00 [INF] HTTP GET /lib/jquery/dist/jquery.min.js responded 200 in 71.6907 ms
2026-07-03 13:45:18.442 +03:00 [INF] HTTP GET /css/site.css responded 200 in 71.1760 ms
2026-07-03 13:45:18.458 +03:00 [INF] HTTP GET /js/site.js responded 200 in 39.6972 ms
2026-07-03 13:45:18.616 +03:00 [INF] HTTP GET /lib/bootstrap/dist/js/bootstrap.bundle.min.js responded 200 in 184.9383 ms
2026-07-03 13:46:35.257 +03:00 [INF] HTTP GET /css/site.css responded 200 in 4.4387 ms
2026-07-03 13:46:35.260 +03:00 [INF] HTTP GET /Biktal.WebMVC.styles.css responded 200 in 1.8260 ms
2026-07-03 13:46:35.263 +03:00 [INF] HTTP GET /Inventory/Products responded 200 in 589.4980 ms
2026-07-03 13:46:35.263 +03:00 [INF] HTTP GET /lib/bootstrap/dist/css/bootstrap.min.css responded 200 in 2.5147 ms
2026-07-03 13:46:36.218 +03:00 [INF] HTTP GET /lib/jquery/dist/jquery.min.js responded 200 in 1.3403 ms
2026-07-03 13:46:36.247 +03:00 [INF] HTTP GET /js/site.js responded 200 in 2.1577 ms
2026-07-03 13:46:36.249 +03:00 [INF] HTTP GET /lib/bootstrap/dist/js/bootstrap.bundle.min.js responded 200 in 2.3967 ms
2026-07-03 13:46:36.270 +03:00 [INF] HTTP GET /js/products-catalog-filter.js responded 200 in 2.9854 ms
2026-07-03 13:46:36.270 +03:00 [INF] HTTP GET /lib/jquery-validation-unobtrusive/dist/jquery.validate.unobtrusive.min.js responded 200 in 20.8879 ms
2026-07-03 13:46:36.279 +03:00 [INF] HTTP GET /lib/jquery-validation/dist/jquery.validate.min.js responded 200 in 30.4458 ms
2026-07-03 13:46:39.543 +03:00 [WRN] The query uses the 'First'/'FirstOrDefault' operator without 'OrderBy' and filter operators. This may lead to unpredictable results.
2026-07-03 13:46:39.652 +03:00 [INF] HTTP GET /Pos responded 200 in 163.7688 ms
2026-07-03 13:46:39.732 +03:00 [INF] HTTP GET /lib/bootstrap/dist/css/bootstrap.min.css responded 200 in 13.2544 ms
2026-07-03 13:46:39.740 +03:00 [INF] HTTP GET /css/site.css responded 200 in 2.9646 ms
2026-07-03 13:46:39.747 +03:00 [INF] HTTP GET /Biktal.WebMVC.styles.css responded 200 in 2.0718 ms
2026-07-03 13:46:39.753 +03:00 [INF] HTTP GET /lib/jquery/dist/jquery.min.js responded 304 in 4.6557 ms
2026-07-03 13:46:39.753 +03:00 [INF] HTTP GET /lib/bootstrap/dist/js/bootstrap.bundle.min.js responded 304 in 1.4195 ms
2026-07-03 13:46:39.762 +03:00 [INF] HTTP GET /js/site.js responded 304 in 0.7649 ms
2026-07-03 13:46:39.792 +03:00 [INF] HTTP GET /js/pos.js responded 200 in 30.3194 ms
2026-07-03 13:49:51.485 +03:00 [INF] HTTP GET /Inventory responded 200 in 203.4439 ms
2026-07-03 13:49:51.556 +03:00 [INF] HTTP GET /lib/bootstrap/dist/css/bootstrap.min.css responded 200 in 2.2681 ms
2026-07-03 13:49:51.562 +03:00 [INF] HTTP GET /css/site.css responded 200 in 1.2446 ms
2026-07-03 13:49:51.564 +03:00 [INF] HTTP GET /Biktal.WebMVC.styles.css responded 200 in 1.2388 ms
2026-07-03 13:49:51.568 +03:00 [INF] HTTP GET /lib/jquery/dist/jquery.min.js responded 200 in 2.0148 ms
2026-07-03 13:49:51.576 +03:00 [INF] HTTP GET /js/site.js responded 200 in 1.7547 ms
2026-07-03 13:49:51.586 +03:00 [INF] HTTP GET /lib/bootstrap/dist/js/bootstrap.bundle.min.js responded 200 in 3.6906 ms
2026-07-03 13:49:53.818 +03:00 [INF] HTTP GET /Inventory/Products responded 200 in 154.0662 ms
2026-07-03 13:49:53.838 +03:00 [INF] HTTP GET /css/site.css responded 304 in 0.8348 ms
2026-07-03 13:49:53.839 +03:00 [INF] HTTP GET /lib/bootstrap/dist/css/bootstrap.min.css responded 304 in 0.6481 ms
2026-07-03 13:49:53.840 +03:00 [INF] HTTP GET /Biktal.WebMVC.styles.css responded 304 in 0.8085 ms
2026-07-03 13:49:54.663 +03:00 [INF] HTTP GET /lib/jquery/dist/jquery.min.js responded 304 in 0.7695 ms
2026-07-03 13:49:54.684 +03:00 [INF] HTTP GET /lib/bootstrap/dist/js/bootstrap.bundle.min.js responded 304 in 0.7083 ms
2026-07-03 13:49:54.684 +03:00 [INF] HTTP GET /js/site.js responded 304 in 0.5754 ms
2026-07-03 13:49:54.688 +03:00 [INF] HTTP GET /lib/jquery-validation/dist/jquery.validate.min.js responded 200 in 2.2658 ms
2026-07-03 13:49:54.692 +03:00 [INF] HTTP GET /lib/jquery-validation-unobtrusive/dist/jquery.validate.unobtrusive.min.js responded 200 in 0.9035 ms
2026-07-03 13:49:54.692 +03:00 [INF] HTTP GET /js/products-catalog-filter.js responded 200 in 0.9550 ms
2026-07-03 13:50:44.716 +03:00 [INF] HTTP POST /Inventory/AddProduct responded 302 in 177.7022 ms
2026-07-03 13:50:44.794 +03:00 [INF] HTTP GET /Inventory/Products responded 200 in 68.8417 ms
2026-07-03 13:50:44.925 +03:00 [INF] HTTP GET /Biktal.WebMVC.styles.css responded 200 in 4.8515 ms
2026-07-03 13:50:44.925 +03:00 [INF] HTTP GET /css/site.css responded 200 in 5.4328 ms
2026-07-03 13:50:44.926 +03:00 [INF] HTTP GET /lib/bootstrap/dist/css/bootstrap.min.css responded 200 in 3.5437 ms
2026-07-03 13:50:45.985 +03:00 [INF] HTTP GET /lib/jquery/dist/jquery.min.js responded 200 in 1.2691 ms
2026-07-03 13:50:46.005 +03:00 [INF] HTTP GET /lib/jquery-validation/dist/jquery.validate.min.js responded 200 in 0.9101 ms
2026-07-03 13:50:46.005 +03:00 [INF] HTTP GET /lib/bootstrap/dist/js/bootstrap.bundle.min.js responded 200 in 1.2176 ms
2026-07-03 13:50:46.006 +03:00 [INF] HTTP GET /lib/jquery-validation-unobtrusive/dist/jquery.validate.unobtrusive.min.js responded 200 in 0.9880 ms
2026-07-03 13:50:46.008 +03:00 [INF] HTTP GET /js/site.js responded 200 in 3.6204 ms
2026-07-03 13:50:46.011 +03:00 [INF] HTTP GET /js/products-catalog-filter.js responded 200 in 1.5484 ms
2026-07-03 13:50:55.659 +03:00 [INF] HTTP GET /Pos responded 200 in 35.8614 ms
2026-07-03 13:50:55.745 +03:00 [INF] HTTP GET /css/site.css responded 304 in 0.9399 ms
2026-07-03 13:50:55.745 +03:00 [INF] HTTP GET /Biktal.WebMVC.styles.css responded 304 in 0.5781 ms
2026-07-03 13:50:55.748 +03:00 [INF] HTTP GET /lib/bootstrap/dist/css/bootstrap.min.css responded 304 in 2.3625 ms
2026-07-03 13:50:55.753 +03:00 [INF] HTTP GET /lib/bootstrap/dist/js/bootstrap.bundle.min.js responded 304 in 1.5916 ms
2026-07-03 13:50:55.755 +03:00 [INF] HTTP GET /lib/jquery/dist/jquery.min.js responded 304 in 1.0299 ms
2026-07-03 13:50:55.764 +03:00 [INF] HTTP GET /js/site.js responded 304 in 0.7183 ms
2026-07-03 13:50:55.769 +03:00 [INF] HTTP GET /js/pos.js responded 200 in 3.5372 ms
2026-07-03 13:57:54.029 +03:00 [INF] HTTP POST /Pos/CompleteSale responded 200 in 609.0464 ms
2026-07-03 14:08:11.197 +03:00 [INF] HTTP POST /Pos/CompleteSale responded 200 in 131.5002 ms
2026-07-03 14:28:31.943 +03:00 [INF] Application is shutting down...
2026-07-03 15:22:04.343 +03:00 [ERR] Failed executing DbCommand (6ms) [Parameters=[@p0='?' (DbType = Guid), @p1='?' (DbType = DateTime), @p2='?' (DbType = Guid), @p3='?', @p4='?' (DbType = DateTime), @p5='?' (DbType = Int32), @p6='?' (DbType = Int32), @p7='?', @p8='?', @p9='?' (DbType = Guid), @p10='?' (DbType = DateTime), @p11='?' (DbType = Guid), @p12='?', @p13='?' (DbType = DateTime), @p14='?' (DbType = Int32), @p15='?' (DbType = Int32), @p16='?', @p17='?'], CommandType='"Text"', CommandTimeout='30']
INSERT INTO "CrmSupportTickets" ("Id", "CreatedAtUtc", "CustomerId", "Description", "ModifiedAtUtc", "Priority", "Status", "Subject", "TicketNumber")
VALUES (@p0, @p1, @p2, @p3, @p4, @p5, @p6, @p7, @p8);
INSERT INTO "CrmSupportTickets" ("Id", "CreatedAtUtc", "CustomerId", "Description", "ModifiedAtUtc", "Priority", "Status", "Subject", "TicketNumber")
VALUES (@p9, @p10, @p11, @p12, @p13, @p14, @p15, @p16, @p17);
2026-07-03 15:22:04.413 +03:00 [ERR] An exception occurred in the database while saving changes for context type 'Biktal.Infrastructure.Persistence.ApplicationDbContext'.
Microsoft.EntityFrameworkCore.DbUpdateException: An error occurred while saving the entity changes. See the inner exception for details.
 ---> Npgsql.PostgresException (0x80004005): 23503: insert or update on table "CrmSupportTickets" violates foreign key constraint "FK_CrmSupportTickets_CrmCustomers_CustomerId"

DETAIL: Detail redacted as it may contain sensitive data. Specify 'Include Error Detail' in the connection string to include this information.
   at Npgsql.Internal.NpgsqlConnector.ReadMessageLong(Boolean async, DataRowLoadingMode dataRowLoadingMode, Boolean readingNotifications, Boolean isReadingPrependedMessage)
   at System.Runtime.CompilerServices.PoolingAsyncValueTaskMethodBuilder`1.StateMachineBox`1.System.Threading.Tasks.Sources.IValueTaskSource<TResult>.GetResult(Int16 token)
   at Npgsql.NpgsqlDataReader.NextResult(Boolean async, Boolean isConsuming, CancellationToken cancellationToken)
   at Npgsql.NpgsqlDataReader.NextResult(Boolean async, Boolean isConsuming, CancellationToken cancellationToken)
   at Npgsql.NpgsqlCommand.ExecuteReader(Boolean async, CommandBehavior behavior, CancellationToken cancellationToken)
   at Npgsql.NpgsqlCommand.ExecuteReader(Boolean async, CommandBehavior behavior, CancellationToken cancellationToken)
   at Npgsql.NpgsqlCommand.ExecuteDbDataReaderAsync(CommandBehavior behavior, CancellationToken cancellationToken)
   at Microsoft.EntityFrameworkCore.Storage.RelationalCommand.ExecuteReaderAsync(RelationalCommandParameterObject parameterObject, CancellationToken cancellationToken)
   at Microsoft.EntityFrameworkCore.Storage.RelationalCommand.ExecuteReaderAsync(RelationalCommandParameterObject parameterObject, CancellationToken cancellationToken)
   at Microsoft.EntityFrameworkCore.Update.ReaderModificationCommandBatch.ExecuteAsync(IRelationalConnection connection, CancellationToken cancellationToken)
  Exception data:
    Severity: ERROR
    SqlState: 23503
    MessageText: insert or update on table "CrmSupportTickets" violates foreign key constraint "FK_CrmSupportTickets_CrmCustomers_CustomerId"
    Detail: Detail redacted as it may contain sensitive data. Specify 'Include Error Detail' in the connection string to include this information.
    SchemaName: public
    TableName: CrmSupportTickets
    ConstraintName: FK_CrmSupportTickets_CrmCustomers_CustomerId
    File: ri_triggers.c
    Line: 2783
    Routine: ri_ReportViolation
   --- End of inner exception stack trace ---
   at Microsoft.EntityFrameworkCore.Update.ReaderModificationCommandBatch.ExecuteAsync(IRelationalConnection connection, CancellationToken cancellationToken)
   at Microsoft.EntityFrameworkCore.Update.Internal.BatchExecutor.ExecuteAsync(IEnumerable`1 commandBatches, IRelationalConnection connection, CancellationToken cancellationToken)
   at Microsoft.EntityFrameworkCore.Update.Internal.BatchExecutor.ExecuteAsync(IEnumerable`1 commandBatches, IRelationalConnection connection, CancellationToken cancellationToken)
   at Microsoft.EntityFrameworkCore.Update.Internal.BatchExecutor.ExecuteAsync(IEnumerable`1 commandBatches, IRelationalConnection connection, CancellationToken cancellationToken)
   at Microsoft.EntityFrameworkCore.Storage.RelationalDatabase.SaveChangesAsync(IList`1 entries, CancellationToken cancellationToken)
   at Microsoft.EntityFrameworkCore.ChangeTracking.Internal.StateManager.SaveChangesAsync(IList`1 entriesToSave, CancellationToken cancellationToken)
   at Microsoft.EntityFrameworkCore.ChangeTracking.Internal.StateManager.SaveChangesAsync(StateManager stateManager, Boolean acceptAllChangesOnSuccess, CancellationToken cancellationToken)
   at Npgsql.EntityFrameworkCore.PostgreSQL.Storage.Internal.NpgsqlExecutionStrategy.ExecuteAsync[TState,TResult](TState state, Func`4 operation, Func`4 verifySucceeded, CancellationToken cancellationToken)
   at Microsoft.EntityFrameworkCore.DbContext.SaveChangesAsync(Boolean acceptAllChangesOnSuccess, CancellationToken cancellationToken)
Microsoft.EntityFrameworkCore.DbUpdateException: An error occurred while saving the entity changes. See the inner exception for details.
 ---> Npgsql.PostgresException (0x80004005): 23503: insert or update on table "CrmSupportTickets" violates foreign key constraint "FK_CrmSupportTickets_CrmCustomers_CustomerId"

DETAIL: Detail redacted as it may contain sensitive data. Specify 'Include Error Detail' in the connection string to include this information.
   at Npgsql.Internal.NpgsqlConnector.ReadMessageLong(Boolean async, DataRowLoadingMode dataRowLoadingMode, Boolean readingNotifications, Boolean isReadingPrependedMessage)
   at System.Runtime.CompilerServices.PoolingAsyncValueTaskMethodBuilder`1.StateMachineBox`1.System.Threading.Tasks.Sources.IValueTaskSource<TResult>.GetResult(Int16 token)
   at Npgsql.NpgsqlDataReader.NextResult(Boolean async, Boolean isConsuming, CancellationToken cancellationToken)
   at Npgsql.NpgsqlDataReader.NextResult(Boolean async, Boolean isConsuming, CancellationToken cancellationToken)
   at Npgsql.NpgsqlCommand.ExecuteReader(Boolean async, CommandBehavior behavior, CancellationToken cancellationToken)
   at Npgsql.NpgsqlCommand.ExecuteReader(Boolean async, CommandBehavior behavior, CancellationToken cancellationToken)
   at Npgsql.NpgsqlCommand.ExecuteDbDataReaderAsync(CommandBehavior behavior, CancellationToken cancellationToken)
   at Microsoft.EntityFrameworkCore.Storage.RelationalCommand.ExecuteReaderAsync(RelationalCommandParameterObject parameterObject, CancellationToken cancellationToken)
   at Microsoft.EntityFrameworkCore.Storage.RelationalCommand.ExecuteReaderAsync(RelationalCommandParameterObject parameterObject, CancellationToken cancellationToken)
   at Microsoft.EntityFrameworkCore.Update.ReaderModificationCommandBatch.ExecuteAsync(IRelationalConnection connection, CancellationToken cancellationToken)
  Exception data:
    Severity: ERROR
    SqlState: 23503
    MessageText: insert or update on table "CrmSupportTickets" violates foreign key constraint "FK_CrmSupportTickets_CrmCustomers_CustomerId"
    Detail: Detail redacted as it may contain sensitive data. Specify 'Include Error Detail' in the connection string to include this information.
    SchemaName: public
    TableName: CrmSupportTickets
    ConstraintName: FK_CrmSupportTickets_CrmCustomers_CustomerId
    File: ri_triggers.c
    Line: 2783
    Routine: ri_ReportViolation
   --- End of inner exception stack trace ---
   at Microsoft.EntityFrameworkCore.Update.ReaderModificationCommandBatch.ExecuteAsync(IRelationalConnection connection, CancellationToken cancellationToken)
   at Microsoft.EntityFrameworkCore.Update.Internal.BatchExecutor.ExecuteAsync(IEnumerable`1 commandBatches, IRelationalConnection connection, CancellationToken cancellationToken)
   at Microsoft.EntityFrameworkCore.Update.Internal.BatchExecutor.ExecuteAsync(IEnumerable`1 commandBatches, IRelationalConnection connection, CancellationToken cancellationToken)
   at Microsoft.EntityFrameworkCore.Update.Internal.BatchExecutor.ExecuteAsync(IEnumerable`1 commandBatches, IRelationalConnection connection, CancellationToken cancellationToken)
   at Microsoft.EntityFrameworkCore.Storage.RelationalDatabase.SaveChangesAsync(IList`1 entries, CancellationToken cancellationToken)
   at Microsoft.EntityFrameworkCore.ChangeTracking.Internal.StateManager.SaveChangesAsync(IList`1 entriesToSave, CancellationToken cancellationToken)
   at Microsoft.EntityFrameworkCore.ChangeTracking.Internal.StateManager.SaveChangesAsync(StateManager stateManager, Boolean acceptAllChangesOnSuccess, CancellationToken cancellationToken)
   at Npgsql.EntityFrameworkCore.PostgreSQL.Storage.Internal.NpgsqlExecutionStrategy.ExecuteAsync[TState,TResult](TState state, Func`4 operation, Func`4 verifySucceeded, CancellationToken cancellationToken)
   at Microsoft.EntityFrameworkCore.DbContext.SaveChangesAsync(Boolean acceptAllChangesOnSuccess, CancellationToken cancellationToken)
2026-07-03 15:22:04.419 +03:00 [ERR] Database migration or seed failed. Check PostgreSQL is running and ConnectionStrings:DefaultConnection is correct.
Microsoft.EntityFrameworkCore.DbUpdateException: An error occurred while saving the entity changes. See the inner exception for details.
 ---> Npgsql.PostgresException (0x80004005): 23503: insert or update on table "CrmSupportTickets" violates foreign key constraint "FK_CrmSupportTickets_CrmCustomers_CustomerId"

DETAIL: Detail redacted as it may contain sensitive data. Specify 'Include Error Detail' in the connection string to include this information.
   at Npgsql.Internal.NpgsqlConnector.ReadMessageLong(Boolean async, DataRowLoadingMode dataRowLoadingMode, Boolean readingNotifications, Boolean isReadingPrependedMessage)
   at System.Runtime.CompilerServices.PoolingAsyncValueTaskMethodBuilder`1.StateMachineBox`1.System.Threading.Tasks.Sources.IValueTaskSource<TResult>.GetResult(Int16 token)
   at Npgsql.NpgsqlDataReader.NextResult(Boolean async, Boolean isConsuming, CancellationToken cancellationToken)
   at Npgsql.NpgsqlDataReader.NextResult(Boolean async, Boolean isConsuming, CancellationToken cancellationToken)
   at Npgsql.NpgsqlCommand.ExecuteReader(Boolean async, CommandBehavior behavior, CancellationToken cancellationToken)
   at Npgsql.NpgsqlCommand.ExecuteReader(Boolean async, CommandBehavior behavior, CancellationToken cancellationToken)
   at Npgsql.NpgsqlCommand.ExecuteDbDataReaderAsync(CommandBehavior behavior, CancellationToken cancellationToken)
   at Microsoft.EntityFrameworkCore.Storage.RelationalCommand.ExecuteReaderAsync(RelationalCommandParameterObject parameterObject, CancellationToken cancellationToken)
   at Microsoft.EntityFrameworkCore.Storage.RelationalCommand.ExecuteReaderAsync(RelationalCommandParameterObject parameterObject, CancellationToken cancellationToken)
   at Microsoft.EntityFrameworkCore.Update.ReaderModificationCommandBatch.ExecuteAsync(IRelationalConnection connection, CancellationToken cancellationToken)
  Exception data:
    Severity: ERROR
    SqlState: 23503
    MessageText: insert or update on table "CrmSupportTickets" violates foreign key constraint "FK_CrmSupportTickets_CrmCustomers_CustomerId"
    Detail: Detail redacted as it may contain sensitive data. Specify 'Include Error Detail' in the connection string to include this information.
    SchemaName: public
    TableName: CrmSupportTickets
    ConstraintName: FK_CrmSupportTickets_CrmCustomers_CustomerId
    File: ri_triggers.c
    Line: 2783
    Routine: ri_ReportViolation
   --- End of inner exception stack trace ---
   at Microsoft.EntityFrameworkCore.Update.ReaderModificationCommandBatch.ExecuteAsync(IRelationalConnection connection, CancellationToken cancellationToken)
   at Microsoft.EntityFrameworkCore.Update.Internal.BatchExecutor.ExecuteAsync(IEnumerable`1 commandBatches, IRelationalConnection connection, CancellationToken cancellationToken)
   at Microsoft.EntityFrameworkCore.Update.Internal.BatchExecutor.ExecuteAsync(IEnumerable`1 commandBatches, IRelationalConnection connection, CancellationToken cancellationToken)
   at Microsoft.EntityFrameworkCore.Update.Internal.BatchExecutor.ExecuteAsync(IEnumerable`1 commandBatches, IRelationalConnection connection, CancellationToken cancellationToken)
   at Microsoft.EntityFrameworkCore.Storage.RelationalDatabase.SaveChangesAsync(IList`1 entries, CancellationToken cancellationToken)
   at Microsoft.EntityFrameworkCore.ChangeTracking.Internal.StateManager.SaveChangesAsync(IList`1 entriesToSave, CancellationToken cancellationToken)
   at Microsoft.EntityFrameworkCore.ChangeTracking.Internal.StateManager.SaveChangesAsync(StateManager stateManager, Boolean acceptAllChangesOnSuccess, CancellationToken cancellationToken)
   at Npgsql.EntityFrameworkCore.PostgreSQL.Storage.Internal.NpgsqlExecutionStrategy.ExecuteAsync[TState,TResult](TState state, Func`4 operation, Func`4 verifySucceeded, CancellationToken cancellationToken)
   at Microsoft.EntityFrameworkCore.DbContext.SaveChangesAsync(Boolean acceptAllChangesOnSuccess, CancellationToken cancellationToken)
   at Microsoft.EntityFrameworkCore.DbContext.SaveChangesAsync(Boolean acceptAllChangesOnSuccess, CancellationToken cancellationToken)
   at Biktal.Infrastructure.Persistence.CrmDataSeeder.SeedIfEmptyAsync(ApplicationDbContext db, CancellationToken cancellationToken)
   at Program.<Main>$(String[] args) in d:\Systems\BiktalSystems\Program.cs:line 71
2026-07-03 15:22:04.424 +03:00 [WRN] Continuing without a successful migration/seed. Auth and data pages may fail until the database is available.
2026-07-03 15:22:04.447 +03:00 [WRN] Using an in-memory repository. Keys will not be persisted to storage.
2026-07-03 15:22:04.448 +03:00 [WRN] Neither user profile nor HKLM registry available. Using an ephemeral key repository. Protected data will be unavailable when application exits.
2026-07-03 15:22:04.474 +03:00 [WRN] No XML encryptor configured. Key {d86c5d9c-69b7-4686-a4c6-3cd5f2e70a19} may be persisted to storage in unencrypted form.
2026-07-03 15:22:04.525 +03:00 [INF] Application started. Press Ctrl+C to shut down.
2026-07-03 15:22:04.525 +03:00 [INF] Hosting environment: Production
2026-07-03 15:22:04.525 +03:00 [INF] Content root path: D:\Systems\BiktalSystems\publish
2026-07-03 15:22:04.628 +03:00 [INF] HTTP POST /Pos/CompleteSale responded 302 in 82.3229 ms
2026-07-03 15:22:04.769 +03:00 [ERR] An exception was thrown while deserializing the token.
Microsoft.AspNetCore.Antiforgery.AntiforgeryValidationException: The antiforgery token could not be decrypted.
 ---> System.Security.Cryptography.CryptographicException: The key {23b90dd3-c032-4a6c-8128-8264373a2cf4} was not found in the key ring. For more information go to https://aka.ms/aspnet/dataprotectionwarning
   at Microsoft.AspNetCore.DataProtection.KeyManagement.KeyRingBasedDataProtector.UnprotectCore(Byte[] protectedData, Boolean allowOperationsOnRevokedKeys, UnprotectStatus& status)
   at Microsoft.AspNetCore.DataProtection.KeyManagement.KeyRingBasedDataProtector.Unprotect(Byte[] protectedData)
   at Microsoft.AspNetCore.Antiforgery.DefaultAntiforgeryTokenSerializer.Deserialize(String serializedToken)
   --- End of inner exception stack trace ---
   at Microsoft.AspNetCore.Antiforgery.DefaultAntiforgeryTokenSerializer.Deserialize(String serializedToken)
   at Microsoft.AspNetCore.Antiforgery.DefaultAntiforgery.GetCookieTokenDoesNotThrow(HttpContext httpContext)
2026-07-03 15:22:04.864 +03:00 [INF] HTTP GET /Account/Login responded 200 in 221.3197 ms
2026-07-03 15:37:26.282 +03:00 [INF] HTTP GET /Inventory responded 302 in 18.7797 ms
2026-07-03 15:37:26.503 +03:00 [INF] HTTP GET /Account/Login responded 200 in 209.3835 ms
2026-07-03 15:37:26.655 +03:00 [INF] HTTP GET /Biktal.WebMVC.styles.css responded 200 in 27.8641 ms
2026-07-03 15:37:26.656 +03:00 [INF] HTTP GET /lib/jquery/dist/jquery.min.js responded 200 in 19.8854 ms
2026-07-03 15:37:26.658 +03:00 [INF] HTTP GET /css/site.css responded 200 in 38.6009 ms
2026-07-03 15:37:26.663 +03:00 [INF] HTTP GET /lib/bootstrap/dist/css/bootstrap.min.css responded 200 in 41.1777 ms
2026-07-03 15:37:26.669 +03:00 [INF] HTTP GET /js/site.js responded 200 in 11.0512 ms
2026-07-03 15:37:26.670 +03:00 [INF] HTTP GET /lib/jquery-validation/dist/jquery.validate.min.js responded 200 in 10.9346 ms
2026-07-03 15:37:26.670 +03:00 [INF] HTTP GET /lib/jquery-validation-unobtrusive/dist/jquery.validate.unobtrusive.min.js responded 200 in 8.3818 ms
2026-07-03 15:37:26.671 +03:00 [INF] HTTP GET /lib/bootstrap/dist/js/bootstrap.bundle.min.js responded 200 in 16.7817 ms
2026-07-03 15:55:09.536 +03:00 [INF] HTTP POST /Account/Login responded 302 in 578.4359 ms
2026-07-03 15:55:09.802 +03:00 [INF] HTTP GET /Inventory responded 200 in 256.0434 ms
2026-07-03 15:55:09.916 +03:00 [INF] HTTP GET /lib/bootstrap/dist/css/bootstrap.min.css responded 200 in 7.5134 ms
2026-07-03 15:55:09.912 +03:00 [INF] HTTP GET /css/site.css responded 200 in 42.9006 ms
2026-07-03 15:55:09.918 +03:00 [INF] HTTP GET /Biktal.WebMVC.styles.css responded 200 in 5.5782 ms
2026-07-03 15:55:09.985 +03:00 [INF] HTTP GET /lib/jquery/dist/jquery.min.js responded 200 in 46.0147 ms
2026-07-03 15:55:09.987 +03:00 [INF] HTTP GET /js/site.js responded 200 in 41.7597 ms
2026-07-03 15:55:10.128 +03:00 [INF] HTTP GET /lib/bootstrap/dist/js/bootstrap.bundle.min.js responded 200 in 185.2379 ms
2026-07-03 16:15:36.880 +03:00 [INF] Application is shutting down...
2026-07-03 16:16:33.830 +03:00 [ERR] Failed executing DbCommand (8ms) [Parameters=[@p0='?' (DbType = Guid), @p1='?' (DbType = DateTime), @p2='?' (DbType = Guid), @p3='?', @p4='?' (DbType = DateTime), @p5='?' (DbType = Int32), @p6='?' (DbType = Int32), @p7='?', @p8='?', @p9='?' (DbType = Guid), @p10='?' (DbType = DateTime), @p11='?' (DbType = Guid), @p12='?', @p13='?' (DbType = DateTime), @p14='?' (DbType = Int32), @p15='?' (DbType = Int32), @p16='?', @p17='?'], CommandType='"Text"', CommandTimeout='30']
INSERT INTO "CrmSupportTickets" ("Id", "CreatedAtUtc", "CustomerId", "Description", "ModifiedAtUtc", "Priority", "Status", "Subject", "TicketNumber")
VALUES (@p0, @p1, @p2, @p3, @p4, @p5, @p6, @p7, @p8);
INSERT INTO "CrmSupportTickets" ("Id", "CreatedAtUtc", "CustomerId", "Description", "ModifiedAtUtc", "Priority", "Status", "Subject", "TicketNumber")
VALUES (@p9, @p10, @p11, @p12, @p13, @p14, @p15, @p16, @p17);
2026-07-03 16:16:33.916 +03:00 [ERR] An exception occurred in the database while saving changes for context type 'Biktal.Infrastructure.Persistence.ApplicationDbContext'.
Microsoft.EntityFrameworkCore.DbUpdateException: An error occurred while saving the entity changes. See the inner exception for details.
 ---> Npgsql.PostgresException (0x80004005): 23503: insert or update on table "CrmSupportTickets" violates foreign key constraint "FK_CrmSupportTickets_CrmCustomers_CustomerId"

DETAIL: Detail redacted as it may contain sensitive data. Specify 'Include Error Detail' in the connection string to include this information.
   at Npgsql.Internal.NpgsqlConnector.ReadMessageLong(Boolean async, DataRowLoadingMode dataRowLoadingMode, Boolean readingNotifications, Boolean isReadingPrependedMessage)
   at System.Runtime.CompilerServices.PoolingAsyncValueTaskMethodBuilder`1.StateMachineBox`1.System.Threading.Tasks.Sources.IValueTaskSource<TResult>.GetResult(Int16 token)
   at Npgsql.NpgsqlDataReader.NextResult(Boolean async, Boolean isConsuming, CancellationToken cancellationToken)
   at Npgsql.NpgsqlDataReader.NextResult(Boolean async, Boolean isConsuming, CancellationToken cancellationToken)
   at Npgsql.NpgsqlCommand.ExecuteReader(Boolean async, CommandBehavior behavior, CancellationToken cancellationToken)
   at Npgsql.NpgsqlCommand.ExecuteReader(Boolean async, CommandBehavior behavior, CancellationToken cancellationToken)
   at Npgsql.NpgsqlCommand.ExecuteDbDataReaderAsync(CommandBehavior behavior, CancellationToken cancellationToken)
   at Microsoft.EntityFrameworkCore.Storage.RelationalCommand.ExecuteReaderAsync(RelationalCommandParameterObject parameterObject, CancellationToken cancellationToken)
   at Microsoft.EntityFrameworkCore.Storage.RelationalCommand.ExecuteReaderAsync(RelationalCommandParameterObject parameterObject, CancellationToken cancellationToken)
   at Microsoft.EntityFrameworkCore.Update.ReaderModificationCommandBatch.ExecuteAsync(IRelationalConnection connection, CancellationToken cancellationToken)
  Exception data:
    Severity: ERROR
    SqlState: 23503
    MessageText: insert or update on table "CrmSupportTickets" violates foreign key constraint "FK_CrmSupportTickets_CrmCustomers_CustomerId"
    Detail: Detail redacted as it may contain sensitive data. Specify 'Include Error Detail' in the connection string to include this information.
    SchemaName: public
    TableName: CrmSupportTickets
    ConstraintName: FK_CrmSupportTickets_CrmCustomers_CustomerId
    File: ri_triggers.c
    Line: 2783
    Routine: ri_ReportViolation
   --- End of inner exception stack trace ---
   at Microsoft.EntityFrameworkCore.Update.ReaderModificationCommandBatch.ExecuteAsync(IRelationalConnection connection, CancellationToken cancellationToken)
   at Microsoft.EntityFrameworkCore.Update.Internal.BatchExecutor.ExecuteAsync(IEnumerable`1 commandBatches, IRelationalConnection connection, CancellationToken cancellationToken)
   at Microsoft.EntityFrameworkCore.Update.Internal.BatchExecutor.ExecuteAsync(IEnumerable`1 commandBatches, IRelationalConnection connection, CancellationToken cancellationToken)
   at Microsoft.EntityFrameworkCore.Update.Internal.BatchExecutor.ExecuteAsync(IEnumerable`1 commandBatches, IRelationalConnection connection, CancellationToken cancellationToken)
   at Microsoft.EntityFrameworkCore.Storage.RelationalDatabase.SaveChangesAsync(IList`1 entries, CancellationToken cancellationToken)
   at Microsoft.EntityFrameworkCore.ChangeTracking.Internal.StateManager.SaveChangesAsync(IList`1 entriesToSave, CancellationToken cancellationToken)
   at Microsoft.EntityFrameworkCore.ChangeTracking.Internal.StateManager.SaveChangesAsync(StateManager stateManager, Boolean acceptAllChangesOnSuccess, CancellationToken cancellationToken)
   at Npgsql.EntityFrameworkCore.PostgreSQL.Storage.Internal.NpgsqlExecutionStrategy.ExecuteAsync[TState,TResult](TState state, Func`4 operation, Func`4 verifySucceeded, CancellationToken cancellationToken)
   at Microsoft.EntityFrameworkCore.DbContext.SaveChangesAsync(Boolean acceptAllChangesOnSuccess, CancellationToken cancellationToken)
Microsoft.EntityFrameworkCore.DbUpdateException: An error occurred while saving the entity changes. See the inner exception for details.
 ---> Npgsql.PostgresException (0x80004005): 23503: insert or update on table "CrmSupportTickets" violates foreign key constraint "FK_CrmSupportTickets_CrmCustomers_CustomerId"

DETAIL: Detail redacted as it may contain sensitive data. Specify 'Include Error Detail' in the connection string to include this information.
   at Npgsql.Internal.NpgsqlConnector.ReadMessageLong(Boolean async, DataRowLoadingMode dataRowLoadingMode, Boolean readingNotifications, Boolean isReadingPrependedMessage)
   at System.Runtime.CompilerServices.PoolingAsyncValueTaskMethodBuilder`1.StateMachineBox`1.System.Threading.Tasks.Sources.IValueTaskSource<TResult>.GetResult(Int16 token)
   at Npgsql.NpgsqlDataReader.NextResult(Boolean async, Boolean isConsuming, CancellationToken cancellationToken)
   at Npgsql.NpgsqlDataReader.NextResult(Boolean async, Boolean isConsuming, CancellationToken cancellationToken)
   at Npgsql.NpgsqlCommand.ExecuteReader(Boolean async, CommandBehavior behavior, CancellationToken cancellationToken)
   at Npgsql.NpgsqlCommand.ExecuteReader(Boolean async, CommandBehavior behavior, CancellationToken cancellationToken)
   at Npgsql.NpgsqlCommand.ExecuteDbDataReaderAsync(CommandBehavior behavior, CancellationToken cancellationToken)
   at Microsoft.EntityFrameworkCore.Storage.RelationalCommand.ExecuteReaderAsync(RelationalCommandParameterObject parameterObject, CancellationToken cancellationToken)
   at Microsoft.EntityFrameworkCore.Storage.RelationalCommand.ExecuteReaderAsync(RelationalCommandParameterObject parameterObject, CancellationToken cancellationToken)
   at Microsoft.EntityFrameworkCore.Update.ReaderModificationCommandBatch.ExecuteAsync(IRelationalConnection connection, CancellationToken cancellationToken)
  Exception data:
    Severity: ERROR
    SqlState: 23503
    MessageText: insert or update on table "CrmSupportTickets" violates foreign key constraint "FK_CrmSupportTickets_CrmCustomers_CustomerId"
    Detail: Detail redacted as it may contain sensitive data. Specify 'Include Error Detail' in the connection string to include this information.
    SchemaName: public
    TableName: CrmSupportTickets
    ConstraintName: FK_CrmSupportTickets_CrmCustomers_CustomerId
    File: ri_triggers.c
    Line: 2783
    Routine: ri_ReportViolation
   --- End of inner exception stack trace ---
   at Microsoft.EntityFrameworkCore.Update.ReaderModificationCommandBatch.ExecuteAsync(IRelationalConnection connection, CancellationToken cancellationToken)
   at Microsoft.EntityFrameworkCore.Update.Internal.BatchExecutor.ExecuteAsync(IEnumerable`1 commandBatches, IRelationalConnection connection, CancellationToken cancellationToken)
   at Microsoft.EntityFrameworkCore.Update.Internal.BatchExecutor.ExecuteAsync(IEnumerable`1 commandBatches, IRelationalConnection connection, CancellationToken cancellationToken)
   at Microsoft.EntityFrameworkCore.Update.Internal.BatchExecutor.ExecuteAsync(IEnumerable`1 commandBatches, IRelationalConnection connection, CancellationToken cancellationToken)
   at Microsoft.EntityFrameworkCore.Storage.RelationalDatabase.SaveChangesAsync(IList`1 entries, CancellationToken cancellationToken)
   at Microsoft.EntityFrameworkCore.ChangeTracking.Internal.StateManager.SaveChangesAsync(IList`1 entriesToSave, CancellationToken cancellationToken)
   at Microsoft.EntityFrameworkCore.ChangeTracking.Internal.StateManager.SaveChangesAsync(StateManager stateManager, Boolean acceptAllChangesOnSuccess, CancellationToken cancellationToken)
   at Npgsql.EntityFrameworkCore.PostgreSQL.Storage.Internal.NpgsqlExecutionStrategy.ExecuteAsync[TState,TResult](TState state, Func`4 operation, Func`4 verifySucceeded, CancellationToken cancellationToken)
   at Microsoft.EntityFrameworkCore.DbContext.SaveChangesAsync(Boolean acceptAllChangesOnSuccess, CancellationToken cancellationToken)
2026-07-03 16:16:33.924 +03:00 [ERR] Database migration or seed failed. Check PostgreSQL is running and ConnectionStrings:DefaultConnection is correct.
Microsoft.EntityFrameworkCore.DbUpdateException: An error occurred while saving the entity changes. See the inner exception for details.
 ---> Npgsql.PostgresException (0x80004005): 23503: insert or update on table "CrmSupportTickets" violates foreign key constraint "FK_CrmSupportTickets_CrmCustomers_CustomerId"

DETAIL: Detail redacted as it may contain sensitive data. Specify 'Include Error Detail' in the connection string to include this information.
   at Npgsql.Internal.NpgsqlConnector.ReadMessageLong(Boolean async, DataRowLoadingMode dataRowLoadingMode, Boolean readingNotifications, Boolean isReadingPrependedMessage)
   at System.Runtime.CompilerServices.PoolingAsyncValueTaskMethodBuilder`1.StateMachineBox`1.System.Threading.Tasks.Sources.IValueTaskSource<TResult>.GetResult(Int16 token)
   at Npgsql.NpgsqlDataReader.NextResult(Boolean async, Boolean isConsuming, CancellationToken cancellationToken)
   at Npgsql.NpgsqlDataReader.NextResult(Boolean async, Boolean isConsuming, CancellationToken cancellationToken)
   at Npgsql.NpgsqlCommand.ExecuteReader(Boolean async, CommandBehavior behavior, CancellationToken cancellationToken)
   at Npgsql.NpgsqlCommand.ExecuteReader(Boolean async, CommandBehavior behavior, CancellationToken cancellationToken)
   at Npgsql.NpgsqlCommand.ExecuteDbDataReaderAsync(CommandBehavior behavior, CancellationToken cancellationToken)
   at Microsoft.EntityFrameworkCore.Storage.RelationalCommand.ExecuteReaderAsync(RelationalCommandParameterObject parameterObject, CancellationToken cancellationToken)
   at Microsoft.EntityFrameworkCore.Storage.RelationalCommand.ExecuteReaderAsync(RelationalCommandParameterObject parameterObject, CancellationToken cancellationToken)
   at Microsoft.EntityFrameworkCore.Update.ReaderModificationCommandBatch.ExecuteAsync(IRelationalConnection connection, CancellationToken cancellationToken)
  Exception data:
    Severity: ERROR
    SqlState: 23503
    MessageText: insert or update on table "CrmSupportTickets" violates foreign key constraint "FK_CrmSupportTickets_CrmCustomers_CustomerId"
    Detail: Detail redacted as it may contain sensitive data. Specify 'Include Error Detail' in the connection string to include this information.
    SchemaName: public
    TableName: CrmSupportTickets
    ConstraintName: FK_CrmSupportTickets_CrmCustomers_CustomerId
    File: ri_triggers.c
    Line: 2783
    Routine: ri_ReportViolation
   --- End of inner exception stack trace ---
   at Microsoft.EntityFrameworkCore.Update.ReaderModificationCommandBatch.ExecuteAsync(IRelationalConnection connection, CancellationToken cancellationToken)
   at Microsoft.EntityFrameworkCore.Update.Internal.BatchExecutor.ExecuteAsync(IEnumerable`1 commandBatches, IRelationalConnection connection, CancellationToken cancellationToken)
   at Microsoft.EntityFrameworkCore.Update.Internal.BatchExecutor.ExecuteAsync(IEnumerable`1 commandBatches, IRelationalConnection connection, CancellationToken cancellationToken)
   at Microsoft.EntityFrameworkCore.Update.Internal.BatchExecutor.ExecuteAsync(IEnumerable`1 commandBatches, IRelationalConnection connection, CancellationToken cancellationToken)
   at Microsoft.EntityFrameworkCore.Storage.RelationalDatabase.SaveChangesAsync(IList`1 entries, CancellationToken cancellationToken)
   at Microsoft.EntityFrameworkCore.ChangeTracking.Internal.StateManager.SaveChangesAsync(IList`1 entriesToSave, CancellationToken cancellationToken)
   at Microsoft.EntityFrameworkCore.ChangeTracking.Internal.StateManager.SaveChangesAsync(StateManager stateManager, Boolean acceptAllChangesOnSuccess, CancellationToken cancellationToken)
   at Npgsql.EntityFrameworkCore.PostgreSQL.Storage.Internal.NpgsqlExecutionStrategy.ExecuteAsync[TState,TResult](TState state, Func`4 operation, Func`4 verifySucceeded, CancellationToken cancellationToken)
   at Microsoft.EntityFrameworkCore.DbContext.SaveChangesAsync(Boolean acceptAllChangesOnSuccess, CancellationToken cancellationToken)
   at Microsoft.EntityFrameworkCore.DbContext.SaveChangesAsync(Boolean acceptAllChangesOnSuccess, CancellationToken cancellationToken)
   at Biktal.Infrastructure.Persistence.CrmDataSeeder.SeedIfEmptyAsync(ApplicationDbContext db, CancellationToken cancellationToken)
   at Program.<Main>$(String[] args) in d:\Systems\BiktalSystems\Program.cs:line 71
2026-07-03 16:16:33.929 +03:00 [WRN] Continuing without a successful migration/seed. Auth and data pages may fail until the database is available.
2026-07-03 16:16:33.960 +03:00 [WRN] Using an in-memory repository. Keys will not be persisted to storage.
2026-07-03 16:16:33.960 +03:00 [WRN] Neither user profile nor HKLM registry available. Using an ephemeral key repository. Protected data will be unavailable when application exits.
2026-07-03 16:16:33.981 +03:00 [WRN] No XML encryptor configured. Key {4935b6a7-cb15-4e37-af9d-246acb438097} may be persisted to storage in unencrypted form.
2026-07-03 16:16:34.039 +03:00 [INF] Application started. Press Ctrl+C to shut down.
2026-07-03 16:16:34.040 +03:00 [INF] Hosting environment: Production
2026-07-03 16:16:34.040 +03:00 [INF] Content root path: D:\Systems\BiktalSystems\publish
2026-07-03 16:16:34.169 +03:00 [INF] HTTP GET /Inventory/Products responded 302 in 103.1040 ms
2026-07-03 16:16:34.169 +03:00 [INF] HTTP GET /Inventory/Products responded 302 in 102.7191 ms
2026-07-03 16:16:34.333 +03:00 [ERR] An exception was thrown while deserializing the token.
Microsoft.AspNetCore.Antiforgery.AntiforgeryValidationException: The antiforgery token could not be decrypted.
 ---> System.Security.Cryptography.CryptographicException: The key {d86c5d9c-69b7-4686-a4c6-3cd5f2e70a19} was not found in the key ring. For more information go to https://aka.ms/aspnet/dataprotectionwarning
   at Microsoft.AspNetCore.DataProtection.KeyManagement.KeyRingBasedDataProtector.UnprotectCore(Byte[] protectedData, Boolean allowOperationsOnRevokedKeys, UnprotectStatus& status)
   at Microsoft.AspNetCore.DataProtection.KeyManagement.KeyRingBasedDataProtector.Unprotect(Byte[] protectedData)
   at Microsoft.AspNetCore.Antiforgery.DefaultAntiforgeryTokenSerializer.Deserialize(String serializedToken)
   --- End of inner exception stack trace ---
   at Microsoft.AspNetCore.Antiforgery.DefaultAntiforgeryTokenSerializer.Deserialize(String serializedToken)
   at Microsoft.AspNetCore.Antiforgery.DefaultAntiforgery.GetCookieTokenDoesNotThrow(HttpContext httpContext)
2026-07-03 16:16:34.443 +03:00 [INF] HTTP GET /Account/Login responded 200 in 253.6419 ms
2026-07-03 16:16:34.645 +03:00 [INF] HTTP GET /lib/jquery-validation/dist/jquery.validate.min.js responded 200 in 85.7281 ms
2026-07-03 16:16:34.646 +03:00 [INF] HTTP GET /js/site.js responded 200 in 86.2940 ms
2026-07-03 16:16:34.645 +03:00 [INF] HTTP GET /Biktal.WebMVC.styles.css responded 200 in 89.0900 ms
2026-07-03 16:16:34.647 +03:00 [INF] HTTP GET /lib/jquery-validation-unobtrusive/dist/jquery.validate.unobtrusive.min.js responded 200 in 55.2960 ms
2026-07-03 16:16:34.648 +03:00 [INF] HTTP GET /lib/bootstrap/dist/js/bootstrap.bundle.min.js responded 200 in 89.3792 ms
2026-07-03 16:16:34.649 +03:00 [INF] HTTP GET /css/site.css responded 200 in 101.4321 ms
2026-07-03 16:16:34.649 +03:00 [INF] HTTP GET /lib/jquery/dist/jquery.min.js responded 200 in 90.7894 ms
2026-07-03 16:16:34.649 +03:00 [INF] HTTP GET /lib/bootstrap/dist/css/bootstrap.min.css responded 200 in 101.9404 ms
2026-07-03 16:16:53.670 +03:00 [INF] HTTP POST /Account/Login responded 302 in 583.9408 ms
2026-07-03 16:16:54.164 +03:00 [INF] HTTP GET /Inventory/Products responded 200 in 487.4249 ms
2026-07-03 16:16:54.225 +03:00 [INF] HTTP GET /lib/bootstrap/dist/css/bootstrap.min.css responded 304 in 17.9746 ms
2026-07-03 16:16:54.225 +03:00 [INF] HTTP GET /Biktal.WebMVC.styles.css responded 304 in 13.3135 ms
2026-07-03 16:16:54.226 +03:00 [INF] HTTP GET /css/site.css responded 304 in 13.8214 ms
2026-07-03 16:16:54.956 +03:00 [INF] HTTP GET /lib/jquery-validation/dist/jquery.validate.min.js responded 304 in 32.5077 ms
2026-07-03 16:16:54.956 +03:00 [INF] HTTP GET /lib/jquery/dist/jquery.min.js responded 304 in 67.7648 ms
2026-07-03 16:16:54.957 +03:00 [INF] HTTP GET /lib/jquery-validation-unobtrusive/dist/jquery.validate.unobtrusive.min.js responded 304 in 23.2564 ms
2026-07-03 16:16:54.956 +03:00 [INF] HTTP GET /js/site.js responded 304 in 32.8086 ms
2026-07-03 16:16:54.967 +03:00 [INF] HTTP GET /js/products-catalog-filter.js responded 200 in 10.0305 ms
2026-07-03 16:16:55.059 +03:00 [INF] HTTP GET /lib/bootstrap/dist/js/bootstrap.bundle.min.js responded 304 in 101.8687 ms
2026-07-03 16:29:13.847 +03:00 [INF] HTTP POST /Inventory/AddProduct responded 302 in 249.2517 ms
2026-07-03 16:29:14.048 +03:00 [INF] HTTP GET /Inventory/Products responded 200 in 190.0923 ms
2026-07-03 16:29:14.150 +03:00 [INF] HTTP GET /css/site.css responded 200 in 2.4119 ms
2026-07-03 16:29:14.150 +03:00 [INF] HTTP GET /lib/bootstrap/dist/css/bootstrap.min.css responded 200 in 2.9629 ms
2026-07-03 16:29:14.150 +03:00 [INF] HTTP GET /Biktal.WebMVC.styles.css responded 200 in 1.7008 ms
2026-07-03 16:29:15.697 +03:00 [INF] HTTP GET /lib/jquery/dist/jquery.min.js responded 200 in 1.6469 ms
2026-07-03 16:29:15.718 +03:00 [INF] HTTP GET /js/site.js responded 200 in 2.3204 ms
2026-07-03 16:29:15.718 +03:00 [INF] HTTP GET /lib/bootstrap/dist/js/bootstrap.bundle.min.js responded 200 in 1.2779 ms
2026-07-03 16:29:15.726 +03:00 [INF] HTTP GET /lib/jquery-validation/dist/jquery.validate.min.js responded 200 in 3.5791 ms
2026-07-03 16:29:15.734 +03:00 [INF] HTTP GET /lib/jquery-validation-unobtrusive/dist/jquery.validate.unobtrusive.min.js responded 200 in 2.2850 ms
2026-07-03 16:29:15.735 +03:00 [INF] HTTP GET /js/products-catalog-filter.js responded 200 in 1.4183 ms
2026-07-03 16:30:16.301 +03:00 [INF] HTTP POST /Inventory/AddProduct responded 302 in 27.8819 ms
2026-07-03 16:30:16.371 +03:00 [INF] HTTP GET /Inventory/Products responded 200 in 63.6421 ms
2026-07-03 16:30:16.507 +03:00 [INF] HTTP GET /css/site.css responded 200 in 4.8988 ms
2026-07-03 16:30:16.509 +03:00 [INF] HTTP GET /Biktal.WebMVC.styles.css responded 200 in 1.6915 ms
2026-07-03 16:30:16.510 +03:00 [INF] HTTP GET /lib/bootstrap/dist/css/bootstrap.min.css responded 200 in 1.5991 ms
2026-07-03 16:30:17.280 +03:00 [INF] HTTP GET /lib/jquery/dist/jquery.min.js responded 304 in 0.7167 ms
2026-07-03 16:30:17.304 +03:00 [INF] HTTP GET /lib/jquery-validation-unobtrusive/dist/jquery.validate.unobtrusive.min.js responded 304 in 0.7008 ms
2026-07-03 16:30:17.304 +03:00 [INF] HTTP GET /lib/bootstrap/dist/js/bootstrap.bundle.min.js responded 304 in 0.7525 ms
2026-07-03 16:30:17.305 +03:00 [INF] HTTP GET /lib/jquery-validation/dist/jquery.validate.min.js responded 304 in 0.5780 ms
2026-07-03 16:30:17.305 +03:00 [INF] HTTP GET /js/site.js responded 304 in 0.9932 ms
2026-07-03 16:30:17.306 +03:00 [INF] HTTP GET /js/products-catalog-filter.js responded 304 in 1.6509 ms
2026-07-03 16:31:37.054 +03:00 [INF] HTTP POST /Inventory/AddProduct responded 302 in 21.8709 ms
2026-07-03 16:31:37.141 +03:00 [INF] HTTP GET /Inventory/Products responded 200 in 80.3238 ms
2026-07-03 16:31:37.284 +03:00 [INF] HTTP GET /lib/bootstrap/dist/css/bootstrap.min.css responded 200 in 1.5381 ms
2026-07-03 16:31:37.288 +03:00 [INF] HTTP GET /css/site.css responded 200 in 1.1113 ms
2026-07-03 16:31:37.290 +03:00 [INF] HTTP GET /Biktal.WebMVC.styles.css responded 200 in 1.1218 ms
2026-07-03 16:31:38.230 +03:00 [INF] HTTP GET /lib/jquery/dist/jquery.min.js responded 200 in 3.1276 ms
2026-07-03 16:31:38.252 +03:00 [INF] HTTP GET /js/site.js responded 200 in 0.8409 ms
2026-07-03 16:31:38.252 +03:00 [INF] HTTP GET /lib/bootstrap/dist/js/bootstrap.bundle.min.js responded 200 in 1.3764 ms
2026-07-03 16:31:38.253 +03:00 [INF] HTTP GET /lib/jquery-validation-unobtrusive/dist/jquery.validate.unobtrusive.min.js responded 200 in 1.1101 ms
2026-07-03 16:31:38.260 +03:00 [INF] HTTP GET /lib/jquery-validation/dist/jquery.validate.min.js responded 200 in 7.0056 ms
2026-07-03 16:31:38.262 +03:00 [INF] HTTP GET /js/products-catalog-filter.js responded 200 in 8.0049 ms
2026-07-03 16:39:53.578 +03:00 [INF] HTTP GET /Crm responded 200 in 158.6073 ms
2026-07-03 16:39:53.666 +03:00 [INF] HTTP GET /lib/bootstrap/dist/css/bootstrap.min.css responded 200 in 2.9381 ms
2026-07-03 16:39:53.668 +03:00 [INF] HTTP GET /css/site.css responded 200 in 1.3662 ms
2026-07-03 16:39:53.677 +03:00 [INF] HTTP GET /Biktal.WebMVC.styles.css responded 200 in 2.6028 ms
2026-07-03 16:39:53.693 +03:00 [INF] HTTP GET /lib/jquery/dist/jquery.min.js responded 200 in 9.8065 ms
2026-07-03 16:39:53.709 +03:00 [INF] HTTP GET /lib/bootstrap/dist/js/bootstrap.bundle.min.js responded 200 in 3.1835 ms
2026-07-03 16:39:53.732 +03:00 [INF] HTTP GET /js/site.js responded 200 in 2.8803 ms
2026-07-03 16:41:24.162 +03:00 [WRN] The query uses the 'First'/'FirstOrDefault' operator without 'OrderBy' and filter operators. This may lead to unpredictable results.
2026-07-03 16:41:24.196 +03:00 [INF] HTTP GET /Pos responded 200 in 67.1621 ms
2026-07-03 16:41:24.272 +03:00 [INF] HTTP GET /css/site.css responded 200 in 1.3355 ms
2026-07-03 16:41:24.273 +03:00 [INF] HTTP GET /Biktal.WebMVC.styles.css responded 200 in 1.1681 ms
2026-07-03 16:41:24.276 +03:00 [INF] HTTP GET /lib/jquery/dist/jquery.min.js responded 200 in 2.5513 ms
2026-07-03 16:41:24.280 +03:00 [INF] HTTP GET /lib/bootstrap/dist/js/bootstrap.bundle.min.js responded 200 in 3.8369 ms
2026-07-03 16:41:24.282 +03:00 [INF] HTTP GET /js/site.js responded 200 in 1.1182 ms
2026-07-03 16:41:24.284 +03:00 [INF] HTTP GET /js/pos.js responded 200 in 1.4859 ms
2026-07-03 16:41:24.286 +03:00 [INF] HTTP GET /lib/bootstrap/dist/css/bootstrap.min.css responded 200 in 1.6357 ms
2026-07-03 16:44:50.509 +03:00 [INF] HTTP GET /Inventory responded 200 in 103.4676 ms
2026-07-03 16:44:50.690 +03:00 [INF] HTTP GET /css/site.css responded 200 in 5.2725 ms
2026-07-03 16:44:50.691 +03:00 [INF] HTTP GET /Biktal.WebMVC.styles.css responded 200 in 2.3271 ms
2026-07-03 16:44:50.699 +03:00 [INF] HTTP GET /lib/jquery/dist/jquery.min.js responded 200 in 11.2914 ms
2026-07-03 16:44:50.709 +03:00 [INF] HTTP GET /js/site.js responded 200 in 9.4484 ms
2026-07-03 16:44:50.709 +03:00 [INF] HTTP GET /lib/bootstrap/dist/css/bootstrap.min.css responded 200 in 19.7956 ms
2026-07-03 16:44:50.718 +03:00 [INF] HTTP GET /lib/bootstrap/dist/js/bootstrap.bundle.min.js responded 200 in 1.2899 ms
2026-07-03 16:44:52.218 +03:00 [INF] HTTP GET /Inventory/Products responded 200 in 73.9124 ms
2026-07-03 16:44:52.265 +03:00 [INF] HTTP GET /Biktal.WebMVC.styles.css responded 304 in 0.9740 ms
2026-07-03 16:44:52.267 +03:00 [INF] HTTP GET /lib/bootstrap/dist/css/bootstrap.min.css responded 304 in 0.7501 ms
2026-07-03 16:44:52.270 +03:00 [INF] HTTP GET /css/site.css responded 304 in 0.5599 ms
2026-07-03 16:44:53.003 +03:00 [INF] HTTP GET /lib/jquery/dist/jquery.min.js responded 304 in 0.3470 ms
2026-07-03 16:44:53.034 +03:00 [INF] HTTP GET /lib/bootstrap/dist/js/bootstrap.bundle.min.js responded 304 in 0.4993 ms
2026-07-03 16:44:53.037 +03:00 [INF] HTTP GET /js/site.js responded 304 in 0.5546 ms
2026-07-03 16:44:53.040 +03:00 [INF] HTTP GET /lib/jquery-validation-unobtrusive/dist/jquery.validate.unobtrusive.min.js responded 200 in 0.8920 ms
2026-07-03 16:44:53.041 +03:00 [INF] HTTP GET /lib/jquery-validation/dist/jquery.validate.min.js responded 200 in 1.8232 ms
2026-07-03 16:44:53.045 +03:00 [INF] HTTP GET /js/products-catalog-filter.js responded 200 in 2.2371 ms
2026-07-03 16:46:29.804 +03:00 [INF] HTTP GET /Inventory/Products responded 200 in 238.1947 ms
2026-07-03 16:46:29.871 +03:00 [INF] HTTP GET /css/site.css responded 200 in 1.1579 ms
2026-07-03 16:46:29.875 +03:00 [INF] HTTP GET /lib/bootstrap/dist/css/bootstrap.min.css responded 200 in 1.0538 ms
2026-07-03 16:46:29.885 +03:00 [INF] HTTP GET /Biktal.WebMVC.styles.css responded 200 in 7.3898 ms
2026-07-03 16:46:30.886 +03:00 [INF] HTTP GET /lib/jquery/dist/jquery.min.js responded 200 in 1.1813 ms
2026-07-03 16:46:30.921 +03:00 [INF] HTTP GET /js/site.js responded 200 in 1.2260 ms
2026-07-03 16:46:30.921 +03:00 [INF] HTTP GET /lib/bootstrap/dist/js/bootstrap.bundle.min.js responded 200 in 1.3761 ms
2026-07-03 16:46:30.924 +03:00 [INF] HTTP GET /lib/jquery-validation/dist/jquery.validate.min.js responded 200 in 3.3962 ms
2026-07-03 16:46:30.933 +03:00 [INF] HTTP GET /lib/jquery-validation-unobtrusive/dist/jquery.validate.unobtrusive.min.js responded 200 in 0.8853 ms
2026-07-03 16:46:30.933 +03:00 [INF] HTTP GET /js/products-catalog-filter.js responded 200 in 0.8145 ms
2026-07-03 16:46:35.160 +03:00 [INF] HTTP POST /Inventory/EditProduct responded 302 in 55.2270 ms
2026-07-03 16:46:35.235 +03:00 [INF] HTTP GET /Inventory/Products responded 200 in 66.7138 ms
2026-07-03 16:46:35.399 +03:00 [INF] HTTP GET /Biktal.WebMVC.styles.css responded 304 in 0.4673 ms
2026-07-03 16:46:35.401 +03:00 [INF] HTTP GET /css/site.css responded 304 in 47.9288 ms
2026-07-03 16:46:35.401 +03:00 [INF] HTTP GET /lib/bootstrap/dist/css/bootstrap.min.css responded 304 in 1.1912 ms
2026-07-03 16:46:36.107 +03:00 [INF] HTTP GET /lib/jquery/dist/jquery.min.js responded 304 in 0.3565 ms
2026-07-03 16:46:36.126 +03:00 [INF] HTTP GET /lib/bootstrap/dist/js/bootstrap.bundle.min.js responded 304 in 0.5479 ms
2026-07-03 16:46:36.127 +03:00 [INF] HTTP GET /js/site.js responded 304 in 0.3714 ms
2026-07-03 16:46:36.127 +03:00 [INF] HTTP GET /lib/jquery-validation/dist/jquery.validate.min.js responded 304 in 0.3616 ms
2026-07-03 16:46:36.128 +03:00 [INF] HTTP GET /js/products-catalog-filter.js responded 304 in 0.3892 ms
2026-07-03 16:46:36.128 +03:00 [INF] HTTP GET /lib/jquery-validation-unobtrusive/dist/jquery.validate.unobtrusive.min.js responded 304 in 0.2998 ms
2026-07-03 16:46:47.725 +03:00 [INF] HTTP GET /Inventory/Products responded 200 in 74.1789 ms
2026-07-03 16:46:47.894 +03:00 [INF] HTTP GET /lib/bootstrap/dist/css/bootstrap.min.css responded 200 in 1.6575 ms
2026-07-03 16:46:47.899 +03:00 [INF] HTTP GET /Biktal.WebMVC.styles.css responded 304 in 1.3077 ms
2026-07-03 16:46:47.900 +03:00 [INF] HTTP GET /css/site.css responded 304 in 0.6167 ms
2026-07-03 16:46:48.627 +03:00 [INF] HTTP GET /lib/jquery/dist/jquery.min.js responded 304 in 0.2680 ms
2026-07-03 16:46:48.644 +03:00 [INF] HTTP GET /lib/bootstrap/dist/js/bootstrap.bundle.min.js responded 304 in 0.4645 ms
2026-07-03 16:46:48.649 +03:00 [INF] HTTP GET /js/site.js responded 304 in 0.4088 ms
2026-07-03 16:46:48.649 +03:00 [INF] HTTP GET /lib/jquery-validation/dist/jquery.validate.min.js responded 304 in 0.3512 ms
2026-07-03 16:46:48.650 +03:00 [INF] HTTP GET /lib/jquery-validation-unobtrusive/dist/jquery.validate.unobtrusive.min.js responded 304 in 0.5373 ms
2026-07-03 16:46:48.657 +03:00 [INF] HTTP GET /js/products-catalog-filter.js responded 304 in 0.4647 ms
2026-07-03 16:46:51.895 +03:00 [INF] HTTP POST /Inventory/EditProduct responded 302 in 11.0429 ms
2026-07-03 16:46:51.962 +03:00 [INF] HTTP GET /Inventory/Products responded 200 in 59.6168 ms
2026-07-03 16:46:52.052 +03:00 [INF] HTTP GET /lib/bootstrap/dist/css/bootstrap.min.css responded 304 in 0.3999 ms
2026-07-03 16:46:52.052 +03:00 [INF] HTTP GET /css/site.css responded 304 in 0.5429 ms
2026-07-03 16:46:52.057 +03:00 [INF] HTTP GET /Biktal.WebMVC.styles.css responded 304 in 1.5860 ms
2026-07-03 16:46:52.839 +03:00 [INF] HTTP GET /lib/jquery/dist/jquery.min.js responded 304 in 1.7295 ms
2026-07-03 16:46:52.854 +03:00 [INF] HTTP GET /js/site.js responded 304 in 0.8591 ms
2026-07-03 16:46:52.856 +03:00 [INF] HTTP GET /lib/bootstrap/dist/js/bootstrap.bundle.min.js responded 304 in 1.9743 ms
2026-07-03 16:46:52.857 +03:00 [INF] HTTP GET /lib/jquery-validation/dist/jquery.validate.min.js responded 304 in 0.4754 ms
2026-07-03 16:46:52.858 +03:00 [INF] HTTP GET /lib/jquery-validation-unobtrusive/dist/jquery.validate.unobtrusive.min.js responded 304 in 0.5189 ms
2026-07-03 16:46:52.860 +03:00 [INF] HTTP GET /js/products-catalog-filter.js responded 304 in 0.8826 ms
2026-07-03 16:46:58.065 +03:00 [INF] HTTP GET /Pos responded 200 in 64.5286 ms
2026-07-03 16:46:58.111 +03:00 [INF] HTTP GET /lib/bootstrap/dist/css/bootstrap.min.css responded 304 in 0.3896 ms
2026-07-03 16:46:58.120 +03:00 [INF] HTTP GET /css/site.css responded 304 in 0.6768 ms
2026-07-03 16:46:58.128 +03:00 [INF] HTTP GET /Biktal.WebMVC.styles.css responded 304 in 0.6155 ms
2026-07-03 16:46:58.128 +03:00 [INF] HTTP GET /lib/jquery/dist/jquery.min.js responded 304 in 0.5482 ms
2026-07-03 16:46:58.133 +03:00 [INF] HTTP GET /lib/bootstrap/dist/js/bootstrap.bundle.min.js responded 304 in 0.9085 ms
2026-07-03 16:46:58.134 +03:00 [INF] HTTP GET /js/site.js responded 304 in 0.6014 ms
2026-07-03 16:46:58.135 +03:00 [INF] HTTP GET /js/pos.js responded 200 in 1.0856 ms
2026-07-03 17:07:39.275 +03:00 [INF] Application is shutting down...
2026-07-03 17:43:18.984 +03:00 [ERR] Failed executing DbCommand (6ms) [Parameters=[@p0='?' (DbType = Guid), @p1='?' (DbType = DateTime), @p2='?' (DbType = Guid), @p3='?', @p4='?' (DbType = DateTime), @p5='?' (DbType = Int32), @p6='?' (DbType = Int32), @p7='?', @p8='?', @p9='?' (DbType = Guid), @p10='?' (DbType = DateTime), @p11='?' (DbType = Guid), @p12='?', @p13='?' (DbType = DateTime), @p14='?' (DbType = Int32), @p15='?' (DbType = Int32), @p16='?', @p17='?'], CommandType='"Text"', CommandTimeout='30']
INSERT INTO "CrmSupportTickets" ("Id", "CreatedAtUtc", "CustomerId", "Description", "ModifiedAtUtc", "Priority", "Status", "Subject", "TicketNumber")
VALUES (@p0, @p1, @p2, @p3, @p4, @p5, @p6, @p7, @p8);
INSERT INTO "CrmSupportTickets" ("Id", "CreatedAtUtc", "CustomerId", "Description", "ModifiedAtUtc", "Priority", "Status", "Subject", "TicketNumber")
VALUES (@p9, @p10, @p11, @p12, @p13, @p14, @p15, @p16, @p17);
2026-07-03 17:43:19.054 +03:00 [ERR] An exception occurred in the database while saving changes for context type 'Biktal.Infrastructure.Persistence.ApplicationDbContext'.
Microsoft.EntityFrameworkCore.DbUpdateException: An error occurred while saving the entity changes. See the inner exception for details.
 ---> Npgsql.PostgresException (0x80004005): 23503: insert or update on table "CrmSupportTickets" violates foreign key constraint "FK_CrmSupportTickets_CrmCustomers_CustomerId"

DETAIL: Detail redacted as it may contain sensitive data. Specify 'Include Error Detail' in the connection string to include this information.
   at Npgsql.Internal.NpgsqlConnector.ReadMessageLong(Boolean async, DataRowLoadingMode dataRowLoadingMode, Boolean readingNotifications, Boolean isReadingPrependedMessage)
   at System.Runtime.CompilerServices.PoolingAsyncValueTaskMethodBuilder`1.StateMachineBox`1.System.Threading.Tasks.Sources.IValueTaskSource<TResult>.GetResult(Int16 token)
   at Npgsql.NpgsqlDataReader.NextResult(Boolean async, Boolean isConsuming, CancellationToken cancellationToken)
   at Npgsql.NpgsqlDataReader.NextResult(Boolean async, Boolean isConsuming, CancellationToken cancellationToken)
   at Npgsql.NpgsqlCommand.ExecuteReader(Boolean async, CommandBehavior behavior, CancellationToken cancellationToken)
   at Npgsql.NpgsqlCommand.ExecuteReader(Boolean async, CommandBehavior behavior, CancellationToken cancellationToken)
   at Npgsql.NpgsqlCommand.ExecuteDbDataReaderAsync(CommandBehavior behavior, CancellationToken cancellationToken)
   at Microsoft.EntityFrameworkCore.Storage.RelationalCommand.ExecuteReaderAsync(RelationalCommandParameterObject parameterObject, CancellationToken cancellationToken)
   at Microsoft.EntityFrameworkCore.Storage.RelationalCommand.ExecuteReaderAsync(RelationalCommandParameterObject parameterObject, CancellationToken cancellationToken)
   at Microsoft.EntityFrameworkCore.Update.ReaderModificationCommandBatch.ExecuteAsync(IRelationalConnection connection, CancellationToken cancellationToken)
  Exception data:
    Severity: ERROR
    SqlState: 23503
    MessageText: insert or update on table "CrmSupportTickets" violates foreign key constraint "FK_CrmSupportTickets_CrmCustomers_CustomerId"
    Detail: Detail redacted as it may contain sensitive data. Specify 'Include Error Detail' in the connection string to include this information.
    SchemaName: public
    TableName: CrmSupportTickets
    ConstraintName: FK_CrmSupportTickets_CrmCustomers_CustomerId
    File: ri_triggers.c
    Line: 2783
    Routine: ri_ReportViolation
   --- End of inner exception stack trace ---
   at Microsoft.EntityFrameworkCore.Update.ReaderModificationCommandBatch.ExecuteAsync(IRelationalConnection connection, CancellationToken cancellationToken)
   at Microsoft.EntityFrameworkCore.Update.Internal.BatchExecutor.ExecuteAsync(IEnumerable`1 commandBatches, IRelationalConnection connection, CancellationToken cancellationToken)
   at Microsoft.EntityFrameworkCore.Update.Internal.BatchExecutor.ExecuteAsync(IEnumerable`1 commandBatches, IRelationalConnection connection, CancellationToken cancellationToken)
   at Microsoft.EntityFrameworkCore.Update.Internal.BatchExecutor.ExecuteAsync(IEnumerable`1 commandBatches, IRelationalConnection connection, CancellationToken cancellationToken)
   at Microsoft.EntityFrameworkCore.Storage.RelationalDatabase.SaveChangesAsync(IList`1 entries, CancellationToken cancellationToken)
   at Microsoft.EntityFrameworkCore.ChangeTracking.Internal.StateManager.SaveChangesAsync(IList`1 entriesToSave, CancellationToken cancellationToken)
   at Microsoft.EntityFrameworkCore.ChangeTracking.Internal.StateManager.SaveChangesAsync(StateManager stateManager, Boolean acceptAllChangesOnSuccess, CancellationToken cancellationToken)
   at Npgsql.EntityFrameworkCore.PostgreSQL.Storage.Internal.NpgsqlExecutionStrategy.ExecuteAsync[TState,TResult](TState state, Func`4 operation, Func`4 verifySucceeded, CancellationToken cancellationToken)
   at Microsoft.EntityFrameworkCore.DbContext.SaveChangesAsync(Boolean acceptAllChangesOnSuccess, CancellationToken cancellationToken)
Microsoft.EntityFrameworkCore.DbUpdateException: An error occurred while saving the entity changes. See the inner exception for details.
 ---> Npgsql.PostgresException (0x80004005): 23503: insert or update on table "CrmSupportTickets" violates foreign key constraint "FK_CrmSupportTickets_CrmCustomers_CustomerId"

DETAIL: Detail redacted as it may contain sensitive data. Specify 'Include Error Detail' in the connection string to include this information.
   at Npgsql.Internal.NpgsqlConnector.ReadMessageLong(Boolean async, DataRowLoadingMode dataRowLoadingMode, Boolean readingNotifications, Boolean isReadingPrependedMessage)
   at System.Runtime.CompilerServices.PoolingAsyncValueTaskMethodBuilder`1.StateMachineBox`1.System.Threading.Tasks.Sources.IValueTaskSource<TResult>.GetResult(Int16 token)
   at Npgsql.NpgsqlDataReader.NextResult(Boolean async, Boolean isConsuming, CancellationToken cancellationToken)
   at Npgsql.NpgsqlDataReader.NextResult(Boolean async, Boolean isConsuming, CancellationToken cancellationToken)
   at Npgsql.NpgsqlCommand.ExecuteReader(Boolean async, CommandBehavior behavior, CancellationToken cancellationToken)
   at Npgsql.NpgsqlCommand.ExecuteReader(Boolean async, CommandBehavior behavior, CancellationToken cancellationToken)
   at Npgsql.NpgsqlCommand.ExecuteDbDataReaderAsync(CommandBehavior behavior, CancellationToken cancellationToken)
   at Microsoft.EntityFrameworkCore.Storage.RelationalCommand.ExecuteReaderAsync(RelationalCommandParameterObject parameterObject, CancellationToken cancellationToken)
   at Microsoft.EntityFrameworkCore.Storage.RelationalCommand.ExecuteReaderAsync(RelationalCommandParameterObject parameterObject, CancellationToken cancellationToken)
   at Microsoft.EntityFrameworkCore.Update.ReaderModificationCommandBatch.ExecuteAsync(IRelationalConnection connection, CancellationToken cancellationToken)
  Exception data:
    Severity: ERROR
    SqlState: 23503
    MessageText: insert or update on table "CrmSupportTickets" violates foreign key constraint "FK_CrmSupportTickets_CrmCustomers_CustomerId"
    Detail: Detail redacted as it may contain sensitive data. Specify 'Include Error Detail' in the connection string to include this information.
    SchemaName: public
    TableName: CrmSupportTickets
    ConstraintName: FK_CrmSupportTickets_CrmCustomers_CustomerId
    File: ri_triggers.c
    Line: 2783
    Routine: ri_ReportViolation
   --- End of inner exception stack trace ---
   at Microsoft.EntityFrameworkCore.Update.ReaderModificationCommandBatch.ExecuteAsync(IRelationalConnection connection, CancellationToken cancellationToken)
   at Microsoft.EntityFrameworkCore.Update.Internal.BatchExecutor.ExecuteAsync(IEnumerable`1 commandBatches, IRelationalConnection connection, CancellationToken cancellationToken)
   at Microsoft.EntityFrameworkCore.Update.Internal.BatchExecutor.ExecuteAsync(IEnumerable`1 commandBatches, IRelationalConnection connection, CancellationToken cancellationToken)
   at Microsoft.EntityFrameworkCore.Update.Internal.BatchExecutor.ExecuteAsync(IEnumerable`1 commandBatches, IRelationalConnection connection, CancellationToken cancellationToken)
   at Microsoft.EntityFrameworkCore.Storage.RelationalDatabase.SaveChangesAsync(IList`1 entries, CancellationToken cancellationToken)
   at Microsoft.EntityFrameworkCore.ChangeTracking.Internal.StateManager.SaveChangesAsync(IList`1 entriesToSave, CancellationToken cancellationToken)
   at Microsoft.EntityFrameworkCore.ChangeTracking.Internal.StateManager.SaveChangesAsync(StateManager stateManager, Boolean acceptAllChangesOnSuccess, CancellationToken cancellationToken)
   at Npgsql.EntityFrameworkCore.PostgreSQL.Storage.Internal.NpgsqlExecutionStrategy.ExecuteAsync[TState,TResult](TState state, Func`4 operation, Func`4 verifySucceeded, CancellationToken cancellationToken)
   at Microsoft.EntityFrameworkCore.DbContext.SaveChangesAsync(Boolean acceptAllChangesOnSuccess, CancellationToken cancellationToken)
2026-07-03 17:43:19.059 +03:00 [ERR] Database migration or seed failed. Check PostgreSQL is running and ConnectionStrings:DefaultConnection is correct.
Microsoft.EntityFrameworkCore.DbUpdateException: An error occurred while saving the entity changes. See the inner exception for details.
 ---> Npgsql.PostgresException (0x80004005): 23503: insert or update on table "CrmSupportTickets" violates foreign key constraint "FK_CrmSupportTickets_CrmCustomers_CustomerId"

DETAIL: Detail redacted as it may contain sensitive data. Specify 'Include Error Detail' in the connection string to include this information.
   at Npgsql.Internal.NpgsqlConnector.ReadMessageLong(Boolean async, DataRowLoadingMode dataRowLoadingMode, Boolean readingNotifications, Boolean isReadingPrependedMessage)
   at System.Runtime.CompilerServices.PoolingAsyncValueTaskMethodBuilder`1.StateMachineBox`1.System.Threading.Tasks.Sources.IValueTaskSource<TResult>.GetResult(Int16 token)
   at Npgsql.NpgsqlDataReader.NextResult(Boolean async, Boolean isConsuming, CancellationToken cancellationToken)
   at Npgsql.NpgsqlDataReader.NextResult(Boolean async, Boolean isConsuming, CancellationToken cancellationToken)
   at Npgsql.NpgsqlCommand.ExecuteReader(Boolean async, CommandBehavior behavior, CancellationToken cancellationToken)
   at Npgsql.NpgsqlCommand.ExecuteReader(Boolean async, CommandBehavior behavior, CancellationToken cancellationToken)
   at Npgsql.NpgsqlCommand.ExecuteDbDataReaderAsync(CommandBehavior behavior, CancellationToken cancellationToken)
   at Microsoft.EntityFrameworkCore.Storage.RelationalCommand.ExecuteReaderAsync(RelationalCommandParameterObject parameterObject, CancellationToken cancellationToken)
   at Microsoft.EntityFrameworkCore.Storage.RelationalCommand.ExecuteReaderAsync(RelationalCommandParameterObject parameterObject, CancellationToken cancellationToken)
   at Microsoft.EntityFrameworkCore.Update.ReaderModificationCommandBatch.ExecuteAsync(IRelationalConnection connection, CancellationToken cancellationToken)
  Exception data:
    Severity: ERROR
    SqlState: 23503
    MessageText: insert or update on table "CrmSupportTickets" violates foreign key constraint "FK_CrmSupportTickets_CrmCustomers_CustomerId"
    Detail: Detail redacted as it may contain sensitive data. Specify 'Include Error Detail' in the connection string to include this information.
    SchemaName: public
    TableName: CrmSupportTickets
    ConstraintName: FK_CrmSupportTickets_CrmCustomers_CustomerId
    File: ri_triggers.c
    Line: 2783
    Routine: ri_ReportViolation
   --- End of inner exception stack trace ---
   at Microsoft.EntityFrameworkCore.Update.ReaderModificationCommandBatch.ExecuteAsync(IRelationalConnection connection, CancellationToken cancellationToken)
   at Microsoft.EntityFrameworkCore.Update.Internal.BatchExecutor.ExecuteAsync(IEnumerable`1 commandBatches, IRelationalConnection connection, CancellationToken cancellationToken)
   at Microsoft.EntityFrameworkCore.Update.Internal.BatchExecutor.ExecuteAsync(IEnumerable`1 commandBatches, IRelationalConnection connection, CancellationToken cancellationToken)
   at Microsoft.EntityFrameworkCore.Update.Internal.BatchExecutor.ExecuteAsync(IEnumerable`1 commandBatches, IRelationalConnection connection, CancellationToken cancellationToken)
   at Microsoft.EntityFrameworkCore.Storage.RelationalDatabase.SaveChangesAsync(IList`1 entries, CancellationToken cancellationToken)
   at Microsoft.EntityFrameworkCore.ChangeTracking.Internal.StateManager.SaveChangesAsync(IList`1 entriesToSave, CancellationToken cancellationToken)
   at Microsoft.EntityFrameworkCore.ChangeTracking.Internal.StateManager.SaveChangesAsync(StateManager stateManager, Boolean acceptAllChangesOnSuccess, CancellationToken cancellationToken)
   at Npgsql.EntityFrameworkCore.PostgreSQL.Storage.Internal.NpgsqlExecutionStrategy.ExecuteAsync[TState,TResult](TState state, Func`4 operation, Func`4 verifySucceeded, CancellationToken cancellationToken)
   at Microsoft.EntityFrameworkCore.DbContext.SaveChangesAsync(Boolean acceptAllChangesOnSuccess, CancellationToken cancellationToken)
   at Microsoft.EntityFrameworkCore.DbContext.SaveChangesAsync(Boolean acceptAllChangesOnSuccess, CancellationToken cancellationToken)
   at Biktal.Infrastructure.Persistence.CrmDataSeeder.SeedIfEmptyAsync(ApplicationDbContext db, CancellationToken cancellationToken)
   at Program.<Main>$(String[] args) in d:\Systems\BiktalSystems\Program.cs:line 71
2026-07-03 17:43:19.064 +03:00 [WRN] Continuing without a successful migration/seed. Auth and data pages may fail until the database is available.
2026-07-03 17:43:19.086 +03:00 [WRN] Using an in-memory repository. Keys will not be persisted to storage.
2026-07-03 17:43:19.086 +03:00 [WRN] Neither user profile nor HKLM registry available. Using an ephemeral key repository. Protected data will be unavailable when application exits.
2026-07-03 17:43:19.103 +03:00 [WRN] No XML encryptor configured. Key {61a06c88-a02d-4779-9571-861bb670f0dd} may be persisted to storage in unencrypted form.
2026-07-03 17:43:19.149 +03:00 [INF] Application started. Press Ctrl+C to shut down.
2026-07-03 17:43:19.149 +03:00 [INF] Hosting environment: Production
2026-07-03 17:43:19.149 +03:00 [INF] Content root path: D:\Systems\BiktalSystems\publish
2026-07-03 17:43:19.250 +03:00 [INF] HTTP POST /Pos/CompleteSale responded 302 in 80.6162 ms
2026-07-03 17:43:19.388 +03:00 [ERR] An exception was thrown while deserializing the token.
Microsoft.AspNetCore.Antiforgery.AntiforgeryValidationException: The antiforgery token could not be decrypted.
 ---> System.Security.Cryptography.CryptographicException: The key {4935b6a7-cb15-4e37-af9d-246acb438097} was not found in the key ring. For more information go to https://aka.ms/aspnet/dataprotectionwarning
   at Microsoft.AspNetCore.DataProtection.KeyManagement.KeyRingBasedDataProtector.UnprotectCore(Byte[] protectedData, Boolean allowOperationsOnRevokedKeys, UnprotectStatus& status)
   at Microsoft.AspNetCore.DataProtection.KeyManagement.KeyRingBasedDataProtector.Unprotect(Byte[] protectedData)
   at Microsoft.AspNetCore.Antiforgery.DefaultAntiforgeryTokenSerializer.Deserialize(String serializedToken)
   --- End of inner exception stack trace ---
   at Microsoft.AspNetCore.Antiforgery.DefaultAntiforgeryTokenSerializer.Deserialize(String serializedToken)
   at Microsoft.AspNetCore.Antiforgery.DefaultAntiforgery.GetCookieTokenDoesNotThrow(HttpContext httpContext)
2026-07-03 17:43:19.531 +03:00 [INF] HTTP GET /Account/Login responded 200 in 265.9328 ms
2026-07-03 18:03:43.065 +03:00 [INF] Application is shutting down...
2026-07-03 19:08:57.828 +03:00 [ERR] Failed executing DbCommand (18ms) [Parameters=[@p0='?' (DbType = Guid), @p1='?' (DbType = DateTime), @p2='?' (DbType = Guid), @p3='?', @p4='?' (DbType = DateTime), @p5='?' (DbType = Int32), @p6='?' (DbType = Int32), @p7='?', @p8='?', @p9='?' (DbType = Guid), @p10='?' (DbType = DateTime), @p11='?' (DbType = Guid), @p12='?', @p13='?' (DbType = DateTime), @p14='?' (DbType = Int32), @p15='?' (DbType = Int32), @p16='?', @p17='?'], CommandType='"Text"', CommandTimeout='30']
INSERT INTO "CrmSupportTickets" ("Id", "CreatedAtUtc", "CustomerId", "Description", "ModifiedAtUtc", "Priority", "Status", "Subject", "TicketNumber")
VALUES (@p0, @p1, @p2, @p3, @p4, @p5, @p6, @p7, @p8);
INSERT INTO "CrmSupportTickets" ("Id", "CreatedAtUtc", "CustomerId", "Description", "ModifiedAtUtc", "Priority", "Status", "Subject", "TicketNumber")
VALUES (@p9, @p10, @p11, @p12, @p13, @p14, @p15, @p16, @p17);
2026-07-03 19:08:57.905 +03:00 [ERR] An exception occurred in the database while saving changes for context type 'Biktal.Infrastructure.Persistence.ApplicationDbContext'.
Microsoft.EntityFrameworkCore.DbUpdateException: An error occurred while saving the entity changes. See the inner exception for details.
 ---> Npgsql.PostgresException (0x80004005): 23503: insert or update on table "CrmSupportTickets" violates foreign key constraint "FK_CrmSupportTickets_CrmCustomers_CustomerId"

DETAIL: Detail redacted as it may contain sensitive data. Specify 'Include Error Detail' in the connection string to include this information.
   at Npgsql.Internal.NpgsqlConnector.ReadMessageLong(Boolean async, DataRowLoadingMode dataRowLoadingMode, Boolean readingNotifications, Boolean isReadingPrependedMessage)
   at System.Runtime.CompilerServices.PoolingAsyncValueTaskMethodBuilder`1.StateMachineBox`1.System.Threading.Tasks.Sources.IValueTaskSource<TResult>.GetResult(Int16 token)
   at Npgsql.NpgsqlDataReader.NextResult(Boolean async, Boolean isConsuming, CancellationToken cancellationToken)
   at Npgsql.NpgsqlDataReader.NextResult(Boolean async, Boolean isConsuming, CancellationToken cancellationToken)
   at Npgsql.NpgsqlCommand.ExecuteReader(Boolean async, CommandBehavior behavior, CancellationToken cancellationToken)
   at Npgsql.NpgsqlCommand.ExecuteReader(Boolean async, CommandBehavior behavior, CancellationToken cancellationToken)
   at Npgsql.NpgsqlCommand.ExecuteDbDataReaderAsync(CommandBehavior behavior, CancellationToken cancellationToken)
   at Microsoft.EntityFrameworkCore.Storage.RelationalCommand.ExecuteReaderAsync(RelationalCommandParameterObject parameterObject, CancellationToken cancellationToken)
   at Microsoft.EntityFrameworkCore.Storage.RelationalCommand.ExecuteReaderAsync(RelationalCommandParameterObject parameterObject, CancellationToken cancellationToken)
   at Microsoft.EntityFrameworkCore.Update.ReaderModificationCommandBatch.ExecuteAsync(IRelationalConnection connection, CancellationToken cancellationToken)
  Exception data:
    Severity: ERROR
    SqlState: 23503
    MessageText: insert or update on table "CrmSupportTickets" violates foreign key constraint "FK_CrmSupportTickets_CrmCustomers_CustomerId"
    Detail: Detail redacted as it may contain sensitive data. Specify 'Include Error Detail' in the connection string to include this information.
    SchemaName: public
    TableName: CrmSupportTickets
    ConstraintName: FK_CrmSupportTickets_CrmCustomers_CustomerId
    File: ri_triggers.c
    Line: 2783
    Routine: ri_ReportViolation
   --- End of inner exception stack trace ---
   at Microsoft.EntityFrameworkCore.Update.ReaderModificationCommandBatch.ExecuteAsync(IRelationalConnection connection, CancellationToken cancellationToken)
   at Microsoft.EntityFrameworkCore.Update.Internal.BatchExecutor.ExecuteAsync(IEnumerable`1 commandBatches, IRelationalConnection connection, CancellationToken cancellationToken)
   at Microsoft.EntityFrameworkCore.Update.Internal.BatchExecutor.ExecuteAsync(IEnumerable`1 commandBatches, IRelationalConnection connection, CancellationToken cancellationToken)
   at Microsoft.EntityFrameworkCore.Update.Internal.BatchExecutor.ExecuteAsync(IEnumerable`1 commandBatches, IRelationalConnection connection, CancellationToken cancellationToken)
   at Microsoft.EntityFrameworkCore.Storage.RelationalDatabase.SaveChangesAsync(IList`1 entries, CancellationToken cancellationToken)
   at Microsoft.EntityFrameworkCore.ChangeTracking.Internal.StateManager.SaveChangesAsync(IList`1 entriesToSave, CancellationToken cancellationToken)
   at Microsoft.EntityFrameworkCore.ChangeTracking.Internal.StateManager.SaveChangesAsync(StateManager stateManager, Boolean acceptAllChangesOnSuccess, CancellationToken cancellationToken)
   at Npgsql.EntityFrameworkCore.PostgreSQL.Storage.Internal.NpgsqlExecutionStrategy.ExecuteAsync[TState,TResult](TState state, Func`4 operation, Func`4 verifySucceeded, CancellationToken cancellationToken)
   at Microsoft.EntityFrameworkCore.DbContext.SaveChangesAsync(Boolean acceptAllChangesOnSuccess, CancellationToken cancellationToken)
Microsoft.EntityFrameworkCore.DbUpdateException: An error occurred while saving the entity changes. See the inner exception for details.
 ---> Npgsql.PostgresException (0x80004005): 23503: insert or update on table "CrmSupportTickets" violates foreign key constraint "FK_CrmSupportTickets_CrmCustomers_CustomerId"

DETAIL: Detail redacted as it may contain sensitive data. Specify 'Include Error Detail' in the connection string to include this information.
   at Npgsql.Internal.NpgsqlConnector.ReadMessageLong(Boolean async, DataRowLoadingMode dataRowLoadingMode, Boolean readingNotifications, Boolean isReadingPrependedMessage)
   at System.Runtime.CompilerServices.PoolingAsyncValueTaskMethodBuilder`1.StateMachineBox`1.System.Threading.Tasks.Sources.IValueTaskSource<TResult>.GetResult(Int16 token)
   at Npgsql.NpgsqlDataReader.NextResult(Boolean async, Boolean isConsuming, CancellationToken cancellationToken)
   at Npgsql.NpgsqlDataReader.NextResult(Boolean async, Boolean isConsuming, CancellationToken cancellationToken)
   at Npgsql.NpgsqlCommand.ExecuteReader(Boolean async, CommandBehavior behavior, CancellationToken cancellationToken)
   at Npgsql.NpgsqlCommand.ExecuteReader(Boolean async, CommandBehavior behavior, CancellationToken cancellationToken)
   at Npgsql.NpgsqlCommand.ExecuteDbDataReaderAsync(CommandBehavior behavior, CancellationToken cancellationToken)
   at Microsoft.EntityFrameworkCore.Storage.RelationalCommand.ExecuteReaderAsync(RelationalCommandParameterObject parameterObject, CancellationToken cancellationToken)
   at Microsoft.EntityFrameworkCore.Storage.RelationalCommand.ExecuteReaderAsync(RelationalCommandParameterObject parameterObject, CancellationToken cancellationToken)
   at Microsoft.EntityFrameworkCore.Update.ReaderModificationCommandBatch.ExecuteAsync(IRelationalConnection connection, CancellationToken cancellationToken)
  Exception data:
    Severity: ERROR
    SqlState: 23503
    MessageText: insert or update on table "CrmSupportTickets" violates foreign key constraint "FK_CrmSupportTickets_CrmCustomers_CustomerId"
    Detail: Detail redacted as it may contain sensitive data. Specify 'Include Error Detail' in the connection string to include this information.
    SchemaName: public
    TableName: CrmSupportTickets
    ConstraintName: FK_CrmSupportTickets_CrmCustomers_CustomerId
    File: ri_triggers.c
    Line: 2783
    Routine: ri_ReportViolation
   --- End of inner exception stack trace ---
   at Microsoft.EntityFrameworkCore.Update.ReaderModificationCommandBatch.ExecuteAsync(IRelationalConnection connection, CancellationToken cancellationToken)
   at Microsoft.EntityFrameworkCore.Update.Internal.BatchExecutor.ExecuteAsync(IEnumerable`1 commandBatches, IRelationalConnection connection, CancellationToken cancellationToken)
   at Microsoft.EntityFrameworkCore.Update.Internal.BatchExecutor.ExecuteAsync(IEnumerable`1 commandBatches, IRelationalConnection connection, CancellationToken cancellationToken)
   at Microsoft.EntityFrameworkCore.Update.Internal.BatchExecutor.ExecuteAsync(IEnumerable`1 commandBatches, IRelationalConnection connection, CancellationToken cancellationToken)
   at Microsoft.EntityFrameworkCore.Storage.RelationalDatabase.SaveChangesAsync(IList`1 entries, CancellationToken cancellationToken)
   at Microsoft.EntityFrameworkCore.ChangeTracking.Internal.StateManager.SaveChangesAsync(IList`1 entriesToSave, CancellationToken cancellationToken)
   at Microsoft.EntityFrameworkCore.ChangeTracking.Internal.StateManager.SaveChangesAsync(StateManager stateManager, Boolean acceptAllChangesOnSuccess, CancellationToken cancellationToken)
   at Npgsql.EntityFrameworkCore.PostgreSQL.Storage.Internal.NpgsqlExecutionStrategy.ExecuteAsync[TState,TResult](TState state, Func`4 operation, Func`4 verifySucceeded, CancellationToken cancellationToken)
   at Microsoft.EntityFrameworkCore.DbContext.SaveChangesAsync(Boolean acceptAllChangesOnSuccess, CancellationToken cancellationToken)
2026-07-03 19:08:57.911 +03:00 [ERR] Database migration or seed failed. Check PostgreSQL is running and ConnectionStrings:DefaultConnection is correct.
Microsoft.EntityFrameworkCore.DbUpdateException: An error occurred while saving the entity changes. See the inner exception for details.
 ---> Npgsql.PostgresException (0x80004005): 23503: insert or update on table "CrmSupportTickets" violates foreign key constraint "FK_CrmSupportTickets_CrmCustomers_CustomerId"

DETAIL: Detail redacted as it may contain sensitive data. Specify 'Include Error Detail' in the connection string to include this information.
   at Npgsql.Internal.NpgsqlConnector.ReadMessageLong(Boolean async, DataRowLoadingMode dataRowLoadingMode, Boolean readingNotifications, Boolean isReadingPrependedMessage)
   at System.Runtime.CompilerServices.PoolingAsyncValueTaskMethodBuilder`1.StateMachineBox`1.System.Threading.Tasks.Sources.IValueTaskSource<TResult>.GetResult(Int16 token)
   at Npgsql.NpgsqlDataReader.NextResult(Boolean async, Boolean isConsuming, CancellationToken cancellationToken)
   at Npgsql.NpgsqlDataReader.NextResult(Boolean async, Boolean isConsuming, CancellationToken cancellationToken)
   at Npgsql.NpgsqlCommand.ExecuteReader(Boolean async, CommandBehavior behavior, CancellationToken cancellationToken)
   at Npgsql.NpgsqlCommand.ExecuteReader(Boolean async, CommandBehavior behavior, CancellationToken cancellationToken)
   at Npgsql.NpgsqlCommand.ExecuteDbDataReaderAsync(CommandBehavior behavior, CancellationToken cancellationToken)
   at Microsoft.EntityFrameworkCore.Storage.RelationalCommand.ExecuteReaderAsync(RelationalCommandParameterObject parameterObject, CancellationToken cancellationToken)
   at Microsoft.EntityFrameworkCore.Storage.RelationalCommand.ExecuteReaderAsync(RelationalCommandParameterObject parameterObject, CancellationToken cancellationToken)
   at Microsoft.EntityFrameworkCore.Update.ReaderModificationCommandBatch.ExecuteAsync(IRelationalConnection connection, CancellationToken cancellationToken)
  Exception data:
    Severity: ERROR
    SqlState: 23503
    MessageText: insert or update on table "CrmSupportTickets" violates foreign key constraint "FK_CrmSupportTickets_CrmCustomers_CustomerId"
    Detail: Detail redacted as it may contain sensitive data. Specify 'Include Error Detail' in the connection string to include this information.
    SchemaName: public
    TableName: CrmSupportTickets
    ConstraintName: FK_CrmSupportTickets_CrmCustomers_CustomerId
    File: ri_triggers.c
    Line: 2783
    Routine: ri_ReportViolation
   --- End of inner exception stack trace ---
   at Microsoft.EntityFrameworkCore.Update.ReaderModificationCommandBatch.ExecuteAsync(IRelationalConnection connection, CancellationToken cancellationToken)
   at Microsoft.EntityFrameworkCore.Update.Internal.BatchExecutor.ExecuteAsync(IEnumerable`1 commandBatches, IRelationalConnection connection, CancellationToken cancellationToken)
   at Microsoft.EntityFrameworkCore.Update.Internal.BatchExecutor.ExecuteAsync(IEnumerable`1 commandBatches, IRelationalConnection connection, CancellationToken cancellationToken)
   at Microsoft.EntityFrameworkCore.Update.Internal.BatchExecutor.ExecuteAsync(IEnumerable`1 commandBatches, IRelationalConnection connection, CancellationToken cancellationToken)
   at Microsoft.EntityFrameworkCore.Storage.RelationalDatabase.SaveChangesAsync(IList`1 entries, CancellationToken cancellationToken)
   at Microsoft.EntityFrameworkCore.ChangeTracking.Internal.StateManager.SaveChangesAsync(IList`1 entriesToSave, CancellationToken cancellationToken)
   at Microsoft.EntityFrameworkCore.ChangeTracking.Internal.StateManager.SaveChangesAsync(StateManager stateManager, Boolean acceptAllChangesOnSuccess, CancellationToken cancellationToken)
   at Npgsql.EntityFrameworkCore.PostgreSQL.Storage.Internal.NpgsqlExecutionStrategy.ExecuteAsync[TState,TResult](TState state, Func`4 operation, Func`4 verifySucceeded, CancellationToken cancellationToken)
   at Microsoft.EntityFrameworkCore.DbContext.SaveChangesAsync(Boolean acceptAllChangesOnSuccess, CancellationToken cancellationToken)
   at Microsoft.EntityFrameworkCore.DbContext.SaveChangesAsync(Boolean acceptAllChangesOnSuccess, CancellationToken cancellationToken)
   at Biktal.Infrastructure.Persistence.CrmDataSeeder.SeedIfEmptyAsync(ApplicationDbContext db, CancellationToken cancellationToken)
   at Program.<Main>$(String[] args) in d:\Systems\BiktalSystems\Program.cs:line 71
2026-07-03 19:08:57.926 +03:00 [WRN] Continuing without a successful migration/seed. Auth and data pages may fail until the database is available.
2026-07-03 19:08:57.952 +03:00 [WRN] Using an in-memory repository. Keys will not be persisted to storage.
2026-07-03 19:08:57.952 +03:00 [WRN] Neither user profile nor HKLM registry available. Using an ephemeral key repository. Protected data will be unavailable when application exits.
2026-07-03 19:08:57.971 +03:00 [WRN] No XML encryptor configured. Key {d18a7f30-9207-4f22-8138-d4f0b6456556} may be persisted to storage in unencrypted form.
2026-07-03 19:08:58.023 +03:00 [INF] Application started. Press Ctrl+C to shut down.
2026-07-03 19:08:58.023 +03:00 [INF] Hosting environment: Production
2026-07-03 19:08:58.024 +03:00 [INF] Content root path: D:\Systems\BiktalSystems\publish
2026-07-03 19:08:58.135 +03:00 [INF] HTTP GET /Inventory responded 302 in 88.7906 ms
2026-07-03 19:08:58.284 +03:00 [ERR] An exception was thrown while deserializing the token.
Microsoft.AspNetCore.Antiforgery.AntiforgeryValidationException: The antiforgery token could not be decrypted.
 ---> System.Security.Cryptography.CryptographicException: The key {61a06c88-a02d-4779-9571-861bb670f0dd} was not found in the key ring. For more information go to https://aka.ms/aspnet/dataprotectionwarning
   at Microsoft.AspNetCore.DataProtection.KeyManagement.KeyRingBasedDataProtector.UnprotectCore(Byte[] protectedData, Boolean allowOperationsOnRevokedKeys, UnprotectStatus& status)
   at Microsoft.AspNetCore.DataProtection.KeyManagement.KeyRingBasedDataProtector.Unprotect(Byte[] protectedData)
   at Microsoft.AspNetCore.Antiforgery.DefaultAntiforgeryTokenSerializer.Deserialize(String serializedToken)
   --- End of inner exception stack trace ---
   at Microsoft.AspNetCore.Antiforgery.DefaultAntiforgeryTokenSerializer.Deserialize(String serializedToken)
   at Microsoft.AspNetCore.Antiforgery.DefaultAntiforgery.GetCookieTokenDoesNotThrow(HttpContext httpContext)
2026-07-03 19:08:58.401 +03:00 [INF] HTTP GET /Account/Login responded 200 in 247.7052 ms
2026-07-03 19:08:58.624 +03:00 [INF] HTTP GET /css/site.css responded 200 in 118.7284 ms
2026-07-03 19:08:58.625 +03:00 [INF] HTTP GET /lib/jquery-validation-unobtrusive/dist/jquery.validate.unobtrusive.min.js responded 200 in 117.8749 ms
2026-07-03 19:08:58.624 +03:00 [INF] HTTP GET /lib/jquery-validation/dist/jquery.validate.min.js responded 200 in 79.5434 ms
2026-07-03 19:08:58.627 +03:00 [INF] HTTP GET /js/site.js responded 200 in 108.4469 ms
2026-07-03 19:08:58.627 +03:00 [INF] HTTP GET /Biktal.WebMVC.styles.css responded 200 in 126.1905 ms
2026-07-03 19:08:58.628 +03:00 [INF] HTTP GET /lib/jquery/dist/jquery.min.js responded 200 in 111.4013 ms
2026-07-03 19:08:58.628 +03:00 [INF] HTTP GET /lib/bootstrap/dist/css/bootstrap.min.css responded 200 in 136.4167 ms
2026-07-03 19:08:58.670 +03:00 [INF] HTTP GET /lib/bootstrap/dist/js/bootstrap.bundle.min.js responded 200 in 163.8138 ms
2026-07-03 19:09:08.211 +03:00 [INF] HTTP POST /Account/Login responded 200 in 401.9001 ms
2026-07-03 19:09:08.340 +03:00 [INF] HTTP GET /lib/jquery-validation-unobtrusive/dist/jquery.validate.unobtrusive.min.js responded 304 in 39.7200 ms
2026-07-03 19:09:08.340 +03:00 [INF] HTTP GET /js/site.js responded 304 in 27.3932 ms
2026-07-03 19:09:08.340 +03:00 [INF] HTTP GET /lib/jquery/dist/jquery.min.js responded 304 in 54.7655 ms
2026-07-03 19:09:08.340 +03:00 [INF] HTTP GET /css/site.css responded 200 in 53.4936 ms
2026-07-03 19:09:08.341 +03:00 [INF] HTTP GET /Biktal.WebMVC.styles.css responded 200 in 44.4630 ms
2026-07-03 19:09:08.341 +03:00 [INF] HTTP GET /lib/bootstrap/dist/css/bootstrap.min.css responded 200 in 68.3865 ms
2026-07-03 19:09:08.341 +03:00 [INF] HTTP GET /lib/jquery-validation/dist/jquery.validate.min.js responded 304 in 24.3303 ms
2026-07-03 19:09:08.459 +03:00 [INF] HTTP GET /lib/bootstrap/dist/js/bootstrap.bundle.min.js responded 304 in 159.6237 ms
2026-07-03 19:09:15.114 +03:00 [INF] HTTP POST /Account/Login responded 302 in 319.9036 ms
2026-07-03 19:09:15.291 +03:00 [INF] HTTP GET /Inventory responded 200 in 172.0172 ms
2026-07-03 19:09:15.358 +03:00 [INF] HTTP GET /lib/bootstrap/dist/css/bootstrap.min.css responded 200 in 15.0279 ms
2026-07-03 19:09:15.372 +03:00 [INF] HTTP GET /lib/jquery/dist/jquery.min.js responded 304 in 3.4502 ms
2026-07-03 19:09:15.373 +03:00 [INF] HTTP GET /Biktal.WebMVC.styles.css responded 200 in 7.0005 ms
2026-07-03 19:09:15.373 +03:00 [INF] HTTP GET /css/site.css responded 200 in 10.6774 ms
2026-07-03 19:09:15.375 +03:00 [INF] HTTP GET /lib/bootstrap/dist/js/bootstrap.bundle.min.js responded 304 in 1.2836 ms
2026-07-03 19:09:15.380 +03:00 [INF] HTTP GET /js/site.js responded 304 in 1.0553 ms
2026-07-03 19:19:33.955 +03:00 [INF] HTTP GET /Inventory/Products responded 200 in 496.2550 ms
2026-07-03 19:19:34.010 +03:00 [INF] HTTP GET /lib/bootstrap/dist/css/bootstrap.min.css responded 200 in 3.5034 ms
2026-07-03 19:19:34.020 +03:00 [INF] HTTP GET /css/site.css responded 200 in 3.7323 ms
2026-07-03 19:19:34.033 +03:00 [INF] HTTP GET /Biktal.WebMVC.styles.css responded 200 in 2.6961 ms
2026-07-03 19:19:35.172 +03:00 [INF] HTTP GET /lib/jquery/dist/jquery.min.js responded 200 in 1.5568 ms
2026-07-03 19:19:35.205 +03:00 [INF] HTTP GET /lib/bootstrap/dist/js/bootstrap.bundle.min.js responded 200 in 2.2260 ms
2026-07-03 19:19:35.207 +03:00 [INF] HTTP GET /lib/jquery-validation-unobtrusive/dist/jquery.validate.unobtrusive.min.js responded 200 in 2.8003 ms
2026-07-03 19:19:35.209 +03:00 [INF] HTTP GET /lib/jquery-validation/dist/jquery.validate.min.js responded 200 in 2.9958 ms
2026-07-03 19:19:35.211 +03:00 [INF] HTTP GET /js/site.js responded 200 in 2.8427 ms
2026-07-03 19:19:35.224 +03:00 [INF] HTTP GET /js/products-catalog-filter.js responded 200 in 11.9969 ms
2026-07-03 19:39:49.630 +03:00 [INF] Application is shutting down...
2026-07-03 21:54:14.557 +03:00 [ERR] Failed executing DbCommand (43ms) [Parameters=[@p0='?' (DbType = Guid), @p1='?' (DbType = DateTime), @p2='?' (DbType = Guid), @p3='?', @p4='?' (DbType = DateTime), @p5='?' (DbType = Int32), @p6='?' (DbType = Int32), @p7='?', @p8='?', @p9='?' (DbType = Guid), @p10='?' (DbType = DateTime), @p11='?' (DbType = Guid), @p12='?', @p13='?' (DbType = DateTime), @p14='?' (DbType = Int32), @p15='?' (DbType = Int32), @p16='?', @p17='?'], CommandType='"Text"', CommandTimeout='30']
INSERT INTO "CrmSupportTickets" ("Id", "CreatedAtUtc", "CustomerId", "Description", "ModifiedAtUtc", "Priority", "Status", "Subject", "TicketNumber")
VALUES (@p0, @p1, @p2, @p3, @p4, @p5, @p6, @p7, @p8);
INSERT INTO "CrmSupportTickets" ("Id", "CreatedAtUtc", "CustomerId", "Description", "ModifiedAtUtc", "Priority", "Status", "Subject", "TicketNumber")
VALUES (@p9, @p10, @p11, @p12, @p13, @p14, @p15, @p16, @p17);
2026-07-03 21:54:14.664 +03:00 [ERR] An exception occurred in the database while saving changes for context type 'Biktal.Infrastructure.Persistence.ApplicationDbContext'.
Microsoft.EntityFrameworkCore.DbUpdateException: An error occurred while saving the entity changes. See the inner exception for details.
 ---> Npgsql.PostgresException (0x80004005): 23503: insert or update on table "CrmSupportTickets" violates foreign key constraint "FK_CrmSupportTickets_CrmCustomers_CustomerId"

DETAIL: Detail redacted as it may contain sensitive data. Specify 'Include Error Detail' in the connection string to include this information.
   at Npgsql.Internal.NpgsqlConnector.ReadMessageLong(Boolean async, DataRowLoadingMode dataRowLoadingMode, Boolean readingNotifications, Boolean isReadingPrependedMessage)
   at System.Runtime.CompilerServices.PoolingAsyncValueTaskMethodBuilder`1.StateMachineBox`1.System.Threading.Tasks.Sources.IValueTaskSource<TResult>.GetResult(Int16 token)
   at Npgsql.NpgsqlDataReader.NextResult(Boolean async, Boolean isConsuming, CancellationToken cancellationToken)
   at Npgsql.NpgsqlDataReader.NextResult(Boolean async, Boolean isConsuming, CancellationToken cancellationToken)
   at Npgsql.NpgsqlCommand.ExecuteReader(Boolean async, CommandBehavior behavior, CancellationToken cancellationToken)
   at Npgsql.NpgsqlCommand.ExecuteReader(Boolean async, CommandBehavior behavior, CancellationToken cancellationToken)
   at Npgsql.NpgsqlCommand.ExecuteDbDataReaderAsync(CommandBehavior behavior, CancellationToken cancellationToken)
   at Microsoft.EntityFrameworkCore.Storage.RelationalCommand.ExecuteReaderAsync(RelationalCommandParameterObject parameterObject, CancellationToken cancellationToken)
   at Microsoft.EntityFrameworkCore.Storage.RelationalCommand.ExecuteReaderAsync(RelationalCommandParameterObject parameterObject, CancellationToken cancellationToken)
   at Microsoft.EntityFrameworkCore.Update.ReaderModificationCommandBatch.ExecuteAsync(IRelationalConnection connection, CancellationToken cancellationToken)
  Exception data:
    Severity: ERROR
    SqlState: 23503
    MessageText: insert or update on table "CrmSupportTickets" violates foreign key constraint "FK_CrmSupportTickets_CrmCustomers_CustomerId"
    Detail: Detail redacted as it may contain sensitive data. Specify 'Include Error Detail' in the connection string to include this information.
    SchemaName: public
    TableName: CrmSupportTickets
    ConstraintName: FK_CrmSupportTickets_CrmCustomers_CustomerId
    File: ri_triggers.c
    Line: 2783
    Routine: ri_ReportViolation
   --- End of inner exception stack trace ---
   at Microsoft.EntityFrameworkCore.Update.ReaderModificationCommandBatch.ExecuteAsync(IRelationalConnection connection, CancellationToken cancellationToken)
   at Microsoft.EntityFrameworkCore.Update.Internal.BatchExecutor.ExecuteAsync(IEnumerable`1 commandBatches, IRelationalConnection connection, CancellationToken cancellationToken)
   at Microsoft.EntityFrameworkCore.Update.Internal.BatchExecutor.ExecuteAsync(IEnumerable`1 commandBatches, IRelationalConnection connection, CancellationToken cancellationToken)
   at Microsoft.EntityFrameworkCore.Update.Internal.BatchExecutor.ExecuteAsync(IEnumerable`1 commandBatches, IRelationalConnection connection, CancellationToken cancellationToken)
   at Microsoft.EntityFrameworkCore.Storage.RelationalDatabase.SaveChangesAsync(IList`1 entries, CancellationToken cancellationToken)
   at Microsoft.EntityFrameworkCore.ChangeTracking.Internal.StateManager.SaveChangesAsync(IList`1 entriesToSave, CancellationToken cancellationToken)
   at Microsoft.EntityFrameworkCore.ChangeTracking.Internal.StateManager.SaveChangesAsync(StateManager stateManager, Boolean acceptAllChangesOnSuccess, CancellationToken cancellationToken)
   at Npgsql.EntityFrameworkCore.PostgreSQL.Storage.Internal.NpgsqlExecutionStrategy.ExecuteAsync[TState,TResult](TState state, Func`4 operation, Func`4 verifySucceeded, CancellationToken cancellationToken)
   at Microsoft.EntityFrameworkCore.DbContext.SaveChangesAsync(Boolean acceptAllChangesOnSuccess, CancellationToken cancellationToken)
Microsoft.EntityFrameworkCore.DbUpdateException: An error occurred while saving the entity changes. See the inner exception for details.
 ---> Npgsql.PostgresException (0x80004005): 23503: insert or update on table "CrmSupportTickets" violates foreign key constraint "FK_CrmSupportTickets_CrmCustomers_CustomerId"

DETAIL: Detail redacted as it may contain sensitive data. Specify 'Include Error Detail' in the connection string to include this information.
   at Npgsql.Internal.NpgsqlConnector.ReadMessageLong(Boolean async, DataRowLoadingMode dataRowLoadingMode, Boolean readingNotifications, Boolean isReadingPrependedMessage)
   at System.Runtime.CompilerServices.PoolingAsyncValueTaskMethodBuilder`1.StateMachineBox`1.System.Threading.Tasks.Sources.IValueTaskSource<TResult>.GetResult(Int16 token)
   at Npgsql.NpgsqlDataReader.NextResult(Boolean async, Boolean isConsuming, CancellationToken cancellationToken)
   at Npgsql.NpgsqlDataReader.NextResult(Boolean async, Boolean isConsuming, CancellationToken cancellationToken)
   at Npgsql.NpgsqlCommand.ExecuteReader(Boolean async, CommandBehavior behavior, CancellationToken cancellationToken)
   at Npgsql.NpgsqlCommand.ExecuteReader(Boolean async, CommandBehavior behavior, CancellationToken cancellationToken)
   at Npgsql.NpgsqlCommand.ExecuteDbDataReaderAsync(CommandBehavior behavior, CancellationToken cancellationToken)
   at Microsoft.EntityFrameworkCore.Storage.RelationalCommand.ExecuteReaderAsync(RelationalCommandParameterObject parameterObject, CancellationToken cancellationToken)
   at Microsoft.EntityFrameworkCore.Storage.RelationalCommand.ExecuteReaderAsync(RelationalCommandParameterObject parameterObject, CancellationToken cancellationToken)
   at Microsoft.EntityFrameworkCore.Update.ReaderModificationCommandBatch.ExecuteAsync(IRelationalConnection connection, CancellationToken cancellationToken)
  Exception data:
    Severity: ERROR
    SqlState: 23503
    MessageText: insert or update on table "CrmSupportTickets" violates foreign key constraint "FK_CrmSupportTickets_CrmCustomers_CustomerId"
    Detail: Detail redacted as it may contain sensitive data. Specify 'Include Error Detail' in the connection string to include this information.
    SchemaName: public
    TableName: CrmSupportTickets
    ConstraintName: FK_CrmSupportTickets_CrmCustomers_CustomerId
    File: ri_triggers.c
    Line: 2783
    Routine: ri_ReportViolation
   --- End of inner exception stack trace ---
   at Microsoft.EntityFrameworkCore.Update.ReaderModificationCommandBatch.ExecuteAsync(IRelationalConnection connection, CancellationToken cancellationToken)
   at Microsoft.EntityFrameworkCore.Update.Internal.BatchExecutor.ExecuteAsync(IEnumerable`1 commandBatches, IRelationalConnection connection, CancellationToken cancellationToken)
   at Microsoft.EntityFrameworkCore.Update.Internal.BatchExecutor.ExecuteAsync(IEnumerable`1 commandBatches, IRelationalConnection connection, CancellationToken cancellationToken)
   at Microsoft.EntityFrameworkCore.Update.Internal.BatchExecutor.ExecuteAsync(IEnumerable`1 commandBatches, IRelationalConnection connection, CancellationToken cancellationToken)
   at Microsoft.EntityFrameworkCore.Storage.RelationalDatabase.SaveChangesAsync(IList`1 entries, CancellationToken cancellationToken)
   at Microsoft.EntityFrameworkCore.ChangeTracking.Internal.StateManager.SaveChangesAsync(IList`1 entriesToSave, CancellationToken cancellationToken)
   at Microsoft.EntityFrameworkCore.ChangeTracking.Internal.StateManager.SaveChangesAsync(StateManager stateManager, Boolean acceptAllChangesOnSuccess, CancellationToken cancellationToken)
   at Npgsql.EntityFrameworkCore.PostgreSQL.Storage.Internal.NpgsqlExecutionStrategy.ExecuteAsync[TState,TResult](TState state, Func`4 operation, Func`4 verifySucceeded, CancellationToken cancellationToken)
   at Microsoft.EntityFrameworkCore.DbContext.SaveChangesAsync(Boolean acceptAllChangesOnSuccess, CancellationToken cancellationToken)
2026-07-03 21:54:14.671 +03:00 [ERR] Database migration or seed failed. Check PostgreSQL is running and ConnectionStrings:DefaultConnection is correct.
Microsoft.EntityFrameworkCore.DbUpdateException: An error occurred while saving the entity changes. See the inner exception for details.
 ---> Npgsql.PostgresException (0x80004005): 23503: insert or update on table "CrmSupportTickets" violates foreign key constraint "FK_CrmSupportTickets_CrmCustomers_CustomerId"

DETAIL: Detail redacted as it may contain sensitive data. Specify 'Include Error Detail' in the connection string to include this information.
   at Npgsql.Internal.NpgsqlConnector.ReadMessageLong(Boolean async, DataRowLoadingMode dataRowLoadingMode, Boolean readingNotifications, Boolean isReadingPrependedMessage)
   at System.Runtime.CompilerServices.PoolingAsyncValueTaskMethodBuilder`1.StateMachineBox`1.System.Threading.Tasks.Sources.IValueTaskSource<TResult>.GetResult(Int16 token)
   at Npgsql.NpgsqlDataReader.NextResult(Boolean async, Boolean isConsuming, CancellationToken cancellationToken)
   at Npgsql.NpgsqlDataReader.NextResult(Boolean async, Boolean isConsuming, CancellationToken cancellationToken)
   at Npgsql.NpgsqlCommand.ExecuteReader(Boolean async, CommandBehavior behavior, CancellationToken cancellationToken)
   at Npgsql.NpgsqlCommand.ExecuteReader(Boolean async, CommandBehavior behavior, CancellationToken cancellationToken)
   at Npgsql.NpgsqlCommand.ExecuteDbDataReaderAsync(CommandBehavior behavior, CancellationToken cancellationToken)
   at Microsoft.EntityFrameworkCore.Storage.RelationalCommand.ExecuteReaderAsync(RelationalCommandParameterObject parameterObject, CancellationToken cancellationToken)
   at Microsoft.EntityFrameworkCore.Storage.RelationalCommand.ExecuteReaderAsync(RelationalCommandParameterObject parameterObject, CancellationToken cancellationToken)
   at Microsoft.EntityFrameworkCore.Update.ReaderModificationCommandBatch.ExecuteAsync(IRelationalConnection connection, CancellationToken cancellationToken)
  Exception data:
    Severity: ERROR
    SqlState: 23503
    MessageText: insert or update on table "CrmSupportTickets" violates foreign key constraint "FK_CrmSupportTickets_CrmCustomers_CustomerId"
    Detail: Detail redacted as it may contain sensitive data. Specify 'Include Error Detail' in the connection string to include this information.
    SchemaName: public
    TableName: CrmSupportTickets
    ConstraintName: FK_CrmSupportTickets_CrmCustomers_CustomerId
    File: ri_triggers.c
    Line: 2783
    Routine: ri_ReportViolation
   --- End of inner exception stack trace ---
   at Microsoft.EntityFrameworkCore.Update.ReaderModificationCommandBatch.ExecuteAsync(IRelationalConnection connection, CancellationToken cancellationToken)
   at Microsoft.EntityFrameworkCore.Update.Internal.BatchExecutor.ExecuteAsync(IEnumerable`1 commandBatches, IRelationalConnection connection, CancellationToken cancellationToken)
   at Microsoft.EntityFrameworkCore.Update.Internal.BatchExecutor.ExecuteAsync(IEnumerable`1 commandBatches, IRelationalConnection connection, CancellationToken cancellationToken)
   at Microsoft.EntityFrameworkCore.Update.Internal.BatchExecutor.ExecuteAsync(IEnumerable`1 commandBatches, IRelationalConnection connection, CancellationToken cancellationToken)
   at Microsoft.EntityFrameworkCore.Storage.RelationalDatabase.SaveChangesAsync(IList`1 entries, CancellationToken cancellationToken)
   at Microsoft.EntityFrameworkCore.ChangeTracking.Internal.StateManager.SaveChangesAsync(IList`1 entriesToSave, CancellationToken cancellationToken)
   at Microsoft.EntityFrameworkCore.ChangeTracking.Internal.StateManager.SaveChangesAsync(StateManager stateManager, Boolean acceptAllChangesOnSuccess, CancellationToken cancellationToken)
   at Npgsql.EntityFrameworkCore.PostgreSQL.Storage.Internal.NpgsqlExecutionStrategy.ExecuteAsync[TState,TResult](TState state, Func`4 operation, Func`4 verifySucceeded, CancellationToken cancellationToken)
   at Microsoft.EntityFrameworkCore.DbContext.SaveChangesAsync(Boolean acceptAllChangesOnSuccess, CancellationToken cancellationToken)
   at Microsoft.EntityFrameworkCore.DbContext.SaveChangesAsync(Boolean acceptAllChangesOnSuccess, CancellationToken cancellationToken)
   at Biktal.Infrastructure.Persistence.CrmDataSeeder.SeedIfEmptyAsync(ApplicationDbContext db, CancellationToken cancellationToken)
   at Program.<Main>$(String[] args) in d:\Systems\BiktalSystems\Program.cs:line 71
2026-07-03 21:54:14.692 +03:00 [WRN] Continuing without a successful migration/seed. Auth and data pages may fail until the database is available.
2026-07-03 21:54:14.734 +03:00 [WRN] Using an in-memory repository. Keys will not be persisted to storage.
2026-07-03 21:54:14.734 +03:00 [WRN] Neither user profile nor HKLM registry available. Using an ephemeral key repository. Protected data will be unavailable when application exits.
2026-07-03 21:54:14.770 +03:00 [WRN] No XML encryptor configured. Key {51fa43d7-c5da-4fd0-8d0a-e122b9aa8f6d} may be persisted to storage in unencrypted form.
2026-07-03 21:54:14.827 +03:00 [INF] Application started. Press Ctrl+C to shut down.
2026-07-03 21:54:14.827 +03:00 [INF] Hosting environment: Production
2026-07-03 21:54:14.827 +03:00 [INF] Content root path: D:\Systems\BiktalSystems\publish
2026-07-03 21:54:15.029 +03:00 [INF] HTTP GET /js/site.js responded 200 in 162.5865 ms
2026-07-03 21:54:15.029 +03:00 [INF] HTTP GET /css/site.css responded 200 in 162.5956 ms
2026-07-03 21:54:15.039 +03:00 [INF] HTTP GET /lib/bootstrap/dist/css/bootstrap.min.css responded 200 in 176.7391 ms
2026-07-03 21:54:15.029 +03:00 [INF] HTTP GET /lib/jquery-validation/dist/jquery.validate.min.js responded 200 in 162.6304 ms
2026-07-03 21:54:15.046 +03:00 [INF] HTTP GET /lib/jquery/dist/jquery.min.js responded 200 in 175.9548 ms
2026-07-03 21:54:15.073 +03:00 [INF] HTTP GET /lib/bootstrap/dist/js/bootstrap.bundle.min.js responded 200 in 203.7245 ms
2026-07-03 21:54:15.073 +03:00 [INF] HTTP GET /lib/jquery-validation-unobtrusive/dist/jquery.validate.unobtrusive.min.js responded 200 in 203.6820 ms
2026-07-03 21:54:15.086 +03:00 [INF] HTTP GET /js/products-catalog-filter.js responded 200 in 216.3723 ms
2026-07-03 21:54:15.091 +03:00 [INF] HTTP GET /Biktal.WebMVC.styles.css responded 200 in 221.2868 ms
2026-07-03 21:54:15.091 +03:00 [INF] HTTP GET /Inventory/Products responded 302 in 221.3205 ms
2026-07-03 21:54:15.252 +03:00 [ERR] An exception was thrown while deserializing the token.
Microsoft.AspNetCore.Antiforgery.AntiforgeryValidationException: The antiforgery token could not be decrypted.
 ---> System.Security.Cryptography.CryptographicException: The key {d18a7f30-9207-4f22-8138-d4f0b6456556} was not found in the key ring. For more information go to https://aka.ms/aspnet/dataprotectionwarning
   at Microsoft.AspNetCore.DataProtection.KeyManagement.KeyRingBasedDataProtector.UnprotectCore(Byte[] protectedData, Boolean allowOperationsOnRevokedKeys, UnprotectStatus& status)
   at Microsoft.AspNetCore.DataProtection.KeyManagement.KeyRingBasedDataProtector.Unprotect(Byte[] protectedData)
   at Microsoft.AspNetCore.Antiforgery.DefaultAntiforgeryTokenSerializer.Deserialize(String serializedToken)
   --- End of inner exception stack trace ---
   at Microsoft.AspNetCore.Antiforgery.DefaultAntiforgeryTokenSerializer.Deserialize(String serializedToken)
   at Microsoft.AspNetCore.Antiforgery.DefaultAntiforgery.GetCookieTokenDoesNotThrow(HttpContext httpContext)
2026-07-03 21:54:15.470 +03:00 [INF] HTTP GET /Account/Login responded 200 in 370.5551 ms
2026-07-03 21:54:15.540 +03:00 [INF] HTTP GET /lib/bootstrap/dist/css/bootstrap.min.css responded 200 in 1.4743 ms
2026-07-03 21:54:16.510 +03:00 [INF] HTTP GET /css/site.css responded 200 in 3.9739 ms
2026-07-03 21:54:16.518 +03:00 [INF] HTTP GET /Biktal.WebMVC.styles.css responded 200 in 2.2204 ms
2026-07-03 21:54:16.550 +03:00 [INF] HTTP GET /lib/jquery/dist/jquery.min.js responded 200 in 30.3546 ms
2026-07-03 21:54:16.715 +03:00 [INF] HTTP GET /js/site.js responded 200 in 1.2032 ms
2026-07-03 21:54:16.746 +03:00 [INF] HTTP GET /lib/jquery-validation/dist/jquery.validate.min.js responded 200 in 22.2332 ms
2026-07-03 21:54:16.819 +03:00 [INF] HTTP GET /lib/bootstrap/dist/js/bootstrap.bundle.min.js responded 200 in 152.2907 ms
2026-07-03 21:54:16.870 +03:00 [INF] HTTP GET /lib/jquery-validation-unobtrusive/dist/jquery.validate.unobtrusive.min.js responded 200 in 14.8285 ms
2026-07-03 21:54:18.738 +03:00 [INF] HTTP GET /Pos responded 302 in 5.8065 ms
2026-07-03 21:54:18.854 +03:00 [INF] HTTP GET /Account/Login responded 200 in 109.1528 ms
2026-07-03 21:54:18.922 +03:00 [INF] HTTP GET /lib/bootstrap/dist/css/bootstrap.min.css responded 200 in 2.7911 ms
2026-07-03 21:54:18.922 +03:00 [INF] HTTP GET /css/site.css responded 200 in 0.9359 ms
2026-07-03 21:54:18.922 +03:00 [INF] HTTP GET /Biktal.WebMVC.styles.css responded 200 in 2.0316 ms
2026-07-03 21:54:18.925 +03:00 [INF] HTTP GET /lib/bootstrap/dist/js/bootstrap.bundle.min.js responded 200 in 2.6023 ms
2026-07-03 21:54:18.926 +03:00 [INF] HTTP GET /lib/jquery/dist/jquery.min.js responded 200 in 3.3149 ms
2026-07-03 21:54:18.928 +03:00 [INF] HTTP GET /js/site.js responded 200 in 3.7593 ms
2026-07-03 21:54:18.944 +03:00 [INF] HTTP GET /lib/jquery-validation/dist/jquery.validate.min.js responded 200 in 17.1037 ms
2026-07-03 21:54:18.951 +03:00 [INF] HTTP GET /lib/jquery-validation-unobtrusive/dist/jquery.validate.unobtrusive.min.js responded 200 in 1.5182 ms
2026-07-03 21:54:29.867 +03:00 [INF] HTTP POST /Account/Login responded 302 in 467.1625 ms
2026-07-03 21:54:29.916 +03:00 [WRN] The query uses the 'First'/'FirstOrDefault' operator without 'OrderBy' and filter operators. This may lead to unpredictable results.
2026-07-03 21:54:30.072 +03:00 [INF] HTTP GET /Pos responded 200 in 198.6891 ms
2026-07-03 21:54:30.133 +03:00 [INF] HTTP GET /lib/bootstrap/dist/css/bootstrap.min.css responded 200 in 4.1346 ms
2026-07-03 21:54:30.133 +03:00 [INF] HTTP GET /css/site.css responded 200 in 1.2097 ms
2026-07-03 21:54:30.139 +03:00 [INF] HTTP GET /Biktal.WebMVC.styles.css responded 200 in 5.6511 ms
2026-07-03 21:54:30.140 +03:00 [INF] HTTP GET /lib/bootstrap/dist/js/bootstrap.bundle.min.js responded 304 in 2.7667 ms
2026-07-03 21:54:30.144 +03:00 [INF] HTTP GET /js/site.js responded 304 in 4.1384 ms
2026-07-03 21:54:30.144 +03:00 [INF] HTTP GET /lib/jquery/dist/jquery.min.js responded 304 in 3.7685 ms
2026-07-03 21:54:30.168 +03:00 [INF] HTTP GET /js/pos.js responded 200 in 22.0272 ms
2026-07-03 21:54:38.354 +03:00 [WRN] The query uses the 'First'/'FirstOrDefault' operator without 'OrderBy' and filter operators. This may lead to unpredictable results.
2026-07-03 21:54:38.387 +03:00 [WRN] The query uses the 'First'/'FirstOrDefault' operator without 'OrderBy' and filter operators. This may lead to unpredictable results.
2026-07-03 21:54:38.481 +03:00 [INF] HTTP GET /Operations responded 200 in 197.9912 ms
2026-07-03 21:54:38.541 +03:00 [INF] HTTP GET /Biktal.WebMVC.styles.css responded 200 in 0.8598 ms
2026-07-03 21:54:38.541 +03:00 [INF] HTTP GET /lib/bootstrap/dist/css/bootstrap.min.css responded 200 in 1.1852 ms
2026-07-03 21:54:38.541 +03:00 [INF] HTTP GET /css/site.css responded 200 in 1.1360 ms
2026-07-03 21:54:38.543 +03:00 [INF] HTTP GET /lib/jquery/dist/jquery.min.js responded 304 in 1.1820 ms
2026-07-03 21:54:38.547 +03:00 [INF] HTTP GET /lib/bootstrap/dist/js/bootstrap.bundle.min.js responded 304 in 3.5269 ms
2026-07-03 21:54:38.547 +03:00 [INF] HTTP GET /js/site.js responded 304 in 2.8119 ms
2026-07-03 21:54:51.435 +03:00 [INF] HTTP GET /Pos responded 200 in 33.5614 ms
2026-07-03 21:54:51.501 +03:00 [INF] HTTP GET /Biktal.WebMVC.styles.css responded 200 in 6.6978 ms
2026-07-03 21:54:51.517 +03:00 [INF] HTTP GET /js/site.js responded 304 in 0.5633 ms
2026-07-03 21:54:51.518 +03:00 [INF] HTTP GET /js/pos.js responded 304 in 0.8411 ms
2026-07-03 21:54:51.519 +03:00 [INF] HTTP GET /lib/jquery/dist/jquery.min.js responded 304 in 0.4895 ms
2026-07-03 21:54:51.549 +03:00 [INF] HTTP GET /lib/bootstrap/dist/css/bootstrap.min.css responded 200 in 57.3721 ms
2026-07-03 21:54:51.554 +03:00 [INF] HTTP GET /lib/bootstrap/dist/js/bootstrap.bundle.min.js responded 304 in 1.2498 ms
2026-07-03 21:54:51.566 +03:00 [INF] HTTP GET /css/site.css responded 200 in 65.2378 ms
2026-07-03 21:55:38.445 +03:00 [INF] HTTP GET /Operations responded 200 in 22.6322 ms
2026-07-03 21:55:38.504 +03:00 [INF] HTTP GET /css/site.css responded 200 in 2.2717 ms
2026-07-03 21:55:38.506 +03:00 [INF] HTTP GET /lib/bootstrap/dist/css/bootstrap.min.css responded 200 in 2.7431 ms
2026-07-03 21:55:38.516 +03:00 [INF] HTTP GET /Biktal.WebMVC.styles.css responded 200 in 1.1126 ms
2026-07-03 21:55:38.517 +03:00 [INF] HTTP GET /js/site.js responded 200 in 5.9657 ms
2026-07-03 21:55:38.535 +03:00 [INF] HTTP GET /lib/bootstrap/dist/js/bootstrap.bundle.min.js responded 200 in 21.1103 ms
2026-07-03 21:55:38.535 +03:00 [INF] HTTP GET /lib/jquery/dist/jquery.min.js responded 200 in 31.4179 ms
2026-07-03 21:55:59.448 +03:00 [INF] HTTP GET /Operations/DailySales responded 200 in 61.3106 ms
2026-07-03 21:55:59.514 +03:00 [INF] HTTP GET /css/site.css responded 200 in 1.4755 ms
2026-07-03 21:55:59.514 +03:00 [INF] HTTP GET /lib/bootstrap/dist/css/bootstrap.min.css responded 200 in 1.6837 ms
2026-07-03 21:55:59.517 +03:00 [INF] HTTP GET /Biktal.WebMVC.styles.css responded 200 in 2.6474 ms
2026-07-03 21:55:59.523 +03:00 [INF] HTTP GET /lib/jquery/dist/jquery.min.js responded 200 in 3.8536 ms
2026-07-03 21:55:59.524 +03:00 [INF] HTTP GET /lib/bootstrap/dist/js/bootstrap.bundle.min.js responded 200 in 4.9669 ms
2026-07-03 21:55:59.526 +03:00 [INF] HTTP GET /js/site.js responded 200 in 1.2074 ms
2026-07-03 21:56:53.879 +03:00 [INF] HTTP GET /Pos responded 200 in 30.2141 ms
2026-07-03 21:56:53.932 +03:00 [INF] HTTP GET /lib/bootstrap/dist/css/bootstrap.min.css responded 200 in 2.5695 ms
2026-07-03 21:56:53.937 +03:00 [INF] HTTP GET /css/site.css responded 200 in 3.0882 ms
2026-07-03 21:56:53.939 +03:00 [INF] HTTP GET /Biktal.WebMVC.styles.css responded 200 in 1.6282 ms
2026-07-03 21:56:53.945 +03:00 [INF] HTTP GET /lib/jquery/dist/jquery.min.js responded 304 in 1.0263 ms
2026-07-03 21:56:53.945 +03:00 [INF] HTTP GET /js/site.js responded 304 in 0.4780 ms
2026-07-03 21:56:53.946 +03:00 [INF] HTTP GET /lib/bootstrap/dist/js/bootstrap.bundle.min.js responded 304 in 0.7189 ms
2026-07-03 21:56:53.974 +03:00 [INF] HTTP GET /js/pos.js responded 200 in 32.4089 ms
2026-07-03 21:56:54.675 +03:00 [INF] HTTP GET /Inventory responded 200 in 117.1931 ms
2026-07-03 21:56:54.738 +03:00 [INF] HTTP GET /Biktal.WebMVC.styles.css responded 200 in 0.9556 ms
2026-07-03 21:56:54.738 +03:00 [INF] HTTP GET /lib/bootstrap/dist/css/bootstrap.min.css responded 200 in 2.0646 ms
2026-07-03 21:56:54.739 +03:00 [INF] HTTP GET /css/site.css responded 200 in 0.9497 ms
2026-07-03 21:56:54.739 +03:00 [INF] HTTP GET /lib/jquery/dist/jquery.min.js responded 200 in 1.0467 ms
2026-07-03 21:56:54.744 +03:00 [INF] HTTP GET /lib/bootstrap/dist/js/bootstrap.bundle.min.js responded 200 in 1.3515 ms
2026-07-03 21:56:54.746 +03:00 [INF] HTTP GET /js/site.js responded 200 in 1.6496 ms
2026-07-03 21:56:57.509 +03:00 [INF] HTTP GET /Inventory/Products responded 200 in 282.9666 ms
2026-07-03 21:56:57.541 +03:00 [INF] HTTP GET /lib/bootstrap/dist/css/bootstrap.min.css responded 304 in 0.5696 ms
2026-07-03 21:56:57.543 +03:00 [INF] HTTP GET /css/site.css responded 304 in 0.5888 ms
2026-07-03 21:56:57.543 +03:00 [INF] HTTP GET /Biktal.WebMVC.styles.css responded 304 in 1.1944 ms
2026-07-03 21:56:58.419 +03:00 [INF] HTTP GET /lib/jquery/dist/jquery.min.js responded 304 in 0.3373 ms
2026-07-03 21:56:58.458 +03:00 [INF] HTTP GET /js/site.js responded 304 in 0.5022 ms
2026-07-03 21:56:58.459 +03:00 [INF] HTTP GET /lib/bootstrap/dist/js/bootstrap.bundle.min.js responded 304 in 0.8738 ms
2026-07-03 21:56:58.468 +03:00 [INF] HTTP GET /lib/jquery-validation/dist/jquery.validate.min.js responded 200 in 10.5339 ms
2026-07-03 21:56:58.480 +03:00 [INF] HTTP GET /lib/jquery-validation-unobtrusive/dist/jquery.validate.unobtrusive.min.js responded 200 in 20.6660 ms
2026-07-03 21:56:58.490 +03:00 [INF] HTTP GET /js/products-catalog-filter.js responded 200 in 4.9451 ms
2026-07-03 21:57:15.226 +03:00 [INF] HTTP GET /Inventory/Products responded 200 in 129.2215 ms
2026-07-03 21:57:15.267 +03:00 [INF] HTTP GET /lib/bootstrap/dist/css/bootstrap.min.css responded 304 in 1.5754 ms
2026-07-03 21:57:15.273 +03:00 [INF] HTTP GET /css/site.css responded 304 in 0.4947 ms
2026-07-03 21:57:15.273 +03:00 [INF] HTTP GET /Biktal.WebMVC.styles.css responded 304 in 0.3451 ms
2026-07-03 21:57:16.186 +03:00 [INF] HTTP GET /lib/jquery/dist/jquery.min.js responded 304 in 0.5357 ms
2026-07-03 21:57:16.211 +03:00 [INF] HTTP GET /lib/bootstrap/dist/js/bootstrap.bundle.min.js responded 304 in 0.7772 ms
2026-07-03 21:57:16.211 +03:00 [INF] HTTP GET /js/site.js responded 304 in 0.3938 ms
2026-07-03 21:57:16.211 +03:00 [INF] HTTP GET /lib/jquery-validation-unobtrusive/dist/jquery.validate.unobtrusive.min.js responded 304 in 0.3563 ms
2026-07-03 21:57:16.211 +03:00 [INF] HTTP GET /lib/jquery-validation/dist/jquery.validate.min.js responded 304 in 0.4345 ms
2026-07-03 21:57:16.218 +03:00 [INF] HTTP GET /js/products-catalog-filter.js responded 304 in 2.0887 ms
2026-07-03 21:57:22.110 +03:00 [INF] HTTP POST /Inventory/EditProduct responded 302 in 134.6322 ms
2026-07-03 21:57:22.182 +03:00 [INF] HTTP GET /Inventory/Products responded 200 in 65.9573 ms
2026-07-03 21:57:22.261 +03:00 [INF] HTTP GET /lib/bootstrap/dist/css/bootstrap.min.css responded 304 in 0.7826 ms
2026-07-03 21:57:22.262 +03:00 [INF] HTTP GET /css/site.css responded 304 in 0.4797 ms
2026-07-03 21:57:22.264 +03:00 [INF] HTTP GET /Biktal.WebMVC.styles.css responded 304 in 0.5703 ms
2026-07-03 21:57:23.044 +03:00 [INF] HTTP GET /lib/jquery/dist/jquery.min.js responded 304 in 0.3114 ms
2026-07-03 21:57:23.059 +03:00 [INF] HTTP GET /lib/bootstrap/dist/js/bootstrap.bundle.min.js responded 304 in 0.8640 ms
2026-07-03 21:57:23.062 +03:00 [INF] HTTP GET /js/site.js responded 304 in 0.6471 ms
2026-07-03 21:57:23.062 +03:00 [INF] HTTP GET /lib/jquery-validation/dist/jquery.validate.min.js responded 304 in 0.4353 ms
2026-07-03 21:57:23.062 +03:00 [INF] HTTP GET /lib/jquery-validation-unobtrusive/dist/jquery.validate.unobtrusive.min.js responded 304 in 0.3436 ms
2026-07-03 21:57:23.063 +03:00 [INF] HTTP GET /js/products-catalog-filter.js responded 304 in 0.4486 ms
2026-07-03 21:57:23.933 +03:00 [INF] HTTP GET /Pos responded 200 in 22.7151 ms
2026-07-03 21:57:23.993 +03:00 [INF] HTTP GET /lib/bootstrap/dist/css/bootstrap.min.css responded 304 in 0.4465 ms
2026-07-03 21:57:23.996 +03:00 [INF] HTTP GET /css/site.css responded 304 in 0.7464 ms
2026-07-03 21:57:23.997 +03:00 [INF] HTTP GET /Biktal.WebMVC.styles.css responded 304 in 0.6241 ms
2026-07-03 21:57:23.998 +03:00 [INF] HTTP GET /lib/jquery/dist/jquery.min.js responded 304 in 0.7831 ms
2026-07-03 21:57:24.000 +03:00 [INF] HTTP GET /lib/bootstrap/dist/js/bootstrap.bundle.min.js responded 304 in 0.7733 ms
2026-07-03 21:57:24.001 +03:00 [INF] HTTP GET /js/site.js responded 304 in 0.5186 ms
2026-07-03 21:57:24.003 +03:00 [INF] HTTP GET /js/pos.js responded 200 in 3.2148 ms
2026-07-03 21:57:47.897 +03:00 [INF] HTTP POST /Pos/CompleteSale responded 200 in 551.1503 ms
2026-07-03 21:58:15.587 +03:00 [INF] HTTP GET /Operations responded 200 in 15.4259 ms
2026-07-03 21:58:15.645 +03:00 [INF] HTTP GET /lib/bootstrap/dist/css/bootstrap.min.css responded 200 in 2.0079 ms
2026-07-03 21:58:15.646 +03:00 [INF] HTTP GET /lib/jquery/dist/jquery.min.js responded 304 in 0.3273 ms
2026-07-03 21:58:15.651 +03:00 [INF] HTTP GET /lib/bootstrap/dist/js/bootstrap.bundle.min.js responded 304 in 5.0527 ms
2026-07-03 21:58:15.652 +03:00 [INF] HTTP GET /css/site.css responded 304 in 0.6728 ms
2026-07-03 21:58:15.646 +03:00 [INF] HTTP GET /Biktal.WebMVC.styles.css responded 304 in 0.3933 ms
2026-07-03 21:58:15.654 +03:00 [INF] HTTP GET /js/site.js responded 304 in 0.5806 ms
