2026-07-08 09:20:24.175 +03:00 [ERR] Failed executing DbCommand (38ms) [Parameters=[@p0='?' (DbType = Guid), @p1='?' (DbType = DateTime), @p2='?' (DbType = Guid), @p3='?', @p4='?' (DbType = DateTime), @p5='?' (DbType = Int32), @p6='?' (DbType = Int32), @p7='?', @p8='?', @p9='?' (DbType = Guid), @p10='?' (DbType = DateTime), @p11='?' (DbType = Guid), @p12='?', @p13='?' (DbType = DateTime), @p14='?' (DbType = Int32), @p15='?' (DbType = Int32), @p16='?', @p17='?'], CommandType='"Text"', CommandTimeout='30']
INSERT INTO "CrmSupportTickets" ("Id", "CreatedAtUtc", "CustomerId", "Description", "ModifiedAtUtc", "Priority", "Status", "Subject", "TicketNumber")
VALUES (@p0, @p1, @p2, @p3, @p4, @p5, @p6, @p7, @p8);
INSERT INTO "CrmSupportTickets" ("Id", "CreatedAtUtc", "CustomerId", "Description", "ModifiedAtUtc", "Priority", "Status", "Subject", "TicketNumber")
VALUES (@p9, @p10, @p11, @p12, @p13, @p14, @p15, @p16, @p17);
2026-07-08 09:20:24.271 +03:00 [ERR] An exception occurred in the database while saving changes for context type 'Biktal.Infrastructure.Persistence.ApplicationDbContext'.
Microsoft.EntityFrameworkCore.DbUpdateException: An error occurred while saving the entity changes. See the inner exception for details.
 ---> Npgsql.PostgresException (0x80004005): 23503: insert or update on table "CrmSupportTickets" violates foreign key constraint "FK_CrmSupportTickets_CrmCustomers_CustomerId"

DETAIL: Detail redacted as it may contain sensitive data. Specify 'Include Error Detail' in the connection string to include this information.
   at Npgsql.Internal.NpgsqlConnector.ReadMessageLong(Boolean async, DataRowLoadingMode dataRowLoadingMode, Boolean readingNotifications, Boolean isReadingPrependedMessage)
   at System.Runtime.CompilerServices.PoolingAsyncValueTaskMethodBuilder`1.StateMachineBox`1.System.Threading.Tasks.Sources.IValueTaskSource<TResult>.GetResult(Int16 token)
   at Npgsql.NpgsqlDataReader.NextResult(Boolean async, Boolean isConsuming, CancellationToken cancellationToken)
   at Npgsql.NpgsqlDataReader.NextResult(Boolean async, Boolean isConsuming, CancellationToken cancellationToken)
   at Npgsql.NpgsqlCommand.ExecuteReader(Boolean async, CommandBehavior behavior, CancellationToken cancellationToken)
   at Npgsql.NpgsqlCommand.ExecuteReader(Boolean async, CommandBehavior behavior, CancellationToken cancellationToken)
   at Npgsql.NpgsqlCommand.ExecuteDbDataReaderAsync(CommandBehavior behavior, CancellationToken cancellationToken)
   at Microsoft.EntityFrameworkCore.Storage.RelationalCommand.ExecuteReaderAsync(RelationalCommandParameterObject parameterObject, CancellationToken cancellationToken)
   at Microsoft.EntityFrameworkCore.Storage.RelationalCommand.ExecuteReaderAsync(RelationalCommandParameterObject parameterObject, CancellationToken cancellationToken)
   at Microsoft.EntityFrameworkCore.Update.ReaderModificationCommandBatch.ExecuteAsync(IRelationalConnection connection, CancellationToken cancellationToken)
  Exception data:
    Severity: ERROR
    SqlState: 23503
    MessageText: insert or update on table "CrmSupportTickets" violates foreign key constraint "FK_CrmSupportTickets_CrmCustomers_CustomerId"
    Detail: Detail redacted as it may contain sensitive data. Specify 'Include Error Detail' in the connection string to include this information.
    SchemaName: public
    TableName: CrmSupportTickets
    ConstraintName: FK_CrmSupportTickets_CrmCustomers_CustomerId
    File: ri_triggers.c
    Line: 2783
    Routine: ri_ReportViolation
   --- End of inner exception stack trace ---
   at Microsoft.EntityFrameworkCore.Update.ReaderModificationCommandBatch.ExecuteAsync(IRelationalConnection connection, CancellationToken cancellationToken)
   at Microsoft.EntityFrameworkCore.Update.Internal.BatchExecutor.ExecuteAsync(IEnumerable`1 commandBatches, IRelationalConnection connection, CancellationToken cancellationToken)
   at Microsoft.EntityFrameworkCore.Update.Internal.BatchExecutor.ExecuteAsync(IEnumerable`1 commandBatches, IRelationalConnection connection, CancellationToken cancellationToken)
   at Microsoft.EntityFrameworkCore.Update.Internal.BatchExecutor.ExecuteAsync(IEnumerable`1 commandBatches, IRelationalConnection connection, CancellationToken cancellationToken)
   at Microsoft.EntityFrameworkCore.Storage.RelationalDatabase.SaveChangesAsync(IList`1 entries, CancellationToken cancellationToken)
   at Microsoft.EntityFrameworkCore.ChangeTracking.Internal.StateManager.SaveChangesAsync(IList`1 entriesToSave, CancellationToken cancellationToken)
   at Microsoft.EntityFrameworkCore.ChangeTracking.Internal.StateManager.SaveChangesAsync(StateManager stateManager, Boolean acceptAllChangesOnSuccess, CancellationToken cancellationToken)
   at Npgsql.EntityFrameworkCore.PostgreSQL.Storage.Internal.NpgsqlExecutionStrategy.ExecuteAsync[TState,TResult](TState state, Func`4 operation, Func`4 verifySucceeded, CancellationToken cancellationToken)
   at Microsoft.EntityFrameworkCore.DbContext.SaveChangesAsync(Boolean acceptAllChangesOnSuccess, CancellationToken cancellationToken)
Microsoft.EntityFrameworkCore.DbUpdateException: An error occurred while saving the entity changes. See the inner exception for details.
 ---> Npgsql.PostgresException (0x80004005): 23503: insert or update on table "CrmSupportTickets" violates foreign key constraint "FK_CrmSupportTickets_CrmCustomers_CustomerId"

DETAIL: Detail redacted as it may contain sensitive data. Specify 'Include Error Detail' in the connection string to include this information.
   at Npgsql.Internal.NpgsqlConnector.ReadMessageLong(Boolean async, DataRowLoadingMode dataRowLoadingMode, Boolean readingNotifications, Boolean isReadingPrependedMessage)
   at System.Runtime.CompilerServices.PoolingAsyncValueTaskMethodBuilder`1.StateMachineBox`1.System.Threading.Tasks.Sources.IValueTaskSource<TResult>.GetResult(Int16 token)
   at Npgsql.NpgsqlDataReader.NextResult(Boolean async, Boolean isConsuming, CancellationToken cancellationToken)
   at Npgsql.NpgsqlDataReader.NextResult(Boolean async, Boolean isConsuming, CancellationToken cancellationToken)
   at Npgsql.NpgsqlCommand.ExecuteReader(Boolean async, CommandBehavior behavior, CancellationToken cancellationToken)
   at Npgsql.NpgsqlCommand.ExecuteReader(Boolean async, CommandBehavior behavior, CancellationToken cancellationToken)
   at Npgsql.NpgsqlCommand.ExecuteDbDataReaderAsync(CommandBehavior behavior, CancellationToken cancellationToken)
   at Microsoft.EntityFrameworkCore.Storage.RelationalCommand.ExecuteReaderAsync(RelationalCommandParameterObject parameterObject, CancellationToken cancellationToken)
   at Microsoft.EntityFrameworkCore.Storage.RelationalCommand.ExecuteReaderAsync(RelationalCommandParameterObject parameterObject, CancellationToken cancellationToken)
   at Microsoft.EntityFrameworkCore.Update.ReaderModificationCommandBatch.ExecuteAsync(IRelationalConnection connection, CancellationToken cancellationToken)
  Exception data:
    Severity: ERROR
    SqlState: 23503
    MessageText: insert or update on table "CrmSupportTickets" violates foreign key constraint "FK_CrmSupportTickets_CrmCustomers_CustomerId"
    Detail: Detail redacted as it may contain sensitive data. Specify 'Include Error Detail' in the connection string to include this information.
    SchemaName: public
    TableName: CrmSupportTickets
    ConstraintName: FK_CrmSupportTickets_CrmCustomers_CustomerId
    File: ri_triggers.c
    Line: 2783
    Routine: ri_ReportViolation
   --- End of inner exception stack trace ---
   at Microsoft.EntityFrameworkCore.Update.ReaderModificationCommandBatch.ExecuteAsync(IRelationalConnection connection, CancellationToken cancellationToken)
   at Microsoft.EntityFrameworkCore.Update.Internal.BatchExecutor.ExecuteAsync(IEnumerable`1 commandBatches, IRelationalConnection connection, CancellationToken cancellationToken)
   at Microsoft.EntityFrameworkCore.Update.Internal.BatchExecutor.ExecuteAsync(IEnumerable`1 commandBatches, IRelationalConnection connection, CancellationToken cancellationToken)
   at Microsoft.EntityFrameworkCore.Update.Internal.BatchExecutor.ExecuteAsync(IEnumerable`1 commandBatches, IRelationalConnection connection, CancellationToken cancellationToken)
   at Microsoft.EntityFrameworkCore.Storage.RelationalDatabase.SaveChangesAsync(IList`1 entries, CancellationToken cancellationToken)
   at Microsoft.EntityFrameworkCore.ChangeTracking.Internal.StateManager.SaveChangesAsync(IList`1 entriesToSave, CancellationToken cancellationToken)
   at Microsoft.EntityFrameworkCore.ChangeTracking.Internal.StateManager.SaveChangesAsync(StateManager stateManager, Boolean acceptAllChangesOnSuccess, CancellationToken cancellationToken)
   at Npgsql.EntityFrameworkCore.PostgreSQL.Storage.Internal.NpgsqlExecutionStrategy.ExecuteAsync[TState,TResult](TState state, Func`4 operation, Func`4 verifySucceeded, CancellationToken cancellationToken)
   at Microsoft.EntityFrameworkCore.DbContext.SaveChangesAsync(Boolean acceptAllChangesOnSuccess, CancellationToken cancellationToken)
2026-07-08 09:20:24.281 +03:00 [ERR] Database migration or seed failed. Check PostgreSQL is running and ConnectionStrings:DefaultConnection is correct.
Microsoft.EntityFrameworkCore.DbUpdateException: An error occurred while saving the entity changes. See the inner exception for details.
 ---> Npgsql.PostgresException (0x80004005): 23503: insert or update on table "CrmSupportTickets" violates foreign key constraint "FK_CrmSupportTickets_CrmCustomers_CustomerId"

DETAIL: Detail redacted as it may contain sensitive data. Specify 'Include Error Detail' in the connection string to include this information.
   at Npgsql.Internal.NpgsqlConnector.ReadMessageLong(Boolean async, DataRowLoadingMode dataRowLoadingMode, Boolean readingNotifications, Boolean isReadingPrependedMessage)
   at System.Runtime.CompilerServices.PoolingAsyncValueTaskMethodBuilder`1.StateMachineBox`1.System.Threading.Tasks.Sources.IValueTaskSource<TResult>.GetResult(Int16 token)
   at Npgsql.NpgsqlDataReader.NextResult(Boolean async, Boolean isConsuming, CancellationToken cancellationToken)
   at Npgsql.NpgsqlDataReader.NextResult(Boolean async, Boolean isConsuming, CancellationToken cancellationToken)
   at Npgsql.NpgsqlCommand.ExecuteReader(Boolean async, CommandBehavior behavior, CancellationToken cancellationToken)
   at Npgsql.NpgsqlCommand.ExecuteReader(Boolean async, CommandBehavior behavior, CancellationToken cancellationToken)
   at Npgsql.NpgsqlCommand.ExecuteDbDataReaderAsync(CommandBehavior behavior, CancellationToken cancellationToken)
   at Microsoft.EntityFrameworkCore.Storage.RelationalCommand.ExecuteReaderAsync(RelationalCommandParameterObject parameterObject, CancellationToken cancellationToken)
   at Microsoft.EntityFrameworkCore.Storage.RelationalCommand.ExecuteReaderAsync(RelationalCommandParameterObject parameterObject, CancellationToken cancellationToken)
   at Microsoft.EntityFrameworkCore.Update.ReaderModificationCommandBatch.ExecuteAsync(IRelationalConnection connection, CancellationToken cancellationToken)
  Exception data:
    Severity: ERROR
    SqlState: 23503
    MessageText: insert or update on table "CrmSupportTickets" violates foreign key constraint "FK_CrmSupportTickets_CrmCustomers_CustomerId"
    Detail: Detail redacted as it may contain sensitive data. Specify 'Include Error Detail' in the connection string to include this information.
    SchemaName: public
    TableName: CrmSupportTickets
    ConstraintName: FK_CrmSupportTickets_CrmCustomers_CustomerId
    File: ri_triggers.c
    Line: 2783
    Routine: ri_ReportViolation
   --- End of inner exception stack trace ---
   at Microsoft.EntityFrameworkCore.Update.ReaderModificationCommandBatch.ExecuteAsync(IRelationalConnection connection, CancellationToken cancellationToken)
   at Microsoft.EntityFrameworkCore.Update.Internal.BatchExecutor.ExecuteAsync(IEnumerable`1 commandBatches, IRelationalConnection connection, CancellationToken cancellationToken)
   at Microsoft.EntityFrameworkCore.Update.Internal.BatchExecutor.ExecuteAsync(IEnumerable`1 commandBatches, IRelationalConnection connection, CancellationToken cancellationToken)
   at Microsoft.EntityFrameworkCore.Update.Internal.BatchExecutor.ExecuteAsync(IEnumerable`1 commandBatches, IRelationalConnection connection, CancellationToken cancellationToken)
   at Microsoft.EntityFrameworkCore.Storage.RelationalDatabase.SaveChangesAsync(IList`1 entries, CancellationToken cancellationToken)
   at Microsoft.EntityFrameworkCore.ChangeTracking.Internal.StateManager.SaveChangesAsync(IList`1 entriesToSave, CancellationToken cancellationToken)
   at Microsoft.EntityFrameworkCore.ChangeTracking.Internal.StateManager.SaveChangesAsync(StateManager stateManager, Boolean acceptAllChangesOnSuccess, CancellationToken cancellationToken)
   at Npgsql.EntityFrameworkCore.PostgreSQL.Storage.Internal.NpgsqlExecutionStrategy.ExecuteAsync[TState,TResult](TState state, Func`4 operation, Func`4 verifySucceeded, CancellationToken cancellationToken)
   at Microsoft.EntityFrameworkCore.DbContext.SaveChangesAsync(Boolean acceptAllChangesOnSuccess, CancellationToken cancellationToken)
   at Microsoft.EntityFrameworkCore.DbContext.SaveChangesAsync(Boolean acceptAllChangesOnSuccess, CancellationToken cancellationToken)
   at Biktal.Infrastructure.Persistence.CrmDataSeeder.SeedIfEmptyAsync(ApplicationDbContext db, CancellationToken cancellationToken)
   at Program.<Main>$(String[] args) in d:\Systems\BiktalSystems\Program.cs:line 71
2026-07-08 09:20:24.302 +03:00 [WRN] Continuing without a successful migration/seed. Auth and data pages may fail until the database is available.
2026-07-08 09:20:24.340 +03:00 [WRN] Using an in-memory repository. Keys will not be persisted to storage.
2026-07-08 09:20:24.342 +03:00 [WRN] Neither user profile nor HKLM registry available. Using an ephemeral key repository. Protected data will be unavailable when application exits.
2026-07-08 09:20:24.384 +03:00 [WRN] No XML encryptor configured. Key {ba41fa8d-c318-4b53-9549-fb35dff19058} may be persisted to storage in unencrypted form.
2026-07-08 09:20:24.445 +03:00 [INF] Application started. Press Ctrl+C to shut down.
2026-07-08 09:20:24.445 +03:00 [INF] Hosting environment: Production
2026-07-08 09:20:24.445 +03:00 [INF] Content root path: D:\Systems\BiktalSystems\publish
2026-07-08 09:20:24.707 +03:00 [ERR] An exception was thrown while deserializing the token.
Microsoft.AspNetCore.Antiforgery.AntiforgeryValidationException: The antiforgery token could not be decrypted.
 ---> System.Security.Cryptography.CryptographicException: The key {b7ac3aca-adbf-4ffd-933d-bea581d71343} was not found in the key ring. For more information go to https://aka.ms/aspnet/dataprotectionwarning
   at Microsoft.AspNetCore.DataProtection.KeyManagement.KeyRingBasedDataProtector.UnprotectCore(Byte[] protectedData, Boolean allowOperationsOnRevokedKeys, UnprotectStatus& status)
   at Microsoft.AspNetCore.DataProtection.KeyManagement.KeyRingBasedDataProtector.Unprotect(Byte[] protectedData)
   at Microsoft.AspNetCore.Antiforgery.DefaultAntiforgeryTokenSerializer.Deserialize(String serializedToken)
   --- End of inner exception stack trace ---
   at Microsoft.AspNetCore.Antiforgery.DefaultAntiforgeryTokenSerializer.Deserialize(String serializedToken)
   at Microsoft.AspNetCore.Antiforgery.DefaultAntiforgery.GetCookieTokenDoesNotThrow(HttpContext httpContext)
2026-07-08 09:20:24.978 +03:00 [INF] HTTP GET /Account/Login responded 200 in 486.6179 ms
2026-07-08 09:20:25.244 +03:00 [INF] HTTP GET /css/site.css responded 200 in 173.9935 ms
2026-07-08 09:20:25.244 +03:00 [INF] HTTP GET /js/site.js responded 200 in 150.1997 ms
2026-07-08 09:20:25.244 +03:00 [INF] HTTP GET /lib/jquery-validation-unobtrusive/dist/jquery.validate.unobtrusive.min.js responded 200 in 123.6380 ms
2026-07-08 09:20:25.247 +03:00 [INF] HTTP GET /lib/bootstrap/dist/js/bootstrap.bundle.min.js responded 200 in 172.1655 ms
2026-07-08 09:20:25.247 +03:00 [INF] HTTP GET /Biktal.WebMVC.styles.css responded 200 in 175.5423 ms
2026-07-08 09:20:25.247 +03:00 [INF] HTTP GET /lib/jquery-validation/dist/jquery.validate.min.js responded 200 in 152.9183 ms
2026-07-08 09:20:25.248 +03:00 [INF] HTTP GET /lib/jquery/dist/jquery.min.js responded 200 in 176.0733 ms
2026-07-08 09:20:25.249 +03:00 [INF] HTTP GET /lib/bootstrap/dist/css/bootstrap.min.css responded 200 in 174.2774 ms
2026-07-08 09:20:37.754 +03:00 [INF] HTTP POST /Account/Login responded 302 in 617.6236 ms
2026-07-08 09:20:38.243 +03:00 [INF] HTTP GET /Inventory/Products responded 200 in 479.7312 ms
2026-07-08 09:20:38.267 +03:00 [INF] HTTP GET /lib/bootstrap/dist/css/bootstrap.min.css responded 304 in 6.9836 ms
2026-07-08 09:20:38.267 +03:00 [INF] HTTP GET /Biktal.WebMVC.styles.css responded 304 in 2.9165 ms
2026-07-08 09:20:38.303 +03:00 [INF] HTTP GET /css/site.css responded 304 in 35.2626 ms
2026-07-08 09:20:38.955 +03:00 [INF] HTTP GET /lib/jquery/dist/jquery.min.js responded 304 in 47.5878 ms
2026-07-08 09:20:39.003 +03:00 [INF] HTTP GET /js/site.js responded 304 in 35.6515 ms
2026-07-08 09:20:39.008 +03:00 [INF] HTTP GET /lib/jquery-validation/dist/jquery.validate.min.js responded 304 in 18.0188 ms
2026-07-08 09:20:39.026 +03:00 [INF] HTTP GET /lib/jquery-validation-unobtrusive/dist/jquery.validate.unobtrusive.min.js responded 304 in 21.4318 ms
2026-07-08 09:20:39.058 +03:00 [INF] HTTP GET /js/products-catalog-filter.js responded 200 in 39.9105 ms
2026-07-08 09:20:39.113 +03:00 [INF] HTTP GET /lib/bootstrap/dist/js/bootstrap.bundle.min.js responded 304 in 168.8919 ms
2026-07-08 09:20:42.753 +03:00 [INF] HTTP GET /Finance responded 200 in 104.6298 ms
2026-07-08 09:20:42.816 +03:00 [INF] HTTP GET /lib/bootstrap/dist/css/bootstrap.min.css responded 304 in 1.4369 ms
2026-07-08 09:20:42.817 +03:00 [INF] HTTP GET /css/site.css responded 304 in 0.8471 ms
2026-07-08 09:20:42.817 +03:00 [INF] HTTP GET /Biktal.WebMVC.styles.css responded 304 in 0.6824 ms
2026-07-08 09:20:42.818 +03:00 [INF] HTTP GET /lib/jquery/dist/jquery.min.js responded 304 in 0.6233 ms
2026-07-08 09:20:42.818 +03:00 [INF] HTTP GET /lib/bootstrap/dist/js/bootstrap.bundle.min.js responded 304 in 0.4453 ms
2026-07-08 09:20:42.827 +03:00 [INF] HTTP GET /js/site.js responded 304 in 0.7810 ms
2026-07-08 09:20:45.180 +03:00 [INF] HTTP GET /Finance/Cashbox responded 200 in 346.9629 ms
2026-07-08 09:20:45.245 +03:00 [INF] HTTP GET /lib/bootstrap/dist/css/bootstrap.min.css responded 304 in 1.9054 ms
2026-07-08 09:20:45.246 +03:00 [INF] HTTP GET /Biktal.WebMVC.styles.css responded 304 in 0.9899 ms
2026-07-08 09:20:45.246 +03:00 [INF] HTTP GET /css/site.css responded 304 in 0.5438 ms
2026-07-08 09:20:45.247 +03:00 [INF] HTTP GET /lib/bootstrap/dist/js/bootstrap.bundle.min.js responded 304 in 0.6066 ms
2026-07-08 09:20:45.247 +03:00 [INF] HTTP GET /lib/jquery-validation/dist/jquery.validate.min.js responded 304 in 0.4354 ms
2026-07-08 09:20:45.247 +03:00 [INF] HTTP GET /js/site.js responded 304 in 0.5114 ms
2026-07-08 09:20:45.248 +03:00 [INF] HTTP GET /lib/jquery-validation-unobtrusive/dist/jquery.validate.unobtrusive.min.js responded 304 in 0.8154 ms
2026-07-08 09:20:45.248 +03:00 [INF] HTTP GET /lib/jquery/dist/jquery.min.js responded 304 in 0.5124 ms
2026-07-08 09:22:43.476 +03:00 [INF] HTTP POST /Finance/CloseCashboxSession responded 302 in 146.1828 ms
2026-07-08 09:22:43.537 +03:00 [INF] HTTP GET /Finance/Cashbox responded 200 in 49.5925 ms
2026-07-08 09:22:43.612 +03:00 [INF] HTTP GET /Biktal.WebMVC.styles.css responded 200 in 1.2340 ms
2026-07-08 09:22:43.612 +03:00 [INF] HTTP GET /css/site.css responded 200 in 1.6383 ms
2026-07-08 09:22:43.616 +03:00 [INF] HTTP GET /lib/bootstrap/dist/css/bootstrap.min.css responded 200 in 3.2039 ms
2026-07-08 09:22:43.622 +03:00 [INF] HTTP GET /lib/bootstrap/dist/js/bootstrap.bundle.min.js responded 200 in 2.1760 ms
2026-07-08 09:22:43.623 +03:00 [INF] HTTP GET /js/site.js responded 200 in 2.3010 ms
2026-07-08 09:22:43.624 +03:00 [INF] HTTP GET /lib/jquery-validation/dist/jquery.validate.min.js responded 200 in 2.1617 ms
2026-07-08 09:22:43.625 +03:00 [INF] HTTP GET /lib/jquery-validation-unobtrusive/dist/jquery.validate.unobtrusive.min.js responded 200 in 1.4774 ms
2026-07-08 09:22:43.627 +03:00 [INF] HTTP GET /lib/jquery/dist/jquery.min.js responded 200 in 2.9199 ms
2026-07-08 09:26:51.391 +03:00 [INF] HTTP POST /Finance/OpenCashboxSession responded 302 in 138.4773 ms
2026-07-08 09:26:51.455 +03:00 [INF] HTTP GET /Finance/Cashbox responded 200 in 46.9884 ms
2026-07-08 09:26:51.527 +03:00 [INF] HTTP GET /css/site.css responded 200 in 6.6192 ms
2026-07-08 09:26:51.527 +03:00 [INF] HTTP GET /Biktal.WebMVC.styles.css responded 200 in 4.4935 ms
2026-07-08 09:26:51.528 +03:00 [INF] HTTP GET /lib/jquery-validation/dist/jquery.validate.min.js responded 200 in 4.2081 ms
2026-07-08 09:26:51.528 +03:00 [INF] HTTP GET /lib/jquery-validation-unobtrusive/dist/jquery.validate.unobtrusive.min.js responded 200 in 4.1237 ms
2026-07-08 09:26:51.528 +03:00 [INF] HTTP GET /js/site.js responded 200 in 4.5345 ms
2026-07-08 09:26:51.528 +03:00 [INF] HTTP GET /lib/jquery/dist/jquery.min.js responded 200 in 5.6208 ms
2026-07-08 09:26:51.528 +03:00 [INF] HTTP GET /lib/bootstrap/dist/js/bootstrap.bundle.min.js responded 200 in 3.6120 ms
2026-07-08 09:26:51.529 +03:00 [INF] HTTP GET /lib/bootstrap/dist/css/bootstrap.min.css responded 200 in 6.7649 ms
2026-07-08 09:47:08.059 +03:00 [INF] Application is shutting down...
2026-07-08 11:11:33.611 +03:00 [ERR] Failed executing DbCommand (21ms) [Parameters=[@p0='?' (DbType = Guid), @p1='?' (DbType = DateTime), @p2='?' (DbType = Guid), @p3='?', @p4='?' (DbType = DateTime), @p5='?' (DbType = Int32), @p6='?' (DbType = Int32), @p7='?', @p8='?', @p9='?' (DbType = Guid), @p10='?' (DbType = DateTime), @p11='?' (DbType = Guid), @p12='?', @p13='?' (DbType = DateTime), @p14='?' (DbType = Int32), @p15='?' (DbType = Int32), @p16='?', @p17='?'], CommandType='"Text"', CommandTimeout='30']
INSERT INTO "CrmSupportTickets" ("Id", "CreatedAtUtc", "CustomerId", "Description", "ModifiedAtUtc", "Priority", "Status", "Subject", "TicketNumber")
VALUES (@p0, @p1, @p2, @p3, @p4, @p5, @p6, @p7, @p8);
INSERT INTO "CrmSupportTickets" ("Id", "CreatedAtUtc", "CustomerId", "Description", "ModifiedAtUtc", "Priority", "Status", "Subject", "TicketNumber")
VALUES (@p9, @p10, @p11, @p12, @p13, @p14, @p15, @p16, @p17);
2026-07-08 11:11:33.690 +03:00 [ERR] An exception occurred in the database while saving changes for context type 'Biktal.Infrastructure.Persistence.ApplicationDbContext'.
Microsoft.EntityFrameworkCore.DbUpdateException: An error occurred while saving the entity changes. See the inner exception for details.
 ---> Npgsql.PostgresException (0x80004005): 23503: insert or update on table "CrmSupportTickets" violates foreign key constraint "FK_CrmSupportTickets_CrmCustomers_CustomerId"

DETAIL: Detail redacted as it may contain sensitive data. Specify 'Include Error Detail' in the connection string to include this information.
   at Npgsql.Internal.NpgsqlConnector.ReadMessageLong(Boolean async, DataRowLoadingMode dataRowLoadingMode, Boolean readingNotifications, Boolean isReadingPrependedMessage)
   at System.Runtime.CompilerServices.PoolingAsyncValueTaskMethodBuilder`1.StateMachineBox`1.System.Threading.Tasks.Sources.IValueTaskSource<TResult>.GetResult(Int16 token)
   at Npgsql.NpgsqlDataReader.NextResult(Boolean async, Boolean isConsuming, CancellationToken cancellationToken)
   at Npgsql.NpgsqlDataReader.NextResult(Boolean async, Boolean isConsuming, CancellationToken cancellationToken)
   at Npgsql.NpgsqlCommand.ExecuteReader(Boolean async, CommandBehavior behavior, CancellationToken cancellationToken)
   at Npgsql.NpgsqlCommand.ExecuteReader(Boolean async, CommandBehavior behavior, CancellationToken cancellationToken)
   at Npgsql.NpgsqlCommand.ExecuteDbDataReaderAsync(CommandBehavior behavior, CancellationToken cancellationToken)
   at Microsoft.EntityFrameworkCore.Storage.RelationalCommand.ExecuteReaderAsync(RelationalCommandParameterObject parameterObject, CancellationToken cancellationToken)
   at Microsoft.EntityFrameworkCore.Storage.RelationalCommand.ExecuteReaderAsync(RelationalCommandParameterObject parameterObject, CancellationToken cancellationToken)
   at Microsoft.EntityFrameworkCore.Update.ReaderModificationCommandBatch.ExecuteAsync(IRelationalConnection connection, CancellationToken cancellationToken)
  Exception data:
    Severity: ERROR
    SqlState: 23503
    MessageText: insert or update on table "CrmSupportTickets" violates foreign key constraint "FK_CrmSupportTickets_CrmCustomers_CustomerId"
    Detail: Detail redacted as it may contain sensitive data. Specify 'Include Error Detail' in the connection string to include this information.
    SchemaName: public
    TableName: CrmSupportTickets
    ConstraintName: FK_CrmSupportTickets_CrmCustomers_CustomerId
    File: ri_triggers.c
    Line: 2783
    Routine: ri_ReportViolation
   --- End of inner exception stack trace ---
   at Microsoft.EntityFrameworkCore.Update.ReaderModificationCommandBatch.ExecuteAsync(IRelationalConnection connection, CancellationToken cancellationToken)
   at Microsoft.EntityFrameworkCore.Update.Internal.BatchExecutor.ExecuteAsync(IEnumerable`1 commandBatches, IRelationalConnection connection, CancellationToken cancellationToken)
   at Microsoft.EntityFrameworkCore.Update.Internal.BatchExecutor.ExecuteAsync(IEnumerable`1 commandBatches, IRelationalConnection connection, CancellationToken cancellationToken)
   at Microsoft.EntityFrameworkCore.Update.Internal.BatchExecutor.ExecuteAsync(IEnumerable`1 commandBatches, IRelationalConnection connection, CancellationToken cancellationToken)
   at Microsoft.EntityFrameworkCore.Storage.RelationalDatabase.SaveChangesAsync(IList`1 entries, CancellationToken cancellationToken)
   at Microsoft.EntityFrameworkCore.ChangeTracking.Internal.StateManager.SaveChangesAsync(IList`1 entriesToSave, CancellationToken cancellationToken)
   at Microsoft.EntityFrameworkCore.ChangeTracking.Internal.StateManager.SaveChangesAsync(StateManager stateManager, Boolean acceptAllChangesOnSuccess, CancellationToken cancellationToken)
   at Npgsql.EntityFrameworkCore.PostgreSQL.Storage.Internal.NpgsqlExecutionStrategy.ExecuteAsync[TState,TResult](TState state, Func`4 operation, Func`4 verifySucceeded, CancellationToken cancellationToken)
   at Microsoft.EntityFrameworkCore.DbContext.SaveChangesAsync(Boolean acceptAllChangesOnSuccess, CancellationToken cancellationToken)
Microsoft.EntityFrameworkCore.DbUpdateException: An error occurred while saving the entity changes. See the inner exception for details.
 ---> Npgsql.PostgresException (0x80004005): 23503: insert or update on table "CrmSupportTickets" violates foreign key constraint "FK_CrmSupportTickets_CrmCustomers_CustomerId"

DETAIL: Detail redacted as it may contain sensitive data. Specify 'Include Error Detail' in the connection string to include this information.
   at Npgsql.Internal.NpgsqlConnector.ReadMessageLong(Boolean async, DataRowLoadingMode dataRowLoadingMode, Boolean readingNotifications, Boolean isReadingPrependedMessage)
   at System.Runtime.CompilerServices.PoolingAsyncValueTaskMethodBuilder`1.StateMachineBox`1.System.Threading.Tasks.Sources.IValueTaskSource<TResult>.GetResult(Int16 token)
   at Npgsql.NpgsqlDataReader.NextResult(Boolean async, Boolean isConsuming, CancellationToken cancellationToken)
   at Npgsql.NpgsqlDataReader.NextResult(Boolean async, Boolean isConsuming, CancellationToken cancellationToken)
   at Npgsql.NpgsqlCommand.ExecuteReader(Boolean async, CommandBehavior behavior, CancellationToken cancellationToken)
   at Npgsql.NpgsqlCommand.ExecuteReader(Boolean async, CommandBehavior behavior, CancellationToken cancellationToken)
   at Npgsql.NpgsqlCommand.ExecuteDbDataReaderAsync(CommandBehavior behavior, CancellationToken cancellationToken)
   at Microsoft.EntityFrameworkCore.Storage.RelationalCommand.ExecuteReaderAsync(RelationalCommandParameterObject parameterObject, CancellationToken cancellationToken)
   at Microsoft.EntityFrameworkCore.Storage.RelationalCommand.ExecuteReaderAsync(RelationalCommandParameterObject parameterObject, CancellationToken cancellationToken)
   at Microsoft.EntityFrameworkCore.Update.ReaderModificationCommandBatch.ExecuteAsync(IRelationalConnection connection, CancellationToken cancellationToken)
  Exception data:
    Severity: ERROR
    SqlState: 23503
    MessageText: insert or update on table "CrmSupportTickets" violates foreign key constraint "FK_CrmSupportTickets_CrmCustomers_CustomerId"
    Detail: Detail redacted as it may contain sensitive data. Specify 'Include Error Detail' in the connection string to include this information.
    SchemaName: public
    TableName: CrmSupportTickets
    ConstraintName: FK_CrmSupportTickets_CrmCustomers_CustomerId
    File: ri_triggers.c
    Line: 2783
    Routine: ri_ReportViolation
   --- End of inner exception stack trace ---
   at Microsoft.EntityFrameworkCore.Update.ReaderModificationCommandBatch.ExecuteAsync(IRelationalConnection connection, CancellationToken cancellationToken)
   at Microsoft.EntityFrameworkCore.Update.Internal.BatchExecutor.ExecuteAsync(IEnumerable`1 commandBatches, IRelationalConnection connection, CancellationToken cancellationToken)
   at Microsoft.EntityFrameworkCore.Update.Internal.BatchExecutor.ExecuteAsync(IEnumerable`1 commandBatches, IRelationalConnection connection, CancellationToken cancellationToken)
   at Microsoft.EntityFrameworkCore.Update.Internal.BatchExecutor.ExecuteAsync(IEnumerable`1 commandBatches, IRelationalConnection connection, CancellationToken cancellationToken)
   at Microsoft.EntityFrameworkCore.Storage.RelationalDatabase.SaveChangesAsync(IList`1 entries, CancellationToken cancellationToken)
   at Microsoft.EntityFrameworkCore.ChangeTracking.Internal.StateManager.SaveChangesAsync(IList`1 entriesToSave, CancellationToken cancellationToken)
   at Microsoft.EntityFrameworkCore.ChangeTracking.Internal.StateManager.SaveChangesAsync(StateManager stateManager, Boolean acceptAllChangesOnSuccess, CancellationToken cancellationToken)
   at Npgsql.EntityFrameworkCore.PostgreSQL.Storage.Internal.NpgsqlExecutionStrategy.ExecuteAsync[TState,TResult](TState state, Func`4 operation, Func`4 verifySucceeded, CancellationToken cancellationToken)
   at Microsoft.EntityFrameworkCore.DbContext.SaveChangesAsync(Boolean acceptAllChangesOnSuccess, CancellationToken cancellationToken)
2026-07-08 11:11:33.696 +03:00 [ERR] Database migration or seed failed. Check PostgreSQL is running and ConnectionStrings:DefaultConnection is correct.
Microsoft.EntityFrameworkCore.DbUpdateException: An error occurred while saving the entity changes. See the inner exception for details.
 ---> Npgsql.PostgresException (0x80004005): 23503: insert or update on table "CrmSupportTickets" violates foreign key constraint "FK_CrmSupportTickets_CrmCustomers_CustomerId"

DETAIL: Detail redacted as it may contain sensitive data. Specify 'Include Error Detail' in the connection string to include this information.
   at Npgsql.Internal.NpgsqlConnector.ReadMessageLong(Boolean async, DataRowLoadingMode dataRowLoadingMode, Boolean readingNotifications, Boolean isReadingPrependedMessage)
   at System.Runtime.CompilerServices.PoolingAsyncValueTaskMethodBuilder`1.StateMachineBox`1.System.Threading.Tasks.Sources.IValueTaskSource<TResult>.GetResult(Int16 token)
   at Npgsql.NpgsqlDataReader.NextResult(Boolean async, Boolean isConsuming, CancellationToken cancellationToken)
   at Npgsql.NpgsqlDataReader.NextResult(Boolean async, Boolean isConsuming, CancellationToken cancellationToken)
   at Npgsql.NpgsqlCommand.ExecuteReader(Boolean async, CommandBehavior behavior, CancellationToken cancellationToken)
   at Npgsql.NpgsqlCommand.ExecuteReader(Boolean async, CommandBehavior behavior, CancellationToken cancellationToken)
   at Npgsql.NpgsqlCommand.ExecuteDbDataReaderAsync(CommandBehavior behavior, CancellationToken cancellationToken)
   at Microsoft.EntityFrameworkCore.Storage.RelationalCommand.ExecuteReaderAsync(RelationalCommandParameterObject parameterObject, CancellationToken cancellationToken)
   at Microsoft.EntityFrameworkCore.Storage.RelationalCommand.ExecuteReaderAsync(RelationalCommandParameterObject parameterObject, CancellationToken cancellationToken)
   at Microsoft.EntityFrameworkCore.Update.ReaderModificationCommandBatch.ExecuteAsync(IRelationalConnection connection, CancellationToken cancellationToken)
  Exception data:
    Severity: ERROR
    SqlState: 23503
    MessageText: insert or update on table "CrmSupportTickets" violates foreign key constraint "FK_CrmSupportTickets_CrmCustomers_CustomerId"
    Detail: Detail redacted as it may contain sensitive data. Specify 'Include Error Detail' in the connection string to include this information.
    SchemaName: public
    TableName: CrmSupportTickets
    ConstraintName: FK_CrmSupportTickets_CrmCustomers_CustomerId
    File: ri_triggers.c
    Line: 2783
    Routine: ri_ReportViolation
   --- End of inner exception stack trace ---
   at Microsoft.EntityFrameworkCore.Update.ReaderModificationCommandBatch.ExecuteAsync(IRelationalConnection connection, CancellationToken cancellationToken)
   at Microsoft.EntityFrameworkCore.Update.Internal.BatchExecutor.ExecuteAsync(IEnumerable`1 commandBatches, IRelationalConnection connection, CancellationToken cancellationToken)
   at Microsoft.EntityFrameworkCore.Update.Internal.BatchExecutor.ExecuteAsync(IEnumerable`1 commandBatches, IRelationalConnection connection, CancellationToken cancellationToken)
   at Microsoft.EntityFrameworkCore.Update.Internal.BatchExecutor.ExecuteAsync(IEnumerable`1 commandBatches, IRelationalConnection connection, CancellationToken cancellationToken)
   at Microsoft.EntityFrameworkCore.Storage.RelationalDatabase.SaveChangesAsync(IList`1 entries, CancellationToken cancellationToken)
   at Microsoft.EntityFrameworkCore.ChangeTracking.Internal.StateManager.SaveChangesAsync(IList`1 entriesToSave, CancellationToken cancellationToken)
   at Microsoft.EntityFrameworkCore.ChangeTracking.Internal.StateManager.SaveChangesAsync(StateManager stateManager, Boolean acceptAllChangesOnSuccess, CancellationToken cancellationToken)
   at Npgsql.EntityFrameworkCore.PostgreSQL.Storage.Internal.NpgsqlExecutionStrategy.ExecuteAsync[TState,TResult](TState state, Func`4 operation, Func`4 verifySucceeded, CancellationToken cancellationToken)
   at Microsoft.EntityFrameworkCore.DbContext.SaveChangesAsync(Boolean acceptAllChangesOnSuccess, CancellationToken cancellationToken)
   at Microsoft.EntityFrameworkCore.DbContext.SaveChangesAsync(Boolean acceptAllChangesOnSuccess, CancellationToken cancellationToken)
   at Biktal.Infrastructure.Persistence.CrmDataSeeder.SeedIfEmptyAsync(ApplicationDbContext db, CancellationToken cancellationToken)
   at Program.<Main>$(String[] args) in d:\Systems\BiktalSystems\Program.cs:line 71
2026-07-08 11:11:33.712 +03:00 [WRN] Continuing without a successful migration/seed. Auth and data pages may fail until the database is available.
2026-07-08 11:11:33.737 +03:00 [WRN] Using an in-memory repository. Keys will not be persisted to storage.
2026-07-08 11:11:33.737 +03:00 [WRN] Neither user profile nor HKLM registry available. Using an ephemeral key repository. Protected data will be unavailable when application exits.
2026-07-08 11:11:33.756 +03:00 [WRN] No XML encryptor configured. Key {d37841aa-4357-460f-92be-5bca34d0713c} may be persisted to storage in unencrypted form.
2026-07-08 11:11:33.809 +03:00 [INF] Application started. Press Ctrl+C to shut down.
2026-07-08 11:11:33.810 +03:00 [INF] Hosting environment: Production
2026-07-08 11:11:33.810 +03:00 [INF] Content root path: D:\Systems\BiktalSystems\publish
2026-07-08 11:11:33.924 +03:00 [INF] HTTP GET /Crm responded 302 in 88.3418 ms
2026-07-08 11:11:34.077 +03:00 [ERR] An exception was thrown while deserializing the token.
Microsoft.AspNetCore.Antiforgery.AntiforgeryValidationException: The antiforgery token could not be decrypted.
 ---> System.Security.Cryptography.CryptographicException: The key {ba41fa8d-c318-4b53-9549-fb35dff19058} was not found in the key ring. For more information go to https://aka.ms/aspnet/dataprotectionwarning
   at Microsoft.AspNetCore.DataProtection.KeyManagement.KeyRingBasedDataProtector.UnprotectCore(Byte[] protectedData, Boolean allowOperationsOnRevokedKeys, UnprotectStatus& status)
   at Microsoft.AspNetCore.DataProtection.KeyManagement.KeyRingBasedDataProtector.Unprotect(Byte[] protectedData)
   at Microsoft.AspNetCore.Antiforgery.DefaultAntiforgeryTokenSerializer.Deserialize(String serializedToken)
   --- End of inner exception stack trace ---
   at Microsoft.AspNetCore.Antiforgery.DefaultAntiforgeryTokenSerializer.Deserialize(String serializedToken)
   at Microsoft.AspNetCore.Antiforgery.DefaultAntiforgery.GetCookieTokenDoesNotThrow(HttpContext httpContext)
2026-07-08 11:11:34.261 +03:00 [INF] HTTP GET /Account/Login responded 200 in 319.8546 ms
2026-07-08 11:11:34.509 +03:00 [INF] HTTP GET /lib/jquery-validation-unobtrusive/dist/jquery.validate.unobtrusive.min.js responded 200 in 90.7888 ms
2026-07-08 11:11:34.511 +03:00 [INF] HTTP GET /Biktal.WebMVC.styles.css responded 200 in 137.7934 ms
2026-07-08 11:11:34.512 +03:00 [INF] HTTP GET /css/site.css responded 200 in 139.4570 ms
2026-07-08 11:11:34.513 +03:00 [INF] HTTP GET /lib/bootstrap/dist/js/bootstrap.bundle.min.js responded 200 in 132.9844 ms
2026-07-08 11:11:34.515 +03:00 [INF] HTTP GET /lib/bootstrap/dist/css/bootstrap.min.css responded 200 in 135.4293 ms
2026-07-08 11:11:34.524 +03:00 [INF] HTTP GET /lib/jquery-validation/dist/jquery.validate.min.js responded 200 in 139.8677 ms
2026-07-08 11:11:34.530 +03:00 [INF] HTTP GET /lib/jquery/dist/jquery.min.js responded 200 in 155.7455 ms
2026-07-08 11:11:34.543 +03:00 [INF] HTTP GET /js/site.js responded 200 in 159.3188 ms
2026-07-08 11:11:50.256 +03:00 [INF] HTTP POST /Account/Login responded 302 in 577.2983 ms
2026-07-08 11:11:50.417 +03:00 [INF] HTTP GET /Crm responded 200 in 154.7551 ms
2026-07-08 11:11:50.483 +03:00 [INF] HTTP GET /Biktal.WebMVC.styles.css responded 200 in 4.9269 ms
2026-07-08 11:11:50.484 +03:00 [INF] HTTP GET /lib/bootstrap/dist/css/bootstrap.min.css responded 200 in 10.6449 ms
2026-07-08 11:11:50.487 +03:00 [INF] HTTP GET /css/site.css responded 200 in 4.1883 ms
2026-07-08 11:11:50.500 +03:00 [INF] HTTP GET /js/site.js responded 304 in 20.5978 ms
2026-07-08 11:11:50.556 +03:00 [INF] HTTP GET /lib/jquery/dist/jquery.min.js responded 304 in 71.8959 ms
2026-07-08 11:11:50.650 +03:00 [INF] HTTP GET /lib/bootstrap/dist/js/bootstrap.bundle.min.js responded 304 in 162.2129 ms
2026-07-08 11:11:58.920 +03:00 [INF] HTTP GET /Installments responded 200 in 204.2753 ms
2026-07-08 11:11:58.983 +03:00 [INF] HTTP GET /Biktal.WebMVC.styles.css responded 304 in 0.9972 ms
2026-07-08 11:11:58.983 +03:00 [INF] HTTP GET /lib/bootstrap/dist/css/bootstrap.min.css responded 304 in 1.3052 ms
2026-07-08 11:11:58.984 +03:00 [INF] HTTP GET /css/site.css responded 304 in 0.8652 ms
2026-07-08 11:11:58.990 +03:00 [INF] HTTP GET /lib/bootstrap/dist/js/bootstrap.bundle.min.js responded 304 in 1.7053 ms
2026-07-08 11:11:58.992 +03:00 [INF] HTTP GET /lib/jquery/dist/jquery.min.js responded 304 in 1.1060 ms
2026-07-08 11:11:58.994 +03:00 [INF] HTTP GET /js/site.js responded 304 in 3.5092 ms
2026-07-08 11:12:04.233 +03:00 [INF] HTTP GET /Installments/New responded 200 in 139.4065 ms
2026-07-08 11:12:04.298 +03:00 [INF] HTTP GET /lib/bootstrap/dist/css/bootstrap.min.css responded 304 in 2.4574 ms
2026-07-08 11:12:04.299 +03:00 [INF] HTTP GET /css/site.css responded 304 in 1.1508 ms
2026-07-08 11:12:04.301 +03:00 [INF] HTTP GET /Biktal.WebMVC.styles.css responded 304 in 1.1475 ms
2026-07-08 11:12:04.306 +03:00 [INF] HTTP GET /lib/jquery/dist/jquery.min.js responded 304 in 1.5067 ms
2026-07-08 11:12:04.307 +03:00 [INF] HTTP GET /lib/bootstrap/dist/js/bootstrap.bundle.min.js responded 304 in 1.2996 ms
2026-07-08 11:12:04.309 +03:00 [INF] HTTP GET /js/site.js responded 304 in 0.7650 ms
2026-07-08 11:12:04.325 +03:00 [INF] HTTP GET /lib/jquery-validation-unobtrusive/dist/jquery.validate.unobtrusive.min.js responded 304 in 14.2291 ms
2026-07-08 11:12:04.332 +03:00 [INF] HTTP GET /lib/jquery-validation/dist/jquery.validate.min.js responded 304 in 21.4723 ms
2026-07-08 11:15:48.557 +03:00 [INF] HTTP POST /Installments/Create responded 302 in 352.0009 ms
2026-07-08 11:15:48.626 +03:00 [WRN] Compiling a query which loads related collections for more than one collection navigation, either via 'Include' or through projection, but no 'QuerySplittingBehavior' has been configured. By default, Entity Framework will use 'QuerySplittingBehavior.SingleQuery', which can potentially result in slow query performance. See https://go.microsoft.com/fwlink/?linkid=2134277 for more information. To identify the query that's triggering this warning call 'ConfigureWarnings(w => w.Throw(RelationalEventId.MultipleCollectionIncludeWarning))'.
2026-07-08 11:15:48.727 +03:00 [INF] HTTP GET /Installments/Detail/486876b8-ce54-4df0-a8b2-2a6ff09fe5fa responded 200 in 159.9134 ms
2026-07-08 11:15:48.793 +03:00 [INF] HTTP GET /lib/bootstrap/dist/css/bootstrap.min.css responded 200 in 1.5043 ms
2026-07-08 11:15:48.793 +03:00 [INF] HTTP GET /css/site.css responded 200 in 4.1459 ms
2026-07-08 11:15:48.796 +03:00 [INF] HTTP GET /lib/jquery/dist/jquery.min.js responded 200 in 2.5461 ms
2026-07-08 11:15:48.797 +03:00 [INF] HTTP GET /Biktal.WebMVC.styles.css responded 200 in 2.0365 ms
2026-07-08 11:15:48.803 +03:00 [INF] HTTP GET /lib/bootstrap/dist/js/bootstrap.bundle.min.js responded 200 in 2.3914 ms
2026-07-08 11:15:48.811 +03:00 [INF] HTTP GET /lib/jquery-validation/dist/jquery.validate.min.js responded 200 in 2.5692 ms
2026-07-08 11:15:48.812 +03:00 [INF] HTTP GET /js/site.js responded 200 in 1.0866 ms
2026-07-08 11:15:48.821 +03:00 [INF] HTTP GET /lib/jquery-validation-unobtrusive/dist/jquery.validate.unobtrusive.min.js responded 200 in 1.6417 ms
2026-07-08 11:15:54.911 +03:00 [INF] HTTP GET /Installments responded 200 in 11.2456 ms
2026-07-08 11:15:54.971 +03:00 [INF] HTTP GET /lib/bootstrap/dist/css/bootstrap.min.css responded 200 in 2.5796 ms
2026-07-08 11:15:54.971 +03:00 [INF] HTTP GET /css/site.css responded 200 in 1.7792 ms
2026-07-08 11:15:54.973 +03:00 [INF] HTTP GET /lib/jquery/dist/jquery.min.js responded 304 in 0.7761 ms
2026-07-08 11:15:54.974 +03:00 [INF] HTTP GET /Biktal.WebMVC.styles.css responded 200 in 1.8929 ms
2026-07-08 11:15:54.979 +03:00 [INF] HTTP GET /lib/bootstrap/dist/js/bootstrap.bundle.min.js responded 304 in 1.1392 ms
2026-07-08 11:15:54.980 +03:00 [INF] HTTP GET /js/site.js responded 304 in 1.8698 ms
2026-07-08 11:36:14.481 +03:00 [INF] Application is shutting down...
2026-07-08 11:57:03.616 +03:00 [ERR] Failed executing DbCommand (9ms) [Parameters=[@p0='?' (DbType = Guid), @p1='?' (DbType = DateTime), @p2='?' (DbType = Guid), @p3='?', @p4='?' (DbType = DateTime), @p5='?' (DbType = Int32), @p6='?' (DbType = Int32), @p7='?', @p8='?', @p9='?' (DbType = Guid), @p10='?' (DbType = DateTime), @p11='?' (DbType = Guid), @p12='?', @p13='?' (DbType = DateTime), @p14='?' (DbType = Int32), @p15='?' (DbType = Int32), @p16='?', @p17='?'], CommandType='"Text"', CommandTimeout='30']
INSERT INTO "CrmSupportTickets" ("Id", "CreatedAtUtc", "CustomerId", "Description", "ModifiedAtUtc", "Priority", "Status", "Subject", "TicketNumber")
VALUES (@p0, @p1, @p2, @p3, @p4, @p5, @p6, @p7, @p8);
INSERT INTO "CrmSupportTickets" ("Id", "CreatedAtUtc", "CustomerId", "Description", "ModifiedAtUtc", "Priority", "Status", "Subject", "TicketNumber")
VALUES (@p9, @p10, @p11, @p12, @p13, @p14, @p15, @p16, @p17);
2026-07-08 11:57:03.703 +03:00 [ERR] An exception occurred in the database while saving changes for context type 'Biktal.Infrastructure.Persistence.ApplicationDbContext'.
Microsoft.EntityFrameworkCore.DbUpdateException: An error occurred while saving the entity changes. See the inner exception for details.
 ---> Npgsql.PostgresException (0x80004005): 23503: insert or update on table "CrmSupportTickets" violates foreign key constraint "FK_CrmSupportTickets_CrmCustomers_CustomerId"

DETAIL: Detail redacted as it may contain sensitive data. Specify 'Include Error Detail' in the connection string to include this information.
   at Npgsql.Internal.NpgsqlConnector.ReadMessageLong(Boolean async, DataRowLoadingMode dataRowLoadingMode, Boolean readingNotifications, Boolean isReadingPrependedMessage)
   at System.Runtime.CompilerServices.PoolingAsyncValueTaskMethodBuilder`1.StateMachineBox`1.System.Threading.Tasks.Sources.IValueTaskSource<TResult>.GetResult(Int16 token)
   at Npgsql.NpgsqlDataReader.NextResult(Boolean async, Boolean isConsuming, CancellationToken cancellationToken)
   at Npgsql.NpgsqlDataReader.NextResult(Boolean async, Boolean isConsuming, CancellationToken cancellationToken)
   at Npgsql.NpgsqlCommand.ExecuteReader(Boolean async, CommandBehavior behavior, CancellationToken cancellationToken)
   at Npgsql.NpgsqlCommand.ExecuteReader(Boolean async, CommandBehavior behavior, CancellationToken cancellationToken)
   at Npgsql.NpgsqlCommand.ExecuteDbDataReaderAsync(CommandBehavior behavior, CancellationToken cancellationToken)
   at Microsoft.EntityFrameworkCore.Storage.RelationalCommand.ExecuteReaderAsync(RelationalCommandParameterObject parameterObject, CancellationToken cancellationToken)
   at Microsoft.EntityFrameworkCore.Storage.RelationalCommand.ExecuteReaderAsync(RelationalCommandParameterObject parameterObject, CancellationToken cancellationToken)
   at Microsoft.EntityFrameworkCore.Update.ReaderModificationCommandBatch.ExecuteAsync(IRelationalConnection connection, CancellationToken cancellationToken)
  Exception data:
    Severity: ERROR
    SqlState: 23503
    MessageText: insert or update on table "CrmSupportTickets" violates foreign key constraint "FK_CrmSupportTickets_CrmCustomers_CustomerId"
    Detail: Detail redacted as it may contain sensitive data. Specify 'Include Error Detail' in the connection string to include this information.
    SchemaName: public
    TableName: CrmSupportTickets
    ConstraintName: FK_CrmSupportTickets_CrmCustomers_CustomerId
    File: ri_triggers.c
    Line: 2783
    Routine: ri_ReportViolation
   --- End of inner exception stack trace ---
   at Microsoft.EntityFrameworkCore.Update.ReaderModificationCommandBatch.ExecuteAsync(IRelationalConnection connection, CancellationToken cancellationToken)
   at Microsoft.EntityFrameworkCore.Update.Internal.BatchExecutor.ExecuteAsync(IEnumerable`1 commandBatches, IRelationalConnection connection, CancellationToken cancellationToken)
   at Microsoft.EntityFrameworkCore.Update.Internal.BatchExecutor.ExecuteAsync(IEnumerable`1 commandBatches, IRelationalConnection connection, CancellationToken cancellationToken)
   at Microsoft.EntityFrameworkCore.Update.Internal.BatchExecutor.ExecuteAsync(IEnumerable`1 commandBatches, IRelationalConnection connection, CancellationToken cancellationToken)
   at Microsoft.EntityFrameworkCore.Storage.RelationalDatabase.SaveChangesAsync(IList`1 entries, CancellationToken cancellationToken)
   at Microsoft.EntityFrameworkCore.ChangeTracking.Internal.StateManager.SaveChangesAsync(IList`1 entriesToSave, CancellationToken cancellationToken)
   at Microsoft.EntityFrameworkCore.ChangeTracking.Internal.StateManager.SaveChangesAsync(StateManager stateManager, Boolean acceptAllChangesOnSuccess, CancellationToken cancellationToken)
   at Npgsql.EntityFrameworkCore.PostgreSQL.Storage.Internal.NpgsqlExecutionStrategy.ExecuteAsync[TState,TResult](TState state, Func`4 operation, Func`4 verifySucceeded, CancellationToken cancellationToken)
   at Microsoft.EntityFrameworkCore.DbContext.SaveChangesAsync(Boolean acceptAllChangesOnSuccess, CancellationToken cancellationToken)
Microsoft.EntityFrameworkCore.DbUpdateException: An error occurred while saving the entity changes. See the inner exception for details.
 ---> Npgsql.PostgresException (0x80004005): 23503: insert or update on table "CrmSupportTickets" violates foreign key constraint "FK_CrmSupportTickets_CrmCustomers_CustomerId"

DETAIL: Detail redacted as it may contain sensitive data. Specify 'Include Error Detail' in the connection string to include this information.
   at Npgsql.Internal.NpgsqlConnector.ReadMessageLong(Boolean async, DataRowLoadingMode dataRowLoadingMode, Boolean readingNotifications, Boolean isReadingPrependedMessage)
   at System.Runtime.CompilerServices.PoolingAsyncValueTaskMethodBuilder`1.StateMachineBox`1.System.Threading.Tasks.Sources.IValueTaskSource<TResult>.GetResult(Int16 token)
   at Npgsql.NpgsqlDataReader.NextResult(Boolean async, Boolean isConsuming, CancellationToken cancellationToken)
   at Npgsql.NpgsqlDataReader.NextResult(Boolean async, Boolean isConsuming, CancellationToken cancellationToken)
   at Npgsql.NpgsqlCommand.ExecuteReader(Boolean async, CommandBehavior behavior, CancellationToken cancellationToken)
   at Npgsql.NpgsqlCommand.ExecuteReader(Boolean async, CommandBehavior behavior, CancellationToken cancellationToken)
   at Npgsql.NpgsqlCommand.ExecuteDbDataReaderAsync(CommandBehavior behavior, CancellationToken cancellationToken)
   at Microsoft.EntityFrameworkCore.Storage.RelationalCommand.ExecuteReaderAsync(RelationalCommandParameterObject parameterObject, CancellationToken cancellationToken)
   at Microsoft.EntityFrameworkCore.Storage.RelationalCommand.ExecuteReaderAsync(RelationalCommandParameterObject parameterObject, CancellationToken cancellationToken)
   at Microsoft.EntityFrameworkCore.Update.ReaderModificationCommandBatch.ExecuteAsync(IRelationalConnection connection, CancellationToken cancellationToken)
  Exception data:
    Severity: ERROR
    SqlState: 23503
    MessageText: insert or update on table "CrmSupportTickets" violates foreign key constraint "FK_CrmSupportTickets_CrmCustomers_CustomerId"
    Detail: Detail redacted as it may contain sensitive data. Specify 'Include Error Detail' in the connection string to include this information.
    SchemaName: public
    TableName: CrmSupportTickets
    ConstraintName: FK_CrmSupportTickets_CrmCustomers_CustomerId
    File: ri_triggers.c
    Line: 2783
    Routine: ri_ReportViolation
   --- End of inner exception stack trace ---
   at Microsoft.EntityFrameworkCore.Update.ReaderModificationCommandBatch.ExecuteAsync(IRelationalConnection connection, CancellationToken cancellationToken)
   at Microsoft.EntityFrameworkCore.Update.Internal.BatchExecutor.ExecuteAsync(IEnumerable`1 commandBatches, IRelationalConnection connection, CancellationToken cancellationToken)
   at Microsoft.EntityFrameworkCore.Update.Internal.BatchExecutor.ExecuteAsync(IEnumerable`1 commandBatches, IRelationalConnection connection, CancellationToken cancellationToken)
   at Microsoft.EntityFrameworkCore.Update.Internal.BatchExecutor.ExecuteAsync(IEnumerable`1 commandBatches, IRelationalConnection connection, CancellationToken cancellationToken)
   at Microsoft.EntityFrameworkCore.Storage.RelationalDatabase.SaveChangesAsync(IList`1 entries, CancellationToken cancellationToken)
   at Microsoft.EntityFrameworkCore.ChangeTracking.Internal.StateManager.SaveChangesAsync(IList`1 entriesToSave, CancellationToken cancellationToken)
   at Microsoft.EntityFrameworkCore.ChangeTracking.Internal.StateManager.SaveChangesAsync(StateManager stateManager, Boolean acceptAllChangesOnSuccess, CancellationToken cancellationToken)
   at Npgsql.EntityFrameworkCore.PostgreSQL.Storage.Internal.NpgsqlExecutionStrategy.ExecuteAsync[TState,TResult](TState state, Func`4 operation, Func`4 verifySucceeded, CancellationToken cancellationToken)
   at Microsoft.EntityFrameworkCore.DbContext.SaveChangesAsync(Boolean acceptAllChangesOnSuccess, CancellationToken cancellationToken)
2026-07-08 11:57:03.708 +03:00 [ERR] Database migration or seed failed. Check PostgreSQL is running and ConnectionStrings:DefaultConnection is correct.
Microsoft.EntityFrameworkCore.DbUpdateException: An error occurred while saving the entity changes. See the inner exception for details.
 ---> Npgsql.PostgresException (0x80004005): 23503: insert or update on table "CrmSupportTickets" violates foreign key constraint "FK_CrmSupportTickets_CrmCustomers_CustomerId"

DETAIL: Detail redacted as it may contain sensitive data. Specify 'Include Error Detail' in the connection string to include this information.
   at Npgsql.Internal.NpgsqlConnector.ReadMessageLong(Boolean async, DataRowLoadingMode dataRowLoadingMode, Boolean readingNotifications, Boolean isReadingPrependedMessage)
   at System.Runtime.CompilerServices.PoolingAsyncValueTaskMethodBuilder`1.StateMachineBox`1.System.Threading.Tasks.Sources.IValueTaskSource<TResult>.GetResult(Int16 token)
   at Npgsql.NpgsqlDataReader.NextResult(Boolean async, Boolean isConsuming, CancellationToken cancellationToken)
   at Npgsql.NpgsqlDataReader.NextResult(Boolean async, Boolean isConsuming, CancellationToken cancellationToken)
   at Npgsql.NpgsqlCommand.ExecuteReader(Boolean async, CommandBehavior behavior, CancellationToken cancellationToken)
   at Npgsql.NpgsqlCommand.ExecuteReader(Boolean async, CommandBehavior behavior, CancellationToken cancellationToken)
   at Npgsql.NpgsqlCommand.ExecuteDbDataReaderAsync(CommandBehavior behavior, CancellationToken cancellationToken)
   at Microsoft.EntityFrameworkCore.Storage.RelationalCommand.ExecuteReaderAsync(RelationalCommandParameterObject parameterObject, CancellationToken cancellationToken)
   at Microsoft.EntityFrameworkCore.Storage.RelationalCommand.ExecuteReaderAsync(RelationalCommandParameterObject parameterObject, CancellationToken cancellationToken)
   at Microsoft.EntityFrameworkCore.Update.ReaderModificationCommandBatch.ExecuteAsync(IRelationalConnection connection, CancellationToken cancellationToken)
  Exception data:
    Severity: ERROR
    SqlState: 23503
    MessageText: insert or update on table "CrmSupportTickets" violates foreign key constraint "FK_CrmSupportTickets_CrmCustomers_CustomerId"
    Detail: Detail redacted as it may contain sensitive data. Specify 'Include Error Detail' in the connection string to include this information.
    SchemaName: public
    TableName: CrmSupportTickets
    ConstraintName: FK_CrmSupportTickets_CrmCustomers_CustomerId
    File: ri_triggers.c
    Line: 2783
    Routine: ri_ReportViolation
   --- End of inner exception stack trace ---
   at Microsoft.EntityFrameworkCore.Update.ReaderModificationCommandBatch.ExecuteAsync(IRelationalConnection connection, CancellationToken cancellationToken)
   at Microsoft.EntityFrameworkCore.Update.Internal.BatchExecutor.ExecuteAsync(IEnumerable`1 commandBatches, IRelationalConnection connection, CancellationToken cancellationToken)
   at Microsoft.EntityFrameworkCore.Update.Internal.BatchExecutor.ExecuteAsync(IEnumerable`1 commandBatches, IRelationalConnection connection, CancellationToken cancellationToken)
   at Microsoft.EntityFrameworkCore.Update.Internal.BatchExecutor.ExecuteAsync(IEnumerable`1 commandBatches, IRelationalConnection connection, CancellationToken cancellationToken)
   at Microsoft.EntityFrameworkCore.Storage.RelationalDatabase.SaveChangesAsync(IList`1 entries, CancellationToken cancellationToken)
   at Microsoft.EntityFrameworkCore.ChangeTracking.Internal.StateManager.SaveChangesAsync(IList`1 entriesToSave, CancellationToken cancellationToken)
   at Microsoft.EntityFrameworkCore.ChangeTracking.Internal.StateManager.SaveChangesAsync(StateManager stateManager, Boolean acceptAllChangesOnSuccess, CancellationToken cancellationToken)
   at Npgsql.EntityFrameworkCore.PostgreSQL.Storage.Internal.NpgsqlExecutionStrategy.ExecuteAsync[TState,TResult](TState state, Func`4 operation, Func`4 verifySucceeded, CancellationToken cancellationToken)
   at Microsoft.EntityFrameworkCore.DbContext.SaveChangesAsync(Boolean acceptAllChangesOnSuccess, CancellationToken cancellationToken)
   at Microsoft.EntityFrameworkCore.DbContext.SaveChangesAsync(Boolean acceptAllChangesOnSuccess, CancellationToken cancellationToken)
   at Biktal.Infrastructure.Persistence.CrmDataSeeder.SeedIfEmptyAsync(ApplicationDbContext db, CancellationToken cancellationToken)
   at Program.<Main>$(String[] args) in d:\Systems\BiktalSystems\Program.cs:line 71
2026-07-08 11:57:03.714 +03:00 [WRN] Continuing without a successful migration/seed. Auth and data pages may fail until the database is available.
2026-07-08 11:57:03.743 +03:00 [WRN] Using an in-memory repository. Keys will not be persisted to storage.
2026-07-08 11:57:03.743 +03:00 [WRN] Neither user profile nor HKLM registry available. Using an ephemeral key repository. Protected data will be unavailable when application exits.
2026-07-08 11:57:03.762 +03:00 [WRN] No XML encryptor configured. Key {296b138f-11ee-4afd-903c-a9203a917721} may be persisted to storage in unencrypted form.
2026-07-08 11:57:03.832 +03:00 [INF] Application started. Press Ctrl+C to shut down.
2026-07-08 11:57:03.832 +03:00 [INF] Hosting environment: Production
2026-07-08 11:57:03.833 +03:00 [INF] Content root path: D:\Systems\BiktalSystems\publish
2026-07-08 11:57:03.957 +03:00 [INF] HTTP GET /Installments/New responded 302 in 100.4172 ms
2026-07-08 11:57:05.223 +03:00 [ERR] An exception was thrown while deserializing the token.
Microsoft.AspNetCore.Antiforgery.AntiforgeryValidationException: The antiforgery token could not be decrypted.
 ---> System.Security.Cryptography.CryptographicException: The key {d37841aa-4357-460f-92be-5bca34d0713c} was not found in the key ring. For more information go to https://aka.ms/aspnet/dataprotectionwarning
   at Microsoft.AspNetCore.DataProtection.KeyManagement.KeyRingBasedDataProtector.UnprotectCore(Byte[] protectedData, Boolean allowOperationsOnRevokedKeys, UnprotectStatus& status)
   at Microsoft.AspNetCore.DataProtection.KeyManagement.KeyRingBasedDataProtector.Unprotect(Byte[] protectedData)
   at Microsoft.AspNetCore.Antiforgery.DefaultAntiforgeryTokenSerializer.Deserialize(String serializedToken)
   --- End of inner exception stack trace ---
   at Microsoft.AspNetCore.Antiforgery.DefaultAntiforgeryTokenSerializer.Deserialize(String serializedToken)
   at Microsoft.AspNetCore.Antiforgery.DefaultAntiforgery.GetCookieTokenDoesNotThrow(HttpContext httpContext)
2026-07-08 11:57:05.323 +03:00 [INF] HTTP GET /Account/Login responded 200 in 235.3790 ms
2026-07-08 11:57:05.422 +03:00 [INF] HTTP GET /lib/bootstrap/dist/css/bootstrap.min.css responded 200 in 31.0960 ms
2026-07-08 11:57:05.422 +03:00 [INF] HTTP GET /css/site.css responded 200 in 31.2131 ms
2026-07-08 11:57:05.434 +03:00 [INF] HTTP GET /Biktal.WebMVC.styles.css responded 200 in 15.0946 ms
2026-07-08 11:57:05.434 +03:00 [INF] HTTP GET /js/site.js responded 200 in 10.1011 ms
2026-07-08 11:57:05.434 +03:00 [INF] HTTP GET /lib/jquery/dist/jquery.min.js responded 200 in 15.3910 ms
2026-07-08 11:57:05.435 +03:00 [INF] HTTP GET /lib/jquery-validation/dist/jquery.validate.min.js responded 200 in 7.5062 ms
2026-07-08 11:57:05.436 +03:00 [INF] HTTP GET /lib/bootstrap/dist/js/bootstrap.bundle.min.js responded 200 in 12.6985 ms
2026-07-08 11:57:05.437 +03:00 [INF] HTTP GET /lib/jquery-validation-unobtrusive/dist/jquery.validate.unobtrusive.min.js responded 200 in 8.6212 ms
2026-07-08 11:58:10.077 +03:00 [INF] HTTP POST /Account/Login responded 302 in 542.5078 ms
2026-07-08 11:58:10.229 +03:00 [INF] HTTP GET /Installments/New responded 200 in 144.7806 ms
2026-07-08 11:58:10.286 +03:00 [INF] HTTP GET /lib/bootstrap/dist/css/bootstrap.min.css responded 304 in 3.1857 ms
2026-07-08 11:58:10.288 +03:00 [INF] HTTP GET /css/site.css responded 304 in 3.9643 ms
2026-07-08 11:58:10.368 +03:00 [INF] HTTP GET /Biktal.WebMVC.styles.css responded 304 in 79.0495 ms
2026-07-08 11:58:10.401 +03:00 [INF] HTTP GET /lib/jquery/dist/jquery.min.js responded 304 in 44.4168 ms
2026-07-08 11:58:10.422 +03:00 [INF] HTTP GET /js/site.js responded 304 in 23.4126 ms
2026-07-08 11:58:10.428 +03:00 [INF] HTTP GET /lib/jquery-validation/dist/jquery.validate.min.js responded 304 in 25.2203 ms
2026-07-08 11:58:10.440 +03:00 [INF] HTTP GET /lib/jquery-validation-unobtrusive/dist/jquery.validate.unobtrusive.min.js responded 304 in 16.0731 ms
2026-07-08 11:58:10.562 +03:00 [INF] HTTP GET /lib/bootstrap/dist/js/bootstrap.bundle.min.js responded 304 in 198.6985 ms
2026-07-08 12:18:18.163 +03:00 [INF] Application is shutting down...
2026-07-08 13:12:52.331 +03:00 [ERR] Failed executing DbCommand (7ms) [Parameters=[@p0='?' (DbType = Guid), @p1='?' (DbType = DateTime), @p2='?' (DbType = Guid), @p3='?', @p4='?' (DbType = DateTime), @p5='?' (DbType = Int32), @p6='?' (DbType = Int32), @p7='?', @p8='?', @p9='?' (DbType = Guid), @p10='?' (DbType = DateTime), @p11='?' (DbType = Guid), @p12='?', @p13='?' (DbType = DateTime), @p14='?' (DbType = Int32), @p15='?' (DbType = Int32), @p16='?', @p17='?'], CommandType='"Text"', CommandTimeout='30']
INSERT INTO "CrmSupportTickets" ("Id", "CreatedAtUtc", "CustomerId", "Description", "ModifiedAtUtc", "Priority", "Status", "Subject", "TicketNumber")
VALUES (@p0, @p1, @p2, @p3, @p4, @p5, @p6, @p7, @p8);
INSERT INTO "CrmSupportTickets" ("Id", "CreatedAtUtc", "CustomerId", "Description", "ModifiedAtUtc", "Priority", "Status", "Subject", "TicketNumber")
VALUES (@p9, @p10, @p11, @p12, @p13, @p14, @p15, @p16, @p17);
2026-07-08 13:12:52.419 +03:00 [ERR] An exception occurred in the database while saving changes for context type 'Biktal.Infrastructure.Persistence.ApplicationDbContext'.
Microsoft.EntityFrameworkCore.DbUpdateException: An error occurred while saving the entity changes. See the inner exception for details.
 ---> Npgsql.PostgresException (0x80004005): 23503: insert or update on table "CrmSupportTickets" violates foreign key constraint "FK_CrmSupportTickets_CrmCustomers_CustomerId"

DETAIL: Detail redacted as it may contain sensitive data. Specify 'Include Error Detail' in the connection string to include this information.
   at Npgsql.Internal.NpgsqlConnector.ReadMessageLong(Boolean async, DataRowLoadingMode dataRowLoadingMode, Boolean readingNotifications, Boolean isReadingPrependedMessage)
   at System.Runtime.CompilerServices.PoolingAsyncValueTaskMethodBuilder`1.StateMachineBox`1.System.Threading.Tasks.Sources.IValueTaskSource<TResult>.GetResult(Int16 token)
   at Npgsql.NpgsqlDataReader.NextResult(Boolean async, Boolean isConsuming, CancellationToken cancellationToken)
   at Npgsql.NpgsqlDataReader.NextResult(Boolean async, Boolean isConsuming, CancellationToken cancellationToken)
   at Npgsql.NpgsqlCommand.ExecuteReader(Boolean async, CommandBehavior behavior, CancellationToken cancellationToken)
   at Npgsql.NpgsqlCommand.ExecuteReader(Boolean async, CommandBehavior behavior, CancellationToken cancellationToken)
   at Npgsql.NpgsqlCommand.ExecuteDbDataReaderAsync(CommandBehavior behavior, CancellationToken cancellationToken)
   at Microsoft.EntityFrameworkCore.Storage.RelationalCommand.ExecuteReaderAsync(RelationalCommandParameterObject parameterObject, CancellationToken cancellationToken)
   at Microsoft.EntityFrameworkCore.Storage.RelationalCommand.ExecuteReaderAsync(RelationalCommandParameterObject parameterObject, CancellationToken cancellationToken)
   at Microsoft.EntityFrameworkCore.Update.ReaderModificationCommandBatch.ExecuteAsync(IRelationalConnection connection, CancellationToken cancellationToken)
  Exception data:
    Severity: ERROR
    SqlState: 23503
    MessageText: insert or update on table "CrmSupportTickets" violates foreign key constraint "FK_CrmSupportTickets_CrmCustomers_CustomerId"
    Detail: Detail redacted as it may contain sensitive data. Specify 'Include Error Detail' in the connection string to include this information.
    SchemaName: public
    TableName: CrmSupportTickets
    ConstraintName: FK_CrmSupportTickets_CrmCustomers_CustomerId
    File: ri_triggers.c
    Line: 2783
    Routine: ri_ReportViolation
   --- End of inner exception stack trace ---
   at Microsoft.EntityFrameworkCore.Update.ReaderModificationCommandBatch.ExecuteAsync(IRelationalConnection connection, CancellationToken cancellationToken)
   at Microsoft.EntityFrameworkCore.Update.Internal.BatchExecutor.ExecuteAsync(IEnumerable`1 commandBatches, IRelationalConnection connection, CancellationToken cancellationToken)
   at Microsoft.EntityFrameworkCore.Update.Internal.BatchExecutor.ExecuteAsync(IEnumerable`1 commandBatches, IRelationalConnection connection, CancellationToken cancellationToken)
   at Microsoft.EntityFrameworkCore.Update.Internal.BatchExecutor.ExecuteAsync(IEnumerable`1 commandBatches, IRelationalConnection connection, CancellationToken cancellationToken)
   at Microsoft.EntityFrameworkCore.Storage.RelationalDatabase.SaveChangesAsync(IList`1 entries, CancellationToken cancellationToken)
   at Microsoft.EntityFrameworkCore.ChangeTracking.Internal.StateManager.SaveChangesAsync(IList`1 entriesToSave, CancellationToken cancellationToken)
   at Microsoft.EntityFrameworkCore.ChangeTracking.Internal.StateManager.SaveChangesAsync(StateManager stateManager, Boolean acceptAllChangesOnSuccess, CancellationToken cancellationToken)
   at Npgsql.EntityFrameworkCore.PostgreSQL.Storage.Internal.NpgsqlExecutionStrategy.ExecuteAsync[TState,TResult](TState state, Func`4 operation, Func`4 verifySucceeded, CancellationToken cancellationToken)
   at Microsoft.EntityFrameworkCore.DbContext.SaveChangesAsync(Boolean acceptAllChangesOnSuccess, CancellationToken cancellationToken)
Microsoft.EntityFrameworkCore.DbUpdateException: An error occurred while saving the entity changes. See the inner exception for details.
 ---> Npgsql.PostgresException (0x80004005): 23503: insert or update on table "CrmSupportTickets" violates foreign key constraint "FK_CrmSupportTickets_CrmCustomers_CustomerId"

DETAIL: Detail redacted as it may contain sensitive data. Specify 'Include Error Detail' in the connection string to include this information.
   at Npgsql.Internal.NpgsqlConnector.ReadMessageLong(Boolean async, DataRowLoadingMode dataRowLoadingMode, Boolean readingNotifications, Boolean isReadingPrependedMessage)
   at System.Runtime.CompilerServices.PoolingAsyncValueTaskMethodBuilder`1.StateMachineBox`1.System.Threading.Tasks.Sources.IValueTaskSource<TResult>.GetResult(Int16 token)
   at Npgsql.NpgsqlDataReader.NextResult(Boolean async, Boolean isConsuming, CancellationToken cancellationToken)
   at Npgsql.NpgsqlDataReader.NextResult(Boolean async, Boolean isConsuming, CancellationToken cancellationToken)
   at Npgsql.NpgsqlCommand.ExecuteReader(Boolean async, CommandBehavior behavior, CancellationToken cancellationToken)
   at Npgsql.NpgsqlCommand.ExecuteReader(Boolean async, CommandBehavior behavior, CancellationToken cancellationToken)
   at Npgsql.NpgsqlCommand.ExecuteDbDataReaderAsync(CommandBehavior behavior, CancellationToken cancellationToken)
   at Microsoft.EntityFrameworkCore.Storage.RelationalCommand.ExecuteReaderAsync(RelationalCommandParameterObject parameterObject, CancellationToken cancellationToken)
   at Microsoft.EntityFrameworkCore.Storage.RelationalCommand.ExecuteReaderAsync(RelationalCommandParameterObject parameterObject, CancellationToken cancellationToken)
   at Microsoft.EntityFrameworkCore.Update.ReaderModificationCommandBatch.ExecuteAsync(IRelationalConnection connection, CancellationToken cancellationToken)
  Exception data:
    Severity: ERROR
    SqlState: 23503
    MessageText: insert or update on table "CrmSupportTickets" violates foreign key constraint "FK_CrmSupportTickets_CrmCustomers_CustomerId"
    Detail: Detail redacted as it may contain sensitive data. Specify 'Include Error Detail' in the connection string to include this information.
    SchemaName: public
    TableName: CrmSupportTickets
    ConstraintName: FK_CrmSupportTickets_CrmCustomers_CustomerId
    File: ri_triggers.c
    Line: 2783
    Routine: ri_ReportViolation
   --- End of inner exception stack trace ---
   at Microsoft.EntityFrameworkCore.Update.ReaderModificationCommandBatch.ExecuteAsync(IRelationalConnection connection, CancellationToken cancellationToken)
   at Microsoft.EntityFrameworkCore.Update.Internal.BatchExecutor.ExecuteAsync(IEnumerable`1 commandBatches, IRelationalConnection connection, CancellationToken cancellationToken)
   at Microsoft.EntityFrameworkCore.Update.Internal.BatchExecutor.ExecuteAsync(IEnumerable`1 commandBatches, IRelationalConnection connection, CancellationToken cancellationToken)
   at Microsoft.EntityFrameworkCore.Update.Internal.BatchExecutor.ExecuteAsync(IEnumerable`1 commandBatches, IRelationalConnection connection, CancellationToken cancellationToken)
   at Microsoft.EntityFrameworkCore.Storage.RelationalDatabase.SaveChangesAsync(IList`1 entries, CancellationToken cancellationToken)
   at Microsoft.EntityFrameworkCore.ChangeTracking.Internal.StateManager.SaveChangesAsync(IList`1 entriesToSave, CancellationToken cancellationToken)
   at Microsoft.EntityFrameworkCore.ChangeTracking.Internal.StateManager.SaveChangesAsync(StateManager stateManager, Boolean acceptAllChangesOnSuccess, CancellationToken cancellationToken)
   at Npgsql.EntityFrameworkCore.PostgreSQL.Storage.Internal.NpgsqlExecutionStrategy.ExecuteAsync[TState,TResult](TState state, Func`4 operation, Func`4 verifySucceeded, CancellationToken cancellationToken)
   at Microsoft.EntityFrameworkCore.DbContext.SaveChangesAsync(Boolean acceptAllChangesOnSuccess, CancellationToken cancellationToken)
2026-07-08 13:12:52.425 +03:00 [ERR] Database migration or seed failed. Check PostgreSQL is running and ConnectionStrings:DefaultConnection is correct.
Microsoft.EntityFrameworkCore.DbUpdateException: An error occurred while saving the entity changes. See the inner exception for details.
 ---> Npgsql.PostgresException (0x80004005): 23503: insert or update on table "CrmSupportTickets" violates foreign key constraint "FK_CrmSupportTickets_CrmCustomers_CustomerId"

DETAIL: Detail redacted as it may contain sensitive data. Specify 'Include Error Detail' in the connection string to include this information.
   at Npgsql.Internal.NpgsqlConnector.ReadMessageLong(Boolean async, DataRowLoadingMode dataRowLoadingMode, Boolean readingNotifications, Boolean isReadingPrependedMessage)
   at System.Runtime.CompilerServices.PoolingAsyncValueTaskMethodBuilder`1.StateMachineBox`1.System.Threading.Tasks.Sources.IValueTaskSource<TResult>.GetResult(Int16 token)
   at Npgsql.NpgsqlDataReader.NextResult(Boolean async, Boolean isConsuming, CancellationToken cancellationToken)
   at Npgsql.NpgsqlDataReader.NextResult(Boolean async, Boolean isConsuming, CancellationToken cancellationToken)
   at Npgsql.NpgsqlCommand.ExecuteReader(Boolean async, CommandBehavior behavior, CancellationToken cancellationToken)
   at Npgsql.NpgsqlCommand.ExecuteReader(Boolean async, CommandBehavior behavior, CancellationToken cancellationToken)
   at Npgsql.NpgsqlCommand.ExecuteDbDataReaderAsync(CommandBehavior behavior, CancellationToken cancellationToken)
   at Microsoft.EntityFrameworkCore.Storage.RelationalCommand.ExecuteReaderAsync(RelationalCommandParameterObject parameterObject, CancellationToken cancellationToken)
   at Microsoft.EntityFrameworkCore.Storage.RelationalCommand.ExecuteReaderAsync(RelationalCommandParameterObject parameterObject, CancellationToken cancellationToken)
   at Microsoft.EntityFrameworkCore.Update.ReaderModificationCommandBatch.ExecuteAsync(IRelationalConnection connection, CancellationToken cancellationToken)
  Exception data:
    Severity: ERROR
    SqlState: 23503
    MessageText: insert or update on table "CrmSupportTickets" violates foreign key constraint "FK_CrmSupportTickets_CrmCustomers_CustomerId"
    Detail: Detail redacted as it may contain sensitive data. Specify 'Include Error Detail' in the connection string to include this information.
    SchemaName: public
    TableName: CrmSupportTickets
    ConstraintName: FK_CrmSupportTickets_CrmCustomers_CustomerId
    File: ri_triggers.c
    Line: 2783
    Routine: ri_ReportViolation
   --- End of inner exception stack trace ---
   at Microsoft.EntityFrameworkCore.Update.ReaderModificationCommandBatch.ExecuteAsync(IRelationalConnection connection, CancellationToken cancellationToken)
   at Microsoft.EntityFrameworkCore.Update.Internal.BatchExecutor.ExecuteAsync(IEnumerable`1 commandBatches, IRelationalConnection connection, CancellationToken cancellationToken)
   at Microsoft.EntityFrameworkCore.Update.Internal.BatchExecutor.ExecuteAsync(IEnumerable`1 commandBatches, IRelationalConnection connection, CancellationToken cancellationToken)
   at Microsoft.EntityFrameworkCore.Update.Internal.BatchExecutor.ExecuteAsync(IEnumerable`1 commandBatches, IRelationalConnection connection, CancellationToken cancellationToken)
   at Microsoft.EntityFrameworkCore.Storage.RelationalDatabase.SaveChangesAsync(IList`1 entries, CancellationToken cancellationToken)
   at Microsoft.EntityFrameworkCore.ChangeTracking.Internal.StateManager.SaveChangesAsync(IList`1 entriesToSave, CancellationToken cancellationToken)
   at Microsoft.EntityFrameworkCore.ChangeTracking.Internal.StateManager.SaveChangesAsync(StateManager stateManager, Boolean acceptAllChangesOnSuccess, CancellationToken cancellationToken)
   at Npgsql.EntityFrameworkCore.PostgreSQL.Storage.Internal.NpgsqlExecutionStrategy.ExecuteAsync[TState,TResult](TState state, Func`4 operation, Func`4 verifySucceeded, CancellationToken cancellationToken)
   at Microsoft.EntityFrameworkCore.DbContext.SaveChangesAsync(Boolean acceptAllChangesOnSuccess, CancellationToken cancellationToken)
   at Microsoft.EntityFrameworkCore.DbContext.SaveChangesAsync(Boolean acceptAllChangesOnSuccess, CancellationToken cancellationToken)
   at Biktal.Infrastructure.Persistence.CrmDataSeeder.SeedIfEmptyAsync(ApplicationDbContext db, CancellationToken cancellationToken)
   at Program.<Main>$(String[] args) in d:\Systems\BiktalSystems\Program.cs:line 71
2026-07-08 13:12:52.431 +03:00 [WRN] Continuing without a successful migration/seed. Auth and data pages may fail until the database is available.
2026-07-08 13:12:52.456 +03:00 [WRN] Using an in-memory repository. Keys will not be persisted to storage.
2026-07-08 13:12:52.457 +03:00 [WRN] Neither user profile nor HKLM registry available. Using an ephemeral key repository. Protected data will be unavailable when application exits.
2026-07-08 13:12:52.476 +03:00 [WRN] No XML encryptor configured. Key {c02eecc8-4584-4f7b-b0ed-d2019d57b3a8} may be persisted to storage in unencrypted form.
2026-07-08 13:12:52.530 +03:00 [INF] Application started. Press Ctrl+C to shut down.
2026-07-08 13:12:52.530 +03:00 [INF] Hosting environment: Production
2026-07-08 13:12:52.530 +03:00 [INF] Content root path: D:\Systems\BiktalSystems\publish
2026-07-08 13:12:52.643 +03:00 [INF] HTTP GET /Inventory responded 302 in 88.3070 ms
2026-07-08 13:12:52.802 +03:00 [ERR] An exception was thrown while deserializing the token.
Microsoft.AspNetCore.Antiforgery.AntiforgeryValidationException: The antiforgery token could not be decrypted.
 ---> System.Security.Cryptography.CryptographicException: The key {296b138f-11ee-4afd-903c-a9203a917721} was not found in the key ring. For more information go to https://aka.ms/aspnet/dataprotectionwarning
   at Microsoft.AspNetCore.DataProtection.KeyManagement.KeyRingBasedDataProtector.UnprotectCore(Byte[] protectedData, Boolean allowOperationsOnRevokedKeys, UnprotectStatus& status)
   at Microsoft.AspNetCore.DataProtection.KeyManagement.KeyRingBasedDataProtector.Unprotect(Byte[] protectedData)
   at Microsoft.AspNetCore.Antiforgery.DefaultAntiforgeryTokenSerializer.Deserialize(String serializedToken)
   --- End of inner exception stack trace ---
   at Microsoft.AspNetCore.Antiforgery.DefaultAntiforgeryTokenSerializer.Deserialize(String serializedToken)
   at Microsoft.AspNetCore.Antiforgery.DefaultAntiforgery.GetCookieTokenDoesNotThrow(HttpContext httpContext)
2026-07-08 13:12:52.900 +03:00 [INF] HTTP GET /Account/Login responded 200 in 237.0392 ms
2026-07-08 13:12:53.074 +03:00 [INF] HTTP GET /css/site.css responded 200 in 104.1447 ms
2026-07-08 13:12:53.075 +03:00 [INF] HTTP GET /js/site.js responded 200 in 95.8075 ms
2026-07-08 13:12:53.077 +03:00 [INF] HTTP GET /Biktal.WebMVC.styles.css responded 200 in 105.9953 ms
2026-07-08 13:12:53.078 +03:00 [INF] HTTP GET /lib/jquery-validation/dist/jquery.validate.min.js responded 200 in 65.7900 ms
2026-07-08 13:12:53.078 +03:00 [INF] HTTP GET /lib/jquery-validation-unobtrusive/dist/jquery.validate.unobtrusive.min.js responded 200 in 106.9337 ms
2026-07-08 13:12:53.079 +03:00 [INF] HTTP GET /lib/bootstrap/dist/css/bootstrap.min.css responded 200 in 111.8858 ms
2026-07-08 13:12:53.083 +03:00 [INF] HTTP GET /lib/bootstrap/dist/js/bootstrap.bundle.min.js responded 200 in 109.1748 ms
2026-07-08 13:12:53.083 +03:00 [INF] HTTP GET /lib/jquery/dist/jquery.min.js responded 200 in 111.3271 ms
2026-07-08 13:13:01.854 +03:00 [INF] HTTP POST /Account/Login responded 302 in 632.9238 ms
2026-07-08 13:13:02.072 +03:00 [INF] HTTP GET /Inventory responded 200 in 210.1755 ms
2026-07-08 13:13:02.137 +03:00 [INF] HTTP GET /lib/bootstrap/dist/css/bootstrap.min.css responded 304 in 12.4933 ms
2026-07-08 13:13:02.137 +03:00 [INF] HTTP GET /Biktal.WebMVC.styles.css responded 304 in 1.1905 ms
2026-07-08 13:13:02.139 +03:00 [INF] HTTP GET /css/site.css responded 304 in 3.9649 ms
2026-07-08 13:13:02.190 +03:00 [INF] HTTP GET /lib/jquery/dist/jquery.min.js responded 304 in 52.8358 ms
2026-07-08 13:13:02.196 +03:00 [INF] HTTP GET /js/site.js responded 304 in 55.1407 ms
2026-07-08 13:13:02.358 +03:00 [INF] HTTP GET /lib/bootstrap/dist/js/bootstrap.bundle.min.js responded 304 in 220.5777 ms
2026-07-08 13:13:05.214 +03:00 [INF] HTTP GET /Biktal.WebMVC.styles.css responded 304 in 1.5556 ms
2026-07-08 13:13:05.215 +03:00 [INF] HTTP GET /css/site.css responded 304 in 2.5681 ms
2026-07-08 13:13:05.219 +03:00 [INF] HTTP GET /lib/bootstrap/dist/css/bootstrap.min.css responded 200 in 3.6380 ms
2026-07-08 13:13:05.221 +03:00 [INF] HTTP GET /Inventory/Products responded 200 in 679.8112 ms
2026-07-08 13:13:06.048 +03:00 [INF] HTTP GET /lib/jquery/dist/jquery.min.js responded 304 in 0.6652 ms
2026-07-08 13:13:06.071 +03:00 [INF] HTTP GET /lib/bootstrap/dist/js/bootstrap.bundle.min.js responded 304 in 1.6772 ms
2026-07-08 13:13:06.071 +03:00 [INF] HTTP GET /js/site.js responded 304 in 1.1552 ms
2026-07-08 13:13:06.086 +03:00 [INF] HTTP GET /lib/jquery-validation-unobtrusive/dist/jquery.validate.unobtrusive.min.js responded 304 in 11.8420 ms
2026-07-08 13:13:06.098 +03:00 [INF] HTTP GET /js/products-catalog-filter.js responded 200 in 22.1078 ms
2026-07-08 13:13:06.099 +03:00 [INF] HTTP GET /lib/jquery-validation/dist/jquery.validate.min.js responded 304 in 24.2203 ms
2026-07-08 13:14:36.328 +03:00 [WRN] The query uses the 'First'/'FirstOrDefault' operator without 'OrderBy' and filter operators. This may lead to unpredictable results.
2026-07-08 13:14:36.418 +03:00 [INF] HTTP GET /Pos responded 200 in 128.9104 ms
2026-07-08 13:14:36.496 +03:00 [INF] HTTP GET /css/site.css responded 200 in 2.8963 ms
2026-07-08 13:14:36.500 +03:00 [INF] HTTP GET /lib/bootstrap/dist/css/bootstrap.min.css responded 200 in 2.6104 ms
2026-07-08 13:14:36.506 +03:00 [INF] HTTP GET /lib/bootstrap/dist/js/bootstrap.bundle.min.js responded 200 in 6.4135 ms
2026-07-08 13:14:36.507 +03:00 [INF] HTTP GET /lib/jquery/dist/jquery.min.js responded 200 in 8.5508 ms
2026-07-08 13:14:36.507 +03:00 [INF] HTTP GET /js/site.js responded 200 in 1.3159 ms
2026-07-08 13:14:36.512 +03:00 [INF] HTTP GET /Biktal.WebMVC.styles.css responded 200 in 3.9734 ms
2026-07-08 13:14:36.539 +03:00 [INF] HTTP GET /js/pos.js responded 200 in 20.4742 ms
2026-07-08 13:14:54.868 +03:00 [INF] HTTP POST /Pos/CompleteSale responded 200 in 631.1860 ms
2026-07-08 13:15:09.249 +03:00 [INF] HTTP GET /Crm responded 200 in 69.7840 ms
2026-07-08 13:15:09.307 +03:00 [INF] HTTP GET /lib/bootstrap/dist/css/bootstrap.min.css responded 200 in 2.4379 ms
2026-07-08 13:15:09.316 +03:00 [INF] HTTP GET /css/site.css responded 200 in 1.5717 ms
2026-07-08 13:15:09.317 +03:00 [INF] HTTP GET /Biktal.WebMVC.styles.css responded 200 in 3.0968 ms
2026-07-08 13:15:09.320 +03:00 [INF] HTTP GET /lib/jquery/dist/jquery.min.js responded 304 in 1.9481 ms
2026-07-08 13:15:09.325 +03:00 [INF] HTTP GET /js/site.js responded 304 in 1.3872 ms
2026-07-08 13:15:09.325 +03:00 [INF] HTTP GET /lib/bootstrap/dist/js/bootstrap.bundle.min.js responded 304 in 2.0778 ms
2026-07-08 13:15:12.109 +03:00 [INF] HTTP GET /Installments responded 200 in 98.8139 ms
2026-07-08 13:15:12.161 +03:00 [INF] HTTP GET /lib/bootstrap/dist/css/bootstrap.min.css responded 200 in 5.4291 ms
2026-07-08 13:15:12.167 +03:00 [INF] HTTP GET /css/site.css responded 200 in 3.3362 ms
2026-07-08 13:15:12.167 +03:00 [INF] HTTP GET /Biktal.WebMVC.styles.css responded 200 in 3.8626 ms
2026-07-08 13:15:12.170 +03:00 [INF] HTTP GET /lib/jquery/dist/jquery.min.js responded 304 in 2.2860 ms
2026-07-08 13:15:12.171 +03:00 [INF] HTTP GET /lib/bootstrap/dist/js/bootstrap.bundle.min.js responded 304 in 1.0975 ms
2026-07-08 13:15:12.172 +03:00 [INF] HTTP GET /js/site.js responded 304 in 1.2503 ms
2026-07-08 13:15:16.220 +03:00 [INF] HTTP GET /Installments/New responded 200 in 111.9425 ms
2026-07-08 13:15:16.275 +03:00 [INF] HTTP GET /lib/bootstrap/dist/css/bootstrap.min.css responded 304 in 1.4236 ms
2026-07-08 13:15:16.290 +03:00 [INF] HTTP GET /css/site.css responded 304 in 0.7512 ms
2026-07-08 13:15:16.291 +03:00 [INF] HTTP GET /Biktal.WebMVC.styles.css responded 304 in 0.5033 ms
2026-07-08 13:15:16.291 +03:00 [INF] HTTP GET /lib/jquery/dist/jquery.min.js responded 304 in 0.4356 ms
2026-07-08 13:15:16.292 +03:00 [INF] HTTP GET /lib/bootstrap/dist/js/bootstrap.bundle.min.js responded 304 in 0.5294 ms
2026-07-08 13:15:16.293 +03:00 [INF] HTTP GET /js/site.js responded 304 in 0.6617 ms
2026-07-08 13:15:16.300 +03:00 [INF] HTTP GET /lib/jquery-validation/dist/jquery.validate.min.js responded 200 in 3.7974 ms
2026-07-08 13:15:16.303 +03:00 [INF] HTTP GET /lib/jquery-validation-unobtrusive/dist/jquery.validate.unobtrusive.min.js responded 200 in 3.2563 ms
2026-07-08 13:15:56.499 +03:00 [INF] HTTP POST /Installments/Create responded 302 in 193.3218 ms
2026-07-08 13:15:56.536 +03:00 [WRN] Compiling a query which loads related collections for more than one collection navigation, either via 'Include' or through projection, but no 'QuerySplittingBehavior' has been configured. By default, Entity Framework will use 'QuerySplittingBehavior.SingleQuery', which can potentially result in slow query performance. See https://go.microsoft.com/fwlink/?linkid=2134277 for more information. To identify the query that's triggering this warning call 'ConfigureWarnings(w => w.Throw(RelationalEventId.MultipleCollectionIncludeWarning))'.
2026-07-08 13:15:56.611 +03:00 [INF] HTTP GET /Installments/Detail/a80b5ee1-3f05-4c3a-b866-cf839e30cec1 responded 200 in 105.0049 ms
2026-07-08 13:15:56.686 +03:00 [INF] HTTP GET /lib/bootstrap/dist/css/bootstrap.min.css responded 200 in 3.5734 ms
2026-07-08 13:15:56.689 +03:00 [INF] HTTP GET /css/site.css responded 304 in 0.6726 ms
2026-07-08 13:15:56.691 +03:00 [INF] HTTP GET /Biktal.WebMVC.styles.css responded 304 in 0.7382 ms
2026-07-08 13:15:56.694 +03:00 [INF] HTTP GET /lib/jquery/dist/jquery.min.js responded 304 in 2.6983 ms
2026-07-08 13:15:56.695 +03:00 [INF] HTTP GET /js/site.js responded 304 in 0.6349 ms
2026-07-08 13:15:56.698 +03:00 [INF] HTTP GET /lib/bootstrap/dist/js/bootstrap.bundle.min.js responded 304 in 0.8827 ms
2026-07-08 13:15:56.701 +03:00 [INF] HTTP GET /lib/jquery-validation/dist/jquery.validate.min.js responded 304 in 1.1638 ms
2026-07-08 13:15:56.702 +03:00 [INF] HTTP GET /lib/jquery-validation-unobtrusive/dist/jquery.validate.unobtrusive.min.js responded 304 in 1.1209 ms
2026-07-08 13:16:01.388 +03:00 [INF] HTTP GET /Installments responded 200 in 9.9018 ms
2026-07-08 13:16:01.450 +03:00 [INF] HTTP GET /lib/bootstrap/dist/css/bootstrap.min.css responded 304 in 0.6665 ms
2026-07-08 13:16:01.453 +03:00 [INF] HTTP GET /css/site.css responded 304 in 0.6734 ms
2026-07-08 13:16:01.455 +03:00 [INF] HTTP GET /Biktal.WebMVC.styles.css responded 304 in 1.0345 ms
2026-07-08 13:16:01.456 +03:00 [INF] HTTP GET /lib/jquery/dist/jquery.min.js responded 304 in 0.7552 ms
2026-07-08 13:16:01.461 +03:00 [INF] HTTP GET /lib/bootstrap/dist/js/bootstrap.bundle.min.js responded 304 in 0.7765 ms
2026-07-08 13:16:01.465 +03:00 [INF] HTTP GET /js/site.js responded 304 in 4.6111 ms
2026-07-08 13:36:23.304 +03:00 [INF] Application is shutting down...
2026-07-08 15:50:20.976 +03:00 [ERR] Failed executing DbCommand (8ms) [Parameters=[@p0='?' (DbType = Guid), @p1='?' (DbType = DateTime), @p2='?' (DbType = Guid), @p3='?', @p4='?' (DbType = DateTime), @p5='?' (DbType = Int32), @p6='?' (DbType = Int32), @p7='?', @p8='?', @p9='?' (DbType = Guid), @p10='?' (DbType = DateTime), @p11='?' (DbType = Guid), @p12='?', @p13='?' (DbType = DateTime), @p14='?' (DbType = Int32), @p15='?' (DbType = Int32), @p16='?', @p17='?'], CommandType='"Text"', CommandTimeout='30']
INSERT INTO "CrmSupportTickets" ("Id", "CreatedAtUtc", "CustomerId", "Description", "ModifiedAtUtc", "Priority", "Status", "Subject", "TicketNumber")
VALUES (@p0, @p1, @p2, @p3, @p4, @p5, @p6, @p7, @p8);
INSERT INTO "CrmSupportTickets" ("Id", "CreatedAtUtc", "CustomerId", "Description", "ModifiedAtUtc", "Priority", "Status", "Subject", "TicketNumber")
VALUES (@p9, @p10, @p11, @p12, @p13, @p14, @p15, @p16, @p17);
2026-07-08 15:50:21.054 +03:00 [ERR] An exception occurred in the database while saving changes for context type 'Biktal.Infrastructure.Persistence.ApplicationDbContext'.
Microsoft.EntityFrameworkCore.DbUpdateException: An error occurred while saving the entity changes. See the inner exception for details.
 ---> Npgsql.PostgresException (0x80004005): 23503: insert or update on table "CrmSupportTickets" violates foreign key constraint "FK_CrmSupportTickets_CrmCustomers_CustomerId"

DETAIL: Detail redacted as it may contain sensitive data. Specify 'Include Error Detail' in the connection string to include this information.
   at Npgsql.Internal.NpgsqlConnector.ReadMessageLong(Boolean async, DataRowLoadingMode dataRowLoadingMode, Boolean readingNotifications, Boolean isReadingPrependedMessage)
   at System.Runtime.CompilerServices.PoolingAsyncValueTaskMethodBuilder`1.StateMachineBox`1.System.Threading.Tasks.Sources.IValueTaskSource<TResult>.GetResult(Int16 token)
   at Npgsql.NpgsqlDataReader.NextResult(Boolean async, Boolean isConsuming, CancellationToken cancellationToken)
   at Npgsql.NpgsqlDataReader.NextResult(Boolean async, Boolean isConsuming, CancellationToken cancellationToken)
   at Npgsql.NpgsqlCommand.ExecuteReader(Boolean async, CommandBehavior behavior, CancellationToken cancellationToken)
   at Npgsql.NpgsqlCommand.ExecuteReader(Boolean async, CommandBehavior behavior, CancellationToken cancellationToken)
   at Npgsql.NpgsqlCommand.ExecuteDbDataReaderAsync(CommandBehavior behavior, CancellationToken cancellationToken)
   at Microsoft.EntityFrameworkCore.Storage.RelationalCommand.ExecuteReaderAsync(RelationalCommandParameterObject parameterObject, CancellationToken cancellationToken)
   at Microsoft.EntityFrameworkCore.Storage.RelationalCommand.ExecuteReaderAsync(RelationalCommandParameterObject parameterObject, CancellationToken cancellationToken)
   at Microsoft.EntityFrameworkCore.Update.ReaderModificationCommandBatch.ExecuteAsync(IRelationalConnection connection, CancellationToken cancellationToken)
  Exception data:
    Severity: ERROR
    SqlState: 23503
    MessageText: insert or update on table "CrmSupportTickets" violates foreign key constraint "FK_CrmSupportTickets_CrmCustomers_CustomerId"
    Detail: Detail redacted as it may contain sensitive data. Specify 'Include Error Detail' in the connection string to include this information.
    SchemaName: public
    TableName: CrmSupportTickets
    ConstraintName: FK_CrmSupportTickets_CrmCustomers_CustomerId
    File: ri_triggers.c
    Line: 2783
    Routine: ri_ReportViolation
   --- End of inner exception stack trace ---
   at Microsoft.EntityFrameworkCore.Update.ReaderModificationCommandBatch.ExecuteAsync(IRelationalConnection connection, CancellationToken cancellationToken)
   at Microsoft.EntityFrameworkCore.Update.Internal.BatchExecutor.ExecuteAsync(IEnumerable`1 commandBatches, IRelationalConnection connection, CancellationToken cancellationToken)
   at Microsoft.EntityFrameworkCore.Update.Internal.BatchExecutor.ExecuteAsync(IEnumerable`1 commandBatches, IRelationalConnection connection, CancellationToken cancellationToken)
   at Microsoft.EntityFrameworkCore.Update.Internal.BatchExecutor.ExecuteAsync(IEnumerable`1 commandBatches, IRelationalConnection connection, CancellationToken cancellationToken)
   at Microsoft.EntityFrameworkCore.Storage.RelationalDatabase.SaveChangesAsync(IList`1 entries, CancellationToken cancellationToken)
   at Microsoft.EntityFrameworkCore.ChangeTracking.Internal.StateManager.SaveChangesAsync(IList`1 entriesToSave, CancellationToken cancellationToken)
   at Microsoft.EntityFrameworkCore.ChangeTracking.Internal.StateManager.SaveChangesAsync(StateManager stateManager, Boolean acceptAllChangesOnSuccess, CancellationToken cancellationToken)
   at Npgsql.EntityFrameworkCore.PostgreSQL.Storage.Internal.NpgsqlExecutionStrategy.ExecuteAsync[TState,TResult](TState state, Func`4 operation, Func`4 verifySucceeded, CancellationToken cancellationToken)
   at Microsoft.EntityFrameworkCore.DbContext.SaveChangesAsync(Boolean acceptAllChangesOnSuccess, CancellationToken cancellationToken)
Microsoft.EntityFrameworkCore.DbUpdateException: An error occurred while saving the entity changes. See the inner exception for details.
 ---> Npgsql.PostgresException (0x80004005): 23503: insert or update on table "CrmSupportTickets" violates foreign key constraint "FK_CrmSupportTickets_CrmCustomers_CustomerId"

DETAIL: Detail redacted as it may contain sensitive data. Specify 'Include Error Detail' in the connection string to include this information.
   at Npgsql.Internal.NpgsqlConnector.ReadMessageLong(Boolean async, DataRowLoadingMode dataRowLoadingMode, Boolean readingNotifications, Boolean isReadingPrependedMessage)
   at System.Runtime.CompilerServices.PoolingAsyncValueTaskMethodBuilder`1.StateMachineBox`1.System.Threading.Tasks.Sources.IValueTaskSource<TResult>.GetResult(Int16 token)
   at Npgsql.NpgsqlDataReader.NextResult(Boolean async, Boolean isConsuming, CancellationToken cancellationToken)
   at Npgsql.NpgsqlDataReader.NextResult(Boolean async, Boolean isConsuming, CancellationToken cancellationToken)
   at Npgsql.NpgsqlCommand.ExecuteReader(Boolean async, CommandBehavior behavior, CancellationToken cancellationToken)
   at Npgsql.NpgsqlCommand.ExecuteReader(Boolean async, CommandBehavior behavior, CancellationToken cancellationToken)
   at Npgsql.NpgsqlCommand.ExecuteDbDataReaderAsync(CommandBehavior behavior, CancellationToken cancellationToken)
   at Microsoft.EntityFrameworkCore.Storage.RelationalCommand.ExecuteReaderAsync(RelationalCommandParameterObject parameterObject, CancellationToken cancellationToken)
   at Microsoft.EntityFrameworkCore.Storage.RelationalCommand.ExecuteReaderAsync(RelationalCommandParameterObject parameterObject, CancellationToken cancellationToken)
   at Microsoft.EntityFrameworkCore.Update.ReaderModificationCommandBatch.ExecuteAsync(IRelationalConnection connection, CancellationToken cancellationToken)
  Exception data:
    Severity: ERROR
    SqlState: 23503
    MessageText: insert or update on table "CrmSupportTickets" violates foreign key constraint "FK_CrmSupportTickets_CrmCustomers_CustomerId"
    Detail: Detail redacted as it may contain sensitive data. Specify 'Include Error Detail' in the connection string to include this information.
    SchemaName: public
    TableName: CrmSupportTickets
    ConstraintName: FK_CrmSupportTickets_CrmCustomers_CustomerId
    File: ri_triggers.c
    Line: 2783
    Routine: ri_ReportViolation
   --- End of inner exception stack trace ---
   at Microsoft.EntityFrameworkCore.Update.ReaderModificationCommandBatch.ExecuteAsync(IRelationalConnection connection, CancellationToken cancellationToken)
   at Microsoft.EntityFrameworkCore.Update.Internal.BatchExecutor.ExecuteAsync(IEnumerable`1 commandBatches, IRelationalConnection connection, CancellationToken cancellationToken)
   at Microsoft.EntityFrameworkCore.Update.Internal.BatchExecutor.ExecuteAsync(IEnumerable`1 commandBatches, IRelationalConnection connection, CancellationToken cancellationToken)
   at Microsoft.EntityFrameworkCore.Update.Internal.BatchExecutor.ExecuteAsync(IEnumerable`1 commandBatches, IRelationalConnection connection, CancellationToken cancellationToken)
   at Microsoft.EntityFrameworkCore.Storage.RelationalDatabase.SaveChangesAsync(IList`1 entries, CancellationToken cancellationToken)
   at Microsoft.EntityFrameworkCore.ChangeTracking.Internal.StateManager.SaveChangesAsync(IList`1 entriesToSave, CancellationToken cancellationToken)
   at Microsoft.EntityFrameworkCore.ChangeTracking.Internal.StateManager.SaveChangesAsync(StateManager stateManager, Boolean acceptAllChangesOnSuccess, CancellationToken cancellationToken)
   at Npgsql.EntityFrameworkCore.PostgreSQL.Storage.Internal.NpgsqlExecutionStrategy.ExecuteAsync[TState,TResult](TState state, Func`4 operation, Func`4 verifySucceeded, CancellationToken cancellationToken)
   at Microsoft.EntityFrameworkCore.DbContext.SaveChangesAsync(Boolean acceptAllChangesOnSuccess, CancellationToken cancellationToken)
2026-07-08 15:50:21.061 +03:00 [ERR] Database migration or seed failed. Check PostgreSQL is running and ConnectionStrings:DefaultConnection is correct.
Microsoft.EntityFrameworkCore.DbUpdateException: An error occurred while saving the entity changes. See the inner exception for details.
 ---> Npgsql.PostgresException (0x80004005): 23503: insert or update on table "CrmSupportTickets" violates foreign key constraint "FK_CrmSupportTickets_CrmCustomers_CustomerId"

DETAIL: Detail redacted as it may contain sensitive data. Specify 'Include Error Detail' in the connection string to include this information.
   at Npgsql.Internal.NpgsqlConnector.ReadMessageLong(Boolean async, DataRowLoadingMode dataRowLoadingMode, Boolean readingNotifications, Boolean isReadingPrependedMessage)
   at System.Runtime.CompilerServices.PoolingAsyncValueTaskMethodBuilder`1.StateMachineBox`1.System.Threading.Tasks.Sources.IValueTaskSource<TResult>.GetResult(Int16 token)
   at Npgsql.NpgsqlDataReader.NextResult(Boolean async, Boolean isConsuming, CancellationToken cancellationToken)
   at Npgsql.NpgsqlDataReader.NextResult(Boolean async, Boolean isConsuming, CancellationToken cancellationToken)
   at Npgsql.NpgsqlCommand.ExecuteReader(Boolean async, CommandBehavior behavior, CancellationToken cancellationToken)
   at Npgsql.NpgsqlCommand.ExecuteReader(Boolean async, CommandBehavior behavior, CancellationToken cancellationToken)
   at Npgsql.NpgsqlCommand.ExecuteDbDataReaderAsync(CommandBehavior behavior, CancellationToken cancellationToken)
   at Microsoft.EntityFrameworkCore.Storage.RelationalCommand.ExecuteReaderAsync(RelationalCommandParameterObject parameterObject, CancellationToken cancellationToken)
   at Microsoft.EntityFrameworkCore.Storage.RelationalCommand.ExecuteReaderAsync(RelationalCommandParameterObject parameterObject, CancellationToken cancellationToken)
   at Microsoft.EntityFrameworkCore.Update.ReaderModificationCommandBatch.ExecuteAsync(IRelationalConnection connection, CancellationToken cancellationToken)
  Exception data:
    Severity: ERROR
    SqlState: 23503
    MessageText: insert or update on table "CrmSupportTickets" violates foreign key constraint "FK_CrmSupportTickets_CrmCustomers_CustomerId"
    Detail: Detail redacted as it may contain sensitive data. Specify 'Include Error Detail' in the connection string to include this information.
    SchemaName: public
    TableName: CrmSupportTickets
    ConstraintName: FK_CrmSupportTickets_CrmCustomers_CustomerId
    File: ri_triggers.c
    Line: 2783
    Routine: ri_ReportViolation
   --- End of inner exception stack trace ---
   at Microsoft.EntityFrameworkCore.Update.ReaderModificationCommandBatch.ExecuteAsync(IRelationalConnection connection, CancellationToken cancellationToken)
   at Microsoft.EntityFrameworkCore.Update.Internal.BatchExecutor.ExecuteAsync(IEnumerable`1 commandBatches, IRelationalConnection connection, CancellationToken cancellationToken)
   at Microsoft.EntityFrameworkCore.Update.Internal.BatchExecutor.ExecuteAsync(IEnumerable`1 commandBatches, IRelationalConnection connection, CancellationToken cancellationToken)
   at Microsoft.EntityFrameworkCore.Update.Internal.BatchExecutor.ExecuteAsync(IEnumerable`1 commandBatches, IRelationalConnection connection, CancellationToken cancellationToken)
   at Microsoft.EntityFrameworkCore.Storage.RelationalDatabase.SaveChangesAsync(IList`1 entries, CancellationToken cancellationToken)
   at Microsoft.EntityFrameworkCore.ChangeTracking.Internal.StateManager.SaveChangesAsync(IList`1 entriesToSave, CancellationToken cancellationToken)
   at Microsoft.EntityFrameworkCore.ChangeTracking.Internal.StateManager.SaveChangesAsync(StateManager stateManager, Boolean acceptAllChangesOnSuccess, CancellationToken cancellationToken)
   at Npgsql.EntityFrameworkCore.PostgreSQL.Storage.Internal.NpgsqlExecutionStrategy.ExecuteAsync[TState,TResult](TState state, Func`4 operation, Func`4 verifySucceeded, CancellationToken cancellationToken)
   at Microsoft.EntityFrameworkCore.DbContext.SaveChangesAsync(Boolean acceptAllChangesOnSuccess, CancellationToken cancellationToken)
   at Microsoft.EntityFrameworkCore.DbContext.SaveChangesAsync(Boolean acceptAllChangesOnSuccess, CancellationToken cancellationToken)
   at Biktal.Infrastructure.Persistence.CrmDataSeeder.SeedIfEmptyAsync(ApplicationDbContext db, CancellationToken cancellationToken)
   at Program.<Main>$(String[] args) in d:\Systems\BiktalSystems\Program.cs:line 71
2026-07-08 15:50:21.066 +03:00 [WRN] Continuing without a successful migration/seed. Auth and data pages may fail until the database is available.
2026-07-08 15:50:21.094 +03:00 [WRN] Using an in-memory repository. Keys will not be persisted to storage.
2026-07-08 15:50:21.094 +03:00 [WRN] Neither user profile nor HKLM registry available. Using an ephemeral key repository. Protected data will be unavailable when application exits.
2026-07-08 15:50:21.116 +03:00 [WRN] No XML encryptor configured. Key {67af3819-82ef-42ea-8d36-35bc9e18e678} may be persisted to storage in unencrypted form.
2026-07-08 15:50:21.170 +03:00 [INF] Application started. Press Ctrl+C to shut down.
2026-07-08 15:50:21.171 +03:00 [INF] Hosting environment: Production
2026-07-08 15:50:21.171 +03:00 [INF] Content root path: D:\Systems\BiktalSystems\publish
2026-07-08 15:50:21.283 +03:00 [INF] HTTP GET /Pos responded 302 in 85.3109 ms
2026-07-08 15:50:21.440 +03:00 [ERR] An exception was thrown while deserializing the token.
Microsoft.AspNetCore.Antiforgery.AntiforgeryValidationException: The antiforgery token could not be decrypted.
 ---> System.Security.Cryptography.CryptographicException: The key {c02eecc8-4584-4f7b-b0ed-d2019d57b3a8} was not found in the key ring. For more information go to https://aka.ms/aspnet/dataprotectionwarning
   at Microsoft.AspNetCore.DataProtection.KeyManagement.KeyRingBasedDataProtector.UnprotectCore(Byte[] protectedData, Boolean allowOperationsOnRevokedKeys, UnprotectStatus& status)
   at Microsoft.AspNetCore.DataProtection.KeyManagement.KeyRingBasedDataProtector.Unprotect(Byte[] protectedData)
   at Microsoft.AspNetCore.Antiforgery.DefaultAntiforgeryTokenSerializer.Deserialize(String serializedToken)
   --- End of inner exception stack trace ---
   at Microsoft.AspNetCore.Antiforgery.DefaultAntiforgeryTokenSerializer.Deserialize(String serializedToken)
   at Microsoft.AspNetCore.Antiforgery.DefaultAntiforgery.GetCookieTokenDoesNotThrow(HttpContext httpContext)
2026-07-08 15:50:21.540 +03:00 [INF] HTTP GET /Account/Login responded 200 in 238.8226 ms
2026-07-08 15:50:21.734 +03:00 [INF] HTTP GET /lib/jquery-validation/dist/jquery.validate.min.js responded 200 in 102.2652 ms
2026-07-08 15:50:21.734 +03:00 [INF] HTTP GET /css/site.css responded 200 in 107.6146 ms
2026-07-08 15:50:21.734 +03:00 [INF] HTTP GET /js/site.js responded 200 in 103.8482 ms
2026-07-08 15:50:21.735 +03:00 [INF] HTTP GET /Biktal.WebMVC.styles.css responded 200 in 106.0771 ms
2026-07-08 15:50:21.736 +03:00 [INF] HTTP GET /lib/jquery/dist/jquery.min.js responded 200 in 106.0134 ms
2026-07-08 15:50:21.735 +03:00 [INF] HTTP GET /lib/bootstrap/dist/css/bootstrap.min.css responded 200 in 62.7840 ms
2026-07-08 15:50:21.738 +03:00 [INF] HTTP GET /lib/bootstrap/dist/js/bootstrap.bundle.min.js responded 200 in 107.1272 ms
2026-07-08 15:50:21.747 +03:00 [INF] HTTP GET /lib/jquery-validation-unobtrusive/dist/jquery.validate.unobtrusive.min.js responded 200 in 114.7566 ms
2026-07-08 15:50:43.671 +03:00 [INF] HTTP POST /Account/Login responded 302 in 575.5459 ms
2026-07-08 15:50:43.726 +03:00 [WRN] The query uses the 'First'/'FirstOrDefault' operator without 'OrderBy' and filter operators. This may lead to unpredictable results.
2026-07-08 15:50:43.790 +03:00 [INF] HTTP GET /Pos responded 200 in 111.7466 ms
2026-07-08 15:50:43.868 +03:00 [INF] HTTP GET /Biktal.WebMVC.styles.css responded 200 in 5.3368 ms
2026-07-08 15:50:43.871 +03:00 [INF] HTTP GET /lib/bootstrap/dist/css/bootstrap.min.css responded 200 in 14.5704 ms
2026-07-08 15:50:43.919 +03:00 [INF] HTTP GET /js/site.js responded 304 in 35.8436 ms
2026-07-08 15:50:43.920 +03:00 [INF] HTTP GET /js/pos.js responded 200 in 19.7646 ms
2026-07-08 15:50:43.920 +03:00 [INF] HTTP GET /lib/jquery/dist/jquery.min.js responded 304 in 47.4337 ms
2026-07-08 15:50:43.920 +03:00 [INF] HTTP GET /css/site.css responded 200 in 49.5405 ms
2026-07-08 15:50:44.090 +03:00 [INF] HTTP GET /lib/bootstrap/dist/js/bootstrap.bundle.min.js responded 304 in 171.9185 ms
2026-07-08 15:51:01.872 +03:00 [INF] HTTP GET /Inventory responded 200 in 260.3810 ms
2026-07-08 15:51:01.939 +03:00 [INF] HTTP GET /lib/bootstrap/dist/css/bootstrap.min.css responded 200 in 20.3567 ms
2026-07-08 15:51:01.950 +03:00 [INF] HTTP GET /css/site.css responded 200 in 3.9249 ms
2026-07-08 15:51:01.951 +03:00 [INF] HTTP GET /Biktal.WebMVC.styles.css responded 200 in 4.1772 ms
2026-07-08 15:51:01.957 +03:00 [INF] HTTP GET /lib/jquery/dist/jquery.min.js responded 304 in 6.1275 ms
2026-07-08 15:51:01.961 +03:00 [INF] HTTP GET /lib/bootstrap/dist/js/bootstrap.bundle.min.js responded 304 in 2.0901 ms
2026-07-08 15:51:01.965 +03:00 [INF] HTTP GET /js/site.js responded 304 in 3.2910 ms
2026-07-08 15:51:21.246 +03:00 [INF] HTTP GET /Inventory/Products responded 200 in 274.8451 ms
2026-07-08 15:51:21.290 +03:00 [INF] HTTP GET /lib/bootstrap/dist/css/bootstrap.min.css responded 304 in 1.4918 ms
2026-07-08 15:51:21.290 +03:00 [INF] HTTP GET /css/site.css responded 304 in 1.1321 ms
2026-07-08 15:51:21.292 +03:00 [INF] HTTP GET /Biktal.WebMVC.styles.css responded 304 in 1.1552 ms
2026-07-08 15:51:22.097 +03:00 [INF] HTTP GET /lib/jquery/dist/jquery.min.js responded 304 in 0.8460 ms
2026-07-08 15:51:22.122 +03:00 [INF] HTTP GET /lib/bootstrap/dist/js/bootstrap.bundle.min.js responded 304 in 1.9161 ms
2026-07-08 15:51:22.123 +03:00 [INF] HTTP GET /js/site.js responded 304 in 1.4452 ms
2026-07-08 15:51:22.142 +03:00 [INF] HTTP GET /js/products-catalog-filter.js responded 200 in 17.9669 ms
2026-07-08 15:51:22.155 +03:00 [INF] HTTP GET /lib/jquery-validation-unobtrusive/dist/jquery.validate.unobtrusive.min.js responded 304 in 13.0995 ms
2026-07-08 15:51:22.157 +03:00 [INF] HTTP GET /lib/jquery-validation/dist/jquery.validate.min.js responded 304 in 15.4943 ms
2026-07-08 15:51:27.424 +03:00 [INF] HTTP GET /Inventory/Products responded 200 in 134.9989 ms
2026-07-08 15:51:27.479 +03:00 [INF] HTTP GET /lib/bootstrap/dist/css/bootstrap.min.css responded 304 in 0.8822 ms
2026-07-08 15:51:27.489 +03:00 [INF] HTTP GET /css/site.css responded 304 in 6.1623 ms
2026-07-08 15:51:27.495 +03:00 [INF] HTTP GET /Biktal.WebMVC.styles.css responded 304 in 11.9082 ms
2026-07-08 15:51:28.246 +03:00 [INF] HTTP GET /lib/jquery/dist/jquery.min.js responded 304 in 0.5815 ms
2026-07-08 15:51:28.275 +03:00 [INF] HTTP GET /lib/jquery-validation/dist/jquery.validate.min.js responded 304 in 0.5986 ms
2026-07-08 15:51:28.275 +03:00 [INF] HTTP GET /js/site.js responded 304 in 0.5986 ms
2026-07-08 15:51:28.276 +03:00 [INF] HTTP GET /lib/bootstrap/dist/js/bootstrap.bundle.min.js responded 304 in 0.7209 ms
2026-07-08 15:51:28.277 +03:00 [INF] HTTP GET /lib/jquery-validation-unobtrusive/dist/jquery.validate.unobtrusive.min.js responded 304 in 1.8690 ms
2026-07-08 15:51:28.281 +03:00 [INF] HTTP GET /js/products-catalog-filter.js responded 304 in 1.0412 ms
2026-07-08 15:51:34.216 +03:00 [INF] HTTP POST /Inventory/EditProduct responded 302 in 109.7847 ms
2026-07-08 15:51:34.273 +03:00 [INF] HTTP GET /Inventory/Products responded 200 in 48.8131 ms
2026-07-08 15:51:34.346 +03:00 [INF] HTTP GET /lib/bootstrap/dist/css/bootstrap.min.css responded 304 in 1.8088 ms
2026-07-08 15:51:34.347 +03:00 [INF] HTTP GET /css/site.css responded 304 in 0.8818 ms
2026-07-08 15:51:34.347 +03:00 [INF] HTTP GET /Biktal.WebMVC.styles.css responded 304 in 0.8106 ms
2026-07-08 15:51:35.229 +03:00 [INF] HTTP GET /lib/jquery/dist/jquery.min.js responded 304 in 0.7865 ms
2026-07-08 15:51:35.243 +03:00 [INF] HTTP GET /lib/bootstrap/dist/js/bootstrap.bundle.min.js responded 304 in 1.3472 ms
2026-07-08 15:51:35.244 +03:00 [INF] HTTP GET /js/site.js responded 304 in 0.7467 ms
2026-07-08 15:51:35.244 +03:00 [INF] HTTP GET /lib/jquery-validation-unobtrusive/dist/jquery.validate.unobtrusive.min.js responded 304 in 0.3779 ms
2026-07-08 15:51:35.244 +03:00 [INF] HTTP GET /lib/jquery-validation/dist/jquery.validate.min.js responded 304 in 0.4779 ms
2026-07-08 15:51:35.245 +03:00 [INF] HTTP GET /js/products-catalog-filter.js responded 304 in 0.5556 ms
2026-07-08 15:51:36.277 +03:00 [INF] HTTP GET /Pos responded 200 in 31.1075 ms
2026-07-08 15:51:36.381 +03:00 [INF] HTTP GET /lib/bootstrap/dist/css/bootstrap.min.css responded 304 in 6.1896 ms
2026-07-08 15:51:36.390 +03:00 [INF] HTTP GET /css/site.css responded 304 in 1.6762 ms
2026-07-08 15:51:36.391 +03:00 [INF] HTTP GET /Biktal.WebMVC.styles.css responded 304 in 0.9540 ms
2026-07-08 15:51:36.391 +03:00 [INF] HTTP GET /lib/jquery/dist/jquery.min.js responded 304 in 0.5562 ms
2026-07-08 15:51:36.398 +03:00 [INF] HTTP GET /lib/bootstrap/dist/js/bootstrap.bundle.min.js responded 304 in 3.1810 ms
2026-07-08 15:51:36.398 +03:00 [INF] HTTP GET /js/site.js responded 304 in 0.6712 ms
2026-07-08 15:51:36.405 +03:00 [INF] HTTP GET /js/pos.js responded 304 in 2.4699 ms
2026-07-08 15:56:02.365 +03:00 [INF] HTTP POST /Pos/CompleteSale responded 200 in 655.2584 ms
2026-07-08 16:16:33.615 +03:00 [INF] Application is shutting down...
