2026-07-06 09:51:14.851 +03:00 [ERR] Failed executing DbCommand (36ms) [Parameters=[@p0='?' (DbType = Guid), @p1='?' (DbType = DateTime), @p2='?' (DbType = Guid), @p3='?', @p4='?' (DbType = DateTime), @p5='?' (DbType = Int32), @p6='?' (DbType = Int32), @p7='?', @p8='?', @p9='?' (DbType = Guid), @p10='?' (DbType = DateTime), @p11='?' (DbType = Guid), @p12='?', @p13='?' (DbType = DateTime), @p14='?' (DbType = Int32), @p15='?' (DbType = Int32), @p16='?', @p17='?'], CommandType='"Text"', CommandTimeout='30']
INSERT INTO "CrmSupportTickets" ("Id", "CreatedAtUtc", "CustomerId", "Description", "ModifiedAtUtc", "Priority", "Status", "Subject", "TicketNumber")
VALUES (@p0, @p1, @p2, @p3, @p4, @p5, @p6, @p7, @p8);
INSERT INTO "CrmSupportTickets" ("Id", "CreatedAtUtc", "CustomerId", "Description", "ModifiedAtUtc", "Priority", "Status", "Subject", "TicketNumber")
VALUES (@p9, @p10, @p11, @p12, @p13, @p14, @p15, @p16, @p17);
2026-07-06 09:51:14.947 +03:00 [ERR] An exception occurred in the database while saving changes for context type 'Biktal.Infrastructure.Persistence.ApplicationDbContext'.
Microsoft.EntityFrameworkCore.DbUpdateException: An error occurred while saving the entity changes. See the inner exception for details.
 ---> Npgsql.PostgresException (0x80004005): 23503: insert or update on table "CrmSupportTickets" violates foreign key constraint "FK_CrmSupportTickets_CrmCustomers_CustomerId"

DETAIL: Detail redacted as it may contain sensitive data. Specify 'Include Error Detail' in the connection string to include this information.
   at Npgsql.Internal.NpgsqlConnector.ReadMessageLong(Boolean async, DataRowLoadingMode dataRowLoadingMode, Boolean readingNotifications, Boolean isReadingPrependedMessage)
   at System.Runtime.CompilerServices.PoolingAsyncValueTaskMethodBuilder`1.StateMachineBox`1.System.Threading.Tasks.Sources.IValueTaskSource<TResult>.GetResult(Int16 token)
   at Npgsql.NpgsqlDataReader.NextResult(Boolean async, Boolean isConsuming, CancellationToken cancellationToken)
   at Npgsql.NpgsqlDataReader.NextResult(Boolean async, Boolean isConsuming, CancellationToken cancellationToken)
   at Npgsql.NpgsqlCommand.ExecuteReader(Boolean async, CommandBehavior behavior, CancellationToken cancellationToken)
   at Npgsql.NpgsqlCommand.ExecuteReader(Boolean async, CommandBehavior behavior, CancellationToken cancellationToken)
   at Npgsql.NpgsqlCommand.ExecuteDbDataReaderAsync(CommandBehavior behavior, CancellationToken cancellationToken)
   at Microsoft.EntityFrameworkCore.Storage.RelationalCommand.ExecuteReaderAsync(RelationalCommandParameterObject parameterObject, CancellationToken cancellationToken)
   at Microsoft.EntityFrameworkCore.Storage.RelationalCommand.ExecuteReaderAsync(RelationalCommandParameterObject parameterObject, CancellationToken cancellationToken)
   at Microsoft.EntityFrameworkCore.Update.ReaderModificationCommandBatch.ExecuteAsync(IRelationalConnection connection, CancellationToken cancellationToken)
  Exception data:
    Severity: ERROR
    SqlState: 23503
    MessageText: insert or update on table "CrmSupportTickets" violates foreign key constraint "FK_CrmSupportTickets_CrmCustomers_CustomerId"
    Detail: Detail redacted as it may contain sensitive data. Specify 'Include Error Detail' in the connection string to include this information.
    SchemaName: public
    TableName: CrmSupportTickets
    ConstraintName: FK_CrmSupportTickets_CrmCustomers_CustomerId
    File: ri_triggers.c
    Line: 2783
    Routine: ri_ReportViolation
   --- End of inner exception stack trace ---
   at Microsoft.EntityFrameworkCore.Update.ReaderModificationCommandBatch.ExecuteAsync(IRelationalConnection connection, CancellationToken cancellationToken)
   at Microsoft.EntityFrameworkCore.Update.Internal.BatchExecutor.ExecuteAsync(IEnumerable`1 commandBatches, IRelationalConnection connection, CancellationToken cancellationToken)
   at Microsoft.EntityFrameworkCore.Update.Internal.BatchExecutor.ExecuteAsync(IEnumerable`1 commandBatches, IRelationalConnection connection, CancellationToken cancellationToken)
   at Microsoft.EntityFrameworkCore.Update.Internal.BatchExecutor.ExecuteAsync(IEnumerable`1 commandBatches, IRelationalConnection connection, CancellationToken cancellationToken)
   at Microsoft.EntityFrameworkCore.Storage.RelationalDatabase.SaveChangesAsync(IList`1 entries, CancellationToken cancellationToken)
   at Microsoft.EntityFrameworkCore.ChangeTracking.Internal.StateManager.SaveChangesAsync(IList`1 entriesToSave, CancellationToken cancellationToken)
   at Microsoft.EntityFrameworkCore.ChangeTracking.Internal.StateManager.SaveChangesAsync(StateManager stateManager, Boolean acceptAllChangesOnSuccess, CancellationToken cancellationToken)
   at Npgsql.EntityFrameworkCore.PostgreSQL.Storage.Internal.NpgsqlExecutionStrategy.ExecuteAsync[TState,TResult](TState state, Func`4 operation, Func`4 verifySucceeded, CancellationToken cancellationToken)
   at Microsoft.EntityFrameworkCore.DbContext.SaveChangesAsync(Boolean acceptAllChangesOnSuccess, CancellationToken cancellationToken)
Microsoft.EntityFrameworkCore.DbUpdateException: An error occurred while saving the entity changes. See the inner exception for details.
 ---> Npgsql.PostgresException (0x80004005): 23503: insert or update on table "CrmSupportTickets" violates foreign key constraint "FK_CrmSupportTickets_CrmCustomers_CustomerId"

DETAIL: Detail redacted as it may contain sensitive data. Specify 'Include Error Detail' in the connection string to include this information.
   at Npgsql.Internal.NpgsqlConnector.ReadMessageLong(Boolean async, DataRowLoadingMode dataRowLoadingMode, Boolean readingNotifications, Boolean isReadingPrependedMessage)
   at System.Runtime.CompilerServices.PoolingAsyncValueTaskMethodBuilder`1.StateMachineBox`1.System.Threading.Tasks.Sources.IValueTaskSource<TResult>.GetResult(Int16 token)
   at Npgsql.NpgsqlDataReader.NextResult(Boolean async, Boolean isConsuming, CancellationToken cancellationToken)
   at Npgsql.NpgsqlDataReader.NextResult(Boolean async, Boolean isConsuming, CancellationToken cancellationToken)
   at Npgsql.NpgsqlCommand.ExecuteReader(Boolean async, CommandBehavior behavior, CancellationToken cancellationToken)
   at Npgsql.NpgsqlCommand.ExecuteReader(Boolean async, CommandBehavior behavior, CancellationToken cancellationToken)
   at Npgsql.NpgsqlCommand.ExecuteDbDataReaderAsync(CommandBehavior behavior, CancellationToken cancellationToken)
   at Microsoft.EntityFrameworkCore.Storage.RelationalCommand.ExecuteReaderAsync(RelationalCommandParameterObject parameterObject, CancellationToken cancellationToken)
   at Microsoft.EntityFrameworkCore.Storage.RelationalCommand.ExecuteReaderAsync(RelationalCommandParameterObject parameterObject, CancellationToken cancellationToken)
   at Microsoft.EntityFrameworkCore.Update.ReaderModificationCommandBatch.ExecuteAsync(IRelationalConnection connection, CancellationToken cancellationToken)
  Exception data:
    Severity: ERROR
    SqlState: 23503
    MessageText: insert or update on table "CrmSupportTickets" violates foreign key constraint "FK_CrmSupportTickets_CrmCustomers_CustomerId"
    Detail: Detail redacted as it may contain sensitive data. Specify 'Include Error Detail' in the connection string to include this information.
    SchemaName: public
    TableName: CrmSupportTickets
    ConstraintName: FK_CrmSupportTickets_CrmCustomers_CustomerId
    File: ri_triggers.c
    Line: 2783
    Routine: ri_ReportViolation
   --- End of inner exception stack trace ---
   at Microsoft.EntityFrameworkCore.Update.ReaderModificationCommandBatch.ExecuteAsync(IRelationalConnection connection, CancellationToken cancellationToken)
   at Microsoft.EntityFrameworkCore.Update.Internal.BatchExecutor.ExecuteAsync(IEnumerable`1 commandBatches, IRelationalConnection connection, CancellationToken cancellationToken)
   at Microsoft.EntityFrameworkCore.Update.Internal.BatchExecutor.ExecuteAsync(IEnumerable`1 commandBatches, IRelationalConnection connection, CancellationToken cancellationToken)
   at Microsoft.EntityFrameworkCore.Update.Internal.BatchExecutor.ExecuteAsync(IEnumerable`1 commandBatches, IRelationalConnection connection, CancellationToken cancellationToken)
   at Microsoft.EntityFrameworkCore.Storage.RelationalDatabase.SaveChangesAsync(IList`1 entries, CancellationToken cancellationToken)
   at Microsoft.EntityFrameworkCore.ChangeTracking.Internal.StateManager.SaveChangesAsync(IList`1 entriesToSave, CancellationToken cancellationToken)
   at Microsoft.EntityFrameworkCore.ChangeTracking.Internal.StateManager.SaveChangesAsync(StateManager stateManager, Boolean acceptAllChangesOnSuccess, CancellationToken cancellationToken)
   at Npgsql.EntityFrameworkCore.PostgreSQL.Storage.Internal.NpgsqlExecutionStrategy.ExecuteAsync[TState,TResult](TState state, Func`4 operation, Func`4 verifySucceeded, CancellationToken cancellationToken)
   at Microsoft.EntityFrameworkCore.DbContext.SaveChangesAsync(Boolean acceptAllChangesOnSuccess, CancellationToken cancellationToken)
2026-07-06 09:51:14.953 +03:00 [ERR] Database migration or seed failed. Check PostgreSQL is running and ConnectionStrings:DefaultConnection is correct.
Microsoft.EntityFrameworkCore.DbUpdateException: An error occurred while saving the entity changes. See the inner exception for details.
 ---> Npgsql.PostgresException (0x80004005): 23503: insert or update on table "CrmSupportTickets" violates foreign key constraint "FK_CrmSupportTickets_CrmCustomers_CustomerId"

DETAIL: Detail redacted as it may contain sensitive data. Specify 'Include Error Detail' in the connection string to include this information.
   at Npgsql.Internal.NpgsqlConnector.ReadMessageLong(Boolean async, DataRowLoadingMode dataRowLoadingMode, Boolean readingNotifications, Boolean isReadingPrependedMessage)
   at System.Runtime.CompilerServices.PoolingAsyncValueTaskMethodBuilder`1.StateMachineBox`1.System.Threading.Tasks.Sources.IValueTaskSource<TResult>.GetResult(Int16 token)
   at Npgsql.NpgsqlDataReader.NextResult(Boolean async, Boolean isConsuming, CancellationToken cancellationToken)
   at Npgsql.NpgsqlDataReader.NextResult(Boolean async, Boolean isConsuming, CancellationToken cancellationToken)
   at Npgsql.NpgsqlCommand.ExecuteReader(Boolean async, CommandBehavior behavior, CancellationToken cancellationToken)
   at Npgsql.NpgsqlCommand.ExecuteReader(Boolean async, CommandBehavior behavior, CancellationToken cancellationToken)
   at Npgsql.NpgsqlCommand.ExecuteDbDataReaderAsync(CommandBehavior behavior, CancellationToken cancellationToken)
   at Microsoft.EntityFrameworkCore.Storage.RelationalCommand.ExecuteReaderAsync(RelationalCommandParameterObject parameterObject, CancellationToken cancellationToken)
   at Microsoft.EntityFrameworkCore.Storage.RelationalCommand.ExecuteReaderAsync(RelationalCommandParameterObject parameterObject, CancellationToken cancellationToken)
   at Microsoft.EntityFrameworkCore.Update.ReaderModificationCommandBatch.ExecuteAsync(IRelationalConnection connection, CancellationToken cancellationToken)
  Exception data:
    Severity: ERROR
    SqlState: 23503
    MessageText: insert or update on table "CrmSupportTickets" violates foreign key constraint "FK_CrmSupportTickets_CrmCustomers_CustomerId"
    Detail: Detail redacted as it may contain sensitive data. Specify 'Include Error Detail' in the connection string to include this information.
    SchemaName: public
    TableName: CrmSupportTickets
    ConstraintName: FK_CrmSupportTickets_CrmCustomers_CustomerId
    File: ri_triggers.c
    Line: 2783
    Routine: ri_ReportViolation
   --- End of inner exception stack trace ---
   at Microsoft.EntityFrameworkCore.Update.ReaderModificationCommandBatch.ExecuteAsync(IRelationalConnection connection, CancellationToken cancellationToken)
   at Microsoft.EntityFrameworkCore.Update.Internal.BatchExecutor.ExecuteAsync(IEnumerable`1 commandBatches, IRelationalConnection connection, CancellationToken cancellationToken)
   at Microsoft.EntityFrameworkCore.Update.Internal.BatchExecutor.ExecuteAsync(IEnumerable`1 commandBatches, IRelationalConnection connection, CancellationToken cancellationToken)
   at Microsoft.EntityFrameworkCore.Update.Internal.BatchExecutor.ExecuteAsync(IEnumerable`1 commandBatches, IRelationalConnection connection, CancellationToken cancellationToken)
   at Microsoft.EntityFrameworkCore.Storage.RelationalDatabase.SaveChangesAsync(IList`1 entries, CancellationToken cancellationToken)
   at Microsoft.EntityFrameworkCore.ChangeTracking.Internal.StateManager.SaveChangesAsync(IList`1 entriesToSave, CancellationToken cancellationToken)
   at Microsoft.EntityFrameworkCore.ChangeTracking.Internal.StateManager.SaveChangesAsync(StateManager stateManager, Boolean acceptAllChangesOnSuccess, CancellationToken cancellationToken)
   at Npgsql.EntityFrameworkCore.PostgreSQL.Storage.Internal.NpgsqlExecutionStrategy.ExecuteAsync[TState,TResult](TState state, Func`4 operation, Func`4 verifySucceeded, CancellationToken cancellationToken)
   at Microsoft.EntityFrameworkCore.DbContext.SaveChangesAsync(Boolean acceptAllChangesOnSuccess, CancellationToken cancellationToken)
   at Microsoft.EntityFrameworkCore.DbContext.SaveChangesAsync(Boolean acceptAllChangesOnSuccess, CancellationToken cancellationToken)
   at Biktal.Infrastructure.Persistence.CrmDataSeeder.SeedIfEmptyAsync(ApplicationDbContext db, CancellationToken cancellationToken)
   at Program.<Main>$(String[] args) in d:\Systems\BiktalSystems\Program.cs:line 71
2026-07-06 09:51:14.972 +03:00 [WRN] Continuing without a successful migration/seed. Auth and data pages may fail until the database is available.
2026-07-06 09:51:15.007 +03:00 [WRN] Using an in-memory repository. Keys will not be persisted to storage.
2026-07-06 09:51:15.007 +03:00 [WRN] Neither user profile nor HKLM registry available. Using an ephemeral key repository. Protected data will be unavailable when application exits.
2026-07-06 09:51:15.039 +03:00 [WRN] No XML encryptor configured. Key {4bdbbbe9-739f-41af-9249-4395aa96d80f} may be persisted to storage in unencrypted form.
2026-07-06 09:51:15.095 +03:00 [INF] Application started. Press Ctrl+C to shut down.
2026-07-06 09:51:15.096 +03:00 [INF] Hosting environment: Production
2026-07-06 09:51:15.096 +03:00 [INF] Content root path: D:\Systems\BiktalSystems\publish
2026-07-06 09:51:15.540 +03:00 [INF] HTTP GET /Account/Login responded 200 in 406.1078 ms
2026-07-06 09:51:15.720 +03:00 [INF] HTTP GET /css/site.css responded 200 in 79.9762 ms
2026-07-06 09:51:15.722 +03:00 [INF] HTTP GET /Biktal.WebMVC.styles.css responded 200 in 81.4672 ms
2026-07-06 09:51:15.750 +03:00 [INF] HTTP GET /lib/jquery/dist/jquery.min.js responded 200 in 107.0521 ms
2026-07-06 09:51:15.754 +03:00 [INF] HTTP GET /lib/bootstrap/dist/css/bootstrap.min.css responded 200 in 116.9041 ms
2026-07-06 09:51:15.754 +03:00 [INF] HTTP GET /js/site.js responded 200 in 32.1531 ms
2026-07-06 09:51:15.755 +03:00 [INF] HTTP GET /lib/bootstrap/dist/js/bootstrap.bundle.min.js responded 200 in 34.1133 ms
2026-07-06 09:51:15.755 +03:00 [INF] HTTP GET /lib/jquery-validation/dist/jquery.validate.min.js responded 200 in 32.1938 ms
2026-07-06 09:51:15.782 +03:00 [INF] HTTP GET /lib/jquery-validation-unobtrusive/dist/jquery.validate.unobtrusive.min.js responded 200 in 59.4532 ms
2026-07-06 09:51:33.010 +03:00 [INF] HTTP POST /Account/Login responded 302 in 612.3602 ms
2026-07-06 09:51:33.515 +03:00 [INF] HTTP GET /Inventory/Products responded 200 in 496.9298 ms
2026-07-06 09:51:33.524 +03:00 [INF] HTTP GET /lib/bootstrap/dist/css/bootstrap.min.css responded 200 in 9.2323 ms
2026-07-06 09:51:33.524 +03:00 [INF] HTTP GET /Biktal.WebMVC.styles.css responded 200 in 3.7019 ms
2026-07-06 09:51:33.528 +03:00 [INF] HTTP GET /css/site.css responded 200 in 6.0157 ms
2026-07-06 09:51:34.210 +03:00 [INF] HTTP GET /lib/jquery/dist/jquery.min.js responded 304 in 78.8074 ms
2026-07-06 09:51:34.210 +03:00 [INF] HTTP GET /js/site.js responded 304 in 40.7177 ms
2026-07-06 09:51:34.226 +03:00 [INF] HTTP GET /lib/jquery-validation/dist/jquery.validate.min.js responded 304 in 29.9827 ms
2026-07-06 09:51:34.243 +03:00 [INF] HTTP GET /lib/jquery-validation-unobtrusive/dist/jquery.validate.unobtrusive.min.js responded 304 in 31.3355 ms
2026-07-06 09:51:34.256 +03:00 [INF] HTTP GET /js/products-catalog-filter.js responded 200 in 21.4492 ms
2026-07-06 09:51:34.329 +03:00 [INF] HTTP GET /lib/bootstrap/dist/js/bootstrap.bundle.min.js responded 304 in 149.2209 ms
2026-07-06 09:52:10.966 +03:00 [INF] HTTP GET /Crm responded 200 in 167.4108 ms
2026-07-06 09:52:11.022 +03:00 [INF] HTTP GET /lib/bootstrap/dist/css/bootstrap.min.css responded 200 in 3.7087 ms
2026-07-06 09:52:11.023 +03:00 [INF] HTTP GET /css/site.css responded 200 in 2.8515 ms
2026-07-06 09:52:11.024 +03:00 [INF] HTTP GET /lib/jquery/dist/jquery.min.js responded 304 in 1.2151 ms
2026-07-06 09:52:11.029 +03:00 [INF] HTTP GET /lib/bootstrap/dist/js/bootstrap.bundle.min.js responded 304 in 1.4649 ms
2026-07-06 09:52:11.031 +03:00 [INF] HTTP GET /js/site.js responded 304 in 1.2914 ms
2026-07-06 09:52:11.036 +03:00 [INF] HTTP GET /Biktal.WebMVC.styles.css responded 200 in 5.0593 ms
2026-07-06 09:53:01.528 +03:00 [INF] HTTP GET /Installments responded 200 in 125.3521 ms
2026-07-06 09:53:01.582 +03:00 [INF] HTTP GET /lib/bootstrap/dist/css/bootstrap.min.css responded 200 in 3.1537 ms
2026-07-06 09:53:01.585 +03:00 [INF] HTTP GET /css/site.css responded 200 in 6.2711 ms
2026-07-06 09:53:01.594 +03:00 [INF] HTTP GET /lib/bootstrap/dist/js/bootstrap.bundle.min.js responded 200 in 1.4561 ms
2026-07-06 09:53:01.595 +03:00 [INF] HTTP GET /Biktal.WebMVC.styles.css responded 200 in 2.8758 ms
2026-07-06 09:53:01.597 +03:00 [INF] HTTP GET /lib/jquery/dist/jquery.min.js responded 200 in 1.9964 ms
2026-07-06 09:53:01.609 +03:00 [INF] HTTP GET /js/site.js responded 200 in 11.7722 ms
2026-07-06 09:53:05.861 +03:00 [INF] HTTP GET /Installments/New responded 200 in 129.0958 ms
2026-07-06 09:53:05.924 +03:00 [INF] HTTP GET /lib/bootstrap/dist/css/bootstrap.min.css responded 200 in 4.1663 ms
2026-07-06 09:53:05.929 +03:00 [INF] HTTP GET /css/site.css responded 200 in 2.1678 ms
2026-07-06 09:53:05.929 +03:00 [INF] HTTP GET /Biktal.WebMVC.styles.css responded 200 in 5.1217 ms
2026-07-06 09:53:05.932 +03:00 [INF] HTTP GET /lib/jquery/dist/jquery.min.js responded 304 in 1.7647 ms
2026-07-06 09:53:05.939 +03:00 [INF] HTTP GET /lib/bootstrap/dist/js/bootstrap.bundle.min.js responded 304 in 2.5584 ms
2026-07-06 09:53:05.944 +03:00 [INF] HTTP GET /js/site.js responded 304 in 0.6422 ms
2026-07-06 09:53:05.950 +03:00 [INF] HTTP GET /lib/jquery-validation/dist/jquery.validate.min.js responded 200 in 1.4977 ms
2026-07-06 09:53:05.952 +03:00 [INF] HTTP GET /lib/jquery-validation-unobtrusive/dist/jquery.validate.unobtrusive.min.js responded 200 in 1.6404 ms
2026-07-06 09:53:13.026 +03:00 [INF] HTTP GET /Crm/Customers responded 200 in 47.7730 ms
2026-07-06 09:53:13.077 +03:00 [INF] HTTP GET /lib/bootstrap/dist/css/bootstrap.min.css responded 304 in 0.6602 ms
2026-07-06 09:53:13.089 +03:00 [INF] HTTP GET /css/site.css responded 304 in 0.6081 ms
2026-07-06 09:53:13.090 +03:00 [INF] HTTP GET /lib/jquery/dist/jquery.min.js responded 304 in 0.6282 ms
2026-07-06 09:53:13.090 +03:00 [INF] HTTP GET /Biktal.WebMVC.styles.css responded 304 in 0.4553 ms
2026-07-06 09:53:13.090 +03:00 [INF] HTTP GET /js/site.js responded 304 in 0.3651 ms
2026-07-06 09:53:13.092 +03:00 [INF] HTTP GET /lib/bootstrap/dist/js/bootstrap.bundle.min.js responded 304 in 0.6133 ms
2026-07-06 09:53:14.914 +03:00 [INF] HTTP GET /Crm/NewCustomer responded 200 in 43.6690 ms
2026-07-06 09:53:14.974 +03:00 [INF] HTTP GET /lib/bootstrap/dist/css/bootstrap.min.css responded 304 in 5.6863 ms
2026-07-06 09:53:14.978 +03:00 [INF] HTTP GET /css/site.css responded 304 in 0.8074 ms
2026-07-06 09:53:14.980 +03:00 [INF] HTTP GET /Biktal.WebMVC.styles.css responded 304 in 0.6501 ms
2026-07-06 09:53:14.982 +03:00 [INF] HTTP GET /lib/jquery/dist/jquery.min.js responded 304 in 1.0319 ms
2026-07-06 09:53:14.983 +03:00 [INF] HTTP GET /lib/bootstrap/dist/js/bootstrap.bundle.min.js responded 304 in 0.6280 ms
2026-07-06 09:53:14.987 +03:00 [INF] HTTP GET /js/site.js responded 304 in 3.3190 ms
2026-07-06 09:53:14.990 +03:00 [INF] HTTP GET /lib/jquery-validation/dist/jquery.validate.min.js responded 304 in 1.2065 ms
2026-07-06 09:53:14.991 +03:00 [INF] HTTP GET /lib/jquery-validation-unobtrusive/dist/jquery.validate.unobtrusive.min.js responded 304 in 0.5937 ms
2026-07-06 10:01:37.478 +03:00 [INF] HTTP GET /css/site.css responded 200 in 33.0185 ms
2026-07-06 10:01:37.484 +03:00 [INF] HTTP GET /Biktal.WebMVC.styles.css responded 200 in 38.8399 ms
2026-07-06 10:01:37.495 +03:00 [INF] HTTP GET /lib/bootstrap/dist/css/bootstrap.min.css responded 200 in 20.8023 ms
2026-07-06 10:01:38.373 +03:00 [INF] HTTP GET /lib/bootstrap/dist/js/bootstrap.bundle.min.js.map responded 200 in 48.4521 ms
2026-07-06 10:01:38.584 +03:00 [INF] HTTP GET /lib/bootstrap/dist/css/bootstrap.min.css.map responded 200 in 24.9540 ms
2026-07-06 10:02:01.726 +03:00 [INF] HTTP POST /Crm/CreateCustomer responded 302 in 183.0097 ms
2026-07-06 10:02:01.741 +03:00 [INF] HTTP GET /Crm/Customers responded 200 in 9.3810 ms
2026-07-06 10:02:01.799 +03:00 [INF] HTTP GET /css/site.css responded 200 in 1.2377 ms
2026-07-06 10:02:01.799 +03:00 [INF] HTTP GET /lib/bootstrap/dist/css/bootstrap.min.css responded 200 in 1.5014 ms
2026-07-06 10:02:01.808 +03:00 [INF] HTTP GET /Biktal.WebMVC.styles.css responded 200 in 2.4147 ms
2026-07-06 10:02:01.831 +03:00 [INF] HTTP GET /js/site.js responded 200 in 21.9239 ms
2026-07-06 10:02:01.831 +03:00 [INF] HTTP GET /lib/jquery/dist/jquery.min.js responded 200 in 21.7249 ms
2026-07-06 10:02:01.836 +03:00 [INF] HTTP GET /lib/bootstrap/dist/js/bootstrap.bundle.min.js responded 200 in 27.4321 ms
2026-07-06 10:02:05.227 +03:00 [INF] HTTP GET /Installments responded 200 in 26.8783 ms
2026-07-06 10:02:05.283 +03:00 [INF] HTTP GET /lib/bootstrap/dist/css/bootstrap.min.css responded 200 in 4.6902 ms
2026-07-06 10:02:05.287 +03:00 [INF] HTTP GET /css/site.css responded 200 in 2.3250 ms
2026-07-06 10:02:05.288 +03:00 [INF] HTTP GET /Biktal.WebMVC.styles.css responded 200 in 0.9906 ms
2026-07-06 10:02:05.291 +03:00 [INF] HTTP GET /js/site.js responded 304 in 0.5245 ms
2026-07-06 10:02:05.291 +03:00 [INF] HTTP GET /lib/bootstrap/dist/js/bootstrap.bundle.min.js responded 304 in 0.4352 ms
2026-07-06 10:02:05.292 +03:00 [INF] HTTP GET /lib/jquery/dist/jquery.min.js responded 304 in 0.6767 ms
2026-07-06 10:02:06.762 +03:00 [INF] HTTP GET /Installments/New responded 200 in 9.6480 ms
2026-07-06 10:02:06.821 +03:00 [INF] HTTP GET /lib/bootstrap/dist/css/bootstrap.min.css responded 304 in 1.0130 ms
2026-07-06 10:02:06.823 +03:00 [INF] HTTP GET /css/site.css responded 304 in 0.4596 ms
2026-07-06 10:02:06.823 +03:00 [INF] HTTP GET /Biktal.WebMVC.styles.css responded 304 in 0.7899 ms
2026-07-06 10:02:06.823 +03:00 [INF] HTTP GET /lib/bootstrap/dist/js/bootstrap.bundle.min.js responded 304 in 0.4386 ms
2026-07-06 10:02:06.825 +03:00 [INF] HTTP GET /js/site.js responded 304 in 1.3906 ms
2026-07-06 10:02:06.825 +03:00 [INF] HTTP GET /lib/jquery/dist/jquery.min.js responded 304 in 0.4210 ms
2026-07-06 10:02:06.850 +03:00 [INF] HTTP GET /lib/jquery-validation/dist/jquery.validate.min.js responded 200 in 26.3457 ms
2026-07-06 10:02:06.854 +03:00 [INF] HTTP GET /lib/jquery-validation-unobtrusive/dist/jquery.validate.unobtrusive.min.js responded 200 in 27.4154 ms
2026-07-06 10:03:01.548 +03:00 [INF] HTTP POST /Installments/Create responded 302 in 417.3522 ms
2026-07-06 10:03:01.583 +03:00 [WRN] Compiling a query which loads related collections for more than one collection navigation, either via 'Include' or through projection, but no 'QuerySplittingBehavior' has been configured. By default, Entity Framework will use 'QuerySplittingBehavior.SingleQuery', which can potentially result in slow query performance. See https://go.microsoft.com/fwlink/?linkid=2134277 for more information. To identify the query that's triggering this warning call 'ConfigureWarnings(w => w.Throw(RelationalEventId.MultipleCollectionIncludeWarning))'.
2026-07-06 10:03:01.663 +03:00 [INF] HTTP GET /Installments/Detail/ef397ba5-8920-4a10-9712-a02a804c5cba responded 200 in 107.3473 ms
2026-07-06 10:03:01.730 +03:00 [INF] HTTP GET /css/site.css responded 200 in 0.9494 ms
2026-07-06 10:03:01.730 +03:00 [INF] HTTP GET /Biktal.WebMVC.styles.css responded 200 in 1.1188 ms
2026-07-06 10:03:01.731 +03:00 [INF] HTTP GET /lib/bootstrap/dist/css/bootstrap.min.css responded 200 in 0.9900 ms
2026-07-06 10:03:01.731 +03:00 [INF] HTTP GET /lib/jquery/dist/jquery.min.js responded 200 in 0.9137 ms
2026-07-06 10:03:01.737 +03:00 [INF] HTTP GET /lib/bootstrap/dist/js/bootstrap.bundle.min.js responded 200 in 1.1102 ms
2026-07-06 10:03:01.739 +03:00 [INF] HTTP GET /js/site.js responded 200 in 2.1475 ms
2026-07-06 10:03:01.742 +03:00 [INF] HTTP GET /lib/jquery-validation/dist/jquery.validate.min.js responded 200 in 2.8841 ms
2026-07-06 10:03:01.753 +03:00 [INF] HTTP GET /lib/jquery-validation-unobtrusive/dist/jquery.validate.unobtrusive.min.js responded 200 in 1.2080 ms
2026-07-06 10:03:06.595 +03:00 [INF] HTTP GET /Installments responded 200 in 10.3213 ms
2026-07-06 10:03:06.652 +03:00 [INF] HTTP GET /lib/bootstrap/dist/css/bootstrap.min.css responded 200 in 1.5385 ms
2026-07-06 10:03:06.660 +03:00 [INF] HTTP GET /css/site.css responded 200 in 1.0646 ms
2026-07-06 10:03:06.661 +03:00 [INF] HTTP GET /lib/jquery/dist/jquery.min.js responded 304 in 0.8073 ms
2026-07-06 10:03:06.662 +03:00 [INF] HTTP GET /Biktal.WebMVC.styles.css responded 200 in 1.0330 ms
2026-07-06 10:03:06.665 +03:00 [INF] HTTP GET /js/site.js responded 304 in 1.7746 ms
2026-07-06 10:03:06.666 +03:00 [INF] HTTP GET /lib/bootstrap/dist/js/bootstrap.bundle.min.js responded 304 in 0.7522 ms
2026-07-06 10:14:32.679 +03:00 [INF] HTTP GET /Finance responded 200 in 153.2530 ms
2026-07-06 10:14:32.740 +03:00 [INF] HTTP GET /lib/bootstrap/dist/css/bootstrap.min.css responded 200 in 2.3597 ms
2026-07-06 10:14:32.751 +03:00 [INF] HTTP GET /css/site.css responded 200 in 0.8433 ms
2026-07-06 10:14:32.751 +03:00 [INF] HTTP GET /Biktal.WebMVC.styles.css responded 200 in 1.0531 ms
2026-07-06 10:14:32.753 +03:00 [INF] HTTP GET /lib/jquery/dist/jquery.min.js responded 200 in 1.1865 ms
2026-07-06 10:14:32.754 +03:00 [INF] HTTP GET /js/site.js responded 200 in 1.3616 ms
2026-07-06 10:14:32.754 +03:00 [INF] HTTP GET /lib/bootstrap/dist/js/bootstrap.bundle.min.js responded 200 in 3.1306 ms
2026-07-06 10:14:36.365 +03:00 [INF] HTTP GET /Finance/Cashbox responded 200 in 308.2972 ms
2026-07-06 10:14:36.426 +03:00 [INF] HTTP GET /lib/bootstrap/dist/css/bootstrap.min.css responded 200 in 1.4765 ms
2026-07-06 10:14:36.430 +03:00 [INF] HTTP GET /css/site.css responded 200 in 2.7388 ms
2026-07-06 10:14:36.432 +03:00 [INF] HTTP GET /lib/jquery/dist/jquery.min.js responded 200 in 0.9530 ms
2026-07-06 10:14:36.433 +03:00 [INF] HTTP GET /Biktal.WebMVC.styles.css responded 200 in 1.1881 ms
2026-07-06 10:14:36.435 +03:00 [INF] HTTP GET /lib/bootstrap/dist/js/bootstrap.bundle.min.js responded 200 in 2.1062 ms
2026-07-06 10:14:36.445 +03:00 [INF] HTTP GET /js/site.js responded 200 in 8.7382 ms
2026-07-06 10:14:36.446 +03:00 [INF] HTTP GET /lib/jquery-validation-unobtrusive/dist/jquery.validate.unobtrusive.min.js responded 200 in 0.7759 ms
2026-07-06 10:14:36.447 +03:00 [INF] HTTP GET /lib/jquery-validation/dist/jquery.validate.min.js responded 200 in 9.1660 ms
2026-07-06 10:14:39.989 +03:00 [WRN] The query uses the 'First'/'FirstOrDefault' operator without 'OrderBy' and filter operators. This may lead to unpredictable results.
2026-07-06 10:14:40.098 +03:00 [INF] HTTP GET /Pos responded 200 in 144.5689 ms
2026-07-06 10:14:40.144 +03:00 [INF] HTTP GET /lib/bootstrap/dist/css/bootstrap.min.css responded 200 in 1.1354 ms
2026-07-06 10:14:40.169 +03:00 [INF] HTTP GET /Biktal.WebMVC.styles.css responded 200 in 0.9470 ms
2026-07-06 10:14:40.169 +03:00 [INF] HTTP GET /css/site.css responded 200 in 0.8324 ms
2026-07-06 10:14:40.170 +03:00 [INF] HTTP GET /lib/jquery/dist/jquery.min.js responded 304 in 0.4591 ms
2026-07-06 10:14:40.170 +03:00 [INF] HTTP GET /lib/bootstrap/dist/js/bootstrap.bundle.min.js responded 304 in 0.5317 ms
2026-07-06 10:14:40.174 +03:00 [INF] HTTP GET /js/site.js responded 304 in 1.6775 ms
2026-07-06 10:14:40.202 +03:00 [INF] HTTP GET /js/pos.js responded 200 in 27.7260 ms
2026-07-06 10:14:47.604 +03:00 [INF] HTTP GET /Inventory responded 200 in 122.7541 ms
2026-07-06 10:14:47.659 +03:00 [INF] HTTP GET /lib/bootstrap/dist/css/bootstrap.min.css responded 304 in 4.1800 ms
2026-07-06 10:14:47.663 +03:00 [INF] HTTP GET /css/site.css responded 304 in 1.1672 ms
2026-07-06 10:14:47.666 +03:00 [INF] HTTP GET /Biktal.WebMVC.styles.css responded 304 in 3.0589 ms
2026-07-06 10:14:47.667 +03:00 [INF] HTTP GET /lib/bootstrap/dist/js/bootstrap.bundle.min.js responded 304 in 0.5582 ms
2026-07-06 10:14:47.667 +03:00 [INF] HTTP GET /lib/jquery/dist/jquery.min.js responded 304 in 0.4463 ms
2026-07-06 10:14:47.669 +03:00 [INF] HTTP GET /js/site.js responded 304 in 0.4523 ms
2026-07-06 10:14:49.583 +03:00 [INF] HTTP GET /Inventory/Products responded 200 in 100.1870 ms
2026-07-06 10:14:49.621 +03:00 [INF] HTTP GET /css/site.css responded 304 in 0.4700 ms
2026-07-06 10:14:49.621 +03:00 [INF] HTTP GET /lib/bootstrap/dist/css/bootstrap.min.css responded 200 in 1.5829 ms
2026-07-06 10:14:49.621 +03:00 [INF] HTTP GET /Biktal.WebMVC.styles.css responded 304 in 0.4187 ms
2026-07-06 10:14:50.361 +03:00 [INF] HTTP GET /lib/jquery/dist/jquery.min.js responded 304 in 0.3572 ms
2026-07-06 10:14:50.397 +03:00 [INF] HTTP GET /lib/bootstrap/dist/js/bootstrap.bundle.min.js responded 304 in 0.4124 ms
2026-07-06 10:14:50.398 +03:00 [INF] HTTP GET /js/site.js responded 304 in 0.9153 ms
2026-07-06 10:14:50.401 +03:00 [INF] HTTP GET /lib/jquery-validation/dist/jquery.validate.min.js responded 304 in 2.3696 ms
2026-07-06 10:14:50.408 +03:00 [INF] HTTP GET /lib/jquery-validation-unobtrusive/dist/jquery.validate.unobtrusive.min.js responded 304 in 4.2266 ms
2026-07-06 10:14:50.435 +03:00 [INF] HTTP GET /js/products-catalog-filter.js responded 200 in 24.7739 ms
2026-07-06 10:15:15.232 +03:00 [INF] HTTP GET /Inventory/Products responded 200 in 107.6847 ms
2026-07-06 10:15:15.278 +03:00 [INF] HTTP GET /css/site.css responded 304 in 0.4232 ms
2026-07-06 10:15:15.278 +03:00 [INF] HTTP GET /Biktal.WebMVC.styles.css responded 304 in 0.3659 ms
2026-07-06 10:15:15.282 +03:00 [INF] HTTP GET /lib/bootstrap/dist/css/bootstrap.min.css responded 200 in 7.4080 ms
2026-07-06 10:15:16.122 +03:00 [INF] HTTP GET /lib/jquery/dist/jquery.min.js responded 304 in 0.3049 ms
2026-07-06 10:15:16.143 +03:00 [INF] HTTP GET /lib/bootstrap/dist/js/bootstrap.bundle.min.js responded 304 in 0.7545 ms
2026-07-06 10:15:16.144 +03:00 [INF] HTTP GET /js/site.js responded 304 in 0.5258 ms
2026-07-06 10:15:16.145 +03:00 [INF] HTTP GET /lib/jquery-validation/dist/jquery.validate.min.js responded 304 in 0.8643 ms
2026-07-06 10:15:16.146 +03:00 [INF] HTTP GET /lib/jquery-validation-unobtrusive/dist/jquery.validate.unobtrusive.min.js responded 304 in 0.6317 ms
2026-07-06 10:15:16.147 +03:00 [INF] HTTP GET /js/products-catalog-filter.js responded 304 in 1.6428 ms
2026-07-06 10:15:21.976 +03:00 [INF] HTTP POST /Inventory/EditProduct responded 302 in 127.3499 ms
2026-07-06 10:15:22.084 +03:00 [INF] HTTP GET /Inventory/Products responded 200 in 102.6102 ms
2026-07-06 10:15:22.128 +03:00 [INF] HTTP GET /css/site.css responded 304 in 0.3591 ms
2026-07-06 10:15:22.128 +03:00 [INF] HTTP GET /lib/bootstrap/dist/css/bootstrap.min.css responded 304 in 0.4203 ms
2026-07-06 10:15:22.129 +03:00 [INF] HTTP GET /Biktal.WebMVC.styles.css responded 304 in 0.4812 ms
2026-07-06 10:15:22.982 +03:00 [INF] HTTP GET /lib/jquery/dist/jquery.min.js responded 304 in 0.2610 ms
2026-07-06 10:15:23.006 +03:00 [INF] HTTP GET /lib/bootstrap/dist/js/bootstrap.bundle.min.js responded 304 in 0.5010 ms
2026-07-06 10:15:23.006 +03:00 [INF] HTTP GET /js/site.js responded 304 in 0.4227 ms
2026-07-06 10:15:23.010 +03:00 [INF] HTTP GET /lib/jquery-validation/dist/jquery.validate.min.js responded 304 in 2.9133 ms
2026-07-06 10:15:23.013 +03:00 [INF] HTTP GET /lib/jquery-validation-unobtrusive/dist/jquery.validate.unobtrusive.min.js responded 304 in 0.4605 ms
2026-07-06 10:15:23.014 +03:00 [INF] HTTP GET /js/products-catalog-filter.js responded 304 in 0.3892 ms
2026-07-06 10:15:24.423 +03:00 [INF] HTTP GET /Pos responded 200 in 19.6373 ms
2026-07-06 10:15:24.479 +03:00 [INF] HTTP GET /lib/bootstrap/dist/css/bootstrap.min.css responded 304 in 0.6125 ms
2026-07-06 10:15:24.483 +03:00 [INF] HTTP GET /css/site.css responded 304 in 0.4762 ms
2026-07-06 10:15:24.486 +03:00 [INF] HTTP GET /Biktal.WebMVC.styles.css responded 304 in 1.7234 ms
2026-07-06 10:15:24.489 +03:00 [INF] HTTP GET /lib/jquery/dist/jquery.min.js responded 304 in 0.8431 ms
2026-07-06 10:15:24.490 +03:00 [INF] HTTP GET /lib/bootstrap/dist/js/bootstrap.bundle.min.js responded 304 in 0.4605 ms
2026-07-06 10:15:24.493 +03:00 [INF] HTTP GET /js/site.js responded 304 in 0.9832 ms
2026-07-06 10:15:24.495 +03:00 [INF] HTTP GET /js/pos.js responded 304 in 0.8019 ms
2026-07-06 10:15:41.591 +03:00 [INF] HTTP POST /Pos/CompleteSale responded 200 in 364.4792 ms
2026-07-06 10:16:18.493 +03:00 [INF] HTTP GET /Finance responded 200 in 12.8178 ms
2026-07-06 10:16:18.554 +03:00 [INF] HTTP GET /lib/bootstrap/dist/css/bootstrap.min.css responded 200 in 2.2630 ms
2026-07-06 10:16:18.557 +03:00 [INF] HTTP GET /css/site.css responded 304 in 0.9468 ms
2026-07-06 10:16:18.559 +03:00 [INF] HTTP GET /lib/jquery/dist/jquery.min.js responded 304 in 0.3848 ms
2026-07-06 10:16:18.559 +03:00 [INF] HTTP GET /Biktal.WebMVC.styles.css responded 304 in 0.2981 ms
2026-07-06 10:16:18.560 +03:00 [INF] HTTP GET /js/site.js responded 304 in 0.5298 ms
2026-07-06 10:16:18.561 +03:00 [INF] HTTP GET /lib/bootstrap/dist/js/bootstrap.bundle.min.js responded 304 in 0.4167 ms
2026-07-06 10:16:20.424 +03:00 [INF] HTTP GET /Finance/Cashbox responded 200 in 24.9150 ms
2026-07-06 10:16:20.486 +03:00 [INF] HTTP GET /lib/bootstrap/dist/css/bootstrap.min.css responded 200 in 0.8706 ms
2026-07-06 10:16:20.491 +03:00 [INF] HTTP GET /css/site.css responded 304 in 1.9349 ms
2026-07-06 10:16:20.492 +03:00 [INF] HTTP GET /Biktal.WebMVC.styles.css responded 304 in 1.0327 ms
2026-07-06 10:16:20.495 +03:00 [INF] HTTP GET /lib/bootstrap/dist/js/bootstrap.bundle.min.js responded 304 in 1.1375 ms
2026-07-06 10:16:20.497 +03:00 [INF] HTTP GET /lib/jquery/dist/jquery.min.js responded 304 in 0.5037 ms
2026-07-06 10:16:20.497 +03:00 [INF] HTTP GET /js/site.js responded 304 in 0.5973 ms
2026-07-06 10:16:20.500 +03:00 [INF] HTTP GET /lib/jquery-validation/dist/jquery.validate.min.js responded 304 in 1.0961 ms
2026-07-06 10:16:20.502 +03:00 [INF] HTTP GET /lib/jquery-validation-unobtrusive/dist/jquery.validate.unobtrusive.min.js responded 304 in 0.5129 ms
2026-07-06 10:30:19.224 +03:00 [INF] HTTP POST /Finance/CloseCashboxSession responded 302 in 215.5336 ms
2026-07-06 10:30:19.255 +03:00 [INF] HTTP GET /Finance/Cashbox responded 200 in 25.3485 ms
2026-07-06 10:30:19.322 +03:00 [INF] HTTP GET /css/site.css responded 200 in 1.6074 ms
2026-07-06 10:30:19.323 +03:00 [INF] HTTP GET /lib/bootstrap/dist/css/bootstrap.min.css responded 200 in 1.3180 ms
2026-07-06 10:30:19.324 +03:00 [INF] HTTP GET /Biktal.WebMVC.styles.css responded 200 in 1.9416 ms
2026-07-06 10:30:19.327 +03:00 [INF] HTTP GET /lib/jquery/dist/jquery.min.js responded 200 in 0.9408 ms
2026-07-06 10:30:19.337 +03:00 [INF] HTTP GET /lib/jquery-validation/dist/jquery.validate.min.js responded 200 in 2.1462 ms
2026-07-06 10:30:19.340 +03:00 [INF] HTTP GET /lib/bootstrap/dist/js/bootstrap.bundle.min.js responded 200 in 10.9234 ms
2026-07-06 10:30:19.343 +03:00 [INF] HTTP GET /js/site.js responded 200 in 1.6834 ms
2026-07-06 10:30:19.348 +03:00 [INF] HTTP GET /lib/jquery-validation-unobtrusive/dist/jquery.validate.unobtrusive.min.js responded 200 in 1.3460 ms
2026-07-06 10:33:25.737 +03:00 [INF] HTTP POST /Finance/OpenCashboxSession responded 302 in 23.8125 ms
2026-07-06 10:33:25.797 +03:00 [INF] HTTP GET /Finance/Cashbox responded 200 in 35.0118 ms
2026-07-06 10:33:25.869 +03:00 [INF] HTTP GET /Biktal.WebMVC.styles.css responded 200 in 1.0551 ms
2026-07-06 10:33:25.870 +03:00 [INF] HTTP GET /css/site.css responded 200 in 0.7223 ms
2026-07-06 10:33:25.879 +03:00 [INF] HTTP GET /lib/bootstrap/dist/css/bootstrap.min.css responded 200 in 8.9626 ms
2026-07-06 10:33:25.879 +03:00 [INF] HTTP GET /js/site.js responded 200 in 2.7014 ms
2026-07-06 10:33:25.879 +03:00 [INF] HTTP GET /lib/jquery-validation/dist/jquery.validate.min.js responded 200 in 2.0778 ms
2026-07-06 10:33:25.879 +03:00 [INF] HTTP GET /lib/jquery-validation-unobtrusive/dist/jquery.validate.unobtrusive.min.js responded 200 in 0.9019 ms
2026-07-06 10:33:25.879 +03:00 [INF] HTTP GET /lib/bootstrap/dist/js/bootstrap.bundle.min.js responded 200 in 5.7319 ms
2026-07-06 10:33:25.879 +03:00 [INF] HTTP GET /lib/jquery/dist/jquery.min.js responded 200 in 5.4699 ms
2026-07-06 10:53:44.055 +03:00 [INF] Application is shutting down...
2026-07-06 11:57:52.942 +03:00 [ERR] Failed executing DbCommand (18ms) [Parameters=[@p0='?' (DbType = Guid), @p1='?' (DbType = DateTime), @p2='?' (DbType = Guid), @p3='?', @p4='?' (DbType = DateTime), @p5='?' (DbType = Int32), @p6='?' (DbType = Int32), @p7='?', @p8='?', @p9='?' (DbType = Guid), @p10='?' (DbType = DateTime), @p11='?' (DbType = Guid), @p12='?', @p13='?' (DbType = DateTime), @p14='?' (DbType = Int32), @p15='?' (DbType = Int32), @p16='?', @p17='?'], CommandType='"Text"', CommandTimeout='30']
INSERT INTO "CrmSupportTickets" ("Id", "CreatedAtUtc", "CustomerId", "Description", "ModifiedAtUtc", "Priority", "Status", "Subject", "TicketNumber")
VALUES (@p0, @p1, @p2, @p3, @p4, @p5, @p6, @p7, @p8);
INSERT INTO "CrmSupportTickets" ("Id", "CreatedAtUtc", "CustomerId", "Description", "ModifiedAtUtc", "Priority", "Status", "Subject", "TicketNumber")
VALUES (@p9, @p10, @p11, @p12, @p13, @p14, @p15, @p16, @p17);
2026-07-06 11:57:53.017 +03:00 [ERR] An exception occurred in the database while saving changes for context type 'Biktal.Infrastructure.Persistence.ApplicationDbContext'.
Microsoft.EntityFrameworkCore.DbUpdateException: An error occurred while saving the entity changes. See the inner exception for details.
 ---> Npgsql.PostgresException (0x80004005): 23503: insert or update on table "CrmSupportTickets" violates foreign key constraint "FK_CrmSupportTickets_CrmCustomers_CustomerId"

DETAIL: Detail redacted as it may contain sensitive data. Specify 'Include Error Detail' in the connection string to include this information.
   at Npgsql.Internal.NpgsqlConnector.ReadMessageLong(Boolean async, DataRowLoadingMode dataRowLoadingMode, Boolean readingNotifications, Boolean isReadingPrependedMessage)
   at System.Runtime.CompilerServices.PoolingAsyncValueTaskMethodBuilder`1.StateMachineBox`1.System.Threading.Tasks.Sources.IValueTaskSource<TResult>.GetResult(Int16 token)
   at Npgsql.NpgsqlDataReader.NextResult(Boolean async, Boolean isConsuming, CancellationToken cancellationToken)
   at Npgsql.NpgsqlDataReader.NextResult(Boolean async, Boolean isConsuming, CancellationToken cancellationToken)
   at Npgsql.NpgsqlCommand.ExecuteReader(Boolean async, CommandBehavior behavior, CancellationToken cancellationToken)
   at Npgsql.NpgsqlCommand.ExecuteReader(Boolean async, CommandBehavior behavior, CancellationToken cancellationToken)
   at Npgsql.NpgsqlCommand.ExecuteDbDataReaderAsync(CommandBehavior behavior, CancellationToken cancellationToken)
   at Microsoft.EntityFrameworkCore.Storage.RelationalCommand.ExecuteReaderAsync(RelationalCommandParameterObject parameterObject, CancellationToken cancellationToken)
   at Microsoft.EntityFrameworkCore.Storage.RelationalCommand.ExecuteReaderAsync(RelationalCommandParameterObject parameterObject, CancellationToken cancellationToken)
   at Microsoft.EntityFrameworkCore.Update.ReaderModificationCommandBatch.ExecuteAsync(IRelationalConnection connection, CancellationToken cancellationToken)
  Exception data:
    Severity: ERROR
    SqlState: 23503
    MessageText: insert or update on table "CrmSupportTickets" violates foreign key constraint "FK_CrmSupportTickets_CrmCustomers_CustomerId"
    Detail: Detail redacted as it may contain sensitive data. Specify 'Include Error Detail' in the connection string to include this information.
    SchemaName: public
    TableName: CrmSupportTickets
    ConstraintName: FK_CrmSupportTickets_CrmCustomers_CustomerId
    File: ri_triggers.c
    Line: 2783
    Routine: ri_ReportViolation
   --- End of inner exception stack trace ---
   at Microsoft.EntityFrameworkCore.Update.ReaderModificationCommandBatch.ExecuteAsync(IRelationalConnection connection, CancellationToken cancellationToken)
   at Microsoft.EntityFrameworkCore.Update.Internal.BatchExecutor.ExecuteAsync(IEnumerable`1 commandBatches, IRelationalConnection connection, CancellationToken cancellationToken)
   at Microsoft.EntityFrameworkCore.Update.Internal.BatchExecutor.ExecuteAsync(IEnumerable`1 commandBatches, IRelationalConnection connection, CancellationToken cancellationToken)
   at Microsoft.EntityFrameworkCore.Update.Internal.BatchExecutor.ExecuteAsync(IEnumerable`1 commandBatches, IRelationalConnection connection, CancellationToken cancellationToken)
   at Microsoft.EntityFrameworkCore.Storage.RelationalDatabase.SaveChangesAsync(IList`1 entries, CancellationToken cancellationToken)
   at Microsoft.EntityFrameworkCore.ChangeTracking.Internal.StateManager.SaveChangesAsync(IList`1 entriesToSave, CancellationToken cancellationToken)
   at Microsoft.EntityFrameworkCore.ChangeTracking.Internal.StateManager.SaveChangesAsync(StateManager stateManager, Boolean acceptAllChangesOnSuccess, CancellationToken cancellationToken)
   at Npgsql.EntityFrameworkCore.PostgreSQL.Storage.Internal.NpgsqlExecutionStrategy.ExecuteAsync[TState,TResult](TState state, Func`4 operation, Func`4 verifySucceeded, CancellationToken cancellationToken)
   at Microsoft.EntityFrameworkCore.DbContext.SaveChangesAsync(Boolean acceptAllChangesOnSuccess, CancellationToken cancellationToken)
Microsoft.EntityFrameworkCore.DbUpdateException: An error occurred while saving the entity changes. See the inner exception for details.
 ---> Npgsql.PostgresException (0x80004005): 23503: insert or update on table "CrmSupportTickets" violates foreign key constraint "FK_CrmSupportTickets_CrmCustomers_CustomerId"

DETAIL: Detail redacted as it may contain sensitive data. Specify 'Include Error Detail' in the connection string to include this information.
   at Npgsql.Internal.NpgsqlConnector.ReadMessageLong(Boolean async, DataRowLoadingMode dataRowLoadingMode, Boolean readingNotifications, Boolean isReadingPrependedMessage)
   at System.Runtime.CompilerServices.PoolingAsyncValueTaskMethodBuilder`1.StateMachineBox`1.System.Threading.Tasks.Sources.IValueTaskSource<TResult>.GetResult(Int16 token)
   at Npgsql.NpgsqlDataReader.NextResult(Boolean async, Boolean isConsuming, CancellationToken cancellationToken)
   at Npgsql.NpgsqlDataReader.NextResult(Boolean async, Boolean isConsuming, CancellationToken cancellationToken)
   at Npgsql.NpgsqlCommand.ExecuteReader(Boolean async, CommandBehavior behavior, CancellationToken cancellationToken)
   at Npgsql.NpgsqlCommand.ExecuteReader(Boolean async, CommandBehavior behavior, CancellationToken cancellationToken)
   at Npgsql.NpgsqlCommand.ExecuteDbDataReaderAsync(CommandBehavior behavior, CancellationToken cancellationToken)
   at Microsoft.EntityFrameworkCore.Storage.RelationalCommand.ExecuteReaderAsync(RelationalCommandParameterObject parameterObject, CancellationToken cancellationToken)
   at Microsoft.EntityFrameworkCore.Storage.RelationalCommand.ExecuteReaderAsync(RelationalCommandParameterObject parameterObject, CancellationToken cancellationToken)
   at Microsoft.EntityFrameworkCore.Update.ReaderModificationCommandBatch.ExecuteAsync(IRelationalConnection connection, CancellationToken cancellationToken)
  Exception data:
    Severity: ERROR
    SqlState: 23503
    MessageText: insert or update on table "CrmSupportTickets" violates foreign key constraint "FK_CrmSupportTickets_CrmCustomers_CustomerId"
    Detail: Detail redacted as it may contain sensitive data. Specify 'Include Error Detail' in the connection string to include this information.
    SchemaName: public
    TableName: CrmSupportTickets
    ConstraintName: FK_CrmSupportTickets_CrmCustomers_CustomerId
    File: ri_triggers.c
    Line: 2783
    Routine: ri_ReportViolation
   --- End of inner exception stack trace ---
   at Microsoft.EntityFrameworkCore.Update.ReaderModificationCommandBatch.ExecuteAsync(IRelationalConnection connection, CancellationToken cancellationToken)
   at Microsoft.EntityFrameworkCore.Update.Internal.BatchExecutor.ExecuteAsync(IEnumerable`1 commandBatches, IRelationalConnection connection, CancellationToken cancellationToken)
   at Microsoft.EntityFrameworkCore.Update.Internal.BatchExecutor.ExecuteAsync(IEnumerable`1 commandBatches, IRelationalConnection connection, CancellationToken cancellationToken)
   at Microsoft.EntityFrameworkCore.Update.Internal.BatchExecutor.ExecuteAsync(IEnumerable`1 commandBatches, IRelationalConnection connection, CancellationToken cancellationToken)
   at Microsoft.EntityFrameworkCore.Storage.RelationalDatabase.SaveChangesAsync(IList`1 entries, CancellationToken cancellationToken)
   at Microsoft.EntityFrameworkCore.ChangeTracking.Internal.StateManager.SaveChangesAsync(IList`1 entriesToSave, CancellationToken cancellationToken)
   at Microsoft.EntityFrameworkCore.ChangeTracking.Internal.StateManager.SaveChangesAsync(StateManager stateManager, Boolean acceptAllChangesOnSuccess, CancellationToken cancellationToken)
   at Npgsql.EntityFrameworkCore.PostgreSQL.Storage.Internal.NpgsqlExecutionStrategy.ExecuteAsync[TState,TResult](TState state, Func`4 operation, Func`4 verifySucceeded, CancellationToken cancellationToken)
   at Microsoft.EntityFrameworkCore.DbContext.SaveChangesAsync(Boolean acceptAllChangesOnSuccess, CancellationToken cancellationToken)
2026-07-06 11:57:53.024 +03:00 [ERR] Database migration or seed failed. Check PostgreSQL is running and ConnectionStrings:DefaultConnection is correct.
Microsoft.EntityFrameworkCore.DbUpdateException: An error occurred while saving the entity changes. See the inner exception for details.
 ---> Npgsql.PostgresException (0x80004005): 23503: insert or update on table "CrmSupportTickets" violates foreign key constraint "FK_CrmSupportTickets_CrmCustomers_CustomerId"

DETAIL: Detail redacted as it may contain sensitive data. Specify 'Include Error Detail' in the connection string to include this information.
   at Npgsql.Internal.NpgsqlConnector.ReadMessageLong(Boolean async, DataRowLoadingMode dataRowLoadingMode, Boolean readingNotifications, Boolean isReadingPrependedMessage)
   at System.Runtime.CompilerServices.PoolingAsyncValueTaskMethodBuilder`1.StateMachineBox`1.System.Threading.Tasks.Sources.IValueTaskSource<TResult>.GetResult(Int16 token)
   at Npgsql.NpgsqlDataReader.NextResult(Boolean async, Boolean isConsuming, CancellationToken cancellationToken)
   at Npgsql.NpgsqlDataReader.NextResult(Boolean async, Boolean isConsuming, CancellationToken cancellationToken)
   at Npgsql.NpgsqlCommand.ExecuteReader(Boolean async, CommandBehavior behavior, CancellationToken cancellationToken)
   at Npgsql.NpgsqlCommand.ExecuteReader(Boolean async, CommandBehavior behavior, CancellationToken cancellationToken)
   at Npgsql.NpgsqlCommand.ExecuteDbDataReaderAsync(CommandBehavior behavior, CancellationToken cancellationToken)
   at Microsoft.EntityFrameworkCore.Storage.RelationalCommand.ExecuteReaderAsync(RelationalCommandParameterObject parameterObject, CancellationToken cancellationToken)
   at Microsoft.EntityFrameworkCore.Storage.RelationalCommand.ExecuteReaderAsync(RelationalCommandParameterObject parameterObject, CancellationToken cancellationToken)
   at Microsoft.EntityFrameworkCore.Update.ReaderModificationCommandBatch.ExecuteAsync(IRelationalConnection connection, CancellationToken cancellationToken)
  Exception data:
    Severity: ERROR
    SqlState: 23503
    MessageText: insert or update on table "CrmSupportTickets" violates foreign key constraint "FK_CrmSupportTickets_CrmCustomers_CustomerId"
    Detail: Detail redacted as it may contain sensitive data. Specify 'Include Error Detail' in the connection string to include this information.
    SchemaName: public
    TableName: CrmSupportTickets
    ConstraintName: FK_CrmSupportTickets_CrmCustomers_CustomerId
    File: ri_triggers.c
    Line: 2783
    Routine: ri_ReportViolation
   --- End of inner exception stack trace ---
   at Microsoft.EntityFrameworkCore.Update.ReaderModificationCommandBatch.ExecuteAsync(IRelationalConnection connection, CancellationToken cancellationToken)
   at Microsoft.EntityFrameworkCore.Update.Internal.BatchExecutor.ExecuteAsync(IEnumerable`1 commandBatches, IRelationalConnection connection, CancellationToken cancellationToken)
   at Microsoft.EntityFrameworkCore.Update.Internal.BatchExecutor.ExecuteAsync(IEnumerable`1 commandBatches, IRelationalConnection connection, CancellationToken cancellationToken)
   at Microsoft.EntityFrameworkCore.Update.Internal.BatchExecutor.ExecuteAsync(IEnumerable`1 commandBatches, IRelationalConnection connection, CancellationToken cancellationToken)
   at Microsoft.EntityFrameworkCore.Storage.RelationalDatabase.SaveChangesAsync(IList`1 entries, CancellationToken cancellationToken)
   at Microsoft.EntityFrameworkCore.ChangeTracking.Internal.StateManager.SaveChangesAsync(IList`1 entriesToSave, CancellationToken cancellationToken)
   at Microsoft.EntityFrameworkCore.ChangeTracking.Internal.StateManager.SaveChangesAsync(StateManager stateManager, Boolean acceptAllChangesOnSuccess, CancellationToken cancellationToken)
   at Npgsql.EntityFrameworkCore.PostgreSQL.Storage.Internal.NpgsqlExecutionStrategy.ExecuteAsync[TState,TResult](TState state, Func`4 operation, Func`4 verifySucceeded, CancellationToken cancellationToken)
   at Microsoft.EntityFrameworkCore.DbContext.SaveChangesAsync(Boolean acceptAllChangesOnSuccess, CancellationToken cancellationToken)
   at Microsoft.EntityFrameworkCore.DbContext.SaveChangesAsync(Boolean acceptAllChangesOnSuccess, CancellationToken cancellationToken)
   at Biktal.Infrastructure.Persistence.CrmDataSeeder.SeedIfEmptyAsync(ApplicationDbContext db, CancellationToken cancellationToken)
   at Program.<Main>$(String[] args) in d:\Systems\BiktalSystems\Program.cs:line 71
2026-07-06 11:57:53.042 +03:00 [WRN] Continuing without a successful migration/seed. Auth and data pages may fail until the database is available.
2026-07-06 11:57:53.067 +03:00 [WRN] Using an in-memory repository. Keys will not be persisted to storage.
2026-07-06 11:57:53.067 +03:00 [WRN] Neither user profile nor HKLM registry available. Using an ephemeral key repository. Protected data will be unavailable when application exits.
2026-07-06 11:57:53.088 +03:00 [WRN] No XML encryptor configured. Key {8e0cab2f-7076-43c9-b86d-d81adec91d92} may be persisted to storage in unencrypted form.
2026-07-06 11:57:53.147 +03:00 [INF] Application started. Press Ctrl+C to shut down.
2026-07-06 11:57:53.147 +03:00 [INF] Hosting environment: Production
2026-07-06 11:57:53.148 +03:00 [INF] Content root path: D:\Systems\BiktalSystems\publish
2026-07-06 11:57:53.254 +03:00 [INF] HTTP GET /Inventory responded 302 in 85.3124 ms
2026-07-06 11:57:53.406 +03:00 [ERR] An exception was thrown while deserializing the token.
Microsoft.AspNetCore.Antiforgery.AntiforgeryValidationException: The antiforgery token could not be decrypted.
 ---> System.Security.Cryptography.CryptographicException: The key {4bdbbbe9-739f-41af-9249-4395aa96d80f} was not found in the key ring. For more information go to https://aka.ms/aspnet/dataprotectionwarning
   at Microsoft.AspNetCore.DataProtection.KeyManagement.KeyRingBasedDataProtector.UnprotectCore(Byte[] protectedData, Boolean allowOperationsOnRevokedKeys, UnprotectStatus& status)
   at Microsoft.AspNetCore.DataProtection.KeyManagement.KeyRingBasedDataProtector.Unprotect(Byte[] protectedData)
   at Microsoft.AspNetCore.Antiforgery.DefaultAntiforgeryTokenSerializer.Deserialize(String serializedToken)
   --- End of inner exception stack trace ---
   at Microsoft.AspNetCore.Antiforgery.DefaultAntiforgeryTokenSerializer.Deserialize(String serializedToken)
   at Microsoft.AspNetCore.Antiforgery.DefaultAntiforgery.GetCookieTokenDoesNotThrow(HttpContext httpContext)
2026-07-06 11:57:53.572 +03:00 [INF] HTTP GET /Account/Login responded 200 in 299.2001 ms
2026-07-06 11:57:53.773 +03:00 [INF] HTTP GET /css/site.css responded 200 in 101.2147 ms
2026-07-06 11:57:53.777 +03:00 [INF] HTTP GET /js/site.js responded 200 in 100.3571 ms
2026-07-06 11:57:53.777 +03:00 [INF] HTTP GET /Biktal.WebMVC.styles.css responded 200 in 104.5802 ms
2026-07-06 11:57:53.777 +03:00 [INF] HTTP GET /lib/jquery/dist/jquery.min.js responded 200 in 71.2223 ms
2026-07-06 11:57:53.777 +03:00 [INF] HTTP GET /lib/bootstrap/dist/css/bootstrap.min.css responded 200 in 104.1048 ms
2026-07-06 11:57:53.778 +03:00 [INF] HTTP GET /lib/jquery-validation-unobtrusive/dist/jquery.validate.unobtrusive.min.js responded 200 in 97.7587 ms
2026-07-06 11:57:53.778 +03:00 [INF] HTTP GET /lib/jquery-validation/dist/jquery.validate.min.js responded 200 in 98.3163 ms
2026-07-06 11:57:53.780 +03:00 [INF] HTTP GET /lib/bootstrap/dist/js/bootstrap.bundle.min.js responded 200 in 104.6829 ms
2026-07-06 12:00:18.244 +03:00 [INF] HTTP POST /Account/Login responded 302 in 550.0303 ms
2026-07-06 12:00:18.552 +03:00 [INF] HTTP GET /Inventory responded 200 in 298.0327 ms
2026-07-06 12:00:18.613 +03:00 [INF] HTTP GET /css/site.css responded 200 in 9.2842 ms
2026-07-06 12:00:18.656 +03:00 [INF] HTTP GET /Biktal.WebMVC.styles.css responded 200 in 2.3648 ms
2026-07-06 12:00:18.656 +03:00 [INF] HTTP GET /lib/jquery/dist/jquery.min.js responded 200 in 42.6734 ms
2026-07-06 12:00:18.656 +03:00 [INF] HTTP GET /lib/bootstrap/dist/css/bootstrap.min.css responded 200 in 51.8953 ms
2026-07-06 12:00:18.683 +03:00 [INF] HTTP GET /js/site.js responded 200 in 37.1288 ms
2026-07-06 12:00:18.808 +03:00 [INF] HTTP GET /lib/bootstrap/dist/js/bootstrap.bundle.min.js responded 200 in 194.2071 ms
2026-07-06 12:00:22.755 +03:00 [INF] HTTP GET /Repairs responded 200 in 57.0834 ms
2026-07-06 12:00:22.818 +03:00 [INF] HTTP GET /lib/bootstrap/dist/css/bootstrap.min.css responded 304 in 2.4030 ms
2026-07-06 12:00:22.819 +03:00 [INF] HTTP GET /Biktal.WebMVC.styles.css responded 304 in 2.4395 ms
2026-07-06 12:00:22.819 +03:00 [INF] HTTP GET /lib/jquery/dist/jquery.min.js responded 304 in 0.9131 ms
2026-07-06 12:00:22.820 +03:00 [INF] HTTP GET /css/site.css responded 304 in 4.2868 ms
2026-07-06 12:00:22.822 +03:00 [INF] HTTP GET /lib/bootstrap/dist/js/bootstrap.bundle.min.js responded 304 in 1.4734 ms
2026-07-06 12:00:22.825 +03:00 [INF] HTTP GET /js/site.js responded 304 in 3.8153 ms
2026-07-06 12:00:25.287 +03:00 [INF] HTTP GET /Repairs/New responded 200 in 120.1449 ms
2026-07-06 12:00:25.342 +03:00 [INF] HTTP GET /lib/bootstrap/dist/css/bootstrap.min.css responded 200 in 6.0382 ms
2026-07-06 12:00:25.344 +03:00 [INF] HTTP GET /css/site.css responded 304 in 0.7684 ms
2026-07-06 12:00:25.344 +03:00 [INF] HTTP GET /Biktal.WebMVC.styles.css responded 304 in 0.7866 ms
2026-07-06 12:00:25.349 +03:00 [INF] HTTP GET /lib/jquery/dist/jquery.min.js responded 304 in 3.3579 ms
2026-07-06 12:00:25.351 +03:00 [INF] HTTP GET /lib/bootstrap/dist/js/bootstrap.bundle.min.js responded 304 in 0.9248 ms
2026-07-06 12:00:25.352 +03:00 [INF] HTTP GET /js/site.js responded 304 in 1.5161 ms
2026-07-06 12:00:25.373 +03:00 [INF] HTTP GET /lib/jquery-validation-unobtrusive/dist/jquery.validate.unobtrusive.min.js responded 200 in 15.6078 ms
2026-07-06 12:00:25.377 +03:00 [INF] HTTP GET /lib/jquery-validation/dist/jquery.validate.min.js responded 200 in 23.6345 ms
2026-07-06 12:04:48.623 +03:00 [INF] HTTP GET /Inventory responded 200 in 166.1170 ms
2026-07-06 12:04:48.700 +03:00 [INF] HTTP GET /lib/bootstrap/dist/css/bootstrap.min.css responded 200 in 6.8351 ms
2026-07-06 12:04:48.706 +03:00 [INF] HTTP GET /css/site.css responded 200 in 2.9043 ms
2026-07-06 12:04:48.707 +03:00 [INF] HTTP GET /lib/jquery/dist/jquery.min.js responded 200 in 1.5447 ms
2026-07-06 12:04:48.708 +03:00 [INF] HTTP GET /lib/bootstrap/dist/js/bootstrap.bundle.min.js responded 200 in 1.5224 ms
2026-07-06 12:04:48.717 +03:00 [INF] HTTP GET /Biktal.WebMVC.styles.css responded 200 in 1.5006 ms
2026-07-06 12:04:48.734 +03:00 [INF] HTTP GET /js/site.js responded 200 in 2.8937 ms
2026-07-06 12:04:50.613 +03:00 [INF] HTTP GET /Inventory/Products responded 200 in 624.4782 ms
2026-07-06 12:04:50.646 +03:00 [INF] HTTP GET /lib/bootstrap/dist/css/bootstrap.min.css responded 200 in 1.8003 ms
2026-07-06 12:04:50.649 +03:00 [INF] HTTP GET /Biktal.WebMVC.styles.css responded 200 in 3.0036 ms
2026-07-06 12:04:50.651 +03:00 [INF] HTTP GET /css/site.css responded 200 in 5.7854 ms
2026-07-06 12:04:51.656 +03:00 [INF] HTTP GET /lib/jquery/dist/jquery.min.js responded 200 in 2.6178 ms
2026-07-06 12:04:51.680 +03:00 [INF] HTTP GET /lib/jquery-validation/dist/jquery.validate.min.js responded 200 in 0.9724 ms
2026-07-06 12:04:51.687 +03:00 [INF] HTTP GET /lib/bootstrap/dist/js/bootstrap.bundle.min.js responded 200 in 8.3695 ms
2026-07-06 12:04:51.687 +03:00 [INF] HTTP GET /js/site.js responded 200 in 7.9086 ms
2026-07-06 12:04:51.688 +03:00 [INF] HTTP GET /lib/jquery-validation-unobtrusive/dist/jquery.validate.unobtrusive.min.js responded 200 in 5.9366 ms
2026-07-06 12:04:51.689 +03:00 [INF] HTTP GET /js/products-catalog-filter.js responded 200 in 1.6326 ms
2026-07-06 12:06:48.657 +03:00 [INF] HTTP GET /Repairs responded 200 in 27.6207 ms
2026-07-06 12:06:48.745 +03:00 [INF] HTTP GET /Biktal.WebMVC.styles.css responded 200 in 5.1705 ms
2026-07-06 12:06:48.747 +03:00 [INF] HTTP GET /lib/bootstrap/dist/css/bootstrap.min.css responded 200 in 1.3608 ms
2026-07-06 12:06:48.747 +03:00 [INF] HTTP GET /lib/jquery/dist/jquery.min.js responded 200 in 1.3820 ms
2026-07-06 12:06:48.749 +03:00 [INF] HTTP GET /css/site.css responded 200 in 1.3636 ms
2026-07-06 12:06:48.755 +03:00 [INF] HTTP GET /lib/bootstrap/dist/js/bootstrap.bundle.min.js responded 200 in 1.1534 ms
2026-07-06 12:06:48.757 +03:00 [INF] HTTP GET /js/site.js responded 200 in 1.3390 ms
2026-07-06 12:06:53.249 +03:00 [INF] HTTP GET /Repairs/New responded 200 in 11.2907 ms
2026-07-06 12:06:53.319 +03:00 [INF] HTTP GET /lib/bootstrap/dist/css/bootstrap.min.css responded 200 in 2.0066 ms
2026-07-06 12:06:53.321 +03:00 [INF] HTTP GET /Biktal.WebMVC.styles.css responded 200 in 2.0205 ms
2026-07-06 12:06:53.322 +03:00 [INF] HTTP GET /lib/jquery/dist/jquery.min.js responded 200 in 3.3792 ms
2026-07-06 12:06:53.322 +03:00 [INF] HTTP GET /css/site.css responded 200 in 0.8382 ms
2026-07-06 12:06:53.328 +03:00 [INF] HTTP GET /lib/bootstrap/dist/js/bootstrap.bundle.min.js responded 200 in 2.7769 ms
2026-07-06 12:06:53.334 +03:00 [INF] HTTP GET /js/site.js responded 200 in 1.3796 ms
2026-07-06 12:06:53.336 +03:00 [INF] HTTP GET /lib/jquery-validation/dist/jquery.validate.min.js responded 200 in 0.8512 ms
2026-07-06 12:06:53.344 +03:00 [INF] HTTP GET /lib/jquery-validation-unobtrusive/dist/jquery.validate.unobtrusive.min.js responded 200 in 1.1316 ms
2026-07-06 12:27:49.004 +03:00 [INF] Application is shutting down...
2026-07-06 12:30:06.106 +03:00 [ERR] Failed executing DbCommand (7ms) [Parameters=[@p0='?' (DbType = Guid), @p1='?' (DbType = DateTime), @p2='?' (DbType = Guid), @p3='?', @p4='?' (DbType = DateTime), @p5='?' (DbType = Int32), @p6='?' (DbType = Int32), @p7='?', @p8='?', @p9='?' (DbType = Guid), @p10='?' (DbType = DateTime), @p11='?' (DbType = Guid), @p12='?', @p13='?' (DbType = DateTime), @p14='?' (DbType = Int32), @p15='?' (DbType = Int32), @p16='?', @p17='?'], CommandType='"Text"', CommandTimeout='30']
INSERT INTO "CrmSupportTickets" ("Id", "CreatedAtUtc", "CustomerId", "Description", "ModifiedAtUtc", "Priority", "Status", "Subject", "TicketNumber")
VALUES (@p0, @p1, @p2, @p3, @p4, @p5, @p6, @p7, @p8);
INSERT INTO "CrmSupportTickets" ("Id", "CreatedAtUtc", "CustomerId", "Description", "ModifiedAtUtc", "Priority", "Status", "Subject", "TicketNumber")
VALUES (@p9, @p10, @p11, @p12, @p13, @p14, @p15, @p16, @p17);
2026-07-06 12:30:06.184 +03:00 [ERR] An exception occurred in the database while saving changes for context type 'Biktal.Infrastructure.Persistence.ApplicationDbContext'.
Microsoft.EntityFrameworkCore.DbUpdateException: An error occurred while saving the entity changes. See the inner exception for details.
 ---> Npgsql.PostgresException (0x80004005): 23503: insert or update on table "CrmSupportTickets" violates foreign key constraint "FK_CrmSupportTickets_CrmCustomers_CustomerId"

DETAIL: Detail redacted as it may contain sensitive data. Specify 'Include Error Detail' in the connection string to include this information.
   at Npgsql.Internal.NpgsqlConnector.ReadMessageLong(Boolean async, DataRowLoadingMode dataRowLoadingMode, Boolean readingNotifications, Boolean isReadingPrependedMessage)
   at System.Runtime.CompilerServices.PoolingAsyncValueTaskMethodBuilder`1.StateMachineBox`1.System.Threading.Tasks.Sources.IValueTaskSource<TResult>.GetResult(Int16 token)
   at Npgsql.NpgsqlDataReader.NextResult(Boolean async, Boolean isConsuming, CancellationToken cancellationToken)
   at Npgsql.NpgsqlDataReader.NextResult(Boolean async, Boolean isConsuming, CancellationToken cancellationToken)
   at Npgsql.NpgsqlCommand.ExecuteReader(Boolean async, CommandBehavior behavior, CancellationToken cancellationToken)
   at Npgsql.NpgsqlCommand.ExecuteReader(Boolean async, CommandBehavior behavior, CancellationToken cancellationToken)
   at Npgsql.NpgsqlCommand.ExecuteDbDataReaderAsync(CommandBehavior behavior, CancellationToken cancellationToken)
   at Microsoft.EntityFrameworkCore.Storage.RelationalCommand.ExecuteReaderAsync(RelationalCommandParameterObject parameterObject, CancellationToken cancellationToken)
   at Microsoft.EntityFrameworkCore.Storage.RelationalCommand.ExecuteReaderAsync(RelationalCommandParameterObject parameterObject, CancellationToken cancellationToken)
   at Microsoft.EntityFrameworkCore.Update.ReaderModificationCommandBatch.ExecuteAsync(IRelationalConnection connection, CancellationToken cancellationToken)
  Exception data:
    Severity: ERROR
    SqlState: 23503
    MessageText: insert or update on table "CrmSupportTickets" violates foreign key constraint "FK_CrmSupportTickets_CrmCustomers_CustomerId"
    Detail: Detail redacted as it may contain sensitive data. Specify 'Include Error Detail' in the connection string to include this information.
    SchemaName: public
    TableName: CrmSupportTickets
    ConstraintName: FK_CrmSupportTickets_CrmCustomers_CustomerId
    File: ri_triggers.c
    Line: 2783
    Routine: ri_ReportViolation
   --- End of inner exception stack trace ---
   at Microsoft.EntityFrameworkCore.Update.ReaderModificationCommandBatch.ExecuteAsync(IRelationalConnection connection, CancellationToken cancellationToken)
   at Microsoft.EntityFrameworkCore.Update.Internal.BatchExecutor.ExecuteAsync(IEnumerable`1 commandBatches, IRelationalConnection connection, CancellationToken cancellationToken)
   at Microsoft.EntityFrameworkCore.Update.Internal.BatchExecutor.ExecuteAsync(IEnumerable`1 commandBatches, IRelationalConnection connection, CancellationToken cancellationToken)
   at Microsoft.EntityFrameworkCore.Update.Internal.BatchExecutor.ExecuteAsync(IEnumerable`1 commandBatches, IRelationalConnection connection, CancellationToken cancellationToken)
   at Microsoft.EntityFrameworkCore.Storage.RelationalDatabase.SaveChangesAsync(IList`1 entries, CancellationToken cancellationToken)
   at Microsoft.EntityFrameworkCore.ChangeTracking.Internal.StateManager.SaveChangesAsync(IList`1 entriesToSave, CancellationToken cancellationToken)
   at Microsoft.EntityFrameworkCore.ChangeTracking.Internal.StateManager.SaveChangesAsync(StateManager stateManager, Boolean acceptAllChangesOnSuccess, CancellationToken cancellationToken)
   at Npgsql.EntityFrameworkCore.PostgreSQL.Storage.Internal.NpgsqlExecutionStrategy.ExecuteAsync[TState,TResult](TState state, Func`4 operation, Func`4 verifySucceeded, CancellationToken cancellationToken)
   at Microsoft.EntityFrameworkCore.DbContext.SaveChangesAsync(Boolean acceptAllChangesOnSuccess, CancellationToken cancellationToken)
Microsoft.EntityFrameworkCore.DbUpdateException: An error occurred while saving the entity changes. See the inner exception for details.
 ---> Npgsql.PostgresException (0x80004005): 23503: insert or update on table "CrmSupportTickets" violates foreign key constraint "FK_CrmSupportTickets_CrmCustomers_CustomerId"

DETAIL: Detail redacted as it may contain sensitive data. Specify 'Include Error Detail' in the connection string to include this information.
   at Npgsql.Internal.NpgsqlConnector.ReadMessageLong(Boolean async, DataRowLoadingMode dataRowLoadingMode, Boolean readingNotifications, Boolean isReadingPrependedMessage)
   at System.Runtime.CompilerServices.PoolingAsyncValueTaskMethodBuilder`1.StateMachineBox`1.System.Threading.Tasks.Sources.IValueTaskSource<TResult>.GetResult(Int16 token)
   at Npgsql.NpgsqlDataReader.NextResult(Boolean async, Boolean isConsuming, CancellationToken cancellationToken)
   at Npgsql.NpgsqlDataReader.NextResult(Boolean async, Boolean isConsuming, CancellationToken cancellationToken)
   at Npgsql.NpgsqlCommand.ExecuteReader(Boolean async, CommandBehavior behavior, CancellationToken cancellationToken)
   at Npgsql.NpgsqlCommand.ExecuteReader(Boolean async, CommandBehavior behavior, CancellationToken cancellationToken)
   at Npgsql.NpgsqlCommand.ExecuteDbDataReaderAsync(CommandBehavior behavior, CancellationToken cancellationToken)
   at Microsoft.EntityFrameworkCore.Storage.RelationalCommand.ExecuteReaderAsync(RelationalCommandParameterObject parameterObject, CancellationToken cancellationToken)
   at Microsoft.EntityFrameworkCore.Storage.RelationalCommand.ExecuteReaderAsync(RelationalCommandParameterObject parameterObject, CancellationToken cancellationToken)
   at Microsoft.EntityFrameworkCore.Update.ReaderModificationCommandBatch.ExecuteAsync(IRelationalConnection connection, CancellationToken cancellationToken)
  Exception data:
    Severity: ERROR
    SqlState: 23503
    MessageText: insert or update on table "CrmSupportTickets" violates foreign key constraint "FK_CrmSupportTickets_CrmCustomers_CustomerId"
    Detail: Detail redacted as it may contain sensitive data. Specify 'Include Error Detail' in the connection string to include this information.
    SchemaName: public
    TableName: CrmSupportTickets
    ConstraintName: FK_CrmSupportTickets_CrmCustomers_CustomerId
    File: ri_triggers.c
    Line: 2783
    Routine: ri_ReportViolation
   --- End of inner exception stack trace ---
   at Microsoft.EntityFrameworkCore.Update.ReaderModificationCommandBatch.ExecuteAsync(IRelationalConnection connection, CancellationToken cancellationToken)
   at Microsoft.EntityFrameworkCore.Update.Internal.BatchExecutor.ExecuteAsync(IEnumerable`1 commandBatches, IRelationalConnection connection, CancellationToken cancellationToken)
   at Microsoft.EntityFrameworkCore.Update.Internal.BatchExecutor.ExecuteAsync(IEnumerable`1 commandBatches, IRelationalConnection connection, CancellationToken cancellationToken)
   at Microsoft.EntityFrameworkCore.Update.Internal.BatchExecutor.ExecuteAsync(IEnumerable`1 commandBatches, IRelationalConnection connection, CancellationToken cancellationToken)
   at Microsoft.EntityFrameworkCore.Storage.RelationalDatabase.SaveChangesAsync(IList`1 entries, CancellationToken cancellationToken)
   at Microsoft.EntityFrameworkCore.ChangeTracking.Internal.StateManager.SaveChangesAsync(IList`1 entriesToSave, CancellationToken cancellationToken)
   at Microsoft.EntityFrameworkCore.ChangeTracking.Internal.StateManager.SaveChangesAsync(StateManager stateManager, Boolean acceptAllChangesOnSuccess, CancellationToken cancellationToken)
   at Npgsql.EntityFrameworkCore.PostgreSQL.Storage.Internal.NpgsqlExecutionStrategy.ExecuteAsync[TState,TResult](TState state, Func`4 operation, Func`4 verifySucceeded, CancellationToken cancellationToken)
   at Microsoft.EntityFrameworkCore.DbContext.SaveChangesAsync(Boolean acceptAllChangesOnSuccess, CancellationToken cancellationToken)
2026-07-06 12:30:06.189 +03:00 [ERR] Database migration or seed failed. Check PostgreSQL is running and ConnectionStrings:DefaultConnection is correct.
Microsoft.EntityFrameworkCore.DbUpdateException: An error occurred while saving the entity changes. See the inner exception for details.
 ---> Npgsql.PostgresException (0x80004005): 23503: insert or update on table "CrmSupportTickets" violates foreign key constraint "FK_CrmSupportTickets_CrmCustomers_CustomerId"

DETAIL: Detail redacted as it may contain sensitive data. Specify 'Include Error Detail' in the connection string to include this information.
   at Npgsql.Internal.NpgsqlConnector.ReadMessageLong(Boolean async, DataRowLoadingMode dataRowLoadingMode, Boolean readingNotifications, Boolean isReadingPrependedMessage)
   at System.Runtime.CompilerServices.PoolingAsyncValueTaskMethodBuilder`1.StateMachineBox`1.System.Threading.Tasks.Sources.IValueTaskSource<TResult>.GetResult(Int16 token)
   at Npgsql.NpgsqlDataReader.NextResult(Boolean async, Boolean isConsuming, CancellationToken cancellationToken)
   at Npgsql.NpgsqlDataReader.NextResult(Boolean async, Boolean isConsuming, CancellationToken cancellationToken)
   at Npgsql.NpgsqlCommand.ExecuteReader(Boolean async, CommandBehavior behavior, CancellationToken cancellationToken)
   at Npgsql.NpgsqlCommand.ExecuteReader(Boolean async, CommandBehavior behavior, CancellationToken cancellationToken)
   at Npgsql.NpgsqlCommand.ExecuteDbDataReaderAsync(CommandBehavior behavior, CancellationToken cancellationToken)
   at Microsoft.EntityFrameworkCore.Storage.RelationalCommand.ExecuteReaderAsync(RelationalCommandParameterObject parameterObject, CancellationToken cancellationToken)
   at Microsoft.EntityFrameworkCore.Storage.RelationalCommand.ExecuteReaderAsync(RelationalCommandParameterObject parameterObject, CancellationToken cancellationToken)
   at Microsoft.EntityFrameworkCore.Update.ReaderModificationCommandBatch.ExecuteAsync(IRelationalConnection connection, CancellationToken cancellationToken)
  Exception data:
    Severity: ERROR
    SqlState: 23503
    MessageText: insert or update on table "CrmSupportTickets" violates foreign key constraint "FK_CrmSupportTickets_CrmCustomers_CustomerId"
    Detail: Detail redacted as it may contain sensitive data. Specify 'Include Error Detail' in the connection string to include this information.
    SchemaName: public
    TableName: CrmSupportTickets
    ConstraintName: FK_CrmSupportTickets_CrmCustomers_CustomerId
    File: ri_triggers.c
    Line: 2783
    Routine: ri_ReportViolation
   --- End of inner exception stack trace ---
   at Microsoft.EntityFrameworkCore.Update.ReaderModificationCommandBatch.ExecuteAsync(IRelationalConnection connection, CancellationToken cancellationToken)
   at Microsoft.EntityFrameworkCore.Update.Internal.BatchExecutor.ExecuteAsync(IEnumerable`1 commandBatches, IRelationalConnection connection, CancellationToken cancellationToken)
   at Microsoft.EntityFrameworkCore.Update.Internal.BatchExecutor.ExecuteAsync(IEnumerable`1 commandBatches, IRelationalConnection connection, CancellationToken cancellationToken)
   at Microsoft.EntityFrameworkCore.Update.Internal.BatchExecutor.ExecuteAsync(IEnumerable`1 commandBatches, IRelationalConnection connection, CancellationToken cancellationToken)
   at Microsoft.EntityFrameworkCore.Storage.RelationalDatabase.SaveChangesAsync(IList`1 entries, CancellationToken cancellationToken)
   at Microsoft.EntityFrameworkCore.ChangeTracking.Internal.StateManager.SaveChangesAsync(IList`1 entriesToSave, CancellationToken cancellationToken)
   at Microsoft.EntityFrameworkCore.ChangeTracking.Internal.StateManager.SaveChangesAsync(StateManager stateManager, Boolean acceptAllChangesOnSuccess, CancellationToken cancellationToken)
   at Npgsql.EntityFrameworkCore.PostgreSQL.Storage.Internal.NpgsqlExecutionStrategy.ExecuteAsync[TState,TResult](TState state, Func`4 operation, Func`4 verifySucceeded, CancellationToken cancellationToken)
   at Microsoft.EntityFrameworkCore.DbContext.SaveChangesAsync(Boolean acceptAllChangesOnSuccess, CancellationToken cancellationToken)
   at Microsoft.EntityFrameworkCore.DbContext.SaveChangesAsync(Boolean acceptAllChangesOnSuccess, CancellationToken cancellationToken)
   at Biktal.Infrastructure.Persistence.CrmDataSeeder.SeedIfEmptyAsync(ApplicationDbContext db, CancellationToken cancellationToken)
   at Program.<Main>$(String[] args) in d:\Systems\BiktalSystems\Program.cs:line 71
2026-07-06 12:30:06.196 +03:00 [WRN] Continuing without a successful migration/seed. Auth and data pages may fail until the database is available.
2026-07-06 12:30:06.221 +03:00 [WRN] Using an in-memory repository. Keys will not be persisted to storage.
2026-07-06 12:30:06.222 +03:00 [WRN] Neither user profile nor HKLM registry available. Using an ephemeral key repository. Protected data will be unavailable when application exits.
2026-07-06 12:30:06.243 +03:00 [WRN] No XML encryptor configured. Key {200e1a24-5c84-45ca-beb0-78705a678a55} may be persisted to storage in unencrypted form.
2026-07-06 12:30:06.315 +03:00 [INF] Application started. Press Ctrl+C to shut down.
2026-07-06 12:30:06.315 +03:00 [INF] Hosting environment: Production
2026-07-06 12:30:06.315 +03:00 [INF] Content root path: D:\Systems\BiktalSystems\publish
2026-07-06 12:30:06.430 +03:00 [INF] HTTP POST /Repairs/CreateTicket responded 302 in 90.2850 ms
2026-07-06 12:30:06.430 +03:00 [INF] HTTP POST /Repairs/CreateTicket responded 302 in 90.2816 ms
2026-07-06 12:30:06.430 +03:00 [INF] HTTP POST /Repairs/CreateTicket responded 302 in 89.8241 ms
2026-07-06 12:30:06.578 +03:00 [ERR] An exception was thrown while deserializing the token.
Microsoft.AspNetCore.Antiforgery.AntiforgeryValidationException: The antiforgery token could not be decrypted.
 ---> System.Security.Cryptography.CryptographicException: The key {8e0cab2f-7076-43c9-b86d-d81adec91d92} was not found in the key ring. For more information go to https://aka.ms/aspnet/dataprotectionwarning
   at Microsoft.AspNetCore.DataProtection.KeyManagement.KeyRingBasedDataProtector.UnprotectCore(Byte[] protectedData, Boolean allowOperationsOnRevokedKeys, UnprotectStatus& status)
   at Microsoft.AspNetCore.DataProtection.KeyManagement.KeyRingBasedDataProtector.Unprotect(Byte[] protectedData)
   at Microsoft.AspNetCore.Antiforgery.DefaultAntiforgeryTokenSerializer.Deserialize(String serializedToken)
   --- End of inner exception stack trace ---
   at Microsoft.AspNetCore.Antiforgery.DefaultAntiforgeryTokenSerializer.Deserialize(String serializedToken)
   at Microsoft.AspNetCore.Antiforgery.DefaultAntiforgery.GetCookieTokenDoesNotThrow(HttpContext httpContext)
2026-07-06 12:30:06.676 +03:00 [INF] HTTP GET /Account/Login responded 200 in 228.3744 ms
2026-07-06 12:30:06.831 +03:00 [INF] HTTP GET /lib/jquery-validation/dist/jquery.validate.min.js responded 200 in 82.1445 ms
2026-07-06 12:30:06.831 +03:00 [INF] HTTP GET /Biktal.WebMVC.styles.css responded 200 in 86.7499 ms
2026-07-06 12:30:06.832 +03:00 [INF] HTTP GET /js/site.js responded 200 in 82.6254 ms
2026-07-06 12:30:06.832 +03:00 [INF] HTTP GET /css/site.css responded 200 in 89.5003 ms
2026-07-06 12:30:06.833 +03:00 [INF] HTTP GET /lib/jquery-validation-unobtrusive/dist/jquery.validate.unobtrusive.min.js responded 200 in 58.9724 ms
2026-07-06 12:30:06.833 +03:00 [INF] HTTP GET /lib/bootstrap/dist/css/bootstrap.min.css responded 200 in 93.4970 ms
2026-07-06 12:30:06.833 +03:00 [INF] HTTP GET /lib/jquery/dist/jquery.min.js responded 200 in 87.1020 ms
2026-07-06 12:30:06.833 +03:00 [INF] HTTP GET /lib/bootstrap/dist/js/bootstrap.bundle.min.js responded 200 in 85.6027 ms
2026-07-06 12:30:15.716 +03:00 [INF] HTTP POST /Account/Login responded 302 in 598.9115 ms
2026-07-06 12:30:15.728 +03:00 [INF] HTTP GET /Repairs/CreateTicket responded 405 in 5.7497 ms
2026-07-06 12:30:21.488 +03:00 [INF] HTTP GET /Repairs/CreateTicket responded 405 in 8.8730 ms
2026-07-06 12:30:25.080 +03:00 [INF] HTTP GET /Repairs/CreateTicket responded 405 in 39.9218 ms
2026-07-06 12:30:25.278 +03:00 [INF] HTTP GET /Repairs/CreateTicket responded 405 in 2.1083 ms
2026-07-06 12:50:51.362 +03:00 [INF] Application is shutting down...
2026-07-06 13:59:30.596 +03:00 [ERR] Failed executing DbCommand (7ms) [Parameters=[@p0='?' (DbType = Guid), @p1='?' (DbType = DateTime), @p2='?' (DbType = Guid), @p3='?', @p4='?' (DbType = DateTime), @p5='?' (DbType = Int32), @p6='?' (DbType = Int32), @p7='?', @p8='?', @p9='?' (DbType = Guid), @p10='?' (DbType = DateTime), @p11='?' (DbType = Guid), @p12='?', @p13='?' (DbType = DateTime), @p14='?' (DbType = Int32), @p15='?' (DbType = Int32), @p16='?', @p17='?'], CommandType='"Text"', CommandTimeout='30']
INSERT INTO "CrmSupportTickets" ("Id", "CreatedAtUtc", "CustomerId", "Description", "ModifiedAtUtc", "Priority", "Status", "Subject", "TicketNumber")
VALUES (@p0, @p1, @p2, @p3, @p4, @p5, @p6, @p7, @p8);
INSERT INTO "CrmSupportTickets" ("Id", "CreatedAtUtc", "CustomerId", "Description", "ModifiedAtUtc", "Priority", "Status", "Subject", "TicketNumber")
VALUES (@p9, @p10, @p11, @p12, @p13, @p14, @p15, @p16, @p17);
2026-07-06 13:59:30.671 +03:00 [ERR] An exception occurred in the database while saving changes for context type 'Biktal.Infrastructure.Persistence.ApplicationDbContext'.
Microsoft.EntityFrameworkCore.DbUpdateException: An error occurred while saving the entity changes. See the inner exception for details.
 ---> Npgsql.PostgresException (0x80004005): 23503: insert or update on table "CrmSupportTickets" violates foreign key constraint "FK_CrmSupportTickets_CrmCustomers_CustomerId"

DETAIL: Detail redacted as it may contain sensitive data. Specify 'Include Error Detail' in the connection string to include this information.
   at Npgsql.Internal.NpgsqlConnector.ReadMessageLong(Boolean async, DataRowLoadingMode dataRowLoadingMode, Boolean readingNotifications, Boolean isReadingPrependedMessage)
   at System.Runtime.CompilerServices.PoolingAsyncValueTaskMethodBuilder`1.StateMachineBox`1.System.Threading.Tasks.Sources.IValueTaskSource<TResult>.GetResult(Int16 token)
   at Npgsql.NpgsqlDataReader.NextResult(Boolean async, Boolean isConsuming, CancellationToken cancellationToken)
   at Npgsql.NpgsqlDataReader.NextResult(Boolean async, Boolean isConsuming, CancellationToken cancellationToken)
   at Npgsql.NpgsqlCommand.ExecuteReader(Boolean async, CommandBehavior behavior, CancellationToken cancellationToken)
   at Npgsql.NpgsqlCommand.ExecuteReader(Boolean async, CommandBehavior behavior, CancellationToken cancellationToken)
   at Npgsql.NpgsqlCommand.ExecuteDbDataReaderAsync(CommandBehavior behavior, CancellationToken cancellationToken)
   at Microsoft.EntityFrameworkCore.Storage.RelationalCommand.ExecuteReaderAsync(RelationalCommandParameterObject parameterObject, CancellationToken cancellationToken)
   at Microsoft.EntityFrameworkCore.Storage.RelationalCommand.ExecuteReaderAsync(RelationalCommandParameterObject parameterObject, CancellationToken cancellationToken)
   at Microsoft.EntityFrameworkCore.Update.ReaderModificationCommandBatch.ExecuteAsync(IRelationalConnection connection, CancellationToken cancellationToken)
  Exception data:
    Severity: ERROR
    SqlState: 23503
    MessageText: insert or update on table "CrmSupportTickets" violates foreign key constraint "FK_CrmSupportTickets_CrmCustomers_CustomerId"
    Detail: Detail redacted as it may contain sensitive data. Specify 'Include Error Detail' in the connection string to include this information.
    SchemaName: public
    TableName: CrmSupportTickets
    ConstraintName: FK_CrmSupportTickets_CrmCustomers_CustomerId
    File: ri_triggers.c
    Line: 2783
    Routine: ri_ReportViolation
   --- End of inner exception stack trace ---
   at Microsoft.EntityFrameworkCore.Update.ReaderModificationCommandBatch.ExecuteAsync(IRelationalConnection connection, CancellationToken cancellationToken)
   at Microsoft.EntityFrameworkCore.Update.Internal.BatchExecutor.ExecuteAsync(IEnumerable`1 commandBatches, IRelationalConnection connection, CancellationToken cancellationToken)
   at Microsoft.EntityFrameworkCore.Update.Internal.BatchExecutor.ExecuteAsync(IEnumerable`1 commandBatches, IRelationalConnection connection, CancellationToken cancellationToken)
   at Microsoft.EntityFrameworkCore.Update.Internal.BatchExecutor.ExecuteAsync(IEnumerable`1 commandBatches, IRelationalConnection connection, CancellationToken cancellationToken)
   at Microsoft.EntityFrameworkCore.Storage.RelationalDatabase.SaveChangesAsync(IList`1 entries, CancellationToken cancellationToken)
   at Microsoft.EntityFrameworkCore.ChangeTracking.Internal.StateManager.SaveChangesAsync(IList`1 entriesToSave, CancellationToken cancellationToken)
   at Microsoft.EntityFrameworkCore.ChangeTracking.Internal.StateManager.SaveChangesAsync(StateManager stateManager, Boolean acceptAllChangesOnSuccess, CancellationToken cancellationToken)
   at Npgsql.EntityFrameworkCore.PostgreSQL.Storage.Internal.NpgsqlExecutionStrategy.ExecuteAsync[TState,TResult](TState state, Func`4 operation, Func`4 verifySucceeded, CancellationToken cancellationToken)
   at Microsoft.EntityFrameworkCore.DbContext.SaveChangesAsync(Boolean acceptAllChangesOnSuccess, CancellationToken cancellationToken)
Microsoft.EntityFrameworkCore.DbUpdateException: An error occurred while saving the entity changes. See the inner exception for details.
 ---> Npgsql.PostgresException (0x80004005): 23503: insert or update on table "CrmSupportTickets" violates foreign key constraint "FK_CrmSupportTickets_CrmCustomers_CustomerId"

DETAIL: Detail redacted as it may contain sensitive data. Specify 'Include Error Detail' in the connection string to include this information.
   at Npgsql.Internal.NpgsqlConnector.ReadMessageLong(Boolean async, DataRowLoadingMode dataRowLoadingMode, Boolean readingNotifications, Boolean isReadingPrependedMessage)
   at System.Runtime.CompilerServices.PoolingAsyncValueTaskMethodBuilder`1.StateMachineBox`1.System.Threading.Tasks.Sources.IValueTaskSource<TResult>.GetResult(Int16 token)
   at Npgsql.NpgsqlDataReader.NextResult(Boolean async, Boolean isConsuming, CancellationToken cancellationToken)
   at Npgsql.NpgsqlDataReader.NextResult(Boolean async, Boolean isConsuming, CancellationToken cancellationToken)
   at Npgsql.NpgsqlCommand.ExecuteReader(Boolean async, CommandBehavior behavior, CancellationToken cancellationToken)
   at Npgsql.NpgsqlCommand.ExecuteReader(Boolean async, CommandBehavior behavior, CancellationToken cancellationToken)
   at Npgsql.NpgsqlCommand.ExecuteDbDataReaderAsync(CommandBehavior behavior, CancellationToken cancellationToken)
   at Microsoft.EntityFrameworkCore.Storage.RelationalCommand.ExecuteReaderAsync(RelationalCommandParameterObject parameterObject, CancellationToken cancellationToken)
   at Microsoft.EntityFrameworkCore.Storage.RelationalCommand.ExecuteReaderAsync(RelationalCommandParameterObject parameterObject, CancellationToken cancellationToken)
   at Microsoft.EntityFrameworkCore.Update.ReaderModificationCommandBatch.ExecuteAsync(IRelationalConnection connection, CancellationToken cancellationToken)
  Exception data:
    Severity: ERROR
    SqlState: 23503
    MessageText: insert or update on table "CrmSupportTickets" violates foreign key constraint "FK_CrmSupportTickets_CrmCustomers_CustomerId"
    Detail: Detail redacted as it may contain sensitive data. Specify 'Include Error Detail' in the connection string to include this information.
    SchemaName: public
    TableName: CrmSupportTickets
    ConstraintName: FK_CrmSupportTickets_CrmCustomers_CustomerId
    File: ri_triggers.c
    Line: 2783
    Routine: ri_ReportViolation
   --- End of inner exception stack trace ---
   at Microsoft.EntityFrameworkCore.Update.ReaderModificationCommandBatch.ExecuteAsync(IRelationalConnection connection, CancellationToken cancellationToken)
   at Microsoft.EntityFrameworkCore.Update.Internal.BatchExecutor.ExecuteAsync(IEnumerable`1 commandBatches, IRelationalConnection connection, CancellationToken cancellationToken)
   at Microsoft.EntityFrameworkCore.Update.Internal.BatchExecutor.ExecuteAsync(IEnumerable`1 commandBatches, IRelationalConnection connection, CancellationToken cancellationToken)
   at Microsoft.EntityFrameworkCore.Update.Internal.BatchExecutor.ExecuteAsync(IEnumerable`1 commandBatches, IRelationalConnection connection, CancellationToken cancellationToken)
   at Microsoft.EntityFrameworkCore.Storage.RelationalDatabase.SaveChangesAsync(IList`1 entries, CancellationToken cancellationToken)
   at Microsoft.EntityFrameworkCore.ChangeTracking.Internal.StateManager.SaveChangesAsync(IList`1 entriesToSave, CancellationToken cancellationToken)
   at Microsoft.EntityFrameworkCore.ChangeTracking.Internal.StateManager.SaveChangesAsync(StateManager stateManager, Boolean acceptAllChangesOnSuccess, CancellationToken cancellationToken)
   at Npgsql.EntityFrameworkCore.PostgreSQL.Storage.Internal.NpgsqlExecutionStrategy.ExecuteAsync[TState,TResult](TState state, Func`4 operation, Func`4 verifySucceeded, CancellationToken cancellationToken)
   at Microsoft.EntityFrameworkCore.DbContext.SaveChangesAsync(Boolean acceptAllChangesOnSuccess, CancellationToken cancellationToken)
2026-07-06 13:59:30.676 +03:00 [ERR] Database migration or seed failed. Check PostgreSQL is running and ConnectionStrings:DefaultConnection is correct.
Microsoft.EntityFrameworkCore.DbUpdateException: An error occurred while saving the entity changes. See the inner exception for details.
 ---> Npgsql.PostgresException (0x80004005): 23503: insert or update on table "CrmSupportTickets" violates foreign key constraint "FK_CrmSupportTickets_CrmCustomers_CustomerId"

DETAIL: Detail redacted as it may contain sensitive data. Specify 'Include Error Detail' in the connection string to include this information.
   at Npgsql.Internal.NpgsqlConnector.ReadMessageLong(Boolean async, DataRowLoadingMode dataRowLoadingMode, Boolean readingNotifications, Boolean isReadingPrependedMessage)
   at System.Runtime.CompilerServices.PoolingAsyncValueTaskMethodBuilder`1.StateMachineBox`1.System.Threading.Tasks.Sources.IValueTaskSource<TResult>.GetResult(Int16 token)
   at Npgsql.NpgsqlDataReader.NextResult(Boolean async, Boolean isConsuming, CancellationToken cancellationToken)
   at Npgsql.NpgsqlDataReader.NextResult(Boolean async, Boolean isConsuming, CancellationToken cancellationToken)
   at Npgsql.NpgsqlCommand.ExecuteReader(Boolean async, CommandBehavior behavior, CancellationToken cancellationToken)
   at Npgsql.NpgsqlCommand.ExecuteReader(Boolean async, CommandBehavior behavior, CancellationToken cancellationToken)
   at Npgsql.NpgsqlCommand.ExecuteDbDataReaderAsync(CommandBehavior behavior, CancellationToken cancellationToken)
   at Microsoft.EntityFrameworkCore.Storage.RelationalCommand.ExecuteReaderAsync(RelationalCommandParameterObject parameterObject, CancellationToken cancellationToken)
   at Microsoft.EntityFrameworkCore.Storage.RelationalCommand.ExecuteReaderAsync(RelationalCommandParameterObject parameterObject, CancellationToken cancellationToken)
   at Microsoft.EntityFrameworkCore.Update.ReaderModificationCommandBatch.ExecuteAsync(IRelationalConnection connection, CancellationToken cancellationToken)
  Exception data:
    Severity: ERROR
    SqlState: 23503
    MessageText: insert or update on table "CrmSupportTickets" violates foreign key constraint "FK_CrmSupportTickets_CrmCustomers_CustomerId"
    Detail: Detail redacted as it may contain sensitive data. Specify 'Include Error Detail' in the connection string to include this information.
    SchemaName: public
    TableName: CrmSupportTickets
    ConstraintName: FK_CrmSupportTickets_CrmCustomers_CustomerId
    File: ri_triggers.c
    Line: 2783
    Routine: ri_ReportViolation
   --- End of inner exception stack trace ---
   at Microsoft.EntityFrameworkCore.Update.ReaderModificationCommandBatch.ExecuteAsync(IRelationalConnection connection, CancellationToken cancellationToken)
   at Microsoft.EntityFrameworkCore.Update.Internal.BatchExecutor.ExecuteAsync(IEnumerable`1 commandBatches, IRelationalConnection connection, CancellationToken cancellationToken)
   at Microsoft.EntityFrameworkCore.Update.Internal.BatchExecutor.ExecuteAsync(IEnumerable`1 commandBatches, IRelationalConnection connection, CancellationToken cancellationToken)
   at Microsoft.EntityFrameworkCore.Update.Internal.BatchExecutor.ExecuteAsync(IEnumerable`1 commandBatches, IRelationalConnection connection, CancellationToken cancellationToken)
   at Microsoft.EntityFrameworkCore.Storage.RelationalDatabase.SaveChangesAsync(IList`1 entries, CancellationToken cancellationToken)
   at Microsoft.EntityFrameworkCore.ChangeTracking.Internal.StateManager.SaveChangesAsync(IList`1 entriesToSave, CancellationToken cancellationToken)
   at Microsoft.EntityFrameworkCore.ChangeTracking.Internal.StateManager.SaveChangesAsync(StateManager stateManager, Boolean acceptAllChangesOnSuccess, CancellationToken cancellationToken)
   at Npgsql.EntityFrameworkCore.PostgreSQL.Storage.Internal.NpgsqlExecutionStrategy.ExecuteAsync[TState,TResult](TState state, Func`4 operation, Func`4 verifySucceeded, CancellationToken cancellationToken)
   at Microsoft.EntityFrameworkCore.DbContext.SaveChangesAsync(Boolean acceptAllChangesOnSuccess, CancellationToken cancellationToken)
   at Microsoft.EntityFrameworkCore.DbContext.SaveChangesAsync(Boolean acceptAllChangesOnSuccess, CancellationToken cancellationToken)
   at Biktal.Infrastructure.Persistence.CrmDataSeeder.SeedIfEmptyAsync(ApplicationDbContext db, CancellationToken cancellationToken)
   at Program.<Main>$(String[] args) in d:\Systems\BiktalSystems\Program.cs:line 71
2026-07-06 13:59:30.682 +03:00 [WRN] Continuing without a successful migration/seed. Auth and data pages may fail until the database is available.
2026-07-06 13:59:30.707 +03:00 [WRN] Using an in-memory repository. Keys will not be persisted to storage.
2026-07-06 13:59:30.708 +03:00 [WRN] Neither user profile nor HKLM registry available. Using an ephemeral key repository. Protected data will be unavailable when application exits.
2026-07-06 13:59:30.726 +03:00 [WRN] No XML encryptor configured. Key {2b14798d-c447-444b-bc3c-8e2cd566f4e5} may be persisted to storage in unencrypted form.
2026-07-06 13:59:30.776 +03:00 [INF] Application started. Press Ctrl+C to shut down.
2026-07-06 13:59:30.776 +03:00 [INF] Hosting environment: Production
2026-07-06 13:59:30.776 +03:00 [INF] Content root path: D:\Systems\BiktalSystems\publish
2026-07-06 13:59:30.989 +03:00 [ERR] An exception was thrown while deserializing the token.
Microsoft.AspNetCore.Antiforgery.AntiforgeryValidationException: The antiforgery token could not be decrypted.
 ---> System.Security.Cryptography.CryptographicException: The key {200e1a24-5c84-45ca-beb0-78705a678a55} was not found in the key ring. For more information go to https://aka.ms/aspnet/dataprotectionwarning
   at Microsoft.AspNetCore.DataProtection.KeyManagement.KeyRingBasedDataProtector.UnprotectCore(Byte[] protectedData, Boolean allowOperationsOnRevokedKeys, UnprotectStatus& status)
   at Microsoft.AspNetCore.DataProtection.KeyManagement.KeyRingBasedDataProtector.Unprotect(Byte[] protectedData)
   at Microsoft.AspNetCore.Antiforgery.DefaultAntiforgeryTokenSerializer.Deserialize(String serializedToken)
   --- End of inner exception stack trace ---
   at Microsoft.AspNetCore.Antiforgery.DefaultAntiforgeryTokenSerializer.Deserialize(String serializedToken)
   at Microsoft.AspNetCore.Antiforgery.DefaultAntiforgery.GetCookieTokenDoesNotThrow(HttpContext httpContext)
2026-07-06 13:59:31.138 +03:00 [INF] HTTP GET /Account/Login responded 200 in 303.9253 ms
2026-07-06 13:59:31.343 +03:00 [INF] HTTP GET /Biktal.WebMVC.styles.css responded 200 in 115.7086 ms
2026-07-06 13:59:31.343 +03:00 [INF] HTTP GET /lib/jquery-validation-unobtrusive/dist/jquery.validate.unobtrusive.min.js responded 200 in 96.9771 ms
2026-07-06 13:59:31.344 +03:00 [INF] HTTP GET /css/site.css responded 200 in 136.5587 ms
2026-07-06 13:59:31.344 +03:00 [INF] HTTP GET /lib/jquery-validation/dist/jquery.validate.min.js responded 200 in 97.9868 ms
2026-07-06 13:59:31.346 +03:00 [INF] HTTP GET /lib/bootstrap/dist/css/bootstrap.min.css responded 200 in 115.5782 ms
2026-07-06 13:59:31.346 +03:00 [INF] HTTP GET /lib/bootstrap/dist/js/bootstrap.bundle.min.js responded 200 in 114.0959 ms
2026-07-06 13:59:31.349 +03:00 [INF] HTTP GET /lib/jquery/dist/jquery.min.js responded 200 in 67.2393 ms
2026-07-06 13:59:31.346 +03:00 [INF] HTTP GET /js/site.js responded 200 in 114.1476 ms
2026-07-06 13:59:38.908 +03:00 [INF] HTTP POST /Account/Login responded 302 in 583.1453 ms
2026-07-06 13:59:39.407 +03:00 [INF] HTTP GET /css/site.css responded 200 in 15.2239 ms
2026-07-06 13:59:39.409 +03:00 [INF] HTTP GET /Inventory/Products responded 200 in 494.4170 ms
2026-07-06 13:59:39.445 +03:00 [INF] HTTP GET /Biktal.WebMVC.styles.css responded 200 in 32.6978 ms
2026-07-06 13:59:39.446 +03:00 [INF] HTTP GET /lib/bootstrap/dist/css/bootstrap.min.css responded 200 in 38.4747 ms
2026-07-06 13:59:40.280 +03:00 [INF] HTTP GET /lib/jquery/dist/jquery.min.js responded 304 in 29.6746 ms
2026-07-06 13:59:40.300 +03:00 [INF] HTTP GET /lib/jquery-validation/dist/jquery.validate.min.js responded 304 in 19.7009 ms
2026-07-06 13:59:40.300 +03:00 [INF] HTTP GET /js/site.js responded 304 in 19.8554 ms
2026-07-06 13:59:40.300 +03:00 [INF] HTTP GET /js/products-catalog-filter.js responded 200 in 11.3495 ms
2026-07-06 13:59:40.314 +03:00 [INF] HTTP GET /lib/jquery-validation-unobtrusive/dist/jquery.validate.unobtrusive.min.js responded 304 in 13.4605 ms
2026-07-06 13:59:40.397 +03:00 [INF] HTTP GET /lib/bootstrap/dist/js/bootstrap.bundle.min.js responded 304 in 116.6261 ms
2026-07-06 14:19:57.747 +03:00 [INF] Application is shutting down...
2026-07-06 15:25:44.875 +03:00 [ERR] Failed executing DbCommand (6ms) [Parameters=[@p0='?' (DbType = Guid), @p1='?' (DbType = DateTime), @p2='?' (DbType = Guid), @p3='?', @p4='?' (DbType = DateTime), @p5='?' (DbType = Int32), @p6='?' (DbType = Int32), @p7='?', @p8='?', @p9='?' (DbType = Guid), @p10='?' (DbType = DateTime), @p11='?' (DbType = Guid), @p12='?', @p13='?' (DbType = DateTime), @p14='?' (DbType = Int32), @p15='?' (DbType = Int32), @p16='?', @p17='?'], CommandType='"Text"', CommandTimeout='30']
INSERT INTO "CrmSupportTickets" ("Id", "CreatedAtUtc", "CustomerId", "Description", "ModifiedAtUtc", "Priority", "Status", "Subject", "TicketNumber")
VALUES (@p0, @p1, @p2, @p3, @p4, @p5, @p6, @p7, @p8);
INSERT INTO "CrmSupportTickets" ("Id", "CreatedAtUtc", "CustomerId", "Description", "ModifiedAtUtc", "Priority", "Status", "Subject", "TicketNumber")
VALUES (@p9, @p10, @p11, @p12, @p13, @p14, @p15, @p16, @p17);
2026-07-06 15:25:44.949 +03:00 [ERR] An exception occurred in the database while saving changes for context type 'Biktal.Infrastructure.Persistence.ApplicationDbContext'.
Microsoft.EntityFrameworkCore.DbUpdateException: An error occurred while saving the entity changes. See the inner exception for details.
 ---> Npgsql.PostgresException (0x80004005): 23503: insert or update on table "CrmSupportTickets" violates foreign key constraint "FK_CrmSupportTickets_CrmCustomers_CustomerId"

DETAIL: Detail redacted as it may contain sensitive data. Specify 'Include Error Detail' in the connection string to include this information.
   at Npgsql.Internal.NpgsqlConnector.ReadMessageLong(Boolean async, DataRowLoadingMode dataRowLoadingMode, Boolean readingNotifications, Boolean isReadingPrependedMessage)
   at System.Runtime.CompilerServices.PoolingAsyncValueTaskMethodBuilder`1.StateMachineBox`1.System.Threading.Tasks.Sources.IValueTaskSource<TResult>.GetResult(Int16 token)
   at Npgsql.NpgsqlDataReader.NextResult(Boolean async, Boolean isConsuming, CancellationToken cancellationToken)
   at Npgsql.NpgsqlDataReader.NextResult(Boolean async, Boolean isConsuming, CancellationToken cancellationToken)
   at Npgsql.NpgsqlCommand.ExecuteReader(Boolean async, CommandBehavior behavior, CancellationToken cancellationToken)
   at Npgsql.NpgsqlCommand.ExecuteReader(Boolean async, CommandBehavior behavior, CancellationToken cancellationToken)
   at Npgsql.NpgsqlCommand.ExecuteDbDataReaderAsync(CommandBehavior behavior, CancellationToken cancellationToken)
   at Microsoft.EntityFrameworkCore.Storage.RelationalCommand.ExecuteReaderAsync(RelationalCommandParameterObject parameterObject, CancellationToken cancellationToken)
   at Microsoft.EntityFrameworkCore.Storage.RelationalCommand.ExecuteReaderAsync(RelationalCommandParameterObject parameterObject, CancellationToken cancellationToken)
   at Microsoft.EntityFrameworkCore.Update.ReaderModificationCommandBatch.ExecuteAsync(IRelationalConnection connection, CancellationToken cancellationToken)
  Exception data:
    Severity: ERROR
    SqlState: 23503
    MessageText: insert or update on table "CrmSupportTickets" violates foreign key constraint "FK_CrmSupportTickets_CrmCustomers_CustomerId"
    Detail: Detail redacted as it may contain sensitive data. Specify 'Include Error Detail' in the connection string to include this information.
    SchemaName: public
    TableName: CrmSupportTickets
    ConstraintName: FK_CrmSupportTickets_CrmCustomers_CustomerId
    File: ri_triggers.c
    Line: 2783
    Routine: ri_ReportViolation
   --- End of inner exception stack trace ---
   at Microsoft.EntityFrameworkCore.Update.ReaderModificationCommandBatch.ExecuteAsync(IRelationalConnection connection, CancellationToken cancellationToken)
   at Microsoft.EntityFrameworkCore.Update.Internal.BatchExecutor.ExecuteAsync(IEnumerable`1 commandBatches, IRelationalConnection connection, CancellationToken cancellationToken)
   at Microsoft.EntityFrameworkCore.Update.Internal.BatchExecutor.ExecuteAsync(IEnumerable`1 commandBatches, IRelationalConnection connection, CancellationToken cancellationToken)
   at Microsoft.EntityFrameworkCore.Update.Internal.BatchExecutor.ExecuteAsync(IEnumerable`1 commandBatches, IRelationalConnection connection, CancellationToken cancellationToken)
   at Microsoft.EntityFrameworkCore.Storage.RelationalDatabase.SaveChangesAsync(IList`1 entries, CancellationToken cancellationToken)
   at Microsoft.EntityFrameworkCore.ChangeTracking.Internal.StateManager.SaveChangesAsync(IList`1 entriesToSave, CancellationToken cancellationToken)
   at Microsoft.EntityFrameworkCore.ChangeTracking.Internal.StateManager.SaveChangesAsync(StateManager stateManager, Boolean acceptAllChangesOnSuccess, CancellationToken cancellationToken)
   at Npgsql.EntityFrameworkCore.PostgreSQL.Storage.Internal.NpgsqlExecutionStrategy.ExecuteAsync[TState,TResult](TState state, Func`4 operation, Func`4 verifySucceeded, CancellationToken cancellationToken)
   at Microsoft.EntityFrameworkCore.DbContext.SaveChangesAsync(Boolean acceptAllChangesOnSuccess, CancellationToken cancellationToken)
Microsoft.EntityFrameworkCore.DbUpdateException: An error occurred while saving the entity changes. See the inner exception for details.
 ---> Npgsql.PostgresException (0x80004005): 23503: insert or update on table "CrmSupportTickets" violates foreign key constraint "FK_CrmSupportTickets_CrmCustomers_CustomerId"

DETAIL: Detail redacted as it may contain sensitive data. Specify 'Include Error Detail' in the connection string to include this information.
   at Npgsql.Internal.NpgsqlConnector.ReadMessageLong(Boolean async, DataRowLoadingMode dataRowLoadingMode, Boolean readingNotifications, Boolean isReadingPrependedMessage)
   at System.Runtime.CompilerServices.PoolingAsyncValueTaskMethodBuilder`1.StateMachineBox`1.System.Threading.Tasks.Sources.IValueTaskSource<TResult>.GetResult(Int16 token)
   at Npgsql.NpgsqlDataReader.NextResult(Boolean async, Boolean isConsuming, CancellationToken cancellationToken)
   at Npgsql.NpgsqlDataReader.NextResult(Boolean async, Boolean isConsuming, CancellationToken cancellationToken)
   at Npgsql.NpgsqlCommand.ExecuteReader(Boolean async, CommandBehavior behavior, CancellationToken cancellationToken)
   at Npgsql.NpgsqlCommand.ExecuteReader(Boolean async, CommandBehavior behavior, CancellationToken cancellationToken)
   at Npgsql.NpgsqlCommand.ExecuteDbDataReaderAsync(CommandBehavior behavior, CancellationToken cancellationToken)
   at Microsoft.EntityFrameworkCore.Storage.RelationalCommand.ExecuteReaderAsync(RelationalCommandParameterObject parameterObject, CancellationToken cancellationToken)
   at Microsoft.EntityFrameworkCore.Storage.RelationalCommand.ExecuteReaderAsync(RelationalCommandParameterObject parameterObject, CancellationToken cancellationToken)
   at Microsoft.EntityFrameworkCore.Update.ReaderModificationCommandBatch.ExecuteAsync(IRelationalConnection connection, CancellationToken cancellationToken)
  Exception data:
    Severity: ERROR
    SqlState: 23503
    MessageText: insert or update on table "CrmSupportTickets" violates foreign key constraint "FK_CrmSupportTickets_CrmCustomers_CustomerId"
    Detail: Detail redacted as it may contain sensitive data. Specify 'Include Error Detail' in the connection string to include this information.
    SchemaName: public
    TableName: CrmSupportTickets
    ConstraintName: FK_CrmSupportTickets_CrmCustomers_CustomerId
    File: ri_triggers.c
    Line: 2783
    Routine: ri_ReportViolation
   --- End of inner exception stack trace ---
   at Microsoft.EntityFrameworkCore.Update.ReaderModificationCommandBatch.ExecuteAsync(IRelationalConnection connection, CancellationToken cancellationToken)
   at Microsoft.EntityFrameworkCore.Update.Internal.BatchExecutor.ExecuteAsync(IEnumerable`1 commandBatches, IRelationalConnection connection, CancellationToken cancellationToken)
   at Microsoft.EntityFrameworkCore.Update.Internal.BatchExecutor.ExecuteAsync(IEnumerable`1 commandBatches, IRelationalConnection connection, CancellationToken cancellationToken)
   at Microsoft.EntityFrameworkCore.Update.Internal.BatchExecutor.ExecuteAsync(IEnumerable`1 commandBatches, IRelationalConnection connection, CancellationToken cancellationToken)
   at Microsoft.EntityFrameworkCore.Storage.RelationalDatabase.SaveChangesAsync(IList`1 entries, CancellationToken cancellationToken)
   at Microsoft.EntityFrameworkCore.ChangeTracking.Internal.StateManager.SaveChangesAsync(IList`1 entriesToSave, CancellationToken cancellationToken)
   at Microsoft.EntityFrameworkCore.ChangeTracking.Internal.StateManager.SaveChangesAsync(StateManager stateManager, Boolean acceptAllChangesOnSuccess, CancellationToken cancellationToken)
   at Npgsql.EntityFrameworkCore.PostgreSQL.Storage.Internal.NpgsqlExecutionStrategy.ExecuteAsync[TState,TResult](TState state, Func`4 operation, Func`4 verifySucceeded, CancellationToken cancellationToken)
   at Microsoft.EntityFrameworkCore.DbContext.SaveChangesAsync(Boolean acceptAllChangesOnSuccess, CancellationToken cancellationToken)
2026-07-06 15:25:44.954 +03:00 [ERR] Database migration or seed failed. Check PostgreSQL is running and ConnectionStrings:DefaultConnection is correct.
Microsoft.EntityFrameworkCore.DbUpdateException: An error occurred while saving the entity changes. See the inner exception for details.
 ---> Npgsql.PostgresException (0x80004005): 23503: insert or update on table "CrmSupportTickets" violates foreign key constraint "FK_CrmSupportTickets_CrmCustomers_CustomerId"

DETAIL: Detail redacted as it may contain sensitive data. Specify 'Include Error Detail' in the connection string to include this information.
   at Npgsql.Internal.NpgsqlConnector.ReadMessageLong(Boolean async, DataRowLoadingMode dataRowLoadingMode, Boolean readingNotifications, Boolean isReadingPrependedMessage)
   at System.Runtime.CompilerServices.PoolingAsyncValueTaskMethodBuilder`1.StateMachineBox`1.System.Threading.Tasks.Sources.IValueTaskSource<TResult>.GetResult(Int16 token)
   at Npgsql.NpgsqlDataReader.NextResult(Boolean async, Boolean isConsuming, CancellationToken cancellationToken)
   at Npgsql.NpgsqlDataReader.NextResult(Boolean async, Boolean isConsuming, CancellationToken cancellationToken)
   at Npgsql.NpgsqlCommand.ExecuteReader(Boolean async, CommandBehavior behavior, CancellationToken cancellationToken)
   at Npgsql.NpgsqlCommand.ExecuteReader(Boolean async, CommandBehavior behavior, CancellationToken cancellationToken)
   at Npgsql.NpgsqlCommand.ExecuteDbDataReaderAsync(CommandBehavior behavior, CancellationToken cancellationToken)
   at Microsoft.EntityFrameworkCore.Storage.RelationalCommand.ExecuteReaderAsync(RelationalCommandParameterObject parameterObject, CancellationToken cancellationToken)
   at Microsoft.EntityFrameworkCore.Storage.RelationalCommand.ExecuteReaderAsync(RelationalCommandParameterObject parameterObject, CancellationToken cancellationToken)
   at Microsoft.EntityFrameworkCore.Update.ReaderModificationCommandBatch.ExecuteAsync(IRelationalConnection connection, CancellationToken cancellationToken)
  Exception data:
    Severity: ERROR
    SqlState: 23503
    MessageText: insert or update on table "CrmSupportTickets" violates foreign key constraint "FK_CrmSupportTickets_CrmCustomers_CustomerId"
    Detail: Detail redacted as it may contain sensitive data. Specify 'Include Error Detail' in the connection string to include this information.
    SchemaName: public
    TableName: CrmSupportTickets
    ConstraintName: FK_CrmSupportTickets_CrmCustomers_CustomerId
    File: ri_triggers.c
    Line: 2783
    Routine: ri_ReportViolation
   --- End of inner exception stack trace ---
   at Microsoft.EntityFrameworkCore.Update.ReaderModificationCommandBatch.ExecuteAsync(IRelationalConnection connection, CancellationToken cancellationToken)
   at Microsoft.EntityFrameworkCore.Update.Internal.BatchExecutor.ExecuteAsync(IEnumerable`1 commandBatches, IRelationalConnection connection, CancellationToken cancellationToken)
   at Microsoft.EntityFrameworkCore.Update.Internal.BatchExecutor.ExecuteAsync(IEnumerable`1 commandBatches, IRelationalConnection connection, CancellationToken cancellationToken)
   at Microsoft.EntityFrameworkCore.Update.Internal.BatchExecutor.ExecuteAsync(IEnumerable`1 commandBatches, IRelationalConnection connection, CancellationToken cancellationToken)
   at Microsoft.EntityFrameworkCore.Storage.RelationalDatabase.SaveChangesAsync(IList`1 entries, CancellationToken cancellationToken)
   at Microsoft.EntityFrameworkCore.ChangeTracking.Internal.StateManager.SaveChangesAsync(IList`1 entriesToSave, CancellationToken cancellationToken)
   at Microsoft.EntityFrameworkCore.ChangeTracking.Internal.StateManager.SaveChangesAsync(StateManager stateManager, Boolean acceptAllChangesOnSuccess, CancellationToken cancellationToken)
   at Npgsql.EntityFrameworkCore.PostgreSQL.Storage.Internal.NpgsqlExecutionStrategy.ExecuteAsync[TState,TResult](TState state, Func`4 operation, Func`4 verifySucceeded, CancellationToken cancellationToken)
   at Microsoft.EntityFrameworkCore.DbContext.SaveChangesAsync(Boolean acceptAllChangesOnSuccess, CancellationToken cancellationToken)
   at Microsoft.EntityFrameworkCore.DbContext.SaveChangesAsync(Boolean acceptAllChangesOnSuccess, CancellationToken cancellationToken)
   at Biktal.Infrastructure.Persistence.CrmDataSeeder.SeedIfEmptyAsync(ApplicationDbContext db, CancellationToken cancellationToken)
   at Program.<Main>$(String[] args) in d:\Systems\BiktalSystems\Program.cs:line 71
2026-07-06 15:25:44.960 +03:00 [WRN] Continuing without a successful migration/seed. Auth and data pages may fail until the database is available.
2026-07-06 15:25:44.985 +03:00 [WRN] Using an in-memory repository. Keys will not be persisted to storage.
2026-07-06 15:25:44.985 +03:00 [WRN] Neither user profile nor HKLM registry available. Using an ephemeral key repository. Protected data will be unavailable when application exits.
2026-07-06 15:25:45.004 +03:00 [WRN] No XML encryptor configured. Key {1fa2f634-9a8b-4f2d-b2a6-5eb5a44be713} may be persisted to storage in unencrypted form.
2026-07-06 15:25:45.053 +03:00 [INF] Application started. Press Ctrl+C to shut down.
2026-07-06 15:25:45.053 +03:00 [INF] Hosting environment: Production
2026-07-06 15:25:45.053 +03:00 [INF] Content root path: D:\Systems\BiktalSystems\publish
2026-07-06 15:25:45.165 +03:00 [INF] HTTP POST /Inventory/AddProduct responded 302 in 89.7974 ms
2026-07-06 15:25:45.314 +03:00 [ERR] An exception was thrown while deserializing the token.
Microsoft.AspNetCore.Antiforgery.AntiforgeryValidationException: The antiforgery token could not be decrypted.
 ---> System.Security.Cryptography.CryptographicException: The key {2b14798d-c447-444b-bc3c-8e2cd566f4e5} was not found in the key ring. For more information go to https://aka.ms/aspnet/dataprotectionwarning
   at Microsoft.AspNetCore.DataProtection.KeyManagement.KeyRingBasedDataProtector.UnprotectCore(Byte[] protectedData, Boolean allowOperationsOnRevokedKeys, UnprotectStatus& status)
   at Microsoft.AspNetCore.DataProtection.KeyManagement.KeyRingBasedDataProtector.Unprotect(Byte[] protectedData)
   at Microsoft.AspNetCore.Antiforgery.DefaultAntiforgeryTokenSerializer.Deserialize(String serializedToken)
   --- End of inner exception stack trace ---
   at Microsoft.AspNetCore.Antiforgery.DefaultAntiforgeryTokenSerializer.Deserialize(String serializedToken)
   at Microsoft.AspNetCore.Antiforgery.DefaultAntiforgery.GetCookieTokenDoesNotThrow(HttpContext httpContext)
2026-07-06 15:25:45.413 +03:00 [INF] HTTP GET /Account/Login responded 200 in 229.9862 ms
2026-07-06 15:25:45.597 +03:00 [INF] HTTP GET /lib/jquery-validation/dist/jquery.validate.min.js responded 200 in 90.3402 ms
2026-07-06 15:25:45.597 +03:00 [INF] HTTP GET /Biktal.WebMVC.styles.css responded 200 in 97.7351 ms
2026-07-06 15:25:45.597 +03:00 [INF] HTTP GET /lib/jquery-validation-unobtrusive/dist/jquery.validate.unobtrusive.min.js responded 200 in 64.8168 ms
2026-07-06 15:25:45.597 +03:00 [INF] HTTP GET /css/site.css responded 200 in 98.2419 ms
2026-07-06 15:25:45.599 +03:00 [INF] HTTP GET /lib/bootstrap/dist/css/bootstrap.min.css responded 200 in 98.5774 ms
2026-07-06 15:25:45.599 +03:00 [INF] HTTP GET /lib/bootstrap/dist/js/bootstrap.bundle.min.js responded 200 in 92.7044 ms
2026-07-06 15:25:45.599 +03:00 [INF] HTTP GET /js/site.js responded 200 in 93.2075 ms
2026-07-06 15:25:45.601 +03:00 [INF] HTTP GET /lib/jquery/dist/jquery.min.js responded 200 in 95.3022 ms
2026-07-06 15:25:54.912 +03:00 [INF] HTTP POST /Account/Login responded 302 in 532.1749 ms
2026-07-06 15:25:54.932 +03:00 [INF] HTTP GET /Inventory/AddProduct responded 405 in 13.5582 ms
2026-07-06 15:25:56.317 +03:00 [INF] HTTP GET /Inventory/AddProduct responded 405 in 6.1705 ms
2026-07-06 15:25:59.744 +03:00 [INF] HTTP GET /Account/Login responded 200 in 60.5784 ms
2026-07-06 15:25:59.780 +03:00 [INF] HTTP GET /lib/bootstrap/dist/css/bootstrap.min.css responded 200 in 7.6993 ms
2026-07-06 15:26:00.283 +03:00 [INF] HTTP GET /Biktal.WebMVC.styles.css responded 200 in 1.4957 ms
2026-07-06 15:26:00.286 +03:00 [INF] HTTP GET /css/site.css responded 200 in 4.5985 ms
2026-07-06 15:26:00.313 +03:00 [INF] HTTP GET /lib/jquery/dist/jquery.min.js responded 200 in 20.8585 ms
2026-07-06 15:26:00.345 +03:00 [INF] HTTP GET /js/site.js responded 200 in 20.7540 ms
2026-07-06 15:26:00.373 +03:00 [INF] HTTP GET /lib/jquery-validation/dist/jquery.validate.min.js responded 200 in 27.0311 ms
2026-07-06 15:26:00.379 +03:00 [INF] HTTP GET /lib/jquery-validation-unobtrusive/dist/jquery.validate.unobtrusive.min.js responded 200 in 12.5453 ms
2026-07-06 15:26:00.456 +03:00 [INF] HTTP GET /lib/bootstrap/dist/js/bootstrap.bundle.min.js responded 200 in 131.2036 ms
2026-07-06 15:26:01.966 +03:00 [INF] HTTP GET /favicon.ico responded 200 in 32.3991 ms
2026-07-06 15:26:07.626 +03:00 [INF] HTTP POST /Account/Login responded 302 in 149.7017 ms
2026-07-06 15:26:08.089 +03:00 [INF] HTTP GET /lib/bootstrap/dist/css/bootstrap.min.css responded 304 in 4.8140 ms
2026-07-06 15:26:08.091 +03:00 [INF] HTTP GET /css/site.css responded 304 in 0.7589 ms
2026-07-06 15:26:08.092 +03:00 [INF] HTTP GET /Inventory/Products responded 200 in 459.7291 ms
2026-07-06 15:26:08.097 +03:00 [INF] HTTP GET /Biktal.WebMVC.styles.css responded 304 in 0.8177 ms
2026-07-06 15:26:08.876 +03:00 [INF] HTTP GET /lib/jquery/dist/jquery.min.js responded 304 in 0.5005 ms
2026-07-06 15:26:08.910 +03:00 [INF] HTTP GET /lib/bootstrap/dist/js/bootstrap.bundle.min.js responded 304 in 0.7189 ms
2026-07-06 15:26:08.912 +03:00 [INF] HTTP GET /lib/jquery-validation/dist/jquery.validate.min.js responded 304 in 0.8519 ms
2026-07-06 15:26:08.914 +03:00 [INF] HTTP GET /lib/jquery-validation-unobtrusive/dist/jquery.validate.unobtrusive.min.js responded 304 in 0.8349 ms
2026-07-06 15:26:08.920 +03:00 [INF] HTTP GET /js/site.js responded 304 in 1.3348 ms
2026-07-06 15:26:08.920 +03:00 [INF] HTTP GET /js/products-catalog-filter.js responded 200 in 2.1528 ms
2026-07-06 15:27:42.346 +03:00 [INF] HTTP POST /Inventory/AddProduct responded 302 in 250.7221 ms
2026-07-06 15:27:42.490 +03:00 [INF] HTTP GET /Inventory/Products responded 200 in 132.3911 ms
2026-07-06 15:27:42.640 +03:00 [INF] HTTP GET /css/site.css responded 200 in 2.5433 ms
2026-07-06 15:27:42.640 +03:00 [INF] HTTP GET /lib/bootstrap/dist/css/bootstrap.min.css responded 200 in 1.6466 ms
2026-07-06 15:27:42.648 +03:00 [INF] HTTP GET /Biktal.WebMVC.styles.css responded 200 in 7.8930 ms
2026-07-06 15:27:43.656 +03:00 [INF] HTTP GET /lib/jquery/dist/jquery.min.js responded 200 in 1.3690 ms
2026-07-06 15:27:43.678 +03:00 [INF] HTTP GET /js/site.js responded 200 in 3.5931 ms
2026-07-06 15:27:43.679 +03:00 [INF] HTTP GET /lib/bootstrap/dist/js/bootstrap.bundle.min.js responded 200 in 2.0713 ms
2026-07-06 15:27:43.690 +03:00 [INF] HTTP GET /lib/jquery-validation/dist/jquery.validate.min.js responded 200 in 1.1917 ms
2026-07-06 15:27:43.694 +03:00 [INF] HTTP GET /lib/jquery-validation-unobtrusive/dist/jquery.validate.unobtrusive.min.js responded 200 in 3.3521 ms
2026-07-06 15:27:43.696 +03:00 [INF] HTTP GET /js/products-catalog-filter.js responded 200 in 1.5841 ms
2026-07-06 15:27:44.963 +03:00 [WRN] The query uses the 'First'/'FirstOrDefault' operator without 'OrderBy' and filter operators. This may lead to unpredictable results.
2026-07-06 15:27:45.005 +03:00 [INF] HTTP GET /Pos responded 200 in 76.7808 ms
2026-07-06 15:27:45.057 +03:00 [INF] HTTP GET /lib/bootstrap/dist/css/bootstrap.min.css responded 304 in 0.7140 ms
2026-07-06 15:27:45.071 +03:00 [INF] HTTP GET /css/site.css responded 304 in 0.5671 ms
2026-07-06 15:27:45.071 +03:00 [INF] HTTP GET /lib/bootstrap/dist/js/bootstrap.bundle.min.js responded 304 in 0.4497 ms
2026-07-06 15:27:45.072 +03:00 [INF] HTTP GET /js/site.js responded 304 in 0.8090 ms
2026-07-06 15:27:45.073 +03:00 [INF] HTTP GET /lib/jquery/dist/jquery.min.js responded 304 in 0.6208 ms
2026-07-06 15:27:45.074 +03:00 [INF] HTTP GET /Biktal.WebMVC.styles.css responded 304 in 0.6496 ms
2026-07-06 15:27:45.084 +03:00 [INF] HTTP GET /js/pos.js responded 200 in 6.7405 ms
2026-07-06 15:28:05.345 +03:00 [INF] HTTP POST /Pos/CompleteSale responded 200 in 541.8039 ms
2026-07-06 15:43:34.733 +03:00 [WRN] The query uses the 'First'/'FirstOrDefault' operator without 'OrderBy' and filter operators. This may lead to unpredictable results.
2026-07-06 15:43:34.804 +03:00 [WRN] The query uses the 'First'/'FirstOrDefault' operator without 'OrderBy' and filter operators. This may lead to unpredictable results.
2026-07-06 15:43:34.880 +03:00 [INF] HTTP GET /Operations responded 200 in 200.5692 ms
2026-07-06 15:43:34.951 +03:00 [INF] HTTP GET /css/site.css responded 200 in 1.2055 ms
2026-07-06 15:43:34.953 +03:00 [INF] HTTP GET /Biktal.WebMVC.styles.css responded 200 in 1.0638 ms
2026-07-06 15:43:34.954 +03:00 [INF] HTTP GET /lib/jquery/dist/jquery.min.js responded 200 in 1.2645 ms
2026-07-06 15:43:34.957 +03:00 [INF] HTTP GET /lib/bootstrap/dist/js/bootstrap.bundle.min.js responded 200 in 2.9054 ms
2026-07-06 15:43:34.959 +03:00 [INF] HTTP GET /js/site.js responded 200 in 1.0714 ms
2026-07-06 15:43:34.962 +03:00 [INF] HTTP GET /lib/bootstrap/dist/css/bootstrap.min.css responded 200 in 2.2797 ms
2026-07-06 15:44:24.778 +03:00 [INF] HTTP GET /Pos responded 200 in 22.8700 ms
2026-07-06 15:44:24.832 +03:00 [INF] HTTP GET /lib/bootstrap/dist/css/bootstrap.min.css responded 304 in 2.8586 ms
2026-07-06 15:44:24.845 +03:00 [INF] HTTP GET /css/site.css responded 304 in 2.3610 ms
2026-07-06 15:44:24.846 +03:00 [INF] HTTP GET /Biktal.WebMVC.styles.css responded 304 in 1.4078 ms
2026-07-06 15:44:24.856 +03:00 [INF] HTTP GET /lib/bootstrap/dist/js/bootstrap.bundle.min.js responded 304 in 0.6923 ms
2026-07-06 15:44:24.857 +03:00 [INF] HTTP GET /js/site.js responded 304 in 1.4175 ms
2026-07-06 15:44:24.858 +03:00 [INF] HTTP GET /lib/jquery/dist/jquery.min.js responded 304 in 0.8444 ms
2026-07-06 15:44:24.871 +03:00 [INF] HTTP GET /js/pos.js responded 200 in 4.2103 ms
2026-07-06 16:05:04.063 +03:00 [INF] Application is shutting down...
2026-07-06 17:24:29.485 +03:00 [ERR] Failed executing DbCommand (6ms) [Parameters=[@p0='?' (DbType = Guid), @p1='?' (DbType = DateTime), @p2='?' (DbType = Guid), @p3='?', @p4='?' (DbType = DateTime), @p5='?' (DbType = Int32), @p6='?' (DbType = Int32), @p7='?', @p8='?', @p9='?' (DbType = Guid), @p10='?' (DbType = DateTime), @p11='?' (DbType = Guid), @p12='?', @p13='?' (DbType = DateTime), @p14='?' (DbType = Int32), @p15='?' (DbType = Int32), @p16='?', @p17='?'], CommandType='"Text"', CommandTimeout='30']
INSERT INTO "CrmSupportTickets" ("Id", "CreatedAtUtc", "CustomerId", "Description", "ModifiedAtUtc", "Priority", "Status", "Subject", "TicketNumber")
VALUES (@p0, @p1, @p2, @p3, @p4, @p5, @p6, @p7, @p8);
INSERT INTO "CrmSupportTickets" ("Id", "CreatedAtUtc", "CustomerId", "Description", "ModifiedAtUtc", "Priority", "Status", "Subject", "TicketNumber")
VALUES (@p9, @p10, @p11, @p12, @p13, @p14, @p15, @p16, @p17);
2026-07-06 17:24:29.556 +03:00 [ERR] An exception occurred in the database while saving changes for context type 'Biktal.Infrastructure.Persistence.ApplicationDbContext'.
Microsoft.EntityFrameworkCore.DbUpdateException: An error occurred while saving the entity changes. See the inner exception for details.
 ---> Npgsql.PostgresException (0x80004005): 23503: insert or update on table "CrmSupportTickets" violates foreign key constraint "FK_CrmSupportTickets_CrmCustomers_CustomerId"

DETAIL: Detail redacted as it may contain sensitive data. Specify 'Include Error Detail' in the connection string to include this information.
   at Npgsql.Internal.NpgsqlConnector.ReadMessageLong(Boolean async, DataRowLoadingMode dataRowLoadingMode, Boolean readingNotifications, Boolean isReadingPrependedMessage)
   at System.Runtime.CompilerServices.PoolingAsyncValueTaskMethodBuilder`1.StateMachineBox`1.System.Threading.Tasks.Sources.IValueTaskSource<TResult>.GetResult(Int16 token)
   at Npgsql.NpgsqlDataReader.NextResult(Boolean async, Boolean isConsuming, CancellationToken cancellationToken)
   at Npgsql.NpgsqlDataReader.NextResult(Boolean async, Boolean isConsuming, CancellationToken cancellationToken)
   at Npgsql.NpgsqlCommand.ExecuteReader(Boolean async, CommandBehavior behavior, CancellationToken cancellationToken)
   at Npgsql.NpgsqlCommand.ExecuteReader(Boolean async, CommandBehavior behavior, CancellationToken cancellationToken)
   at Npgsql.NpgsqlCommand.ExecuteDbDataReaderAsync(CommandBehavior behavior, CancellationToken cancellationToken)
   at Microsoft.EntityFrameworkCore.Storage.RelationalCommand.ExecuteReaderAsync(RelationalCommandParameterObject parameterObject, CancellationToken cancellationToken)
   at Microsoft.EntityFrameworkCore.Storage.RelationalCommand.ExecuteReaderAsync(RelationalCommandParameterObject parameterObject, CancellationToken cancellationToken)
   at Microsoft.EntityFrameworkCore.Update.ReaderModificationCommandBatch.ExecuteAsync(IRelationalConnection connection, CancellationToken cancellationToken)
  Exception data:
    Severity: ERROR
    SqlState: 23503
    MessageText: insert or update on table "CrmSupportTickets" violates foreign key constraint "FK_CrmSupportTickets_CrmCustomers_CustomerId"
    Detail: Detail redacted as it may contain sensitive data. Specify 'Include Error Detail' in the connection string to include this information.
    SchemaName: public
    TableName: CrmSupportTickets
    ConstraintName: FK_CrmSupportTickets_CrmCustomers_CustomerId
    File: ri_triggers.c
    Line: 2783
    Routine: ri_ReportViolation
   --- End of inner exception stack trace ---
   at Microsoft.EntityFrameworkCore.Update.ReaderModificationCommandBatch.ExecuteAsync(IRelationalConnection connection, CancellationToken cancellationToken)
   at Microsoft.EntityFrameworkCore.Update.Internal.BatchExecutor.ExecuteAsync(IEnumerable`1 commandBatches, IRelationalConnection connection, CancellationToken cancellationToken)
   at Microsoft.EntityFrameworkCore.Update.Internal.BatchExecutor.ExecuteAsync(IEnumerable`1 commandBatches, IRelationalConnection connection, CancellationToken cancellationToken)
   at Microsoft.EntityFrameworkCore.Update.Internal.BatchExecutor.ExecuteAsync(IEnumerable`1 commandBatches, IRelationalConnection connection, CancellationToken cancellationToken)
   at Microsoft.EntityFrameworkCore.Storage.RelationalDatabase.SaveChangesAsync(IList`1 entries, CancellationToken cancellationToken)
   at Microsoft.EntityFrameworkCore.ChangeTracking.Internal.StateManager.SaveChangesAsync(IList`1 entriesToSave, CancellationToken cancellationToken)
   at Microsoft.EntityFrameworkCore.ChangeTracking.Internal.StateManager.SaveChangesAsync(StateManager stateManager, Boolean acceptAllChangesOnSuccess, CancellationToken cancellationToken)
   at Npgsql.EntityFrameworkCore.PostgreSQL.Storage.Internal.NpgsqlExecutionStrategy.ExecuteAsync[TState,TResult](TState state, Func`4 operation, Func`4 verifySucceeded, CancellationToken cancellationToken)
   at Microsoft.EntityFrameworkCore.DbContext.SaveChangesAsync(Boolean acceptAllChangesOnSuccess, CancellationToken cancellationToken)
Microsoft.EntityFrameworkCore.DbUpdateException: An error occurred while saving the entity changes. See the inner exception for details.
 ---> Npgsql.PostgresException (0x80004005): 23503: insert or update on table "CrmSupportTickets" violates foreign key constraint "FK_CrmSupportTickets_CrmCustomers_CustomerId"

DETAIL: Detail redacted as it may contain sensitive data. Specify 'Include Error Detail' in the connection string to include this information.
   at Npgsql.Internal.NpgsqlConnector.ReadMessageLong(Boolean async, DataRowLoadingMode dataRowLoadingMode, Boolean readingNotifications, Boolean isReadingPrependedMessage)
   at System.Runtime.CompilerServices.PoolingAsyncValueTaskMethodBuilder`1.StateMachineBox`1.System.Threading.Tasks.Sources.IValueTaskSource<TResult>.GetResult(Int16 token)
   at Npgsql.NpgsqlDataReader.NextResult(Boolean async, Boolean isConsuming, CancellationToken cancellationToken)
   at Npgsql.NpgsqlDataReader.NextResult(Boolean async, Boolean isConsuming, CancellationToken cancellationToken)
   at Npgsql.NpgsqlCommand.ExecuteReader(Boolean async, CommandBehavior behavior, CancellationToken cancellationToken)
   at Npgsql.NpgsqlCommand.ExecuteReader(Boolean async, CommandBehavior behavior, CancellationToken cancellationToken)
   at Npgsql.NpgsqlCommand.ExecuteDbDataReaderAsync(CommandBehavior behavior, CancellationToken cancellationToken)
   at Microsoft.EntityFrameworkCore.Storage.RelationalCommand.ExecuteReaderAsync(RelationalCommandParameterObject parameterObject, CancellationToken cancellationToken)
   at Microsoft.EntityFrameworkCore.Storage.RelationalCommand.ExecuteReaderAsync(RelationalCommandParameterObject parameterObject, CancellationToken cancellationToken)
   at Microsoft.EntityFrameworkCore.Update.ReaderModificationCommandBatch.ExecuteAsync(IRelationalConnection connection, CancellationToken cancellationToken)
  Exception data:
    Severity: ERROR
    SqlState: 23503
    MessageText: insert or update on table "CrmSupportTickets" violates foreign key constraint "FK_CrmSupportTickets_CrmCustomers_CustomerId"
    Detail: Detail redacted as it may contain sensitive data. Specify 'Include Error Detail' in the connection string to include this information.
    SchemaName: public
    TableName: CrmSupportTickets
    ConstraintName: FK_CrmSupportTickets_CrmCustomers_CustomerId
    File: ri_triggers.c
    Line: 2783
    Routine: ri_ReportViolation
   --- End of inner exception stack trace ---
   at Microsoft.EntityFrameworkCore.Update.ReaderModificationCommandBatch.ExecuteAsync(IRelationalConnection connection, CancellationToken cancellationToken)
   at Microsoft.EntityFrameworkCore.Update.Internal.BatchExecutor.ExecuteAsync(IEnumerable`1 commandBatches, IRelationalConnection connection, CancellationToken cancellationToken)
   at Microsoft.EntityFrameworkCore.Update.Internal.BatchExecutor.ExecuteAsync(IEnumerable`1 commandBatches, IRelationalConnection connection, CancellationToken cancellationToken)
   at Microsoft.EntityFrameworkCore.Update.Internal.BatchExecutor.ExecuteAsync(IEnumerable`1 commandBatches, IRelationalConnection connection, CancellationToken cancellationToken)
   at Microsoft.EntityFrameworkCore.Storage.RelationalDatabase.SaveChangesAsync(IList`1 entries, CancellationToken cancellationToken)
   at Microsoft.EntityFrameworkCore.ChangeTracking.Internal.StateManager.SaveChangesAsync(IList`1 entriesToSave, CancellationToken cancellationToken)
   at Microsoft.EntityFrameworkCore.ChangeTracking.Internal.StateManager.SaveChangesAsync(StateManager stateManager, Boolean acceptAllChangesOnSuccess, CancellationToken cancellationToken)
   at Npgsql.EntityFrameworkCore.PostgreSQL.Storage.Internal.NpgsqlExecutionStrategy.ExecuteAsync[TState,TResult](TState state, Func`4 operation, Func`4 verifySucceeded, CancellationToken cancellationToken)
   at Microsoft.EntityFrameworkCore.DbContext.SaveChangesAsync(Boolean acceptAllChangesOnSuccess, CancellationToken cancellationToken)
2026-07-06 17:24:29.562 +03:00 [ERR] Database migration or seed failed. Check PostgreSQL is running and ConnectionStrings:DefaultConnection is correct.
Microsoft.EntityFrameworkCore.DbUpdateException: An error occurred while saving the entity changes. See the inner exception for details.
 ---> Npgsql.PostgresException (0x80004005): 23503: insert or update on table "CrmSupportTickets" violates foreign key constraint "FK_CrmSupportTickets_CrmCustomers_CustomerId"

DETAIL: Detail redacted as it may contain sensitive data. Specify 'Include Error Detail' in the connection string to include this information.
   at Npgsql.Internal.NpgsqlConnector.ReadMessageLong(Boolean async, DataRowLoadingMode dataRowLoadingMode, Boolean readingNotifications, Boolean isReadingPrependedMessage)
   at System.Runtime.CompilerServices.PoolingAsyncValueTaskMethodBuilder`1.StateMachineBox`1.System.Threading.Tasks.Sources.IValueTaskSource<TResult>.GetResult(Int16 token)
   at Npgsql.NpgsqlDataReader.NextResult(Boolean async, Boolean isConsuming, CancellationToken cancellationToken)
   at Npgsql.NpgsqlDataReader.NextResult(Boolean async, Boolean isConsuming, CancellationToken cancellationToken)
   at Npgsql.NpgsqlCommand.ExecuteReader(Boolean async, CommandBehavior behavior, CancellationToken cancellationToken)
   at Npgsql.NpgsqlCommand.ExecuteReader(Boolean async, CommandBehavior behavior, CancellationToken cancellationToken)
   at Npgsql.NpgsqlCommand.ExecuteDbDataReaderAsync(CommandBehavior behavior, CancellationToken cancellationToken)
   at Microsoft.EntityFrameworkCore.Storage.RelationalCommand.ExecuteReaderAsync(RelationalCommandParameterObject parameterObject, CancellationToken cancellationToken)
   at Microsoft.EntityFrameworkCore.Storage.RelationalCommand.ExecuteReaderAsync(RelationalCommandParameterObject parameterObject, CancellationToken cancellationToken)
   at Microsoft.EntityFrameworkCore.Update.ReaderModificationCommandBatch.ExecuteAsync(IRelationalConnection connection, CancellationToken cancellationToken)
  Exception data:
    Severity: ERROR
    SqlState: 23503
    MessageText: insert or update on table "CrmSupportTickets" violates foreign key constraint "FK_CrmSupportTickets_CrmCustomers_CustomerId"
    Detail: Detail redacted as it may contain sensitive data. Specify 'Include Error Detail' in the connection string to include this information.
    SchemaName: public
    TableName: CrmSupportTickets
    ConstraintName: FK_CrmSupportTickets_CrmCustomers_CustomerId
    File: ri_triggers.c
    Line: 2783
    Routine: ri_ReportViolation
   --- End of inner exception stack trace ---
   at Microsoft.EntityFrameworkCore.Update.ReaderModificationCommandBatch.ExecuteAsync(IRelationalConnection connection, CancellationToken cancellationToken)
   at Microsoft.EntityFrameworkCore.Update.Internal.BatchExecutor.ExecuteAsync(IEnumerable`1 commandBatches, IRelationalConnection connection, CancellationToken cancellationToken)
   at Microsoft.EntityFrameworkCore.Update.Internal.BatchExecutor.ExecuteAsync(IEnumerable`1 commandBatches, IRelationalConnection connection, CancellationToken cancellationToken)
   at Microsoft.EntityFrameworkCore.Update.Internal.BatchExecutor.ExecuteAsync(IEnumerable`1 commandBatches, IRelationalConnection connection, CancellationToken cancellationToken)
   at Microsoft.EntityFrameworkCore.Storage.RelationalDatabase.SaveChangesAsync(IList`1 entries, CancellationToken cancellationToken)
   at Microsoft.EntityFrameworkCore.ChangeTracking.Internal.StateManager.SaveChangesAsync(IList`1 entriesToSave, CancellationToken cancellationToken)
   at Microsoft.EntityFrameworkCore.ChangeTracking.Internal.StateManager.SaveChangesAsync(StateManager stateManager, Boolean acceptAllChangesOnSuccess, CancellationToken cancellationToken)
   at Npgsql.EntityFrameworkCore.PostgreSQL.Storage.Internal.NpgsqlExecutionStrategy.ExecuteAsync[TState,TResult](TState state, Func`4 operation, Func`4 verifySucceeded, CancellationToken cancellationToken)
   at Microsoft.EntityFrameworkCore.DbContext.SaveChangesAsync(Boolean acceptAllChangesOnSuccess, CancellationToken cancellationToken)
   at Microsoft.EntityFrameworkCore.DbContext.SaveChangesAsync(Boolean acceptAllChangesOnSuccess, CancellationToken cancellationToken)
   at Biktal.Infrastructure.Persistence.CrmDataSeeder.SeedIfEmptyAsync(ApplicationDbContext db, CancellationToken cancellationToken)
   at Program.<Main>$(String[] args) in d:\Systems\BiktalSystems\Program.cs:line 71
2026-07-06 17:24:29.567 +03:00 [WRN] Continuing without a successful migration/seed. Auth and data pages may fail until the database is available.
2026-07-06 17:24:29.592 +03:00 [WRN] Using an in-memory repository. Keys will not be persisted to storage.
2026-07-06 17:24:29.592 +03:00 [WRN] Neither user profile nor HKLM registry available. Using an ephemeral key repository. Protected data will be unavailable when application exits.
2026-07-06 17:24:29.609 +03:00 [WRN] No XML encryptor configured. Key {743da98b-80ad-4c1f-8211-30b6c04f109f} may be persisted to storage in unencrypted form.
2026-07-06 17:24:29.654 +03:00 [INF] Application started. Press Ctrl+C to shut down.
2026-07-06 17:24:29.654 +03:00 [INF] Hosting environment: Production
2026-07-06 17:24:29.654 +03:00 [INF] Content root path: D:\Systems\BiktalSystems\publish
2026-07-06 17:24:29.758 +03:00 [INF] HTTP POST /Pos/CompleteSale responded 302 in 82.0631 ms
2026-07-06 17:24:29.897 +03:00 [ERR] An exception was thrown while deserializing the token.
Microsoft.AspNetCore.Antiforgery.AntiforgeryValidationException: The antiforgery token could not be decrypted.
 ---> System.Security.Cryptography.CryptographicException: The key {1fa2f634-9a8b-4f2d-b2a6-5eb5a44be713} was not found in the key ring. For more information go to https://aka.ms/aspnet/dataprotectionwarning
   at Microsoft.AspNetCore.DataProtection.KeyManagement.KeyRingBasedDataProtector.UnprotectCore(Byte[] protectedData, Boolean allowOperationsOnRevokedKeys, UnprotectStatus& status)
   at Microsoft.AspNetCore.DataProtection.KeyManagement.KeyRingBasedDataProtector.Unprotect(Byte[] protectedData)
   at Microsoft.AspNetCore.Antiforgery.DefaultAntiforgeryTokenSerializer.Deserialize(String serializedToken)
   --- End of inner exception stack trace ---
   at Microsoft.AspNetCore.Antiforgery.DefaultAntiforgeryTokenSerializer.Deserialize(String serializedToken)
   at Microsoft.AspNetCore.Antiforgery.DefaultAntiforgery.GetCookieTokenDoesNotThrow(HttpContext httpContext)
2026-07-06 17:24:29.986 +03:00 [INF] HTTP GET /Account/Login responded 200 in 213.3673 ms
2026-07-06 17:45:10.414 +03:00 [INF] Application is shutting down...
2026-07-06 17:53:30.277 +03:00 [ERR] Failed executing DbCommand (6ms) [Parameters=[@p0='?' (DbType = Guid), @p1='?' (DbType = DateTime), @p2='?' (DbType = Guid), @p3='?', @p4='?' (DbType = DateTime), @p5='?' (DbType = Int32), @p6='?' (DbType = Int32), @p7='?', @p8='?', @p9='?' (DbType = Guid), @p10='?' (DbType = DateTime), @p11='?' (DbType = Guid), @p12='?', @p13='?' (DbType = DateTime), @p14='?' (DbType = Int32), @p15='?' (DbType = Int32), @p16='?', @p17='?'], CommandType='"Text"', CommandTimeout='30']
INSERT INTO "CrmSupportTickets" ("Id", "CreatedAtUtc", "CustomerId", "Description", "ModifiedAtUtc", "Priority", "Status", "Subject", "TicketNumber")
VALUES (@p0, @p1, @p2, @p3, @p4, @p5, @p6, @p7, @p8);
INSERT INTO "CrmSupportTickets" ("Id", "CreatedAtUtc", "CustomerId", "Description", "ModifiedAtUtc", "Priority", "Status", "Subject", "TicketNumber")
VALUES (@p9, @p10, @p11, @p12, @p13, @p14, @p15, @p16, @p17);
2026-07-06 17:53:30.351 +03:00 [ERR] An exception occurred in the database while saving changes for context type 'Biktal.Infrastructure.Persistence.ApplicationDbContext'.
Microsoft.EntityFrameworkCore.DbUpdateException: An error occurred while saving the entity changes. See the inner exception for details.
 ---> Npgsql.PostgresException (0x80004005): 23503: insert or update on table "CrmSupportTickets" violates foreign key constraint "FK_CrmSupportTickets_CrmCustomers_CustomerId"

DETAIL: Detail redacted as it may contain sensitive data. Specify 'Include Error Detail' in the connection string to include this information.
   at Npgsql.Internal.NpgsqlConnector.ReadMessageLong(Boolean async, DataRowLoadingMode dataRowLoadingMode, Boolean readingNotifications, Boolean isReadingPrependedMessage)
   at System.Runtime.CompilerServices.PoolingAsyncValueTaskMethodBuilder`1.StateMachineBox`1.System.Threading.Tasks.Sources.IValueTaskSource<TResult>.GetResult(Int16 token)
   at Npgsql.NpgsqlDataReader.NextResult(Boolean async, Boolean isConsuming, CancellationToken cancellationToken)
   at Npgsql.NpgsqlDataReader.NextResult(Boolean async, Boolean isConsuming, CancellationToken cancellationToken)
   at Npgsql.NpgsqlCommand.ExecuteReader(Boolean async, CommandBehavior behavior, CancellationToken cancellationToken)
   at Npgsql.NpgsqlCommand.ExecuteReader(Boolean async, CommandBehavior behavior, CancellationToken cancellationToken)
   at Npgsql.NpgsqlCommand.ExecuteDbDataReaderAsync(CommandBehavior behavior, CancellationToken cancellationToken)
   at Microsoft.EntityFrameworkCore.Storage.RelationalCommand.ExecuteReaderAsync(RelationalCommandParameterObject parameterObject, CancellationToken cancellationToken)
   at Microsoft.EntityFrameworkCore.Storage.RelationalCommand.ExecuteReaderAsync(RelationalCommandParameterObject parameterObject, CancellationToken cancellationToken)
   at Microsoft.EntityFrameworkCore.Update.ReaderModificationCommandBatch.ExecuteAsync(IRelationalConnection connection, CancellationToken cancellationToken)
  Exception data:
    Severity: ERROR
    SqlState: 23503
    MessageText: insert or update on table "CrmSupportTickets" violates foreign key constraint "FK_CrmSupportTickets_CrmCustomers_CustomerId"
    Detail: Detail redacted as it may contain sensitive data. Specify 'Include Error Detail' in the connection string to include this information.
    SchemaName: public
    TableName: CrmSupportTickets
    ConstraintName: FK_CrmSupportTickets_CrmCustomers_CustomerId
    File: ri_triggers.c
    Line: 2783
    Routine: ri_ReportViolation
   --- End of inner exception stack trace ---
   at Microsoft.EntityFrameworkCore.Update.ReaderModificationCommandBatch.ExecuteAsync(IRelationalConnection connection, CancellationToken cancellationToken)
   at Microsoft.EntityFrameworkCore.Update.Internal.BatchExecutor.ExecuteAsync(IEnumerable`1 commandBatches, IRelationalConnection connection, CancellationToken cancellationToken)
   at Microsoft.EntityFrameworkCore.Update.Internal.BatchExecutor.ExecuteAsync(IEnumerable`1 commandBatches, IRelationalConnection connection, CancellationToken cancellationToken)
   at Microsoft.EntityFrameworkCore.Update.Internal.BatchExecutor.ExecuteAsync(IEnumerable`1 commandBatches, IRelationalConnection connection, CancellationToken cancellationToken)
   at Microsoft.EntityFrameworkCore.Storage.RelationalDatabase.SaveChangesAsync(IList`1 entries, CancellationToken cancellationToken)
   at Microsoft.EntityFrameworkCore.ChangeTracking.Internal.StateManager.SaveChangesAsync(IList`1 entriesToSave, CancellationToken cancellationToken)
   at Microsoft.EntityFrameworkCore.ChangeTracking.Internal.StateManager.SaveChangesAsync(StateManager stateManager, Boolean acceptAllChangesOnSuccess, CancellationToken cancellationToken)
   at Npgsql.EntityFrameworkCore.PostgreSQL.Storage.Internal.NpgsqlExecutionStrategy.ExecuteAsync[TState,TResult](TState state, Func`4 operation, Func`4 verifySucceeded, CancellationToken cancellationToken)
   at Microsoft.EntityFrameworkCore.DbContext.SaveChangesAsync(Boolean acceptAllChangesOnSuccess, CancellationToken cancellationToken)
Microsoft.EntityFrameworkCore.DbUpdateException: An error occurred while saving the entity changes. See the inner exception for details.
 ---> Npgsql.PostgresException (0x80004005): 23503: insert or update on table "CrmSupportTickets" violates foreign key constraint "FK_CrmSupportTickets_CrmCustomers_CustomerId"

DETAIL: Detail redacted as it may contain sensitive data. Specify 'Include Error Detail' in the connection string to include this information.
   at Npgsql.Internal.NpgsqlConnector.ReadMessageLong(Boolean async, DataRowLoadingMode dataRowLoadingMode, Boolean readingNotifications, Boolean isReadingPrependedMessage)
   at System.Runtime.CompilerServices.PoolingAsyncValueTaskMethodBuilder`1.StateMachineBox`1.System.Threading.Tasks.Sources.IValueTaskSource<TResult>.GetResult(Int16 token)
   at Npgsql.NpgsqlDataReader.NextResult(Boolean async, Boolean isConsuming, CancellationToken cancellationToken)
   at Npgsql.NpgsqlDataReader.NextResult(Boolean async, Boolean isConsuming, CancellationToken cancellationToken)
   at Npgsql.NpgsqlCommand.ExecuteReader(Boolean async, CommandBehavior behavior, CancellationToken cancellationToken)
   at Npgsql.NpgsqlCommand.ExecuteReader(Boolean async, CommandBehavior behavior, CancellationToken cancellationToken)
   at Npgsql.NpgsqlCommand.ExecuteDbDataReaderAsync(CommandBehavior behavior, CancellationToken cancellationToken)
   at Microsoft.EntityFrameworkCore.Storage.RelationalCommand.ExecuteReaderAsync(RelationalCommandParameterObject parameterObject, CancellationToken cancellationToken)
   at Microsoft.EntityFrameworkCore.Storage.RelationalCommand.ExecuteReaderAsync(RelationalCommandParameterObject parameterObject, CancellationToken cancellationToken)
   at Microsoft.EntityFrameworkCore.Update.ReaderModificationCommandBatch.ExecuteAsync(IRelationalConnection connection, CancellationToken cancellationToken)
  Exception data:
    Severity: ERROR
    SqlState: 23503
    MessageText: insert or update on table "CrmSupportTickets" violates foreign key constraint "FK_CrmSupportTickets_CrmCustomers_CustomerId"
    Detail: Detail redacted as it may contain sensitive data. Specify 'Include Error Detail' in the connection string to include this information.
    SchemaName: public
    TableName: CrmSupportTickets
    ConstraintName: FK_CrmSupportTickets_CrmCustomers_CustomerId
    File: ri_triggers.c
    Line: 2783
    Routine: ri_ReportViolation
   --- End of inner exception stack trace ---
   at Microsoft.EntityFrameworkCore.Update.ReaderModificationCommandBatch.ExecuteAsync(IRelationalConnection connection, CancellationToken cancellationToken)
   at Microsoft.EntityFrameworkCore.Update.Internal.BatchExecutor.ExecuteAsync(IEnumerable`1 commandBatches, IRelationalConnection connection, CancellationToken cancellationToken)
   at Microsoft.EntityFrameworkCore.Update.Internal.BatchExecutor.ExecuteAsync(IEnumerable`1 commandBatches, IRelationalConnection connection, CancellationToken cancellationToken)
   at Microsoft.EntityFrameworkCore.Update.Internal.BatchExecutor.ExecuteAsync(IEnumerable`1 commandBatches, IRelationalConnection connection, CancellationToken cancellationToken)
   at Microsoft.EntityFrameworkCore.Storage.RelationalDatabase.SaveChangesAsync(IList`1 entries, CancellationToken cancellationToken)
   at Microsoft.EntityFrameworkCore.ChangeTracking.Internal.StateManager.SaveChangesAsync(IList`1 entriesToSave, CancellationToken cancellationToken)
   at Microsoft.EntityFrameworkCore.ChangeTracking.Internal.StateManager.SaveChangesAsync(StateManager stateManager, Boolean acceptAllChangesOnSuccess, CancellationToken cancellationToken)
   at Npgsql.EntityFrameworkCore.PostgreSQL.Storage.Internal.NpgsqlExecutionStrategy.ExecuteAsync[TState,TResult](TState state, Func`4 operation, Func`4 verifySucceeded, CancellationToken cancellationToken)
   at Microsoft.EntityFrameworkCore.DbContext.SaveChangesAsync(Boolean acceptAllChangesOnSuccess, CancellationToken cancellationToken)
2026-07-06 17:53:30.357 +03:00 [ERR] Database migration or seed failed. Check PostgreSQL is running and ConnectionStrings:DefaultConnection is correct.
Microsoft.EntityFrameworkCore.DbUpdateException: An error occurred while saving the entity changes. See the inner exception for details.
 ---> Npgsql.PostgresException (0x80004005): 23503: insert or update on table "CrmSupportTickets" violates foreign key constraint "FK_CrmSupportTickets_CrmCustomers_CustomerId"

DETAIL: Detail redacted as it may contain sensitive data. Specify 'Include Error Detail' in the connection string to include this information.
   at Npgsql.Internal.NpgsqlConnector.ReadMessageLong(Boolean async, DataRowLoadingMode dataRowLoadingMode, Boolean readingNotifications, Boolean isReadingPrependedMessage)
   at System.Runtime.CompilerServices.PoolingAsyncValueTaskMethodBuilder`1.StateMachineBox`1.System.Threading.Tasks.Sources.IValueTaskSource<TResult>.GetResult(Int16 token)
   at Npgsql.NpgsqlDataReader.NextResult(Boolean async, Boolean isConsuming, CancellationToken cancellationToken)
   at Npgsql.NpgsqlDataReader.NextResult(Boolean async, Boolean isConsuming, CancellationToken cancellationToken)
   at Npgsql.NpgsqlCommand.ExecuteReader(Boolean async, CommandBehavior behavior, CancellationToken cancellationToken)
   at Npgsql.NpgsqlCommand.ExecuteReader(Boolean async, CommandBehavior behavior, CancellationToken cancellationToken)
   at Npgsql.NpgsqlCommand.ExecuteDbDataReaderAsync(CommandBehavior behavior, CancellationToken cancellationToken)
   at Microsoft.EntityFrameworkCore.Storage.RelationalCommand.ExecuteReaderAsync(RelationalCommandParameterObject parameterObject, CancellationToken cancellationToken)
   at Microsoft.EntityFrameworkCore.Storage.RelationalCommand.ExecuteReaderAsync(RelationalCommandParameterObject parameterObject, CancellationToken cancellationToken)
   at Microsoft.EntityFrameworkCore.Update.ReaderModificationCommandBatch.ExecuteAsync(IRelationalConnection connection, CancellationToken cancellationToken)
  Exception data:
    Severity: ERROR
    SqlState: 23503
    MessageText: insert or update on table "CrmSupportTickets" violates foreign key constraint "FK_CrmSupportTickets_CrmCustomers_CustomerId"
    Detail: Detail redacted as it may contain sensitive data. Specify 'Include Error Detail' in the connection string to include this information.
    SchemaName: public
    TableName: CrmSupportTickets
    ConstraintName: FK_CrmSupportTickets_CrmCustomers_CustomerId
    File: ri_triggers.c
    Line: 2783
    Routine: ri_ReportViolation
   --- End of inner exception stack trace ---
   at Microsoft.EntityFrameworkCore.Update.ReaderModificationCommandBatch.ExecuteAsync(IRelationalConnection connection, CancellationToken cancellationToken)
   at Microsoft.EntityFrameworkCore.Update.Internal.BatchExecutor.ExecuteAsync(IEnumerable`1 commandBatches, IRelationalConnection connection, CancellationToken cancellationToken)
   at Microsoft.EntityFrameworkCore.Update.Internal.BatchExecutor.ExecuteAsync(IEnumerable`1 commandBatches, IRelationalConnection connection, CancellationToken cancellationToken)
   at Microsoft.EntityFrameworkCore.Update.Internal.BatchExecutor.ExecuteAsync(IEnumerable`1 commandBatches, IRelationalConnection connection, CancellationToken cancellationToken)
   at Microsoft.EntityFrameworkCore.Storage.RelationalDatabase.SaveChangesAsync(IList`1 entries, CancellationToken cancellationToken)
   at Microsoft.EntityFrameworkCore.ChangeTracking.Internal.StateManager.SaveChangesAsync(IList`1 entriesToSave, CancellationToken cancellationToken)
   at Microsoft.EntityFrameworkCore.ChangeTracking.Internal.StateManager.SaveChangesAsync(StateManager stateManager, Boolean acceptAllChangesOnSuccess, CancellationToken cancellationToken)
   at Npgsql.EntityFrameworkCore.PostgreSQL.Storage.Internal.NpgsqlExecutionStrategy.ExecuteAsync[TState,TResult](TState state, Func`4 operation, Func`4 verifySucceeded, CancellationToken cancellationToken)
   at Microsoft.EntityFrameworkCore.DbContext.SaveChangesAsync(Boolean acceptAllChangesOnSuccess, CancellationToken cancellationToken)
   at Microsoft.EntityFrameworkCore.DbContext.SaveChangesAsync(Boolean acceptAllChangesOnSuccess, CancellationToken cancellationToken)
   at Biktal.Infrastructure.Persistence.CrmDataSeeder.SeedIfEmptyAsync(ApplicationDbContext db, CancellationToken cancellationToken)
   at Program.<Main>$(String[] args) in d:\Systems\BiktalSystems\Program.cs:line 71
2026-07-06 17:53:30.362 +03:00 [WRN] Continuing without a successful migration/seed. Auth and data pages may fail until the database is available.
2026-07-06 17:53:30.386 +03:00 [WRN] Using an in-memory repository. Keys will not be persisted to storage.
2026-07-06 17:53:30.387 +03:00 [WRN] Neither user profile nor HKLM registry available. Using an ephemeral key repository. Protected data will be unavailable when application exits.
2026-07-06 17:53:30.405 +03:00 [WRN] No XML encryptor configured. Key {39c658f0-5461-49a2-883c-63cafa0716e0} may be persisted to storage in unencrypted form.
2026-07-06 17:53:30.453 +03:00 [INF] Application started. Press Ctrl+C to shut down.
2026-07-06 17:53:30.453 +03:00 [INF] Hosting environment: Production
2026-07-06 17:53:30.453 +03:00 [INF] Content root path: D:\Systems\BiktalSystems\publish
2026-07-06 17:53:30.558 +03:00 [INF] HTTP GET /Inventory responded 302 in 83.1332 ms
2026-07-06 17:53:30.707 +03:00 [ERR] An exception was thrown while deserializing the token.
Microsoft.AspNetCore.Antiforgery.AntiforgeryValidationException: The antiforgery token could not be decrypted.
 ---> System.Security.Cryptography.CryptographicException: The key {743da98b-80ad-4c1f-8211-30b6c04f109f} was not found in the key ring. For more information go to https://aka.ms/aspnet/dataprotectionwarning
   at Microsoft.AspNetCore.DataProtection.KeyManagement.KeyRingBasedDataProtector.UnprotectCore(Byte[] protectedData, Boolean allowOperationsOnRevokedKeys, UnprotectStatus& status)
   at Microsoft.AspNetCore.DataProtection.KeyManagement.KeyRingBasedDataProtector.Unprotect(Byte[] protectedData)
   at Microsoft.AspNetCore.Antiforgery.DefaultAntiforgeryTokenSerializer.Deserialize(String serializedToken)
   --- End of inner exception stack trace ---
   at Microsoft.AspNetCore.Antiforgery.DefaultAntiforgeryTokenSerializer.Deserialize(String serializedToken)
   at Microsoft.AspNetCore.Antiforgery.DefaultAntiforgery.GetCookieTokenDoesNotThrow(HttpContext httpContext)
2026-07-06 17:53:30.802 +03:00 [INF] HTTP GET /Account/Login responded 200 in 228.1217 ms
2026-07-06 17:53:30.992 +03:00 [INF] HTTP GET /js/site.js responded 200 in 92.3356 ms
2026-07-06 17:53:30.992 +03:00 [INF] HTTP GET /css/site.css responded 200 in 94.5948 ms
2026-07-06 17:53:30.992 +03:00 [INF] HTTP GET /lib/jquery-validation/dist/jquery.validate.min.js responded 200 in 92.2138 ms
2026-07-06 17:53:30.992 +03:00 [INF] HTTP GET /Biktal.WebMVC.styles.css responded 200 in 96.0676 ms
2026-07-06 17:53:30.994 +03:00 [INF] HTTP GET /lib/jquery-validation-unobtrusive/dist/jquery.validate.unobtrusive.min.js responded 200 in 58.7981 ms
2026-07-06 17:53:30.994 +03:00 [INF] HTTP GET /lib/bootstrap/dist/css/bootstrap.min.css responded 200 in 99.9774 ms
2026-07-06 17:53:30.994 +03:00 [INF] HTTP GET /lib/bootstrap/dist/js/bootstrap.bundle.min.js responded 200 in 99.2949 ms
2026-07-06 17:53:30.995 +03:00 [INF] HTTP GET /lib/jquery/dist/jquery.min.js responded 200 in 97.7759 ms
2026-07-06 17:53:41.489 +03:00 [INF] HTTP POST /Account/Login responded 302 in 525.3607 ms
2026-07-06 17:53:41.671 +03:00 [INF] HTTP GET /Inventory responded 200 in 175.9330 ms
2026-07-06 17:53:41.748 +03:00 [INF] HTTP GET /lib/bootstrap/dist/css/bootstrap.min.css responded 200 in 12.9268 ms
2026-07-06 17:53:41.750 +03:00 [INF] HTTP GET /Biktal.WebMVC.styles.css responded 200 in 1.4984 ms
2026-07-06 17:53:41.752 +03:00 [INF] HTTP GET /css/site.css responded 200 in 18.5178 ms
2026-07-06 17:53:41.778 +03:00 [INF] HTTP GET /js/site.js responded 304 in 25.1536 ms
2026-07-06 17:53:41.826 +03:00 [INF] HTTP GET /lib/jquery/dist/jquery.min.js responded 304 in 74.6946 ms
2026-07-06 17:53:41.890 +03:00 [INF] HTTP GET /lib/bootstrap/dist/js/bootstrap.bundle.min.js responded 304 in 149.2508 ms
2026-07-06 17:53:44.581 +03:00 [INF] HTTP GET /css/site.css responded 200 in 4.4154 ms
2026-07-06 17:53:44.587 +03:00 [INF] HTTP GET /Inventory/Products responded 200 in 637.8641 ms
2026-07-06 17:53:44.588 +03:00 [INF] HTTP GET /lib/bootstrap/dist/css/bootstrap.min.css responded 200 in 5.7867 ms
2026-07-06 17:53:44.597 +03:00 [INF] HTTP GET /Biktal.WebMVC.styles.css responded 200 in 8.0153 ms
2026-07-06 17:53:45.337 +03:00 [INF] HTTP GET /lib/jquery/dist/jquery.min.js responded 304 in 0.7568 ms
2026-07-06 17:53:45.360 +03:00 [INF] HTTP GET /lib/bootstrap/dist/js/bootstrap.bundle.min.js responded 304 in 1.1336 ms
2026-07-06 17:53:45.360 +03:00 [INF] HTTP GET /js/site.js responded 304 in 0.8770 ms
2026-07-06 17:53:45.367 +03:00 [INF] HTTP GET /js/products-catalog-filter.js responded 200 in 1.4666 ms
2026-07-06 17:53:45.376 +03:00 [INF] HTTP GET /lib/jquery-validation-unobtrusive/dist/jquery.validate.unobtrusive.min.js responded 304 in 16.0620 ms
2026-07-06 17:53:45.381 +03:00 [INF] HTTP GET /lib/jquery-validation/dist/jquery.validate.min.js responded 304 in 20.5777 ms
2026-07-06 17:54:24.152 +03:00 [INF] HTTP POST /Inventory/AddProduct responded 302 in 151.4939 ms
2026-07-06 17:54:24.256 +03:00 [INF] HTTP GET /Inventory/Products responded 200 in 97.6966 ms
2026-07-06 17:54:24.338 +03:00 [INF] HTTP GET /css/site.css responded 200 in 2.2842 ms
2026-07-06 17:54:24.339 +03:00 [INF] HTTP GET /lib/bootstrap/dist/css/bootstrap.min.css responded 200 in 3.8842 ms
2026-07-06 17:54:24.347 +03:00 [INF] HTTP GET /Biktal.WebMVC.styles.css responded 200 in 5.0599 ms
2026-07-06 17:54:25.085 +03:00 [INF] HTTP GET /lib/jquery/dist/jquery.min.js responded 304 in 0.6225 ms
2026-07-06 17:54:25.103 +03:00 [INF] HTTP GET /lib/bootstrap/dist/js/bootstrap.bundle.min.js responded 304 in 0.6624 ms
2026-07-06 17:54:25.103 +03:00 [INF] HTTP GET /js/site.js responded 304 in 0.5869 ms
2026-07-06 17:54:25.104 +03:00 [INF] HTTP GET /lib/jquery-validation-unobtrusive/dist/jquery.validate.unobtrusive.min.js responded 304 in 0.6479 ms
2026-07-06 17:54:25.104 +03:00 [INF] HTTP GET /lib/jquery-validation/dist/jquery.validate.min.js responded 304 in 0.8792 ms
2026-07-06 17:54:25.110 +03:00 [INF] HTTP GET /js/products-catalog-filter.js responded 304 in 1.7841 ms
2026-07-06 17:55:02.283 +03:00 [INF] HTTP POST /Inventory/AddProduct responded 302 in 24.3428 ms
2026-07-06 17:55:02.431 +03:00 [INF] HTTP GET /Inventory/Products responded 200 in 139.6848 ms
2026-07-06 17:55:02.530 +03:00 [INF] HTTP GET /Biktal.WebMVC.styles.css responded 200 in 2.1193 ms
2026-07-06 17:55:02.530 +03:00 [INF] HTTP GET /css/site.css responded 200 in 2.1640 ms
2026-07-06 17:55:02.539 +03:00 [INF] HTTP GET /lib/bootstrap/dist/css/bootstrap.min.css responded 200 in 2.0288 ms
2026-07-06 17:55:03.431 +03:00 [INF] HTTP GET /lib/jquery/dist/jquery.min.js responded 200 in 2.1394 ms
2026-07-06 17:55:03.448 +03:00 [INF] HTTP GET /lib/bootstrap/dist/js/bootstrap.bundle.min.js responded 200 in 2.9115 ms
2026-07-06 17:55:03.450 +03:00 [INF] HTTP GET /js/site.js responded 200 in 1.3615 ms
2026-07-06 17:55:03.450 +03:00 [INF] HTTP GET /lib/jquery-validation/dist/jquery.validate.min.js responded 200 in 1.8766 ms
2026-07-06 17:55:03.456 +03:00 [INF] HTTP GET /lib/jquery-validation-unobtrusive/dist/jquery.validate.unobtrusive.min.js responded 200 in 5.0008 ms
2026-07-06 17:55:03.458 +03:00 [INF] HTTP GET /js/products-catalog-filter.js responded 200 in 1.2352 ms
2026-07-06 17:55:36.952 +03:00 [INF] HTTP POST /Inventory/AddProduct responded 302 in 12.5410 ms
2026-07-06 17:55:37.049 +03:00 [INF] HTTP GET /Inventory/Products responded 200 in 89.2159 ms
2026-07-06 17:55:37.173 +03:00 [INF] HTTP GET /lib/bootstrap/dist/css/bootstrap.min.css responded 200 in 2.1711 ms
2026-07-06 17:55:37.176 +03:00 [INF] HTTP GET /css/site.css responded 200 in 2.3967 ms
2026-07-06 17:55:37.186 +03:00 [INF] HTTP GET /Biktal.WebMVC.styles.css responded 200 in 1.4422 ms
2026-07-06 17:55:37.914 +03:00 [INF] HTTP GET /lib/jquery/dist/jquery.min.js responded 304 in 0.4485 ms
2026-07-06 17:55:37.930 +03:00 [INF] HTTP GET /lib/bootstrap/dist/js/bootstrap.bundle.min.js responded 304 in 0.5406 ms
2026-07-06 17:55:37.930 +03:00 [INF] HTTP GET /js/site.js responded 304 in 0.3636 ms
2026-07-06 17:55:37.931 +03:00 [INF] HTTP GET /lib/jquery-validation-unobtrusive/dist/jquery.validate.unobtrusive.min.js responded 304 in 0.5890 ms
2026-07-06 17:55:37.931 +03:00 [INF] HTTP GET /js/products-catalog-filter.js responded 304 in 0.5979 ms
2026-07-06 17:55:37.932 +03:00 [INF] HTTP GET /lib/jquery-validation/dist/jquery.validate.min.js responded 304 in 0.9136 ms
2026-07-06 17:56:28.797 +03:00 [INF] HTTP POST /Inventory/AddProduct responded 302 in 13.2469 ms
2026-07-06 17:56:28.882 +03:00 [INF] HTTP GET /Inventory/Products responded 200 in 76.8675 ms
2026-07-06 17:56:29.024 +03:00 [INF] HTTP GET /lib/bootstrap/dist/css/bootstrap.min.css responded 200 in 1.5976 ms
2026-07-06 17:56:29.027 +03:00 [INF] HTTP GET /Biktal.WebMVC.styles.css responded 200 in 1.2679 ms
2026-07-06 17:56:29.030 +03:00 [INF] HTTP GET /css/site.css responded 200 in 1.9624 ms
2026-07-06 17:56:29.768 +03:00 [INF] HTTP GET /lib/jquery/dist/jquery.min.js responded 304 in 0.5310 ms
2026-07-06 17:56:29.786 +03:00 [INF] HTTP GET /lib/bootstrap/dist/js/bootstrap.bundle.min.js responded 304 in 0.5761 ms
2026-07-06 17:56:29.789 +03:00 [INF] HTTP GET /lib/jquery-validation/dist/jquery.validate.min.js responded 304 in 2.0303 ms
2026-07-06 17:56:29.790 +03:00 [INF] HTTP GET /js/site.js responded 304 in 0.5152 ms
2026-07-06 17:56:29.792 +03:00 [INF] HTTP GET /lib/jquery-validation-unobtrusive/dist/jquery.validate.unobtrusive.min.js responded 304 in 1.4281 ms
2026-07-06 17:56:29.798 +03:00 [INF] HTTP GET /js/products-catalog-filter.js responded 304 in 0.5960 ms
2026-07-06 17:56:50.177 +03:00 [INF] HTTP GET /Inventory/Products responded 200 in 113.5249 ms
2026-07-06 17:56:50.239 +03:00 [INF] HTTP GET /css/site.css responded 200 in 5.2396 ms
2026-07-06 17:56:50.239 +03:00 [INF] HTTP GET /lib/bootstrap/dist/css/bootstrap.min.css responded 200 in 5.6971 ms
2026-07-06 17:56:50.241 +03:00 [INF] HTTP GET /Biktal.WebMVC.styles.css responded 200 in 3.6943 ms
2026-07-06 17:56:51.024 +03:00 [INF] HTTP GET /lib/jquery/dist/jquery.min.js responded 304 in 1.2227 ms
2026-07-06 17:56:51.046 +03:00 [INF] HTTP GET /lib/jquery-validation-unobtrusive/dist/jquery.validate.unobtrusive.min.js responded 304 in 0.3907 ms
2026-07-06 17:56:51.047 +03:00 [INF] HTTP GET /lib/bootstrap/dist/js/bootstrap.bundle.min.js responded 304 in 1.0464 ms
2026-07-06 17:56:51.047 +03:00 [INF] HTTP GET /js/site.js responded 304 in 0.2944 ms
2026-07-06 17:56:51.047 +03:00 [INF] HTTP GET /js/products-catalog-filter.js responded 304 in 0.4446 ms
2026-07-06 17:56:51.049 +03:00 [INF] HTTP GET /lib/jquery-validation/dist/jquery.validate.min.js responded 304 in 2.8045 ms
2026-07-06 17:56:59.086 +03:00 [INF] HTTP POST /Inventory/EditProduct responded 302 in 50.6983 ms
2026-07-06 17:56:59.136 +03:00 [INF] HTTP GET /Inventory/Products responded 200 in 43.1847 ms
2026-07-06 17:56:59.190 +03:00 [INF] HTTP GET /lib/bootstrap/dist/css/bootstrap.min.css responded 200 in 2.8875 ms
2026-07-06 17:56:59.193 +03:00 [INF] HTTP GET /css/site.css responded 200 in 4.2123 ms
2026-07-06 17:56:59.199 +03:00 [INF] HTTP GET /Biktal.WebMVC.styles.css responded 200 in 1.4947 ms
2026-07-06 17:57:00.071 +03:00 [INF] HTTP GET /lib/jquery/dist/jquery.min.js responded 304 in 0.3599 ms
2026-07-06 17:57:00.097 +03:00 [INF] HTTP GET /lib/bootstrap/dist/js/bootstrap.bundle.min.js responded 304 in 0.4615 ms
2026-07-06 17:57:00.097 +03:00 [INF] HTTP GET /lib/jquery-validation/dist/jquery.validate.min.js responded 304 in 0.3594 ms
2026-07-06 17:57:00.097 +03:00 [INF] HTTP GET /js/site.js responded 304 in 0.3594 ms
2026-07-06 17:57:00.098 +03:00 [INF] HTTP GET /lib/jquery-validation-unobtrusive/dist/jquery.validate.unobtrusive.min.js responded 304 in 0.4005 ms
2026-07-06 17:57:00.098 +03:00 [INF] HTTP GET /js/products-catalog-filter.js responded 304 in 0.4022 ms
2026-07-06 17:59:21.812 +03:00 [INF] HTTP GET /Inventory/Products responded 200 in 144.1646 ms
2026-07-06 17:59:21.889 +03:00 [INF] HTTP GET /lib/bootstrap/dist/css/bootstrap.min.css responded 200 in 1.1002 ms
2026-07-06 17:59:21.905 +03:00 [INF] HTTP GET /css/site.css responded 200 in 1.6220 ms
2026-07-06 17:59:21.907 +03:00 [INF] HTTP GET /Biktal.WebMVC.styles.css responded 200 in 1.7988 ms
2026-07-06 17:59:23.278 +03:00 [INF] HTTP GET /lib/jquery/dist/jquery.min.js responded 200 in 2.0614 ms
2026-07-06 17:59:23.303 +03:00 [INF] HTTP GET /js/site.js responded 200 in 0.9493 ms
2026-07-06 17:59:23.304 +03:00 [INF] HTTP GET /lib/jquery-validation-unobtrusive/dist/jquery.validate.unobtrusive.min.js responded 200 in 0.7524 ms
2026-07-06 17:59:23.304 +03:00 [INF] HTTP GET /lib/jquery-validation/dist/jquery.validate.min.js responded 200 in 0.7761 ms
2026-07-06 17:59:23.310 +03:00 [INF] HTTP GET /js/products-catalog-filter.js responded 200 in 6.8402 ms
2026-07-06 17:59:23.313 +03:00 [INF] HTTP GET /lib/bootstrap/dist/js/bootstrap.bundle.min.js responded 200 in 10.3579 ms
2026-07-06 17:59:26.803 +03:00 [INF] HTTP POST /Inventory/EditProduct responded 302 in 15.9082 ms
2026-07-06 17:59:26.887 +03:00 [INF] HTTP GET /Inventory/Products responded 200 in 73.7946 ms
2026-07-06 17:59:26.978 +03:00 [INF] HTTP GET /css/site.css responded 200 in 1.6867 ms
2026-07-06 17:59:26.982 +03:00 [INF] HTTP GET /lib/bootstrap/dist/css/bootstrap.min.css responded 200 in 4.0388 ms
2026-07-06 17:59:26.986 +03:00 [INF] HTTP GET /Biktal.WebMVC.styles.css responded 200 in 1.1216 ms
2026-07-06 17:59:27.967 +03:00 [INF] HTTP GET /lib/jquery/dist/jquery.min.js responded 304 in 0.2656 ms
2026-07-06 17:59:27.984 +03:00 [INF] HTTP GET /lib/bootstrap/dist/js/bootstrap.bundle.min.js responded 304 in 0.7412 ms
2026-07-06 17:59:27.985 +03:00 [INF] HTTP GET /js/site.js responded 304 in 0.5310 ms
2026-07-06 17:59:27.987 +03:00 [INF] HTTP GET /lib/jquery-validation/dist/jquery.validate.min.js responded 304 in 1.2693 ms
2026-07-06 17:59:27.988 +03:00 [INF] HTTP GET /lib/jquery-validation-unobtrusive/dist/jquery.validate.unobtrusive.min.js responded 304 in 0.8207 ms
2026-07-06 17:59:27.992 +03:00 [INF] HTTP GET /js/products-catalog-filter.js responded 304 in 1.1009 ms
2026-07-06 17:59:55.326 +03:00 [INF] HTTP GET /Inventory/Products responded 200 in 64.4866 ms
2026-07-06 17:59:55.384 +03:00 [INF] HTTP GET /Biktal.WebMVC.styles.css responded 200 in 1.7394 ms
2026-07-06 17:59:55.387 +03:00 [INF] HTTP GET /lib/bootstrap/dist/css/bootstrap.min.css responded 200 in 5.1031 ms
2026-07-06 17:59:55.388 +03:00 [INF] HTTP GET /css/site.css responded 200 in 2.0699 ms
2026-07-06 17:59:56.145 +03:00 [INF] HTTP GET /lib/jquery/dist/jquery.min.js responded 304 in 0.2677 ms
2026-07-06 17:59:56.169 +03:00 [INF] HTTP GET /lib/bootstrap/dist/js/bootstrap.bundle.min.js responded 304 in 0.6115 ms
2026-07-06 17:59:56.169 +03:00 [INF] HTTP GET /js/site.js responded 304 in 0.3221 ms
2026-07-06 17:59:56.170 +03:00 [INF] HTTP GET /lib/jquery-validation/dist/jquery.validate.min.js responded 304 in 0.2878 ms
2026-07-06 17:59:56.170 +03:00 [INF] HTTP GET /lib/jquery-validation-unobtrusive/dist/jquery.validate.unobtrusive.min.js responded 304 in 0.2657 ms
2026-07-06 17:59:56.170 +03:00 [INF] HTTP GET /js/products-catalog-filter.js responded 304 in 0.2315 ms
2026-07-06 17:59:58.952 +03:00 [INF] HTTP POST /Inventory/EditProduct responded 302 in 15.2888 ms
2026-07-06 17:59:59.019 +03:00 [INF] HTTP GET /Inventory/Products responded 200 in 57.3450 ms
2026-07-06 17:59:59.110 +03:00 [INF] HTTP GET /lib/bootstrap/dist/css/bootstrap.min.css responded 304 in 0.6900 ms
2026-07-06 17:59:59.112 +03:00 [INF] HTTP GET /css/site.css responded 304 in 1.2770 ms
2026-07-06 17:59:59.118 +03:00 [INF] HTTP GET /Biktal.WebMVC.styles.css responded 304 in 0.4816 ms
2026-07-06 17:59:59.889 +03:00 [INF] HTTP GET /lib/jquery/dist/jquery.min.js responded 304 in 0.2701 ms
2026-07-06 17:59:59.904 +03:00 [INF] HTTP GET /lib/bootstrap/dist/js/bootstrap.bundle.min.js responded 304 in 0.3780 ms
2026-07-06 17:59:59.904 +03:00 [INF] HTTP GET /js/site.js responded 304 in 0.4977 ms
2026-07-06 17:59:59.904 +03:00 [INF] HTTP GET /lib/jquery-validation/dist/jquery.validate.min.js responded 304 in 0.2784 ms
2026-07-06 17:59:59.904 +03:00 [INF] HTTP GET /lib/jquery-validation-unobtrusive/dist/jquery.validate.unobtrusive.min.js responded 304 in 0.2454 ms
2026-07-06 17:59:59.906 +03:00 [INF] HTTP GET /js/products-catalog-filter.js responded 304 in 0.4540 ms
2026-07-06 18:18:14.073 +03:00 [WRN] The query uses the 'First'/'FirstOrDefault' operator without 'OrderBy' and filter operators. This may lead to unpredictable results.
2026-07-06 18:18:14.109 +03:00 [INF] HTTP GET /Pos responded 200 in 239.8529 ms
2026-07-06 18:18:14.188 +03:00 [INF] HTTP GET /css/site.css responded 200 in 0.9158 ms
2026-07-06 18:18:14.189 +03:00 [INF] HTTP GET /lib/bootstrap/dist/js/bootstrap.bundle.min.js responded 200 in 0.9474 ms
2026-07-06 18:18:14.190 +03:00 [INF] HTTP GET /js/site.js responded 200 in 0.8126 ms
2026-07-06 18:18:14.193 +03:00 [INF] HTTP GET /js/pos.js responded 200 in 1.0862 ms
2026-07-06 18:18:14.195 +03:00 [INF] HTTP GET /lib/bootstrap/dist/css/bootstrap.min.css responded 200 in 0.9980 ms
2026-07-06 18:18:14.196 +03:00 [INF] HTTP GET /Biktal.WebMVC.styles.css responded 200 in 1.4735 ms
2026-07-06 18:18:14.198 +03:00 [INF] HTTP GET /lib/jquery/dist/jquery.min.js responded 200 in 1.0932 ms
2026-07-06 18:22:42.092 +03:00 [INF] HTTP GET /Inventory responded 200 in 57.6163 ms
2026-07-06 18:22:42.173 +03:00 [INF] HTTP GET /lib/bootstrap/dist/css/bootstrap.min.css responded 200 in 1.2638 ms
2026-07-06 18:22:42.220 +03:00 [INF] HTTP GET /css/site.css responded 200 in 45.0795 ms
2026-07-06 18:22:42.224 +03:00 [INF] HTTP GET /Biktal.WebMVC.styles.css responded 200 in 1.9524 ms
2026-07-06 18:22:42.238 +03:00 [INF] HTTP GET /lib/jquery/dist/jquery.min.js responded 200 in 1.4471 ms
2026-07-06 18:22:42.256 +03:00 [INF] HTTP GET /js/site.js responded 200 in 0.8117 ms
2026-07-06 18:22:42.260 +03:00 [INF] HTTP GET /lib/bootstrap/dist/js/bootstrap.bundle.min.js responded 200 in 0.9964 ms
2026-07-06 18:22:46.570 +03:00 [INF] HTTP GET /Inventory/Products responded 200 in 95.2504 ms
2026-07-06 18:22:46.604 +03:00 [INF] HTTP GET /css/site.css responded 200 in 1.3087 ms
2026-07-06 18:22:46.609 +03:00 [INF] HTTP GET /Biktal.WebMVC.styles.css responded 200 in 4.8181 ms
2026-07-06 18:22:46.610 +03:00 [INF] HTTP GET /lib/bootstrap/dist/css/bootstrap.min.css responded 200 in 1.6470 ms
2026-07-06 18:22:47.612 +03:00 [INF] HTTP GET /lib/jquery/dist/jquery.min.js responded 200 in 0.6899 ms
2026-07-06 18:22:47.639 +03:00 [INF] HTTP GET /js/site.js responded 200 in 0.7155 ms
2026-07-06 18:22:47.639 +03:00 [INF] HTTP GET /lib/bootstrap/dist/js/bootstrap.bundle.min.js responded 200 in 0.9887 ms
2026-07-06 18:22:47.640 +03:00 [INF] HTTP GET /lib/jquery-validation-unobtrusive/dist/jquery.validate.unobtrusive.min.js responded 200 in 1.2606 ms
2026-07-06 18:22:47.667 +03:00 [INF] HTTP GET /lib/jquery-validation/dist/jquery.validate.min.js responded 200 in 0.9054 ms
2026-07-06 18:22:47.667 +03:00 [INF] HTTP GET /js/products-catalog-filter.js responded 200 in 0.6621 ms
2026-07-06 18:23:05.591 +03:00 [INF] HTTP GET /Pos responded 200 in 16.2903 ms
2026-07-06 18:23:05.646 +03:00 [INF] HTTP GET /lib/bootstrap/dist/css/bootstrap.min.css responded 304 in 0.4130 ms
2026-07-06 18:23:05.660 +03:00 [INF] HTTP GET /lib/jquery/dist/jquery.min.js responded 304 in 0.7451 ms
2026-07-06 18:23:05.660 +03:00 [INF] HTTP GET /css/site.css responded 304 in 1.5502 ms
2026-07-06 18:23:05.660 +03:00 [INF] HTTP GET /lib/bootstrap/dist/js/bootstrap.bundle.min.js responded 304 in 0.3347 ms
2026-07-06 18:23:05.660 +03:00 [INF] HTTP GET /js/site.js responded 304 in 0.2690 ms
2026-07-06 18:23:05.661 +03:00 [INF] HTTP GET /Biktal.WebMVC.styles.css responded 304 in 0.2910 ms
2026-07-06 18:23:05.663 +03:00 [INF] HTTP GET /js/pos.js responded 200 in 2.1709 ms
2026-07-06 18:24:12.275 +03:00 [INF] HTTP GET /Inventory responded 200 in 143.0316 ms
2026-07-06 18:24:12.345 +03:00 [INF] HTTP GET /lib/bootstrap/dist/css/bootstrap.min.css responded 200 in 16.5503 ms
2026-07-06 18:24:12.359 +03:00 [INF] HTTP GET /css/site.css responded 304 in 2.5599 ms
2026-07-06 18:24:12.365 +03:00 [INF] HTTP GET /lib/jquery/dist/jquery.min.js responded 304 in 0.3902 ms
2026-07-06 18:24:12.365 +03:00 [INF] HTTP GET /Biktal.WebMVC.styles.css responded 304 in 0.3916 ms
2026-07-06 18:24:12.368 +03:00 [INF] HTTP GET /js/site.js responded 304 in 0.5671 ms
2026-07-06 18:24:12.369 +03:00 [INF] HTTP GET /lib/bootstrap/dist/js/bootstrap.bundle.min.js responded 304 in 0.5416 ms
2026-07-06 18:24:14.579 +03:00 [INF] HTTP GET /Inventory/Products responded 200 in 70.0857 ms
2026-07-06 18:24:14.618 +03:00 [INF] HTTP GET /css/site.css responded 304 in 0.5019 ms
2026-07-06 18:24:14.619 +03:00 [INF] HTTP GET /Biktal.WebMVC.styles.css responded 304 in 0.3821 ms
2026-07-06 18:24:14.622 +03:00 [INF] HTTP GET /lib/bootstrap/dist/css/bootstrap.min.css responded 304 in 0.5857 ms
2026-07-06 18:24:15.328 +03:00 [INF] HTTP GET /lib/jquery/dist/jquery.min.js responded 304 in 0.2593 ms
2026-07-06 18:24:15.351 +03:00 [INF] HTTP GET /lib/bootstrap/dist/js/bootstrap.bundle.min.js responded 304 in 0.3282 ms
2026-07-06 18:24:15.352 +03:00 [INF] HTTP GET /js/site.js responded 304 in 0.5833 ms
2026-07-06 18:24:15.354 +03:00 [INF] HTTP GET /lib/jquery-validation/dist/jquery.validate.min.js responded 304 in 1.1503 ms
2026-07-06 18:24:15.356 +03:00 [INF] HTTP GET /lib/jquery-validation-unobtrusive/dist/jquery.validate.unobtrusive.min.js responded 304 in 0.5680 ms
2026-07-06 18:24:15.361 +03:00 [INF] HTTP GET /js/products-catalog-filter.js responded 304 in 0.5064 ms
2026-07-06 18:24:38.413 +03:00 [INF] HTTP GET /Pos responded 200 in 20.1778 ms
2026-07-06 18:24:38.492 +03:00 [INF] HTTP GET /css/site.css responded 304 in 1.2986 ms
2026-07-06 18:24:38.495 +03:00 [INF] HTTP GET /lib/jquery/dist/jquery.min.js responded 304 in 0.6121 ms
2026-07-06 18:24:38.495 +03:00 [INF] HTTP GET /lib/bootstrap/dist/js/bootstrap.bundle.min.js responded 304 in 0.3476 ms
2026-07-06 18:24:38.496 +03:00 [INF] HTTP GET /js/site.js responded 304 in 0.4503 ms
2026-07-06 18:24:38.497 +03:00 [INF] HTTP GET /lib/bootstrap/dist/css/bootstrap.min.css responded 200 in 24.8146 ms
2026-07-06 18:24:38.507 +03:00 [INF] HTTP GET /Biktal.WebMVC.styles.css responded 304 in 1.1909 ms
2026-07-06 18:24:38.512 +03:00 [INF] HTTP GET /js/pos.js responded 304 in 1.7933 ms
2026-07-06 18:25:05.304 +03:00 [INF] HTTP GET /Inventory responded 200 in 25.3436 ms
2026-07-06 18:25:05.377 +03:00 [INF] HTTP GET /css/site.css responded 304 in 0.4798 ms
2026-07-06 18:25:05.377 +03:00 [INF] HTTP GET /lib/bootstrap/dist/css/bootstrap.min.css responded 200 in 1.4354 ms
2026-07-06 18:25:05.475 +03:00 [INF] HTTP GET /lib/jquery/dist/jquery.min.js responded 304 in 0.4198 ms
2026-07-06 18:25:05.526 +03:00 [INF] HTTP GET /lib/bootstrap/dist/js/bootstrap.bundle.min.js responded 304 in 0.3684 ms
2026-07-06 18:25:05.527 +03:00 [INF] HTTP GET /js/site.js responded 304 in 1.2897 ms
2026-07-06 18:25:05.545 +03:00 [INF] HTTP GET /Biktal.WebMVC.styles.css responded 304 in 0.4968 ms
2026-07-06 18:25:06.841 +03:00 [INF] HTTP GET /Inventory/Products responded 200 in 66.9666 ms
2026-07-06 18:25:06.894 +03:00 [INF] HTTP GET /lib/bootstrap/dist/css/bootstrap.min.css responded 304 in 0.5151 ms
2026-07-06 18:25:06.895 +03:00 [INF] HTTP GET /css/site.css responded 304 in 0.7152 ms
2026-07-06 18:25:06.933 +03:00 [INF] HTTP GET /Biktal.WebMVC.styles.css responded 304 in 34.5484 ms
2026-07-06 18:25:07.620 +03:00 [INF] HTTP GET /lib/jquery/dist/jquery.min.js responded 304 in 0.3978 ms
2026-07-06 18:25:07.646 +03:00 [INF] HTTP GET /lib/bootstrap/dist/js/bootstrap.bundle.min.js responded 304 in 0.3447 ms
2026-07-06 18:25:07.647 +03:00 [INF] HTTP GET /lib/jquery-validation/dist/jquery.validate.min.js responded 304 in 0.3528 ms
2026-07-06 18:25:07.647 +03:00 [INF] HTTP GET /js/site.js responded 304 in 0.3958 ms
2026-07-06 18:25:07.651 +03:00 [INF] HTTP GET /lib/jquery-validation-unobtrusive/dist/jquery.validate.unobtrusive.min.js responded 304 in 0.6004 ms
2026-07-06 18:25:07.652 +03:00 [INF] HTTP GET /js/products-catalog-filter.js responded 304 in 0.8662 ms
2026-07-06 18:25:17.276 +03:00 [INF] HTTP GET /Inventory/Products responded 200 in 54.8442 ms
2026-07-06 18:25:17.341 +03:00 [INF] HTTP GET /lib/bootstrap/dist/css/bootstrap.min.css responded 304 in 0.4627 ms
2026-07-06 18:25:17.347 +03:00 [INF] HTTP GET /css/site.css responded 304 in 1.0759 ms
2026-07-06 18:25:17.351 +03:00 [INF] HTTP GET /Biktal.WebMVC.styles.css responded 304 in 1.1235 ms
2026-07-06 18:25:18.275 +03:00 [INF] HTTP GET /lib/jquery/dist/jquery.min.js responded 304 in 0.2632 ms
2026-07-06 18:25:18.295 +03:00 [INF] HTTP GET /js/site.js responded 304 in 0.4226 ms
2026-07-06 18:25:18.295 +03:00 [INF] HTTP GET /lib/bootstrap/dist/js/bootstrap.bundle.min.js responded 304 in 0.4469 ms
2026-07-06 18:25:18.296 +03:00 [INF] HTTP GET /lib/jquery-validation/dist/jquery.validate.min.js responded 304 in 0.4158 ms
2026-07-06 18:25:18.297 +03:00 [INF] HTTP GET /lib/jquery-validation-unobtrusive/dist/jquery.validate.unobtrusive.min.js responded 304 in 0.5987 ms
2026-07-06 18:25:18.297 +03:00 [INF] HTTP GET /js/products-catalog-filter.js responded 304 in 0.7888 ms
2026-07-06 18:25:26.376 +03:00 [INF] HTTP GET /Pos responded 200 in 15.1246 ms
2026-07-06 18:25:26.429 +03:00 [INF] HTTP GET /lib/bootstrap/dist/css/bootstrap.min.css responded 304 in 0.4681 ms
2026-07-06 18:25:26.444 +03:00 [INF] HTTP GET /css/site.css responded 304 in 0.7405 ms
2026-07-06 18:25:26.445 +03:00 [INF] HTTP GET /lib/jquery/dist/jquery.min.js responded 304 in 0.2667 ms
2026-07-06 18:25:26.445 +03:00 [INF] HTTP GET /Biktal.WebMVC.styles.css responded 304 in 0.5445 ms
2026-07-06 18:25:26.445 +03:00 [INF] HTTP GET /lib/bootstrap/dist/js/bootstrap.bundle.min.js responded 304 in 0.3766 ms
2026-07-06 18:25:26.446 +03:00 [INF] HTTP GET /js/site.js responded 304 in 0.4570 ms
2026-07-06 18:25:26.455 +03:00 [INF] HTTP GET /js/pos.js responded 304 in 3.2714 ms
2026-07-06 18:26:11.878 +03:00 [INF] HTTP POST /Pos/CompleteSale responded 200 in 548.9506 ms
2026-07-06 18:40:19.694 +03:00 [INF] HTTP GET /Inventory responded 200 in 193.5365 ms
2026-07-06 18:40:19.769 +03:00 [INF] HTTP GET /css/site.css responded 200 in 1.3091 ms
2026-07-06 18:40:19.771 +03:00 [INF] HTTP GET /Biktal.WebMVC.styles.css responded 200 in 0.7490 ms
2026-07-06 18:40:19.772 +03:00 [INF] HTTP GET /lib/jquery/dist/jquery.min.js responded 200 in 0.8638 ms
2026-07-06 18:40:19.773 +03:00 [INF] HTTP GET /lib/bootstrap/dist/js/bootstrap.bundle.min.js responded 200 in 0.7519 ms
2026-07-06 18:40:19.777 +03:00 [INF] HTTP GET /lib/bootstrap/dist/css/bootstrap.min.css responded 200 in 4.0538 ms
2026-07-06 18:40:19.778 +03:00 [INF] HTTP GET /js/site.js responded 200 in 0.7260 ms
2026-07-06 18:40:21.481 +03:00 [INF] HTTP GET /Inventory/Products responded 200 in 63.4671 ms
2026-07-06 18:40:21.527 +03:00 [INF] HTTP GET /lib/bootstrap/dist/css/bootstrap.min.css responded 200 in 2.0492 ms
2026-07-06 18:40:21.527 +03:00 [INF] HTTP GET /css/site.css responded 200 in 0.7818 ms
2026-07-06 18:40:21.529 +03:00 [INF] HTTP GET /Biktal.WebMVC.styles.css responded 200 in 1.9423 ms
2026-07-06 18:40:22.398 +03:00 [INF] HTTP GET /lib/jquery/dist/jquery.min.js responded 304 in 0.2478 ms
2026-07-06 18:40:22.424 +03:00 [INF] HTTP GET /js/site.js responded 304 in 0.3993 ms
2026-07-06 18:40:22.424 +03:00 [INF] HTTP GET /lib/bootstrap/dist/js/bootstrap.bundle.min.js responded 304 in 0.4908 ms
2026-07-06 18:40:22.424 +03:00 [INF] HTTP GET /js/products-catalog-filter.js responded 200 in 0.6527 ms
2026-07-06 18:40:22.425 +03:00 [INF] HTTP GET /lib/jquery-validation/dist/jquery.validate.min.js responded 200 in 0.7751 ms
2026-07-06 18:40:22.435 +03:00 [INF] HTTP GET /lib/jquery-validation-unobtrusive/dist/jquery.validate.unobtrusive.min.js responded 200 in 10.7931 ms
2026-07-06 19:01:12.886 +03:00 [INF] Application is shutting down...
2026-07-06 19:25:55.633 +03:00 [ERR] Failed executing DbCommand (19ms) [Parameters=[@p0='?' (DbType = Guid), @p1='?' (DbType = DateTime), @p2='?' (DbType = Guid), @p3='?', @p4='?' (DbType = DateTime), @p5='?' (DbType = Int32), @p6='?' (DbType = Int32), @p7='?', @p8='?', @p9='?' (DbType = Guid), @p10='?' (DbType = DateTime), @p11='?' (DbType = Guid), @p12='?', @p13='?' (DbType = DateTime), @p14='?' (DbType = Int32), @p15='?' (DbType = Int32), @p16='?', @p17='?'], CommandType='"Text"', CommandTimeout='30']
INSERT INTO "CrmSupportTickets" ("Id", "CreatedAtUtc", "CustomerId", "Description", "ModifiedAtUtc", "Priority", "Status", "Subject", "TicketNumber")
VALUES (@p0, @p1, @p2, @p3, @p4, @p5, @p6, @p7, @p8);
INSERT INTO "CrmSupportTickets" ("Id", "CreatedAtUtc", "CustomerId", "Description", "ModifiedAtUtc", "Priority", "Status", "Subject", "TicketNumber")
VALUES (@p9, @p10, @p11, @p12, @p13, @p14, @p15, @p16, @p17);
2026-07-06 19:25:55.710 +03:00 [ERR] An exception occurred in the database while saving changes for context type 'Biktal.Infrastructure.Persistence.ApplicationDbContext'.
Microsoft.EntityFrameworkCore.DbUpdateException: An error occurred while saving the entity changes. See the inner exception for details.
 ---> Npgsql.PostgresException (0x80004005): 23503: insert or update on table "CrmSupportTickets" violates foreign key constraint "FK_CrmSupportTickets_CrmCustomers_CustomerId"

DETAIL: Detail redacted as it may contain sensitive data. Specify 'Include Error Detail' in the connection string to include this information.
   at Npgsql.Internal.NpgsqlConnector.ReadMessageLong(Boolean async, DataRowLoadingMode dataRowLoadingMode, Boolean readingNotifications, Boolean isReadingPrependedMessage)
   at System.Runtime.CompilerServices.PoolingAsyncValueTaskMethodBuilder`1.StateMachineBox`1.System.Threading.Tasks.Sources.IValueTaskSource<TResult>.GetResult(Int16 token)
   at Npgsql.NpgsqlDataReader.NextResult(Boolean async, Boolean isConsuming, CancellationToken cancellationToken)
   at Npgsql.NpgsqlDataReader.NextResult(Boolean async, Boolean isConsuming, CancellationToken cancellationToken)
   at Npgsql.NpgsqlCommand.ExecuteReader(Boolean async, CommandBehavior behavior, CancellationToken cancellationToken)
   at Npgsql.NpgsqlCommand.ExecuteReader(Boolean async, CommandBehavior behavior, CancellationToken cancellationToken)
   at Npgsql.NpgsqlCommand.ExecuteDbDataReaderAsync(CommandBehavior behavior, CancellationToken cancellationToken)
   at Microsoft.EntityFrameworkCore.Storage.RelationalCommand.ExecuteReaderAsync(RelationalCommandParameterObject parameterObject, CancellationToken cancellationToken)
   at Microsoft.EntityFrameworkCore.Storage.RelationalCommand.ExecuteReaderAsync(RelationalCommandParameterObject parameterObject, CancellationToken cancellationToken)
   at Microsoft.EntityFrameworkCore.Update.ReaderModificationCommandBatch.ExecuteAsync(IRelationalConnection connection, CancellationToken cancellationToken)
  Exception data:
    Severity: ERROR
    SqlState: 23503
    MessageText: insert or update on table "CrmSupportTickets" violates foreign key constraint "FK_CrmSupportTickets_CrmCustomers_CustomerId"
    Detail: Detail redacted as it may contain sensitive data. Specify 'Include Error Detail' in the connection string to include this information.
    SchemaName: public
    TableName: CrmSupportTickets
    ConstraintName: FK_CrmSupportTickets_CrmCustomers_CustomerId
    File: ri_triggers.c
    Line: 2783
    Routine: ri_ReportViolation
   --- End of inner exception stack trace ---
   at Microsoft.EntityFrameworkCore.Update.ReaderModificationCommandBatch.ExecuteAsync(IRelationalConnection connection, CancellationToken cancellationToken)
   at Microsoft.EntityFrameworkCore.Update.Internal.BatchExecutor.ExecuteAsync(IEnumerable`1 commandBatches, IRelationalConnection connection, CancellationToken cancellationToken)
   at Microsoft.EntityFrameworkCore.Update.Internal.BatchExecutor.ExecuteAsync(IEnumerable`1 commandBatches, IRelationalConnection connection, CancellationToken cancellationToken)
   at Microsoft.EntityFrameworkCore.Update.Internal.BatchExecutor.ExecuteAsync(IEnumerable`1 commandBatches, IRelationalConnection connection, CancellationToken cancellationToken)
   at Microsoft.EntityFrameworkCore.Storage.RelationalDatabase.SaveChangesAsync(IList`1 entries, CancellationToken cancellationToken)
   at Microsoft.EntityFrameworkCore.ChangeTracking.Internal.StateManager.SaveChangesAsync(IList`1 entriesToSave, CancellationToken cancellationToken)
   at Microsoft.EntityFrameworkCore.ChangeTracking.Internal.StateManager.SaveChangesAsync(StateManager stateManager, Boolean acceptAllChangesOnSuccess, CancellationToken cancellationToken)
   at Npgsql.EntityFrameworkCore.PostgreSQL.Storage.Internal.NpgsqlExecutionStrategy.ExecuteAsync[TState,TResult](TState state, Func`4 operation, Func`4 verifySucceeded, CancellationToken cancellationToken)
   at Microsoft.EntityFrameworkCore.DbContext.SaveChangesAsync(Boolean acceptAllChangesOnSuccess, CancellationToken cancellationToken)
Microsoft.EntityFrameworkCore.DbUpdateException: An error occurred while saving the entity changes. See the inner exception for details.
 ---> Npgsql.PostgresException (0x80004005): 23503: insert or update on table "CrmSupportTickets" violates foreign key constraint "FK_CrmSupportTickets_CrmCustomers_CustomerId"

DETAIL: Detail redacted as it may contain sensitive data. Specify 'Include Error Detail' in the connection string to include this information.
   at Npgsql.Internal.NpgsqlConnector.ReadMessageLong(Boolean async, DataRowLoadingMode dataRowLoadingMode, Boolean readingNotifications, Boolean isReadingPrependedMessage)
   at System.Runtime.CompilerServices.PoolingAsyncValueTaskMethodBuilder`1.StateMachineBox`1.System.Threading.Tasks.Sources.IValueTaskSource<TResult>.GetResult(Int16 token)
   at Npgsql.NpgsqlDataReader.NextResult(Boolean async, Boolean isConsuming, CancellationToken cancellationToken)
   at Npgsql.NpgsqlDataReader.NextResult(Boolean async, Boolean isConsuming, CancellationToken cancellationToken)
   at Npgsql.NpgsqlCommand.ExecuteReader(Boolean async, CommandBehavior behavior, CancellationToken cancellationToken)
   at Npgsql.NpgsqlCommand.ExecuteReader(Boolean async, CommandBehavior behavior, CancellationToken cancellationToken)
   at Npgsql.NpgsqlCommand.ExecuteDbDataReaderAsync(CommandBehavior behavior, CancellationToken cancellationToken)
   at Microsoft.EntityFrameworkCore.Storage.RelationalCommand.ExecuteReaderAsync(RelationalCommandParameterObject parameterObject, CancellationToken cancellationToken)
   at Microsoft.EntityFrameworkCore.Storage.RelationalCommand.ExecuteReaderAsync(RelationalCommandParameterObject parameterObject, CancellationToken cancellationToken)
   at Microsoft.EntityFrameworkCore.Update.ReaderModificationCommandBatch.ExecuteAsync(IRelationalConnection connection, CancellationToken cancellationToken)
  Exception data:
    Severity: ERROR
    SqlState: 23503
    MessageText: insert or update on table "CrmSupportTickets" violates foreign key constraint "FK_CrmSupportTickets_CrmCustomers_CustomerId"
    Detail: Detail redacted as it may contain sensitive data. Specify 'Include Error Detail' in the connection string to include this information.
    SchemaName: public
    TableName: CrmSupportTickets
    ConstraintName: FK_CrmSupportTickets_CrmCustomers_CustomerId
    File: ri_triggers.c
    Line: 2783
    Routine: ri_ReportViolation
   --- End of inner exception stack trace ---
   at Microsoft.EntityFrameworkCore.Update.ReaderModificationCommandBatch.ExecuteAsync(IRelationalConnection connection, CancellationToken cancellationToken)
   at Microsoft.EntityFrameworkCore.Update.Internal.BatchExecutor.ExecuteAsync(IEnumerable`1 commandBatches, IRelationalConnection connection, CancellationToken cancellationToken)
   at Microsoft.EntityFrameworkCore.Update.Internal.BatchExecutor.ExecuteAsync(IEnumerable`1 commandBatches, IRelationalConnection connection, CancellationToken cancellationToken)
   at Microsoft.EntityFrameworkCore.Update.Internal.BatchExecutor.ExecuteAsync(IEnumerable`1 commandBatches, IRelationalConnection connection, CancellationToken cancellationToken)
   at Microsoft.EntityFrameworkCore.Storage.RelationalDatabase.SaveChangesAsync(IList`1 entries, CancellationToken cancellationToken)
   at Microsoft.EntityFrameworkCore.ChangeTracking.Internal.StateManager.SaveChangesAsync(IList`1 entriesToSave, CancellationToken cancellationToken)
   at Microsoft.EntityFrameworkCore.ChangeTracking.Internal.StateManager.SaveChangesAsync(StateManager stateManager, Boolean acceptAllChangesOnSuccess, CancellationToken cancellationToken)
   at Npgsql.EntityFrameworkCore.PostgreSQL.Storage.Internal.NpgsqlExecutionStrategy.ExecuteAsync[TState,TResult](TState state, Func`4 operation, Func`4 verifySucceeded, CancellationToken cancellationToken)
   at Microsoft.EntityFrameworkCore.DbContext.SaveChangesAsync(Boolean acceptAllChangesOnSuccess, CancellationToken cancellationToken)
2026-07-06 19:25:55.716 +03:00 [ERR] Database migration or seed failed. Check PostgreSQL is running and ConnectionStrings:DefaultConnection is correct.
Microsoft.EntityFrameworkCore.DbUpdateException: An error occurred while saving the entity changes. See the inner exception for details.
 ---> Npgsql.PostgresException (0x80004005): 23503: insert or update on table "CrmSupportTickets" violates foreign key constraint "FK_CrmSupportTickets_CrmCustomers_CustomerId"

DETAIL: Detail redacted as it may contain sensitive data. Specify 'Include Error Detail' in the connection string to include this information.
   at Npgsql.Internal.NpgsqlConnector.ReadMessageLong(Boolean async, DataRowLoadingMode dataRowLoadingMode, Boolean readingNotifications, Boolean isReadingPrependedMessage)
   at System.Runtime.CompilerServices.PoolingAsyncValueTaskMethodBuilder`1.StateMachineBox`1.System.Threading.Tasks.Sources.IValueTaskSource<TResult>.GetResult(Int16 token)
   at Npgsql.NpgsqlDataReader.NextResult(Boolean async, Boolean isConsuming, CancellationToken cancellationToken)
   at Npgsql.NpgsqlDataReader.NextResult(Boolean async, Boolean isConsuming, CancellationToken cancellationToken)
   at Npgsql.NpgsqlCommand.ExecuteReader(Boolean async, CommandBehavior behavior, CancellationToken cancellationToken)
   at Npgsql.NpgsqlCommand.ExecuteReader(Boolean async, CommandBehavior behavior, CancellationToken cancellationToken)
   at Npgsql.NpgsqlCommand.ExecuteDbDataReaderAsync(CommandBehavior behavior, CancellationToken cancellationToken)
   at Microsoft.EntityFrameworkCore.Storage.RelationalCommand.ExecuteReaderAsync(RelationalCommandParameterObject parameterObject, CancellationToken cancellationToken)
   at Microsoft.EntityFrameworkCore.Storage.RelationalCommand.ExecuteReaderAsync(RelationalCommandParameterObject parameterObject, CancellationToken cancellationToken)
   at Microsoft.EntityFrameworkCore.Update.ReaderModificationCommandBatch.ExecuteAsync(IRelationalConnection connection, CancellationToken cancellationToken)
  Exception data:
    Severity: ERROR
    SqlState: 23503
    MessageText: insert or update on table "CrmSupportTickets" violates foreign key constraint "FK_CrmSupportTickets_CrmCustomers_CustomerId"
    Detail: Detail redacted as it may contain sensitive data. Specify 'Include Error Detail' in the connection string to include this information.
    SchemaName: public
    TableName: CrmSupportTickets
    ConstraintName: FK_CrmSupportTickets_CrmCustomers_CustomerId
    File: ri_triggers.c
    Line: 2783
    Routine: ri_ReportViolation
   --- End of inner exception stack trace ---
   at Microsoft.EntityFrameworkCore.Update.ReaderModificationCommandBatch.ExecuteAsync(IRelationalConnection connection, CancellationToken cancellationToken)
   at Microsoft.EntityFrameworkCore.Update.Internal.BatchExecutor.ExecuteAsync(IEnumerable`1 commandBatches, IRelationalConnection connection, CancellationToken cancellationToken)
   at Microsoft.EntityFrameworkCore.Update.Internal.BatchExecutor.ExecuteAsync(IEnumerable`1 commandBatches, IRelationalConnection connection, CancellationToken cancellationToken)
   at Microsoft.EntityFrameworkCore.Update.Internal.BatchExecutor.ExecuteAsync(IEnumerable`1 commandBatches, IRelationalConnection connection, CancellationToken cancellationToken)
   at Microsoft.EntityFrameworkCore.Storage.RelationalDatabase.SaveChangesAsync(IList`1 entries, CancellationToken cancellationToken)
   at Microsoft.EntityFrameworkCore.ChangeTracking.Internal.StateManager.SaveChangesAsync(IList`1 entriesToSave, CancellationToken cancellationToken)
   at Microsoft.EntityFrameworkCore.ChangeTracking.Internal.StateManager.SaveChangesAsync(StateManager stateManager, Boolean acceptAllChangesOnSuccess, CancellationToken cancellationToken)
   at Npgsql.EntityFrameworkCore.PostgreSQL.Storage.Internal.NpgsqlExecutionStrategy.ExecuteAsync[TState,TResult](TState state, Func`4 operation, Func`4 verifySucceeded, CancellationToken cancellationToken)
   at Microsoft.EntityFrameworkCore.DbContext.SaveChangesAsync(Boolean acceptAllChangesOnSuccess, CancellationToken cancellationToken)
   at Microsoft.EntityFrameworkCore.DbContext.SaveChangesAsync(Boolean acceptAllChangesOnSuccess, CancellationToken cancellationToken)
   at Biktal.Infrastructure.Persistence.CrmDataSeeder.SeedIfEmptyAsync(ApplicationDbContext db, CancellationToken cancellationToken)
   at Program.<Main>$(String[] args) in d:\Systems\BiktalSystems\Program.cs:line 71
2026-07-06 19:25:55.731 +03:00 [WRN] Continuing without a successful migration/seed. Auth and data pages may fail until the database is available.
2026-07-06 19:25:55.756 +03:00 [WRN] Using an in-memory repository. Keys will not be persisted to storage.
2026-07-06 19:25:55.757 +03:00 [WRN] Neither user profile nor HKLM registry available. Using an ephemeral key repository. Protected data will be unavailable when application exits.
2026-07-06 19:25:55.776 +03:00 [WRN] No XML encryptor configured. Key {5fd60b7e-dd07-4013-8f88-4adc929df12a} may be persisted to storage in unencrypted form.
2026-07-06 19:25:55.827 +03:00 [INF] Application started. Press Ctrl+C to shut down.
2026-07-06 19:25:55.827 +03:00 [INF] Hosting environment: Production
2026-07-06 19:25:55.827 +03:00 [INF] Content root path: D:\Systems\BiktalSystems\publish
2026-07-06 19:25:55.934 +03:00 [INF] HTTP GET /Pos responded 302 in 83.1751 ms
2026-07-06 19:25:56.092 +03:00 [ERR] An exception was thrown while deserializing the token.
Microsoft.AspNetCore.Antiforgery.AntiforgeryValidationException: The antiforgery token could not be decrypted.
 ---> System.Security.Cryptography.CryptographicException: The key {39c658f0-5461-49a2-883c-63cafa0716e0} was not found in the key ring. For more information go to https://aka.ms/aspnet/dataprotectionwarning
   at Microsoft.AspNetCore.DataProtection.KeyManagement.KeyRingBasedDataProtector.UnprotectCore(Byte[] protectedData, Boolean allowOperationsOnRevokedKeys, UnprotectStatus& status)
   at Microsoft.AspNetCore.DataProtection.KeyManagement.KeyRingBasedDataProtector.Unprotect(Byte[] protectedData)
   at Microsoft.AspNetCore.Antiforgery.DefaultAntiforgeryTokenSerializer.Deserialize(String serializedToken)
   --- End of inner exception stack trace ---
   at Microsoft.AspNetCore.Antiforgery.DefaultAntiforgeryTokenSerializer.Deserialize(String serializedToken)
   at Microsoft.AspNetCore.Antiforgery.DefaultAntiforgery.GetCookieTokenDoesNotThrow(HttpContext httpContext)
2026-07-06 19:25:56.213 +03:00 [INF] HTTP GET /Account/Login responded 200 in 260.8629 ms
2026-07-06 19:25:56.441 +03:00 [INF] HTTP GET /js/site.js responded 200 in 119.9356 ms
2026-07-06 19:25:56.441 +03:00 [INF] HTTP GET /Biktal.WebMVC.styles.css responded 200 in 127.2265 ms
2026-07-06 19:25:56.443 +03:00 [INF] HTTP GET /lib/jquery-validation/dist/jquery.validate.min.js responded 200 in 120.3929 ms
2026-07-06 19:25:56.443 +03:00 [INF] HTTP GET /lib/bootstrap/dist/css/bootstrap.min.css responded 200 in 137.2473 ms
2026-07-06 19:25:56.443 +03:00 [INF] HTTP GET /lib/jquery-validation-unobtrusive/dist/jquery.validate.unobtrusive.min.js responded 200 in 88.6496 ms
2026-07-06 19:25:56.445 +03:00 [INF] HTTP GET /lib/jquery/dist/jquery.min.js responded 200 in 134.5807 ms
2026-07-06 19:25:56.462 +03:00 [INF] HTTP GET /css/site.css responded 200 in 163.4072 ms
2026-07-06 19:25:56.481 +03:00 [INF] HTTP GET /lib/bootstrap/dist/js/bootstrap.bundle.min.js responded 200 in 166.8292 ms
2026-07-06 19:26:04.439 +03:00 [INF] HTTP POST /Account/Login responded 302 in 524.6585 ms
2026-07-06 19:26:04.489 +03:00 [WRN] The query uses the 'First'/'FirstOrDefault' operator without 'OrderBy' and filter operators. This may lead to unpredictable results.
2026-07-06 19:26:04.598 +03:00 [INF] HTTP GET /Pos responded 200 in 153.7257 ms
2026-07-06 19:26:04.677 +03:00 [INF] HTTP GET /lib/bootstrap/dist/css/bootstrap.min.css responded 304 in 25.9841 ms
2026-07-06 19:26:04.680 +03:00 [INF] HTTP GET /css/site.css responded 304 in 7.2055 ms
2026-07-06 19:26:04.726 +03:00 [INF] HTTP GET /Biktal.WebMVC.styles.css responded 304 in 37.5366 ms
2026-07-06 19:26:04.726 +03:00 [INF] HTTP GET /lib/jquery/dist/jquery.min.js responded 304 in 48.2934 ms
2026-07-06 19:26:04.733 +03:00 [INF] HTTP GET /js/site.js responded 304 in 51.7848 ms
2026-07-06 19:26:04.749 +03:00 [INF] HTTP GET /js/pos.js responded 200 in 64.7233 ms
2026-07-06 19:26:04.881 +03:00 [INF] HTTP GET /lib/bootstrap/dist/js/bootstrap.bundle.min.js responded 304 in 154.3370 ms
2026-07-06 19:27:01.851 +03:00 [INF] HTTP POST /Pos/CompleteSale responded 200 in 773.5643 ms
2026-07-06 20:10:41.580 +03:00 [ERR] Failed executing DbCommand (36ms) [Parameters=[@p0='?' (DbType = Guid), @p1='?' (DbType = DateTime), @p2='?' (DbType = Guid), @p3='?', @p4='?' (DbType = DateTime), @p5='?' (DbType = Int32), @p6='?' (DbType = Int32), @p7='?', @p8='?', @p9='?' (DbType = Guid), @p10='?' (DbType = DateTime), @p11='?' (DbType = Guid), @p12='?', @p13='?' (DbType = DateTime), @p14='?' (DbType = Int32), @p15='?' (DbType = Int32), @p16='?', @p17='?'], CommandType='"Text"', CommandTimeout='30']
INSERT INTO "CrmSupportTickets" ("Id", "CreatedAtUtc", "CustomerId", "Description", "ModifiedAtUtc", "Priority", "Status", "Subject", "TicketNumber")
VALUES (@p0, @p1, @p2, @p3, @p4, @p5, @p6, @p7, @p8);
INSERT INTO "CrmSupportTickets" ("Id", "CreatedAtUtc", "CustomerId", "Description", "ModifiedAtUtc", "Priority", "Status", "Subject", "TicketNumber")
VALUES (@p9, @p10, @p11, @p12, @p13, @p14, @p15, @p16, @p17);
2026-07-06 20:10:41.681 +03:00 [ERR] An exception occurred in the database while saving changes for context type 'Biktal.Infrastructure.Persistence.ApplicationDbContext'.
Microsoft.EntityFrameworkCore.DbUpdateException: An error occurred while saving the entity changes. See the inner exception for details.
 ---> Npgsql.PostgresException (0x80004005): 23503: insert or update on table "CrmSupportTickets" violates foreign key constraint "FK_CrmSupportTickets_CrmCustomers_CustomerId"

DETAIL: Detail redacted as it may contain sensitive data. Specify 'Include Error Detail' in the connection string to include this information.
   at Npgsql.Internal.NpgsqlConnector.ReadMessageLong(Boolean async, DataRowLoadingMode dataRowLoadingMode, Boolean readingNotifications, Boolean isReadingPrependedMessage)
   at System.Runtime.CompilerServices.PoolingAsyncValueTaskMethodBuilder`1.StateMachineBox`1.System.Threading.Tasks.Sources.IValueTaskSource<TResult>.GetResult(Int16 token)
   at Npgsql.NpgsqlDataReader.NextResult(Boolean async, Boolean isConsuming, CancellationToken cancellationToken)
   at Npgsql.NpgsqlDataReader.NextResult(Boolean async, Boolean isConsuming, CancellationToken cancellationToken)
   at Npgsql.NpgsqlCommand.ExecuteReader(Boolean async, CommandBehavior behavior, CancellationToken cancellationToken)
   at Npgsql.NpgsqlCommand.ExecuteReader(Boolean async, CommandBehavior behavior, CancellationToken cancellationToken)
   at Npgsql.NpgsqlCommand.ExecuteDbDataReaderAsync(CommandBehavior behavior, CancellationToken cancellationToken)
   at Microsoft.EntityFrameworkCore.Storage.RelationalCommand.ExecuteReaderAsync(RelationalCommandParameterObject parameterObject, CancellationToken cancellationToken)
   at Microsoft.EntityFrameworkCore.Storage.RelationalCommand.ExecuteReaderAsync(RelationalCommandParameterObject parameterObject, CancellationToken cancellationToken)
   at Microsoft.EntityFrameworkCore.Update.ReaderModificationCommandBatch.ExecuteAsync(IRelationalConnection connection, CancellationToken cancellationToken)
  Exception data:
    Severity: ERROR
    SqlState: 23503
    MessageText: insert or update on table "CrmSupportTickets" violates foreign key constraint "FK_CrmSupportTickets_CrmCustomers_CustomerId"
    Detail: Detail redacted as it may contain sensitive data. Specify 'Include Error Detail' in the connection string to include this information.
    SchemaName: public
    TableName: CrmSupportTickets
    ConstraintName: FK_CrmSupportTickets_CrmCustomers_CustomerId
    File: ri_triggers.c
    Line: 2783
    Routine: ri_ReportViolation
   --- End of inner exception stack trace ---
   at Microsoft.EntityFrameworkCore.Update.ReaderModificationCommandBatch.ExecuteAsync(IRelationalConnection connection, CancellationToken cancellationToken)
   at Microsoft.EntityFrameworkCore.Update.Internal.BatchExecutor.ExecuteAsync(IEnumerable`1 commandBatches, IRelationalConnection connection, CancellationToken cancellationToken)
   at Microsoft.EntityFrameworkCore.Update.Internal.BatchExecutor.ExecuteAsync(IEnumerable`1 commandBatches, IRelationalConnection connection, CancellationToken cancellationToken)
   at Microsoft.EntityFrameworkCore.Update.Internal.BatchExecutor.ExecuteAsync(IEnumerable`1 commandBatches, IRelationalConnection connection, CancellationToken cancellationToken)
   at Microsoft.EntityFrameworkCore.Storage.RelationalDatabase.SaveChangesAsync(IList`1 entries, CancellationToken cancellationToken)
   at Microsoft.EntityFrameworkCore.ChangeTracking.Internal.StateManager.SaveChangesAsync(IList`1 entriesToSave, CancellationToken cancellationToken)
   at Microsoft.EntityFrameworkCore.ChangeTracking.Internal.StateManager.SaveChangesAsync(StateManager stateManager, Boolean acceptAllChangesOnSuccess, CancellationToken cancellationToken)
   at Npgsql.EntityFrameworkCore.PostgreSQL.Storage.Internal.NpgsqlExecutionStrategy.ExecuteAsync[TState,TResult](TState state, Func`4 operation, Func`4 verifySucceeded, CancellationToken cancellationToken)
   at Microsoft.EntityFrameworkCore.DbContext.SaveChangesAsync(Boolean acceptAllChangesOnSuccess, CancellationToken cancellationToken)
Microsoft.EntityFrameworkCore.DbUpdateException: An error occurred while saving the entity changes. See the inner exception for details.
 ---> Npgsql.PostgresException (0x80004005): 23503: insert or update on table "CrmSupportTickets" violates foreign key constraint "FK_CrmSupportTickets_CrmCustomers_CustomerId"

DETAIL: Detail redacted as it may contain sensitive data. Specify 'Include Error Detail' in the connection string to include this information.
   at Npgsql.Internal.NpgsqlConnector.ReadMessageLong(Boolean async, DataRowLoadingMode dataRowLoadingMode, Boolean readingNotifications, Boolean isReadingPrependedMessage)
   at System.Runtime.CompilerServices.PoolingAsyncValueTaskMethodBuilder`1.StateMachineBox`1.System.Threading.Tasks.Sources.IValueTaskSource<TResult>.GetResult(Int16 token)
   at Npgsql.NpgsqlDataReader.NextResult(Boolean async, Boolean isConsuming, CancellationToken cancellationToken)
   at Npgsql.NpgsqlDataReader.NextResult(Boolean async, Boolean isConsuming, CancellationToken cancellationToken)
   at Npgsql.NpgsqlCommand.ExecuteReader(Boolean async, CommandBehavior behavior, CancellationToken cancellationToken)
   at Npgsql.NpgsqlCommand.ExecuteReader(Boolean async, CommandBehavior behavior, CancellationToken cancellationToken)
   at Npgsql.NpgsqlCommand.ExecuteDbDataReaderAsync(CommandBehavior behavior, CancellationToken cancellationToken)
   at Microsoft.EntityFrameworkCore.Storage.RelationalCommand.ExecuteReaderAsync(RelationalCommandParameterObject parameterObject, CancellationToken cancellationToken)
   at Microsoft.EntityFrameworkCore.Storage.RelationalCommand.ExecuteReaderAsync(RelationalCommandParameterObject parameterObject, CancellationToken cancellationToken)
   at Microsoft.EntityFrameworkCore.Update.ReaderModificationCommandBatch.ExecuteAsync(IRelationalConnection connection, CancellationToken cancellationToken)
  Exception data:
    Severity: ERROR
    SqlState: 23503
    MessageText: insert or update on table "CrmSupportTickets" violates foreign key constraint "FK_CrmSupportTickets_CrmCustomers_CustomerId"
    Detail: Detail redacted as it may contain sensitive data. Specify 'Include Error Detail' in the connection string to include this information.
    SchemaName: public
    TableName: CrmSupportTickets
    ConstraintName: FK_CrmSupportTickets_CrmCustomers_CustomerId
    File: ri_triggers.c
    Line: 2783
    Routine: ri_ReportViolation
   --- End of inner exception stack trace ---
   at Microsoft.EntityFrameworkCore.Update.ReaderModificationCommandBatch.ExecuteAsync(IRelationalConnection connection, CancellationToken cancellationToken)
   at Microsoft.EntityFrameworkCore.Update.Internal.BatchExecutor.ExecuteAsync(IEnumerable`1 commandBatches, IRelationalConnection connection, CancellationToken cancellationToken)
   at Microsoft.EntityFrameworkCore.Update.Internal.BatchExecutor.ExecuteAsync(IEnumerable`1 commandBatches, IRelationalConnection connection, CancellationToken cancellationToken)
   at Microsoft.EntityFrameworkCore.Update.Internal.BatchExecutor.ExecuteAsync(IEnumerable`1 commandBatches, IRelationalConnection connection, CancellationToken cancellationToken)
   at Microsoft.EntityFrameworkCore.Storage.RelationalDatabase.SaveChangesAsync(IList`1 entries, CancellationToken cancellationToken)
   at Microsoft.EntityFrameworkCore.ChangeTracking.Internal.StateManager.SaveChangesAsync(IList`1 entriesToSave, CancellationToken cancellationToken)
   at Microsoft.EntityFrameworkCore.ChangeTracking.Internal.StateManager.SaveChangesAsync(StateManager stateManager, Boolean acceptAllChangesOnSuccess, CancellationToken cancellationToken)
   at Npgsql.EntityFrameworkCore.PostgreSQL.Storage.Internal.NpgsqlExecutionStrategy.ExecuteAsync[TState,TResult](TState state, Func`4 operation, Func`4 verifySucceeded, CancellationToken cancellationToken)
   at Microsoft.EntityFrameworkCore.DbContext.SaveChangesAsync(Boolean acceptAllChangesOnSuccess, CancellationToken cancellationToken)
2026-07-06 20:10:41.687 +03:00 [ERR] Database migration or seed failed. Check PostgreSQL is running and ConnectionStrings:DefaultConnection is correct.
Microsoft.EntityFrameworkCore.DbUpdateException: An error occurred while saving the entity changes. See the inner exception for details.
 ---> Npgsql.PostgresException (0x80004005): 23503: insert or update on table "CrmSupportTickets" violates foreign key constraint "FK_CrmSupportTickets_CrmCustomers_CustomerId"

DETAIL: Detail redacted as it may contain sensitive data. Specify 'Include Error Detail' in the connection string to include this information.
   at Npgsql.Internal.NpgsqlConnector.ReadMessageLong(Boolean async, DataRowLoadingMode dataRowLoadingMode, Boolean readingNotifications, Boolean isReadingPrependedMessage)
   at System.Runtime.CompilerServices.PoolingAsyncValueTaskMethodBuilder`1.StateMachineBox`1.System.Threading.Tasks.Sources.IValueTaskSource<TResult>.GetResult(Int16 token)
   at Npgsql.NpgsqlDataReader.NextResult(Boolean async, Boolean isConsuming, CancellationToken cancellationToken)
   at Npgsql.NpgsqlDataReader.NextResult(Boolean async, Boolean isConsuming, CancellationToken cancellationToken)
   at Npgsql.NpgsqlCommand.ExecuteReader(Boolean async, CommandBehavior behavior, CancellationToken cancellationToken)
   at Npgsql.NpgsqlCommand.ExecuteReader(Boolean async, CommandBehavior behavior, CancellationToken cancellationToken)
   at Npgsql.NpgsqlCommand.ExecuteDbDataReaderAsync(CommandBehavior behavior, CancellationToken cancellationToken)
   at Microsoft.EntityFrameworkCore.Storage.RelationalCommand.ExecuteReaderAsync(RelationalCommandParameterObject parameterObject, CancellationToken cancellationToken)
   at Microsoft.EntityFrameworkCore.Storage.RelationalCommand.ExecuteReaderAsync(RelationalCommandParameterObject parameterObject, CancellationToken cancellationToken)
   at Microsoft.EntityFrameworkCore.Update.ReaderModificationCommandBatch.ExecuteAsync(IRelationalConnection connection, CancellationToken cancellationToken)
  Exception data:
    Severity: ERROR
    SqlState: 23503
    MessageText: insert or update on table "CrmSupportTickets" violates foreign key constraint "FK_CrmSupportTickets_CrmCustomers_CustomerId"
    Detail: Detail redacted as it may contain sensitive data. Specify 'Include Error Detail' in the connection string to include this information.
    SchemaName: public
    TableName: CrmSupportTickets
    ConstraintName: FK_CrmSupportTickets_CrmCustomers_CustomerId
    File: ri_triggers.c
    Line: 2783
    Routine: ri_ReportViolation
   --- End of inner exception stack trace ---
   at Microsoft.EntityFrameworkCore.Update.ReaderModificationCommandBatch.ExecuteAsync(IRelationalConnection connection, CancellationToken cancellationToken)
   at Microsoft.EntityFrameworkCore.Update.Internal.BatchExecutor.ExecuteAsync(IEnumerable`1 commandBatches, IRelationalConnection connection, CancellationToken cancellationToken)
   at Microsoft.EntityFrameworkCore.Update.Internal.BatchExecutor.ExecuteAsync(IEnumerable`1 commandBatches, IRelationalConnection connection, CancellationToken cancellationToken)
   at Microsoft.EntityFrameworkCore.Update.Internal.BatchExecutor.ExecuteAsync(IEnumerable`1 commandBatches, IRelationalConnection connection, CancellationToken cancellationToken)
   at Microsoft.EntityFrameworkCore.Storage.RelationalDatabase.SaveChangesAsync(IList`1 entries, CancellationToken cancellationToken)
   at Microsoft.EntityFrameworkCore.ChangeTracking.Internal.StateManager.SaveChangesAsync(IList`1 entriesToSave, CancellationToken cancellationToken)
   at Microsoft.EntityFrameworkCore.ChangeTracking.Internal.StateManager.SaveChangesAsync(StateManager stateManager, Boolean acceptAllChangesOnSuccess, CancellationToken cancellationToken)
   at Npgsql.EntityFrameworkCore.PostgreSQL.Storage.Internal.NpgsqlExecutionStrategy.ExecuteAsync[TState,TResult](TState state, Func`4 operation, Func`4 verifySucceeded, CancellationToken cancellationToken)
   at Microsoft.EntityFrameworkCore.DbContext.SaveChangesAsync(Boolean acceptAllChangesOnSuccess, CancellationToken cancellationToken)
   at Microsoft.EntityFrameworkCore.DbContext.SaveChangesAsync(Boolean acceptAllChangesOnSuccess, CancellationToken cancellationToken)
   at Biktal.Infrastructure.Persistence.CrmDataSeeder.SeedIfEmptyAsync(ApplicationDbContext db, CancellationToken cancellationToken)
   at Program.<Main>$(String[] args) in d:\Systems\BiktalSystems\Program.cs:line 71
2026-07-06 20:10:41.710 +03:00 [WRN] Continuing without a successful migration/seed. Auth and data pages may fail until the database is available.
2026-07-06 20:10:41.744 +03:00 [WRN] Using an in-memory repository. Keys will not be persisted to storage.
2026-07-06 20:10:41.744 +03:00 [WRN] Neither user profile nor HKLM registry available. Using an ephemeral key repository. Protected data will be unavailable when application exits.
2026-07-06 20:10:41.779 +03:00 [WRN] No XML encryptor configured. Key {b306e196-1fa5-45c8-938e-b118c46576be} may be persisted to storage in unencrypted form.
2026-07-06 20:10:41.839 +03:00 [INF] Application started. Press Ctrl+C to shut down.
2026-07-06 20:10:41.839 +03:00 [INF] Hosting environment: Production
2026-07-06 20:10:41.839 +03:00 [INF] Content root path: D:\Systems\BiktalSystems\publish
2026-07-06 20:10:42.052 +03:00 [INF] HTTP GET /css/site.css responded 200 in 173.1532 ms
2026-07-06 20:10:42.052 +03:00 [INF] HTTP GET /Biktal.WebMVC.styles.css responded 200 in 173.1624 ms
2026-07-06 20:10:42.052 +03:00 [INF] HTTP GET /js/products-catalog-filter.js responded 200 in 166.7147 ms
2026-07-06 20:10:42.074 +03:00 [INF] HTTP GET /lib/bootstrap/dist/css/bootstrap.min.css responded 200 in 198.3925 ms
2026-07-06 20:10:42.074 +03:00 [INF] HTTP GET /lib/jquery/dist/jquery.min.js responded 200 in 198.4135 ms
2026-07-06 20:10:42.076 +03:00 [INF] HTTP GET /lib/bootstrap/dist/js/bootstrap.bundle.min.js responded 200 in 194.1865 ms
2026-07-06 20:10:42.078 +03:00 [INF] HTTP GET /lib/jquery-validation/dist/jquery.validate.min.js responded 200 in 196.0721 ms
2026-07-06 20:10:42.101 +03:00 [INF] HTTP GET /lib/jquery-validation-unobtrusive/dist/jquery.validate.unobtrusive.min.js responded 200 in 219.8679 ms
2026-07-06 20:10:42.115 +03:00 [INF] HTTP GET /js/site.js responded 200 in 233.1524 ms
2026-07-06 20:17:51.192 +03:00 [INF] HTTP GET /Operations responded 302 in 27.0008 ms
2026-07-06 20:17:51.696 +03:00 [INF] HTTP GET /Account/Login responded 200 in 496.3456 ms
2026-07-06 20:17:51.800 +03:00 [INF] HTTP GET /Biktal.WebMVC.styles.css responded 200 in 15.4216 ms
2026-07-06 20:17:51.806 +03:00 [INF] HTTP GET /lib/bootstrap/dist/css/bootstrap.min.css responded 200 in 23.3585 ms
2026-07-06 20:17:51.812 +03:00 [INF] HTTP GET /css/site.css responded 200 in 31.3526 ms
2026-07-06 20:17:51.839 +03:00 [INF] HTTP GET /js/site.js responded 200 in 18.2876 ms
2026-07-06 20:17:51.856 +03:00 [INF] HTTP GET /lib/jquery/dist/jquery.min.js responded 200 in 67.0845 ms
2026-07-06 20:17:51.858 +03:00 [INF] HTTP GET /lib/jquery-validation-unobtrusive/dist/jquery.validate.unobtrusive.min.js responded 200 in 19.0813 ms
2026-07-06 20:17:51.874 +03:00 [INF] HTTP GET /lib/jquery-validation/dist/jquery.validate.min.js responded 200 in 50.5480 ms
2026-07-06 20:17:51.985 +03:00 [INF] HTTP GET /lib/bootstrap/dist/js/bootstrap.bundle.min.js responded 200 in 183.5230 ms
2026-07-06 20:18:00.303 +03:00 [INF] HTTP POST /Account/Login responded 302 in 600.9235 ms
2026-07-06 20:18:00.374 +03:00 [WRN] The query uses the 'First'/'FirstOrDefault' operator without 'OrderBy' and filter operators. This may lead to unpredictable results.
2026-07-06 20:18:00.409 +03:00 [WRN] The query uses the 'First'/'FirstOrDefault' operator without 'OrderBy' and filter operators. This may lead to unpredictable results.
2026-07-06 20:18:00.518 +03:00 [INF] HTTP GET /Operations responded 200 in 208.2121 ms
2026-07-06 20:18:00.585 +03:00 [INF] HTTP GET /lib/bootstrap/dist/css/bootstrap.min.css responded 200 in 5.2276 ms
2026-07-06 20:18:00.585 +03:00 [INF] HTTP GET /css/site.css responded 200 in 2.1020 ms
2026-07-06 20:18:00.590 +03:00 [INF] HTTP GET /lib/jquery/dist/jquery.min.js responded 304 in 6.4599 ms
2026-07-06 20:18:00.620 +03:00 [INF] HTTP GET /lib/bootstrap/dist/js/bootstrap.bundle.min.js responded 304 in 24.2781 ms
2026-07-06 20:18:00.621 +03:00 [INF] HTTP GET /js/site.js responded 304 in 25.2300 ms
2026-07-06 20:18:00.622 +03:00 [INF] HTTP GET /Biktal.WebMVC.styles.css responded 200 in 36.6420 ms
2026-07-06 20:18:13.207 +03:00 [INF] HTTP GET /Finance responded 200 in 74.9537 ms
2026-07-06 20:18:13.399 +03:00 [INF] HTTP GET /js/site.js responded 304 in 0.8237 ms
2026-07-06 20:18:13.402 +03:00 [INF] HTTP GET /lib/bootstrap/dist/js/bootstrap.bundle.min.js responded 304 in 0.8171 ms
2026-07-06 20:18:13.402 +03:00 [INF] HTTP GET /css/site.css responded 200 in 128.0804 ms
2026-07-06 20:18:13.402 +03:00 [INF] HTTP GET /lib/jquery/dist/jquery.min.js responded 304 in 0.5764 ms
2026-07-06 20:18:13.402 +03:00 [INF] HTTP GET /lib/bootstrap/dist/css/bootstrap.min.css responded 200 in 129.3275 ms
2026-07-06 20:18:13.402 +03:00 [INF] HTTP GET /Biktal.WebMVC.styles.css responded 200 in 128.7931 ms
2026-07-06 20:18:13.820 +03:00 [INF] HTTP GET /Operations responded 200 in 18.2997 ms
2026-07-06 20:18:13.885 +03:00 [INF] HTTP GET /css/site.css responded 200 in 1.1793 ms
2026-07-06 20:18:13.885 +03:00 [INF] HTTP GET /lib/bootstrap/dist/css/bootstrap.min.css responded 200 in 1.5764 ms
2026-07-06 20:18:13.887 +03:00 [INF] HTTP GET /lib/jquery/dist/jquery.min.js responded 304 in 1.3334 ms
2026-07-06 20:18:13.887 +03:00 [INF] HTTP GET /lib/bootstrap/dist/js/bootstrap.bundle.min.js responded 304 in 0.6716 ms
2026-07-06 20:18:13.889 +03:00 [INF] HTTP GET /js/site.js responded 304 in 1.5931 ms
2026-07-06 20:18:13.890 +03:00 [INF] HTTP GET /Biktal.WebMVC.styles.css responded 200 in 1.6102 ms
2026-07-06 20:18:17.790 +03:00 [INF] HTTP GET /Insights responded 200 in 130.3006 ms
2026-07-06 20:18:17.851 +03:00 [INF] HTTP GET /lib/bootstrap/dist/css/bootstrap.min.css responded 304 in 1.4365 ms
2026-07-06 20:18:17.853 +03:00 [INF] HTTP GET /css/site.css responded 304 in 1.4918 ms
2026-07-06 20:18:17.854 +03:00 [INF] HTTP GET /Biktal.WebMVC.styles.css responded 304 in 1.8549 ms
2026-07-06 20:18:17.856 +03:00 [INF] HTTP GET /lib/jquery/dist/jquery.min.js responded 304 in 1.3509 ms
2026-07-06 20:18:17.857 +03:00 [INF] HTTP GET /lib/bootstrap/dist/js/bootstrap.bundle.min.js responded 304 in 1.8581 ms
2026-07-06 20:18:17.861 +03:00 [INF] HTTP GET /js/site.js responded 304 in 3.3083 ms
2026-07-06 20:18:19.206 +03:00 [INF] HTTP GET /Staff responded 200 in 58.8106 ms
2026-07-06 20:18:19.269 +03:00 [INF] HTTP GET /lib/bootstrap/dist/css/bootstrap.min.css responded 304 in 0.5331 ms
2026-07-06 20:18:19.269 +03:00 [INF] HTTP GET /css/site.css responded 304 in 0.7490 ms
2026-07-06 20:18:19.269 +03:00 [INF] HTTP GET /Biktal.WebMVC.styles.css responded 304 in 0.6894 ms
2026-07-06 20:18:19.272 +03:00 [INF] HTTP GET /lib/jquery/dist/jquery.min.js responded 304 in 1.8552 ms
2026-07-06 20:18:19.274 +03:00 [INF] HTTP GET /js/site.js responded 304 in 0.7609 ms
2026-07-06 20:18:19.275 +03:00 [INF] HTTP GET /lib/bootstrap/dist/js/bootstrap.bundle.min.js responded 304 in 1.4378 ms
2026-07-06 20:18:20.895 +03:00 [INF] HTTP GET /Crm responded 200 in 75.6281 ms
2026-07-06 20:18:20.957 +03:00 [INF] HTTP GET /lib/bootstrap/dist/css/bootstrap.min.css responded 304 in 0.6625 ms
2026-07-06 20:18:20.957 +03:00 [INF] HTTP GET /css/site.css responded 304 in 0.5191 ms
2026-07-06 20:18:20.958 +03:00 [INF] HTTP GET /lib/bootstrap/dist/js/bootstrap.bundle.min.js responded 304 in 0.4423 ms
2026-07-06 20:18:20.958 +03:00 [INF] HTTP GET /js/site.js responded 304 in 0.3668 ms
2026-07-06 20:18:20.958 +03:00 [INF] HTTP GET /Biktal.WebMVC.styles.css responded 304 in 0.3836 ms
2026-07-06 20:18:20.958 +03:00 [INF] HTTP GET /lib/jquery/dist/jquery.min.js responded 304 in 0.4285 ms
2026-07-06 20:18:28.475 +03:00 [INF] HTTP GET /Installments responded 200 in 136.2551 ms
2026-07-06 20:18:28.549 +03:00 [INF] HTTP GET /lib/bootstrap/dist/css/bootstrap.min.css responded 304 in 0.5944 ms
2026-07-06 20:18:28.550 +03:00 [INF] HTTP GET /Biktal.WebMVC.styles.css responded 304 in 0.8494 ms
2026-07-06 20:18:28.552 +03:00 [INF] HTTP GET /lib/jquery/dist/jquery.min.js responded 304 in 0.5761 ms
2026-07-06 20:18:28.552 +03:00 [INF] HTTP GET /lib/bootstrap/dist/js/bootstrap.bundle.min.js responded 304 in 0.5093 ms
2026-07-06 20:18:28.554 +03:00 [INF] HTTP GET /css/site.css responded 304 in 1.5291 ms
2026-07-06 20:18:28.556 +03:00 [INF] HTTP GET /js/site.js responded 304 in 1.4402 ms
2026-07-06 20:18:30.850 +03:00 [INF] HTTP GET /Crm/Customers responded 200 in 37.8236 ms
2026-07-06 20:18:30.912 +03:00 [INF] HTTP GET /lib/bootstrap/dist/css/bootstrap.min.css responded 304 in 1.5724 ms
2026-07-06 20:18:30.913 +03:00 [INF] HTTP GET /Biktal.WebMVC.styles.css responded 304 in 1.6493 ms
2026-07-06 20:18:30.913 +03:00 [INF] HTTP GET /css/site.css responded 304 in 0.5588 ms
2026-07-06 20:18:30.914 +03:00 [INF] HTTP GET /lib/jquery/dist/jquery.min.js responded 304 in 0.6723 ms
2026-07-06 20:18:30.919 +03:00 [INF] HTTP GET /lib/bootstrap/dist/js/bootstrap.bundle.min.js responded 304 in 0.7742 ms
2026-07-06 20:18:30.919 +03:00 [INF] HTTP GET /js/site.js responded 304 in 0.5501 ms
2026-07-06 20:18:33.801 +03:00 [INF] HTTP GET /Crm/NewCustomer responded 200 in 64.1421 ms
2026-07-06 20:18:33.865 +03:00 [INF] HTTP GET /css/site.css responded 304 in 0.7527 ms
2026-07-06 20:18:33.867 +03:00 [INF] HTTP GET /lib/bootstrap/dist/css/bootstrap.min.css responded 304 in 2.7712 ms
2026-07-06 20:18:33.869 +03:00 [INF] HTTP GET /Biktal.WebMVC.styles.css responded 304 in 0.8142 ms
2026-07-06 20:18:33.872 +03:00 [INF] HTTP GET /lib/jquery/dist/jquery.min.js responded 304 in 3.2801 ms
2026-07-06 20:18:33.872 +03:00 [INF] HTTP GET /lib/bootstrap/dist/js/bootstrap.bundle.min.js responded 304 in 0.4852 ms
2026-07-06 20:18:33.873 +03:00 [INF] HTTP GET /js/site.js responded 304 in 0.5352 ms
2026-07-06 20:18:33.877 +03:00 [INF] HTTP GET /lib/jquery-validation/dist/jquery.validate.min.js responded 304 in 1.1963 ms
2026-07-06 20:18:33.877 +03:00 [INF] HTTP GET /lib/jquery-validation-unobtrusive/dist/jquery.validate.unobtrusive.min.js responded 304 in 0.8823 ms
2026-07-06 20:19:06.224 +03:00 [INF] HTTP POST /Crm/CreateCustomer responded 302 in 83.7473 ms
2026-07-06 20:19:06.240 +03:00 [INF] HTTP GET /Crm/Customers responded 200 in 7.3068 ms
2026-07-06 20:19:06.313 +03:00 [INF] HTTP GET /lib/bootstrap/dist/css/bootstrap.min.css responded 200 in 1.7352 ms
2026-07-06 20:19:06.313 +03:00 [INF] HTTP GET /Biktal.WebMVC.styles.css responded 304 in 0.3006 ms
2026-07-06 20:19:06.313 +03:00 [INF] HTTP GET /css/site.css responded 304 in 0.4467 ms
2026-07-06 20:19:06.316 +03:00 [INF] HTTP GET /lib/bootstrap/dist/js/bootstrap.bundle.min.js responded 304 in 0.3761 ms
2026-07-06 20:19:06.316 +03:00 [INF] HTTP GET /lib/jquery/dist/jquery.min.js responded 304 in 0.4291 ms
2026-07-06 20:19:06.318 +03:00 [INF] HTTP GET /js/site.js responded 304 in 1.7368 ms
2026-07-06 20:19:18.240 +03:00 [INF] HTTP GET /Crm/Customer/019f3870-d3b7-74fa-a514-caacb84e2f35 responded 200 in 68.7409 ms
2026-07-06 20:19:18.315 +03:00 [INF] HTTP GET /lib/bootstrap/dist/css/bootstrap.min.css responded 200 in 6.6371 ms
2026-07-06 20:19:18.317 +03:00 [INF] HTTP GET /css/site.css responded 304 in 0.7789 ms
2026-07-06 20:19:18.317 +03:00 [INF] HTTP GET /Biktal.WebMVC.styles.css responded 304 in 0.5436 ms
2026-07-06 20:19:18.318 +03:00 [INF] HTTP GET /lib/jquery/dist/jquery.min.js responded 304 in 0.3421 ms
2026-07-06 20:19:18.319 +03:00 [INF] HTTP GET /lib/bootstrap/dist/js/bootstrap.bundle.min.js responded 304 in 0.3745 ms
2026-07-06 20:19:18.319 +03:00 [INF] HTTP GET /js/site.js responded 304 in 0.2912 ms
2026-07-06 20:19:18.322 +03:00 [INF] HTTP GET /lib/jquery-validation/dist/jquery.validate.min.js responded 304 in 0.4479 ms
2026-07-06 20:19:18.323 +03:00 [INF] HTTP GET /lib/jquery-validation-unobtrusive/dist/jquery.validate.unobtrusive.min.js responded 304 in 0.5280 ms
2026-07-06 20:21:05.970 +03:00 [INF] HTTP POST /Crm/UpdateCustomer responded 200 in 36.1997 ms
2026-07-06 20:21:06.075 +03:00 [INF] HTTP GET /js/site.js responded 200 in 17.0702 ms
2026-07-06 20:21:06.077 +03:00 [INF] HTTP GET /lib/bootstrap/dist/css/bootstrap.min.css responded 200 in 29.5636 ms
2026-07-06 20:21:06.089 +03:00 [INF] HTTP GET /lib/bootstrap/dist/js/bootstrap.bundle.min.js responded 200 in 30.3923 ms
2026-07-06 20:21:06.092 +03:00 [INF] HTTP GET /lib/jquery-validation/dist/jquery.validate.min.js responded 200 in 17.1626 ms
2026-07-06 20:21:06.093 +03:00 [INF] HTTP GET /css/site.css responded 200 in 40.2081 ms
2026-07-06 20:21:06.116 +03:00 [INF] HTTP GET /lib/jquery/dist/jquery.min.js responded 200 in 23.4268 ms
2026-07-06 20:21:06.116 +03:00 [INF] HTTP GET /lib/jquery-validation-unobtrusive/dist/jquery.validate.unobtrusive.min.js responded 200 in 39.3768 ms
2026-07-06 20:21:06.118 +03:00 [INF] HTTP GET /Biktal.WebMVC.styles.css responded 200 in 28.8659 ms
2026-07-06 20:21:15.879 +03:00 [INF] HTTP POST /Crm/UpdateCustomer responded 200 in 6.6404 ms
2026-07-06 20:21:15.956 +03:00 [INF] HTTP GET /lib/bootstrap/dist/css/bootstrap.min.css responded 200 in 1.3732 ms
2026-07-06 20:21:15.958 +03:00 [INF] HTTP GET /css/site.css responded 200 in 1.7715 ms
2026-07-06 20:21:15.959 +03:00 [INF] HTTP GET /Biktal.WebMVC.styles.css responded 200 in 1.0810 ms
2026-07-06 20:21:15.962 +03:00 [INF] HTTP GET /lib/bootstrap/dist/js/bootstrap.bundle.min.js responded 200 in 1.4199 ms
2026-07-06 20:21:15.963 +03:00 [INF] HTTP GET /lib/jquery/dist/jquery.min.js responded 200 in 1.6741 ms
2026-07-06 20:21:15.972 +03:00 [INF] HTTP GET /js/site.js responded 200 in 8.3723 ms
2026-07-06 20:21:15.979 +03:00 [INF] HTTP GET /lib/jquery-validation/dist/jquery.validate.min.js responded 200 in 1.0763 ms
2026-07-06 20:21:15.984 +03:00 [INF] HTTP GET /lib/jquery-validation-unobtrusive/dist/jquery.validate.unobtrusive.min.js responded 200 in 1.0461 ms
2026-07-06 20:21:24.974 +03:00 [INF] HTTP GET /Crm responded 200 in 11.0619 ms
2026-07-06 20:21:25.040 +03:00 [INF] HTTP GET /lib/bootstrap/dist/css/bootstrap.min.css responded 200 in 6.9955 ms
2026-07-06 20:21:25.044 +03:00 [INF] HTTP GET /css/site.css responded 200 in 0.9130 ms
2026-07-06 20:21:25.046 +03:00 [INF] HTTP GET /lib/jquery/dist/jquery.min.js responded 304 in 0.3619 ms
2026-07-06 20:21:25.046 +03:00 [INF] HTTP GET /Biktal.WebMVC.styles.css responded 200 in 1.3714 ms
2026-07-06 20:21:25.047 +03:00 [INF] HTTP GET /js/site.js responded 304 in 0.3499 ms
2026-07-06 20:21:25.048 +03:00 [INF] HTTP GET /lib/bootstrap/dist/js/bootstrap.bundle.min.js responded 304 in 1.2072 ms
2026-07-06 20:21:29.845 +03:00 [INF] HTTP GET /Installments responded 200 in 10.1113 ms
2026-07-06 20:21:29.907 +03:00 [INF] HTTP GET /lib/bootstrap/dist/css/bootstrap.min.css responded 200 in 2.6220 ms
2026-07-06 20:21:29.916 +03:00 [INF] HTTP GET /css/site.css responded 200 in 1.2154 ms
2026-07-06 20:21:29.919 +03:00 [INF] HTTP GET /lib/jquery/dist/jquery.min.js responded 304 in 1.8174 ms
2026-07-06 20:21:29.920 +03:00 [INF] HTTP GET /Biktal.WebMVC.styles.css responded 200 in 3.5949 ms
2026-07-06 20:21:29.920 +03:00 [INF] HTTP GET /lib/bootstrap/dist/js/bootstrap.bundle.min.js responded 304 in 0.4972 ms
2026-07-06 20:21:29.920 +03:00 [INF] HTTP GET /js/site.js responded 304 in 0.6869 ms
2026-07-06 20:21:39.227 +03:00 [INF] HTTP GET /Crm/Customers responded 200 in 7.8753 ms
2026-07-06 20:21:39.279 +03:00 [INF] HTTP GET /css/site.css responded 304 in 0.3821 ms
2026-07-06 20:21:39.279 +03:00 [INF] HTTP GET /Biktal.WebMVC.styles.css responded 304 in 0.3553 ms
2026-07-06 20:21:39.280 +03:00 [INF] HTTP GET /lib/jquery/dist/jquery.min.js responded 304 in 0.3272 ms
2026-07-06 20:21:39.281 +03:00 [INF] HTTP GET /lib/bootstrap/dist/js/bootstrap.bundle.min.js responded 304 in 0.6803 ms
2026-07-06 20:21:39.282 +03:00 [INF] HTTP GET /lib/bootstrap/dist/css/bootstrap.min.css responded 304 in 0.4332 ms
2026-07-06 20:21:39.295 +03:00 [INF] HTTP GET /js/site.js responded 304 in 0.4775 ms
2026-07-06 20:21:40.706 +03:00 [INF] HTTP GET /Crm/NewCustomer responded 200 in 6.2456 ms
2026-07-06 20:21:40.763 +03:00 [INF] HTTP GET /lib/bootstrap/dist/css/bootstrap.min.css responded 200 in 2.6212 ms
2026-07-06 20:21:40.769 +03:00 [INF] HTTP GET /css/site.css responded 304 in 1.0420 ms
2026-07-06 20:21:40.773 +03:00 [INF] HTTP GET /lib/jquery/dist/jquery.min.js responded 304 in 0.5680 ms
2026-07-06 20:21:40.774 +03:00 [INF] HTTP GET /lib/bootstrap/dist/js/bootstrap.bundle.min.js responded 304 in 0.9112 ms
2026-07-06 20:21:40.774 +03:00 [INF] HTTP GET /js/site.js responded 304 in 0.3736 ms
2026-07-06 20:21:40.774 +03:00 [INF] HTTP GET /Biktal.WebMVC.styles.css responded 304 in 2.0953 ms
2026-07-06 20:21:40.775 +03:00 [INF] HTTP GET /lib/jquery-validation/dist/jquery.validate.min.js responded 200 in 0.8691 ms
2026-07-06 20:21:40.775 +03:00 [INF] HTTP GET /lib/jquery-validation-unobtrusive/dist/jquery.validate.unobtrusive.min.js responded 200 in 0.6423 ms
2026-07-06 20:22:02.979 +03:00 [INF] HTTP POST /Crm/CreateCustomer responded 302 in 8.2907 ms
2026-07-06 20:22:02.994 +03:00 [INF] HTTP GET /Crm/Customers responded 200 in 4.9173 ms
2026-07-06 20:22:03.065 +03:00 [INF] HTTP GET /lib/bootstrap/dist/css/bootstrap.min.css responded 200 in 11.9383 ms
2026-07-06 20:22:03.065 +03:00 [INF] HTTP GET /Biktal.WebMVC.styles.css responded 304 in 0.4231 ms
2026-07-06 20:22:03.069 +03:00 [INF] HTTP GET /lib/bootstrap/dist/js/bootstrap.bundle.min.js responded 304 in 0.8380 ms
2026-07-06 20:22:03.071 +03:00 [INF] HTTP GET /css/site.css responded 304 in 1.3401 ms
2026-07-06 20:22:03.074 +03:00 [INF] HTTP GET /js/site.js responded 304 in 0.4207 ms
2026-07-06 20:22:03.074 +03:00 [INF] HTTP GET /lib/jquery/dist/jquery.min.js responded 304 in 0.3520 ms
2026-07-06 20:22:08.177 +03:00 [INF] HTTP GET /Installments responded 200 in 13.8221 ms
2026-07-06 20:22:08.245 +03:00 [INF] HTTP GET /Biktal.WebMVC.styles.css responded 304 in 0.5992 ms
2026-07-06 20:22:08.244 +03:00 [INF] HTTP GET /css/site.css responded 304 in 1.2349 ms
2026-07-06 20:22:08.247 +03:00 [INF] HTTP GET /lib/bootstrap/dist/css/bootstrap.min.css responded 200 in 1.4238 ms
2026-07-06 20:22:08.247 +03:00 [INF] HTTP GET /js/site.js responded 304 in 0.3873 ms
2026-07-06 20:22:08.248 +03:00 [INF] HTTP GET /lib/bootstrap/dist/js/bootstrap.bundle.min.js responded 304 in 2.3916 ms
2026-07-06 20:22:08.250 +03:00 [INF] HTTP GET /lib/jquery/dist/jquery.min.js responded 304 in 0.7355 ms
2026-07-06 20:22:16.629 +03:00 [INF] HTTP GET /Installments/New responded 200 in 102.8120 ms
2026-07-06 20:22:16.695 +03:00 [INF] HTTP GET /lib/bootstrap/dist/css/bootstrap.min.css responded 304 in 0.4533 ms
2026-07-06 20:22:16.695 +03:00 [INF] HTTP GET /Biktal.WebMVC.styles.css responded 304 in 0.3119 ms
2026-07-06 20:22:16.696 +03:00 [INF] HTTP GET /lib/bootstrap/dist/js/bootstrap.bundle.min.js responded 304 in 0.4014 ms
2026-07-06 20:22:16.697 +03:00 [INF] HTTP GET /css/site.css responded 304 in 0.8917 ms
2026-07-06 20:22:16.697 +03:00 [INF] HTTP GET /lib/jquery/dist/jquery.min.js responded 304 in 0.5306 ms
2026-07-06 20:22:16.700 +03:00 [INF] HTTP GET /lib/jquery-validation/dist/jquery.validate.min.js responded 304 in 3.0640 ms
2026-07-06 20:22:16.702 +03:00 [INF] HTTP GET /js/site.js responded 304 in 0.7328 ms
2026-07-06 20:22:16.704 +03:00 [INF] HTTP GET /lib/jquery-validation-unobtrusive/dist/jquery.validate.unobtrusive.min.js responded 304 in 1.0578 ms
2026-07-06 20:23:10.618 +03:00 [INF] HTTP POST /Installments/Create responded 302 in 584.4345 ms
2026-07-06 20:23:10.648 +03:00 [WRN] Compiling a query which loads related collections for more than one collection navigation, either via 'Include' or through projection, but no 'QuerySplittingBehavior' has been configured. By default, Entity Framework will use 'QuerySplittingBehavior.SingleQuery', which can potentially result in slow query performance. See https://go.microsoft.com/fwlink/?linkid=2134277 for more information. To identify the query that's triggering this warning call 'ConfigureWarnings(w => w.Throw(RelationalEventId.MultipleCollectionIncludeWarning))'.
2026-07-06 20:23:10.722 +03:00 [INF] HTTP GET /Installments/Detail/e901beff-b106-4339-9982-e7393f8ddbfa responded 200 in 97.4833 ms
2026-07-06 20:23:10.784 +03:00 [INF] HTTP GET /css/site.css responded 200 in 1.0285 ms
2026-07-06 20:23:10.784 +03:00 [INF] HTTP GET /lib/bootstrap/dist/css/bootstrap.min.css responded 200 in 0.8944 ms
2026-07-06 20:23:10.788 +03:00 [INF] HTTP GET /Biktal.WebMVC.styles.css responded 200 in 1.3047 ms
2026-07-06 20:23:10.789 +03:00 [INF] HTTP GET /lib/bootstrap/dist/js/bootstrap.bundle.min.js responded 200 in 0.9455 ms
2026-07-06 20:23:10.790 +03:00 [INF] HTTP GET /lib/jquery/dist/jquery.min.js responded 200 in 1.3161 ms
2026-07-06 20:23:10.794 +03:00 [INF] HTTP GET /js/site.js responded 200 in 4.0550 ms
2026-07-06 20:23:10.797 +03:00 [INF] HTTP GET /lib/jquery-validation/dist/jquery.validate.min.js responded 200 in 2.4653 ms
2026-07-06 20:23:10.798 +03:00 [INF] HTTP GET /lib/jquery-validation-unobtrusive/dist/jquery.validate.unobtrusive.min.js responded 200 in 0.7712 ms
2026-07-06 20:23:15.370 +03:00 [INF] HTTP GET /Crm/Customers responded 200 in 5.2928 ms
2026-07-06 20:23:15.422 +03:00 [INF] HTTP GET /lib/bootstrap/dist/css/bootstrap.min.css responded 304 in 0.4121 ms
2026-07-06 20:23:15.432 +03:00 [INF] HTTP GET /css/site.css responded 304 in 0.8451 ms
2026-07-06 20:23:15.436 +03:00 [INF] HTTP GET /Biktal.WebMVC.styles.css responded 304 in 2.0800 ms
2026-07-06 20:23:15.436 +03:00 [INF] HTTP GET /lib/jquery/dist/jquery.min.js responded 304 in 0.5627 ms
2026-07-06 20:23:15.440 +03:00 [INF] HTTP GET /lib/bootstrap/dist/js/bootstrap.bundle.min.js responded 304 in 2.2906 ms
2026-07-06 20:23:15.443 +03:00 [INF] HTTP GET /js/site.js responded 304 in 0.7606 ms
2026-07-06 20:23:16.198 +03:00 [INF] HTTP GET /Crm/NewCustomer responded 200 in 3.7975 ms
2026-07-06 20:23:16.262 +03:00 [INF] HTTP GET /lib/bootstrap/dist/css/bootstrap.min.css responded 304 in 0.5427 ms
2026-07-06 20:23:16.262 +03:00 [INF] HTTP GET /Biktal.WebMVC.styles.css responded 304 in 0.3511 ms
2026-07-06 20:23:16.263 +03:00 [INF] HTTP GET /lib/jquery/dist/jquery.min.js responded 304 in 0.3941 ms
2026-07-06 20:23:16.263 +03:00 [INF] HTTP GET /css/site.css responded 304 in 0.3148 ms
2026-07-06 20:23:16.266 +03:00 [INF] HTTP GET /lib/bootstrap/dist/js/bootstrap.bundle.min.js responded 304 in 1.7928 ms
2026-07-06 20:23:16.270 +03:00 [INF] HTTP GET /js/site.js responded 304 in 1.5251 ms
2026-07-06 20:23:16.274 +03:00 [INF] HTTP GET /lib/jquery-validation/dist/jquery.validate.min.js responded 304 in 0.7415 ms
2026-07-06 20:23:16.276 +03:00 [INF] HTTP GET /lib/jquery-validation-unobtrusive/dist/jquery.validate.unobtrusive.min.js responded 304 in 0.6234 ms
2026-07-06 20:23:18.554 +03:00 [INF] HTTP GET /Installments responded 200 in 6.0323 ms
2026-07-06 20:23:18.610 +03:00 [INF] HTTP GET /lib/bootstrap/dist/css/bootstrap.min.css responded 304 in 0.5910 ms
2026-07-06 20:23:18.619 +03:00 [INF] HTTP GET /css/site.css responded 304 in 0.4532 ms
2026-07-06 20:23:18.619 +03:00 [INF] HTTP GET /Biktal.WebMVC.styles.css responded 304 in 0.4722 ms
2026-07-06 20:23:18.619 +03:00 [INF] HTTP GET /lib/bootstrap/dist/js/bootstrap.bundle.min.js responded 304 in 0.3165 ms
2026-07-06 20:23:18.619 +03:00 [INF] HTTP GET /lib/jquery/dist/jquery.min.js responded 304 in 0.4667 ms
2026-07-06 20:23:18.620 +03:00 [INF] HTTP GET /js/site.js responded 304 in 0.3835 ms
2026-07-06 20:23:19.922 +03:00 [INF] HTTP GET /Installments/New responded 200 in 5.2657 ms
2026-07-06 20:23:19.980 +03:00 [INF] HTTP GET /lib/bootstrap/dist/css/bootstrap.min.css responded 304 in 0.4640 ms
2026-07-06 20:23:19.988 +03:00 [INF] HTTP GET /css/site.css responded 304 in 0.6364 ms
2026-07-06 20:23:19.989 +03:00 [INF] HTTP GET /lib/jquery/dist/jquery.min.js responded 304 in 0.4127 ms
2026-07-06 20:23:19.991 +03:00 [INF] HTTP GET /Biktal.WebMVC.styles.css responded 304 in 1.8501 ms
2026-07-06 20:23:19.996 +03:00 [INF] HTTP GET /lib/bootstrap/dist/js/bootstrap.bundle.min.js responded 304 in 2.0351 ms
2026-07-06 20:23:19.997 +03:00 [INF] HTTP GET /js/site.js responded 304 in 0.6006 ms
2026-07-06 20:23:19.997 +03:00 [INF] HTTP GET /lib/jquery-validation/dist/jquery.validate.min.js responded 304 in 0.6311 ms
2026-07-06 20:23:19.999 +03:00 [INF] HTTP GET /lib/jquery-validation-unobtrusive/dist/jquery.validate.unobtrusive.min.js responded 304 in 0.8740 ms
2026-07-06 20:23:50.855 +03:00 [INF] HTTP POST /Installments/Create responded 302 in 41.3367 ms
2026-07-06 20:23:50.869 +03:00 [INF] HTTP GET /Installments/Detail/20dfc2c1-4f1d-423f-9b8c-52b6c3ac0c32 responded 200 in 5.0313 ms
2026-07-06 20:23:50.942 +03:00 [INF] HTTP GET /lib/bootstrap/dist/css/bootstrap.min.css responded 200 in 8.1353 ms
2026-07-06 20:23:50.946 +03:00 [INF] HTTP GET /css/site.css responded 304 in 0.4928 ms
2026-07-06 20:23:50.949 +03:00 [INF] HTTP GET /Biktal.WebMVC.styles.css responded 304 in 1.2692 ms
2026-07-06 20:23:50.950 +03:00 [INF] HTTP GET /lib/jquery/dist/jquery.min.js responded 304 in 0.6905 ms
2026-07-06 20:23:50.950 +03:00 [INF] HTTP GET /lib/bootstrap/dist/js/bootstrap.bundle.min.js responded 304 in 0.3571 ms
2026-07-06 20:23:50.950 +03:00 [INF] HTTP GET /js/site.js responded 304 in 0.3643 ms
2026-07-06 20:23:50.951 +03:00 [INF] HTTP GET /lib/jquery-validation/dist/jquery.validate.min.js responded 304 in 0.3357 ms
2026-07-06 20:23:50.951 +03:00 [INF] HTTP GET /lib/jquery-validation-unobtrusive/dist/jquery.validate.unobtrusive.min.js responded 304 in 0.2834 ms
2026-07-06 20:29:22.861 +03:00 [WRN] The query uses the 'First'/'FirstOrDefault' operator without 'OrderBy' and filter operators. This may lead to unpredictable results.
2026-07-06 20:29:22.966 +03:00 [INF] HTTP GET /Pos responded 200 in 192.9896 ms
2026-07-06 20:29:23.034 +03:00 [INF] HTTP GET /lib/bootstrap/dist/css/bootstrap.min.css responded 200 in 1.5959 ms
2026-07-06 20:29:23.036 +03:00 [INF] HTTP GET /Biktal.WebMVC.styles.css responded 200 in 1.5314 ms
2026-07-06 20:29:23.038 +03:00 [INF] HTTP GET /css/site.css responded 200 in 1.8278 ms
2026-07-06 20:29:23.049 +03:00 [INF] HTTP GET /lib/bootstrap/dist/js/bootstrap.bundle.min.js responded 200 in 3.3476 ms
2026-07-06 20:29:23.049 +03:00 [INF] HTTP GET /js/site.js responded 200 in 2.3728 ms
2026-07-06 20:29:23.049 +03:00 [INF] HTTP GET /lib/jquery/dist/jquery.min.js responded 200 in 3.9279 ms
2026-07-06 20:29:23.077 +03:00 [INF] HTTP GET /js/pos.js responded 200 in 27.9622 ms
2026-07-06 20:29:24.130 +03:00 [INF] HTTP GET /Inventory responded 200 in 110.8147 ms
2026-07-06 20:29:24.186 +03:00 [INF] HTTP GET /css/site.css responded 200 in 1.0049 ms
2026-07-06 20:29:24.186 +03:00 [INF] HTTP GET /lib/bootstrap/dist/css/bootstrap.min.css responded 200 in 0.8646 ms
2026-07-06 20:29:24.187 +03:00 [INF] HTTP GET /Biktal.WebMVC.styles.css responded 200 in 1.3585 ms
2026-07-06 20:29:24.189 +03:00 [INF] HTTP GET /lib/jquery/dist/jquery.min.js responded 304 in 0.4902 ms
2026-07-06 20:29:24.194 +03:00 [INF] HTTP GET /lib/bootstrap/dist/js/bootstrap.bundle.min.js responded 304 in 1.9884 ms
2026-07-06 20:29:24.194 +03:00 [INF] HTTP GET /js/site.js responded 304 in 0.4624 ms
2026-07-06 20:29:27.266 +03:00 [INF] HTTP GET /Inventory/Products responded 200 in 371.3150 ms
2026-07-06 20:29:27.302 +03:00 [INF] HTTP GET /lib/bootstrap/dist/css/bootstrap.min.css responded 200 in 2.0772 ms
2026-07-06 20:29:27.307 +03:00 [INF] HTTP GET /css/site.css responded 200 in 3.8166 ms
2026-07-06 20:29:27.309 +03:00 [INF] HTTP GET /Biktal.WebMVC.styles.css responded 200 in 1.1944 ms
2026-07-06 20:29:28.152 +03:00 [INF] HTTP GET /lib/jquery/dist/jquery.min.js responded 304 in 0.3131 ms
2026-07-06 20:29:28.176 +03:00 [INF] HTTP GET /lib/bootstrap/dist/js/bootstrap.bundle.min.js responded 304 in 0.4341 ms
2026-07-06 20:29:28.178 +03:00 [INF] HTTP GET /js/site.js responded 304 in 0.5588 ms
2026-07-06 20:29:28.181 +03:00 [INF] HTTP GET /lib/jquery-validation-unobtrusive/dist/jquery.validate.unobtrusive.min.js responded 200 in 1.5609 ms
2026-07-06 20:29:28.182 +03:00 [INF] HTTP GET /lib/jquery-validation/dist/jquery.validate.min.js responded 200 in 0.8401 ms
2026-07-06 20:29:28.198 +03:00 [INF] HTTP GET /js/products-catalog-filter.js responded 200 in 18.2154 ms
2026-07-06 20:42:14.376 +03:00 [INF] HTTP POST /Inventory/AddProduct responded 302 in 267.3091 ms
2026-07-06 20:42:14.482 +03:00 [INF] HTTP GET /Inventory/Products responded 200 in 95.9401 ms
2026-07-06 20:42:14.535 +03:00 [INF] HTTP GET /lib/bootstrap/dist/css/bootstrap.min.css responded 200 in 1.5850 ms
2026-07-06 20:42:14.538 +03:00 [INF] HTTP GET /Biktal.WebMVC.styles.css responded 200 in 1.5918 ms
2026-07-06 20:42:14.540 +03:00 [INF] HTTP GET /css/site.css responded 200 in 1.0528 ms
2026-07-06 20:42:15.888 +03:00 [INF] HTTP GET /lib/jquery/dist/jquery.min.js responded 200 in 0.8694 ms
2026-07-06 20:42:15.914 +03:00 [INF] HTTP GET /js/site.js responded 200 in 0.8320 ms
2026-07-06 20:42:15.915 +03:00 [INF] HTTP GET /lib/jquery-validation/dist/jquery.validate.min.js responded 200 in 0.7595 ms
2026-07-06 20:42:15.915 +03:00 [INF] HTTP GET /lib/jquery-validation-unobtrusive/dist/jquery.validate.unobtrusive.min.js responded 200 in 0.7826 ms
2026-07-06 20:42:15.915 +03:00 [INF] HTTP GET /js/products-catalog-filter.js responded 200 in 0.5419 ms
2026-07-06 20:42:15.915 +03:00 [INF] HTTP GET /lib/bootstrap/dist/js/bootstrap.bundle.min.js responded 200 in 0.7319 ms
2026-07-06 20:42:24.276 +03:00 [INF] HTTP GET /Pos responded 200 in 20.8508 ms
2026-07-06 20:42:24.333 +03:00 [INF] HTTP GET /lib/bootstrap/dist/css/bootstrap.min.css responded 304 in 0.6823 ms
2026-07-06 20:42:24.334 +03:00 [INF] HTTP GET /css/site.css responded 304 in 0.5964 ms
2026-07-06 20:42:24.339 +03:00 [INF] HTTP GET /Biktal.WebMVC.styles.css responded 304 in 1.8200 ms
2026-07-06 20:42:24.343 +03:00 [INF] HTTP GET /lib/jquery/dist/jquery.min.js responded 304 in 0.4437 ms
2026-07-06 20:42:24.343 +03:00 [INF] HTTP GET /js/site.js responded 304 in 0.3840 ms
2026-07-06 20:42:24.343 +03:00 [INF] HTTP GET /lib/bootstrap/dist/js/bootstrap.bundle.min.js responded 304 in 0.3562 ms
2026-07-06 20:42:24.346 +03:00 [INF] HTTP GET /js/pos.js responded 200 in 1.5436 ms
2026-07-06 20:42:43.034 +03:00 [INF] HTTP POST /Pos/CompleteSale responded 200 in 513.8815 ms
2026-07-06 20:43:31.618 +03:00 [INF] HTTP GET /Operations responded 200 in 20.4827 ms
2026-07-06 20:43:31.678 +03:00 [INF] HTTP GET /lib/bootstrap/dist/css/bootstrap.min.css responded 200 in 1.0309 ms
2026-07-06 20:43:31.685 +03:00 [INF] HTTP GET /css/site.css responded 304 in 0.6600 ms
2026-07-06 20:43:31.691 +03:00 [INF] HTTP GET /Biktal.WebMVC.styles.css responded 304 in 4.2465 ms
2026-07-06 20:43:31.694 +03:00 [INF] HTTP GET /lib/jquery/dist/jquery.min.js responded 304 in 0.4830 ms
2026-07-06 20:43:31.695 +03:00 [INF] HTTP GET /js/site.js responded 304 in 0.7488 ms
2026-07-06 20:43:31.697 +03:00 [INF] HTTP GET /lib/bootstrap/dist/js/bootstrap.bundle.min.js responded 304 in 0.5812 ms
2026-07-06 20:57:50.103 +03:00 [INF] HTTP GET /Pos responded 200 in 118.2664 ms
2026-07-06 20:57:50.174 +03:00 [INF] HTTP GET /lib/bootstrap/dist/css/bootstrap.min.css responded 200 in 1.8712 ms
2026-07-06 20:57:50.175 +03:00 [INF] HTTP GET /css/site.css responded 200 in 2.6997 ms
2026-07-06 20:57:50.177 +03:00 [INF] HTTP GET /Biktal.WebMVC.styles.css responded 200 in 1.2370 ms
2026-07-06 20:57:50.178 +03:00 [INF] HTTP GET /lib/jquery/dist/jquery.min.js responded 200 in 1.3314 ms
2026-07-06 20:57:50.200 +03:00 [INF] HTTP GET /lib/bootstrap/dist/js/bootstrap.bundle.min.js responded 200 in 17.7050 ms
2026-07-06 20:57:50.204 +03:00 [INF] HTTP GET /js/pos.js responded 200 in 1.0328 ms
2026-07-06 20:57:50.204 +03:00 [INF] HTTP GET /js/site.js responded 200 in 2.1990 ms
2026-07-06 20:57:54.228 +03:00 [INF] HTTP GET /Inventory responded 200 in 52.9659 ms
2026-07-06 20:57:54.279 +03:00 [INF] HTTP GET /lib/bootstrap/dist/css/bootstrap.min.css responded 304 in 3.0483 ms
2026-07-06 20:57:54.286 +03:00 [INF] HTTP GET /css/site.css responded 304 in 0.4350 ms
2026-07-06 20:57:54.287 +03:00 [INF] HTTP GET /Biktal.WebMVC.styles.css responded 304 in 1.0974 ms
2026-07-06 20:57:54.290 +03:00 [INF] HTTP GET /lib/jquery/dist/jquery.min.js responded 304 in 3.3208 ms
2026-07-06 20:57:54.293 +03:00 [INF] HTTP GET /lib/bootstrap/dist/js/bootstrap.bundle.min.js responded 304 in 0.7959 ms
2026-07-06 20:57:54.298 +03:00 [INF] HTTP GET /js/site.js responded 304 in 0.4329 ms
2026-07-06 20:57:55.403 +03:00 [INF] HTTP GET /Inventory/Products responded 200 in 79.6801 ms
2026-07-06 20:57:55.438 +03:00 [INF] HTTP GET /css/site.css responded 304 in 0.4346 ms
2026-07-06 20:57:55.438 +03:00 [INF] HTTP GET /Biktal.WebMVC.styles.css responded 304 in 0.3561 ms
2026-07-06 20:57:55.438 +03:00 [INF] HTTP GET /lib/bootstrap/dist/css/bootstrap.min.css responded 304 in 0.2969 ms
2026-07-06 20:57:56.182 +03:00 [INF] HTTP GET /lib/jquery/dist/jquery.min.js responded 304 in 0.2720 ms
2026-07-06 20:57:56.204 +03:00 [INF] HTTP GET /lib/bootstrap/dist/js/bootstrap.bundle.min.js responded 304 in 1.1297 ms
2026-07-06 20:57:56.210 +03:00 [INF] HTTP GET /js/site.js responded 304 in 0.3992 ms
2026-07-06 20:57:56.211 +03:00 [INF] HTTP GET /js/products-catalog-filter.js responded 200 in 0.8821 ms
2026-07-06 20:57:56.213 +03:00 [INF] HTTP GET /lib/jquery-validation/dist/jquery.validate.min.js responded 200 in 1.2173 ms
2026-07-06 20:57:56.214 +03:00 [INF] HTTP GET /lib/jquery-validation-unobtrusive/dist/jquery.validate.unobtrusive.min.js responded 200 in 1.1720 ms
2026-07-06 20:58:10.018 +03:00 [INF] HTTP GET /Inventory/Products responded 200 in 116.9130 ms
2026-07-06 20:58:10.058 +03:00 [INF] HTTP GET /lib/bootstrap/dist/css/bootstrap.min.css responded 304 in 0.6821 ms
2026-07-06 20:58:10.062 +03:00 [INF] HTTP GET /css/site.css responded 304 in 0.8531 ms
2026-07-06 20:58:10.063 +03:00 [INF] HTTP GET /Biktal.WebMVC.styles.css responded 304 in 0.9541 ms
2026-07-06 20:58:10.943 +03:00 [INF] HTTP GET /lib/jquery/dist/jquery.min.js responded 304 in 0.2734 ms
2026-07-06 20:58:10.957 +03:00 [INF] HTTP GET /lib/bootstrap/dist/js/bootstrap.bundle.min.js responded 304 in 0.4598 ms
2026-07-06 20:58:10.958 +03:00 [INF] HTTP GET /js/site.js responded 304 in 0.4362 ms
2026-07-06 20:58:10.959 +03:00 [INF] HTTP GET /lib/jquery-validation/dist/jquery.validate.min.js responded 304 in 0.4780 ms
2026-07-06 20:58:10.960 +03:00 [INF] HTTP GET /lib/jquery-validation-unobtrusive/dist/jquery.validate.unobtrusive.min.js responded 304 in 0.9547 ms
2026-07-06 20:58:10.962 +03:00 [INF] HTTP GET /js/products-catalog-filter.js responded 304 in 0.6376 ms
2026-07-06 20:58:15.694 +03:00 [INF] HTTP POST /Inventory/EditProduct responded 302 in 43.1095 ms
2026-07-06 20:58:15.764 +03:00 [INF] HTTP GET /Inventory/Products responded 200 in 61.9626 ms
2026-07-06 20:58:15.839 +03:00 [INF] HTTP GET /lib/bootstrap/dist/css/bootstrap.min.css responded 304 in 1.5158 ms
2026-07-06 20:58:15.843 +03:00 [INF] HTTP GET /css/site.css responded 304 in 0.4188 ms
2026-07-06 20:58:15.843 +03:00 [INF] HTTP GET /Biktal.WebMVC.styles.css responded 304 in 0.2846 ms
2026-07-06 20:58:16.664 +03:00 [INF] HTTP GET /lib/jquery/dist/jquery.min.js responded 304 in 0.2859 ms
2026-07-06 20:58:16.680 +03:00 [INF] HTTP GET /lib/bootstrap/dist/js/bootstrap.bundle.min.js responded 304 in 0.5317 ms
2026-07-06 20:58:16.682 +03:00 [INF] HTTP GET /js/site.js responded 304 in 0.5298 ms
2026-07-06 20:58:16.682 +03:00 [INF] HTTP GET /lib/jquery-validation/dist/jquery.validate.min.js responded 304 in 0.4233 ms
2026-07-06 20:58:16.685 +03:00 [INF] HTTP GET /js/products-catalog-filter.js responded 304 in 0.5203 ms
2026-07-06 20:58:16.686 +03:00 [INF] HTTP GET /lib/jquery-validation-unobtrusive/dist/jquery.validate.unobtrusive.min.js responded 304 in 1.4216 ms
2026-07-06 20:58:17.740 +03:00 [INF] HTTP GET /Pos responded 200 in 20.3951 ms
2026-07-06 20:58:17.834 +03:00 [INF] HTTP GET /lib/bootstrap/dist/css/bootstrap.min.css responded 304 in 0.5198 ms
2026-07-06 20:58:17.835 +03:00 [INF] HTTP GET /css/site.css responded 304 in 0.3856 ms
2026-07-06 20:58:17.835 +03:00 [INF] HTTP GET /Biktal.WebMVC.styles.css responded 304 in 0.3192 ms
2026-07-06 20:58:17.841 +03:00 [INF] HTTP GET /lib/jquery/dist/jquery.min.js responded 304 in 1.3501 ms
2026-07-06 20:58:17.842 +03:00 [INF] HTTP GET /lib/bootstrap/dist/js/bootstrap.bundle.min.js responded 304 in 0.6980 ms
2026-07-06 20:58:17.842 +03:00 [INF] HTTP GET /js/site.js responded 304 in 0.7190 ms
2026-07-06 20:58:17.861 +03:00 [INF] HTTP GET /js/pos.js responded 304 in 0.5257 ms
2026-07-06 20:59:07.382 +03:00 [INF] HTTP POST /Pos/CompleteSale responded 200 in 52.4914 ms
2026-07-06 21:20:00.901 +03:00 [INF] Application is shutting down...
2026-07-06 21:43:26.142 +03:00 [ERR] Failed executing DbCommand (18ms) [Parameters=[@p0='?' (DbType = Guid), @p1='?' (DbType = DateTime), @p2='?' (DbType = Guid), @p3='?', @p4='?' (DbType = DateTime), @p5='?' (DbType = Int32), @p6='?' (DbType = Int32), @p7='?', @p8='?', @p9='?' (DbType = Guid), @p10='?' (DbType = DateTime), @p11='?' (DbType = Guid), @p12='?', @p13='?' (DbType = DateTime), @p14='?' (DbType = Int32), @p15='?' (DbType = Int32), @p16='?', @p17='?'], CommandType='"Text"', CommandTimeout='30']
INSERT INTO "CrmSupportTickets" ("Id", "CreatedAtUtc", "CustomerId", "Description", "ModifiedAtUtc", "Priority", "Status", "Subject", "TicketNumber")
VALUES (@p0, @p1, @p2, @p3, @p4, @p5, @p6, @p7, @p8);
INSERT INTO "CrmSupportTickets" ("Id", "CreatedAtUtc", "CustomerId", "Description", "ModifiedAtUtc", "Priority", "Status", "Subject", "TicketNumber")
VALUES (@p9, @p10, @p11, @p12, @p13, @p14, @p15, @p16, @p17);
2026-07-06 21:43:26.218 +03:00 [ERR] An exception occurred in the database while saving changes for context type 'Biktal.Infrastructure.Persistence.ApplicationDbContext'.
Microsoft.EntityFrameworkCore.DbUpdateException: An error occurred while saving the entity changes. See the inner exception for details.
 ---> Npgsql.PostgresException (0x80004005): 23503: insert or update on table "CrmSupportTickets" violates foreign key constraint "FK_CrmSupportTickets_CrmCustomers_CustomerId"

DETAIL: Detail redacted as it may contain sensitive data. Specify 'Include Error Detail' in the connection string to include this information.
   at Npgsql.Internal.NpgsqlConnector.ReadMessageLong(Boolean async, DataRowLoadingMode dataRowLoadingMode, Boolean readingNotifications, Boolean isReadingPrependedMessage)
   at System.Runtime.CompilerServices.PoolingAsyncValueTaskMethodBuilder`1.StateMachineBox`1.System.Threading.Tasks.Sources.IValueTaskSource<TResult>.GetResult(Int16 token)
   at Npgsql.NpgsqlDataReader.NextResult(Boolean async, Boolean isConsuming, CancellationToken cancellationToken)
   at Npgsql.NpgsqlDataReader.NextResult(Boolean async, Boolean isConsuming, CancellationToken cancellationToken)
   at Npgsql.NpgsqlCommand.ExecuteReader(Boolean async, CommandBehavior behavior, CancellationToken cancellationToken)
   at Npgsql.NpgsqlCommand.ExecuteReader(Boolean async, CommandBehavior behavior, CancellationToken cancellationToken)
   at Npgsql.NpgsqlCommand.ExecuteDbDataReaderAsync(CommandBehavior behavior, CancellationToken cancellationToken)
   at Microsoft.EntityFrameworkCore.Storage.RelationalCommand.ExecuteReaderAsync(RelationalCommandParameterObject parameterObject, CancellationToken cancellationToken)
   at Microsoft.EntityFrameworkCore.Storage.RelationalCommand.ExecuteReaderAsync(RelationalCommandParameterObject parameterObject, CancellationToken cancellationToken)
   at Microsoft.EntityFrameworkCore.Update.ReaderModificationCommandBatch.ExecuteAsync(IRelationalConnection connection, CancellationToken cancellationToken)
  Exception data:
    Severity: ERROR
    SqlState: 23503
    MessageText: insert or update on table "CrmSupportTickets" violates foreign key constraint "FK_CrmSupportTickets_CrmCustomers_CustomerId"
    Detail: Detail redacted as it may contain sensitive data. Specify 'Include Error Detail' in the connection string to include this information.
    SchemaName: public
    TableName: CrmSupportTickets
    ConstraintName: FK_CrmSupportTickets_CrmCustomers_CustomerId
    File: ri_triggers.c
    Line: 2783
    Routine: ri_ReportViolation
   --- End of inner exception stack trace ---
   at Microsoft.EntityFrameworkCore.Update.ReaderModificationCommandBatch.ExecuteAsync(IRelationalConnection connection, CancellationToken cancellationToken)
   at Microsoft.EntityFrameworkCore.Update.Internal.BatchExecutor.ExecuteAsync(IEnumerable`1 commandBatches, IRelationalConnection connection, CancellationToken cancellationToken)
   at Microsoft.EntityFrameworkCore.Update.Internal.BatchExecutor.ExecuteAsync(IEnumerable`1 commandBatches, IRelationalConnection connection, CancellationToken cancellationToken)
   at Microsoft.EntityFrameworkCore.Update.Internal.BatchExecutor.ExecuteAsync(IEnumerable`1 commandBatches, IRelationalConnection connection, CancellationToken cancellationToken)
   at Microsoft.EntityFrameworkCore.Storage.RelationalDatabase.SaveChangesAsync(IList`1 entries, CancellationToken cancellationToken)
   at Microsoft.EntityFrameworkCore.ChangeTracking.Internal.StateManager.SaveChangesAsync(IList`1 entriesToSave, CancellationToken cancellationToken)
   at Microsoft.EntityFrameworkCore.ChangeTracking.Internal.StateManager.SaveChangesAsync(StateManager stateManager, Boolean acceptAllChangesOnSuccess, CancellationToken cancellationToken)
   at Npgsql.EntityFrameworkCore.PostgreSQL.Storage.Internal.NpgsqlExecutionStrategy.ExecuteAsync[TState,TResult](TState state, Func`4 operation, Func`4 verifySucceeded, CancellationToken cancellationToken)
   at Microsoft.EntityFrameworkCore.DbContext.SaveChangesAsync(Boolean acceptAllChangesOnSuccess, CancellationToken cancellationToken)
Microsoft.EntityFrameworkCore.DbUpdateException: An error occurred while saving the entity changes. See the inner exception for details.
 ---> Npgsql.PostgresException (0x80004005): 23503: insert or update on table "CrmSupportTickets" violates foreign key constraint "FK_CrmSupportTickets_CrmCustomers_CustomerId"

DETAIL: Detail redacted as it may contain sensitive data. Specify 'Include Error Detail' in the connection string to include this information.
   at Npgsql.Internal.NpgsqlConnector.ReadMessageLong(Boolean async, DataRowLoadingMode dataRowLoadingMode, Boolean readingNotifications, Boolean isReadingPrependedMessage)
   at System.Runtime.CompilerServices.PoolingAsyncValueTaskMethodBuilder`1.StateMachineBox`1.System.Threading.Tasks.Sources.IValueTaskSource<TResult>.GetResult(Int16 token)
   at Npgsql.NpgsqlDataReader.NextResult(Boolean async, Boolean isConsuming, CancellationToken cancellationToken)
   at Npgsql.NpgsqlDataReader.NextResult(Boolean async, Boolean isConsuming, CancellationToken cancellationToken)
   at Npgsql.NpgsqlCommand.ExecuteReader(Boolean async, CommandBehavior behavior, CancellationToken cancellationToken)
   at Npgsql.NpgsqlCommand.ExecuteReader(Boolean async, CommandBehavior behavior, CancellationToken cancellationToken)
   at Npgsql.NpgsqlCommand.ExecuteDbDataReaderAsync(CommandBehavior behavior, CancellationToken cancellationToken)
   at Microsoft.EntityFrameworkCore.Storage.RelationalCommand.ExecuteReaderAsync(RelationalCommandParameterObject parameterObject, CancellationToken cancellationToken)
   at Microsoft.EntityFrameworkCore.Storage.RelationalCommand.ExecuteReaderAsync(RelationalCommandParameterObject parameterObject, CancellationToken cancellationToken)
   at Microsoft.EntityFrameworkCore.Update.ReaderModificationCommandBatch.ExecuteAsync(IRelationalConnection connection, CancellationToken cancellationToken)
  Exception data:
    Severity: ERROR
    SqlState: 23503
    MessageText: insert or update on table "CrmSupportTickets" violates foreign key constraint "FK_CrmSupportTickets_CrmCustomers_CustomerId"
    Detail: Detail redacted as it may contain sensitive data. Specify 'Include Error Detail' in the connection string to include this information.
    SchemaName: public
    TableName: CrmSupportTickets
    ConstraintName: FK_CrmSupportTickets_CrmCustomers_CustomerId
    File: ri_triggers.c
    Line: 2783
    Routine: ri_ReportViolation
   --- End of inner exception stack trace ---
   at Microsoft.EntityFrameworkCore.Update.ReaderModificationCommandBatch.ExecuteAsync(IRelationalConnection connection, CancellationToken cancellationToken)
   at Microsoft.EntityFrameworkCore.Update.Internal.BatchExecutor.ExecuteAsync(IEnumerable`1 commandBatches, IRelationalConnection connection, CancellationToken cancellationToken)
   at Microsoft.EntityFrameworkCore.Update.Internal.BatchExecutor.ExecuteAsync(IEnumerable`1 commandBatches, IRelationalConnection connection, CancellationToken cancellationToken)
   at Microsoft.EntityFrameworkCore.Update.Internal.BatchExecutor.ExecuteAsync(IEnumerable`1 commandBatches, IRelationalConnection connection, CancellationToken cancellationToken)
   at Microsoft.EntityFrameworkCore.Storage.RelationalDatabase.SaveChangesAsync(IList`1 entries, CancellationToken cancellationToken)
   at Microsoft.EntityFrameworkCore.ChangeTracking.Internal.StateManager.SaveChangesAsync(IList`1 entriesToSave, CancellationToken cancellationToken)
   at Microsoft.EntityFrameworkCore.ChangeTracking.Internal.StateManager.SaveChangesAsync(StateManager stateManager, Boolean acceptAllChangesOnSuccess, CancellationToken cancellationToken)
   at Npgsql.EntityFrameworkCore.PostgreSQL.Storage.Internal.NpgsqlExecutionStrategy.ExecuteAsync[TState,TResult](TState state, Func`4 operation, Func`4 verifySucceeded, CancellationToken cancellationToken)
   at Microsoft.EntityFrameworkCore.DbContext.SaveChangesAsync(Boolean acceptAllChangesOnSuccess, CancellationToken cancellationToken)
2026-07-06 21:43:26.224 +03:00 [ERR] Database migration or seed failed. Check PostgreSQL is running and ConnectionStrings:DefaultConnection is correct.
Microsoft.EntityFrameworkCore.DbUpdateException: An error occurred while saving the entity changes. See the inner exception for details.
 ---> Npgsql.PostgresException (0x80004005): 23503: insert or update on table "CrmSupportTickets" violates foreign key constraint "FK_CrmSupportTickets_CrmCustomers_CustomerId"

DETAIL: Detail redacted as it may contain sensitive data. Specify 'Include Error Detail' in the connection string to include this information.
   at Npgsql.Internal.NpgsqlConnector.ReadMessageLong(Boolean async, DataRowLoadingMode dataRowLoadingMode, Boolean readingNotifications, Boolean isReadingPrependedMessage)
   at System.Runtime.CompilerServices.PoolingAsyncValueTaskMethodBuilder`1.StateMachineBox`1.System.Threading.Tasks.Sources.IValueTaskSource<TResult>.GetResult(Int16 token)
   at Npgsql.NpgsqlDataReader.NextResult(Boolean async, Boolean isConsuming, CancellationToken cancellationToken)
   at Npgsql.NpgsqlDataReader.NextResult(Boolean async, Boolean isConsuming, CancellationToken cancellationToken)
   at Npgsql.NpgsqlCommand.ExecuteReader(Boolean async, CommandBehavior behavior, CancellationToken cancellationToken)
   at Npgsql.NpgsqlCommand.ExecuteReader(Boolean async, CommandBehavior behavior, CancellationToken cancellationToken)
   at Npgsql.NpgsqlCommand.ExecuteDbDataReaderAsync(CommandBehavior behavior, CancellationToken cancellationToken)
   at Microsoft.EntityFrameworkCore.Storage.RelationalCommand.ExecuteReaderAsync(RelationalCommandParameterObject parameterObject, CancellationToken cancellationToken)
   at Microsoft.EntityFrameworkCore.Storage.RelationalCommand.ExecuteReaderAsync(RelationalCommandParameterObject parameterObject, CancellationToken cancellationToken)
   at Microsoft.EntityFrameworkCore.Update.ReaderModificationCommandBatch.ExecuteAsync(IRelationalConnection connection, CancellationToken cancellationToken)
  Exception data:
    Severity: ERROR
    SqlState: 23503
    MessageText: insert or update on table "CrmSupportTickets" violates foreign key constraint "FK_CrmSupportTickets_CrmCustomers_CustomerId"
    Detail: Detail redacted as it may contain sensitive data. Specify 'Include Error Detail' in the connection string to include this information.
    SchemaName: public
    TableName: CrmSupportTickets
    ConstraintName: FK_CrmSupportTickets_CrmCustomers_CustomerId
    File: ri_triggers.c
    Line: 2783
    Routine: ri_ReportViolation
   --- End of inner exception stack trace ---
   at Microsoft.EntityFrameworkCore.Update.ReaderModificationCommandBatch.ExecuteAsync(IRelationalConnection connection, CancellationToken cancellationToken)
   at Microsoft.EntityFrameworkCore.Update.Internal.BatchExecutor.ExecuteAsync(IEnumerable`1 commandBatches, IRelationalConnection connection, CancellationToken cancellationToken)
   at Microsoft.EntityFrameworkCore.Update.Internal.BatchExecutor.ExecuteAsync(IEnumerable`1 commandBatches, IRelationalConnection connection, CancellationToken cancellationToken)
   at Microsoft.EntityFrameworkCore.Update.Internal.BatchExecutor.ExecuteAsync(IEnumerable`1 commandBatches, IRelationalConnection connection, CancellationToken cancellationToken)
   at Microsoft.EntityFrameworkCore.Storage.RelationalDatabase.SaveChangesAsync(IList`1 entries, CancellationToken cancellationToken)
   at Microsoft.EntityFrameworkCore.ChangeTracking.Internal.StateManager.SaveChangesAsync(IList`1 entriesToSave, CancellationToken cancellationToken)
   at Microsoft.EntityFrameworkCore.ChangeTracking.Internal.StateManager.SaveChangesAsync(StateManager stateManager, Boolean acceptAllChangesOnSuccess, CancellationToken cancellationToken)
   at Npgsql.EntityFrameworkCore.PostgreSQL.Storage.Internal.NpgsqlExecutionStrategy.ExecuteAsync[TState,TResult](TState state, Func`4 operation, Func`4 verifySucceeded, CancellationToken cancellationToken)
   at Microsoft.EntityFrameworkCore.DbContext.SaveChangesAsync(Boolean acceptAllChangesOnSuccess, CancellationToken cancellationToken)
   at Microsoft.EntityFrameworkCore.DbContext.SaveChangesAsync(Boolean acceptAllChangesOnSuccess, CancellationToken cancellationToken)
   at Biktal.Infrastructure.Persistence.CrmDataSeeder.SeedIfEmptyAsync(ApplicationDbContext db, CancellationToken cancellationToken)
   at Program.<Main>$(String[] args) in d:\Systems\BiktalSystems\Program.cs:line 71
2026-07-06 21:43:26.239 +03:00 [WRN] Continuing without a successful migration/seed. Auth and data pages may fail until the database is available.
2026-07-06 21:43:26.266 +03:00 [WRN] Using an in-memory repository. Keys will not be persisted to storage.
2026-07-06 21:43:26.267 +03:00 [WRN] Neither user profile nor HKLM registry available. Using an ephemeral key repository. Protected data will be unavailable when application exits.
2026-07-06 21:43:26.285 +03:00 [WRN] No XML encryptor configured. Key {5bda36a1-d977-49b6-819f-36c0b7018060} may be persisted to storage in unencrypted form.
2026-07-06 21:43:26.338 +03:00 [INF] Application started. Press Ctrl+C to shut down.
2026-07-06 21:43:26.338 +03:00 [INF] Hosting environment: Production
2026-07-06 21:43:26.338 +03:00 [INF] Content root path: D:\Systems\BiktalSystems\publish
2026-07-06 21:43:26.443 +03:00 [INF] HTTP GET /Crm responded 302 in 82.6964 ms
2026-07-06 21:43:26.594 +03:00 [ERR] An exception was thrown while deserializing the token.
Microsoft.AspNetCore.Antiforgery.AntiforgeryValidationException: The antiforgery token could not be decrypted.
 ---> System.Security.Cryptography.CryptographicException: The key {b306e196-1fa5-45c8-938e-b118c46576be} was not found in the key ring. For more information go to https://aka.ms/aspnet/dataprotectionwarning
   at Microsoft.AspNetCore.DataProtection.KeyManagement.KeyRingBasedDataProtector.UnprotectCore(Byte[] protectedData, Boolean allowOperationsOnRevokedKeys, UnprotectStatus& status)
   at Microsoft.AspNetCore.DataProtection.KeyManagement.KeyRingBasedDataProtector.Unprotect(Byte[] protectedData)
   at Microsoft.AspNetCore.Antiforgery.DefaultAntiforgeryTokenSerializer.Deserialize(String serializedToken)
   --- End of inner exception stack trace ---
   at Microsoft.AspNetCore.Antiforgery.DefaultAntiforgeryTokenSerializer.Deserialize(String serializedToken)
   at Microsoft.AspNetCore.Antiforgery.DefaultAntiforgery.GetCookieTokenDoesNotThrow(HttpContext httpContext)
2026-07-06 21:43:26.748 +03:00 [INF] HTTP GET /Account/Login responded 200 in 287.3403 ms
2026-07-06 21:43:26.944 +03:00 [INF] HTTP GET /lib/jquery-validation-unobtrusive/dist/jquery.validate.unobtrusive.min.js responded 200 in 101.6788 ms
2026-07-06 21:43:26.944 +03:00 [INF] HTTP GET /lib/jquery-validation/dist/jquery.validate.min.js responded 200 in 66.4045 ms
2026-07-06 21:43:26.945 +03:00 [INF] HTTP GET /css/site.css responded 200 in 104.4229 ms
2026-07-06 21:43:26.944 +03:00 [INF] HTTP GET /Biktal.WebMVC.styles.css responded 200 in 103.9525 ms
2026-07-06 21:43:26.947 +03:00 [INF] HTTP GET /js/site.js responded 200 in 103.7405 ms
2026-07-06 21:43:26.947 +03:00 [INF] HTTP GET /lib/bootstrap/dist/css/bootstrap.min.css responded 200 in 114.8011 ms
2026-07-06 21:43:26.947 +03:00 [INF] HTTP GET /lib/bootstrap/dist/js/bootstrap.bundle.min.js responded 200 in 104.1190 ms
2026-07-06 21:43:26.949 +03:00 [INF] HTTP GET /lib/jquery/dist/jquery.min.js responded 200 in 107.2364 ms
2026-07-06 21:43:33.651 +03:00 [INF] HTTP POST /Account/Login responded 200 in 391.8166 ms
2026-07-06 21:43:33.707 +03:00 [INF] HTTP GET /lib/bootstrap/dist/css/bootstrap.min.css responded 200 in 3.8543 ms
2026-07-06 21:43:33.718 +03:00 [INF] HTTP GET /css/site.css responded 200 in 8.9026 ms
2026-07-06 21:43:33.720 +03:00 [INF] HTTP GET /Biktal.WebMVC.styles.css responded 200 in 1.4361 ms
2026-07-06 21:43:33.758 +03:00 [INF] HTTP GET /lib/jquery/dist/jquery.min.js responded 304 in 40.2160 ms
2026-07-06 21:43:33.758 +03:00 [INF] HTTP GET /js/site.js responded 304 in 31.2400 ms
2026-07-06 21:43:33.770 +03:00 [INF] HTTP GET /lib/jquery-validation/dist/jquery.validate.min.js responded 304 in 25.2217 ms
2026-07-06 21:43:33.770 +03:00 [INF] HTTP GET /lib/jquery-validation-unobtrusive/dist/jquery.validate.unobtrusive.min.js responded 304 in 22.1456 ms
2026-07-06 21:43:33.874 +03:00 [INF] HTTP GET /lib/bootstrap/dist/js/bootstrap.bundle.min.js responded 304 in 154.5469 ms
2026-07-06 21:43:38.590 +03:00 [INF] HTTP POST /Account/Login responded 302 in 294.7642 ms
2026-07-06 21:43:38.727 +03:00 [INF] HTTP GET /Crm responded 200 in 130.0722 ms
2026-07-06 21:43:38.790 +03:00 [INF] HTTP GET /lib/bootstrap/dist/css/bootstrap.min.css responded 200 in 2.5869 ms
2026-07-06 21:43:38.797 +03:00 [INF] HTTP GET /lib/jquery/dist/jquery.min.js responded 304 in 1.7554 ms
2026-07-06 21:43:38.797 +03:00 [INF] HTTP GET /Biktal.WebMVC.styles.css responded 200 in 3.6560 ms
2026-07-06 21:43:38.798 +03:00 [INF] HTTP GET /css/site.css responded 200 in 7.8702 ms
2026-07-06 21:43:38.799 +03:00 [INF] HTTP GET /lib/bootstrap/dist/js/bootstrap.bundle.min.js responded 304 in 2.7901 ms
2026-07-06 21:43:38.801 +03:00 [INF] HTTP GET /js/site.js responded 304 in 0.7007 ms
2026-07-06 21:43:43.560 +03:00 [INF] HTTP GET /Installments responded 200 in 204.0188 ms
2026-07-06 21:43:43.625 +03:00 [INF] HTTP GET /lib/bootstrap/dist/css/bootstrap.min.css responded 200 in 13.5619 ms
2026-07-06 21:43:43.629 +03:00 [INF] HTTP GET /css/site.css responded 200 in 1.4022 ms
2026-07-06 21:43:43.629 +03:00 [INF] HTTP GET /Biktal.WebMVC.styles.css responded 200 in 2.9116 ms
2026-07-06 21:43:43.632 +03:00 [INF] HTTP GET /lib/jquery/dist/jquery.min.js responded 304 in 1.8904 ms
2026-07-06 21:43:43.632 +03:00 [INF] HTTP GET /lib/bootstrap/dist/js/bootstrap.bundle.min.js responded 304 in 0.8801 ms
2026-07-06 21:43:43.635 +03:00 [INF] HTTP GET /js/site.js responded 304 in 1.4547 ms
2026-07-06 21:43:48.852 +03:00 [INF] HTTP GET /Installments/New responded 200 in 140.0805 ms
2026-07-06 21:43:48.913 +03:00 [INF] HTTP GET /lib/bootstrap/dist/css/bootstrap.min.css responded 304 in 7.1785 ms
2026-07-06 21:43:48.924 +03:00 [INF] HTTP GET /css/site.css responded 304 in 1.4822 ms
2026-07-06 21:43:48.925 +03:00 [INF] HTTP GET /Biktal.WebMVC.styles.css responded 304 in 1.9798 ms
2026-07-06 21:43:48.930 +03:00 [INF] HTTP GET /lib/jquery/dist/jquery.min.js responded 304 in 1.1340 ms
2026-07-06 21:43:48.931 +03:00 [INF] HTTP GET /lib/bootstrap/dist/js/bootstrap.bundle.min.js responded 304 in 0.8834 ms
2026-07-06 21:43:48.933 +03:00 [INF] HTTP GET /js/site.js responded 304 in 0.9806 ms
2026-07-06 21:43:48.934 +03:00 [INF] HTTP GET /lib/jquery-validation/dist/jquery.validate.min.js responded 304 in 1.2858 ms
2026-07-06 21:43:48.936 +03:00 [INF] HTTP GET /lib/jquery-validation-unobtrusive/dist/jquery.validate.unobtrusive.min.js responded 304 in 0.8806 ms
2026-07-06 21:44:16.572 +03:00 [INF] HTTP POST /Installments/Create responded 302 in 372.5425 ms
2026-07-06 21:44:16.613 +03:00 [WRN] Compiling a query which loads related collections for more than one collection navigation, either via 'Include' or through projection, but no 'QuerySplittingBehavior' has been configured. By default, Entity Framework will use 'QuerySplittingBehavior.SingleQuery', which can potentially result in slow query performance. See https://go.microsoft.com/fwlink/?linkid=2134277 for more information. To identify the query that's triggering this warning call 'ConfigureWarnings(w => w.Throw(RelationalEventId.MultipleCollectionIncludeWarning))'.
2026-07-06 21:44:16.698 +03:00 [INF] HTTP GET /Installments/Detail/9904e451-fa0e-4b32-ba44-9fbf3211163c responded 200 in 119.3308 ms
2026-07-06 21:44:16.749 +03:00 [INF] HTTP GET /lib/bootstrap/dist/css/bootstrap.min.css responded 200 in 1.6324 ms
2026-07-06 21:44:16.771 +03:00 [INF] HTTP GET /css/site.css responded 304 in 3.1728 ms
2026-07-06 21:44:16.771 +03:00 [INF] HTTP GET /lib/jquery/dist/jquery.min.js responded 304 in 0.6760 ms
2026-07-06 21:44:16.772 +03:00 [INF] HTTP GET /Biktal.WebMVC.styles.css responded 304 in 0.4824 ms
2026-07-06 21:44:16.772 +03:00 [INF] HTTP GET /lib/bootstrap/dist/js/bootstrap.bundle.min.js responded 304 in 0.4914 ms
2026-07-06 21:44:16.772 +03:00 [INF] HTTP GET /js/site.js responded 304 in 0.4460 ms
2026-07-06 21:44:16.772 +03:00 [INF] HTTP GET /lib/jquery-validation/dist/jquery.validate.min.js responded 304 in 0.3667 ms
2026-07-06 21:44:16.772 +03:00 [INF] HTTP GET /lib/jquery-validation-unobtrusive/dist/jquery.validate.unobtrusive.min.js responded 304 in 0.3543 ms
2026-07-06 21:44:44.113 +03:00 [WRN] The query uses the 'First'/'FirstOrDefault' operator without 'OrderBy' and filter operators. This may lead to unpredictable results.
2026-07-06 21:44:44.128 +03:00 [WRN] The query uses the 'First'/'FirstOrDefault' operator without 'OrderBy' and filter operators. This may lead to unpredictable results.
2026-07-06 21:44:44.175 +03:00 [INF] HTTP GET /Operations responded 200 in 108.7085 ms
2026-07-06 21:44:44.238 +03:00 [INF] HTTP GET /lib/bootstrap/dist/css/bootstrap.min.css responded 200 in 1.8307 ms
2026-07-06 21:44:44.239 +03:00 [INF] HTTP GET /lib/jquery/dist/jquery.min.js responded 304 in 0.6671 ms
2026-07-06 21:44:44.239 +03:00 [INF] HTTP GET /css/site.css responded 304 in 2.1980 ms
2026-07-06 21:44:44.240 +03:00 [INF] HTTP GET /lib/bootstrap/dist/js/bootstrap.bundle.min.js responded 304 in 0.5665 ms
2026-07-06 21:44:44.240 +03:00 [INF] HTTP GET /js/site.js responded 304 in 0.3264 ms
2026-07-06 21:44:44.241 +03:00 [INF] HTTP GET /Biktal.WebMVC.styles.css responded 304 in 0.7354 ms
2026-07-06 21:44:57.444 +03:00 [INF] HTTP GET /Operations/LowStock responded 200 in 41.3467 ms
2026-07-06 21:44:57.500 +03:00 [INF] HTTP GET /lib/bootstrap/dist/css/bootstrap.min.css responded 200 in 5.1507 ms
2026-07-06 21:44:57.508 +03:00 [INF] HTTP GET /css/site.css responded 304 in 0.5704 ms
2026-07-06 21:44:57.509 +03:00 [INF] HTTP GET /Biktal.WebMVC.styles.css responded 304 in 1.0478 ms
2026-07-06 21:44:57.510 +03:00 [INF] HTTP GET /lib/jquery/dist/jquery.min.js responded 304 in 0.7909 ms
2026-07-06 21:44:57.511 +03:00 [INF] HTTP GET /lib/bootstrap/dist/js/bootstrap.bundle.min.js responded 304 in 1.3919 ms
2026-07-06 21:44:57.516 +03:00 [INF] HTTP GET /js/site.js responded 304 in 0.5714 ms
2026-07-06 21:45:38.453 +03:00 [INF] HTTP GET /Operations responded 200 in 11.8757 ms
2026-07-06 21:45:38.517 +03:00 [INF] HTTP GET /lib/bootstrap/dist/css/bootstrap.min.css responded 200 in 1.1288 ms
2026-07-06 21:45:38.517 +03:00 [INF] HTTP GET /css/site.css responded 200 in 1.1621 ms
2026-07-06 21:45:38.523 +03:00 [INF] HTTP GET /lib/jquery/dist/jquery.min.js responded 200 in 1.3686 ms
2026-07-06 21:45:38.523 +03:00 [INF] HTTP GET /Biktal.WebMVC.styles.css responded 200 in 0.8966 ms
2026-07-06 21:45:38.531 +03:00 [INF] HTTP GET /lib/bootstrap/dist/js/bootstrap.bundle.min.js responded 200 in 4.0026 ms
2026-07-06 21:45:38.534 +03:00 [INF] HTTP GET /js/site.js responded 200 in 1.9047 ms
2026-07-06 21:45:42.399 +03:00 [INF] HTTP GET /Operations/Sales responded 200 in 109.1802 ms
2026-07-06 21:45:42.459 +03:00 [INF] HTTP GET /lib/bootstrap/dist/css/bootstrap.min.css responded 200 in 6.4570 ms
2026-07-06 21:45:42.466 +03:00 [INF] HTTP GET /css/site.css responded 200 in 2.3890 ms
2026-07-06 21:45:42.466 +03:00 [INF] HTTP GET /Biktal.WebMVC.styles.css responded 200 in 1.3994 ms
2026-07-06 21:45:42.467 +03:00 [INF] HTTP GET /js/site.js responded 304 in 0.9911 ms
2026-07-06 21:45:42.467 +03:00 [INF] HTTP GET /lib/bootstrap/dist/js/bootstrap.bundle.min.js responded 304 in 0.5633 ms
2026-07-06 21:45:42.470 +03:00 [INF] HTTP GET /lib/jquery/dist/jquery.min.js responded 304 in 1.0629 ms
2026-07-06 21:46:07.753 +03:00 [INF] HTTP GET /Operations/MonthlySales responded 200 in 23.0778 ms
2026-07-06 21:46:07.807 +03:00 [INF] HTTP GET /lib/bootstrap/dist/css/bootstrap.min.css responded 200 in 1.5580 ms
2026-07-06 21:46:07.819 +03:00 [INF] HTTP GET /css/site.css responded 200 in 5.2122 ms
2026-07-06 21:46:07.821 +03:00 [INF] HTTP GET /lib/bootstrap/dist/js/bootstrap.bundle.min.js responded 304 in 1.8244 ms
2026-07-06 21:46:07.821 +03:00 [INF] HTTP GET /lib/jquery/dist/jquery.min.js responded 304 in 2.0221 ms
2026-07-06 21:46:07.825 +03:00 [INF] HTTP GET /js/site.js responded 304 in 3.4439 ms
2026-07-06 21:46:07.827 +03:00 [INF] HTTP GET /Biktal.WebMVC.styles.css responded 200 in 5.3956 ms
2026-07-06 21:51:06.909 +03:00 [WRN] The query uses the 'First'/'FirstOrDefault' operator without 'OrderBy' and filter operators. This may lead to unpredictable results.
2026-07-06 21:51:06.986 +03:00 [INF] HTTP GET /Pos responded 200 in 181.9613 ms
2026-07-06 21:51:07.061 +03:00 [INF] HTTP GET /lib/bootstrap/dist/css/bootstrap.min.css responded 200 in 1.6434 ms
2026-07-06 21:51:07.064 +03:00 [INF] HTTP GET /Biktal.WebMVC.styles.css responded 200 in 1.1025 ms
2026-07-06 21:51:07.065 +03:00 [INF] HTTP GET /lib/jquery/dist/jquery.min.js responded 200 in 0.8944 ms
2026-07-06 21:51:07.070 +03:00 [INF] HTTP GET /lib/bootstrap/dist/js/bootstrap.bundle.min.js responded 200 in 2.7656 ms
2026-07-06 21:51:07.070 +03:00 [INF] HTTP GET /js/pos.js responded 200 in 0.9130 ms
2026-07-06 21:51:07.079 +03:00 [INF] HTTP GET /js/site.js responded 200 in 7.0625 ms
2026-07-06 21:51:07.080 +03:00 [INF] HTTP GET /css/site.css responded 200 in 1.0077 ms
2026-07-06 21:51:11.480 +03:00 [INF] HTTP GET /Inventory responded 200 in 92.8991 ms
2026-07-06 21:51:11.547 +03:00 [INF] HTTP GET /css/site.css responded 200 in 3.1076 ms
2026-07-06 21:51:11.548 +03:00 [INF] HTTP GET /lib/bootstrap/dist/css/bootstrap.min.css responded 200 in 1.6758 ms
2026-07-06 21:51:11.553 +03:00 [INF] HTTP GET /Biktal.WebMVC.styles.css responded 200 in 3.1266 ms
2026-07-06 21:51:11.558 +03:00 [INF] HTTP GET /js/site.js responded 200 in 2.4933 ms
2026-07-06 21:51:11.559 +03:00 [INF] HTTP GET /lib/bootstrap/dist/js/bootstrap.bundle.min.js responded 200 in 1.2606 ms
2026-07-06 21:51:11.559 +03:00 [INF] HTTP GET /lib/jquery/dist/jquery.min.js responded 200 in 4.3833 ms
2026-07-06 21:51:12.547 +03:00 [INF] HTTP GET /Pos responded 200 in 24.2119 ms
2026-07-06 21:51:12.615 +03:00 [INF] HTTP GET /lib/bootstrap/dist/css/bootstrap.min.css responded 200 in 5.0834 ms
2026-07-06 21:51:12.622 +03:00 [INF] HTTP GET /css/site.css responded 200 in 5.2600 ms
2026-07-06 21:51:12.623 +03:00 [INF] HTTP GET /Biktal.WebMVC.styles.css responded 200 in 2.2251 ms
2026-07-06 21:51:12.624 +03:00 [INF] HTTP GET /lib/bootstrap/dist/js/bootstrap.bundle.min.js responded 304 in 0.5499 ms
2026-07-06 21:51:12.625 +03:00 [INF] HTTP GET /lib/jquery/dist/jquery.min.js responded 304 in 1.7751 ms
2026-07-06 21:51:12.628 +03:00 [INF] HTTP GET /js/pos.js responded 200 in 2.4179 ms
2026-07-06 21:51:12.628 +03:00 [INF] HTTP GET /js/site.js responded 304 in 2.5599 ms
