2026-09-29 09:36:30.965 +03:00 [WRN] Using an in-memory repository. Keys will not be persisted to storage.
2026-09-29 09:36:31.030 +03:00 [WRN] Neither user profile nor HKLM registry available. Using an ephemeral key repository. Protected data will be unavailable when application exits.
2026-09-29 09:36:31.194 +03:00 [WRN] No XML encryptor configured. Key {99445348-b0ef-4e0f-b138-bed6bbde0d6b} may be persisted to storage in unencrypted form.
2026-09-29 09:36:31.254 +03:00 [INF] Application started. Press Ctrl+C to shut down.
2026-09-29 09:36:31.255 +03:00 [INF] Hosting environment: Production
2026-09-29 09:36:31.255 +03:00 [INF] Content root path: D:\Systems\BiktalSystems\publish
2026-09-29 09:36:31.793 +03:00 [ERR] An exception was thrown while deserializing the token.
Microsoft.AspNetCore.Antiforgery.AntiforgeryValidationException: The antiforgery token could not be decrypted.
 ---> System.Security.Cryptography.CryptographicException: The key {14c54152-f424-4353-85dc-c7c5c843b7da} was not found in the key ring. For more information go to https://aka.ms/aspnet/dataprotectionwarning
   at Microsoft.AspNetCore.DataProtection.KeyManagement.KeyRingBasedDataProtector.UnprotectCore(Byte[] protectedData, Boolean allowOperationsOnRevokedKeys, UnprotectStatus& status)
   at Microsoft.AspNetCore.DataProtection.KeyManagement.KeyRingBasedDataProtector.Unprotect(Byte[] protectedData)
   at Microsoft.AspNetCore.Antiforgery.DefaultAntiforgeryTokenSerializer.Deserialize(String serializedToken)
   --- End of inner exception stack trace ---
   at Microsoft.AspNetCore.Antiforgery.DefaultAntiforgeryTokenSerializer.Deserialize(String serializedToken)
   at Microsoft.AspNetCore.Antiforgery.DefaultAntiforgery.GetCookieTokenDoesNotThrow(HttpContext httpContext)
2026-09-29 09:36:32.385 +03:00 [INF] HTTP GET /Inventory/Products responded 200 in 1099.5306 ms
2026-09-29 09:36:32.446 +03:00 [INF] HTTP GET /lib/bootstrap/dist/css/bootstrap.min.css responded 200 in 63.5836 ms
2026-09-29 09:36:32.446 +03:00 [INF] HTTP GET /Biktal.WebMVC.styles.css responded 200 in 60.1783 ms
2026-09-29 09:36:32.449 +03:00 [INF] HTTP GET /css/site.css responded 200 in 67.2374 ms
2026-09-29 09:36:33.259 +03:00 [INF] HTTP GET /lib/jquery/dist/jquery.min.js responded 200 in 15.3693 ms
2026-09-29 09:36:33.301 +03:00 [INF] HTTP GET /lib/bootstrap/dist/js/bootstrap.bundle.min.js responded 200 in 26.7847 ms
2026-09-29 09:36:33.302 +03:00 [INF] HTTP GET /lib/jquery-validation/dist/jquery.validate.min.js responded 200 in 22.5567 ms
2026-09-29 09:36:33.303 +03:00 [INF] HTTP GET /js/products-catalog-filter.js responded 200 in 23.8325 ms
2026-09-29 09:36:33.318 +03:00 [INF] HTTP GET /lib/jquery-validation-unobtrusive/dist/jquery.validate.unobtrusive.min.js responded 200 in 38.6857 ms
2026-09-29 09:36:33.324 +03:00 [INF] HTTP GET /js/site.js responded 200 in 43.7614 ms
2026-09-29 09:36:37.589 +03:00 [INF] HTTP GET /Finance responded 200 in 305.3601 ms
2026-09-29 09:36:37.652 +03:00 [INF] HTTP GET /lib/bootstrap/dist/css/bootstrap.min.css responded 200 in 6.1361 ms
2026-09-29 09:36:37.653 +03:00 [INF] HTTP GET /Biktal.WebMVC.styles.css responded 200 in 1.3545 ms
2026-09-29 09:36:37.660 +03:00 [INF] HTTP GET /css/site.css responded 200 in 7.2231 ms
2026-09-29 09:36:37.682 +03:00 [INF] HTTP GET /js/site.js responded 304 in 20.5510 ms
2026-09-29 09:36:37.687 +03:00 [INF] HTTP GET /lib/jquery/dist/jquery.min.js responded 304 in 34.4971 ms
2026-09-29 09:36:37.811 +03:00 [INF] HTTP GET /lib/bootstrap/dist/js/bootstrap.bundle.min.js responded 304 in 147.6768 ms
2026-09-29 09:36:53.600 +03:00 [INF] HTTP GET /Finance/Cashbox responded 200 in 331.2735 ms
2026-09-29 09:36:53.662 +03:00 [INF] HTTP GET /lib/bootstrap/dist/css/bootstrap.min.css responded 200 in 2.7712 ms
2026-09-29 09:36:53.666 +03:00 [INF] HTTP GET /Biktal.WebMVC.styles.css responded 200 in 1.2910 ms
2026-09-29 09:36:53.666 +03:00 [INF] HTTP GET /css/site.css responded 200 in 1.6597 ms
2026-09-29 09:36:53.667 +03:00 [INF] HTTP GET /lib/bootstrap/dist/js/bootstrap.bundle.min.js responded 304 in 0.2543 ms
2026-09-29 09:36:53.667 +03:00 [INF] HTTP GET /lib/jquery/dist/jquery.min.js responded 304 in 0.4315 ms
2026-09-29 09:36:53.671 +03:00 [INF] HTTP GET /js/site.js responded 304 in 3.3389 ms
2026-09-29 09:36:53.686 +03:00 [INF] HTTP GET /lib/jquery-validation-unobtrusive/dist/jquery.validate.unobtrusive.min.js responded 304 in 13.9659 ms
2026-09-29 09:36:53.692 +03:00 [INF] HTTP GET /lib/jquery-validation/dist/jquery.validate.min.js responded 304 in 23.9945 ms
2026-09-29 09:43:52.410 +03:00 [INF] HTTP POST /Finance/OpenCashboxSession responded 302 in 1110.7264 ms
2026-09-29 09:43:52.552 +03:00 [INF] HTTP GET /Finance/Cashbox responded 200 in 133.2744 ms
2026-09-29 09:43:52.649 +03:00 [INF] HTTP GET /css/site.css responded 200 in 20.8390 ms
2026-09-29 09:43:52.677 +03:00 [INF] HTTP GET /lib/bootstrap/dist/css/bootstrap.min.css responded 200 in 43.2356 ms
2026-09-29 09:43:52.688 +03:00 [INF] HTTP GET /Biktal.WebMVC.styles.css responded 200 in 37.2817 ms
2026-09-29 09:43:52.690 +03:00 [INF] HTTP GET /lib/jquery/dist/jquery.min.js responded 200 in 40.1657 ms
2026-09-29 09:43:52.722 +03:00 [INF] HTTP GET /lib/jquery-validation-unobtrusive/dist/jquery.validate.unobtrusive.min.js responded 200 in 14.6963 ms
2026-09-29 09:43:52.722 +03:00 [INF] HTTP GET /js/site.js responded 200 in 48.8269 ms
2026-09-29 09:43:52.723 +03:00 [INF] HTTP GET /lib/bootstrap/dist/js/bootstrap.bundle.min.js responded 200 in 44.8727 ms
2026-09-29 09:43:52.725 +03:00 [INF] HTTP GET /lib/jquery-validation/dist/jquery.validate.min.js responded 200 in 17.5883 ms
2026-09-29 10:04:20.029 +03:00 [INF] Application is shutting down...
2026-09-29 10:47:49.697 +03:00 [WRN] Using an in-memory repository. Keys will not be persisted to storage.
2026-09-29 10:47:49.743 +03:00 [WRN] Neither user profile nor HKLM registry available. Using an ephemeral key repository. Protected data will be unavailable when application exits.
2026-09-29 10:47:49.882 +03:00 [WRN] No XML encryptor configured. Key {a3351df3-5c27-4f54-af81-4393b092d754} may be persisted to storage in unencrypted form.
2026-09-29 10:47:49.947 +03:00 [INF] Application started. Press Ctrl+C to shut down.
2026-09-29 10:47:49.947 +03:00 [INF] Hosting environment: Production
2026-09-29 10:47:49.947 +03:00 [INF] Content root path: D:\Systems\BiktalSystems\publish
2026-09-29 10:47:50.192 +03:00 [WRN] The query uses the 'First'/'FirstOrDefault' operator without 'OrderBy' and filter operators. This may lead to unpredictable results.
2026-09-29 10:47:50.272 +03:00 [ERR] An exception was thrown while deserializing the token.
Microsoft.AspNetCore.Antiforgery.AntiforgeryValidationException: The antiforgery token could not be decrypted.
 ---> System.Security.Cryptography.CryptographicException: The key {99445348-b0ef-4e0f-b138-bed6bbde0d6b} was not found in the key ring. For more information go to https://aka.ms/aspnet/dataprotectionwarning
   at Microsoft.AspNetCore.DataProtection.KeyManagement.KeyRingBasedDataProtector.UnprotectCore(Byte[] protectedData, Boolean allowOperationsOnRevokedKeys, UnprotectStatus& status)
   at Microsoft.AspNetCore.DataProtection.KeyManagement.KeyRingBasedDataProtector.Unprotect(Byte[] protectedData)
   at Microsoft.AspNetCore.Antiforgery.DefaultAntiforgeryTokenSerializer.Deserialize(String serializedToken)
   --- End of inner exception stack trace ---
   at Microsoft.AspNetCore.Antiforgery.DefaultAntiforgeryTokenSerializer.Deserialize(String serializedToken)
   at Microsoft.AspNetCore.Antiforgery.DefaultAntiforgery.GetCookieTokenDoesNotThrow(HttpContext httpContext)
2026-09-29 10:47:50.481 +03:00 [INF] HTTP GET / responded 200 in 507.1376 ms
2026-09-29 10:47:50.650 +03:00 [INF] HTTP GET /Biktal.WebMVC.styles.css responded 200 in 19.1026 ms
2026-09-29 10:47:50.650 +03:00 [INF] HTTP GET /lib/bootstrap/dist/css/bootstrap.min.css responded 200 in 58.6708 ms
2026-09-29 10:47:50.653 +03:00 [INF] HTTP GET /css/site.css responded 200 in 58.5611 ms
2026-09-29 10:47:51.256 +03:00 [INF] HTTP GET /lib/bootstrap/dist/js/bootstrap.bundle.min.js responded 200 in 41.1438 ms
2026-09-29 10:47:51.258 +03:00 [INF] HTTP GET /js/pos.js responded 200 in 42.1713 ms
2026-09-29 10:47:51.259 +03:00 [INF] HTTP GET /lib/jquery/dist/jquery.min.js responded 200 in 44.5052 ms
2026-09-29 10:47:51.278 +03:00 [INF] HTTP GET /js/site.js responded 200 in 62.4301 ms
2026-09-29 10:48:32.336 +03:00 [INF] HTTP GET /Inventory/Products responded 200 in 666.4763 ms
2026-09-29 10:48:32.338 +03:00 [INF] HTTP GET /lib/bootstrap/dist/css/bootstrap.min.css responded 200 in 3.3050 ms
2026-09-29 10:48:32.346 +03:00 [INF] HTTP GET /Biktal.WebMVC.styles.css responded 200 in 0.9440 ms
2026-09-29 10:48:32.350 +03:00 [INF] HTTP GET /css/site.css responded 200 in 6.7328 ms
2026-09-29 10:48:33.146 +03:00 [INF] HTTP GET /lib/jquery/dist/jquery.min.js responded 304 in 22.2516 ms
2026-09-29 10:48:33.160 +03:00 [INF] HTTP GET /js/site.js responded 304 in 0.4314 ms
2026-09-29 10:48:33.163 +03:00 [INF] HTTP GET /lib/jquery-validation/dist/jquery.validate.min.js responded 200 in 2.2522 ms
2026-09-29 10:48:33.168 +03:00 [INF] HTTP GET /lib/jquery-validation-unobtrusive/dist/jquery.validate.unobtrusive.min.js responded 200 in 0.9585 ms
2026-09-29 10:48:33.184 +03:00 [INF] HTTP GET /js/products-catalog-filter.js responded 200 in 15.3837 ms
2026-09-29 10:48:33.274 +03:00 [INF] HTTP GET /lib/bootstrap/dist/js/bootstrap.bundle.min.js responded 304 in 114.0860 ms
2026-09-29 10:48:39.849 +03:00 [INF] HTTP GET /Inventory/Products responded 200 in 302.1296 ms
2026-09-29 10:48:39.891 +03:00 [INF] HTTP GET /lib/bootstrap/dist/css/bootstrap.min.css responded 200 in 12.9428 ms
2026-09-29 10:48:39.899 +03:00 [INF] HTTP GET /css/site.css responded 200 in 2.6673 ms
2026-09-29 10:48:39.903 +03:00 [INF] HTTP GET /Biktal.WebMVC.styles.css responded 200 in 0.8606 ms
2026-09-29 10:48:40.643 +03:00 [INF] HTTP GET /lib/jquery/dist/jquery.min.js responded 304 in 0.3995 ms
2026-09-29 10:48:40.671 +03:00 [INF] HTTP GET /js/site.js responded 304 in 0.2859 ms
2026-09-29 10:48:40.672 +03:00 [INF] HTTP GET /lib/bootstrap/dist/js/bootstrap.bundle.min.js responded 304 in 0.4032 ms
2026-09-29 10:48:40.679 +03:00 [INF] HTTP GET /js/products-catalog-filter.js responded 304 in 0.6449 ms
2026-09-29 10:48:40.692 +03:00 [INF] HTTP GET /lib/jquery-validation-unobtrusive/dist/jquery.validate.unobtrusive.min.js responded 304 in 12.8891 ms
2026-09-29 10:48:40.700 +03:00 [INF] HTTP GET /lib/jquery-validation/dist/jquery.validate.min.js responded 304 in 25.0208 ms
2026-09-29 10:48:46.557 +03:00 [INF] HTTP POST /Inventory/EditProduct responded 302 in 334.6258 ms
2026-09-29 10:48:46.645 +03:00 [INF] HTTP GET /Inventory/Products responded 200 in 81.7102 ms
2026-09-29 10:48:46.700 +03:00 [INF] HTTP GET /lib/bootstrap/dist/css/bootstrap.min.css responded 304 in 0.3406 ms
2026-09-29 10:48:46.716 +03:00 [INF] HTTP GET /css/site.css responded 304 in 0.3756 ms
2026-09-29 10:48:46.720 +03:00 [INF] HTTP GET /Biktal.WebMVC.styles.css responded 304 in 2.3706 ms
2026-09-29 10:48:47.580 +03:00 [INF] HTTP GET / responded 200 in 24.8462 ms
2026-09-29 10:48:47.650 +03:00 [INF] HTTP GET /lib/bootstrap/dist/css/bootstrap.min.css responded 304 in 0.3050 ms
2026-09-29 10:48:47.671 +03:00 [INF] HTTP GET /Biktal.WebMVC.styles.css responded 304 in 0.1752 ms
2026-09-29 10:48:47.671 +03:00 [INF] HTTP GET /css/site.css responded 304 in 0.3701 ms
2026-09-29 10:48:47.675 +03:00 [INF] HTTP GET /lib/jquery/dist/jquery.min.js responded 304 in 0.9501 ms
2026-09-29 10:48:47.677 +03:00 [INF] HTTP GET /js/site.js responded 304 in 0.6583 ms
2026-09-29 10:48:47.679 +03:00 [INF] HTTP GET /lib/bootstrap/dist/js/bootstrap.bundle.min.js responded 304 in 0.2555 ms
2026-09-29 10:48:47.679 +03:00 [INF] HTTP GET /js/pos.js responded 304 in 0.4729 ms
2026-09-29 10:49:15.540 +03:00 [INF] HTTP POST /Pos/CompleteSale responded 200 in 621.1267 ms
2026-09-29 11:09:22.608 +03:00 [INF] Application is shutting down...
2026-09-29 11:14:00.416 +03:00 [WRN] Using an in-memory repository. Keys will not be persisted to storage.
2026-09-29 11:14:00.467 +03:00 [WRN] Neither user profile nor HKLM registry available. Using an ephemeral key repository. Protected data will be unavailable when application exits.
2026-09-29 11:14:00.607 +03:00 [WRN] No XML encryptor configured. Key {f3e64bef-9a47-420b-b4b7-1e3241f99856} may be persisted to storage in unencrypted form.
2026-09-29 11:14:00.665 +03:00 [INF] Application started. Press Ctrl+C to shut down.
2026-09-29 11:14:00.665 +03:00 [INF] Hosting environment: Production
2026-09-29 11:14:00.665 +03:00 [INF] Content root path: D:\Systems\BiktalSystems\publish
2026-09-29 11:14:00.840 +03:00 [INF] HTTP GET /Insights responded 302 in 153.5429 ms
2026-09-29 11:14:00.922 +03:00 [ERR] HTTP GET /Finance responded 500 in 239.3392 ms
System.OperationCanceledException: The operation was canceled.
   at System.Threading.CancellationToken.ThrowOperationCanceledException()
   at System.Threading.CancellationToken.ThrowIfCancellationRequested()
   at Npgsql.NpgsqlCommand.ExecuteReader(Boolean async, CommandBehavior behavior, CancellationToken cancellationToken)
   at Npgsql.NpgsqlCommand.ExecuteReader(Boolean async, CommandBehavior behavior, CancellationToken cancellationToken)
   at Npgsql.NpgsqlCommand.ExecuteDbDataReaderAsync(CommandBehavior behavior, CancellationToken cancellationToken)
   at Microsoft.EntityFrameworkCore.Storage.RelationalCommand.ExecuteReaderAsync(RelationalCommandParameterObject parameterObject, CancellationToken cancellationToken)
   at Microsoft.EntityFrameworkCore.Storage.RelationalCommand.ExecuteReaderAsync(RelationalCommandParameterObject parameterObject, CancellationToken cancellationToken)
   at Microsoft.EntityFrameworkCore.Query.Internal.SingleQueryingEnumerable`1.AsyncEnumerator.InitializeReaderAsync(AsyncEnumerator enumerator, CancellationToken cancellationToken)
   at Npgsql.EntityFrameworkCore.PostgreSQL.Storage.Internal.NpgsqlExecutionStrategy.ExecuteAsync[TState,TResult](TState state, Func`4 operation, Func`4 verifySucceeded, CancellationToken cancellationToken)
   at Microsoft.EntityFrameworkCore.Query.Internal.SingleQueryingEnumerable`1.AsyncEnumerator.MoveNextAsync()
   at Microsoft.EntityFrameworkCore.Query.ShapedQueryCompilingExpressionVisitor.SingleAsync[TSource](IAsyncEnumerable`1 asyncEnumerable, CancellationToken cancellationToken)
   at Microsoft.EntityFrameworkCore.Query.ShapedQueryCompilingExpressionVisitor.SingleAsync[TSource](IAsyncEnumerable`1 asyncEnumerable, CancellationToken cancellationToken)
   at Biktal.WebMVC.Controllers.FinanceController.Index(CancellationToken cancellationToken) in D:\Systems\BiktalSystems\Controllers\FinanceController.cs:line 34
   at Microsoft.AspNetCore.Mvc.Infrastructure.ActionMethodExecutor.TaskOfIActionResultExecutor.Execute(ActionContext actionContext, IActionResultTypeMapper mapper, ObjectMethodExecutor executor, Object controller, Object[] arguments)
   at Microsoft.AspNetCore.Mvc.Infrastructure.ControllerActionInvoker.<InvokeActionMethodAsync>g__Awaited|12_0(ControllerActionInvoker invoker, ValueTask`1 actionResultValueTask)
   at Microsoft.AspNetCore.Mvc.Infrastructure.ControllerActionInvoker.<InvokeNextActionFilterAsync>g__Awaited|10_0(ControllerActionInvoker invoker, Task lastTask, State next, Scope scope, Object state, Boolean isCompleted)
   at Microsoft.AspNetCore.Mvc.Infrastructure.ControllerActionInvoker.Rethrow(ActionExecutedContextSealed context)
   at Microsoft.AspNetCore.Mvc.Infrastructure.ControllerActionInvoker.Next(State& next, Scope& scope, Object& state, Boolean& isCompleted)
   at Microsoft.AspNetCore.Mvc.Infrastructure.ControllerActionInvoker.InvokeInnerFilterAsync()
--- End of stack trace from previous location ---
   at Microsoft.AspNetCore.Mvc.Infrastructure.ResourceInvoker.<InvokeNextResourceFilter>g__Awaited|25_0(ResourceInvoker invoker, Task lastTask, State next, Scope scope, Object state, Boolean isCompleted)
   at Microsoft.AspNetCore.Mvc.Infrastructure.ResourceInvoker.Rethrow(ResourceExecutedContextSealed context)
   at Microsoft.AspNetCore.Mvc.Infrastructure.ResourceInvoker.Next(State& next, Scope& scope, Object& state, Boolean& isCompleted)
   at Microsoft.AspNetCore.Mvc.Infrastructure.ResourceInvoker.InvokeFilterPipelineAsync()
--- End of stack trace from previous location ---
   at Microsoft.AspNetCore.Mvc.Infrastructure.ResourceInvoker.<InvokeAsync>g__Awaited|17_0(ResourceInvoker invoker, Task task, IDisposable scope)
   at Microsoft.AspNetCore.Mvc.Infrastructure.ResourceInvoker.<InvokeAsync>g__Awaited|17_0(ResourceInvoker invoker, Task task, IDisposable scope)
   at Microsoft.AspNetCore.Authorization.AuthorizationMiddleware.Invoke(HttpContext context)
   at Program.<>c.<<<Main>$>b__0_2>d.MoveNext() in D:\Systems\BiktalSystems\Program.cs:line 71
--- End of stack trace from previous location ---
   at Microsoft.AspNetCore.Authentication.AuthenticationMiddleware.Invoke(HttpContext context)
   at Microsoft.AspNetCore.Routing.EndpointRoutingMiddleware.<Invoke>g__AwaitMatcher|10_0(EndpointRoutingMiddleware middleware, HttpContext httpContext, Task`1 matcherTask)
   at Serilog.AspNetCore.RequestLoggingMiddleware.Invoke(HttpContext httpContext)
2026-09-29 11:14:01.288 +03:00 [INF] HTTP GET /Insights/Daily responded 200 in 413.9486 ms
2026-09-29 11:14:01.461 +03:00 [INF] HTTP GET /css/site.css responded 200 in 44.8200 ms
2026-09-29 11:14:01.471 +03:00 [INF] HTTP GET /Biktal.WebMVC.styles.css responded 200 in 11.2466 ms
2026-09-29 11:14:01.472 +03:00 [INF] HTTP GET /lib/bootstrap/dist/css/bootstrap.min.css responded 200 in 40.1770 ms
2026-09-29 11:14:01.473 +03:00 [INF] HTTP GET /js/site.js responded 200 in 11.8609 ms
2026-09-29 11:14:01.473 +03:00 [INF] HTTP GET /lib/jquery/dist/jquery.min.js responded 200 in 30.1268 ms
2026-09-29 11:14:01.473 +03:00 [INF] HTTP GET /lib/bootstrap/dist/js/bootstrap.bundle.min.js responded 200 in 14.9865 ms
2026-09-29 11:14:03.466 +03:00 [INF] HTTP GET /Insights/Monthly responded 200 in 97.9783 ms
2026-09-29 11:14:03.546 +03:00 [INF] HTTP GET /lib/bootstrap/dist/css/bootstrap.min.css responded 200 in 21.2184 ms
2026-09-29 11:14:03.553 +03:00 [INF] HTTP GET /Biktal.WebMVC.styles.css responded 200 in 5.6618 ms
2026-09-29 11:14:03.558 +03:00 [INF] HTTP GET /css/site.css responded 200 in 12.0622 ms
2026-09-29 11:14:03.595 +03:00 [INF] HTTP GET /lib/jquery/dist/jquery.min.js responded 304 in 35.9978 ms
2026-09-29 11:14:03.611 +03:00 [INF] HTTP GET /js/site.js responded 304 in 46.5668 ms
2026-09-29 11:14:03.725 +03:00 [INF] HTTP GET /lib/bootstrap/dist/js/bootstrap.bundle.min.js responded 304 in 161.5086 ms
2026-09-29 11:14:34.181 +03:00 [INF] HTTP GET /Finance responded 200 in 68.9968 ms
2026-09-29 11:14:34.252 +03:00 [INF] HTTP GET /lib/bootstrap/dist/css/bootstrap.min.css responded 200 in 19.2828 ms
2026-09-29 11:14:34.259 +03:00 [INF] HTTP GET /css/site.css responded 200 in 1.3716 ms
2026-09-29 11:14:34.259 +03:00 [INF] HTTP GET /Biktal.WebMVC.styles.css responded 200 in 1.4102 ms
2026-09-29 11:14:34.260 +03:00 [INF] HTTP GET /lib/jquery/dist/jquery.min.js responded 304 in 0.5837 ms
2026-09-29 11:14:34.265 +03:00 [INF] HTTP GET /lib/bootstrap/dist/js/bootstrap.bundle.min.js responded 304 in 1.8204 ms
2026-09-29 11:14:34.272 +03:00 [INF] HTTP GET /js/site.js responded 304 in 5.5919 ms
2026-09-29 11:14:35.997 +03:00 [ERR] An exception was thrown while deserializing the token.
Microsoft.AspNetCore.Antiforgery.AntiforgeryValidationException: The antiforgery token could not be decrypted.
 ---> System.Security.Cryptography.CryptographicException: The key {a3351df3-5c27-4f54-af81-4393b092d754} was not found in the key ring. For more information go to https://aka.ms/aspnet/dataprotectionwarning
   at Microsoft.AspNetCore.DataProtection.KeyManagement.KeyRingBasedDataProtector.UnprotectCore(Byte[] protectedData, Boolean allowOperationsOnRevokedKeys, UnprotectStatus& status)
   at Microsoft.AspNetCore.DataProtection.KeyManagement.KeyRingBasedDataProtector.Unprotect(Byte[] protectedData)
   at Microsoft.AspNetCore.Antiforgery.DefaultAntiforgeryTokenSerializer.Deserialize(String serializedToken)
   --- End of inner exception stack trace ---
   at Microsoft.AspNetCore.Antiforgery.DefaultAntiforgeryTokenSerializer.Deserialize(String serializedToken)
   at Microsoft.AspNetCore.Antiforgery.DefaultAntiforgery.GetCookieTokenDoesNotThrow(HttpContext httpContext)
2026-09-29 11:14:36.056 +03:00 [INF] HTTP GET /Finance/Expenses responded 200 in 102.5953 ms
2026-09-29 11:14:36.114 +03:00 [INF] HTTP GET /lib/bootstrap/dist/css/bootstrap.min.css responded 200 in 2.5180 ms
2026-09-29 11:14:36.136 +03:00 [INF] HTTP GET /Biktal.WebMVC.styles.css responded 200 in 3.4918 ms
2026-09-29 11:14:36.137 +03:00 [INF] HTTP GET /css/site.css responded 200 in 3.8138 ms
2026-09-29 11:14:36.143 +03:00 [INF] HTTP GET /lib/bootstrap/dist/js/bootstrap.bundle.min.js responded 304 in 0.3102 ms
2026-09-29 11:14:36.143 +03:00 [INF] HTTP GET /lib/jquery/dist/jquery.min.js responded 304 in 0.3324 ms
2026-09-29 11:14:36.147 +03:00 [INF] HTTP GET /js/site.js responded 304 in 0.5355 ms
2026-09-29 11:14:36.152 +03:00 [INF] HTTP GET /lib/jquery-validation/dist/jquery.validate.min.js responded 200 in 0.8552 ms
2026-09-29 11:14:36.154 +03:00 [INF] HTTP GET /lib/jquery-validation-unobtrusive/dist/jquery.validate.unobtrusive.min.js responded 200 in 2.6016 ms
2026-09-29 11:15:07.476 +03:00 [INF] HTTP POST /Finance/CreateExpense responded 302 in 220.8545 ms
2026-09-29 11:15:07.490 +03:00 [INF] HTTP GET /Finance/Expenses responded 200 in 8.9036 ms
2026-09-29 11:15:07.548 +03:00 [INF] HTTP GET /lib/bootstrap/dist/css/bootstrap.min.css responded 200 in 1.4311 ms
2026-09-29 11:15:07.572 +03:00 [INF] HTTP GET /css/site.css responded 200 in 2.5042 ms
2026-09-29 11:15:07.577 +03:00 [INF] HTTP GET /Biktal.WebMVC.styles.css responded 200 in 3.0099 ms
2026-09-29 11:15:07.580 +03:00 [INF] HTTP GET /lib/jquery/dist/jquery.min.js responded 304 in 0.3231 ms
2026-09-29 11:15:07.584 +03:00 [INF] HTTP GET /lib/bootstrap/dist/js/bootstrap.bundle.min.js responded 304 in 0.2872 ms
2026-09-29 11:15:07.584 +03:00 [INF] HTTP GET /js/site.js responded 304 in 0.2848 ms
2026-09-29 11:15:07.607 +03:00 [INF] HTTP GET /lib/jquery-validation/dist/jquery.validate.min.js responded 304 in 22.7282 ms
2026-09-29 11:15:07.612 +03:00 [INF] HTTP GET /lib/jquery-validation-unobtrusive/dist/jquery.validate.unobtrusive.min.js responded 304 in 21.7704 ms
2026-09-29 11:15:09.785 +03:00 [INF] HTTP GET /Insights responded 302 in 0.6152 ms
2026-09-29 11:15:09.808 +03:00 [INF] HTTP GET /Insights/Daily responded 200 in 15.8550 ms
2026-09-29 11:15:09.853 +03:00 [INF] HTTP GET /lib/bootstrap/dist/css/bootstrap.min.css responded 200 in 1.1240 ms
2026-09-29 11:15:09.877 +03:00 [INF] HTTP GET /Biktal.WebMVC.styles.css responded 200 in 1.0608 ms
2026-09-29 11:15:09.880 +03:00 [INF] HTTP GET /lib/bootstrap/dist/js/bootstrap.bundle.min.js responded 304 in 2.0135 ms
2026-09-29 11:15:09.877 +03:00 [INF] HTTP GET /lib/jquery/dist/jquery.min.js responded 304 in 0.2727 ms
2026-09-29 11:15:09.881 +03:00 [INF] HTTP GET /js/site.js responded 304 in 0.9933 ms
2026-09-29 11:15:09.883 +03:00 [INF] HTTP GET /css/site.css responded 200 in 2.0778 ms
2026-09-29 11:15:13.368 +03:00 [INF] HTTP GET /Insights/Monthly responded 200 in 15.7203 ms
2026-09-29 11:15:13.414 +03:00 [INF] HTTP GET /lib/bootstrap/dist/css/bootstrap.min.css responded 304 in 1.2345 ms
2026-09-29 11:15:13.437 +03:00 [INF] HTTP GET /css/site.css responded 304 in 0.2860 ms
2026-09-29 11:15:13.437 +03:00 [INF] HTTP GET /Biktal.WebMVC.styles.css responded 304 in 0.1225 ms
2026-09-29 11:15:13.437 +03:00 [INF] HTTP GET /lib/bootstrap/dist/js/bootstrap.bundle.min.js responded 304 in 0.1757 ms
2026-09-29 11:15:13.439 +03:00 [INF] HTTP GET /js/site.js responded 304 in 0.1884 ms
2026-09-29 11:15:13.439 +03:00 [INF] HTTP GET /lib/jquery/dist/jquery.min.js responded 304 in 0.1884 ms
2026-09-29 11:35:24.967 +03:00 [INF] Application is shutting down...
2026-09-29 11:56:31.268 +03:00 [WRN] Using an in-memory repository. Keys will not be persisted to storage.
2026-09-29 11:56:31.313 +03:00 [WRN] Neither user profile nor HKLM registry available. Using an ephemeral key repository. Protected data will be unavailable when application exits.
2026-09-29 11:56:31.446 +03:00 [WRN] No XML encryptor configured. Key {4a426ac4-e7e2-46ca-829c-88bcedf2f082} may be persisted to storage in unencrypted form.
2026-09-29 11:56:31.503 +03:00 [INF] Application started. Press Ctrl+C to shut down.
2026-09-29 11:56:31.503 +03:00 [INF] Hosting environment: Production
2026-09-29 11:56:31.503 +03:00 [INF] Content root path: D:\Systems\BiktalSystems\publish
2026-09-29 11:56:31.945 +03:00 [ERR] An exception was thrown while deserializing the token.
Microsoft.AspNetCore.Antiforgery.AntiforgeryValidationException: The antiforgery token could not be decrypted.
 ---> System.Security.Cryptography.CryptographicException: The key {f3e64bef-9a47-420b-b4b7-1e3241f99856} was not found in the key ring. For more information go to https://aka.ms/aspnet/dataprotectionwarning
   at Microsoft.AspNetCore.DataProtection.KeyManagement.KeyRingBasedDataProtector.UnprotectCore(Byte[] protectedData, Boolean allowOperationsOnRevokedKeys, UnprotectStatus& status)
   at Microsoft.AspNetCore.DataProtection.KeyManagement.KeyRingBasedDataProtector.Unprotect(Byte[] protectedData)
   at Microsoft.AspNetCore.Antiforgery.DefaultAntiforgeryTokenSerializer.Deserialize(String serializedToken)
   --- End of inner exception stack trace ---
   at Microsoft.AspNetCore.Antiforgery.DefaultAntiforgeryTokenSerializer.Deserialize(String serializedToken)
   at Microsoft.AspNetCore.Antiforgery.DefaultAntiforgery.GetCookieTokenDoesNotThrow(HttpContext httpContext)
2026-09-29 11:56:32.326 +03:00 [INF] HTTP GET /Inventory/Products responded 200 in 787.9546 ms
2026-09-29 11:56:32.405 +03:00 [INF] HTTP GET /lib/bootstrap/dist/css/bootstrap.min.css responded 200 in 56.8179 ms
2026-09-29 11:56:32.405 +03:00 [INF] HTTP GET /css/site.css responded 200 in 31.7525 ms
2026-09-29 11:56:32.405 +03:00 [INF] HTTP GET /Biktal.WebMVC.styles.css responded 200 in 12.4437 ms
2026-09-29 11:56:33.463 +03:00 [INF] HTTP GET /lib/jquery/dist/jquery.min.js responded 200 in 6.5276 ms
2026-09-29 11:56:33.488 +03:00 [INF] HTTP GET /js/site.js responded 200 in 1.5402 ms
2026-09-29 11:56:33.493 +03:00 [INF] HTTP GET /lib/bootstrap/dist/js/bootstrap.bundle.min.js responded 200 in 6.1756 ms
2026-09-29 11:56:33.493 +03:00 [INF] HTTP GET /lib/jquery-validation/dist/jquery.validate.min.js responded 200 in 3.8000 ms
2026-09-29 11:56:33.496 +03:00 [INF] HTTP GET /lib/jquery-validation-unobtrusive/dist/jquery.validate.unobtrusive.min.js responded 200 in 7.0832 ms
2026-09-29 11:56:33.523 +03:00 [INF] HTTP GET /js/products-catalog-filter.js responded 200 in 25.5019 ms
2026-09-29 12:17:28.657 +03:00 [INF] Application is shutting down...
2026-09-29 13:28:34.496 +03:00 [WRN] Using an in-memory repository. Keys will not be persisted to storage.
2026-09-29 13:28:34.544 +03:00 [WRN] Neither user profile nor HKLM registry available. Using an ephemeral key repository. Protected data will be unavailable when application exits.
2026-09-29 13:28:34.690 +03:00 [WRN] No XML encryptor configured. Key {accfc61f-d24e-45cf-8ae7-cc5815a36709} may be persisted to storage in unencrypted form.
2026-09-29 13:28:34.751 +03:00 [INF] Application started. Press Ctrl+C to shut down.
2026-09-29 13:28:34.751 +03:00 [INF] Hosting environment: Production
2026-09-29 13:28:34.752 +03:00 [INF] Content root path: D:\Systems\BiktalSystems\publish
2026-09-29 13:28:35.179 +03:00 [INF] HTTP GET /Repairs responded 200 in 395.0377 ms
2026-09-29 13:28:35.323 +03:00 [INF] HTTP GET /css/site.css responded 200 in 40.2098 ms
2026-09-29 13:28:35.326 +03:00 [INF] HTTP GET /lib/bootstrap/dist/js/bootstrap.bundle.min.js responded 200 in 31.8838 ms
2026-09-29 13:28:35.326 +03:00 [INF] HTTP GET /Biktal.WebMVC.styles.css responded 200 in 32.7887 ms
2026-09-29 13:28:35.327 +03:00 [INF] HTTP GET /js/site.js responded 200 in 29.0859 ms
2026-09-29 13:28:35.327 +03:00 [INF] HTTP GET /lib/bootstrap/dist/css/bootstrap.min.css responded 200 in 53.1175 ms
2026-09-29 13:28:35.328 +03:00 [INF] HTTP GET /lib/jquery/dist/jquery.min.js responded 200 in 6.2585 ms
2026-09-29 13:49:35.080 +03:00 [INF] Application is shutting down...
2026-09-29 14:03:09.387 +03:00 [WRN] Using an in-memory repository. Keys will not be persisted to storage.
2026-09-29 14:03:09.433 +03:00 [WRN] Neither user profile nor HKLM registry available. Using an ephemeral key repository. Protected data will be unavailable when application exits.
2026-09-29 14:03:09.566 +03:00 [WRN] No XML encryptor configured. Key {aedc2acf-c066-4a8b-ac9c-f72ffaf7cd39} may be persisted to storage in unencrypted form.
2026-09-29 14:03:09.623 +03:00 [INF] Application started. Press Ctrl+C to shut down.
2026-09-29 14:03:09.623 +03:00 [INF] Hosting environment: Production
2026-09-29 14:03:09.623 +03:00 [INF] Content root path: D:\Systems\BiktalSystems\publish
2026-09-29 14:03:10.038 +03:00 [INF] HTTP GET /Repairs responded 200 in 381.6825 ms
2026-09-29 14:03:10.308 +03:00 [INF] HTTP GET /Biktal.WebMVC.styles.css responded 200 in 21.9894 ms
2026-09-29 14:03:10.310 +03:00 [INF] HTTP GET /lib/bootstrap/dist/js/bootstrap.bundle.min.js responded 200 in 23.0297 ms
2026-09-29 14:03:10.313 +03:00 [INF] HTTP GET /lib/bootstrap/dist/css/bootstrap.min.css responded 200 in 82.9264 ms
2026-09-29 14:03:10.314 +03:00 [INF] HTTP GET /css/site.css responded 200 in 8.8048 ms
2026-09-29 14:03:10.339 +03:00 [INF] HTTP GET /js/site.js responded 200 in 19.9807 ms
2026-09-29 14:03:10.339 +03:00 [INF] HTTP GET /lib/jquery/dist/jquery.min.js responded 200 in 32.7697 ms
2026-09-29 14:03:13.249 +03:00 [INF] HTTP GET /favicon.ico responded 200 in 17.6391 ms
2026-09-29 14:03:20.800 +03:00 [INF] HTTP GET /Finance responded 200 in 186.5852 ms
2026-09-29 14:03:20.863 +03:00 [INF] HTTP GET /lib/bootstrap/dist/css/bootstrap.min.css responded 200 in 6.0031 ms
2026-09-29 14:03:20.873 +03:00 [INF] HTTP GET /Biktal.WebMVC.styles.css responded 200 in 2.0165 ms
2026-09-29 14:03:20.874 +03:00 [INF] HTTP GET /css/site.css responded 200 in 5.1013 ms
2026-09-29 14:03:20.902 +03:00 [INF] HTTP GET /js/site.js responded 304 in 20.2784 ms
2026-09-29 14:03:20.923 +03:00 [INF] HTTP GET /lib/jquery/dist/jquery.min.js responded 304 in 43.6349 ms
2026-09-29 14:03:21.046 +03:00 [INF] HTTP GET /lib/bootstrap/dist/js/bootstrap.bundle.min.js responded 304 in 162.4042 ms
2026-09-29 14:03:23.021 +03:00 [ERR] An exception was thrown while deserializing the token.
Microsoft.AspNetCore.Antiforgery.AntiforgeryValidationException: The antiforgery token could not be decrypted.
 ---> System.Security.Cryptography.CryptographicException: The key {4a426ac4-e7e2-46ca-829c-88bcedf2f082} was not found in the key ring. For more information go to https://aka.ms/aspnet/dataprotectionwarning
   at Microsoft.AspNetCore.DataProtection.KeyManagement.KeyRingBasedDataProtector.UnprotectCore(Byte[] protectedData, Boolean allowOperationsOnRevokedKeys, UnprotectStatus& status)
   at Microsoft.AspNetCore.DataProtection.KeyManagement.KeyRingBasedDataProtector.Unprotect(Byte[] protectedData)
   at Microsoft.AspNetCore.Antiforgery.DefaultAntiforgeryTokenSerializer.Deserialize(String serializedToken)
   --- End of inner exception stack trace ---
   at Microsoft.AspNetCore.Antiforgery.DefaultAntiforgeryTokenSerializer.Deserialize(String serializedToken)
   at Microsoft.AspNetCore.Antiforgery.DefaultAntiforgery.GetCookieTokenDoesNotThrow(HttpContext httpContext)
2026-09-29 14:03:23.082 +03:00 [INF] HTTP GET /Finance/Cashbox responded 200 in 511.9835 ms
2026-09-29 14:03:23.148 +03:00 [INF] HTTP GET /lib/bootstrap/dist/css/bootstrap.min.css responded 200 in 14.8532 ms
2026-09-29 14:03:23.158 +03:00 [INF] HTTP GET /Biktal.WebMVC.styles.css responded 200 in 4.5865 ms
2026-09-29 14:03:23.162 +03:00 [INF] HTTP GET /css/site.css responded 200 in 1.2314 ms
2026-09-29 14:03:23.166 +03:00 [INF] HTTP GET /lib/jquery/dist/jquery.min.js responded 304 in 1.8079 ms
2026-09-29 14:03:23.168 +03:00 [INF] HTTP GET /lib/bootstrap/dist/js/bootstrap.bundle.min.js responded 304 in 0.3708 ms
2026-09-29 14:03:23.172 +03:00 [INF] HTTP GET /js/site.js responded 304 in 0.4918 ms
2026-09-29 14:03:23.175 +03:00 [INF] HTTP GET /lib/jquery-validation-unobtrusive/dist/jquery.validate.unobtrusive.min.js responded 200 in 2.0621 ms
2026-09-29 14:03:23.176 +03:00 [INF] HTTP GET /lib/jquery-validation/dist/jquery.validate.min.js responded 200 in 3.0634 ms
2026-09-29 14:19:26.921 +03:00 [WRN] The query uses the 'First'/'FirstOrDefault' operator without 'OrderBy' and filter operators. This may lead to unpredictable results.
2026-09-29 14:19:26.980 +03:00 [INF] HTTP GET / responded 200 in 203.1756 ms
2026-09-29 14:19:27.101 +03:00 [INF] HTTP GET /css/site.css responded 200 in 1.2600 ms
2026-09-29 14:19:27.103 +03:00 [INF] HTTP GET /lib/bootstrap/dist/css/bootstrap.min.css responded 200 in 0.9962 ms
2026-09-29 14:19:27.113 +03:00 [INF] HTTP GET /Biktal.WebMVC.styles.css responded 200 in 1.3690 ms
2026-09-29 14:19:27.132 +03:00 [INF] HTTP GET /lib/jquery/dist/jquery.min.js responded 200 in 18.4688 ms
2026-09-29 14:19:27.133 +03:00 [INF] HTTP GET /js/site.js responded 200 in 5.6241 ms
2026-09-29 14:19:27.134 +03:00 [INF] HTTP GET /js/pos.js responded 200 in 5.6292 ms
2026-09-29 14:19:27.141 +03:00 [INF] HTTP GET /lib/bootstrap/dist/js/bootstrap.bundle.min.js responded 200 in 15.5852 ms
2026-09-29 14:39:37.437 +03:00 [INF] Application is shutting down...
2026-09-29 15:39:10.779 +03:00 [WRN] Using an in-memory repository. Keys will not be persisted to storage.
2026-09-29 15:39:10.825 +03:00 [WRN] Neither user profile nor HKLM registry available. Using an ephemeral key repository. Protected data will be unavailable when application exits.
2026-09-29 15:39:10.970 +03:00 [WRN] No XML encryptor configured. Key {22a2db9a-75a4-4505-8fac-6936612cfc76} may be persisted to storage in unencrypted form.
2026-09-29 15:39:11.034 +03:00 [INF] Application started. Press Ctrl+C to shut down.
2026-09-29 15:39:11.034 +03:00 [INF] Hosting environment: Production
2026-09-29 15:39:11.034 +03:00 [INF] Content root path: D:\Systems\BiktalSystems\publish
2026-09-29 15:39:11.202 +03:00 [INF] HTTP GET /Insights responded 302 in 146.5447 ms
2026-09-29 15:39:11.617 +03:00 [INF] HTTP GET /Insights/Daily responded 200 in 391.3832 ms
2026-09-29 15:39:11.789 +03:00 [INF] HTTP GET /lib/bootstrap/dist/css/bootstrap.min.css responded 200 in 43.4058 ms
2026-09-29 15:39:11.789 +03:00 [INF] HTTP GET /css/site.css responded 200 in 35.0242 ms
2026-09-29 15:39:11.790 +03:00 [INF] HTTP GET /Biktal.WebMVC.styles.css responded 200 in 35.2985 ms
2026-09-29 15:39:12.290 +03:00 [INF] HTTP GET /js/site.js responded 200 in 2.7053 ms
2026-09-29 15:39:12.291 +03:00 [INF] HTTP GET /lib/bootstrap/dist/js/bootstrap.bundle.min.js responded 200 in 6.7815 ms
2026-09-29 15:39:12.291 +03:00 [INF] HTTP GET /lib/jquery/dist/jquery.min.js responded 200 in 8.9841 ms
2026-09-29 15:39:13.517 +03:00 [INF] HTTP GET /Insights/Monthly responded 200 in 143.7257 ms
2026-09-29 15:39:13.592 +03:00 [INF] HTTP GET /lib/bootstrap/dist/css/bootstrap.min.css responded 200 in 2.0820 ms
2026-09-29 15:39:13.600 +03:00 [INF] HTTP GET /Biktal.WebMVC.styles.css responded 200 in 1.2954 ms
2026-09-29 15:39:13.603 +03:00 [INF] HTTP GET /css/site.css responded 200 in 4.4123 ms
2026-09-29 15:39:13.636 +03:00 [INF] HTTP GET /lib/jquery/dist/jquery.min.js responded 304 in 36.2312 ms
2026-09-29 15:39:13.640 +03:00 [INF] HTTP GET /js/site.js responded 304 in 31.4866 ms
2026-09-29 15:39:13.753 +03:00 [INF] HTTP GET /lib/bootstrap/dist/js/bootstrap.bundle.min.js responded 304 in 146.2366 ms
2026-09-29 15:39:14.972 +03:00 [INF] HTTP GET /Insights/Daily responded 200 in 22.9810 ms
2026-09-29 15:39:15.038 +03:00 [INF] HTTP GET /lib/bootstrap/dist/css/bootstrap.min.css responded 200 in 3.3041 ms
2026-09-29 15:39:15.042 +03:00 [INF] HTTP GET /css/site.css responded 200 in 1.6705 ms
2026-09-29 15:39:15.050 +03:00 [INF] HTTP GET /Biktal.WebMVC.styles.css responded 200 in 2.2893 ms
2026-09-29 15:39:15.052 +03:00 [INF] HTTP GET /lib/bootstrap/dist/js/bootstrap.bundle.min.js responded 304 in 0.1827 ms
2026-09-29 15:39:15.052 +03:00 [INF] HTTP GET /lib/jquery/dist/jquery.min.js responded 304 in 0.3034 ms
2026-09-29 15:39:15.054 +03:00 [INF] HTTP GET /js/site.js responded 304 in 0.3464 ms
2026-09-29 15:39:16.756 +03:00 [INF] HTTP GET /Insights/Monthly responded 200 in 18.9332 ms
2026-09-29 15:39:16.808 +03:00 [INF] HTTP GET /lib/bootstrap/dist/css/bootstrap.min.css responded 304 in 1.7045 ms
2026-09-29 15:39:16.820 +03:00 [INF] HTTP GET /css/site.css responded 304 in 0.2898 ms
2026-09-29 15:39:16.824 +03:00 [INF] HTTP GET /Biktal.WebMVC.styles.css responded 304 in 2.3284 ms
2026-09-29 15:39:16.824 +03:00 [INF] HTTP GET /lib/jquery/dist/jquery.min.js responded 304 in 0.4514 ms
2026-09-29 15:39:16.825 +03:00 [INF] HTTP GET /lib/bootstrap/dist/js/bootstrap.bundle.min.js responded 304 in 0.3187 ms
2026-09-29 15:39:16.826 +03:00 [INF] HTTP GET /js/site.js responded 304 in 0.9221 ms
2026-09-29 15:39:40.802 +03:00 [INF] HTTP GET /Crm responded 200 in 126.9893 ms
2026-09-29 15:39:40.867 +03:00 [INF] HTTP GET /lib/bootstrap/dist/css/bootstrap.min.css responded 200 in 13.6253 ms
2026-09-29 15:39:40.875 +03:00 [INF] HTTP GET /css/site.css responded 304 in 1.3165 ms
2026-09-29 15:39:40.882 +03:00 [INF] HTTP GET /Biktal.WebMVC.styles.css responded 304 in 1.0314 ms
2026-09-29 15:39:40.885 +03:00 [INF] HTTP GET /lib/jquery/dist/jquery.min.js responded 304 in 0.3919 ms
2026-09-29 15:39:40.943 +03:00 [INF] HTTP GET /lib/bootstrap/dist/js/bootstrap.bundle.min.js responded 304 in 0.2938 ms
2026-09-29 15:39:40.983 +03:00 [INF] HTTP GET /js/site.js responded 304 in 0.2286 ms
2026-09-29 15:39:41.916 +03:00 [WRN] The query uses the 'First'/'FirstOrDefault' operator without 'OrderBy' and filter operators. This may lead to unpredictable results.
2026-09-29 15:39:41.925 +03:00 [WRN] The query uses the 'First'/'FirstOrDefault' operator without 'OrderBy' and filter operators. This may lead to unpredictable results.
2026-09-29 15:39:42.004 +03:00 [INF] HTTP GET /Operations responded 200 in 151.6990 ms
2026-09-29 15:39:42.057 +03:00 [INF] HTTP GET /lib/bootstrap/dist/css/bootstrap.min.css responded 304 in 0.2297 ms
2026-09-29 15:39:42.084 +03:00 [INF] HTTP GET /Biktal.WebMVC.styles.css responded 304 in 0.2698 ms
2026-09-29 15:39:42.084 +03:00 [INF] HTTP GET /css/site.css responded 304 in 0.6229 ms
2026-09-29 15:39:42.088 +03:00 [INF] HTTP GET /lib/jquery/dist/jquery.min.js responded 304 in 1.7466 ms
2026-09-29 15:39:42.091 +03:00 [INF] HTTP GET /lib/bootstrap/dist/js/bootstrap.bundle.min.js responded 304 in 0.2073 ms
2026-09-29 15:39:42.094 +03:00 [INF] HTTP GET /js/site.js responded 304 in 0.1997 ms
2026-09-29 15:39:49.467 +03:00 [INF] HTTP GET /Repairs responded 200 in 31.1615 ms
2026-09-29 15:39:49.539 +03:00 [INF] HTTP GET /lib/bootstrap/dist/css/bootstrap.min.css responded 200 in 16.8453 ms
2026-09-29 15:39:49.544 +03:00 [INF] HTTP GET /css/site.css responded 304 in 0.5061 ms
2026-09-29 15:39:49.544 +03:00 [INF] HTTP GET /Biktal.WebMVC.styles.css responded 304 in 0.1487 ms
2026-09-29 15:39:49.548 +03:00 [INF] HTTP GET /lib/jquery/dist/jquery.min.js responded 304 in 0.7847 ms
2026-09-29 15:39:49.549 +03:00 [INF] HTTP GET /lib/bootstrap/dist/js/bootstrap.bundle.min.js responded 304 in 0.2002 ms
2026-09-29 15:39:49.551 +03:00 [INF] HTTP GET /js/site.js responded 304 in 0.1881 ms
2026-09-29 15:39:53.684 +03:00 [INF] HTTP GET /Repairs/Tickets responded 200 in 49.5029 ms
2026-09-29 15:39:53.737 +03:00 [INF] HTTP GET /lib/bootstrap/dist/css/bootstrap.min.css responded 304 in 0.2709 ms
2026-09-29 15:39:53.754 +03:00 [INF] HTTP GET /css/site.css responded 304 in 0.1838 ms
2026-09-29 15:39:53.755 +03:00 [INF] HTTP GET /Biktal.WebMVC.styles.css responded 304 in 0.1772 ms
2026-09-29 15:39:53.755 +03:00 [INF] HTTP GET /lib/jquery/dist/jquery.min.js responded 304 in 0.2050 ms
2026-09-29 15:39:53.755 +03:00 [INF] HTTP GET /lib/bootstrap/dist/js/bootstrap.bundle.min.js responded 304 in 0.1113 ms
2026-09-29 15:39:53.756 +03:00 [INF] HTTP GET /js/site.js responded 304 in 0.1768 ms
2026-09-29 15:40:05.601 +03:00 [ERR] An exception was thrown while deserializing the token.
Microsoft.AspNetCore.Antiforgery.AntiforgeryValidationException: The antiforgery token could not be decrypted.
 ---> System.Security.Cryptography.CryptographicException: The key {aedc2acf-c066-4a8b-ac9c-f72ffaf7cd39} was not found in the key ring. For more information go to https://aka.ms/aspnet/dataprotectionwarning
   at Microsoft.AspNetCore.DataProtection.KeyManagement.KeyRingBasedDataProtector.UnprotectCore(Byte[] protectedData, Boolean allowOperationsOnRevokedKeys, UnprotectStatus& status)
   at Microsoft.AspNetCore.DataProtection.KeyManagement.KeyRingBasedDataProtector.Unprotect(Byte[] protectedData)
   at Microsoft.AspNetCore.Antiforgery.DefaultAntiforgeryTokenSerializer.Deserialize(String serializedToken)
   --- End of inner exception stack trace ---
   at Microsoft.AspNetCore.Antiforgery.DefaultAntiforgeryTokenSerializer.Deserialize(String serializedToken)
   at Microsoft.AspNetCore.Antiforgery.DefaultAntiforgery.GetCookieTokenDoesNotThrow(HttpContext httpContext)
2026-09-29 15:40:05.613 +03:00 [INF] HTTP GET /Repairs/Ticket/01a0e963-9429-70ff-8630-9493218ff2c6 responded 200 in 59.0221 ms
2026-09-29 15:40:05.681 +03:00 [INF] HTTP GET /lib/bootstrap/dist/css/bootstrap.min.css responded 304 in 10.5238 ms
2026-09-29 15:40:05.697 +03:00 [INF] HTTP GET /css/site.css responded 304 in 0.4183 ms
2026-09-29 15:40:05.731 +03:00 [INF] HTTP GET /lib/jquery/dist/jquery.min.js responded 304 in 0.1517 ms
2026-09-29 15:40:05.734 +03:00 [INF] HTTP GET /lib/bootstrap/dist/js/bootstrap.bundle.min.js responded 304 in 0.3130 ms
2026-09-29 15:40:05.737 +03:00 [INF] HTTP GET /js/site.js responded 304 in 0.1807 ms
2026-09-29 15:40:05.850 +03:00 [INF] HTTP GET /Biktal.WebMVC.styles.css responded 304 in 7.3496 ms
2026-09-29 15:40:20.716 +03:00 [INF] HTTP GET /Insights responded 302 in 1.0587 ms
2026-09-29 15:40:20.737 +03:00 [INF] HTTP GET /Insights/Daily responded 200 in 12.5161 ms
2026-09-29 15:40:20.816 +03:00 [INF] HTTP GET /lib/bootstrap/dist/css/bootstrap.min.css responded 200 in 18.3930 ms
2026-09-29 15:40:20.821 +03:00 [INF] HTTP GET /css/site.css responded 304 in 0.1612 ms
2026-09-29 15:40:20.825 +03:00 [INF] HTTP GET /Biktal.WebMVC.styles.css responded 304 in 0.2353 ms
2026-09-29 15:40:20.825 +03:00 [INF] HTTP GET /lib/jquery/dist/jquery.min.js responded 304 in 0.2479 ms
2026-09-29 15:40:20.829 +03:00 [INF] HTTP GET /lib/bootstrap/dist/js/bootstrap.bundle.min.js responded 304 in 0.1421 ms
2026-09-29 15:40:20.831 +03:00 [INF] HTTP GET /js/site.js responded 304 in 0.2701 ms
2026-09-29 15:40:22.012 +03:00 [INF] HTTP GET /Insights/Monthly responded 200 in 17.3247 ms
2026-09-29 15:40:22.062 +03:00 [INF] HTTP GET /lib/bootstrap/dist/css/bootstrap.min.css responded 304 in 0.1449 ms
2026-09-29 15:40:22.076 +03:00 [INF] HTTP GET /css/site.css responded 304 in 0.1511 ms
2026-09-29 15:40:22.077 +03:00 [INF] HTTP GET /Biktal.WebMVC.styles.css responded 304 in 0.1924 ms
2026-09-29 15:40:22.081 +03:00 [INF] HTTP GET /lib/jquery/dist/jquery.min.js responded 304 in 1.6712 ms
2026-09-29 15:40:22.081 +03:00 [INF] HTTP GET /lib/bootstrap/dist/js/bootstrap.bundle.min.js responded 304 in 0.1629 ms
2026-09-29 15:40:22.086 +03:00 [INF] HTTP GET /js/site.js responded 304 in 2.6530 ms
2026-09-29 15:40:22.785 +03:00 [INF] HTTP GET /Insights/Daily responded 200 in 15.4977 ms
2026-09-29 15:40:22.836 +03:00 [INF] HTTP GET /lib/bootstrap/dist/css/bootstrap.min.css responded 304 in 0.2511 ms
2026-09-29 15:40:22.851 +03:00 [INF] HTTP GET /css/site.css responded 304 in 0.1241 ms
2026-09-29 15:40:22.852 +03:00 [INF] HTTP GET /lib/bootstrap/dist/js/bootstrap.bundle.min.js responded 304 in 0.1188 ms
2026-09-29 15:40:22.852 +03:00 [INF] HTTP GET /lib/jquery/dist/jquery.min.js responded 304 in 0.2823 ms
2026-09-29 15:40:22.852 +03:00 [INF] HTTP GET /Biktal.WebMVC.styles.css responded 304 in 0.2008 ms
2026-09-29 15:40:22.859 +03:00 [INF] HTTP GET /js/site.js responded 304 in 0.1495 ms
2026-09-29 15:40:26.880 +03:00 [INF] HTTP GET /Insights/Daily responded 200 in 22.3835 ms
2026-09-29 15:40:26.952 +03:00 [INF] HTTP GET /lib/bootstrap/dist/css/bootstrap.min.css responded 304 in 0.2485 ms
2026-09-29 15:40:26.953 +03:00 [INF] HTTP GET /Biktal.WebMVC.styles.css responded 304 in 0.1027 ms
2026-09-29 15:40:26.953 +03:00 [INF] HTTP GET /lib/jquery/dist/jquery.min.js responded 304 in 0.0946 ms
2026-09-29 15:40:26.953 +03:00 [INF] HTTP GET /lib/bootstrap/dist/js/bootstrap.bundle.min.js responded 304 in 0.0853 ms
2026-09-29 15:40:26.953 +03:00 [INF] HTTP GET /css/site.css responded 304 in 0.0719 ms
2026-09-29 15:40:26.963 +03:00 [INF] HTTP GET /js/site.js responded 304 in 0.2301 ms
2026-09-29 15:40:51.451 +03:00 [INF] HTTP GET /Insights/Sale responded 200 in 145.3901 ms
2026-09-29 15:40:51.532 +03:00 [INF] HTTP GET /lib/bootstrap/dist/css/bootstrap.min.css responded 200 in 4.8058 ms
2026-09-29 15:40:51.532 +03:00 [INF] HTTP GET /css/site.css responded 304 in 0.1485 ms
2026-09-29 15:40:51.533 +03:00 [INF] HTTP GET /Biktal.WebMVC.styles.css responded 304 in 0.3326 ms
2026-09-29 15:40:51.540 +03:00 [INF] HTTP GET /lib/jquery/dist/jquery.min.js responded 304 in 0.1299 ms
2026-09-29 15:40:51.540 +03:00 [INF] HTTP GET /lib/bootstrap/dist/js/bootstrap.bundle.min.js responded 304 in 0.1208 ms
2026-09-29 15:40:51.544 +03:00 [INF] HTTP GET /js/site.js responded 304 in 0.1102 ms
2026-09-29 15:41:12.299 +03:00 [INF] HTTP GET /Insights/Sale responded 200 in 8.8941 ms
2026-09-29 15:41:12.377 +03:00 [INF] HTTP GET /lib/bootstrap/dist/css/bootstrap.min.css responded 200 in 19.4141 ms
2026-09-29 15:41:12.379 +03:00 [INF] HTTP GET /css/site.css responded 304 in 0.1502 ms
2026-09-29 15:41:12.382 +03:00 [INF] HTTP GET /Biktal.WebMVC.styles.css responded 304 in 0.1312 ms
2026-09-29 15:41:12.384 +03:00 [INF] HTTP GET /lib/jquery/dist/jquery.min.js responded 304 in 0.2393 ms
2026-09-29 15:41:12.385 +03:00 [INF] HTTP GET /lib/bootstrap/dist/js/bootstrap.bundle.min.js responded 304 in 0.1282 ms
2026-09-29 15:41:12.386 +03:00 [INF] HTTP GET /js/site.js responded 304 in 0.2034 ms
2026-09-29 15:41:17.809 +03:00 [INF] HTTP GET /Insights/Sale responded 200 in 7.3621 ms
2026-09-29 15:41:17.885 +03:00 [INF] HTTP GET /lib/bootstrap/dist/css/bootstrap.min.css responded 304 in 0.2261 ms
2026-09-29 15:41:17.887 +03:00 [INF] HTTP GET /lib/jquery/dist/jquery.min.js responded 304 in 1.7781 ms
2026-09-29 15:41:17.887 +03:00 [INF] HTTP GET /css/site.css responded 304 in 0.1361 ms
2026-09-29 15:41:17.887 +03:00 [INF] HTTP GET /Biktal.WebMVC.styles.css responded 304 in 0.0722 ms
2026-09-29 15:41:17.897 +03:00 [INF] HTTP GET /js/site.js responded 304 in 0.1291 ms
2026-09-29 15:41:17.898 +03:00 [INF] HTTP GET /lib/bootstrap/dist/js/bootstrap.bundle.min.js responded 304 in 0.1274 ms
2026-09-29 15:41:21.815 +03:00 [INF] HTTP GET /Insights/Sale responded 200 in 4.2853 ms
2026-09-29 15:41:21.891 +03:00 [INF] HTTP GET /lib/bootstrap/dist/css/bootstrap.min.css responded 200 in 12.4093 ms
2026-09-29 15:41:21.901 +03:00 [INF] HTTP GET /css/site.css responded 304 in 0.1573 ms
2026-09-29 15:41:21.905 +03:00 [INF] HTTP GET /lib/jquery/dist/jquery.min.js responded 304 in 0.3796 ms
2026-09-29 15:41:21.905 +03:00 [INF] HTTP GET /js/site.js responded 304 in 0.1108 ms
2026-09-29 15:41:21.907 +03:00 [INF] HTTP GET /lib/bootstrap/dist/js/bootstrap.bundle.min.js responded 304 in 0.1333 ms
2026-09-29 15:41:21.912 +03:00 [INF] HTTP GET /Biktal.WebMVC.styles.css responded 304 in 0.3514 ms
2026-09-29 15:41:28.238 +03:00 [INF] HTTP GET /Insights/Sale responded 200 in 4.2303 ms
2026-09-29 15:41:28.315 +03:00 [INF] HTTP GET /css/site.css responded 304 in 0.2426 ms
2026-09-29 15:41:28.316 +03:00 [INF] HTTP GET /lib/jquery/dist/jquery.min.js responded 304 in 0.1999 ms
2026-09-29 15:41:28.318 +03:00 [INF] HTTP GET /lib/bootstrap/dist/js/bootstrap.bundle.min.js responded 304 in 0.1294 ms
2026-09-29 15:41:28.319 +03:00 [INF] HTTP GET /lib/bootstrap/dist/css/bootstrap.min.css responded 304 in 0.0932 ms
2026-09-29 15:41:28.319 +03:00 [INF] HTTP GET /Biktal.WebMVC.styles.css responded 304 in 0.0628 ms
2026-09-29 15:41:28.327 +03:00 [INF] HTTP GET /js/site.js responded 304 in 0.1233 ms
2026-09-29 15:41:35.551 +03:00 [INF] HTTP GET /Insights/Monthly responded 200 in 13.8218 ms
2026-09-29 15:41:35.606 +03:00 [INF] HTTP GET /lib/bootstrap/dist/css/bootstrap.min.css responded 304 in 0.1640 ms
2026-09-29 15:41:35.625 +03:00 [INF] HTTP GET /css/site.css responded 304 in 0.1072 ms
2026-09-29 15:41:35.625 +03:00 [INF] HTTP GET /Biktal.WebMVC.styles.css responded 304 in 0.2675 ms
2026-09-29 15:41:35.626 +03:00 [INF] HTTP GET /lib/jquery/dist/jquery.min.js responded 304 in 0.2555 ms
2026-09-29 15:41:35.630 +03:00 [INF] HTTP GET /lib/bootstrap/dist/js/bootstrap.bundle.min.js responded 304 in 0.7120 ms
2026-09-29 15:41:35.632 +03:00 [INF] HTTP GET /js/site.js responded 304 in 0.3540 ms
2026-09-29 15:41:51.647 +03:00 [INF] HTTP GET /Crm responded 200 in 12.8385 ms
2026-09-29 15:41:51.725 +03:00 [INF] HTTP GET /lib/bootstrap/dist/css/bootstrap.min.css responded 200 in 1.3644 ms
2026-09-29 15:41:51.725 +03:00 [INF] HTTP GET /css/site.css responded 304 in 0.1004 ms
2026-09-29 15:41:51.725 +03:00 [INF] HTTP GET /Biktal.WebMVC.styles.css responded 304 in 0.1076 ms
2026-09-29 15:41:51.725 +03:00 [INF] HTTP GET /lib/jquery/dist/jquery.min.js responded 304 in 0.0874 ms
2026-09-29 15:41:51.730 +03:00 [INF] HTTP GET /lib/bootstrap/dist/js/bootstrap.bundle.min.js responded 304 in 0.2496 ms
2026-09-29 15:41:51.733 +03:00 [INF] HTTP GET /js/site.js responded 304 in 0.5489 ms
2026-09-29 15:41:56.368 +03:00 [INF] HTTP GET /Crm/Customers responded 200 in 37.5215 ms
2026-09-29 15:41:56.424 +03:00 [INF] HTTP GET /lib/bootstrap/dist/css/bootstrap.min.css responded 304 in 0.1571 ms
2026-09-29 15:41:56.443 +03:00 [INF] HTTP GET /Biktal.WebMVC.styles.css responded 304 in 0.7627 ms
2026-09-29 15:41:56.443 +03:00 [INF] HTTP GET /css/site.css responded 304 in 0.4198 ms
2026-09-29 15:41:56.447 +03:00 [INF] HTTP GET /lib/jquery/dist/jquery.min.js responded 304 in 0.2281 ms
2026-09-29 15:41:56.448 +03:00 [INF] HTTP GET /js/site.js responded 304 in 0.1483 ms
2026-09-29 15:41:56.450 +03:00 [INF] HTTP GET /lib/bootstrap/dist/js/bootstrap.bundle.min.js responded 304 in 0.2212 ms
2026-09-29 15:42:03.632 +03:00 [INF] HTTP GET /Finance responded 200 in 53.2653 ms
2026-09-29 15:42:03.685 +03:00 [INF] HTTP GET /lib/bootstrap/dist/css/bootstrap.min.css responded 304 in 0.1521 ms
2026-09-29 15:42:03.704 +03:00 [INF] HTTP GET /css/site.css responded 304 in 0.1720 ms
2026-09-29 15:42:03.705 +03:00 [INF] HTTP GET /lib/jquery/dist/jquery.min.js responded 304 in 0.0884 ms
2026-09-29 15:42:03.705 +03:00 [INF] HTTP GET /Biktal.WebMVC.styles.css responded 304 in 0.2005 ms
2026-09-29 15:42:03.711 +03:00 [INF] HTTP GET /lib/bootstrap/dist/js/bootstrap.bundle.min.js responded 304 in 0.3139 ms
2026-09-29 15:42:03.712 +03:00 [INF] HTTP GET /js/site.js responded 304 in 0.2693 ms
2026-09-29 15:42:05.767 +03:00 [INF] HTTP GET /Operations responded 200 in 12.4944 ms
2026-09-29 15:42:05.848 +03:00 [INF] HTTP GET /lib/bootstrap/dist/css/bootstrap.min.css responded 304 in 0.1217 ms
2026-09-29 15:42:05.848 +03:00 [INF] HTTP GET /lib/jquery/dist/jquery.min.js responded 304 in 0.1680 ms
2026-09-29 15:42:05.853 +03:00 [INF] HTTP GET /css/site.css responded 304 in 0.4910 ms
2026-09-29 15:42:05.855 +03:00 [INF] HTTP GET /Biktal.WebMVC.styles.css responded 304 in 0.1484 ms
2026-09-29 15:42:05.860 +03:00 [INF] HTTP GET /lib/bootstrap/dist/js/bootstrap.bundle.min.js responded 304 in 4.1330 ms
2026-09-29 15:42:05.863 +03:00 [INF] HTTP GET /js/site.js responded 304 in 1.2378 ms
2026-09-29 15:42:07.354 +03:00 [INF] HTTP GET /Insights responded 302 in 0.3088 ms
2026-09-29 15:42:07.372 +03:00 [INF] HTTP GET /Insights/Daily responded 200 in 10.5501 ms
2026-09-29 15:42:07.426 +03:00 [INF] HTTP GET /lib/bootstrap/dist/css/bootstrap.min.css responded 304 in 0.1276 ms
2026-09-29 15:42:07.441 +03:00 [INF] HTTP GET /css/site.css responded 304 in 0.7405 ms
2026-09-29 15:42:07.441 +03:00 [INF] HTTP GET /lib/jquery/dist/jquery.min.js responded 304 in 0.0842 ms
2026-09-29 15:42:07.441 +03:00 [INF] HTTP GET /Biktal.WebMVC.styles.css responded 304 in 0.1599 ms
2026-09-29 15:42:07.449 +03:00 [INF] HTTP GET /js/site.js responded 304 in 0.0703 ms
2026-09-29 15:42:07.449 +03:00 [INF] HTTP GET /lib/bootstrap/dist/js/bootstrap.bundle.min.js responded 304 in 0.2287 ms
2026-09-29 15:42:09.634 +03:00 [INF] HTTP GET /Finance responded 200 in 8.5113 ms
2026-09-29 15:42:09.691 +03:00 [INF] HTTP GET /lib/bootstrap/dist/css/bootstrap.min.css responded 304 in 0.1296 ms
2026-09-29 15:42:09.706 +03:00 [INF] HTTP GET /css/site.css responded 304 in 0.2000 ms
2026-09-29 15:42:09.706 +03:00 [INF] HTTP GET /lib/bootstrap/dist/js/bootstrap.bundle.min.js responded 304 in 0.0935 ms
2026-09-29 15:42:09.706 +03:00 [INF] HTTP GET /js/site.js responded 304 in 0.0745 ms
2026-09-29 15:42:09.706 +03:00 [INF] HTTP GET /Biktal.WebMVC.styles.css responded 304 in 0.0682 ms
2026-09-29 15:42:09.706 +03:00 [INF] HTTP GET /lib/jquery/dist/jquery.min.js responded 304 in 0.0465 ms
2026-09-29 15:42:12.199 +03:00 [INF] HTTP GET /Finance/Expenses responded 200 in 76.2074 ms
2026-09-29 15:42:12.255 +03:00 [INF] HTTP GET /lib/bootstrap/dist/css/bootstrap.min.css responded 304 in 0.1651 ms
2026-09-29 15:42:12.273 +03:00 [INF] HTTP GET /css/site.css responded 304 in 0.1258 ms
2026-09-29 15:42:12.274 +03:00 [INF] HTTP GET /lib/jquery/dist/jquery.min.js responded 304 in 0.0897 ms
2026-09-29 15:42:12.274 +03:00 [INF] HTTP GET /Biktal.WebMVC.styles.css responded 304 in 0.4774 ms
2026-09-29 15:42:12.281 +03:00 [INF] HTTP GET /lib/bootstrap/dist/js/bootstrap.bundle.min.js responded 304 in 0.1360 ms
2026-09-29 15:42:12.283 +03:00 [INF] HTTP GET /js/site.js responded 304 in 0.2714 ms
2026-09-29 15:42:12.287 +03:00 [INF] HTTP GET /lib/jquery-validation/dist/jquery.validate.min.js responded 200 in 1.2274 ms
2026-09-29 15:42:12.293 +03:00 [INF] HTTP GET /lib/jquery-validation-unobtrusive/dist/jquery.validate.unobtrusive.min.js responded 200 in 1.5296 ms
2026-09-29 15:44:37.126 +03:00 [INF] HTTP POST /Finance/DeleteExpense responded 302 in 255.3297 ms
2026-09-29 15:44:37.153 +03:00 [INF] HTTP GET /Finance/Expenses responded 200 in 17.1326 ms
2026-09-29 15:44:37.288 +03:00 [INF] HTTP GET /lib/bootstrap/dist/css/bootstrap.min.css responded 200 in 1.0701 ms
2026-09-29 15:44:37.291 +03:00 [INF] HTTP GET /Biktal.WebMVC.styles.css responded 200 in 1.3899 ms
2026-09-29 15:44:37.292 +03:00 [INF] HTTP GET /js/site.js responded 200 in 0.9752 ms
2026-09-29 15:44:37.317 +03:00 [INF] HTTP GET /lib/jquery-validation-unobtrusive/dist/jquery.validate.unobtrusive.min.js responded 200 in 16.4359 ms
2026-09-29 15:44:37.319 +03:00 [INF] HTTP GET /css/site.css responded 200 in 0.7417 ms
2026-09-29 15:44:37.319 +03:00 [INF] HTTP GET /lib/jquery/dist/jquery.min.js responded 200 in 0.7033 ms
2026-09-29 15:44:37.320 +03:00 [INF] HTTP GET /lib/jquery-validation/dist/jquery.validate.min.js responded 200 in 27.7394 ms
2026-09-29 15:44:37.320 +03:00 [INF] HTTP GET /lib/bootstrap/dist/js/bootstrap.bundle.min.js responded 200 in 0.5287 ms
2026-09-29 15:44:58.521 +03:00 [INF] HTTP POST /Finance/CreateExpense responded 302 in 79.3368 ms
2026-09-29 15:44:58.535 +03:00 [INF] HTTP GET /Finance/Expenses responded 200 in 5.5954 ms
2026-09-29 15:44:58.614 +03:00 [INF] HTTP GET /lib/bootstrap/dist/css/bootstrap.min.css responded 200 in 2.4638 ms
2026-09-29 15:44:58.612 +03:00 [INF] HTTP GET /css/site.css responded 200 in 2.8926 ms
2026-09-29 15:44:58.620 +03:00 [INF] HTTP GET /lib/jquery/dist/jquery.min.js responded 304 in 0.1260 ms
2026-09-29 15:44:58.629 +03:00 [INF] HTTP GET /Biktal.WebMVC.styles.css responded 200 in 0.6380 ms
2026-09-29 15:44:58.630 +03:00 [INF] HTTP GET /lib/bootstrap/dist/js/bootstrap.bundle.min.js responded 304 in 0.1595 ms
2026-09-29 15:44:58.635 +03:00 [INF] HTTP GET /js/site.js responded 304 in 0.1034 ms
2026-09-29 15:44:58.638 +03:00 [INF] HTTP GET /lib/jquery-validation/dist/jquery.validate.min.js responded 304 in 0.1221 ms
2026-09-29 15:44:58.639 +03:00 [INF] HTTP GET /lib/jquery-validation-unobtrusive/dist/jquery.validate.unobtrusive.min.js responded 304 in 0.0901 ms
2026-09-29 15:45:03.787 +03:00 [INF] HTTP GET /Insights responded 302 in 0.9254 ms
2026-09-29 15:45:03.831 +03:00 [INF] HTTP GET /Insights/Daily responded 200 in 34.6431 ms
2026-09-29 15:45:03.895 +03:00 [INF] HTTP GET /lib/bootstrap/dist/css/bootstrap.min.css responded 200 in 9.5605 ms
2026-09-29 15:45:03.899 +03:00 [INF] HTTP GET /css/site.css responded 200 in 3.5431 ms
2026-09-29 15:45:03.902 +03:00 [INF] HTTP GET /lib/jquery/dist/jquery.min.js responded 304 in 0.1194 ms
2026-09-29 15:45:03.901 +03:00 [INF] HTTP GET /Biktal.WebMVC.styles.css responded 200 in 1.5148 ms
2026-09-29 15:45:03.909 +03:00 [INF] HTTP GET /lib/bootstrap/dist/js/bootstrap.bundle.min.js responded 304 in 0.8004 ms
2026-09-29 15:45:03.911 +03:00 [INF] HTTP GET /js/site.js responded 304 in 0.1558 ms
2026-09-29 15:45:06.033 +03:00 [INF] HTTP GET /Insights/Monthly responded 200 in 14.5735 ms
2026-09-29 15:45:06.082 +03:00 [INF] HTTP GET /lib/bootstrap/dist/css/bootstrap.min.css responded 304 in 0.1338 ms
2026-09-29 15:45:06.100 +03:00 [INF] HTTP GET /css/site.css responded 304 in 0.2450 ms
2026-09-29 15:45:06.103 +03:00 [INF] HTTP GET /lib/jquery/dist/jquery.min.js responded 304 in 0.2614 ms
2026-09-29 15:45:06.103 +03:00 [INF] HTTP GET /Biktal.WebMVC.styles.css responded 304 in 0.1140 ms
2026-09-29 15:45:06.108 +03:00 [INF] HTTP GET /lib/bootstrap/dist/js/bootstrap.bundle.min.js responded 304 in 0.1496 ms
2026-09-29 15:45:06.108 +03:00 [INF] HTTP GET /js/site.js responded 304 in 0.0894 ms
2026-09-29 15:46:41.754 +03:00 [INF] HTTP GET /Insights responded 302 in 0.4900 ms
2026-09-29 15:46:41.777 +03:00 [INF] HTTP GET /Insights/Daily responded 200 in 14.6389 ms
2026-09-29 15:46:41.911 +03:00 [INF] HTTP GET /css/site.css responded 200 in 0.8896 ms
2026-09-29 15:46:41.911 +03:00 [INF] HTTP GET /lib/bootstrap/dist/css/bootstrap.min.css responded 200 in 0.5579 ms
2026-09-29 15:46:41.912 +03:00 [INF] HTTP GET /Biktal.WebMVC.styles.css responded 200 in 0.3969 ms
2026-09-29 15:46:41.912 +03:00 [INF] HTTP GET /lib/jquery/dist/jquery.min.js responded 200 in 0.4248 ms
2026-09-29 15:46:41.916 +03:00 [INF] HTTP GET /lib/bootstrap/dist/js/bootstrap.bundle.min.js responded 200 in 1.0839 ms
2026-09-29 15:46:41.917 +03:00 [INF] HTTP GET /js/site.js responded 200 in 0.8378 ms
2026-09-29 15:46:43.621 +03:00 [INF] HTTP GET /Finance responded 200 in 19.0449 ms
2026-09-29 15:46:43.685 +03:00 [INF] HTTP GET /lib/bootstrap/dist/css/bootstrap.min.css responded 200 in 11.1511 ms
2026-09-29 15:46:43.694 +03:00 [INF] HTTP GET /Biktal.WebMVC.styles.css responded 200 in 0.7139 ms
2026-09-29 15:46:43.695 +03:00 [INF] HTTP GET /css/site.css responded 200 in 0.6492 ms
2026-09-29 15:46:43.702 +03:00 [INF] HTTP GET /lib/jquery/dist/jquery.min.js responded 304 in 0.1194 ms
2026-09-29 15:46:43.702 +03:00 [INF] HTTP GET /js/site.js responded 304 in 0.0758 ms
2026-09-29 15:46:43.702 +03:00 [INF] HTTP GET /lib/bootstrap/dist/js/bootstrap.bundle.min.js responded 304 in 0.1091 ms
2026-09-29 15:46:46.009 +03:00 [INF] HTTP GET /Finance/Expenses responded 200 in 7.8321 ms
2026-09-29 15:46:46.083 +03:00 [INF] HTTP GET /css/site.css responded 304 in 0.2373 ms
2026-09-29 15:46:46.084 +03:00 [INF] HTTP GET /Biktal.WebMVC.styles.css responded 304 in 0.1091 ms
2026-09-29 15:46:46.084 +03:00 [INF] HTTP GET /lib/jquery/dist/jquery.min.js responded 304 in 0.1257 ms
2026-09-29 15:46:46.085 +03:00 [INF] HTTP GET /lib/bootstrap/dist/js/bootstrap.bundle.min.js responded 304 in 0.1003 ms
2026-09-29 15:46:46.085 +03:00 [INF] HTTP GET /js/site.js responded 304 in 0.3441 ms
2026-09-29 15:46:46.086 +03:00 [INF] HTTP GET /lib/jquery-validation-unobtrusive/dist/jquery.validate.unobtrusive.min.js responded 200 in 0.4632 ms
2026-09-29 15:46:46.087 +03:00 [INF] HTTP GET /lib/jquery-validation/dist/jquery.validate.min.js responded 200 in 1.4814 ms
2026-09-29 15:46:46.087 +03:00 [INF] HTTP GET /lib/bootstrap/dist/css/bootstrap.min.css responded 304 in 0.2084 ms
2026-09-29 16:05:24.569 +03:00 [INF] HTTP GET /Inventory/Products responded 200 in 307.2008 ms
2026-09-29 16:05:24.690 +03:00 [INF] HTTP GET /lib/bootstrap/dist/css/bootstrap.min.css responded 200 in 1.6043 ms
2026-09-29 16:05:24.694 +03:00 [INF] HTTP GET /css/site.css responded 200 in 0.9600 ms
2026-09-29 16:05:24.697 +03:00 [INF] HTTP GET /Biktal.WebMVC.styles.css responded 200 in 1.3197 ms
2026-09-29 16:05:26.229 +03:00 [INF] HTTP GET /lib/jquery/dist/jquery.min.js responded 200 in 0.5531 ms
2026-09-29 16:05:26.255 +03:00 [INF] HTTP GET /js/site.js responded 200 in 0.5441 ms
2026-09-29 16:05:26.255 +03:00 [INF] HTTP GET /lib/bootstrap/dist/js/bootstrap.bundle.min.js responded 200 in 0.6203 ms
2026-09-29 16:05:26.256 +03:00 [INF] HTTP GET /lib/jquery-validation/dist/jquery.validate.min.js responded 200 in 0.4415 ms
2026-09-29 16:05:26.256 +03:00 [INF] HTTP GET /lib/jquery-validation-unobtrusive/dist/jquery.validate.unobtrusive.min.js responded 200 in 0.4543 ms
2026-09-29 16:05:26.256 +03:00 [INF] HTTP GET /js/products-catalog-filter.js responded 200 in 0.5145 ms
2026-09-29 16:25:42.524 +03:00 [INF] Application is shutting down...
2026-09-29 16:43:04.432 +03:00 [WRN] Using an in-memory repository. Keys will not be persisted to storage.
2026-09-29 16:43:04.478 +03:00 [WRN] Neither user profile nor HKLM registry available. Using an ephemeral key repository. Protected data will be unavailable when application exits.
2026-09-29 16:43:04.613 +03:00 [WRN] No XML encryptor configured. Key {77548d6a-68ea-4886-8bdd-a70e1eee75be} may be persisted to storage in unencrypted form.
2026-09-29 16:43:04.673 +03:00 [INF] Application started. Press Ctrl+C to shut down.
2026-09-29 16:43:04.673 +03:00 [INF] Hosting environment: Production
2026-09-29 16:43:04.673 +03:00 [INF] Content root path: D:\Systems\BiktalSystems\publish
2026-09-29 16:43:04.910 +03:00 [WRN] The query uses the 'First'/'FirstOrDefault' operator without 'OrderBy' and filter operators. This may lead to unpredictable results.
2026-09-29 16:43:04.989 +03:00 [ERR] An exception was thrown while deserializing the token.
Microsoft.AspNetCore.Antiforgery.AntiforgeryValidationException: The antiforgery token could not be decrypted.
 ---> System.Security.Cryptography.CryptographicException: The key {22a2db9a-75a4-4505-8fac-6936612cfc76} was not found in the key ring. For more information go to https://aka.ms/aspnet/dataprotectionwarning
   at Microsoft.AspNetCore.DataProtection.KeyManagement.KeyRingBasedDataProtector.UnprotectCore(Byte[] protectedData, Boolean allowOperationsOnRevokedKeys, UnprotectStatus& status)
   at Microsoft.AspNetCore.DataProtection.KeyManagement.KeyRingBasedDataProtector.Unprotect(Byte[] protectedData)
   at Microsoft.AspNetCore.Antiforgery.DefaultAntiforgeryTokenSerializer.Deserialize(String serializedToken)
   --- End of inner exception stack trace ---
   at Microsoft.AspNetCore.Antiforgery.DefaultAntiforgeryTokenSerializer.Deserialize(String serializedToken)
   at Microsoft.AspNetCore.Antiforgery.DefaultAntiforgery.GetCookieTokenDoesNotThrow(HttpContext httpContext)
2026-09-29 16:43:05.110 +03:00 [INF] HTTP GET / responded 200 in 416.5473 ms
2026-09-29 16:43:05.280 +03:00 [INF] HTTP GET /css/site.css responded 200 in 31.8715 ms
2026-09-29 16:43:05.280 +03:00 [INF] HTTP GET /Biktal.WebMVC.styles.css responded 200 in 15.7652 ms
2026-09-29 16:43:05.291 +03:00 [INF] HTTP GET /lib/bootstrap/dist/css/bootstrap.min.css responded 200 in 45.7144 ms
2026-09-29 16:43:05.756 +03:00 [INF] HTTP GET /js/pos.js responded 200 in 20.2388 ms
2026-09-29 16:43:05.756 +03:00 [INF] HTTP GET /js/site.js responded 200 in 20.3639 ms
2026-09-29 16:43:05.757 +03:00 [INF] HTTP GET /lib/bootstrap/dist/js/bootstrap.bundle.min.js responded 200 in 20.6750 ms
2026-09-29 16:43:05.757 +03:00 [INF] HTTP GET /lib/jquery/dist/jquery.min.js responded 200 in 26.9942 ms
2026-09-29 16:43:55.923 +03:00 [INF] HTTP POST /Pos/CompleteSale responded 200 in 978.2204 ms
2026-09-29 17:04:44.986 +03:00 [INF] Application is shutting down...
2026-09-29 18:03:01.993 +03:00 [WRN] Using an in-memory repository. Keys will not be persisted to storage.
2026-09-29 18:03:02.035 +03:00 [WRN] Neither user profile nor HKLM registry available. Using an ephemeral key repository. Protected data will be unavailable when application exits.
2026-09-29 18:03:02.166 +03:00 [WRN] No XML encryptor configured. Key {4587bce1-53e4-4579-904c-52c889f935f9} may be persisted to storage in unencrypted form.
2026-09-29 18:03:02.221 +03:00 [INF] Application started. Press Ctrl+C to shut down.
2026-09-29 18:03:02.221 +03:00 [INF] Hosting environment: Production
2026-09-29 18:03:02.221 +03:00 [INF] Content root path: D:\Systems\BiktalSystems\publish
2026-09-29 18:03:02.432 +03:00 [ERR] An error occurred using the connection to database 'biktal' on server 'tcp://localhost:5432'.
2026-09-29 18:03:02.474 +03:00 [WRN] The query uses the 'First'/'FirstOrDefault' operator without 'OrderBy' and filter operators. This may lead to unpredictable results.
2026-09-29 18:03:02.440 +03:00 [ERR] HTTP GET / responded 500 in 198.2267 ms
System.Threading.Tasks.TaskCanceledException: A task was canceled.
   at Npgsql.TaskTimeoutAndCancellation.ExecuteAsync(Func`2 getTaskFunc, NpgsqlTimeout timeout, CancellationToken cancellationToken)
   at Npgsql.TaskTimeoutAndCancellation.ExecuteAsync[TResult](Func`2 getTaskFunc, NpgsqlTimeout timeout, CancellationToken cancellationToken)
   at Npgsql.Internal.NpgsqlConnector.ConnectAsync(NpgsqlTimeout timeout, CancellationToken cancellationToken)
   at Npgsql.Internal.NpgsqlConnector.RawOpen(SslMode sslMode, NpgsqlTimeout timeout, Boolean async, CancellationToken cancellationToken)
   at Npgsql.Internal.NpgsqlConnector.<Open>g__OpenCore|214_1(NpgsqlConnector conn, SslMode sslMode, NpgsqlTimeout timeout, Boolean async, CancellationToken cancellationToken)
   at Npgsql.Internal.NpgsqlConnector.Open(NpgsqlTimeout timeout, Boolean async, CancellationToken cancellationToken)
   at Npgsql.PoolingDataSource.OpenNewConnector(NpgsqlConnection conn, NpgsqlTimeout timeout, Boolean async, CancellationToken cancellationToken)
   at Npgsql.PoolingDataSource.<Get>g__RentAsync|33_0(NpgsqlConnection conn, NpgsqlTimeout timeout, Boolean async, CancellationToken cancellationToken)
   at Npgsql.NpgsqlConnection.<Open>g__OpenAsync|42_0(Boolean async, CancellationToken cancellationToken)
   at Microsoft.EntityFrameworkCore.Storage.RelationalConnection.OpenInternalAsync(Boolean errorsExpected, CancellationToken cancellationToken)
   at Microsoft.EntityFrameworkCore.Storage.RelationalConnection.OpenInternalAsync(Boolean errorsExpected, CancellationToken cancellationToken)
   at Microsoft.EntityFrameworkCore.Storage.RelationalConnection.OpenAsync(CancellationToken cancellationToken, Boolean errorsExpected)
   at Microsoft.EntityFrameworkCore.Storage.RelationalCommand.ExecuteReaderAsync(RelationalCommandParameterObject parameterObject, CancellationToken cancellationToken)
   at Microsoft.EntityFrameworkCore.Query.Internal.SingleQueryingEnumerable`1.AsyncEnumerator.InitializeReaderAsync(AsyncEnumerator enumerator, CancellationToken cancellationToken)
   at Npgsql.EntityFrameworkCore.PostgreSQL.Storage.Internal.NpgsqlExecutionStrategy.ExecuteAsync[TState,TResult](TState state, Func`4 operation, Func`4 verifySucceeded, CancellationToken cancellationToken)
   at Microsoft.EntityFrameworkCore.Query.Internal.SingleQueryingEnumerable`1.AsyncEnumerator.MoveNextAsync()
   at Microsoft.EntityFrameworkCore.EntityFrameworkQueryableExtensions.ToListAsync[TSource](IQueryable`1 source, CancellationToken cancellationToken)
   at Microsoft.EntityFrameworkCore.EntityFrameworkQueryableExtensions.ToListAsync[TSource](IQueryable`1 source, CancellationToken cancellationToken)
   at Biktal.WebMVC.Controllers.PosController.Index(CancellationToken cancellationToken) in D:\Systems\BiktalSystems\Controllers\PosController.cs:line 103
   at Microsoft.AspNetCore.Mvc.Infrastructure.ActionMethodExecutor.TaskOfIActionResultExecutor.Execute(ActionContext actionContext, IActionResultTypeMapper mapper, ObjectMethodExecutor executor, Object controller, Object[] arguments)
   at Microsoft.AspNetCore.Mvc.Infrastructure.ControllerActionInvoker.<InvokeActionMethodAsync>g__Awaited|12_0(ControllerActionInvoker invoker, ValueTask`1 actionResultValueTask)
   at Microsoft.AspNetCore.Mvc.Infrastructure.ControllerActionInvoker.<InvokeNextActionFilterAsync>g__Awaited|10_0(ControllerActionInvoker invoker, Task lastTask, State next, Scope scope, Object state, Boolean isCompleted)
   at Microsoft.AspNetCore.Mvc.Infrastructure.ControllerActionInvoker.Rethrow(ActionExecutedContextSealed context)
   at Microsoft.AspNetCore.Mvc.Infrastructure.ControllerActionInvoker.Next(State& next, Scope& scope, Object& state, Boolean& isCompleted)
   at Microsoft.AspNetCore.Mvc.Infrastructure.ControllerActionInvoker.InvokeInnerFilterAsync()
--- End of stack trace from previous location ---
   at Microsoft.AspNetCore.Mvc.Infrastructure.ResourceInvoker.<InvokeNextResourceFilter>g__Awaited|25_0(ResourceInvoker invoker, Task lastTask, State next, Scope scope, Object state, Boolean isCompleted)
   at Microsoft.AspNetCore.Mvc.Infrastructure.ResourceInvoker.Rethrow(ResourceExecutedContextSealed context)
   at Microsoft.AspNetCore.Mvc.Infrastructure.ResourceInvoker.Next(State& next, Scope& scope, Object& state, Boolean& isCompleted)
   at Microsoft.AspNetCore.Mvc.Infrastructure.ResourceInvoker.InvokeFilterPipelineAsync()
--- End of stack trace from previous location ---
   at Microsoft.AspNetCore.Mvc.Infrastructure.ResourceInvoker.<InvokeAsync>g__Awaited|17_0(ResourceInvoker invoker, Task task, IDisposable scope)
   at Microsoft.AspNetCore.Mvc.Infrastructure.ResourceInvoker.<InvokeAsync>g__Awaited|17_0(ResourceInvoker invoker, Task task, IDisposable scope)
   at Microsoft.AspNetCore.Authorization.AuthorizationMiddleware.Invoke(HttpContext context)
   at Program.<>c.<<<Main>$>b__0_2>d.MoveNext() in D:\Systems\BiktalSystems\Program.cs:line 71
--- End of stack trace from previous location ---
   at Microsoft.AspNetCore.Authentication.AuthenticationMiddleware.Invoke(HttpContext context)
   at Serilog.AspNetCore.RequestLoggingMiddleware.Invoke(HttpContext httpContext)
2026-09-29 18:03:02.551 +03:00 [ERR] An exception was thrown while deserializing the token.
Microsoft.AspNetCore.Antiforgery.AntiforgeryValidationException: The antiforgery token could not be decrypted.
 ---> System.Security.Cryptography.CryptographicException: The key {77548d6a-68ea-4886-8bdd-a70e1eee75be} was not found in the key ring. For more information go to https://aka.ms/aspnet/dataprotectionwarning
   at Microsoft.AspNetCore.DataProtection.KeyManagement.KeyRingBasedDataProtector.UnprotectCore(Byte[] protectedData, Boolean allowOperationsOnRevokedKeys, UnprotectStatus& status)
   at Microsoft.AspNetCore.DataProtection.KeyManagement.KeyRingBasedDataProtector.Unprotect(Byte[] protectedData)
   at Microsoft.AspNetCore.Antiforgery.DefaultAntiforgeryTokenSerializer.Deserialize(String serializedToken)
   --- End of inner exception stack trace ---
   at Microsoft.AspNetCore.Antiforgery.DefaultAntiforgeryTokenSerializer.Deserialize(String serializedToken)
   at Microsoft.AspNetCore.Antiforgery.DefaultAntiforgery.GetCookieTokenDoesNotThrow(HttpContext httpContext)
2026-09-29 18:03:02.682 +03:00 [INF] HTTP GET / responded 200 in 442.8332 ms
2026-09-29 18:03:02.776 +03:00 [INF] HTTP GET /Biktal.WebMVC.styles.css responded 200 in 41.5882 ms
2026-09-29 18:03:02.777 +03:00 [INF] HTTP GET /lib/bootstrap/dist/css/bootstrap.min.css responded 200 in 42.4747 ms
2026-09-29 18:03:02.788 +03:00 [INF] HTTP GET /css/site.css responded 200 in 53.2121 ms
2026-09-29 18:03:03.329 +03:00 [INF] HTTP GET /js/site.js responded 200 in 21.5275 ms
2026-09-29 18:03:03.338 +03:00 [INF] HTTP GET /lib/jquery/dist/jquery.min.js responded 200 in 31.5015 ms
2026-09-29 18:03:03.349 +03:00 [INF] HTTP GET /lib/bootstrap/dist/js/bootstrap.bundle.min.js responded 200 in 41.9626 ms
2026-09-29 18:03:03.356 +03:00 [INF] HTTP GET /js/pos.js responded 200 in 48.3734 ms
2026-09-29 18:03:03.769 +03:00 [INF] HTTP GET /favicon.ico responded 200 in 3.3715 ms
2026-09-29 18:03:19.415 +03:00 [INF] HTTP POST /Pos/CompleteSale responded 200 in 941.9841 ms
2026-09-29 18:23:50.047 +03:00 [INF] Application is shutting down...
2026-09-29 21:01:28.951 +03:00 [WRN] Using an in-memory repository. Keys will not be persisted to storage.
2026-09-29 21:01:28.996 +03:00 [WRN] Neither user profile nor HKLM registry available. Using an ephemeral key repository. Protected data will be unavailable when application exits.
2026-09-29 21:01:29.126 +03:00 [WRN] No XML encryptor configured. Key {e05dcafd-9e6c-4eab-8508-28957835f85c} may be persisted to storage in unencrypted form.
2026-09-29 21:01:29.182 +03:00 [INF] Application started. Press Ctrl+C to shut down.
2026-09-29 21:01:29.182 +03:00 [INF] Hosting environment: Production
2026-09-29 21:01:29.182 +03:00 [INF] Content root path: D:\Systems\BiktalSystems\publish
2026-09-29 21:01:29.342 +03:00 [INF] HTTP POST /Pos/CompleteSale responded 400 in 140.9870 ms
2026-09-29 21:01:53.891 +03:00 [WRN] The query uses the 'First'/'FirstOrDefault' operator without 'OrderBy' and filter operators. This may lead to unpredictable results.
2026-09-29 21:01:53.973 +03:00 [ERR] An exception was thrown while deserializing the token.
Microsoft.AspNetCore.Antiforgery.AntiforgeryValidationException: The antiforgery token could not be decrypted.
 ---> System.Security.Cryptography.CryptographicException: The key {4587bce1-53e4-4579-904c-52c889f935f9} was not found in the key ring. For more information go to https://aka.ms/aspnet/dataprotectionwarning
   at Microsoft.AspNetCore.DataProtection.KeyManagement.KeyRingBasedDataProtector.UnprotectCore(Byte[] protectedData, Boolean allowOperationsOnRevokedKeys, UnprotectStatus& status)
   at Microsoft.AspNetCore.DataProtection.KeyManagement.KeyRingBasedDataProtector.Unprotect(Byte[] protectedData)
   at Microsoft.AspNetCore.Antiforgery.DefaultAntiforgeryTokenSerializer.Deserialize(String serializedToken)
   --- End of inner exception stack trace ---
   at Microsoft.AspNetCore.Antiforgery.DefaultAntiforgeryTokenSerializer.Deserialize(String serializedToken)
   at Microsoft.AspNetCore.Antiforgery.DefaultAntiforgery.GetCookieTokenDoesNotThrow(HttpContext httpContext)
2026-09-29 21:01:54.164 +03:00 [INF] HTTP GET / responded 200 in 396.3156 ms
2026-09-29 21:01:54.307 +03:00 [INF] HTTP GET /Biktal.WebMVC.styles.css responded 200 in 59.1529 ms
2026-09-29 21:01:54.312 +03:00 [INF] HTTP GET /css/site.css responded 200 in 64.7533 ms
2026-09-29 21:01:54.332 +03:00 [INF] HTTP GET /lib/bootstrap/dist/css/bootstrap.min.css responded 200 in 88.6935 ms
2026-09-29 21:01:54.748 +03:00 [INF] HTTP GET /js/site.js responded 200 in 7.5827 ms
2026-09-29 21:01:54.828 +03:00 [INF] HTTP GET /lib/bootstrap/dist/js/bootstrap.bundle.min.js responded 200 in 90.1502 ms
2026-09-29 21:01:54.832 +03:00 [INF] HTTP GET /js/pos.js responded 200 in 85.1220 ms
2026-09-29 21:01:54.843 +03:00 [INF] HTTP GET /lib/jquery/dist/jquery.min.js responded 200 in 95.0245 ms
2026-09-29 21:01:55.109 +03:00 [INF] HTTP GET /favicon.ico responded 200 in 3.1128 ms
2026-09-29 21:02:15.300 +03:00 [INF] HTTP POST /Pos/CompleteSale responded 200 in 945.2102 ms
2026-09-29 21:02:17.687 +03:00 [INF] HTTP GET /Repairs responded 200 in 141.7354 ms
2026-09-29 21:02:17.791 +03:00 [INF] HTTP GET /lib/bootstrap/dist/css/bootstrap.min.css responded 304 in 1.3648 ms
2026-09-29 21:02:17.804 +03:00 [INF] HTTP GET /css/site.css responded 304 in 14.6476 ms
2026-09-29 21:02:17.808 +03:00 [INF] HTTP GET /Biktal.WebMVC.styles.css responded 304 in 0.3362 ms
2026-09-29 21:02:17.836 +03:00 [INF] HTTP GET /lib/jquery/dist/jquery.min.js responded 304 in 30.8576 ms
2026-09-29 21:02:17.846 +03:00 [INF] HTTP GET /js/site.js responded 304 in 22.6109 ms
2026-09-29 21:02:17.967 +03:00 [INF] HTTP GET /lib/bootstrap/dist/js/bootstrap.bundle.min.js responded 304 in 156.2180 ms
2026-09-29 21:02:19.354 +03:00 [INF] HTTP GET /Repairs/New responded 200 in 101.7625 ms
2026-09-29 21:02:19.424 +03:00 [INF] HTTP GET /lib/bootstrap/dist/css/bootstrap.min.css responded 200 in 5.8909 ms
2026-09-29 21:02:19.430 +03:00 [INF] HTTP GET /css/site.css responded 304 in 0.9978 ms
2026-09-29 21:02:19.431 +03:00 [INF] HTTP GET /Biktal.WebMVC.styles.css responded 304 in 0.2755 ms
2026-09-29 21:02:19.436 +03:00 [INF] HTTP GET /lib/jquery/dist/jquery.min.js responded 304 in 0.2744 ms
2026-09-29 21:02:19.437 +03:00 [INF] HTTP GET /lib/bootstrap/dist/js/bootstrap.bundle.min.js responded 304 in 0.2466 ms
2026-09-29 21:02:19.443 +03:00 [INF] HTTP GET /js/site.js responded 304 in 1.1492 ms
2026-09-29 21:02:19.448 +03:00 [INF] HTTP GET /lib/jquery-validation/dist/jquery.validate.min.js responded 200 in 3.2765 ms
2026-09-29 21:02:19.461 +03:00 [INF] HTTP GET /lib/jquery-validation-unobtrusive/dist/jquery.validate.unobtrusive.min.js responded 200 in 24.0325 ms
2026-09-29 21:02:55.643 +03:00 [INF] HTTP POST /Repairs/CreateTicket responded 302 in 139.7931 ms
2026-09-29 21:02:55.729 +03:00 [INF] HTTP GET /Repairs/Ticket/01a0ee55-7f09-77d0-a06c-3bff9f52fbfd responded 200 in 68.0150 ms
2026-09-29 21:02:55.885 +03:00 [INF] HTTP GET /css/site.css responded 200 in 1.3636 ms
2026-09-29 21:02:55.887 +03:00 [INF] HTTP GET /Biktal.WebMVC.styles.css responded 200 in 0.8122 ms
2026-09-29 21:02:55.888 +03:00 [INF] HTTP GET /lib/bootstrap/dist/css/bootstrap.min.css responded 200 in 0.8836 ms
2026-09-29 21:02:55.890 +03:00 [INF] HTTP GET /lib/jquery/dist/jquery.min.js responded 200 in 0.8426 ms
2026-09-29 21:02:55.900 +03:00 [INF] HTTP GET /lib/bootstrap/dist/js/bootstrap.bundle.min.js responded 200 in 5.2522 ms
2026-09-29 21:02:55.906 +03:00 [INF] HTTP GET /js/site.js responded 200 in 5.2715 ms
2026-09-29 21:02:58.674 +03:00 [INF] HTTP POST /Repairs/UpdateTicketStatus responded 302 in 78.1035 ms
2026-09-29 21:02:58.686 +03:00 [INF] HTTP GET /Repairs/Ticket/01a0ee55-7f09-77d0-a06c-3bff9f52fbfd responded 200 in 6.9335 ms
2026-09-29 21:02:58.756 +03:00 [INF] HTTP GET /lib/bootstrap/dist/css/bootstrap.min.css responded 304 in 0.6452 ms
2026-09-29 21:02:58.760 +03:00 [INF] HTTP GET /css/site.css responded 304 in 0.3352 ms
2026-09-29 21:02:58.764 +03:00 [INF] HTTP GET /Biktal.WebMVC.styles.css responded 304 in 0.4754 ms
2026-09-29 21:02:58.770 +03:00 [INF] HTTP GET /lib/jquery/dist/jquery.min.js responded 304 in 0.2615 ms
2026-09-29 21:02:58.770 +03:00 [INF] HTTP GET /js/site.js responded 304 in 0.3603 ms
2026-09-29 21:02:58.772 +03:00 [INF] HTTP GET /lib/bootstrap/dist/js/bootstrap.bundle.min.js responded 304 in 2.2260 ms
2026-09-29 21:03:00.123 +03:00 [INF] HTTP POST /Repairs/UpdateTicketEstimate responded 302 in 24.6021 ms
2026-09-29 21:03:00.138 +03:00 [INF] HTTP GET /Repairs/Ticket/01a0ee55-7f09-77d0-a06c-3bff9f52fbfd responded 200 in 6.0253 ms
2026-09-29 21:03:00.203 +03:00 [INF] HTTP GET /lib/bootstrap/dist/css/bootstrap.min.css responded 304 in 2.6907 ms
2026-09-29 21:03:00.214 +03:00 [INF] HTTP GET /css/site.css responded 304 in 0.1976 ms
2026-09-29 21:03:00.216 +03:00 [INF] HTTP GET /Biktal.WebMVC.styles.css responded 304 in 0.3985 ms
2026-09-29 21:03:00.216 +03:00 [INF] HTTP GET /lib/jquery/dist/jquery.min.js responded 304 in 0.2748 ms
2026-09-29 21:03:00.219 +03:00 [INF] HTTP GET /lib/bootstrap/dist/js/bootstrap.bundle.min.js responded 304 in 0.3375 ms
2026-09-29 21:03:00.226 +03:00 [INF] HTTP GET /js/site.js responded 304 in 0.2013 ms
2026-09-29 21:03:03.872 +03:00 [INF] HTTP GET /Finance responded 200 in 65.4177 ms
2026-09-29 21:03:03.920 +03:00 [INF] HTTP GET /lib/bootstrap/dist/css/bootstrap.min.css responded 304 in 0.1787 ms
2026-09-29 21:03:03.939 +03:00 [INF] HTTP GET /css/site.css responded 304 in 0.6902 ms
2026-09-29 21:03:03.940 +03:00 [INF] HTTP GET /Biktal.WebMVC.styles.css responded 304 in 0.2920 ms
2026-09-29 21:03:03.942 +03:00 [INF] HTTP GET /lib/jquery/dist/jquery.min.js responded 304 in 0.5372 ms
2026-09-29 21:03:03.944 +03:00 [INF] HTTP GET /lib/bootstrap/dist/js/bootstrap.bundle.min.js responded 304 in 0.1886 ms
2026-09-29 21:03:03.949 +03:00 [INF] HTTP GET /js/site.js responded 304 in 0.4133 ms
2026-09-29 21:03:05.727 +03:00 [INF] HTTP GET /Insights responded 302 in 2.6664 ms
2026-09-29 21:03:05.887 +03:00 [INF] HTTP GET /Insights/Daily responded 200 in 151.5463 ms
2026-09-29 21:03:05.941 +03:00 [INF] HTTP GET /lib/bootstrap/dist/css/bootstrap.min.css responded 304 in 0.2175 ms
2026-09-29 21:03:05.959 +03:00 [INF] HTTP GET /css/site.css responded 304 in 0.9190 ms
2026-09-29 21:03:05.966 +03:00 [INF] HTTP GET /lib/jquery/dist/jquery.min.js responded 304 in 0.2121 ms
2026-09-29 21:03:05.966 +03:00 [INF] HTTP GET /Biktal.WebMVC.styles.css responded 304 in 0.1084 ms
2026-09-29 21:03:05.973 +03:00 [INF] HTTP GET /lib/bootstrap/dist/js/bootstrap.bundle.min.js responded 304 in 0.2924 ms
2026-09-29 21:03:05.974 +03:00 [INF] HTTP GET /js/site.js responded 304 in 0.1910 ms
2026-09-29 21:03:10.413 +03:00 [INF] HTTP GET /Insights/Monthly responded 200 in 64.4154 ms
2026-09-29 21:03:10.465 +03:00 [INF] HTTP GET /lib/bootstrap/dist/css/bootstrap.min.css responded 304 in 0.2975 ms
2026-09-29 21:03:10.482 +03:00 [INF] HTTP GET /css/site.css responded 304 in 0.2648 ms
2026-09-29 21:03:10.483 +03:00 [INF] HTTP GET /Biktal.WebMVC.styles.css responded 304 in 0.2419 ms
2026-09-29 21:03:10.483 +03:00 [INF] HTTP GET /lib/jquery/dist/jquery.min.js responded 304 in 0.0685 ms
2026-09-29 21:03:10.483 +03:00 [INF] HTTP GET /lib/bootstrap/dist/js/bootstrap.bundle.min.js responded 304 in 0.0637 ms
2026-09-29 21:03:10.483 +03:00 [INF] HTTP GET /js/site.js responded 304 in 0.0553 ms
2026-09-29 21:03:35.076 +03:00 [WRN] The query uses the 'First'/'FirstOrDefault' operator without 'OrderBy' and filter operators. This may lead to unpredictable results.
2026-09-29 21:03:35.086 +03:00 [WRN] The query uses the 'First'/'FirstOrDefault' operator without 'OrderBy' and filter operators. This may lead to unpredictable results.
2026-09-29 21:03:35.118 +03:00 [INF] HTTP GET /Operations responded 200 in 89.5990 ms
2026-09-29 21:03:35.184 +03:00 [INF] HTTP GET /lib/bootstrap/dist/css/bootstrap.min.css responded 200 in 15.1793 ms
2026-09-29 21:03:35.194 +03:00 [INF] HTTP GET /css/site.css responded 304 in 0.2081 ms
2026-09-29 21:03:35.195 +03:00 [INF] HTTP GET /Biktal.WebMVC.styles.css responded 304 in 0.2503 ms
2026-09-29 21:03:35.200 +03:00 [INF] HTTP GET /lib/jquery/dist/jquery.min.js responded 304 in 0.1428 ms
2026-09-29 21:03:35.201 +03:00 [INF] HTTP GET /lib/bootstrap/dist/js/bootstrap.bundle.min.js responded 304 in 0.1347 ms
2026-09-29 21:03:35.201 +03:00 [INF] HTTP GET /js/site.js responded 304 in 0.1397 ms
2026-09-29 21:03:35.899 +03:00 [INF] HTTP GET /Finance responded 200 in 9.5435 ms
2026-09-29 21:03:35.971 +03:00 [INF] HTTP GET /lib/bootstrap/dist/css/bootstrap.min.css responded 304 in 6.7683 ms
2026-09-29 21:03:35.976 +03:00 [INF] HTTP GET /css/site.css responded 304 in 0.3966 ms
2026-09-29 21:03:35.977 +03:00 [INF] HTTP GET /lib/bootstrap/dist/js/bootstrap.bundle.min.js responded 304 in 0.0994 ms
2026-09-29 21:03:35.977 +03:00 [INF] HTTP GET /lib/jquery/dist/jquery.min.js responded 304 in 0.5113 ms
2026-09-29 21:03:35.977 +03:00 [INF] HTTP GET /Biktal.WebMVC.styles.css responded 304 in 0.1839 ms
2026-09-29 21:03:35.981 +03:00 [INF] HTTP GET /js/site.js responded 304 in 0.5815 ms
2026-09-29 21:03:37.346 +03:00 [INF] HTTP GET /Finance/Expenses responded 200 in 68.4824 ms
2026-09-29 21:03:37.408 +03:00 [INF] HTTP GET /lib/bootstrap/dist/css/bootstrap.min.css responded 304 in 8.4845 ms
2026-09-29 21:03:37.416 +03:00 [INF] HTTP GET /css/site.css responded 304 in 0.1444 ms
2026-09-29 21:03:37.416 +03:00 [INF] HTTP GET /Biktal.WebMVC.styles.css responded 304 in 0.1255 ms
2026-09-29 21:03:37.417 +03:00 [INF] HTTP GET /lib/jquery/dist/jquery.min.js responded 304 in 0.5816 ms
2026-09-29 21:03:37.426 +03:00 [INF] HTTP GET /lib/bootstrap/dist/js/bootstrap.bundle.min.js responded 304 in 0.3774 ms
2026-09-29 21:03:37.426 +03:00 [INF] HTTP GET /js/site.js responded 304 in 0.0981 ms
2026-09-29 21:03:37.444 +03:00 [INF] HTTP GET /lib/jquery-validation-unobtrusive/dist/jquery.validate.unobtrusive.min.js responded 200 in 12.5438 ms
2026-09-29 21:03:37.445 +03:00 [INF] HTTP GET /lib/jquery-validation/dist/jquery.validate.min.js responded 200 in 25.7623 ms
2026-09-29 21:03:44.580 +03:00 [INF] HTTP GET / responded 200 in 31.5716 ms
2026-09-29 21:03:44.655 +03:00 [INF] HTTP GET /lib/bootstrap/dist/css/bootstrap.min.css responded 200 in 17.7244 ms
2026-09-29 21:03:44.659 +03:00 [INF] HTTP GET /css/site.css responded 304 in 0.1293 ms
2026-09-29 21:03:44.668 +03:00 [INF] HTTP GET /Biktal.WebMVC.styles.css responded 304 in 0.1797 ms
2026-09-29 21:03:44.669 +03:00 [INF] HTTP GET /lib/jquery/dist/jquery.min.js responded 304 in 0.1326 ms
2026-09-29 21:03:44.673 +03:00 [INF] HTTP GET /lib/bootstrap/dist/js/bootstrap.bundle.min.js responded 304 in 1.0590 ms
2026-09-29 21:03:44.674 +03:00 [INF] HTTP GET /js/site.js responded 304 in 0.1315 ms
2026-09-29 21:03:44.680 +03:00 [INF] HTTP GET /js/pos.js responded 200 in 4.9074 ms
2026-09-29 21:03:49.582 +03:00 [INF] HTTP GET /Inventory/Products responded 200 in 217.1426 ms
2026-09-29 21:03:49.629 +03:00 [INF] HTTP GET /css/site.css responded 304 in 0.2242 ms
2026-09-29 21:03:49.632 +03:00 [INF] HTTP GET /lib/bootstrap/dist/css/bootstrap.min.css responded 200 in 4.4136 ms
2026-09-29 21:03:49.636 +03:00 [INF] HTTP GET /Biktal.WebMVC.styles.css responded 304 in 0.9291 ms
2026-09-29 21:03:50.463 +03:00 [INF] HTTP GET /lib/jquery/dist/jquery.min.js responded 304 in 0.2156 ms
2026-09-29 21:03:50.491 +03:00 [INF] HTTP GET /lib/bootstrap/dist/js/bootstrap.bundle.min.js responded 304 in 0.1082 ms
2026-09-29 21:03:50.492 +03:00 [INF] HTTP GET /js/site.js responded 304 in 0.1429 ms
2026-09-29 21:03:50.492 +03:00 [INF] HTTP GET /lib/jquery-validation/dist/jquery.validate.min.js responded 304 in 0.2129 ms
2026-09-29 21:03:50.492 +03:00 [INF] HTTP GET /lib/jquery-validation-unobtrusive/dist/jquery.validate.unobtrusive.min.js responded 304 in 0.2581 ms
2026-09-29 21:03:50.499 +03:00 [INF] HTTP GET /js/products-catalog-filter.js responded 200 in 5.6986 ms
2026-09-29 21:03:51.928 +03:00 [INF] HTTP GET /Repairs responded 200 in 6.0828 ms
2026-09-29 21:03:51.989 +03:00 [INF] HTTP GET /lib/bootstrap/dist/css/bootstrap.min.css responded 304 in 0.2185 ms
2026-09-29 21:03:52.007 +03:00 [INF] HTTP GET /css/site.css responded 304 in 0.2770 ms
2026-09-29 21:03:52.007 +03:00 [INF] HTTP GET /Biktal.WebMVC.styles.css responded 304 in 0.0767 ms
2026-09-29 21:03:52.008 +03:00 [INF] HTTP GET /lib/jquery/dist/jquery.min.js responded 304 in 0.0828 ms
2026-09-29 21:03:52.008 +03:00 [INF] HTTP GET /lib/bootstrap/dist/js/bootstrap.bundle.min.js responded 304 in 0.1379 ms
2026-09-29 21:03:52.008 +03:00 [INF] HTTP GET /js/site.js responded 304 in 0.0802 ms
2026-09-29 21:03:53.773 +03:00 [INF] HTTP GET /Finance responded 200 in 8.1215 ms
2026-09-29 21:03:53.829 +03:00 [INF] HTTP GET /lib/bootstrap/dist/css/bootstrap.min.css responded 304 in 0.1802 ms
2026-09-29 21:03:53.844 +03:00 [INF] HTTP GET /css/site.css responded 304 in 0.3673 ms
2026-09-29 21:03:53.848 +03:00 [INF] HTTP GET /lib/jquery/dist/jquery.min.js responded 304 in 0.7413 ms
2026-09-29 21:03:53.847 +03:00 [INF] HTTP GET /Biktal.WebMVC.styles.css responded 304 in 1.2094 ms
2026-09-29 21:03:53.849 +03:00 [INF] HTTP GET /lib/bootstrap/dist/js/bootstrap.bundle.min.js responded 304 in 0.2322 ms
2026-09-29 21:03:53.854 +03:00 [INF] HTTP GET /js/site.js responded 304 in 0.2189 ms
2026-09-29 21:03:56.189 +03:00 [INF] HTTP GET /Finance/Cashbox responded 200 in 192.2684 ms
2026-09-29 21:03:56.247 +03:00 [INF] HTTP GET /lib/bootstrap/dist/css/bootstrap.min.css responded 304 in 0.1412 ms
2026-09-29 21:03:56.265 +03:00 [INF] HTTP GET /css/site.css responded 304 in 0.1285 ms
2026-09-29 21:03:56.266 +03:00 [INF] HTTP GET /Biktal.WebMVC.styles.css responded 304 in 0.4375 ms
2026-09-29 21:03:56.266 +03:00 [INF] HTTP GET /lib/jquery/dist/jquery.min.js responded 304 in 0.4856 ms
2026-09-29 21:03:56.272 +03:00 [INF] HTTP GET /js/site.js responded 304 in 0.1188 ms
2026-09-29 21:03:56.272 +03:00 [INF] HTTP GET /lib/bootstrap/dist/js/bootstrap.bundle.min.js responded 304 in 0.0947 ms
2026-09-29 21:03:56.274 +03:00 [INF] HTTP GET /lib/jquery-validation-unobtrusive/dist/jquery.validate.unobtrusive.min.js responded 304 in 0.1362 ms
2026-09-29 21:03:56.280 +03:00 [INF] HTTP GET /lib/jquery-validation/dist/jquery.validate.min.js responded 304 in 3.8181 ms
2026-09-29 21:24:01.868 +03:00 [INF] Application is shutting down...
2026-09-29 21:26:01.072 +03:00 [WRN] Using an in-memory repository. Keys will not be persisted to storage.
2026-09-29 21:26:01.117 +03:00 [WRN] Neither user profile nor HKLM registry available. Using an ephemeral key repository. Protected data will be unavailable when application exits.
2026-09-29 21:26:01.260 +03:00 [WRN] No XML encryptor configured. Key {21f96edc-8038-4c6f-868e-fa16f1c1d581} may be persisted to storage in unencrypted form.
2026-09-29 21:26:01.322 +03:00 [INF] Application started. Press Ctrl+C to shut down.
2026-09-29 21:26:01.322 +03:00 [INF] Hosting environment: Production
2026-09-29 21:26:01.322 +03:00 [INF] Content root path: D:\Systems\BiktalSystems\publish
2026-09-29 21:26:01.454 +03:00 [INF] HTTP POST /Finance/CloseCashboxSession responded 400 in 112.4253 ms
2026-09-29 21:26:04.628 +03:00 [INF] HTTP POST /Finance/CloseCashboxSession responded 400 in 23.7732 ms
2026-09-29 21:26:08.763 +03:00 [INF] HTTP POST /Finance/CloseCashboxSession responded 400 in 8.5809 ms
2026-09-29 21:26:18.965 +03:00 [INF] HTTP POST /Finance/CloseCashboxSession responded 400 in 1.7959 ms
2026-09-29 21:26:22.199 +03:00 [INF] HTTP POST /Finance/CloseCashboxSession responded 400 in 1.7769 ms
2026-09-29 21:26:32.140 +03:00 [INF] HTTP POST /Finance/CloseCashboxSession responded 400 in 1.4361 ms
2026-09-29 21:26:34.433 +03:00 [INF] HTTP POST /Finance/CloseCashboxSession responded 400 in 1.9353 ms
2026-09-29 21:26:47.954 +03:00 [INF] HTTP GET /Inventory/Products responded 200 in 1700.9832 ms
2026-09-29 21:26:48.068 +03:00 [INF] HTTP GET /lib/bootstrap/dist/css/bootstrap.min.css responded 200 in 63.6058 ms
2026-09-29 21:26:48.076 +03:00 [INF] HTTP GET /css/site.css responded 200 in 2.7161 ms
2026-09-29 21:26:48.086 +03:00 [INF] HTTP GET /Biktal.WebMVC.styles.css responded 200 in 1.0905 ms
2026-09-29 21:26:49.546 +03:00 [INF] HTTP GET /lib/jquery/dist/jquery.min.js responded 200 in 6.1833 ms
2026-09-29 21:26:49.586 +03:00 [INF] HTTP GET /js/site.js responded 200 in 1.6824 ms
2026-09-29 21:26:49.588 +03:00 [INF] HTTP GET /lib/jquery-validation-unobtrusive/dist/jquery.validate.unobtrusive.min.js responded 200 in 1.6555 ms
2026-09-29 21:26:49.657 +03:00 [INF] HTTP GET /lib/bootstrap/dist/js/bootstrap.bundle.min.js responded 200 in 72.3914 ms
2026-09-29 21:26:49.658 +03:00 [INF] HTTP GET /lib/jquery-validation/dist/jquery.validate.min.js responded 200 in 6.3917 ms
2026-09-29 21:26:49.687 +03:00 [INF] HTTP GET /js/products-catalog-filter.js responded 200 in 34.2032 ms
2026-09-29 21:26:52.506 +03:00 [INF] HTTP GET /Finance responded 200 in 198.8351 ms
2026-09-29 21:26:52.596 +03:00 [INF] HTTP GET /lib/bootstrap/dist/css/bootstrap.min.css responded 200 in 10.3606 ms
2026-09-29 21:26:52.599 +03:00 [INF] HTTP GET /Biktal.WebMVC.styles.css responded 200 in 1.6374 ms
2026-09-29 21:26:52.600 +03:00 [INF] HTTP GET /css/site.css responded 200 in 4.1883 ms
2026-09-29 21:26:52.609 +03:00 [INF] HTTP GET /js/site.js responded 200 in 0.7622 ms
2026-09-29 21:26:52.634 +03:00 [INF] HTTP GET /lib/jquery/dist/jquery.min.js responded 200 in 33.3440 ms
2026-09-29 21:26:52.774 +03:00 [INF] HTTP GET /lib/bootstrap/dist/js/bootstrap.bundle.min.js responded 200 in 171.2681 ms
2026-09-29 21:26:54.047 +03:00 [INF] HTTP GET /Finance/Cashbox responded 200 in 361.8040 ms
2026-09-29 21:26:54.100 +03:00 [INF] HTTP GET /lib/bootstrap/dist/css/bootstrap.min.css responded 304 in 1.9519 ms
2026-09-29 21:26:54.113 +03:00 [INF] HTTP GET /css/site.css responded 304 in 0.2483 ms
2026-09-29 21:26:54.114 +03:00 [INF] HTTP GET /Biktal.WebMVC.styles.css responded 304 in 0.2765 ms
2026-09-29 21:26:54.115 +03:00 [INF] HTTP GET /lib/bootstrap/dist/js/bootstrap.bundle.min.js responded 304 in 0.3542 ms
2026-09-29 21:26:54.115 +03:00 [INF] HTTP GET /lib/jquery/dist/jquery.min.js responded 304 in 0.3538 ms
2026-09-29 21:26:54.116 +03:00 [INF] HTTP GET /js/site.js responded 304 in 0.3548 ms
2026-09-29 21:26:54.140 +03:00 [INF] HTTP GET /lib/jquery-validation-unobtrusive/dist/jquery.validate.unobtrusive.min.js responded 200 in 14.4357 ms
2026-09-29 21:26:54.146 +03:00 [INF] HTTP GET /lib/jquery-validation/dist/jquery.validate.min.js responded 200 in 28.4327 ms
2026-09-29 21:27:05.786 +03:00 [INF] HTTP POST /Finance/CloseCashboxSession responded 302 in 283.4328 ms
2026-09-29 21:27:05.833 +03:00 [INF] HTTP GET /Finance/Cashbox responded 200 in 39.3206 ms
2026-09-29 21:27:05.908 +03:00 [INF] HTTP GET /lib/bootstrap/dist/css/bootstrap.min.css responded 304 in 0.3118 ms
2026-09-29 21:27:05.912 +03:00 [INF] HTTP GET /css/site.css responded 304 in 0.2123 ms
2026-09-29 21:27:05.915 +03:00 [INF] HTTP GET /Biktal.WebMVC.styles.css responded 304 in 0.5667 ms
2026-09-29 21:27:05.915 +03:00 [INF] HTTP GET /lib/jquery/dist/jquery.min.js responded 304 in 1.6683 ms
2026-09-29 21:27:05.921 +03:00 [INF] HTTP GET /lib/bootstrap/dist/js/bootstrap.bundle.min.js responded 304 in 0.2691 ms
2026-09-29 21:27:05.921 +03:00 [INF] HTTP GET /js/site.js responded 304 in 0.1942 ms
2026-09-29 21:27:05.922 +03:00 [INF] HTTP GET /lib/jquery-validation-unobtrusive/dist/jquery.validate.unobtrusive.min.js responded 304 in 1.0484 ms
2026-09-29 21:27:05.925 +03:00 [INF] HTTP GET /lib/jquery-validation/dist/jquery.validate.min.js responded 304 in 2.1276 ms
2026-09-29 21:27:12.266 +03:00 [INF] HTTP GET /Insights responded 302 in 4.5816 ms
2026-09-29 21:27:12.423 +03:00 [INF] HTTP GET /Insights/Daily responded 200 in 150.2628 ms
2026-09-29 21:27:12.469 +03:00 [INF] HTTP GET /lib/bootstrap/dist/css/bootstrap.min.css responded 200 in 0.8987 ms
2026-09-29 21:27:12.483 +03:00 [INF] HTTP GET /css/site.css responded 304 in 0.2433 ms
2026-09-29 21:27:12.488 +03:00 [INF] HTTP GET /Biktal.WebMVC.styles.css responded 304 in 0.3207 ms
2026-09-29 21:27:12.489 +03:00 [INF] HTTP GET /lib/jquery/dist/jquery.min.js responded 304 in 0.9271 ms
2026-09-29 21:27:12.491 +03:00 [INF] HTTP GET /lib/bootstrap/dist/js/bootstrap.bundle.min.js responded 304 in 0.3959 ms
2026-09-29 21:27:12.494 +03:00 [INF] HTTP GET /js/site.js responded 304 in 0.2315 ms
2026-09-29 21:27:31.950 +03:00 [WRN] The query uses the 'First'/'FirstOrDefault' operator without 'OrderBy' and filter operators. This may lead to unpredictable results.
2026-09-29 21:27:31.985 +03:00 [INF] HTTP GET / responded 200 in 76.6501 ms
2026-09-29 21:27:32.037 +03:00 [INF] HTTP GET /lib/bootstrap/dist/css/bootstrap.min.css responded 200 in 1.0465 ms
2026-09-29 21:27:32.051 +03:00 [INF] HTTP GET /Biktal.WebMVC.styles.css responded 304 in 0.3814 ms
2026-09-29 21:27:32.051 +03:00 [INF] HTTP GET /css/site.css responded 304 in 0.1823 ms
2026-09-29 21:27:32.051 +03:00 [INF] HTTP GET /js/site.js responded 304 in 0.1444 ms
2026-09-29 21:27:32.052 +03:00 [INF] HTTP GET /lib/bootstrap/dist/js/bootstrap.bundle.min.js responded 304 in 0.1794 ms
2026-09-29 21:27:32.052 +03:00 [INF] HTTP GET /js/pos.js responded 200 in 0.9426 ms
2026-09-29 21:27:32.056 +03:00 [INF] HTTP GET /lib/jquery/dist/jquery.min.js responded 304 in 0.1547 ms
2026-09-29 21:27:34.703 +03:00 [WRN] The query uses the 'First'/'FirstOrDefault' operator without 'OrderBy' and filter operators. This may lead to unpredictable results.
2026-09-29 21:27:34.714 +03:00 [WRN] The query uses the 'First'/'FirstOrDefault' operator without 'OrderBy' and filter operators. This may lead to unpredictable results.
2026-09-29 21:27:34.770 +03:00 [INF] HTTP GET /Operations responded 200 in 91.8731 ms
2026-09-29 21:27:34.815 +03:00 [INF] HTTP GET /lib/bootstrap/dist/css/bootstrap.min.css responded 304 in 0.2371 ms
2026-09-29 21:27:34.832 +03:00 [INF] HTTP GET /css/site.css responded 304 in 0.1541 ms
2026-09-29 21:27:34.839 +03:00 [INF] HTTP GET /Biktal.WebMVC.styles.css responded 304 in 0.2199 ms
2026-09-29 21:27:34.839 +03:00 [INF] HTTP GET /lib/jquery/dist/jquery.min.js responded 304 in 0.1671 ms
2026-09-29 21:27:34.839 +03:00 [INF] HTTP GET /lib/bootstrap/dist/js/bootstrap.bundle.min.js responded 304 in 0.4292 ms
2026-09-29 21:27:34.840 +03:00 [INF] HTTP GET /js/site.js responded 304 in 0.1567 ms
2026-09-29 21:27:36.662 +03:00 [INF] HTTP GET /Insights responded 302 in 0.4172 ms
2026-09-29 21:27:36.691 +03:00 [INF] HTTP GET /Insights/Daily responded 200 in 20.2904 ms
2026-09-29 21:27:36.745 +03:00 [INF] HTTP GET /lib/bootstrap/dist/css/bootstrap.min.css responded 200 in 1.3270 ms
2026-09-29 21:27:36.756 +03:00 [INF] HTTP GET /css/site.css responded 304 in 0.1529 ms
2026-09-29 21:27:36.756 +03:00 [INF] HTTP GET /Biktal.WebMVC.styles.css responded 304 in 0.1375 ms
2026-09-29 21:27:36.760 +03:00 [INF] HTTP GET /lib/jquery/dist/jquery.min.js responded 304 in 0.1423 ms
2026-09-29 21:27:36.760 +03:00 [INF] HTTP GET /lib/bootstrap/dist/js/bootstrap.bundle.min.js responded 304 in 0.1398 ms
2026-09-29 21:27:36.761 +03:00 [INF] HTTP GET /js/site.js responded 304 in 0.1648 ms
2026-09-29 21:27:41.203 +03:00 [INF] HTTP GET /Operations responded 200 in 11.1114 ms
2026-09-29 21:27:41.263 +03:00 [INF] HTTP GET /lib/bootstrap/dist/css/bootstrap.min.css responded 304 in 0.2176 ms
2026-09-29 21:27:41.279 +03:00 [INF] HTTP GET /css/site.css responded 304 in 0.1583 ms
2026-09-29 21:27:41.279 +03:00 [INF] HTTP GET /Biktal.WebMVC.styles.css responded 304 in 0.1563 ms
2026-09-29 21:27:41.280 +03:00 [INF] HTTP GET /lib/bootstrap/dist/js/bootstrap.bundle.min.js responded 304 in 0.1796 ms
2026-09-29 21:27:41.280 +03:00 [INF] HTTP GET /lib/jquery/dist/jquery.min.js responded 304 in 0.1041 ms
2026-09-29 21:27:41.284 +03:00 [INF] HTTP GET /js/site.js responded 304 in 0.2004 ms
2026-09-29 21:27:42.330 +03:00 [INF] HTTP GET /Crm responded 200 in 69.4373 ms
2026-09-29 21:27:42.385 +03:00 [INF] HTTP GET /lib/bootstrap/dist/css/bootstrap.min.css responded 304 in 0.1839 ms
2026-09-29 21:27:42.398 +03:00 [INF] HTTP GET /css/site.css responded 304 in 0.1235 ms
2026-09-29 21:27:42.398 +03:00 [INF] HTTP GET /Biktal.WebMVC.styles.css responded 304 in 0.0903 ms
2026-09-29 21:27:42.400 +03:00 [INF] HTTP GET /lib/jquery/dist/jquery.min.js responded 304 in 0.1239 ms
2026-09-29 21:27:42.400 +03:00 [INF] HTTP GET /lib/bootstrap/dist/js/bootstrap.bundle.min.js responded 304 in 0.1437 ms
2026-09-29 21:27:42.400 +03:00 [INF] HTTP GET /js/site.js responded 304 in 0.0700 ms
2026-09-29 21:27:42.860 +03:00 [INF] HTTP GET /Insights responded 302 in 0.8413 ms
2026-09-29 21:27:42.895 +03:00 [INF] HTTP GET /Insights/Daily responded 200 in 23.9594 ms
2026-09-29 21:27:42.956 +03:00 [INF] HTTP GET /lib/bootstrap/dist/css/bootstrap.min.css responded 304 in 0.1750 ms
2026-09-29 21:27:42.965 +03:00 [INF] HTTP GET /Biktal.WebMVC.styles.css responded 304 in 0.0894 ms
2026-09-29 21:27:42.965 +03:00 [INF] HTTP GET /lib/jquery/dist/jquery.min.js responded 304 in 0.0728 ms
2026-09-29 21:27:42.965 +03:00 [INF] HTTP GET /css/site.css responded 304 in 0.1005 ms
2026-09-29 21:27:42.965 +03:00 [INF] HTTP GET /js/site.js responded 304 in 0.0787 ms
2026-09-29 21:27:42.969 +03:00 [INF] HTTP GET /lib/bootstrap/dist/js/bootstrap.bundle.min.js responded 304 in 0.5770 ms
2026-09-29 21:27:44.470 +03:00 [INF] HTTP GET /Insights/Monthly responded 200 in 48.5674 ms
2026-09-29 21:27:44.526 +03:00 [INF] HTTP GET /lib/bootstrap/dist/css/bootstrap.min.css responded 304 in 0.1655 ms
2026-09-29 21:27:44.536 +03:00 [INF] HTTP GET /css/site.css responded 304 in 0.1331 ms
2026-09-29 21:27:44.536 +03:00 [INF] HTTP GET /Biktal.WebMVC.styles.css responded 304 in 0.0923 ms
2026-09-29 21:27:44.536 +03:00 [INF] HTTP GET /lib/bootstrap/dist/js/bootstrap.bundle.min.js responded 304 in 0.0770 ms
2026-09-29 21:27:44.536 +03:00 [INF] HTTP GET /lib/jquery/dist/jquery.min.js responded 304 in 0.0738 ms
2026-09-29 21:27:44.536 +03:00 [INF] HTTP GET /js/site.js responded 304 in 0.0814 ms
2026-09-29 21:27:47.240 +03:00 [INF] HTTP GET /Insights/Yearly responded 200 in 58.6822 ms
2026-09-29 21:27:47.297 +03:00 [INF] HTTP GET /lib/bootstrap/dist/css/bootstrap.min.css responded 304 in 0.1422 ms
2026-09-29 21:27:47.303 +03:00 [INF] HTTP GET /css/site.css responded 304 in 0.1490 ms
2026-09-29 21:27:47.303 +03:00 [INF] HTTP GET /Biktal.WebMVC.styles.css responded 304 in 0.1809 ms
2026-09-29 21:27:47.303 +03:00 [INF] HTTP GET /lib/bootstrap/dist/js/bootstrap.bundle.min.js responded 304 in 0.0805 ms
2026-09-29 21:27:47.303 +03:00 [INF] HTTP GET /lib/jquery/dist/jquery.min.js responded 304 in 0.0879 ms
2026-09-29 21:27:47.304 +03:00 [INF] HTTP GET /js/site.js responded 304 in 0.0887 ms
2026-09-29 21:27:58.560 +03:00 [INF] HTTP GET /Insights/Monthly responded 200 in 17.0032 ms
2026-09-29 21:27:58.620 +03:00 [INF] HTTP GET /lib/bootstrap/dist/css/bootstrap.min.css responded 200 in 1.2129 ms
2026-09-29 21:27:58.631 +03:00 [INF] HTTP GET /css/site.css responded 304 in 0.2510 ms
2026-09-29 21:27:58.631 +03:00 [INF] HTTP GET /Biktal.WebMVC.styles.css responded 304 in 0.1751 ms
2026-09-29 21:27:58.632 +03:00 [INF] HTTP GET /lib/bootstrap/dist/js/bootstrap.bundle.min.js responded 304 in 0.0981 ms
2026-09-29 21:27:58.631 +03:00 [INF] HTTP GET /lib/jquery/dist/jquery.min.js responded 304 in 0.0687 ms
2026-09-29 21:27:58.636 +03:00 [INF] HTTP GET /js/site.js responded 304 in 0.1161 ms
2026-09-29 21:28:10.031 +03:00 [INF] HTTP GET /Finance responded 200 in 9.8083 ms
2026-09-29 21:28:10.093 +03:00 [INF] HTTP GET /lib/bootstrap/dist/css/bootstrap.min.css responded 200 in 1.2747 ms
2026-09-29 21:28:10.111 +03:00 [INF] HTTP GET /css/site.css responded 304 in 0.6830 ms
2026-09-29 21:28:10.111 +03:00 [INF] HTTP GET /lib/jquery/dist/jquery.min.js responded 304 in 0.1438 ms
2026-09-29 21:28:10.111 +03:00 [INF] HTTP GET /lib/bootstrap/dist/js/bootstrap.bundle.min.js responded 304 in 0.0905 ms
2026-09-29 21:28:10.112 +03:00 [INF] HTTP GET /Biktal.WebMVC.styles.css responded 304 in 0.1150 ms
2026-09-29 21:28:10.113 +03:00 [INF] HTTP GET /js/site.js responded 304 in 0.1764 ms
2026-09-29 21:28:11.300 +03:00 [INF] HTTP GET /Finance/Expenses responded 200 in 55.7263 ms
2026-09-29 21:28:11.356 +03:00 [INF] HTTP GET /lib/bootstrap/dist/css/bootstrap.min.css responded 304 in 0.1198 ms
2026-09-29 21:28:11.368 +03:00 [INF] HTTP GET /css/site.css responded 304 in 0.1162 ms
2026-09-29 21:28:11.369 +03:00 [INF] HTTP GET /Biktal.WebMVC.styles.css responded 304 in 0.1220 ms
2026-09-29 21:28:11.371 +03:00 [INF] HTTP GET /lib/jquery/dist/jquery.min.js responded 304 in 0.1638 ms
2026-09-29 21:28:11.371 +03:00 [INF] HTTP GET /lib/bootstrap/dist/js/bootstrap.bundle.min.js responded 304 in 0.0965 ms
2026-09-29 21:28:11.373 +03:00 [INF] HTTP GET /js/site.js responded 304 in 0.1483 ms
2026-09-29 21:28:11.376 +03:00 [INF] HTTP GET /lib/jquery-validation/dist/jquery.validate.min.js responded 200 in 0.9087 ms
2026-09-29 21:28:11.379 +03:00 [INF] HTTP GET /lib/jquery-validation-unobtrusive/dist/jquery.validate.unobtrusive.min.js responded 200 in 1.7570 ms
2026-09-29 21:28:13.831 +03:00 [INF] HTTP GET /Insights responded 302 in 0.4707 ms
2026-09-29 21:28:13.860 +03:00 [INF] HTTP GET /Insights/Daily responded 200 in 15.5691 ms
2026-09-29 21:28:13.931 +03:00 [INF] HTTP GET /lib/bootstrap/dist/css/bootstrap.min.css responded 304 in 0.1613 ms
2026-09-29 21:28:13.934 +03:00 [INF] HTTP GET /css/site.css responded 304 in 0.1406 ms
2026-09-29 21:28:13.935 +03:00 [INF] HTTP GET /Biktal.WebMVC.styles.css responded 304 in 0.1478 ms
2026-09-29 21:28:13.937 +03:00 [INF] HTTP GET /lib/jquery/dist/jquery.min.js responded 304 in 0.1333 ms
2026-09-29 21:28:13.938 +03:00 [INF] HTTP GET /lib/bootstrap/dist/js/bootstrap.bundle.min.js responded 304 in 0.8068 ms
2026-09-29 21:28:13.938 +03:00 [INF] HTTP GET /js/site.js responded 304 in 0.1007 ms
2026-09-29 21:28:15.803 +03:00 [INF] HTTP GET /Operations responded 200 in 16.7291 ms
2026-09-29 21:28:15.863 +03:00 [INF] HTTP GET /lib/bootstrap/dist/css/bootstrap.min.css responded 304 in 0.1120 ms
2026-09-29 21:28:15.878 +03:00 [INF] HTTP GET /css/site.css responded 304 in 0.2805 ms
2026-09-29 21:28:15.878 +03:00 [INF] HTTP GET /Biktal.WebMVC.styles.css responded 304 in 0.1797 ms
2026-09-29 21:28:15.881 +03:00 [INF] HTTP GET /lib/jquery/dist/jquery.min.js responded 304 in 1.2717 ms
2026-09-29 21:28:15.881 +03:00 [INF] HTTP GET /lib/bootstrap/dist/js/bootstrap.bundle.min.js responded 304 in 0.1455 ms
2026-09-29 21:28:15.882 +03:00 [INF] HTTP GET /js/site.js responded 304 in 0.1201 ms
2026-09-29 21:28:17.166 +03:00 [INF] HTTP GET /Crm responded 200 in 8.5918 ms
2026-09-29 21:28:17.222 +03:00 [INF] HTTP GET /lib/bootstrap/dist/css/bootstrap.min.css responded 304 in 0.1217 ms
2026-09-29 21:28:17.236 +03:00 [INF] HTTP GET /css/site.css responded 304 in 0.1216 ms
2026-09-29 21:28:17.237 +03:00 [INF] HTTP GET /Biktal.WebMVC.styles.css responded 304 in 0.0791 ms
2026-09-29 21:28:17.237 +03:00 [INF] HTTP GET /lib/jquery/dist/jquery.min.js responded 304 in 0.1342 ms
2026-09-29 21:28:17.238 +03:00 [INF] HTTP GET /lib/bootstrap/dist/js/bootstrap.bundle.min.js responded 304 in 0.0812 ms
2026-09-29 21:28:17.242 +03:00 [INF] HTTP GET /js/site.js responded 304 in 0.1479 ms
2026-09-29 21:28:17.754 +03:00 [INF] HTTP GET /Insights responded 302 in 0.8452 ms
2026-09-29 21:28:17.770 +03:00 [INF] HTTP GET /Insights/Daily responded 200 in 8.5907 ms
2026-09-29 21:28:17.828 +03:00 [INF] HTTP GET /lib/bootstrap/dist/css/bootstrap.min.css responded 304 in 0.1621 ms
2026-09-29 21:28:17.838 +03:00 [INF] HTTP GET /css/site.css responded 304 in 0.1781 ms
2026-09-29 21:28:17.839 +03:00 [INF] HTTP GET /Biktal.WebMVC.styles.css responded 304 in 0.2209 ms
2026-09-29 21:28:17.840 +03:00 [INF] HTTP GET /lib/jquery/dist/jquery.min.js responded 304 in 0.1122 ms
2026-09-29 21:28:17.840 +03:00 [INF] HTTP GET /lib/bootstrap/dist/js/bootstrap.bundle.min.js responded 304 in 0.0995 ms
2026-09-29 21:28:17.840 +03:00 [INF] HTTP GET /js/site.js responded 304 in 0.0944 ms
2026-09-29 21:28:20.250 +03:00 [INF] HTTP GET /Insights/Monthly responded 200 in 19.1508 ms
2026-09-29 21:28:20.310 +03:00 [INF] HTTP GET /lib/bootstrap/dist/css/bootstrap.min.css responded 304 in 0.1223 ms
2026-09-29 21:28:20.323 +03:00 [INF] HTTP GET /Biktal.WebMVC.styles.css responded 304 in 0.4759 ms
2026-09-29 21:28:20.323 +03:00 [INF] HTTP GET /lib/jquery/dist/jquery.min.js responded 304 in 0.1051 ms
2026-09-29 21:28:20.324 +03:00 [INF] HTTP GET /lib/bootstrap/dist/js/bootstrap.bundle.min.js responded 304 in 0.1587 ms
2026-09-29 21:28:20.324 +03:00 [INF] HTTP GET /js/site.js responded 304 in 0.1143 ms
2026-09-29 21:28:20.325 +03:00 [INF] HTTP GET /css/site.css responded 304 in 0.0901 ms
