2026-07-02 09:15:47.976 +03:00 [ERR] Failed executing DbCommand (45ms) [Parameters=[@p0='?' (DbType = Guid), @p1='?' (DbType = DateTime), @p2='?' (DbType = Guid), @p3='?', @p4='?' (DbType = DateTime), @p5='?' (DbType = Int32), @p6='?' (DbType = Int32), @p7='?', @p8='?', @p9='?' (DbType = Guid), @p10='?' (DbType = DateTime), @p11='?' (DbType = Guid), @p12='?', @p13='?' (DbType = DateTime), @p14='?' (DbType = Int32), @p15='?' (DbType = Int32), @p16='?', @p17='?'], CommandType='"Text"', CommandTimeout='30']
INSERT INTO "CrmSupportTickets" ("Id", "CreatedAtUtc", "CustomerId", "Description", "ModifiedAtUtc", "Priority", "Status", "Subject", "TicketNumber")
VALUES (@p0, @p1, @p2, @p3, @p4, @p5, @p6, @p7, @p8);
INSERT INTO "CrmSupportTickets" ("Id", "CreatedAtUtc", "CustomerId", "Description", "ModifiedAtUtc", "Priority", "Status", "Subject", "TicketNumber")
VALUES (@p9, @p10, @p11, @p12, @p13, @p14, @p15, @p16, @p17);
2026-07-02 09:15:48.087 +03:00 [ERR] An exception occurred in the database while saving changes for context type 'Biktal.Infrastructure.Persistence.ApplicationDbContext'.
Microsoft.EntityFrameworkCore.DbUpdateException: An error occurred while saving the entity changes. See the inner exception for details.
 ---> Npgsql.PostgresException (0x80004005): 23503: insert or update on table "CrmSupportTickets" violates foreign key constraint "FK_CrmSupportTickets_CrmCustomers_CustomerId"

DETAIL: Detail redacted as it may contain sensitive data. Specify 'Include Error Detail' in the connection string to include this information.
   at Npgsql.Internal.NpgsqlConnector.ReadMessageLong(Boolean async, DataRowLoadingMode dataRowLoadingMode, Boolean readingNotifications, Boolean isReadingPrependedMessage)
   at System.Runtime.CompilerServices.PoolingAsyncValueTaskMethodBuilder`1.StateMachineBox`1.System.Threading.Tasks.Sources.IValueTaskSource<TResult>.GetResult(Int16 token)
   at Npgsql.NpgsqlDataReader.NextResult(Boolean async, Boolean isConsuming, CancellationToken cancellationToken)
   at Npgsql.NpgsqlDataReader.NextResult(Boolean async, Boolean isConsuming, CancellationToken cancellationToken)
   at Npgsql.NpgsqlCommand.ExecuteReader(Boolean async, CommandBehavior behavior, CancellationToken cancellationToken)
   at Npgsql.NpgsqlCommand.ExecuteReader(Boolean async, CommandBehavior behavior, CancellationToken cancellationToken)
   at Npgsql.NpgsqlCommand.ExecuteDbDataReaderAsync(CommandBehavior behavior, CancellationToken cancellationToken)
   at Microsoft.EntityFrameworkCore.Storage.RelationalCommand.ExecuteReaderAsync(RelationalCommandParameterObject parameterObject, CancellationToken cancellationToken)
   at Microsoft.EntityFrameworkCore.Storage.RelationalCommand.ExecuteReaderAsync(RelationalCommandParameterObject parameterObject, CancellationToken cancellationToken)
   at Microsoft.EntityFrameworkCore.Update.ReaderModificationCommandBatch.ExecuteAsync(IRelationalConnection connection, CancellationToken cancellationToken)
  Exception data:
    Severity: ERROR
    SqlState: 23503
    MessageText: insert or update on table "CrmSupportTickets" violates foreign key constraint "FK_CrmSupportTickets_CrmCustomers_CustomerId"
    Detail: Detail redacted as it may contain sensitive data. Specify 'Include Error Detail' in the connection string to include this information.
    SchemaName: public
    TableName: CrmSupportTickets
    ConstraintName: FK_CrmSupportTickets_CrmCustomers_CustomerId
    File: ri_triggers.c
    Line: 2783
    Routine: ri_ReportViolation
   --- End of inner exception stack trace ---
   at Microsoft.EntityFrameworkCore.Update.ReaderModificationCommandBatch.ExecuteAsync(IRelationalConnection connection, CancellationToken cancellationToken)
   at Microsoft.EntityFrameworkCore.Update.Internal.BatchExecutor.ExecuteAsync(IEnumerable`1 commandBatches, IRelationalConnection connection, CancellationToken cancellationToken)
   at Microsoft.EntityFrameworkCore.Update.Internal.BatchExecutor.ExecuteAsync(IEnumerable`1 commandBatches, IRelationalConnection connection, CancellationToken cancellationToken)
   at Microsoft.EntityFrameworkCore.Update.Internal.BatchExecutor.ExecuteAsync(IEnumerable`1 commandBatches, IRelationalConnection connection, CancellationToken cancellationToken)
   at Microsoft.EntityFrameworkCore.Storage.RelationalDatabase.SaveChangesAsync(IList`1 entries, CancellationToken cancellationToken)
   at Microsoft.EntityFrameworkCore.ChangeTracking.Internal.StateManager.SaveChangesAsync(IList`1 entriesToSave, CancellationToken cancellationToken)
   at Microsoft.EntityFrameworkCore.ChangeTracking.Internal.StateManager.SaveChangesAsync(StateManager stateManager, Boolean acceptAllChangesOnSuccess, CancellationToken cancellationToken)
   at Npgsql.EntityFrameworkCore.PostgreSQL.Storage.Internal.NpgsqlExecutionStrategy.ExecuteAsync[TState,TResult](TState state, Func`4 operation, Func`4 verifySucceeded, CancellationToken cancellationToken)
   at Microsoft.EntityFrameworkCore.DbContext.SaveChangesAsync(Boolean acceptAllChangesOnSuccess, CancellationToken cancellationToken)
Microsoft.EntityFrameworkCore.DbUpdateException: An error occurred while saving the entity changes. See the inner exception for details.
 ---> Npgsql.PostgresException (0x80004005): 23503: insert or update on table "CrmSupportTickets" violates foreign key constraint "FK_CrmSupportTickets_CrmCustomers_CustomerId"

DETAIL: Detail redacted as it may contain sensitive data. Specify 'Include Error Detail' in the connection string to include this information.
   at Npgsql.Internal.NpgsqlConnector.ReadMessageLong(Boolean async, DataRowLoadingMode dataRowLoadingMode, Boolean readingNotifications, Boolean isReadingPrependedMessage)
   at System.Runtime.CompilerServices.PoolingAsyncValueTaskMethodBuilder`1.StateMachineBox`1.System.Threading.Tasks.Sources.IValueTaskSource<TResult>.GetResult(Int16 token)
   at Npgsql.NpgsqlDataReader.NextResult(Boolean async, Boolean isConsuming, CancellationToken cancellationToken)
   at Npgsql.NpgsqlDataReader.NextResult(Boolean async, Boolean isConsuming, CancellationToken cancellationToken)
   at Npgsql.NpgsqlCommand.ExecuteReader(Boolean async, CommandBehavior behavior, CancellationToken cancellationToken)
   at Npgsql.NpgsqlCommand.ExecuteReader(Boolean async, CommandBehavior behavior, CancellationToken cancellationToken)
   at Npgsql.NpgsqlCommand.ExecuteDbDataReaderAsync(CommandBehavior behavior, CancellationToken cancellationToken)
   at Microsoft.EntityFrameworkCore.Storage.RelationalCommand.ExecuteReaderAsync(RelationalCommandParameterObject parameterObject, CancellationToken cancellationToken)
   at Microsoft.EntityFrameworkCore.Storage.RelationalCommand.ExecuteReaderAsync(RelationalCommandParameterObject parameterObject, CancellationToken cancellationToken)
   at Microsoft.EntityFrameworkCore.Update.ReaderModificationCommandBatch.ExecuteAsync(IRelationalConnection connection, CancellationToken cancellationToken)
  Exception data:
    Severity: ERROR
    SqlState: 23503
    MessageText: insert or update on table "CrmSupportTickets" violates foreign key constraint "FK_CrmSupportTickets_CrmCustomers_CustomerId"
    Detail: Detail redacted as it may contain sensitive data. Specify 'Include Error Detail' in the connection string to include this information.
    SchemaName: public
    TableName: CrmSupportTickets
    ConstraintName: FK_CrmSupportTickets_CrmCustomers_CustomerId
    File: ri_triggers.c
    Line: 2783
    Routine: ri_ReportViolation
   --- End of inner exception stack trace ---
   at Microsoft.EntityFrameworkCore.Update.ReaderModificationCommandBatch.ExecuteAsync(IRelationalConnection connection, CancellationToken cancellationToken)
   at Microsoft.EntityFrameworkCore.Update.Internal.BatchExecutor.ExecuteAsync(IEnumerable`1 commandBatches, IRelationalConnection connection, CancellationToken cancellationToken)
   at Microsoft.EntityFrameworkCore.Update.Internal.BatchExecutor.ExecuteAsync(IEnumerable`1 commandBatches, IRelationalConnection connection, CancellationToken cancellationToken)
   at Microsoft.EntityFrameworkCore.Update.Internal.BatchExecutor.ExecuteAsync(IEnumerable`1 commandBatches, IRelationalConnection connection, CancellationToken cancellationToken)
   at Microsoft.EntityFrameworkCore.Storage.RelationalDatabase.SaveChangesAsync(IList`1 entries, CancellationToken cancellationToken)
   at Microsoft.EntityFrameworkCore.ChangeTracking.Internal.StateManager.SaveChangesAsync(IList`1 entriesToSave, CancellationToken cancellationToken)
   at Microsoft.EntityFrameworkCore.ChangeTracking.Internal.StateManager.SaveChangesAsync(StateManager stateManager, Boolean acceptAllChangesOnSuccess, CancellationToken cancellationToken)
   at Npgsql.EntityFrameworkCore.PostgreSQL.Storage.Internal.NpgsqlExecutionStrategy.ExecuteAsync[TState,TResult](TState state, Func`4 operation, Func`4 verifySucceeded, CancellationToken cancellationToken)
   at Microsoft.EntityFrameworkCore.DbContext.SaveChangesAsync(Boolean acceptAllChangesOnSuccess, CancellationToken cancellationToken)
2026-07-02 09:15:48.095 +03:00 [ERR] Database migration or seed failed. Check PostgreSQL is running and ConnectionStrings:DefaultConnection is correct.
Microsoft.EntityFrameworkCore.DbUpdateException: An error occurred while saving the entity changes. See the inner exception for details.
 ---> Npgsql.PostgresException (0x80004005): 23503: insert or update on table "CrmSupportTickets" violates foreign key constraint "FK_CrmSupportTickets_CrmCustomers_CustomerId"

DETAIL: Detail redacted as it may contain sensitive data. Specify 'Include Error Detail' in the connection string to include this information.
   at Npgsql.Internal.NpgsqlConnector.ReadMessageLong(Boolean async, DataRowLoadingMode dataRowLoadingMode, Boolean readingNotifications, Boolean isReadingPrependedMessage)
   at System.Runtime.CompilerServices.PoolingAsyncValueTaskMethodBuilder`1.StateMachineBox`1.System.Threading.Tasks.Sources.IValueTaskSource<TResult>.GetResult(Int16 token)
   at Npgsql.NpgsqlDataReader.NextResult(Boolean async, Boolean isConsuming, CancellationToken cancellationToken)
   at Npgsql.NpgsqlDataReader.NextResult(Boolean async, Boolean isConsuming, CancellationToken cancellationToken)
   at Npgsql.NpgsqlCommand.ExecuteReader(Boolean async, CommandBehavior behavior, CancellationToken cancellationToken)
   at Npgsql.NpgsqlCommand.ExecuteReader(Boolean async, CommandBehavior behavior, CancellationToken cancellationToken)
   at Npgsql.NpgsqlCommand.ExecuteDbDataReaderAsync(CommandBehavior behavior, CancellationToken cancellationToken)
   at Microsoft.EntityFrameworkCore.Storage.RelationalCommand.ExecuteReaderAsync(RelationalCommandParameterObject parameterObject, CancellationToken cancellationToken)
   at Microsoft.EntityFrameworkCore.Storage.RelationalCommand.ExecuteReaderAsync(RelationalCommandParameterObject parameterObject, CancellationToken cancellationToken)
   at Microsoft.EntityFrameworkCore.Update.ReaderModificationCommandBatch.ExecuteAsync(IRelationalConnection connection, CancellationToken cancellationToken)
  Exception data:
    Severity: ERROR
    SqlState: 23503
    MessageText: insert or update on table "CrmSupportTickets" violates foreign key constraint "FK_CrmSupportTickets_CrmCustomers_CustomerId"
    Detail: Detail redacted as it may contain sensitive data. Specify 'Include Error Detail' in the connection string to include this information.
    SchemaName: public
    TableName: CrmSupportTickets
    ConstraintName: FK_CrmSupportTickets_CrmCustomers_CustomerId
    File: ri_triggers.c
    Line: 2783
    Routine: ri_ReportViolation
   --- End of inner exception stack trace ---
   at Microsoft.EntityFrameworkCore.Update.ReaderModificationCommandBatch.ExecuteAsync(IRelationalConnection connection, CancellationToken cancellationToken)
   at Microsoft.EntityFrameworkCore.Update.Internal.BatchExecutor.ExecuteAsync(IEnumerable`1 commandBatches, IRelationalConnection connection, CancellationToken cancellationToken)
   at Microsoft.EntityFrameworkCore.Update.Internal.BatchExecutor.ExecuteAsync(IEnumerable`1 commandBatches, IRelationalConnection connection, CancellationToken cancellationToken)
   at Microsoft.EntityFrameworkCore.Update.Internal.BatchExecutor.ExecuteAsync(IEnumerable`1 commandBatches, IRelationalConnection connection, CancellationToken cancellationToken)
   at Microsoft.EntityFrameworkCore.Storage.RelationalDatabase.SaveChangesAsync(IList`1 entries, CancellationToken cancellationToken)
   at Microsoft.EntityFrameworkCore.ChangeTracking.Internal.StateManager.SaveChangesAsync(IList`1 entriesToSave, CancellationToken cancellationToken)
   at Microsoft.EntityFrameworkCore.ChangeTracking.Internal.StateManager.SaveChangesAsync(StateManager stateManager, Boolean acceptAllChangesOnSuccess, CancellationToken cancellationToken)
   at Npgsql.EntityFrameworkCore.PostgreSQL.Storage.Internal.NpgsqlExecutionStrategy.ExecuteAsync[TState,TResult](TState state, Func`4 operation, Func`4 verifySucceeded, CancellationToken cancellationToken)
   at Microsoft.EntityFrameworkCore.DbContext.SaveChangesAsync(Boolean acceptAllChangesOnSuccess, CancellationToken cancellationToken)
   at Microsoft.EntityFrameworkCore.DbContext.SaveChangesAsync(Boolean acceptAllChangesOnSuccess, CancellationToken cancellationToken)
   at Biktal.Infrastructure.Persistence.CrmDataSeeder.SeedIfEmptyAsync(ApplicationDbContext db, CancellationToken cancellationToken)
   at Program.<Main>$(String[] args) in d:\Systems\BiktalSystems\Program.cs:line 71
2026-07-02 09:15:48.120 +03:00 [WRN] Continuing without a successful migration/seed. Auth and data pages may fail until the database is available.
2026-07-02 09:15:48.162 +03:00 [WRN] Using an in-memory repository. Keys will not be persisted to storage.
2026-07-02 09:15:48.163 +03:00 [WRN] Neither user profile nor HKLM registry available. Using an ephemeral key repository. Protected data will be unavailable when application exits.
2026-07-02 09:15:48.199 +03:00 [WRN] No XML encryptor configured. Key {19ed7dfd-90c0-4deb-bc82-762393166aee} may be persisted to storage in unencrypted form.
2026-07-02 09:15:48.272 +03:00 [INF] Application started. Press Ctrl+C to shut down.
2026-07-02 09:15:48.273 +03:00 [INF] Hosting environment: Production
2026-07-02 09:15:48.273 +03:00 [INF] Content root path: D:\Systems\BiktalSystems\publish
2026-07-02 09:15:48.563 +03:00 [ERR] An exception was thrown while deserializing the token.
Microsoft.AspNetCore.Antiforgery.AntiforgeryValidationException: The antiforgery token could not be decrypted.
 ---> System.Security.Cryptography.CryptographicException: The key {bc9facf8-44a8-4d09-a6ab-fff8c5b0c9da} was not found in the key ring. For more information go to https://aka.ms/aspnet/dataprotectionwarning
   at Microsoft.AspNetCore.DataProtection.KeyManagement.KeyRingBasedDataProtector.UnprotectCore(Byte[] protectedData, Boolean allowOperationsOnRevokedKeys, UnprotectStatus& status)
   at Microsoft.AspNetCore.DataProtection.KeyManagement.KeyRingBasedDataProtector.Unprotect(Byte[] protectedData)
   at Microsoft.AspNetCore.Antiforgery.DefaultAntiforgeryTokenSerializer.Deserialize(String serializedToken)
   --- End of inner exception stack trace ---
   at Microsoft.AspNetCore.Antiforgery.DefaultAntiforgeryTokenSerializer.Deserialize(String serializedToken)
   at Microsoft.AspNetCore.Antiforgery.DefaultAntiforgery.GetCookieTokenDoesNotThrow(HttpContext httpContext)
2026-07-02 09:15:48.787 +03:00 [INF] HTTP GET /Account/Login responded 200 in 476.6399 ms
2026-07-02 09:15:49.038 +03:00 [INF] HTTP GET /lib/jquery-validation/dist/jquery.validate.min.js responded 200 in 144.4573 ms
2026-07-02 09:15:49.042 +03:00 [INF] HTTP GET /Biktal.WebMVC.styles.css responded 200 in 160.8542 ms
2026-07-02 09:15:49.043 +03:00 [INF] HTTP GET /css/site.css responded 200 in 166.8597 ms
2026-07-02 09:15:49.044 +03:00 [INF] HTTP GET /lib/bootstrap/dist/js/bootstrap.bundle.min.js responded 200 in 161.9941 ms
2026-07-02 09:15:49.050 +03:00 [INF] HTTP GET /js/site.js responded 200 in 155.4618 ms
2026-07-02 09:15:49.052 +03:00 [INF] HTTP GET /lib/bootstrap/dist/css/bootstrap.min.css responded 200 in 179.9625 ms
2026-07-02 09:15:49.071 +03:00 [INF] HTTP GET /lib/jquery/dist/jquery.min.js responded 200 in 193.1983 ms
2026-07-02 09:15:49.072 +03:00 [INF] HTTP GET /lib/jquery-validation-unobtrusive/dist/jquery.validate.unobtrusive.min.js responded 200 in 136.9147 ms
2026-07-02 09:16:21.874 +03:00 [INF] HTTP POST /Account/Login responded 302 in 681.7459 ms
2026-07-02 09:16:22.375 +03:00 [INF] HTTP GET /Inventory/Products responded 200 in 491.9178 ms
2026-07-02 09:16:22.380 +03:00 [INF] HTTP GET /css/site.css responded 200 in 5.0172 ms
2026-07-02 09:16:22.380 +03:00 [INF] HTTP GET /Biktal.WebMVC.styles.css responded 200 in 3.2399 ms
2026-07-02 09:16:22.382 +03:00 [INF] HTTP GET /lib/bootstrap/dist/css/bootstrap.min.css responded 200 in 6.5227 ms
2026-07-02 09:16:23.259 +03:00 [INF] HTTP GET /lib/jquery/dist/jquery.min.js responded 200 in 55.8771 ms
2026-07-02 09:16:23.270 +03:00 [INF] HTTP GET /js/site.js responded 200 in 23.1514 ms
2026-07-02 09:16:23.274 +03:00 [INF] HTTP GET /lib/jquery-validation/dist/jquery.validate.min.js responded 200 in 25.9700 ms
2026-07-02 09:16:23.275 +03:00 [INF] HTTP GET /lib/jquery-validation-unobtrusive/dist/jquery.validate.unobtrusive.min.js responded 200 in 15.7318 ms
2026-07-02 09:16:23.338 +03:00 [INF] HTTP GET /js/products-catalog-filter.js responded 200 in 28.9107 ms
2026-07-02 09:16:23.429 +03:00 [INF] HTTP GET /lib/bootstrap/dist/js/bootstrap.bundle.min.js responded 200 in 158.0819 ms
2026-07-02 09:16:28.963 +03:00 [INF] HTTP GET /Finance responded 200 in 166.7754 ms
2026-07-02 09:16:29.027 +03:00 [INF] HTTP GET /lib/bootstrap/dist/css/bootstrap.min.css responded 304 in 8.0815 ms
2026-07-02 09:16:29.028 +03:00 [INF] HTTP GET /css/site.css responded 304 in 1.5173 ms
2026-07-02 09:16:29.029 +03:00 [INF] HTTP GET /js/site.js responded 304 in 0.8449 ms
2026-07-02 09:16:29.029 +03:00 [INF] HTTP GET /Biktal.WebMVC.styles.css responded 304 in 0.6000 ms
2026-07-02 09:16:29.030 +03:00 [INF] HTTP GET /lib/jquery/dist/jquery.min.js responded 304 in 1.4016 ms
2026-07-02 09:16:29.030 +03:00 [INF] HTTP GET /lib/bootstrap/dist/js/bootstrap.bundle.min.js responded 304 in 0.5995 ms
2026-07-02 09:16:35.664 +03:00 [INF] HTTP GET /Finance/Expenses responded 200 in 105.5301 ms
2026-07-02 09:16:35.737 +03:00 [INF] HTTP GET /lib/bootstrap/dist/css/bootstrap.min.css responded 200 in 4.3947 ms
2026-07-02 09:16:35.741 +03:00 [INF] HTTP GET /css/site.css responded 304 in 1.2129 ms
2026-07-02 09:16:35.745 +03:00 [INF] HTTP GET /Biktal.WebMVC.styles.css responded 304 in 1.6788 ms
2026-07-02 09:16:35.749 +03:00 [INF] HTTP GET /lib/jquery/dist/jquery.min.js responded 304 in 3.8210 ms
2026-07-02 09:16:35.750 +03:00 [INF] HTTP GET /lib/bootstrap/dist/js/bootstrap.bundle.min.js responded 304 in 0.9928 ms
2026-07-02 09:16:35.759 +03:00 [INF] HTTP GET /js/site.js responded 304 in 0.9876 ms
2026-07-02 09:16:35.760 +03:00 [INF] HTTP GET /lib/jquery-validation/dist/jquery.validate.min.js responded 304 in 0.7272 ms
2026-07-02 09:16:35.760 +03:00 [INF] HTTP GET /lib/jquery-validation-unobtrusive/dist/jquery.validate.unobtrusive.min.js responded 304 in 0.6884 ms
2026-07-02 09:16:37.188 +03:00 [INF] HTTP GET /Finance/Cashbox responded 200 in 263.7850 ms
2026-07-02 09:16:37.245 +03:00 [INF] HTTP GET /css/site.css responded 304 in 0.6486 ms
2026-07-02 09:16:37.247 +03:00 [INF] HTTP GET /lib/jquery/dist/jquery.min.js responded 304 in 0.9467 ms
2026-07-02 09:16:37.247 +03:00 [INF] HTTP GET /lib/bootstrap/dist/css/bootstrap.min.css responded 200 in 2.7717 ms
2026-07-02 09:16:37.248 +03:00 [INF] HTTP GET /js/site.js responded 304 in 0.5601 ms
2026-07-02 09:16:37.248 +03:00 [INF] HTTP GET /lib/jquery-validation-unobtrusive/dist/jquery.validate.unobtrusive.min.js responded 304 in 0.5125 ms
2026-07-02 09:16:37.248 +03:00 [INF] HTTP GET /lib/jquery-validation/dist/jquery.validate.min.js responded 304 in 0.5601 ms
2026-07-02 09:16:37.249 +03:00 [INF] HTTP GET /Biktal.WebMVC.styles.css responded 304 in 0.7529 ms
2026-07-02 09:16:37.252 +03:00 [INF] HTTP GET /lib/bootstrap/dist/js/bootstrap.bundle.min.js responded 304 in 1.3883 ms
2026-07-02 09:16:38.397 +03:00 [INF] HTTP GET /Finance/Expenses responded 200 in 18.6699 ms
2026-07-02 09:16:38.461 +03:00 [INF] HTTP GET /lib/bootstrap/dist/css/bootstrap.min.css responded 304 in 1.0038 ms
2026-07-02 09:16:38.464 +03:00 [INF] HTTP GET /css/site.css responded 304 in 1.8902 ms
2026-07-02 09:16:38.465 +03:00 [INF] HTTP GET /Biktal.WebMVC.styles.css responded 304 in 0.6389 ms
2026-07-02 09:16:38.465 +03:00 [INF] HTTP GET /lib/jquery/dist/jquery.min.js responded 304 in 0.7777 ms
2026-07-02 09:16:38.470 +03:00 [INF] HTTP GET /lib/bootstrap/dist/js/bootstrap.bundle.min.js responded 304 in 0.9316 ms
2026-07-02 09:16:38.472 +03:00 [INF] HTTP GET /js/site.js responded 304 in 1.3205 ms
2026-07-02 09:16:38.476 +03:00 [INF] HTTP GET /lib/jquery-validation/dist/jquery.validate.min.js responded 304 in 1.3537 ms
2026-07-02 09:16:38.477 +03:00 [INF] HTTP GET /lib/jquery-validation-unobtrusive/dist/jquery.validate.unobtrusive.min.js responded 304 in 0.6599 ms
2026-07-02 09:17:04.104 +03:00 [INF] HTTP GET /lib/bootstrap/dist/css/bootstrap.min.css responded 200 in 2.3608 ms
2026-07-02 09:17:04.106 +03:00 [INF] HTTP GET /css/site.css responded 304 in 1.0721 ms
2026-07-02 09:17:04.112 +03:00 [INF] HTTP GET /Biktal.WebMVC.styles.css responded 304 in 0.8608 ms
2026-07-02 09:17:04.613 +03:00 [INF] HTTP GET /lib/bootstrap/dist/js/bootstrap.bundle.min.js.map responded 200 in 28.9735 ms
2026-07-02 09:17:04.670 +03:00 [INF] HTTP GET /lib/bootstrap/dist/css/bootstrap.min.css.map responded 200 in 18.0242 ms
2026-07-02 09:17:48.951 +03:00 [INF] HTTP POST /Finance/CreateExpense responded 302 in 109.1999 ms
2026-07-02 09:17:48.969 +03:00 [INF] HTTP GET /Finance/Expenses responded 200 in 9.3457 ms
2026-07-02 09:17:49.057 +03:00 [INF] HTTP GET /lib/bootstrap/dist/css/bootstrap.min.css responded 200 in 2.4477 ms
2026-07-02 09:17:49.059 +03:00 [INF] HTTP GET /Biktal.WebMVC.styles.css responded 200 in 1.4242 ms
2026-07-02 09:17:49.061 +03:00 [INF] HTTP GET /lib/jquery/dist/jquery.min.js responded 200 in 1.3842 ms
2026-07-02 09:17:49.065 +03:00 [INF] HTTP GET /css/site.css responded 200 in 3.5023 ms
2026-07-02 09:17:49.067 +03:00 [INF] HTTP GET /lib/bootstrap/dist/js/bootstrap.bundle.min.js responded 200 in 1.3155 ms
2026-07-02 09:17:49.071 +03:00 [INF] HTTP GET /lib/jquery-validation/dist/jquery.validate.min.js responded 200 in 4.2532 ms
2026-07-02 09:17:49.074 +03:00 [INF] HTTP GET /js/site.js responded 200 in 2.2988 ms
2026-07-02 09:17:49.078 +03:00 [INF] HTTP GET /lib/jquery-validation-unobtrusive/dist/jquery.validate.unobtrusive.min.js responded 200 in 1.9854 ms
2026-07-02 09:18:59.731 +03:00 [INF] HTTP GET /Finance/Cashbox responded 200 in 20.3380 ms
2026-07-02 09:18:59.800 +03:00 [INF] HTTP GET /lib/bootstrap/dist/css/bootstrap.min.css responded 200 in 3.2717 ms
2026-07-02 09:18:59.804 +03:00 [INF] HTTP GET /Biktal.WebMVC.styles.css responded 200 in 1.9522 ms
2026-07-02 09:18:59.804 +03:00 [INF] HTTP GET /lib/jquery/dist/jquery.min.js responded 200 in 1.1003 ms
2026-07-02 09:18:59.806 +03:00 [INF] HTTP GET /css/site.css responded 200 in 1.6585 ms
2026-07-02 09:18:59.807 +03:00 [INF] HTTP GET /js/site.js responded 200 in 0.9988 ms
2026-07-02 09:18:59.807 +03:00 [INF] HTTP GET /lib/jquery-validation/dist/jquery.validate.min.js responded 200 in 0.9549 ms
2026-07-02 09:18:59.813 +03:00 [INF] HTTP GET /lib/bootstrap/dist/js/bootstrap.bundle.min.js responded 200 in 1.1545 ms
2026-07-02 09:18:59.814 +03:00 [INF] HTTP GET /lib/jquery-validation-unobtrusive/dist/jquery.validate.unobtrusive.min.js responded 200 in 1.4643 ms
2026-07-02 09:24:54.350 +03:00 [INF] HTTP POST /Finance/OpenCashboxSession responded 302 in 160.4462 ms
2026-07-02 09:24:54.463 +03:00 [INF] HTTP GET /Finance/Cashbox responded 200 in 100.8002 ms
2026-07-02 09:24:54.536 +03:00 [INF] HTTP GET /css/site.css responded 200 in 3.9482 ms
2026-07-02 09:24:54.537 +03:00 [INF] HTTP GET /lib/bootstrap/dist/css/bootstrap.min.css responded 200 in 0.9103 ms
2026-07-02 09:24:54.544 +03:00 [INF] HTTP GET /Biktal.WebMVC.styles.css responded 200 in 0.8261 ms
2026-07-02 09:24:54.547 +03:00 [INF] HTTP GET /lib/jquery/dist/jquery.min.js responded 200 in 2.0729 ms
2026-07-02 09:24:54.550 +03:00 [INF] HTTP GET /lib/bootstrap/dist/js/bootstrap.bundle.min.js responded 200 in 4.0707 ms
2026-07-02 09:24:54.551 +03:00 [INF] HTTP GET /js/site.js responded 200 in 4.0092 ms
2026-07-02 09:24:54.554 +03:00 [INF] HTTP GET /lib/jquery-validation/dist/jquery.validate.min.js responded 200 in 1.2825 ms
2026-07-02 09:24:54.556 +03:00 [INF] HTTP GET /lib/jquery-validation-unobtrusive/dist/jquery.validate.unobtrusive.min.js responded 200 in 1.4020 ms
2026-07-02 09:25:27.326 +03:00 [INF] HTTP POST /Finance/CloseCashboxSession responded 302 in 48.2535 ms
2026-07-02 09:25:27.344 +03:00 [INF] HTTP GET /Finance/Cashbox responded 200 in 11.6864 ms
2026-07-02 09:25:27.412 +03:00 [INF] HTTP GET /Biktal.WebMVC.styles.css responded 200 in 0.8906 ms
2026-07-02 09:25:27.412 +03:00 [INF] HTTP GET /css/site.css responded 200 in 1.0490 ms
2026-07-02 09:25:27.417 +03:00 [INF] HTTP GET /lib/jquery/dist/jquery.min.js responded 304 in 1.1690 ms
2026-07-02 09:25:27.421 +03:00 [INF] HTTP GET /lib/bootstrap/dist/css/bootstrap.min.css responded 200 in 3.9601 ms
2026-07-02 09:25:27.425 +03:00 [INF] HTTP GET /lib/bootstrap/dist/js/bootstrap.bundle.min.js responded 304 in 2.0681 ms
2026-07-02 09:25:27.428 +03:00 [INF] HTTP GET /js/site.js responded 304 in 1.8930 ms
2026-07-02 09:25:27.432 +03:00 [INF] HTTP GET /lib/jquery-validation/dist/jquery.validate.min.js responded 304 in 0.4715 ms
2026-07-02 09:25:27.432 +03:00 [INF] HTTP GET /lib/jquery-validation-unobtrusive/dist/jquery.validate.unobtrusive.min.js responded 304 in 0.4726 ms
2026-07-02 09:27:31.619 +03:00 [INF] HTTP POST /Finance/OpenCashboxSession responded 302 in 7.2383 ms
2026-07-02 09:27:31.657 +03:00 [INF] HTTP GET /Finance/Cashbox responded 200 in 18.8827 ms
2026-07-02 09:27:31.753 +03:00 [INF] HTTP GET /css/site.css responded 200 in 2.1564 ms
2026-07-02 09:27:31.754 +03:00 [INF] HTTP GET /Biktal.WebMVC.styles.css responded 200 in 1.6013 ms
2026-07-02 09:27:31.756 +03:00 [INF] HTTP GET /lib/bootstrap/dist/css/bootstrap.min.css responded 200 in 1.6130 ms
2026-07-02 09:27:31.757 +03:00 [INF] HTTP GET /js/site.js responded 200 in 0.8627 ms
2026-07-02 09:27:31.757 +03:00 [INF] HTTP GET /lib/bootstrap/dist/js/bootstrap.bundle.min.js responded 200 in 0.7678 ms
2026-07-02 09:27:31.775 +03:00 [INF] HTTP GET /lib/jquery-validation/dist/jquery.validate.min.js responded 200 in 0.8813 ms
2026-07-02 09:27:31.785 +03:00 [INF] HTTP GET /lib/jquery/dist/jquery.min.js responded 200 in 1.0383 ms
2026-07-02 09:27:31.785 +03:00 [INF] HTTP GET /lib/jquery-validation-unobtrusive/dist/jquery.validate.unobtrusive.min.js responded 200 in 1.3772 ms
2026-07-02 09:48:29.096 +03:00 [INF] Application is shutting down...
2026-07-02 10:10:23.758 +03:00 [ERR] Failed executing DbCommand (8ms) [Parameters=[@p0='?' (DbType = Guid), @p1='?' (DbType = DateTime), @p2='?' (DbType = Guid), @p3='?', @p4='?' (DbType = DateTime), @p5='?' (DbType = Int32), @p6='?' (DbType = Int32), @p7='?', @p8='?', @p9='?' (DbType = Guid), @p10='?' (DbType = DateTime), @p11='?' (DbType = Guid), @p12='?', @p13='?' (DbType = DateTime), @p14='?' (DbType = Int32), @p15='?' (DbType = Int32), @p16='?', @p17='?'], CommandType='"Text"', CommandTimeout='30']
INSERT INTO "CrmSupportTickets" ("Id", "CreatedAtUtc", "CustomerId", "Description", "ModifiedAtUtc", "Priority", "Status", "Subject", "TicketNumber")
VALUES (@p0, @p1, @p2, @p3, @p4, @p5, @p6, @p7, @p8);
INSERT INTO "CrmSupportTickets" ("Id", "CreatedAtUtc", "CustomerId", "Description", "ModifiedAtUtc", "Priority", "Status", "Subject", "TicketNumber")
VALUES (@p9, @p10, @p11, @p12, @p13, @p14, @p15, @p16, @p17);
2026-07-02 10:10:23.833 +03:00 [ERR] An exception occurred in the database while saving changes for context type 'Biktal.Infrastructure.Persistence.ApplicationDbContext'.
Microsoft.EntityFrameworkCore.DbUpdateException: An error occurred while saving the entity changes. See the inner exception for details.
 ---> Npgsql.PostgresException (0x80004005): 23503: insert or update on table "CrmSupportTickets" violates foreign key constraint "FK_CrmSupportTickets_CrmCustomers_CustomerId"

DETAIL: Detail redacted as it may contain sensitive data. Specify 'Include Error Detail' in the connection string to include this information.
   at Npgsql.Internal.NpgsqlConnector.ReadMessageLong(Boolean async, DataRowLoadingMode dataRowLoadingMode, Boolean readingNotifications, Boolean isReadingPrependedMessage)
   at System.Runtime.CompilerServices.PoolingAsyncValueTaskMethodBuilder`1.StateMachineBox`1.System.Threading.Tasks.Sources.IValueTaskSource<TResult>.GetResult(Int16 token)
   at Npgsql.NpgsqlDataReader.NextResult(Boolean async, Boolean isConsuming, CancellationToken cancellationToken)
   at Npgsql.NpgsqlDataReader.NextResult(Boolean async, Boolean isConsuming, CancellationToken cancellationToken)
   at Npgsql.NpgsqlCommand.ExecuteReader(Boolean async, CommandBehavior behavior, CancellationToken cancellationToken)
   at Npgsql.NpgsqlCommand.ExecuteReader(Boolean async, CommandBehavior behavior, CancellationToken cancellationToken)
   at Npgsql.NpgsqlCommand.ExecuteDbDataReaderAsync(CommandBehavior behavior, CancellationToken cancellationToken)
   at Microsoft.EntityFrameworkCore.Storage.RelationalCommand.ExecuteReaderAsync(RelationalCommandParameterObject parameterObject, CancellationToken cancellationToken)
   at Microsoft.EntityFrameworkCore.Storage.RelationalCommand.ExecuteReaderAsync(RelationalCommandParameterObject parameterObject, CancellationToken cancellationToken)
   at Microsoft.EntityFrameworkCore.Update.ReaderModificationCommandBatch.ExecuteAsync(IRelationalConnection connection, CancellationToken cancellationToken)
  Exception data:
    Severity: ERROR
    SqlState: 23503
    MessageText: insert or update on table "CrmSupportTickets" violates foreign key constraint "FK_CrmSupportTickets_CrmCustomers_CustomerId"
    Detail: Detail redacted as it may contain sensitive data. Specify 'Include Error Detail' in the connection string to include this information.
    SchemaName: public
    TableName: CrmSupportTickets
    ConstraintName: FK_CrmSupportTickets_CrmCustomers_CustomerId
    File: ri_triggers.c
    Line: 2783
    Routine: ri_ReportViolation
   --- End of inner exception stack trace ---
   at Microsoft.EntityFrameworkCore.Update.ReaderModificationCommandBatch.ExecuteAsync(IRelationalConnection connection, CancellationToken cancellationToken)
   at Microsoft.EntityFrameworkCore.Update.Internal.BatchExecutor.ExecuteAsync(IEnumerable`1 commandBatches, IRelationalConnection connection, CancellationToken cancellationToken)
   at Microsoft.EntityFrameworkCore.Update.Internal.BatchExecutor.ExecuteAsync(IEnumerable`1 commandBatches, IRelationalConnection connection, CancellationToken cancellationToken)
   at Microsoft.EntityFrameworkCore.Update.Internal.BatchExecutor.ExecuteAsync(IEnumerable`1 commandBatches, IRelationalConnection connection, CancellationToken cancellationToken)
   at Microsoft.EntityFrameworkCore.Storage.RelationalDatabase.SaveChangesAsync(IList`1 entries, CancellationToken cancellationToken)
   at Microsoft.EntityFrameworkCore.ChangeTracking.Internal.StateManager.SaveChangesAsync(IList`1 entriesToSave, CancellationToken cancellationToken)
   at Microsoft.EntityFrameworkCore.ChangeTracking.Internal.StateManager.SaveChangesAsync(StateManager stateManager, Boolean acceptAllChangesOnSuccess, CancellationToken cancellationToken)
   at Npgsql.EntityFrameworkCore.PostgreSQL.Storage.Internal.NpgsqlExecutionStrategy.ExecuteAsync[TState,TResult](TState state, Func`4 operation, Func`4 verifySucceeded, CancellationToken cancellationToken)
   at Microsoft.EntityFrameworkCore.DbContext.SaveChangesAsync(Boolean acceptAllChangesOnSuccess, CancellationToken cancellationToken)
Microsoft.EntityFrameworkCore.DbUpdateException: An error occurred while saving the entity changes. See the inner exception for details.
 ---> Npgsql.PostgresException (0x80004005): 23503: insert or update on table "CrmSupportTickets" violates foreign key constraint "FK_CrmSupportTickets_CrmCustomers_CustomerId"

DETAIL: Detail redacted as it may contain sensitive data. Specify 'Include Error Detail' in the connection string to include this information.
   at Npgsql.Internal.NpgsqlConnector.ReadMessageLong(Boolean async, DataRowLoadingMode dataRowLoadingMode, Boolean readingNotifications, Boolean isReadingPrependedMessage)
   at System.Runtime.CompilerServices.PoolingAsyncValueTaskMethodBuilder`1.StateMachineBox`1.System.Threading.Tasks.Sources.IValueTaskSource<TResult>.GetResult(Int16 token)
   at Npgsql.NpgsqlDataReader.NextResult(Boolean async, Boolean isConsuming, CancellationToken cancellationToken)
   at Npgsql.NpgsqlDataReader.NextResult(Boolean async, Boolean isConsuming, CancellationToken cancellationToken)
   at Npgsql.NpgsqlCommand.ExecuteReader(Boolean async, CommandBehavior behavior, CancellationToken cancellationToken)
   at Npgsql.NpgsqlCommand.ExecuteReader(Boolean async, CommandBehavior behavior, CancellationToken cancellationToken)
   at Npgsql.NpgsqlCommand.ExecuteDbDataReaderAsync(CommandBehavior behavior, CancellationToken cancellationToken)
   at Microsoft.EntityFrameworkCore.Storage.RelationalCommand.ExecuteReaderAsync(RelationalCommandParameterObject parameterObject, CancellationToken cancellationToken)
   at Microsoft.EntityFrameworkCore.Storage.RelationalCommand.ExecuteReaderAsync(RelationalCommandParameterObject parameterObject, CancellationToken cancellationToken)
   at Microsoft.EntityFrameworkCore.Update.ReaderModificationCommandBatch.ExecuteAsync(IRelationalConnection connection, CancellationToken cancellationToken)
  Exception data:
    Severity: ERROR
    SqlState: 23503
    MessageText: insert or update on table "CrmSupportTickets" violates foreign key constraint "FK_CrmSupportTickets_CrmCustomers_CustomerId"
    Detail: Detail redacted as it may contain sensitive data. Specify 'Include Error Detail' in the connection string to include this information.
    SchemaName: public
    TableName: CrmSupportTickets
    ConstraintName: FK_CrmSupportTickets_CrmCustomers_CustomerId
    File: ri_triggers.c
    Line: 2783
    Routine: ri_ReportViolation
   --- End of inner exception stack trace ---
   at Microsoft.EntityFrameworkCore.Update.ReaderModificationCommandBatch.ExecuteAsync(IRelationalConnection connection, CancellationToken cancellationToken)
   at Microsoft.EntityFrameworkCore.Update.Internal.BatchExecutor.ExecuteAsync(IEnumerable`1 commandBatches, IRelationalConnection connection, CancellationToken cancellationToken)
   at Microsoft.EntityFrameworkCore.Update.Internal.BatchExecutor.ExecuteAsync(IEnumerable`1 commandBatches, IRelationalConnection connection, CancellationToken cancellationToken)
   at Microsoft.EntityFrameworkCore.Update.Internal.BatchExecutor.ExecuteAsync(IEnumerable`1 commandBatches, IRelationalConnection connection, CancellationToken cancellationToken)
   at Microsoft.EntityFrameworkCore.Storage.RelationalDatabase.SaveChangesAsync(IList`1 entries, CancellationToken cancellationToken)
   at Microsoft.EntityFrameworkCore.ChangeTracking.Internal.StateManager.SaveChangesAsync(IList`1 entriesToSave, CancellationToken cancellationToken)
   at Microsoft.EntityFrameworkCore.ChangeTracking.Internal.StateManager.SaveChangesAsync(StateManager stateManager, Boolean acceptAllChangesOnSuccess, CancellationToken cancellationToken)
   at Npgsql.EntityFrameworkCore.PostgreSQL.Storage.Internal.NpgsqlExecutionStrategy.ExecuteAsync[TState,TResult](TState state, Func`4 operation, Func`4 verifySucceeded, CancellationToken cancellationToken)
   at Microsoft.EntityFrameworkCore.DbContext.SaveChangesAsync(Boolean acceptAllChangesOnSuccess, CancellationToken cancellationToken)
2026-07-02 10:10:23.839 +03:00 [ERR] Database migration or seed failed. Check PostgreSQL is running and ConnectionStrings:DefaultConnection is correct.
Microsoft.EntityFrameworkCore.DbUpdateException: An error occurred while saving the entity changes. See the inner exception for details.
 ---> Npgsql.PostgresException (0x80004005): 23503: insert or update on table "CrmSupportTickets" violates foreign key constraint "FK_CrmSupportTickets_CrmCustomers_CustomerId"

DETAIL: Detail redacted as it may contain sensitive data. Specify 'Include Error Detail' in the connection string to include this information.
   at Npgsql.Internal.NpgsqlConnector.ReadMessageLong(Boolean async, DataRowLoadingMode dataRowLoadingMode, Boolean readingNotifications, Boolean isReadingPrependedMessage)
   at System.Runtime.CompilerServices.PoolingAsyncValueTaskMethodBuilder`1.StateMachineBox`1.System.Threading.Tasks.Sources.IValueTaskSource<TResult>.GetResult(Int16 token)
   at Npgsql.NpgsqlDataReader.NextResult(Boolean async, Boolean isConsuming, CancellationToken cancellationToken)
   at Npgsql.NpgsqlDataReader.NextResult(Boolean async, Boolean isConsuming, CancellationToken cancellationToken)
   at Npgsql.NpgsqlCommand.ExecuteReader(Boolean async, CommandBehavior behavior, CancellationToken cancellationToken)
   at Npgsql.NpgsqlCommand.ExecuteReader(Boolean async, CommandBehavior behavior, CancellationToken cancellationToken)
   at Npgsql.NpgsqlCommand.ExecuteDbDataReaderAsync(CommandBehavior behavior, CancellationToken cancellationToken)
   at Microsoft.EntityFrameworkCore.Storage.RelationalCommand.ExecuteReaderAsync(RelationalCommandParameterObject parameterObject, CancellationToken cancellationToken)
   at Microsoft.EntityFrameworkCore.Storage.RelationalCommand.ExecuteReaderAsync(RelationalCommandParameterObject parameterObject, CancellationToken cancellationToken)
   at Microsoft.EntityFrameworkCore.Update.ReaderModificationCommandBatch.ExecuteAsync(IRelationalConnection connection, CancellationToken cancellationToken)
  Exception data:
    Severity: ERROR
    SqlState: 23503
    MessageText: insert or update on table "CrmSupportTickets" violates foreign key constraint "FK_CrmSupportTickets_CrmCustomers_CustomerId"
    Detail: Detail redacted as it may contain sensitive data. Specify 'Include Error Detail' in the connection string to include this information.
    SchemaName: public
    TableName: CrmSupportTickets
    ConstraintName: FK_CrmSupportTickets_CrmCustomers_CustomerId
    File: ri_triggers.c
    Line: 2783
    Routine: ri_ReportViolation
   --- End of inner exception stack trace ---
   at Microsoft.EntityFrameworkCore.Update.ReaderModificationCommandBatch.ExecuteAsync(IRelationalConnection connection, CancellationToken cancellationToken)
   at Microsoft.EntityFrameworkCore.Update.Internal.BatchExecutor.ExecuteAsync(IEnumerable`1 commandBatches, IRelationalConnection connection, CancellationToken cancellationToken)
   at Microsoft.EntityFrameworkCore.Update.Internal.BatchExecutor.ExecuteAsync(IEnumerable`1 commandBatches, IRelationalConnection connection, CancellationToken cancellationToken)
   at Microsoft.EntityFrameworkCore.Update.Internal.BatchExecutor.ExecuteAsync(IEnumerable`1 commandBatches, IRelationalConnection connection, CancellationToken cancellationToken)
   at Microsoft.EntityFrameworkCore.Storage.RelationalDatabase.SaveChangesAsync(IList`1 entries, CancellationToken cancellationToken)
   at Microsoft.EntityFrameworkCore.ChangeTracking.Internal.StateManager.SaveChangesAsync(IList`1 entriesToSave, CancellationToken cancellationToken)
   at Microsoft.EntityFrameworkCore.ChangeTracking.Internal.StateManager.SaveChangesAsync(StateManager stateManager, Boolean acceptAllChangesOnSuccess, CancellationToken cancellationToken)
   at Npgsql.EntityFrameworkCore.PostgreSQL.Storage.Internal.NpgsqlExecutionStrategy.ExecuteAsync[TState,TResult](TState state, Func`4 operation, Func`4 verifySucceeded, CancellationToken cancellationToken)
   at Microsoft.EntityFrameworkCore.DbContext.SaveChangesAsync(Boolean acceptAllChangesOnSuccess, CancellationToken cancellationToken)
   at Microsoft.EntityFrameworkCore.DbContext.SaveChangesAsync(Boolean acceptAllChangesOnSuccess, CancellationToken cancellationToken)
   at Biktal.Infrastructure.Persistence.CrmDataSeeder.SeedIfEmptyAsync(ApplicationDbContext db, CancellationToken cancellationToken)
   at Program.<Main>$(String[] args) in d:\Systems\BiktalSystems\Program.cs:line 71
2026-07-02 10:10:23.845 +03:00 [WRN] Continuing without a successful migration/seed. Auth and data pages may fail until the database is available.
2026-07-02 10:10:23.870 +03:00 [WRN] Using an in-memory repository. Keys will not be persisted to storage.
2026-07-02 10:10:23.871 +03:00 [WRN] Neither user profile nor HKLM registry available. Using an ephemeral key repository. Protected data will be unavailable when application exits.
2026-07-02 10:10:23.891 +03:00 [WRN] No XML encryptor configured. Key {976b522d-2f9d-41ee-970e-18ad37fac102} may be persisted to storage in unencrypted form.
2026-07-02 10:10:23.943 +03:00 [INF] Application started. Press Ctrl+C to shut down.
2026-07-02 10:10:23.943 +03:00 [INF] Hosting environment: Production
2026-07-02 10:10:23.943 +03:00 [INF] Content root path: D:\Systems\BiktalSystems\publish
2026-07-02 10:10:24.050 +03:00 [INF] HTTP GET /Inventory responded 302 in 86.1981 ms
2026-07-02 10:10:24.202 +03:00 [ERR] An exception was thrown while deserializing the token.
Microsoft.AspNetCore.Antiforgery.AntiforgeryValidationException: The antiforgery token could not be decrypted.
 ---> System.Security.Cryptography.CryptographicException: The key {19ed7dfd-90c0-4deb-bc82-762393166aee} was not found in the key ring. For more information go to https://aka.ms/aspnet/dataprotectionwarning
   at Microsoft.AspNetCore.DataProtection.KeyManagement.KeyRingBasedDataProtector.UnprotectCore(Byte[] protectedData, Boolean allowOperationsOnRevokedKeys, UnprotectStatus& status)
   at Microsoft.AspNetCore.DataProtection.KeyManagement.KeyRingBasedDataProtector.Unprotect(Byte[] protectedData)
   at Microsoft.AspNetCore.Antiforgery.DefaultAntiforgeryTokenSerializer.Deserialize(String serializedToken)
   --- End of inner exception stack trace ---
   at Microsoft.AspNetCore.Antiforgery.DefaultAntiforgeryTokenSerializer.Deserialize(String serializedToken)
   at Microsoft.AspNetCore.Antiforgery.DefaultAntiforgery.GetCookieTokenDoesNotThrow(HttpContext httpContext)
2026-07-02 10:10:24.300 +03:00 [INF] HTTP GET /Account/Login responded 200 in 231.1654 ms
2026-07-02 10:10:24.405 +03:00 [INF] HTTP GET /css/site.css responded 200 in 35.1418 ms
2026-07-02 10:10:24.405 +03:00 [INF] HTTP GET /lib/bootstrap/dist/css/bootstrap.min.css responded 200 in 34.3073 ms
2026-07-02 10:10:24.422 +03:00 [INF] HTTP GET /js/site.js responded 200 in 13.7122 ms
2026-07-02 10:10:24.422 +03:00 [INF] HTTP GET /Biktal.WebMVC.styles.css responded 200 in 9.6526 ms
2026-07-02 10:10:24.422 +03:00 [INF] HTTP GET /lib/jquery-validation-unobtrusive/dist/jquery.validate.unobtrusive.min.js responded 200 in 5.7814 ms
2026-07-02 10:10:24.422 +03:00 [INF] HTTP GET /lib/jquery-validation/dist/jquery.validate.min.js responded 200 in 6.0259 ms
2026-07-02 10:10:24.423 +03:00 [INF] HTTP GET /lib/jquery/dist/jquery.min.js responded 200 in 21.1333 ms
2026-07-02 10:10:24.423 +03:00 [INF] HTTP GET /lib/bootstrap/dist/js/bootstrap.bundle.min.js responded 200 in 19.7267 ms
2026-07-02 10:11:01.720 +03:00 [INF] HTTP POST /Account/Login responded 302 in 616.4738 ms
2026-07-02 10:11:01.955 +03:00 [INF] HTTP GET /Inventory responded 200 in 228.7282 ms
2026-07-02 10:11:02.034 +03:00 [INF] HTTP GET /css/site.css responded 200 in 8.1014 ms
2026-07-02 10:11:02.036 +03:00 [INF] HTTP GET /Biktal.WebMVC.styles.css responded 200 in 2.0823 ms
2026-07-02 10:11:02.073 +03:00 [INF] HTTP GET /lib/jquery/dist/jquery.min.js responded 304 in 38.3653 ms
2026-07-02 10:11:02.073 +03:00 [INF] HTTP GET /lib/bootstrap/dist/css/bootstrap.min.css responded 200 in 6.3653 ms
2026-07-02 10:11:02.115 +03:00 [INF] HTTP GET /js/site.js responded 304 in 65.0438 ms
2026-07-02 10:11:02.204 +03:00 [INF] HTTP GET /lib/bootstrap/dist/js/bootstrap.bundle.min.js responded 304 in 167.3060 ms
2026-07-02 10:11:04.442 +03:00 [INF] HTTP GET /Inventory responded 200 in 40.8369 ms
2026-07-02 10:11:04.496 +03:00 [INF] HTTP GET /css/site.css responded 200 in 1.5295 ms
2026-07-02 10:11:04.497 +03:00 [INF] HTTP GET /lib/bootstrap/dist/css/bootstrap.min.css responded 200 in 1.2871 ms
2026-07-02 10:11:04.498 +03:00 [INF] HTTP GET /lib/jquery/dist/jquery.min.js responded 304 in 0.6833 ms
2026-07-02 10:11:04.498 +03:00 [INF] HTTP GET /lib/bootstrap/dist/js/bootstrap.bundle.min.js responded 304 in 0.6565 ms
2026-07-02 10:11:04.499 +03:00 [INF] HTTP GET /js/site.js responded 304 in 0.7174 ms
2026-07-02 10:11:04.503 +03:00 [INF] HTTP GET /Biktal.WebMVC.styles.css responded 200 in 5.0597 ms
2026-07-02 10:11:07.519 +03:00 [INF] HTTP GET /Inventory/Products responded 200 in 506.7797 ms
2026-07-02 10:11:07.531 +03:00 [INF] HTTP GET /lib/bootstrap/dist/css/bootstrap.min.css responded 200 in 3.4727 ms
2026-07-02 10:11:07.534 +03:00 [INF] HTTP GET /css/site.css responded 200 in 1.6933 ms
2026-07-02 10:11:07.536 +03:00 [INF] HTTP GET /Biktal.WebMVC.styles.css responded 200 in 1.9881 ms
2026-07-02 10:11:08.362 +03:00 [INF] HTTP GET /lib/jquery/dist/jquery.min.js responded 304 in 0.6911 ms
2026-07-02 10:11:08.393 +03:00 [INF] HTTP GET /lib/bootstrap/dist/js/bootstrap.bundle.min.js responded 304 in 0.9757 ms
2026-07-02 10:11:08.394 +03:00 [INF] HTTP GET /js/site.js responded 304 in 0.7884 ms
2026-07-02 10:11:08.399 +03:00 [INF] HTTP GET /js/products-catalog-filter.js responded 200 in 1.6885 ms
2026-07-02 10:11:08.412 +03:00 [INF] HTTP GET /lib/jquery-validation-unobtrusive/dist/jquery.validate.unobtrusive.min.js responded 304 in 13.0807 ms
2026-07-02 10:11:08.419 +03:00 [INF] HTTP GET /lib/jquery-validation/dist/jquery.validate.min.js responded 304 in 21.8606 ms
2026-07-02 10:31:32.914 +03:00 [INF] Application is shutting down...
2026-07-02 10:32:48.789 +03:00 [ERR] Failed executing DbCommand (7ms) [Parameters=[@p0='?' (DbType = Guid), @p1='?' (DbType = DateTime), @p2='?' (DbType = Guid), @p3='?', @p4='?' (DbType = DateTime), @p5='?' (DbType = Int32), @p6='?' (DbType = Int32), @p7='?', @p8='?', @p9='?' (DbType = Guid), @p10='?' (DbType = DateTime), @p11='?' (DbType = Guid), @p12='?', @p13='?' (DbType = DateTime), @p14='?' (DbType = Int32), @p15='?' (DbType = Int32), @p16='?', @p17='?'], CommandType='"Text"', CommandTimeout='30']
INSERT INTO "CrmSupportTickets" ("Id", "CreatedAtUtc", "CustomerId", "Description", "ModifiedAtUtc", "Priority", "Status", "Subject", "TicketNumber")
VALUES (@p0, @p1, @p2, @p3, @p4, @p5, @p6, @p7, @p8);
INSERT INTO "CrmSupportTickets" ("Id", "CreatedAtUtc", "CustomerId", "Description", "ModifiedAtUtc", "Priority", "Status", "Subject", "TicketNumber")
VALUES (@p9, @p10, @p11, @p12, @p13, @p14, @p15, @p16, @p17);
2026-07-02 10:32:48.864 +03:00 [ERR] An exception occurred in the database while saving changes for context type 'Biktal.Infrastructure.Persistence.ApplicationDbContext'.
Microsoft.EntityFrameworkCore.DbUpdateException: An error occurred while saving the entity changes. See the inner exception for details.
 ---> Npgsql.PostgresException (0x80004005): 23503: insert or update on table "CrmSupportTickets" violates foreign key constraint "FK_CrmSupportTickets_CrmCustomers_CustomerId"

DETAIL: Detail redacted as it may contain sensitive data. Specify 'Include Error Detail' in the connection string to include this information.
   at Npgsql.Internal.NpgsqlConnector.ReadMessageLong(Boolean async, DataRowLoadingMode dataRowLoadingMode, Boolean readingNotifications, Boolean isReadingPrependedMessage)
   at System.Runtime.CompilerServices.PoolingAsyncValueTaskMethodBuilder`1.StateMachineBox`1.System.Threading.Tasks.Sources.IValueTaskSource<TResult>.GetResult(Int16 token)
   at Npgsql.NpgsqlDataReader.NextResult(Boolean async, Boolean isConsuming, CancellationToken cancellationToken)
   at Npgsql.NpgsqlDataReader.NextResult(Boolean async, Boolean isConsuming, CancellationToken cancellationToken)
   at Npgsql.NpgsqlCommand.ExecuteReader(Boolean async, CommandBehavior behavior, CancellationToken cancellationToken)
   at Npgsql.NpgsqlCommand.ExecuteReader(Boolean async, CommandBehavior behavior, CancellationToken cancellationToken)
   at Npgsql.NpgsqlCommand.ExecuteDbDataReaderAsync(CommandBehavior behavior, CancellationToken cancellationToken)
   at Microsoft.EntityFrameworkCore.Storage.RelationalCommand.ExecuteReaderAsync(RelationalCommandParameterObject parameterObject, CancellationToken cancellationToken)
   at Microsoft.EntityFrameworkCore.Storage.RelationalCommand.ExecuteReaderAsync(RelationalCommandParameterObject parameterObject, CancellationToken cancellationToken)
   at Microsoft.EntityFrameworkCore.Update.ReaderModificationCommandBatch.ExecuteAsync(IRelationalConnection connection, CancellationToken cancellationToken)
  Exception data:
    Severity: ERROR
    SqlState: 23503
    MessageText: insert or update on table "CrmSupportTickets" violates foreign key constraint "FK_CrmSupportTickets_CrmCustomers_CustomerId"
    Detail: Detail redacted as it may contain sensitive data. Specify 'Include Error Detail' in the connection string to include this information.
    SchemaName: public
    TableName: CrmSupportTickets
    ConstraintName: FK_CrmSupportTickets_CrmCustomers_CustomerId
    File: ri_triggers.c
    Line: 2783
    Routine: ri_ReportViolation
   --- End of inner exception stack trace ---
   at Microsoft.EntityFrameworkCore.Update.ReaderModificationCommandBatch.ExecuteAsync(IRelationalConnection connection, CancellationToken cancellationToken)
   at Microsoft.EntityFrameworkCore.Update.Internal.BatchExecutor.ExecuteAsync(IEnumerable`1 commandBatches, IRelationalConnection connection, CancellationToken cancellationToken)
   at Microsoft.EntityFrameworkCore.Update.Internal.BatchExecutor.ExecuteAsync(IEnumerable`1 commandBatches, IRelationalConnection connection, CancellationToken cancellationToken)
   at Microsoft.EntityFrameworkCore.Update.Internal.BatchExecutor.ExecuteAsync(IEnumerable`1 commandBatches, IRelationalConnection connection, CancellationToken cancellationToken)
   at Microsoft.EntityFrameworkCore.Storage.RelationalDatabase.SaveChangesAsync(IList`1 entries, CancellationToken cancellationToken)
   at Microsoft.EntityFrameworkCore.ChangeTracking.Internal.StateManager.SaveChangesAsync(IList`1 entriesToSave, CancellationToken cancellationToken)
   at Microsoft.EntityFrameworkCore.ChangeTracking.Internal.StateManager.SaveChangesAsync(StateManager stateManager, Boolean acceptAllChangesOnSuccess, CancellationToken cancellationToken)
   at Npgsql.EntityFrameworkCore.PostgreSQL.Storage.Internal.NpgsqlExecutionStrategy.ExecuteAsync[TState,TResult](TState state, Func`4 operation, Func`4 verifySucceeded, CancellationToken cancellationToken)
   at Microsoft.EntityFrameworkCore.DbContext.SaveChangesAsync(Boolean acceptAllChangesOnSuccess, CancellationToken cancellationToken)
Microsoft.EntityFrameworkCore.DbUpdateException: An error occurred while saving the entity changes. See the inner exception for details.
 ---> Npgsql.PostgresException (0x80004005): 23503: insert or update on table "CrmSupportTickets" violates foreign key constraint "FK_CrmSupportTickets_CrmCustomers_CustomerId"

DETAIL: Detail redacted as it may contain sensitive data. Specify 'Include Error Detail' in the connection string to include this information.
   at Npgsql.Internal.NpgsqlConnector.ReadMessageLong(Boolean async, DataRowLoadingMode dataRowLoadingMode, Boolean readingNotifications, Boolean isReadingPrependedMessage)
   at System.Runtime.CompilerServices.PoolingAsyncValueTaskMethodBuilder`1.StateMachineBox`1.System.Threading.Tasks.Sources.IValueTaskSource<TResult>.GetResult(Int16 token)
   at Npgsql.NpgsqlDataReader.NextResult(Boolean async, Boolean isConsuming, CancellationToken cancellationToken)
   at Npgsql.NpgsqlDataReader.NextResult(Boolean async, Boolean isConsuming, CancellationToken cancellationToken)
   at Npgsql.NpgsqlCommand.ExecuteReader(Boolean async, CommandBehavior behavior, CancellationToken cancellationToken)
   at Npgsql.NpgsqlCommand.ExecuteReader(Boolean async, CommandBehavior behavior, CancellationToken cancellationToken)
   at Npgsql.NpgsqlCommand.ExecuteDbDataReaderAsync(CommandBehavior behavior, CancellationToken cancellationToken)
   at Microsoft.EntityFrameworkCore.Storage.RelationalCommand.ExecuteReaderAsync(RelationalCommandParameterObject parameterObject, CancellationToken cancellationToken)
   at Microsoft.EntityFrameworkCore.Storage.RelationalCommand.ExecuteReaderAsync(RelationalCommandParameterObject parameterObject, CancellationToken cancellationToken)
   at Microsoft.EntityFrameworkCore.Update.ReaderModificationCommandBatch.ExecuteAsync(IRelationalConnection connection, CancellationToken cancellationToken)
  Exception data:
    Severity: ERROR
    SqlState: 23503
    MessageText: insert or update on table "CrmSupportTickets" violates foreign key constraint "FK_CrmSupportTickets_CrmCustomers_CustomerId"
    Detail: Detail redacted as it may contain sensitive data. Specify 'Include Error Detail' in the connection string to include this information.
    SchemaName: public
    TableName: CrmSupportTickets
    ConstraintName: FK_CrmSupportTickets_CrmCustomers_CustomerId
    File: ri_triggers.c
    Line: 2783
    Routine: ri_ReportViolation
   --- End of inner exception stack trace ---
   at Microsoft.EntityFrameworkCore.Update.ReaderModificationCommandBatch.ExecuteAsync(IRelationalConnection connection, CancellationToken cancellationToken)
   at Microsoft.EntityFrameworkCore.Update.Internal.BatchExecutor.ExecuteAsync(IEnumerable`1 commandBatches, IRelationalConnection connection, CancellationToken cancellationToken)
   at Microsoft.EntityFrameworkCore.Update.Internal.BatchExecutor.ExecuteAsync(IEnumerable`1 commandBatches, IRelationalConnection connection, CancellationToken cancellationToken)
   at Microsoft.EntityFrameworkCore.Update.Internal.BatchExecutor.ExecuteAsync(IEnumerable`1 commandBatches, IRelationalConnection connection, CancellationToken cancellationToken)
   at Microsoft.EntityFrameworkCore.Storage.RelationalDatabase.SaveChangesAsync(IList`1 entries, CancellationToken cancellationToken)
   at Microsoft.EntityFrameworkCore.ChangeTracking.Internal.StateManager.SaveChangesAsync(IList`1 entriesToSave, CancellationToken cancellationToken)
   at Microsoft.EntityFrameworkCore.ChangeTracking.Internal.StateManager.SaveChangesAsync(StateManager stateManager, Boolean acceptAllChangesOnSuccess, CancellationToken cancellationToken)
   at Npgsql.EntityFrameworkCore.PostgreSQL.Storage.Internal.NpgsqlExecutionStrategy.ExecuteAsync[TState,TResult](TState state, Func`4 operation, Func`4 verifySucceeded, CancellationToken cancellationToken)
   at Microsoft.EntityFrameworkCore.DbContext.SaveChangesAsync(Boolean acceptAllChangesOnSuccess, CancellationToken cancellationToken)
2026-07-02 10:32:48.869 +03:00 [ERR] Database migration or seed failed. Check PostgreSQL is running and ConnectionStrings:DefaultConnection is correct.
Microsoft.EntityFrameworkCore.DbUpdateException: An error occurred while saving the entity changes. See the inner exception for details.
 ---> Npgsql.PostgresException (0x80004005): 23503: insert or update on table "CrmSupportTickets" violates foreign key constraint "FK_CrmSupportTickets_CrmCustomers_CustomerId"

DETAIL: Detail redacted as it may contain sensitive data. Specify 'Include Error Detail' in the connection string to include this information.
   at Npgsql.Internal.NpgsqlConnector.ReadMessageLong(Boolean async, DataRowLoadingMode dataRowLoadingMode, Boolean readingNotifications, Boolean isReadingPrependedMessage)
   at System.Runtime.CompilerServices.PoolingAsyncValueTaskMethodBuilder`1.StateMachineBox`1.System.Threading.Tasks.Sources.IValueTaskSource<TResult>.GetResult(Int16 token)
   at Npgsql.NpgsqlDataReader.NextResult(Boolean async, Boolean isConsuming, CancellationToken cancellationToken)
   at Npgsql.NpgsqlDataReader.NextResult(Boolean async, Boolean isConsuming, CancellationToken cancellationToken)
   at Npgsql.NpgsqlCommand.ExecuteReader(Boolean async, CommandBehavior behavior, CancellationToken cancellationToken)
   at Npgsql.NpgsqlCommand.ExecuteReader(Boolean async, CommandBehavior behavior, CancellationToken cancellationToken)
   at Npgsql.NpgsqlCommand.ExecuteDbDataReaderAsync(CommandBehavior behavior, CancellationToken cancellationToken)
   at Microsoft.EntityFrameworkCore.Storage.RelationalCommand.ExecuteReaderAsync(RelationalCommandParameterObject parameterObject, CancellationToken cancellationToken)
   at Microsoft.EntityFrameworkCore.Storage.RelationalCommand.ExecuteReaderAsync(RelationalCommandParameterObject parameterObject, CancellationToken cancellationToken)
   at Microsoft.EntityFrameworkCore.Update.ReaderModificationCommandBatch.ExecuteAsync(IRelationalConnection connection, CancellationToken cancellationToken)
  Exception data:
    Severity: ERROR
    SqlState: 23503
    MessageText: insert or update on table "CrmSupportTickets" violates foreign key constraint "FK_CrmSupportTickets_CrmCustomers_CustomerId"
    Detail: Detail redacted as it may contain sensitive data. Specify 'Include Error Detail' in the connection string to include this information.
    SchemaName: public
    TableName: CrmSupportTickets
    ConstraintName: FK_CrmSupportTickets_CrmCustomers_CustomerId
    File: ri_triggers.c
    Line: 2783
    Routine: ri_ReportViolation
   --- End of inner exception stack trace ---
   at Microsoft.EntityFrameworkCore.Update.ReaderModificationCommandBatch.ExecuteAsync(IRelationalConnection connection, CancellationToken cancellationToken)
   at Microsoft.EntityFrameworkCore.Update.Internal.BatchExecutor.ExecuteAsync(IEnumerable`1 commandBatches, IRelationalConnection connection, CancellationToken cancellationToken)
   at Microsoft.EntityFrameworkCore.Update.Internal.BatchExecutor.ExecuteAsync(IEnumerable`1 commandBatches, IRelationalConnection connection, CancellationToken cancellationToken)
   at Microsoft.EntityFrameworkCore.Update.Internal.BatchExecutor.ExecuteAsync(IEnumerable`1 commandBatches, IRelationalConnection connection, CancellationToken cancellationToken)
   at Microsoft.EntityFrameworkCore.Storage.RelationalDatabase.SaveChangesAsync(IList`1 entries, CancellationToken cancellationToken)
   at Microsoft.EntityFrameworkCore.ChangeTracking.Internal.StateManager.SaveChangesAsync(IList`1 entriesToSave, CancellationToken cancellationToken)
   at Microsoft.EntityFrameworkCore.ChangeTracking.Internal.StateManager.SaveChangesAsync(StateManager stateManager, Boolean acceptAllChangesOnSuccess, CancellationToken cancellationToken)
   at Npgsql.EntityFrameworkCore.PostgreSQL.Storage.Internal.NpgsqlExecutionStrategy.ExecuteAsync[TState,TResult](TState state, Func`4 operation, Func`4 verifySucceeded, CancellationToken cancellationToken)
   at Microsoft.EntityFrameworkCore.DbContext.SaveChangesAsync(Boolean acceptAllChangesOnSuccess, CancellationToken cancellationToken)
   at Microsoft.EntityFrameworkCore.DbContext.SaveChangesAsync(Boolean acceptAllChangesOnSuccess, CancellationToken cancellationToken)
   at Biktal.Infrastructure.Persistence.CrmDataSeeder.SeedIfEmptyAsync(ApplicationDbContext db, CancellationToken cancellationToken)
   at Program.<Main>$(String[] args) in d:\Systems\BiktalSystems\Program.cs:line 71
2026-07-02 10:32:48.874 +03:00 [WRN] Continuing without a successful migration/seed. Auth and data pages may fail until the database is available.
2026-07-02 10:32:48.899 +03:00 [WRN] Using an in-memory repository. Keys will not be persisted to storage.
2026-07-02 10:32:48.899 +03:00 [WRN] Neither user profile nor HKLM registry available. Using an ephemeral key repository. Protected data will be unavailable when application exits.
2026-07-02 10:32:48.917 +03:00 [WRN] No XML encryptor configured. Key {0416e740-75bf-4e1c-9466-be190f2ded59} may be persisted to storage in unencrypted form.
2026-07-02 10:32:48.969 +03:00 [INF] Application started. Press Ctrl+C to shut down.
2026-07-02 10:32:48.969 +03:00 [INF] Hosting environment: Production
2026-07-02 10:32:48.969 +03:00 [INF] Content root path: D:\Systems\BiktalSystems\publish
2026-07-02 10:32:49.070 +03:00 [INF] HTTP GET /Finance responded 302 in 80.1230 ms
2026-07-02 10:32:49.223 +03:00 [ERR] An exception was thrown while deserializing the token.
Microsoft.AspNetCore.Antiforgery.AntiforgeryValidationException: The antiforgery token could not be decrypted.
 ---> System.Security.Cryptography.CryptographicException: The key {976b522d-2f9d-41ee-970e-18ad37fac102} was not found in the key ring. For more information go to https://aka.ms/aspnet/dataprotectionwarning
   at Microsoft.AspNetCore.DataProtection.KeyManagement.KeyRingBasedDataProtector.UnprotectCore(Byte[] protectedData, Boolean allowOperationsOnRevokedKeys, UnprotectStatus& status)
   at Microsoft.AspNetCore.DataProtection.KeyManagement.KeyRingBasedDataProtector.Unprotect(Byte[] protectedData)
   at Microsoft.AspNetCore.Antiforgery.DefaultAntiforgeryTokenSerializer.Deserialize(String serializedToken)
   --- End of inner exception stack trace ---
   at Microsoft.AspNetCore.Antiforgery.DefaultAntiforgeryTokenSerializer.Deserialize(String serializedToken)
   at Microsoft.AspNetCore.Antiforgery.DefaultAntiforgery.GetCookieTokenDoesNotThrow(HttpContext httpContext)
2026-07-02 10:32:49.317 +03:00 [INF] HTTP GET /Account/Login responded 200 in 228.5166 ms
2026-07-02 10:32:49.426 +03:00 [INF] HTTP GET /css/site.css responded 200 in 34.7502 ms
2026-07-02 10:32:49.429 +03:00 [INF] HTTP GET /lib/bootstrap/dist/css/bootstrap.min.css responded 200 in 40.1656 ms
2026-07-02 10:32:49.430 +03:00 [INF] HTTP GET /lib/jquery/dist/jquery.min.js responded 200 in 32.4415 ms
2026-07-02 10:32:49.440 +03:00 [INF] HTTP GET /Biktal.WebMVC.styles.css responded 200 in 33.7934 ms
2026-07-02 10:32:49.441 +03:00 [INF] HTTP GET /lib/jquery-validation/dist/jquery.validate.min.js responded 200 in 30.8379 ms
2026-07-02 10:32:49.441 +03:00 [INF] HTTP GET /lib/jquery-validation-unobtrusive/dist/jquery.validate.unobtrusive.min.js responded 200 in 27.3676 ms
2026-07-02 10:32:49.441 +03:00 [INF] HTTP GET /js/site.js responded 200 in 10.0329 ms
2026-07-02 10:32:49.441 +03:00 [INF] HTTP GET /lib/bootstrap/dist/js/bootstrap.bundle.min.js responded 200 in 43.9273 ms
2026-07-02 10:32:57.815 +03:00 [INF] HTTP POST /Account/Login responded 302 in 607.0222 ms
2026-07-02 10:32:57.938 +03:00 [INF] HTTP GET /Finance responded 200 in 116.7387 ms
2026-07-02 10:32:58.005 +03:00 [INF] HTTP GET /Biktal.WebMVC.styles.css responded 200 in 2.6700 ms
2026-07-02 10:32:58.005 +03:00 [INF] HTTP GET /lib/bootstrap/dist/css/bootstrap.min.css responded 200 in 3.4427 ms
2026-07-02 10:32:58.038 +03:00 [INF] HTTP GET /css/site.css responded 200 in 35.7986 ms
2026-07-02 10:32:58.039 +03:00 [INF] HTTP GET /lib/jquery/dist/jquery.min.js responded 304 in 33.0665 ms
2026-07-02 10:32:58.062 +03:00 [INF] HTTP GET /js/site.js responded 304 in 27.4488 ms
2026-07-02 10:32:58.153 +03:00 [INF] HTTP GET /lib/bootstrap/dist/js/bootstrap.bundle.min.js responded 304 in 136.8235 ms
2026-07-02 10:33:12.608 +03:00 [WRN] The query uses the 'First'/'FirstOrDefault' operator without 'OrderBy' and filter operators. This may lead to unpredictable results.
2026-07-02 10:33:12.628 +03:00 [WRN] The query uses the 'First'/'FirstOrDefault' operator without 'OrderBy' and filter operators. This may lead to unpredictable results.
2026-07-02 10:33:12.703 +03:00 [INF] HTTP GET /Operations responded 200 in 164.2676 ms
2026-07-02 10:33:12.769 +03:00 [INF] HTTP GET /lib/bootstrap/dist/css/bootstrap.min.css responded 200 in 3.3918 ms
2026-07-02 10:33:12.773 +03:00 [INF] HTTP GET /css/site.css responded 200 in 3.1741 ms
2026-07-02 10:33:12.778 +03:00 [INF] HTTP GET /Biktal.WebMVC.styles.css responded 200 in 5.9663 ms
2026-07-02 10:33:12.778 +03:00 [INF] HTTP GET /lib/jquery/dist/jquery.min.js responded 304 in 1.9912 ms
2026-07-02 10:33:12.784 +03:00 [INF] HTTP GET /lib/bootstrap/dist/js/bootstrap.bundle.min.js responded 304 in 5.0606 ms
2026-07-02 10:33:12.787 +03:00 [INF] HTTP GET /js/site.js responded 304 in 2.4777 ms
2026-07-02 10:33:16.667 +03:00 [INF] HTTP GET /Crm responded 200 in 151.6317 ms
2026-07-02 10:33:16.735 +03:00 [INF] HTTP GET /lib/jquery/dist/jquery.min.js responded 304 in 0.7559 ms
2026-07-02 10:33:16.735 +03:00 [INF] HTTP GET /lib/bootstrap/dist/css/bootstrap.min.css responded 200 in 1.9020 ms
2026-07-02 10:33:16.737 +03:00 [INF] HTTP GET /css/site.css responded 200 in 1.2202 ms
2026-07-02 10:33:16.737 +03:00 [INF] HTTP GET /Biktal.WebMVC.styles.css responded 200 in 0.9317 ms
2026-07-02 10:33:16.743 +03:00 [INF] HTTP GET /lib/bootstrap/dist/js/bootstrap.bundle.min.js responded 304 in 3.4245 ms
2026-07-02 10:33:16.749 +03:00 [INF] HTTP GET /js/site.js responded 304 in 1.0702 ms
2026-07-02 10:33:17.950 +03:00 [INF] HTTP GET /Installments responded 200 in 131.6871 ms
2026-07-02 10:33:18.013 +03:00 [INF] HTTP GET /lib/bootstrap/dist/css/bootstrap.min.css responded 200 in 2.3863 ms
2026-07-02 10:33:18.014 +03:00 [INF] HTTP GET /css/site.css responded 200 in 2.1183 ms
2026-07-02 10:33:18.016 +03:00 [INF] HTTP GET /lib/jquery/dist/jquery.min.js responded 304 in 0.8610 ms
2026-07-02 10:33:18.016 +03:00 [INF] HTTP GET /Biktal.WebMVC.styles.css responded 200 in 2.1969 ms
2026-07-02 10:33:18.021 +03:00 [INF] HTTP GET /lib/bootstrap/dist/js/bootstrap.bundle.min.js responded 304 in 1.0761 ms
2026-07-02 10:33:18.021 +03:00 [INF] HTTP GET /js/site.js responded 304 in 0.8351 ms
2026-07-02 10:35:53.589 +03:00 [INF] HTTP GET /Finance responded 200 in 13.3248 ms
2026-07-02 10:35:53.658 +03:00 [INF] HTTP GET /css/site.css responded 200 in 2.4887 ms
2026-07-02 10:35:53.659 +03:00 [INF] HTTP GET /lib/bootstrap/dist/css/bootstrap.min.css responded 200 in 1.6683 ms
2026-07-02 10:35:53.670 +03:00 [INF] HTTP GET /Biktal.WebMVC.styles.css responded 200 in 7.9992 ms
2026-07-02 10:35:53.671 +03:00 [INF] HTTP GET /js/site.js responded 200 in 1.2144 ms
2026-07-02 10:35:53.671 +03:00 [INF] HTTP GET /lib/jquery/dist/jquery.min.js responded 200 in 9.8880 ms
2026-07-02 10:35:53.685 +03:00 [INF] HTTP GET /lib/bootstrap/dist/js/bootstrap.bundle.min.js responded 200 in 13.3612 ms
2026-07-02 10:36:37.681 +03:00 [INF] HTTP GET /Finance responded 200 in 15.1889 ms
2026-07-02 10:36:37.743 +03:00 [INF] HTTP GET /Biktal.WebMVC.styles.css responded 304 in 0.6312 ms
2026-07-02 10:36:37.743 +03:00 [INF] HTTP GET /css/site.css responded 304 in 0.5968 ms
2026-07-02 10:36:37.744 +03:00 [INF] HTTP GET /lib/bootstrap/dist/css/bootstrap.min.css responded 304 in 0.5625 ms
2026-07-02 10:36:37.744 +03:00 [INF] HTTP GET /lib/jquery/dist/jquery.min.js responded 304 in 0.4951 ms
2026-07-02 10:36:37.751 +03:00 [INF] HTTP GET /lib/bootstrap/dist/js/bootstrap.bundle.min.js responded 200 in 2.7766 ms
2026-07-02 10:36:37.754 +03:00 [INF] HTTP GET /js/site.js responded 200 in 0.9850 ms
2026-07-02 10:36:56.508 +03:00 [INF] HTTP GET /Finance/Cashbox responded 200 in 286.5510 ms
2026-07-02 10:36:56.570 +03:00 [INF] HTTP GET /css/site.css responded 304 in 1.1559 ms
2026-07-02 10:36:56.573 +03:00 [INF] HTTP GET /lib/bootstrap/dist/css/bootstrap.min.css responded 304 in 3.2261 ms
2026-07-02 10:36:56.573 +03:00 [INF] HTTP GET /lib/jquery/dist/jquery.min.js responded 304 in 0.6563 ms
2026-07-02 10:36:56.574 +03:00 [INF] HTTP GET /Biktal.WebMVC.styles.css responded 304 in 0.6252 ms
2026-07-02 10:36:56.576 +03:00 [INF] HTTP GET /lib/bootstrap/dist/js/bootstrap.bundle.min.js responded 304 in 0.5678 ms
2026-07-02 10:36:56.583 +03:00 [INF] HTTP GET /js/site.js responded 304 in 5.7512 ms
2026-07-02 10:36:56.599 +03:00 [INF] HTTP GET /lib/jquery-validation-unobtrusive/dist/jquery.validate.unobtrusive.min.js responded 200 in 13.0973 ms
2026-07-02 10:36:56.608 +03:00 [INF] HTTP GET /lib/jquery-validation/dist/jquery.validate.min.js responded 200 in 21.5117 ms
2026-07-02 10:57:34.143 +03:00 [INF] Application is shutting down...
2026-07-02 11:01:10.308 +03:00 [ERR] Failed executing DbCommand (7ms) [Parameters=[@p0='?' (DbType = Guid), @p1='?' (DbType = DateTime), @p2='?' (DbType = Guid), @p3='?', @p4='?' (DbType = DateTime), @p5='?' (DbType = Int32), @p6='?' (DbType = Int32), @p7='?', @p8='?', @p9='?' (DbType = Guid), @p10='?' (DbType = DateTime), @p11='?' (DbType = Guid), @p12='?', @p13='?' (DbType = DateTime), @p14='?' (DbType = Int32), @p15='?' (DbType = Int32), @p16='?', @p17='?'], CommandType='"Text"', CommandTimeout='30']
INSERT INTO "CrmSupportTickets" ("Id", "CreatedAtUtc", "CustomerId", "Description", "ModifiedAtUtc", "Priority", "Status", "Subject", "TicketNumber")
VALUES (@p0, @p1, @p2, @p3, @p4, @p5, @p6, @p7, @p8);
INSERT INTO "CrmSupportTickets" ("Id", "CreatedAtUtc", "CustomerId", "Description", "ModifiedAtUtc", "Priority", "Status", "Subject", "TicketNumber")
VALUES (@p9, @p10, @p11, @p12, @p13, @p14, @p15, @p16, @p17);
2026-07-02 11:01:10.381 +03:00 [ERR] An exception occurred in the database while saving changes for context type 'Biktal.Infrastructure.Persistence.ApplicationDbContext'.
Microsoft.EntityFrameworkCore.DbUpdateException: An error occurred while saving the entity changes. See the inner exception for details.
 ---> Npgsql.PostgresException (0x80004005): 23503: insert or update on table "CrmSupportTickets" violates foreign key constraint "FK_CrmSupportTickets_CrmCustomers_CustomerId"

DETAIL: Detail redacted as it may contain sensitive data. Specify 'Include Error Detail' in the connection string to include this information.
   at Npgsql.Internal.NpgsqlConnector.ReadMessageLong(Boolean async, DataRowLoadingMode dataRowLoadingMode, Boolean readingNotifications, Boolean isReadingPrependedMessage)
   at System.Runtime.CompilerServices.PoolingAsyncValueTaskMethodBuilder`1.StateMachineBox`1.System.Threading.Tasks.Sources.IValueTaskSource<TResult>.GetResult(Int16 token)
   at Npgsql.NpgsqlDataReader.NextResult(Boolean async, Boolean isConsuming, CancellationToken cancellationToken)
   at Npgsql.NpgsqlDataReader.NextResult(Boolean async, Boolean isConsuming, CancellationToken cancellationToken)
   at Npgsql.NpgsqlCommand.ExecuteReader(Boolean async, CommandBehavior behavior, CancellationToken cancellationToken)
   at Npgsql.NpgsqlCommand.ExecuteReader(Boolean async, CommandBehavior behavior, CancellationToken cancellationToken)
   at Npgsql.NpgsqlCommand.ExecuteDbDataReaderAsync(CommandBehavior behavior, CancellationToken cancellationToken)
   at Microsoft.EntityFrameworkCore.Storage.RelationalCommand.ExecuteReaderAsync(RelationalCommandParameterObject parameterObject, CancellationToken cancellationToken)
   at Microsoft.EntityFrameworkCore.Storage.RelationalCommand.ExecuteReaderAsync(RelationalCommandParameterObject parameterObject, CancellationToken cancellationToken)
   at Microsoft.EntityFrameworkCore.Update.ReaderModificationCommandBatch.ExecuteAsync(IRelationalConnection connection, CancellationToken cancellationToken)
  Exception data:
    Severity: ERROR
    SqlState: 23503
    MessageText: insert or update on table "CrmSupportTickets" violates foreign key constraint "FK_CrmSupportTickets_CrmCustomers_CustomerId"
    Detail: Detail redacted as it may contain sensitive data. Specify 'Include Error Detail' in the connection string to include this information.
    SchemaName: public
    TableName: CrmSupportTickets
    ConstraintName: FK_CrmSupportTickets_CrmCustomers_CustomerId
    File: ri_triggers.c
    Line: 2783
    Routine: ri_ReportViolation
   --- End of inner exception stack trace ---
   at Microsoft.EntityFrameworkCore.Update.ReaderModificationCommandBatch.ExecuteAsync(IRelationalConnection connection, CancellationToken cancellationToken)
   at Microsoft.EntityFrameworkCore.Update.Internal.BatchExecutor.ExecuteAsync(IEnumerable`1 commandBatches, IRelationalConnection connection, CancellationToken cancellationToken)
   at Microsoft.EntityFrameworkCore.Update.Internal.BatchExecutor.ExecuteAsync(IEnumerable`1 commandBatches, IRelationalConnection connection, CancellationToken cancellationToken)
   at Microsoft.EntityFrameworkCore.Update.Internal.BatchExecutor.ExecuteAsync(IEnumerable`1 commandBatches, IRelationalConnection connection, CancellationToken cancellationToken)
   at Microsoft.EntityFrameworkCore.Storage.RelationalDatabase.SaveChangesAsync(IList`1 entries, CancellationToken cancellationToken)
   at Microsoft.EntityFrameworkCore.ChangeTracking.Internal.StateManager.SaveChangesAsync(IList`1 entriesToSave, CancellationToken cancellationToken)
   at Microsoft.EntityFrameworkCore.ChangeTracking.Internal.StateManager.SaveChangesAsync(StateManager stateManager, Boolean acceptAllChangesOnSuccess, CancellationToken cancellationToken)
   at Npgsql.EntityFrameworkCore.PostgreSQL.Storage.Internal.NpgsqlExecutionStrategy.ExecuteAsync[TState,TResult](TState state, Func`4 operation, Func`4 verifySucceeded, CancellationToken cancellationToken)
   at Microsoft.EntityFrameworkCore.DbContext.SaveChangesAsync(Boolean acceptAllChangesOnSuccess, CancellationToken cancellationToken)
Microsoft.EntityFrameworkCore.DbUpdateException: An error occurred while saving the entity changes. See the inner exception for details.
 ---> Npgsql.PostgresException (0x80004005): 23503: insert or update on table "CrmSupportTickets" violates foreign key constraint "FK_CrmSupportTickets_CrmCustomers_CustomerId"

DETAIL: Detail redacted as it may contain sensitive data. Specify 'Include Error Detail' in the connection string to include this information.
   at Npgsql.Internal.NpgsqlConnector.ReadMessageLong(Boolean async, DataRowLoadingMode dataRowLoadingMode, Boolean readingNotifications, Boolean isReadingPrependedMessage)
   at System.Runtime.CompilerServices.PoolingAsyncValueTaskMethodBuilder`1.StateMachineBox`1.System.Threading.Tasks.Sources.IValueTaskSource<TResult>.GetResult(Int16 token)
   at Npgsql.NpgsqlDataReader.NextResult(Boolean async, Boolean isConsuming, CancellationToken cancellationToken)
   at Npgsql.NpgsqlDataReader.NextResult(Boolean async, Boolean isConsuming, CancellationToken cancellationToken)
   at Npgsql.NpgsqlCommand.ExecuteReader(Boolean async, CommandBehavior behavior, CancellationToken cancellationToken)
   at Npgsql.NpgsqlCommand.ExecuteReader(Boolean async, CommandBehavior behavior, CancellationToken cancellationToken)
   at Npgsql.NpgsqlCommand.ExecuteDbDataReaderAsync(CommandBehavior behavior, CancellationToken cancellationToken)
   at Microsoft.EntityFrameworkCore.Storage.RelationalCommand.ExecuteReaderAsync(RelationalCommandParameterObject parameterObject, CancellationToken cancellationToken)
   at Microsoft.EntityFrameworkCore.Storage.RelationalCommand.ExecuteReaderAsync(RelationalCommandParameterObject parameterObject, CancellationToken cancellationToken)
   at Microsoft.EntityFrameworkCore.Update.ReaderModificationCommandBatch.ExecuteAsync(IRelationalConnection connection, CancellationToken cancellationToken)
  Exception data:
    Severity: ERROR
    SqlState: 23503
    MessageText: insert or update on table "CrmSupportTickets" violates foreign key constraint "FK_CrmSupportTickets_CrmCustomers_CustomerId"
    Detail: Detail redacted as it may contain sensitive data. Specify 'Include Error Detail' in the connection string to include this information.
    SchemaName: public
    TableName: CrmSupportTickets
    ConstraintName: FK_CrmSupportTickets_CrmCustomers_CustomerId
    File: ri_triggers.c
    Line: 2783
    Routine: ri_ReportViolation
   --- End of inner exception stack trace ---
   at Microsoft.EntityFrameworkCore.Update.ReaderModificationCommandBatch.ExecuteAsync(IRelationalConnection connection, CancellationToken cancellationToken)
   at Microsoft.EntityFrameworkCore.Update.Internal.BatchExecutor.ExecuteAsync(IEnumerable`1 commandBatches, IRelationalConnection connection, CancellationToken cancellationToken)
   at Microsoft.EntityFrameworkCore.Update.Internal.BatchExecutor.ExecuteAsync(IEnumerable`1 commandBatches, IRelationalConnection connection, CancellationToken cancellationToken)
   at Microsoft.EntityFrameworkCore.Update.Internal.BatchExecutor.ExecuteAsync(IEnumerable`1 commandBatches, IRelationalConnection connection, CancellationToken cancellationToken)
   at Microsoft.EntityFrameworkCore.Storage.RelationalDatabase.SaveChangesAsync(IList`1 entries, CancellationToken cancellationToken)
   at Microsoft.EntityFrameworkCore.ChangeTracking.Internal.StateManager.SaveChangesAsync(IList`1 entriesToSave, CancellationToken cancellationToken)
   at Microsoft.EntityFrameworkCore.ChangeTracking.Internal.StateManager.SaveChangesAsync(StateManager stateManager, Boolean acceptAllChangesOnSuccess, CancellationToken cancellationToken)
   at Npgsql.EntityFrameworkCore.PostgreSQL.Storage.Internal.NpgsqlExecutionStrategy.ExecuteAsync[TState,TResult](TState state, Func`4 operation, Func`4 verifySucceeded, CancellationToken cancellationToken)
   at Microsoft.EntityFrameworkCore.DbContext.SaveChangesAsync(Boolean acceptAllChangesOnSuccess, CancellationToken cancellationToken)
2026-07-02 11:01:10.386 +03:00 [ERR] Database migration or seed failed. Check PostgreSQL is running and ConnectionStrings:DefaultConnection is correct.
Microsoft.EntityFrameworkCore.DbUpdateException: An error occurred while saving the entity changes. See the inner exception for details.
 ---> Npgsql.PostgresException (0x80004005): 23503: insert or update on table "CrmSupportTickets" violates foreign key constraint "FK_CrmSupportTickets_CrmCustomers_CustomerId"

DETAIL: Detail redacted as it may contain sensitive data. Specify 'Include Error Detail' in the connection string to include this information.
   at Npgsql.Internal.NpgsqlConnector.ReadMessageLong(Boolean async, DataRowLoadingMode dataRowLoadingMode, Boolean readingNotifications, Boolean isReadingPrependedMessage)
   at System.Runtime.CompilerServices.PoolingAsyncValueTaskMethodBuilder`1.StateMachineBox`1.System.Threading.Tasks.Sources.IValueTaskSource<TResult>.GetResult(Int16 token)
   at Npgsql.NpgsqlDataReader.NextResult(Boolean async, Boolean isConsuming, CancellationToken cancellationToken)
   at Npgsql.NpgsqlDataReader.NextResult(Boolean async, Boolean isConsuming, CancellationToken cancellationToken)
   at Npgsql.NpgsqlCommand.ExecuteReader(Boolean async, CommandBehavior behavior, CancellationToken cancellationToken)
   at Npgsql.NpgsqlCommand.ExecuteReader(Boolean async, CommandBehavior behavior, CancellationToken cancellationToken)
   at Npgsql.NpgsqlCommand.ExecuteDbDataReaderAsync(CommandBehavior behavior, CancellationToken cancellationToken)
   at Microsoft.EntityFrameworkCore.Storage.RelationalCommand.ExecuteReaderAsync(RelationalCommandParameterObject parameterObject, CancellationToken cancellationToken)
   at Microsoft.EntityFrameworkCore.Storage.RelationalCommand.ExecuteReaderAsync(RelationalCommandParameterObject parameterObject, CancellationToken cancellationToken)
   at Microsoft.EntityFrameworkCore.Update.ReaderModificationCommandBatch.ExecuteAsync(IRelationalConnection connection, CancellationToken cancellationToken)
  Exception data:
    Severity: ERROR
    SqlState: 23503
    MessageText: insert or update on table "CrmSupportTickets" violates foreign key constraint "FK_CrmSupportTickets_CrmCustomers_CustomerId"
    Detail: Detail redacted as it may contain sensitive data. Specify 'Include Error Detail' in the connection string to include this information.
    SchemaName: public
    TableName: CrmSupportTickets
    ConstraintName: FK_CrmSupportTickets_CrmCustomers_CustomerId
    File: ri_triggers.c
    Line: 2783
    Routine: ri_ReportViolation
   --- End of inner exception stack trace ---
   at Microsoft.EntityFrameworkCore.Update.ReaderModificationCommandBatch.ExecuteAsync(IRelationalConnection connection, CancellationToken cancellationToken)
   at Microsoft.EntityFrameworkCore.Update.Internal.BatchExecutor.ExecuteAsync(IEnumerable`1 commandBatches, IRelationalConnection connection, CancellationToken cancellationToken)
   at Microsoft.EntityFrameworkCore.Update.Internal.BatchExecutor.ExecuteAsync(IEnumerable`1 commandBatches, IRelationalConnection connection, CancellationToken cancellationToken)
   at Microsoft.EntityFrameworkCore.Update.Internal.BatchExecutor.ExecuteAsync(IEnumerable`1 commandBatches, IRelationalConnection connection, CancellationToken cancellationToken)
   at Microsoft.EntityFrameworkCore.Storage.RelationalDatabase.SaveChangesAsync(IList`1 entries, CancellationToken cancellationToken)
   at Microsoft.EntityFrameworkCore.ChangeTracking.Internal.StateManager.SaveChangesAsync(IList`1 entriesToSave, CancellationToken cancellationToken)
   at Microsoft.EntityFrameworkCore.ChangeTracking.Internal.StateManager.SaveChangesAsync(StateManager stateManager, Boolean acceptAllChangesOnSuccess, CancellationToken cancellationToken)
   at Npgsql.EntityFrameworkCore.PostgreSQL.Storage.Internal.NpgsqlExecutionStrategy.ExecuteAsync[TState,TResult](TState state, Func`4 operation, Func`4 verifySucceeded, CancellationToken cancellationToken)
   at Microsoft.EntityFrameworkCore.DbContext.SaveChangesAsync(Boolean acceptAllChangesOnSuccess, CancellationToken cancellationToken)
   at Microsoft.EntityFrameworkCore.DbContext.SaveChangesAsync(Boolean acceptAllChangesOnSuccess, CancellationToken cancellationToken)
   at Biktal.Infrastructure.Persistence.CrmDataSeeder.SeedIfEmptyAsync(ApplicationDbContext db, CancellationToken cancellationToken)
   at Program.<Main>$(String[] args) in d:\Systems\BiktalSystems\Program.cs:line 71
2026-07-02 11:01:10.391 +03:00 [WRN] Continuing without a successful migration/seed. Auth and data pages may fail until the database is available.
2026-07-02 11:01:10.415 +03:00 [WRN] Using an in-memory repository. Keys will not be persisted to storage.
2026-07-02 11:01:10.415 +03:00 [WRN] Neither user profile nor HKLM registry available. Using an ephemeral key repository. Protected data will be unavailable when application exits.
2026-07-02 11:01:10.433 +03:00 [WRN] No XML encryptor configured. Key {e49bd0cc-4730-439b-894d-b45667a5cfac} may be persisted to storage in unencrypted form.
2026-07-02 11:01:10.489 +03:00 [INF] Application started. Press Ctrl+C to shut down.
2026-07-02 11:01:10.489 +03:00 [INF] Hosting environment: Production
2026-07-02 11:01:10.489 +03:00 [INF] Content root path: D:\Systems\BiktalSystems\publish
2026-07-02 11:01:10.593 +03:00 [INF] HTTP GET /Inventory responded 302 in 83.7425 ms
2026-07-02 11:01:10.742 +03:00 [ERR] An exception was thrown while deserializing the token.
Microsoft.AspNetCore.Antiforgery.AntiforgeryValidationException: The antiforgery token could not be decrypted.
 ---> System.Security.Cryptography.CryptographicException: The key {0416e740-75bf-4e1c-9466-be190f2ded59} was not found in the key ring. For more information go to https://aka.ms/aspnet/dataprotectionwarning
   at Microsoft.AspNetCore.DataProtection.KeyManagement.KeyRingBasedDataProtector.UnprotectCore(Byte[] protectedData, Boolean allowOperationsOnRevokedKeys, UnprotectStatus& status)
   at Microsoft.AspNetCore.DataProtection.KeyManagement.KeyRingBasedDataProtector.Unprotect(Byte[] protectedData)
   at Microsoft.AspNetCore.Antiforgery.DefaultAntiforgeryTokenSerializer.Deserialize(String serializedToken)
   --- End of inner exception stack trace ---
   at Microsoft.AspNetCore.Antiforgery.DefaultAntiforgeryTokenSerializer.Deserialize(String serializedToken)
   at Microsoft.AspNetCore.Antiforgery.DefaultAntiforgery.GetCookieTokenDoesNotThrow(HttpContext httpContext)
2026-07-02 11:01:10.837 +03:00 [INF] HTTP GET /Account/Login responded 200 in 225.4698 ms
2026-07-02 11:01:11.017 +03:00 [INF] HTTP GET /Biktal.WebMVC.styles.css responded 200 in 92.7254 ms
2026-07-02 11:01:11.021 +03:00 [INF] HTTP GET /js/site.js responded 200 in 88.7796 ms
2026-07-02 11:01:11.022 +03:00 [INF] HTTP GET /css/site.css responded 200 in 101.0985 ms
2026-07-02 11:01:11.024 +03:00 [INF] HTTP GET /lib/jquery-validation-unobtrusive/dist/jquery.validate.unobtrusive.min.js responded 200 in 57.8870 ms
2026-07-02 11:01:11.024 +03:00 [INF] HTTP GET /lib/jquery-validation/dist/jquery.validate.min.js responded 200 in 92.2352 ms
2026-07-02 11:01:11.024 +03:00 [INF] HTTP GET /lib/bootstrap/dist/js/bootstrap.bundle.min.js responded 200 in 94.9648 ms
2026-07-02 11:01:11.026 +03:00 [INF] HTTP GET /lib/jquery/dist/jquery.min.js responded 200 in 99.2134 ms
2026-07-02 11:01:11.027 +03:00 [INF] HTTP GET /lib/bootstrap/dist/css/bootstrap.min.css responded 200 in 105.8258 ms
2026-07-02 11:01:40.830 +03:00 [INF] HTTP POST /Account/Login responded 302 in 599.4550 ms
2026-07-02 11:01:41.019 +03:00 [INF] HTTP GET /Inventory responded 200 in 181.5532 ms
2026-07-02 11:01:41.083 +03:00 [INF] HTTP GET /Biktal.WebMVC.styles.css responded 200 in 3.0888 ms
2026-07-02 11:01:41.084 +03:00 [INF] HTTP GET /lib/bootstrap/dist/css/bootstrap.min.css responded 200 in 8.3862 ms
2026-07-02 11:01:41.112 +03:00 [INF] HTTP GET /css/site.css responded 200 in 29.0967 ms
2026-07-02 11:01:41.113 +03:00 [INF] HTTP GET /lib/jquery/dist/jquery.min.js responded 304 in 31.8298 ms
2026-07-02 11:01:41.134 +03:00 [INF] HTTP GET /js/site.js responded 304 in 24.4307 ms
2026-07-02 11:01:41.237 +03:00 [INF] HTTP GET /lib/bootstrap/dist/js/bootstrap.bundle.min.js responded 304 in 151.4114 ms
2026-07-02 11:01:49.270 +03:00 [INF] HTTP GET /Inventory responded 200 in 32.6220 ms
2026-07-02 11:01:49.332 +03:00 [INF] HTTP GET /lib/bootstrap/dist/css/bootstrap.min.css responded 200 in 8.0687 ms
2026-07-02 11:01:49.337 +03:00 [INF] HTTP GET /css/site.css responded 200 in 2.5156 ms
2026-07-02 11:01:49.337 +03:00 [INF] HTTP GET /Biktal.WebMVC.styles.css responded 200 in 2.6177 ms
2026-07-02 11:01:49.344 +03:00 [INF] HTTP GET /lib/jquery/dist/jquery.min.js responded 304 in 6.2047 ms
2026-07-02 11:01:49.347 +03:00 [INF] HTTP GET /js/site.js responded 304 in 2.4281 ms
2026-07-02 11:01:49.347 +03:00 [INF] HTTP GET /lib/bootstrap/dist/js/bootstrap.bundle.min.js responded 304 in 3.2308 ms
2026-07-02 11:01:50.823 +03:00 [INF] HTTP GET /Inventory/Products responded 200 in 497.1680 ms
2026-07-02 11:01:50.838 +03:00 [INF] HTTP GET /lib/bootstrap/dist/css/bootstrap.min.css responded 200 in 2.1502 ms
2026-07-02 11:01:50.840 +03:00 [INF] HTTP GET /css/site.css responded 200 in 3.7778 ms
2026-07-02 11:01:50.843 +03:00 [INF] HTTP GET /Biktal.WebMVC.styles.css responded 200 in 1.9431 ms
2026-07-02 11:01:51.593 +03:00 [INF] HTTP GET /lib/jquery/dist/jquery.min.js responded 304 in 0.5409 ms
2026-07-02 11:01:51.617 +03:00 [INF] HTTP GET /lib/bootstrap/dist/js/bootstrap.bundle.min.js responded 304 in 3.3703 ms
2026-07-02 11:01:51.618 +03:00 [INF] HTTP GET /js/site.js responded 304 in 0.9335 ms
2026-07-02 11:01:51.619 +03:00 [INF] HTTP GET /js/products-catalog-filter.js responded 200 in 1.4087 ms
2026-07-02 11:01:51.633 +03:00 [INF] HTTP GET /lib/jquery-validation-unobtrusive/dist/jquery.validate.unobtrusive.min.js responded 304 in 13.8171 ms
2026-07-02 11:01:51.638 +03:00 [INF] HTTP GET /lib/jquery-validation/dist/jquery.validate.min.js responded 304 in 20.7990 ms
2026-07-02 11:08:28.909 +03:00 [WRN] The query uses the 'First'/'FirstOrDefault' operator without 'OrderBy' and filter operators. This may lead to unpredictable results.
2026-07-02 11:08:29.026 +03:00 [INF] HTTP GET /Pos responded 200 in 266.1812 ms
2026-07-02 11:08:29.102 +03:00 [INF] HTTP GET /css/site.css responded 200 in 1.6915 ms
2026-07-02 11:08:29.102 +03:00 [INF] HTTP GET /lib/bootstrap/dist/css/bootstrap.min.css responded 200 in 1.2996 ms
2026-07-02 11:08:29.109 +03:00 [INF] HTTP GET /Biktal.WebMVC.styles.css responded 200 in 5.2487 ms
2026-07-02 11:08:29.109 +03:00 [INF] HTTP GET /lib/jquery/dist/jquery.min.js responded 200 in 3.2383 ms
2026-07-02 11:08:29.113 +03:00 [INF] HTTP GET /lib/bootstrap/dist/js/bootstrap.bundle.min.js responded 200 in 1.2133 ms
2026-07-02 11:08:29.118 +03:00 [INF] HTTP GET /js/site.js responded 200 in 5.1089 ms
2026-07-02 11:08:29.154 +03:00 [INF] HTTP GET /js/pos.js responded 200 in 33.2601 ms
2026-07-02 11:12:29.823 +03:00 [INF] HTTP POST /Pos/CompleteSale responded 200 in 689.1019 ms
2026-07-02 11:12:32.607 +03:00 [INF] HTTP GET /favicon.ico responded 200 in 2.2958 ms
2026-07-02 11:19:57.733 +03:00 [INF] HTTP GET /Inventory responded 200 in 125.7909 ms
2026-07-02 11:19:57.812 +03:00 [INF] HTTP GET /css/site.css responded 200 in 1.8443 ms
2026-07-02 11:19:57.814 +03:00 [INF] HTTP GET /Biktal.WebMVC.styles.css responded 200 in 2.4708 ms
2026-07-02 11:19:57.814 +03:00 [INF] HTTP GET /lib/bootstrap/dist/css/bootstrap.min.css responded 200 in 1.7486 ms
2026-07-02 11:19:57.822 +03:00 [INF] HTTP GET /js/site.js responded 200 in 3.8283 ms
2026-07-02 11:19:57.825 +03:00 [INF] HTTP GET /lib/bootstrap/dist/js/bootstrap.bundle.min.js responded 200 in 2.4193 ms
2026-07-02 11:19:57.834 +03:00 [INF] HTTP GET /lib/jquery/dist/jquery.min.js responded 200 in 1.6431 ms
2026-07-02 11:19:59.455 +03:00 [INF] HTTP GET /Inventory/Products responded 200 in 146.6069 ms
2026-07-02 11:19:59.488 +03:00 [INF] HTTP GET /lib/bootstrap/dist/css/bootstrap.min.css responded 304 in 1.0407 ms
2026-07-02 11:19:59.489 +03:00 [INF] HTTP GET /Biktal.WebMVC.styles.css responded 304 in 0.5611 ms
2026-07-02 11:19:59.489 +03:00 [INF] HTTP GET /css/site.css responded 304 in 1.2692 ms
2026-07-02 11:20:00.763 +03:00 [INF] HTTP GET /lib/jquery/dist/jquery.min.js responded 304 in 0.6088 ms
2026-07-02 11:20:00.774 +03:00 [INF] HTTP GET /lib/bootstrap/dist/js/bootstrap.bundle.min.js responded 304 in 0.9381 ms
2026-07-02 11:20:00.776 +03:00 [INF] HTTP GET /js/site.js responded 304 in 0.8134 ms
2026-07-02 11:20:00.783 +03:00 [INF] HTTP GET /lib/jquery-validation/dist/jquery.validate.min.js responded 200 in 2.7261 ms
2026-07-02 11:20:00.783 +03:00 [INF] HTTP GET /lib/jquery-validation-unobtrusive/dist/jquery.validate.unobtrusive.min.js responded 200 in 1.2749 ms
2026-07-02 11:20:00.790 +03:00 [INF] HTTP GET /js/products-catalog-filter.js responded 200 in 1.2090 ms
2026-07-02 11:40:36.501 +03:00 [INF] Application is shutting down...
2026-07-02 11:58:41.897 +03:00 [ERR] Failed executing DbCommand (6ms) [Parameters=[@p0='?' (DbType = Guid), @p1='?' (DbType = DateTime), @p2='?' (DbType = Guid), @p3='?', @p4='?' (DbType = DateTime), @p5='?' (DbType = Int32), @p6='?' (DbType = Int32), @p7='?', @p8='?', @p9='?' (DbType = Guid), @p10='?' (DbType = DateTime), @p11='?' (DbType = Guid), @p12='?', @p13='?' (DbType = DateTime), @p14='?' (DbType = Int32), @p15='?' (DbType = Int32), @p16='?', @p17='?'], CommandType='"Text"', CommandTimeout='30']
INSERT INTO "CrmSupportTickets" ("Id", "CreatedAtUtc", "CustomerId", "Description", "ModifiedAtUtc", "Priority", "Status", "Subject", "TicketNumber")
VALUES (@p0, @p1, @p2, @p3, @p4, @p5, @p6, @p7, @p8);
INSERT INTO "CrmSupportTickets" ("Id", "CreatedAtUtc", "CustomerId", "Description", "ModifiedAtUtc", "Priority", "Status", "Subject", "TicketNumber")
VALUES (@p9, @p10, @p11, @p12, @p13, @p14, @p15, @p16, @p17);
2026-07-02 11:58:41.971 +03:00 [ERR] An exception occurred in the database while saving changes for context type 'Biktal.Infrastructure.Persistence.ApplicationDbContext'.
Microsoft.EntityFrameworkCore.DbUpdateException: An error occurred while saving the entity changes. See the inner exception for details.
 ---> Npgsql.PostgresException (0x80004005): 23503: insert or update on table "CrmSupportTickets" violates foreign key constraint "FK_CrmSupportTickets_CrmCustomers_CustomerId"

DETAIL: Detail redacted as it may contain sensitive data. Specify 'Include Error Detail' in the connection string to include this information.
   at Npgsql.Internal.NpgsqlConnector.ReadMessageLong(Boolean async, DataRowLoadingMode dataRowLoadingMode, Boolean readingNotifications, Boolean isReadingPrependedMessage)
   at System.Runtime.CompilerServices.PoolingAsyncValueTaskMethodBuilder`1.StateMachineBox`1.System.Threading.Tasks.Sources.IValueTaskSource<TResult>.GetResult(Int16 token)
   at Npgsql.NpgsqlDataReader.NextResult(Boolean async, Boolean isConsuming, CancellationToken cancellationToken)
   at Npgsql.NpgsqlDataReader.NextResult(Boolean async, Boolean isConsuming, CancellationToken cancellationToken)
   at Npgsql.NpgsqlCommand.ExecuteReader(Boolean async, CommandBehavior behavior, CancellationToken cancellationToken)
   at Npgsql.NpgsqlCommand.ExecuteReader(Boolean async, CommandBehavior behavior, CancellationToken cancellationToken)
   at Npgsql.NpgsqlCommand.ExecuteDbDataReaderAsync(CommandBehavior behavior, CancellationToken cancellationToken)
   at Microsoft.EntityFrameworkCore.Storage.RelationalCommand.ExecuteReaderAsync(RelationalCommandParameterObject parameterObject, CancellationToken cancellationToken)
   at Microsoft.EntityFrameworkCore.Storage.RelationalCommand.ExecuteReaderAsync(RelationalCommandParameterObject parameterObject, CancellationToken cancellationToken)
   at Microsoft.EntityFrameworkCore.Update.ReaderModificationCommandBatch.ExecuteAsync(IRelationalConnection connection, CancellationToken cancellationToken)
  Exception data:
    Severity: ERROR
    SqlState: 23503
    MessageText: insert or update on table "CrmSupportTickets" violates foreign key constraint "FK_CrmSupportTickets_CrmCustomers_CustomerId"
    Detail: Detail redacted as it may contain sensitive data. Specify 'Include Error Detail' in the connection string to include this information.
    SchemaName: public
    TableName: CrmSupportTickets
    ConstraintName: FK_CrmSupportTickets_CrmCustomers_CustomerId
    File: ri_triggers.c
    Line: 2783
    Routine: ri_ReportViolation
   --- End of inner exception stack trace ---
   at Microsoft.EntityFrameworkCore.Update.ReaderModificationCommandBatch.ExecuteAsync(IRelationalConnection connection, CancellationToken cancellationToken)
   at Microsoft.EntityFrameworkCore.Update.Internal.BatchExecutor.ExecuteAsync(IEnumerable`1 commandBatches, IRelationalConnection connection, CancellationToken cancellationToken)
   at Microsoft.EntityFrameworkCore.Update.Internal.BatchExecutor.ExecuteAsync(IEnumerable`1 commandBatches, IRelationalConnection connection, CancellationToken cancellationToken)
   at Microsoft.EntityFrameworkCore.Update.Internal.BatchExecutor.ExecuteAsync(IEnumerable`1 commandBatches, IRelationalConnection connection, CancellationToken cancellationToken)
   at Microsoft.EntityFrameworkCore.Storage.RelationalDatabase.SaveChangesAsync(IList`1 entries, CancellationToken cancellationToken)
   at Microsoft.EntityFrameworkCore.ChangeTracking.Internal.StateManager.SaveChangesAsync(IList`1 entriesToSave, CancellationToken cancellationToken)
   at Microsoft.EntityFrameworkCore.ChangeTracking.Internal.StateManager.SaveChangesAsync(StateManager stateManager, Boolean acceptAllChangesOnSuccess, CancellationToken cancellationToken)
   at Npgsql.EntityFrameworkCore.PostgreSQL.Storage.Internal.NpgsqlExecutionStrategy.ExecuteAsync[TState,TResult](TState state, Func`4 operation, Func`4 verifySucceeded, CancellationToken cancellationToken)
   at Microsoft.EntityFrameworkCore.DbContext.SaveChangesAsync(Boolean acceptAllChangesOnSuccess, CancellationToken cancellationToken)
Microsoft.EntityFrameworkCore.DbUpdateException: An error occurred while saving the entity changes. See the inner exception for details.
 ---> Npgsql.PostgresException (0x80004005): 23503: insert or update on table "CrmSupportTickets" violates foreign key constraint "FK_CrmSupportTickets_CrmCustomers_CustomerId"

DETAIL: Detail redacted as it may contain sensitive data. Specify 'Include Error Detail' in the connection string to include this information.
   at Npgsql.Internal.NpgsqlConnector.ReadMessageLong(Boolean async, DataRowLoadingMode dataRowLoadingMode, Boolean readingNotifications, Boolean isReadingPrependedMessage)
   at System.Runtime.CompilerServices.PoolingAsyncValueTaskMethodBuilder`1.StateMachineBox`1.System.Threading.Tasks.Sources.IValueTaskSource<TResult>.GetResult(Int16 token)
   at Npgsql.NpgsqlDataReader.NextResult(Boolean async, Boolean isConsuming, CancellationToken cancellationToken)
   at Npgsql.NpgsqlDataReader.NextResult(Boolean async, Boolean isConsuming, CancellationToken cancellationToken)
   at Npgsql.NpgsqlCommand.ExecuteReader(Boolean async, CommandBehavior behavior, CancellationToken cancellationToken)
   at Npgsql.NpgsqlCommand.ExecuteReader(Boolean async, CommandBehavior behavior, CancellationToken cancellationToken)
   at Npgsql.NpgsqlCommand.ExecuteDbDataReaderAsync(CommandBehavior behavior, CancellationToken cancellationToken)
   at Microsoft.EntityFrameworkCore.Storage.RelationalCommand.ExecuteReaderAsync(RelationalCommandParameterObject parameterObject, CancellationToken cancellationToken)
   at Microsoft.EntityFrameworkCore.Storage.RelationalCommand.ExecuteReaderAsync(RelationalCommandParameterObject parameterObject, CancellationToken cancellationToken)
   at Microsoft.EntityFrameworkCore.Update.ReaderModificationCommandBatch.ExecuteAsync(IRelationalConnection connection, CancellationToken cancellationToken)
  Exception data:
    Severity: ERROR
    SqlState: 23503
    MessageText: insert or update on table "CrmSupportTickets" violates foreign key constraint "FK_CrmSupportTickets_CrmCustomers_CustomerId"
    Detail: Detail redacted as it may contain sensitive data. Specify 'Include Error Detail' in the connection string to include this information.
    SchemaName: public
    TableName: CrmSupportTickets
    ConstraintName: FK_CrmSupportTickets_CrmCustomers_CustomerId
    File: ri_triggers.c
    Line: 2783
    Routine: ri_ReportViolation
   --- End of inner exception stack trace ---
   at Microsoft.EntityFrameworkCore.Update.ReaderModificationCommandBatch.ExecuteAsync(IRelationalConnection connection, CancellationToken cancellationToken)
   at Microsoft.EntityFrameworkCore.Update.Internal.BatchExecutor.ExecuteAsync(IEnumerable`1 commandBatches, IRelationalConnection connection, CancellationToken cancellationToken)
   at Microsoft.EntityFrameworkCore.Update.Internal.BatchExecutor.ExecuteAsync(IEnumerable`1 commandBatches, IRelationalConnection connection, CancellationToken cancellationToken)
   at Microsoft.EntityFrameworkCore.Update.Internal.BatchExecutor.ExecuteAsync(IEnumerable`1 commandBatches, IRelationalConnection connection, CancellationToken cancellationToken)
   at Microsoft.EntityFrameworkCore.Storage.RelationalDatabase.SaveChangesAsync(IList`1 entries, CancellationToken cancellationToken)
   at Microsoft.EntityFrameworkCore.ChangeTracking.Internal.StateManager.SaveChangesAsync(IList`1 entriesToSave, CancellationToken cancellationToken)
   at Microsoft.EntityFrameworkCore.ChangeTracking.Internal.StateManager.SaveChangesAsync(StateManager stateManager, Boolean acceptAllChangesOnSuccess, CancellationToken cancellationToken)
   at Npgsql.EntityFrameworkCore.PostgreSQL.Storage.Internal.NpgsqlExecutionStrategy.ExecuteAsync[TState,TResult](TState state, Func`4 operation, Func`4 verifySucceeded, CancellationToken cancellationToken)
   at Microsoft.EntityFrameworkCore.DbContext.SaveChangesAsync(Boolean acceptAllChangesOnSuccess, CancellationToken cancellationToken)
2026-07-02 11:58:41.976 +03:00 [ERR] Database migration or seed failed. Check PostgreSQL is running and ConnectionStrings:DefaultConnection is correct.
Microsoft.EntityFrameworkCore.DbUpdateException: An error occurred while saving the entity changes. See the inner exception for details.
 ---> Npgsql.PostgresException (0x80004005): 23503: insert or update on table "CrmSupportTickets" violates foreign key constraint "FK_CrmSupportTickets_CrmCustomers_CustomerId"

DETAIL: Detail redacted as it may contain sensitive data. Specify 'Include Error Detail' in the connection string to include this information.
   at Npgsql.Internal.NpgsqlConnector.ReadMessageLong(Boolean async, DataRowLoadingMode dataRowLoadingMode, Boolean readingNotifications, Boolean isReadingPrependedMessage)
   at System.Runtime.CompilerServices.PoolingAsyncValueTaskMethodBuilder`1.StateMachineBox`1.System.Threading.Tasks.Sources.IValueTaskSource<TResult>.GetResult(Int16 token)
   at Npgsql.NpgsqlDataReader.NextResult(Boolean async, Boolean isConsuming, CancellationToken cancellationToken)
   at Npgsql.NpgsqlDataReader.NextResult(Boolean async, Boolean isConsuming, CancellationToken cancellationToken)
   at Npgsql.NpgsqlCommand.ExecuteReader(Boolean async, CommandBehavior behavior, CancellationToken cancellationToken)
   at Npgsql.NpgsqlCommand.ExecuteReader(Boolean async, CommandBehavior behavior, CancellationToken cancellationToken)
   at Npgsql.NpgsqlCommand.ExecuteDbDataReaderAsync(CommandBehavior behavior, CancellationToken cancellationToken)
   at Microsoft.EntityFrameworkCore.Storage.RelationalCommand.ExecuteReaderAsync(RelationalCommandParameterObject parameterObject, CancellationToken cancellationToken)
   at Microsoft.EntityFrameworkCore.Storage.RelationalCommand.ExecuteReaderAsync(RelationalCommandParameterObject parameterObject, CancellationToken cancellationToken)
   at Microsoft.EntityFrameworkCore.Update.ReaderModificationCommandBatch.ExecuteAsync(IRelationalConnection connection, CancellationToken cancellationToken)
  Exception data:
    Severity: ERROR
    SqlState: 23503
    MessageText: insert or update on table "CrmSupportTickets" violates foreign key constraint "FK_CrmSupportTickets_CrmCustomers_CustomerId"
    Detail: Detail redacted as it may contain sensitive data. Specify 'Include Error Detail' in the connection string to include this information.
    SchemaName: public
    TableName: CrmSupportTickets
    ConstraintName: FK_CrmSupportTickets_CrmCustomers_CustomerId
    File: ri_triggers.c
    Line: 2783
    Routine: ri_ReportViolation
   --- End of inner exception stack trace ---
   at Microsoft.EntityFrameworkCore.Update.ReaderModificationCommandBatch.ExecuteAsync(IRelationalConnection connection, CancellationToken cancellationToken)
   at Microsoft.EntityFrameworkCore.Update.Internal.BatchExecutor.ExecuteAsync(IEnumerable`1 commandBatches, IRelationalConnection connection, CancellationToken cancellationToken)
   at Microsoft.EntityFrameworkCore.Update.Internal.BatchExecutor.ExecuteAsync(IEnumerable`1 commandBatches, IRelationalConnection connection, CancellationToken cancellationToken)
   at Microsoft.EntityFrameworkCore.Update.Internal.BatchExecutor.ExecuteAsync(IEnumerable`1 commandBatches, IRelationalConnection connection, CancellationToken cancellationToken)
   at Microsoft.EntityFrameworkCore.Storage.RelationalDatabase.SaveChangesAsync(IList`1 entries, CancellationToken cancellationToken)
   at Microsoft.EntityFrameworkCore.ChangeTracking.Internal.StateManager.SaveChangesAsync(IList`1 entriesToSave, CancellationToken cancellationToken)
   at Microsoft.EntityFrameworkCore.ChangeTracking.Internal.StateManager.SaveChangesAsync(StateManager stateManager, Boolean acceptAllChangesOnSuccess, CancellationToken cancellationToken)
   at Npgsql.EntityFrameworkCore.PostgreSQL.Storage.Internal.NpgsqlExecutionStrategy.ExecuteAsync[TState,TResult](TState state, Func`4 operation, Func`4 verifySucceeded, CancellationToken cancellationToken)
   at Microsoft.EntityFrameworkCore.DbContext.SaveChangesAsync(Boolean acceptAllChangesOnSuccess, CancellationToken cancellationToken)
   at Microsoft.EntityFrameworkCore.DbContext.SaveChangesAsync(Boolean acceptAllChangesOnSuccess, CancellationToken cancellationToken)
   at Biktal.Infrastructure.Persistence.CrmDataSeeder.SeedIfEmptyAsync(ApplicationDbContext db, CancellationToken cancellationToken)
   at Program.<Main>$(String[] args) in d:\Systems\BiktalSystems\Program.cs:line 71
2026-07-02 11:58:41.982 +03:00 [WRN] Continuing without a successful migration/seed. Auth and data pages may fail until the database is available.
2026-07-02 11:58:42.006 +03:00 [WRN] Using an in-memory repository. Keys will not be persisted to storage.
2026-07-02 11:58:42.006 +03:00 [WRN] Neither user profile nor HKLM registry available. Using an ephemeral key repository. Protected data will be unavailable when application exits.
2026-07-02 11:58:42.024 +03:00 [WRN] No XML encryptor configured. Key {c7808848-12e2-4076-96e1-5e0f94d4d507} may be persisted to storage in unencrypted form.
2026-07-02 11:58:42.073 +03:00 [INF] Application started. Press Ctrl+C to shut down.
2026-07-02 11:58:42.074 +03:00 [INF] Hosting environment: Production
2026-07-02 11:58:42.074 +03:00 [INF] Content root path: D:\Systems\BiktalSystems\publish
2026-07-02 11:58:42.180 +03:00 [INF] HTTP GET /Inventory/Products responded 302 in 84.6749 ms
2026-07-02 11:58:42.326 +03:00 [ERR] An exception was thrown while deserializing the token.
Microsoft.AspNetCore.Antiforgery.AntiforgeryValidationException: The antiforgery token could not be decrypted.
 ---> System.Security.Cryptography.CryptographicException: The key {e49bd0cc-4730-439b-894d-b45667a5cfac} was not found in the key ring. For more information go to https://aka.ms/aspnet/dataprotectionwarning
   at Microsoft.AspNetCore.DataProtection.KeyManagement.KeyRingBasedDataProtector.UnprotectCore(Byte[] protectedData, Boolean allowOperationsOnRevokedKeys, UnprotectStatus& status)
   at Microsoft.AspNetCore.DataProtection.KeyManagement.KeyRingBasedDataProtector.Unprotect(Byte[] protectedData)
   at Microsoft.AspNetCore.Antiforgery.DefaultAntiforgeryTokenSerializer.Deserialize(String serializedToken)
   --- End of inner exception stack trace ---
   at Microsoft.AspNetCore.Antiforgery.DefaultAntiforgeryTokenSerializer.Deserialize(String serializedToken)
   at Microsoft.AspNetCore.Antiforgery.DefaultAntiforgery.GetCookieTokenDoesNotThrow(HttpContext httpContext)
2026-07-02 11:58:42.421 +03:00 [INF] HTTP GET /Account/Login responded 200 in 223.0916 ms
2026-07-02 11:58:42.549 +03:00 [INF] HTTP GET /css/site.css responded 200 in 35.8073 ms
2026-07-02 11:58:42.552 +03:00 [INF] HTTP GET /lib/bootstrap/dist/css/bootstrap.min.css responded 200 in 40.4682 ms
2026-07-02 11:58:42.558 +03:00 [INF] HTTP GET /Biktal.WebMVC.styles.css responded 200 in 35.9304 ms
2026-07-02 11:58:42.558 +03:00 [INF] HTTP GET /lib/jquery-validation/dist/jquery.validate.min.js responded 200 in 32.9027 ms
2026-07-02 11:58:42.558 +03:00 [INF] HTTP GET /lib/jquery-validation-unobtrusive/dist/jquery.validate.unobtrusive.min.js responded 200 in 17.3545 ms
2026-07-02 11:58:42.558 +03:00 [INF] HTTP GET /js/site.js responded 200 in 35.4466 ms
2026-07-02 11:58:42.558 +03:00 [INF] HTTP GET /lib/jquery/dist/jquery.min.js responded 200 in 37.2887 ms
2026-07-02 11:58:42.559 +03:00 [INF] HTTP GET /lib/bootstrap/dist/js/bootstrap.bundle.min.js responded 200 in 33.8184 ms
2026-07-02 11:58:50.232 +03:00 [INF] HTTP POST /Account/Login responded 200 in 461.0204 ms
2026-07-02 11:58:50.297 +03:00 [INF] HTTP GET /lib/bootstrap/dist/css/bootstrap.min.css responded 200 in 6.2503 ms
2026-07-02 11:58:50.300 +03:00 [INF] HTTP GET /Biktal.WebMVC.styles.css responded 200 in 2.5017 ms
2026-07-02 11:58:50.312 +03:00 [INF] HTTP GET /css/site.css responded 200 in 11.7839 ms
2026-07-02 11:58:50.339 +03:00 [INF] HTTP GET /lib/jquery/dist/jquery.min.js responded 304 in 38.5900 ms
2026-07-02 11:58:50.339 +03:00 [INF] HTTP GET /lib/jquery-validation/dist/jquery.validate.min.js responded 304 in 26.8391 ms
2026-07-02 11:58:50.350 +03:00 [INF] HTTP GET /lib/jquery-validation-unobtrusive/dist/jquery.validate.unobtrusive.min.js responded 304 in 22.5232 ms
2026-07-02 11:58:50.365 +03:00 [INF] HTTP GET /js/site.js responded 304 in 30.1918 ms
2026-07-02 11:58:50.472 +03:00 [INF] HTTP GET /lib/bootstrap/dist/js/bootstrap.bundle.min.js responded 304 in 166.1905 ms
2026-07-02 11:58:56.222 +03:00 [INF] HTTP POST /Account/Login responded 302 in 382.6135 ms
2026-07-02 11:58:56.745 +03:00 [INF] HTTP GET /Inventory/Products responded 200 in 516.7346 ms
2026-07-02 11:58:56.769 +03:00 [INF] HTTP GET /css/site.css responded 200 in 2.8064 ms
2026-07-02 11:58:56.769 +03:00 [INF] HTTP GET /lib/bootstrap/dist/css/bootstrap.min.css responded 200 in 3.3351 ms
2026-07-02 11:58:56.770 +03:00 [INF] HTTP GET /Biktal.WebMVC.styles.css responded 200 in 3.2379 ms
2026-07-02 11:58:57.516 +03:00 [INF] HTTP GET /lib/jquery/dist/jquery.min.js responded 304 in 2.2560 ms
2026-07-02 11:58:57.537 +03:00 [INF] HTTP GET /js/site.js responded 304 in 0.8461 ms
2026-07-02 11:58:57.537 +03:00 [INF] HTTP GET /lib/bootstrap/dist/js/bootstrap.bundle.min.js responded 304 in 0.8459 ms
2026-07-02 11:58:57.539 +03:00 [INF] HTTP GET /lib/jquery-validation/dist/jquery.validate.min.js responded 304 in 1.1483 ms
2026-07-02 11:58:57.542 +03:00 [INF] HTTP GET /lib/jquery-validation-unobtrusive/dist/jquery.validate.unobtrusive.min.js responded 304 in 2.4327 ms
2026-07-02 11:58:57.550 +03:00 [INF] HTTP GET /js/products-catalog-filter.js responded 200 in 2.9288 ms
2026-07-02 11:59:09.687 +03:00 [INF] HTTP POST /Inventory/EditProduct responded 302 in 186.5932 ms
2026-07-02 11:59:09.823 +03:00 [INF] HTTP GET /Inventory/Products responded 200 in 127.0542 ms
2026-07-02 11:59:09.883 +03:00 [INF] HTTP GET /lib/bootstrap/dist/css/bootstrap.min.css responded 304 in 0.8450 ms
2026-07-02 11:59:09.884 +03:00 [INF] HTTP GET /css/site.css responded 304 in 0.7999 ms
2026-07-02 11:59:09.885 +03:00 [INF] HTTP GET /Biktal.WebMVC.styles.css responded 304 in 1.4194 ms
2026-07-02 11:59:10.881 +03:00 [INF] HTTP GET /lib/jquery/dist/jquery.min.js responded 304 in 0.8240 ms
2026-07-02 11:59:10.898 +03:00 [INF] HTTP GET /lib/bootstrap/dist/js/bootstrap.bundle.min.js responded 304 in 0.8716 ms
2026-07-02 11:59:10.900 +03:00 [INF] HTTP GET /js/site.js responded 304 in 1.2320 ms
2026-07-02 11:59:10.903 +03:00 [INF] HTTP GET /lib/jquery-validation/dist/jquery.validate.min.js responded 304 in 1.4213 ms
2026-07-02 11:59:10.905 +03:00 [INF] HTTP GET /lib/jquery-validation-unobtrusive/dist/jquery.validate.unobtrusive.min.js responded 304 in 1.4018 ms
2026-07-02 11:59:10.906 +03:00 [INF] HTTP GET /js/products-catalog-filter.js responded 304 in 0.8085 ms
2026-07-02 12:19:38.970 +03:00 [INF] Application is shutting down...
2026-07-02 12:41:29.063 +03:00 [ERR] Failed executing DbCommand (36ms) [Parameters=[@p0='?' (DbType = Guid), @p1='?' (DbType = DateTime), @p2='?' (DbType = Guid), @p3='?', @p4='?' (DbType = DateTime), @p5='?' (DbType = Int32), @p6='?' (DbType = Int32), @p7='?', @p8='?', @p9='?' (DbType = Guid), @p10='?' (DbType = DateTime), @p11='?' (DbType = Guid), @p12='?', @p13='?' (DbType = DateTime), @p14='?' (DbType = Int32), @p15='?' (DbType = Int32), @p16='?', @p17='?'], CommandType='"Text"', CommandTimeout='30']
INSERT INTO "CrmSupportTickets" ("Id", "CreatedAtUtc", "CustomerId", "Description", "ModifiedAtUtc", "Priority", "Status", "Subject", "TicketNumber")
VALUES (@p0, @p1, @p2, @p3, @p4, @p5, @p6, @p7, @p8);
INSERT INTO "CrmSupportTickets" ("Id", "CreatedAtUtc", "CustomerId", "Description", "ModifiedAtUtc", "Priority", "Status", "Subject", "TicketNumber")
VALUES (@p9, @p10, @p11, @p12, @p13, @p14, @p15, @p16, @p17);
2026-07-02 12:41:29.153 +03:00 [ERR] An exception occurred in the database while saving changes for context type 'Biktal.Infrastructure.Persistence.ApplicationDbContext'.
Microsoft.EntityFrameworkCore.DbUpdateException: An error occurred while saving the entity changes. See the inner exception for details.
 ---> Npgsql.PostgresException (0x80004005): 23503: insert or update on table "CrmSupportTickets" violates foreign key constraint "FK_CrmSupportTickets_CrmCustomers_CustomerId"

DETAIL: Detail redacted as it may contain sensitive data. Specify 'Include Error Detail' in the connection string to include this information.
   at Npgsql.Internal.NpgsqlConnector.ReadMessageLong(Boolean async, DataRowLoadingMode dataRowLoadingMode, Boolean readingNotifications, Boolean isReadingPrependedMessage)
   at System.Runtime.CompilerServices.PoolingAsyncValueTaskMethodBuilder`1.StateMachineBox`1.System.Threading.Tasks.Sources.IValueTaskSource<TResult>.GetResult(Int16 token)
   at Npgsql.NpgsqlDataReader.NextResult(Boolean async, Boolean isConsuming, CancellationToken cancellationToken)
   at Npgsql.NpgsqlDataReader.NextResult(Boolean async, Boolean isConsuming, CancellationToken cancellationToken)
   at Npgsql.NpgsqlCommand.ExecuteReader(Boolean async, CommandBehavior behavior, CancellationToken cancellationToken)
   at Npgsql.NpgsqlCommand.ExecuteReader(Boolean async, CommandBehavior behavior, CancellationToken cancellationToken)
   at Npgsql.NpgsqlCommand.ExecuteDbDataReaderAsync(CommandBehavior behavior, CancellationToken cancellationToken)
   at Microsoft.EntityFrameworkCore.Storage.RelationalCommand.ExecuteReaderAsync(RelationalCommandParameterObject parameterObject, CancellationToken cancellationToken)
   at Microsoft.EntityFrameworkCore.Storage.RelationalCommand.ExecuteReaderAsync(RelationalCommandParameterObject parameterObject, CancellationToken cancellationToken)
   at Microsoft.EntityFrameworkCore.Update.ReaderModificationCommandBatch.ExecuteAsync(IRelationalConnection connection, CancellationToken cancellationToken)
  Exception data:
    Severity: ERROR
    SqlState: 23503
    MessageText: insert or update on table "CrmSupportTickets" violates foreign key constraint "FK_CrmSupportTickets_CrmCustomers_CustomerId"
    Detail: Detail redacted as it may contain sensitive data. Specify 'Include Error Detail' in the connection string to include this information.
    SchemaName: public
    TableName: CrmSupportTickets
    ConstraintName: FK_CrmSupportTickets_CrmCustomers_CustomerId
    File: ri_triggers.c
    Line: 2783
    Routine: ri_ReportViolation
   --- End of inner exception stack trace ---
   at Microsoft.EntityFrameworkCore.Update.ReaderModificationCommandBatch.ExecuteAsync(IRelationalConnection connection, CancellationToken cancellationToken)
   at Microsoft.EntityFrameworkCore.Update.Internal.BatchExecutor.ExecuteAsync(IEnumerable`1 commandBatches, IRelationalConnection connection, CancellationToken cancellationToken)
   at Microsoft.EntityFrameworkCore.Update.Internal.BatchExecutor.ExecuteAsync(IEnumerable`1 commandBatches, IRelationalConnection connection, CancellationToken cancellationToken)
   at Microsoft.EntityFrameworkCore.Update.Internal.BatchExecutor.ExecuteAsync(IEnumerable`1 commandBatches, IRelationalConnection connection, CancellationToken cancellationToken)
   at Microsoft.EntityFrameworkCore.Storage.RelationalDatabase.SaveChangesAsync(IList`1 entries, CancellationToken cancellationToken)
   at Microsoft.EntityFrameworkCore.ChangeTracking.Internal.StateManager.SaveChangesAsync(IList`1 entriesToSave, CancellationToken cancellationToken)
   at Microsoft.EntityFrameworkCore.ChangeTracking.Internal.StateManager.SaveChangesAsync(StateManager stateManager, Boolean acceptAllChangesOnSuccess, CancellationToken cancellationToken)
   at Npgsql.EntityFrameworkCore.PostgreSQL.Storage.Internal.NpgsqlExecutionStrategy.ExecuteAsync[TState,TResult](TState state, Func`4 operation, Func`4 verifySucceeded, CancellationToken cancellationToken)
   at Microsoft.EntityFrameworkCore.DbContext.SaveChangesAsync(Boolean acceptAllChangesOnSuccess, CancellationToken cancellationToken)
Microsoft.EntityFrameworkCore.DbUpdateException: An error occurred while saving the entity changes. See the inner exception for details.
 ---> Npgsql.PostgresException (0x80004005): 23503: insert or update on table "CrmSupportTickets" violates foreign key constraint "FK_CrmSupportTickets_CrmCustomers_CustomerId"

DETAIL: Detail redacted as it may contain sensitive data. Specify 'Include Error Detail' in the connection string to include this information.
   at Npgsql.Internal.NpgsqlConnector.ReadMessageLong(Boolean async, DataRowLoadingMode dataRowLoadingMode, Boolean readingNotifications, Boolean isReadingPrependedMessage)
   at System.Runtime.CompilerServices.PoolingAsyncValueTaskMethodBuilder`1.StateMachineBox`1.System.Threading.Tasks.Sources.IValueTaskSource<TResult>.GetResult(Int16 token)
   at Npgsql.NpgsqlDataReader.NextResult(Boolean async, Boolean isConsuming, CancellationToken cancellationToken)
   at Npgsql.NpgsqlDataReader.NextResult(Boolean async, Boolean isConsuming, CancellationToken cancellationToken)
   at Npgsql.NpgsqlCommand.ExecuteReader(Boolean async, CommandBehavior behavior, CancellationToken cancellationToken)
   at Npgsql.NpgsqlCommand.ExecuteReader(Boolean async, CommandBehavior behavior, CancellationToken cancellationToken)
   at Npgsql.NpgsqlCommand.ExecuteDbDataReaderAsync(CommandBehavior behavior, CancellationToken cancellationToken)
   at Microsoft.EntityFrameworkCore.Storage.RelationalCommand.ExecuteReaderAsync(RelationalCommandParameterObject parameterObject, CancellationToken cancellationToken)
   at Microsoft.EntityFrameworkCore.Storage.RelationalCommand.ExecuteReaderAsync(RelationalCommandParameterObject parameterObject, CancellationToken cancellationToken)
   at Microsoft.EntityFrameworkCore.Update.ReaderModificationCommandBatch.ExecuteAsync(IRelationalConnection connection, CancellationToken cancellationToken)
  Exception data:
    Severity: ERROR
    SqlState: 23503
    MessageText: insert or update on table "CrmSupportTickets" violates foreign key constraint "FK_CrmSupportTickets_CrmCustomers_CustomerId"
    Detail: Detail redacted as it may contain sensitive data. Specify 'Include Error Detail' in the connection string to include this information.
    SchemaName: public
    TableName: CrmSupportTickets
    ConstraintName: FK_CrmSupportTickets_CrmCustomers_CustomerId
    File: ri_triggers.c
    Line: 2783
    Routine: ri_ReportViolation
   --- End of inner exception stack trace ---
   at Microsoft.EntityFrameworkCore.Update.ReaderModificationCommandBatch.ExecuteAsync(IRelationalConnection connection, CancellationToken cancellationToken)
   at Microsoft.EntityFrameworkCore.Update.Internal.BatchExecutor.ExecuteAsync(IEnumerable`1 commandBatches, IRelationalConnection connection, CancellationToken cancellationToken)
   at Microsoft.EntityFrameworkCore.Update.Internal.BatchExecutor.ExecuteAsync(IEnumerable`1 commandBatches, IRelationalConnection connection, CancellationToken cancellationToken)
   at Microsoft.EntityFrameworkCore.Update.Internal.BatchExecutor.ExecuteAsync(IEnumerable`1 commandBatches, IRelationalConnection connection, CancellationToken cancellationToken)
   at Microsoft.EntityFrameworkCore.Storage.RelationalDatabase.SaveChangesAsync(IList`1 entries, CancellationToken cancellationToken)
   at Microsoft.EntityFrameworkCore.ChangeTracking.Internal.StateManager.SaveChangesAsync(IList`1 entriesToSave, CancellationToken cancellationToken)
   at Microsoft.EntityFrameworkCore.ChangeTracking.Internal.StateManager.SaveChangesAsync(StateManager stateManager, Boolean acceptAllChangesOnSuccess, CancellationToken cancellationToken)
   at Npgsql.EntityFrameworkCore.PostgreSQL.Storage.Internal.NpgsqlExecutionStrategy.ExecuteAsync[TState,TResult](TState state, Func`4 operation, Func`4 verifySucceeded, CancellationToken cancellationToken)
   at Microsoft.EntityFrameworkCore.DbContext.SaveChangesAsync(Boolean acceptAllChangesOnSuccess, CancellationToken cancellationToken)
2026-07-02 12:41:29.159 +03:00 [ERR] Database migration or seed failed. Check PostgreSQL is running and ConnectionStrings:DefaultConnection is correct.
Microsoft.EntityFrameworkCore.DbUpdateException: An error occurred while saving the entity changes. See the inner exception for details.
 ---> Npgsql.PostgresException (0x80004005): 23503: insert or update on table "CrmSupportTickets" violates foreign key constraint "FK_CrmSupportTickets_CrmCustomers_CustomerId"

DETAIL: Detail redacted as it may contain sensitive data. Specify 'Include Error Detail' in the connection string to include this information.
   at Npgsql.Internal.NpgsqlConnector.ReadMessageLong(Boolean async, DataRowLoadingMode dataRowLoadingMode, Boolean readingNotifications, Boolean isReadingPrependedMessage)
   at System.Runtime.CompilerServices.PoolingAsyncValueTaskMethodBuilder`1.StateMachineBox`1.System.Threading.Tasks.Sources.IValueTaskSource<TResult>.GetResult(Int16 token)
   at Npgsql.NpgsqlDataReader.NextResult(Boolean async, Boolean isConsuming, CancellationToken cancellationToken)
   at Npgsql.NpgsqlDataReader.NextResult(Boolean async, Boolean isConsuming, CancellationToken cancellationToken)
   at Npgsql.NpgsqlCommand.ExecuteReader(Boolean async, CommandBehavior behavior, CancellationToken cancellationToken)
   at Npgsql.NpgsqlCommand.ExecuteReader(Boolean async, CommandBehavior behavior, CancellationToken cancellationToken)
   at Npgsql.NpgsqlCommand.ExecuteDbDataReaderAsync(CommandBehavior behavior, CancellationToken cancellationToken)
   at Microsoft.EntityFrameworkCore.Storage.RelationalCommand.ExecuteReaderAsync(RelationalCommandParameterObject parameterObject, CancellationToken cancellationToken)
   at Microsoft.EntityFrameworkCore.Storage.RelationalCommand.ExecuteReaderAsync(RelationalCommandParameterObject parameterObject, CancellationToken cancellationToken)
   at Microsoft.EntityFrameworkCore.Update.ReaderModificationCommandBatch.ExecuteAsync(IRelationalConnection connection, CancellationToken cancellationToken)
  Exception data:
    Severity: ERROR
    SqlState: 23503
    MessageText: insert or update on table "CrmSupportTickets" violates foreign key constraint "FK_CrmSupportTickets_CrmCustomers_CustomerId"
    Detail: Detail redacted as it may contain sensitive data. Specify 'Include Error Detail' in the connection string to include this information.
    SchemaName: public
    TableName: CrmSupportTickets
    ConstraintName: FK_CrmSupportTickets_CrmCustomers_CustomerId
    File: ri_triggers.c
    Line: 2783
    Routine: ri_ReportViolation
   --- End of inner exception stack trace ---
   at Microsoft.EntityFrameworkCore.Update.ReaderModificationCommandBatch.ExecuteAsync(IRelationalConnection connection, CancellationToken cancellationToken)
   at Microsoft.EntityFrameworkCore.Update.Internal.BatchExecutor.ExecuteAsync(IEnumerable`1 commandBatches, IRelationalConnection connection, CancellationToken cancellationToken)
   at Microsoft.EntityFrameworkCore.Update.Internal.BatchExecutor.ExecuteAsync(IEnumerable`1 commandBatches, IRelationalConnection connection, CancellationToken cancellationToken)
   at Microsoft.EntityFrameworkCore.Update.Internal.BatchExecutor.ExecuteAsync(IEnumerable`1 commandBatches, IRelationalConnection connection, CancellationToken cancellationToken)
   at Microsoft.EntityFrameworkCore.Storage.RelationalDatabase.SaveChangesAsync(IList`1 entries, CancellationToken cancellationToken)
   at Microsoft.EntityFrameworkCore.ChangeTracking.Internal.StateManager.SaveChangesAsync(IList`1 entriesToSave, CancellationToken cancellationToken)
   at Microsoft.EntityFrameworkCore.ChangeTracking.Internal.StateManager.SaveChangesAsync(StateManager stateManager, Boolean acceptAllChangesOnSuccess, CancellationToken cancellationToken)
   at Npgsql.EntityFrameworkCore.PostgreSQL.Storage.Internal.NpgsqlExecutionStrategy.ExecuteAsync[TState,TResult](TState state, Func`4 operation, Func`4 verifySucceeded, CancellationToken cancellationToken)
   at Microsoft.EntityFrameworkCore.DbContext.SaveChangesAsync(Boolean acceptAllChangesOnSuccess, CancellationToken cancellationToken)
   at Microsoft.EntityFrameworkCore.DbContext.SaveChangesAsync(Boolean acceptAllChangesOnSuccess, CancellationToken cancellationToken)
   at Biktal.Infrastructure.Persistence.CrmDataSeeder.SeedIfEmptyAsync(ApplicationDbContext db, CancellationToken cancellationToken)
   at Program.<Main>$(String[] args) in d:\Systems\BiktalSystems\Program.cs:line 71
2026-07-02 12:41:29.179 +03:00 [WRN] Continuing without a successful migration/seed. Auth and data pages may fail until the database is available.
2026-07-02 12:41:29.212 +03:00 [WRN] Using an in-memory repository. Keys will not be persisted to storage.
2026-07-02 12:41:29.212 +03:00 [WRN] Neither user profile nor HKLM registry available. Using an ephemeral key repository. Protected data will be unavailable when application exits.
2026-07-02 12:41:29.242 +03:00 [WRN] No XML encryptor configured. Key {88c8f37d-36c4-4c4b-8edb-127fd11bf013} may be persisted to storage in unencrypted form.
2026-07-02 12:41:29.295 +03:00 [INF] Application started. Press Ctrl+C to shut down.
2026-07-02 12:41:29.295 +03:00 [INF] Hosting environment: Production
2026-07-02 12:41:29.295 +03:00 [INF] Content root path: D:\Systems\BiktalSystems\publish
2026-07-02 12:41:29.544 +03:00 [ERR] An exception was thrown while deserializing the token.
Microsoft.AspNetCore.Antiforgery.AntiforgeryValidationException: The antiforgery token could not be decrypted.
 ---> System.Security.Cryptography.CryptographicException: The key {c7808848-12e2-4076-96e1-5e0f94d4d507} was not found in the key ring. For more information go to https://aka.ms/aspnet/dataprotectionwarning
   at Microsoft.AspNetCore.DataProtection.KeyManagement.KeyRingBasedDataProtector.UnprotectCore(Byte[] protectedData, Boolean allowOperationsOnRevokedKeys, UnprotectStatus& status)
   at Microsoft.AspNetCore.DataProtection.KeyManagement.KeyRingBasedDataProtector.Unprotect(Byte[] protectedData)
   at Microsoft.AspNetCore.Antiforgery.DefaultAntiforgeryTokenSerializer.Deserialize(String serializedToken)
   --- End of inner exception stack trace ---
   at Microsoft.AspNetCore.Antiforgery.DefaultAntiforgeryTokenSerializer.Deserialize(String serializedToken)
   at Microsoft.AspNetCore.Antiforgery.DefaultAntiforgery.GetCookieTokenDoesNotThrow(HttpContext httpContext)
2026-07-02 12:41:29.727 +03:00 [INF] HTTP GET /Account/Login responded 200 in 399.4078 ms
2026-07-02 12:41:29.971 +03:00 [INF] HTTP GET /js/site.js responded 200 in 151.1128 ms
2026-07-02 12:41:29.971 +03:00 [INF] HTTP GET /Biktal.WebMVC.styles.css responded 200 in 175.6428 ms
2026-07-02 12:41:29.972 +03:00 [INF] HTTP GET /css/site.css responded 200 in 175.9564 ms
2026-07-02 12:41:29.973 +03:00 [INF] HTTP GET /lib/bootstrap/dist/css/bootstrap.min.css responded 200 in 177.7089 ms
2026-07-02 12:41:29.973 +03:00 [INF] HTTP GET /lib/jquery-validation-unobtrusive/dist/jquery.validate.unobtrusive.min.js responded 200 in 114.9559 ms
2026-07-02 12:41:29.974 +03:00 [INF] HTTP GET /lib/jquery-validation/dist/jquery.validate.min.js responded 200 in 153.9274 ms
2026-07-02 12:41:29.973 +03:00 [INF] HTTP GET /lib/bootstrap/dist/js/bootstrap.bundle.min.js responded 200 in 154.6718 ms
2026-07-02 12:41:29.982 +03:00 [INF] HTTP GET /lib/jquery/dist/jquery.min.js responded 200 in 183.5536 ms
2026-07-02 12:41:44.372 +03:00 [INF] HTTP POST /Account/Login responded 302 in 736.5323 ms
2026-07-02 12:41:44.872 +03:00 [INF] HTTP GET /Inventory/Products responded 200 in 484.8460 ms
2026-07-02 12:41:44.903 +03:00 [INF] HTTP GET /css/site.css responded 200 in 4.2616 ms
2026-07-02 12:41:44.903 +03:00 [INF] HTTP GET /Biktal.WebMVC.styles.css responded 200 in 2.3145 ms
2026-07-02 12:41:44.904 +03:00 [INF] HTTP GET /lib/bootstrap/dist/css/bootstrap.min.css responded 200 in 6.7259 ms
2026-07-02 12:41:45.606 +03:00 [INF] HTTP GET /lib/jquery-validation/dist/jquery.validate.min.js responded 304 in 27.0927 ms
2026-07-02 12:41:45.606 +03:00 [INF] HTTP GET /js/site.js responded 304 in 32.4731 ms
2026-07-02 12:41:45.606 +03:00 [INF] HTTP GET /lib/jquery/dist/jquery.min.js responded 304 in 64.9260 ms
2026-07-02 12:41:45.617 +03:00 [INF] HTTP GET /lib/jquery-validation-unobtrusive/dist/jquery.validate.unobtrusive.min.js responded 304 in 18.6866 ms
2026-07-02 12:41:45.640 +03:00 [INF] HTTP GET /js/products-catalog-filter.js responded 200 in 22.5289 ms
2026-07-02 12:41:45.729 +03:00 [INF] HTTP GET /lib/bootstrap/dist/js/bootstrap.bundle.min.js responded 304 in 138.8428 ms
2026-07-02 13:01:56.147 +03:00 [INF] Application is shutting down...
2026-07-02 13:23:46.835 +03:00 [ERR] Failed executing DbCommand (8ms) [Parameters=[@p0='?' (DbType = Guid), @p1='?' (DbType = DateTime), @p2='?' (DbType = Guid), @p3='?', @p4='?' (DbType = DateTime), @p5='?' (DbType = Int32), @p6='?' (DbType = Int32), @p7='?', @p8='?', @p9='?' (DbType = Guid), @p10='?' (DbType = DateTime), @p11='?' (DbType = Guid), @p12='?', @p13='?' (DbType = DateTime), @p14='?' (DbType = Int32), @p15='?' (DbType = Int32), @p16='?', @p17='?'], CommandType='"Text"', CommandTimeout='30']
INSERT INTO "CrmSupportTickets" ("Id", "CreatedAtUtc", "CustomerId", "Description", "ModifiedAtUtc", "Priority", "Status", "Subject", "TicketNumber")
VALUES (@p0, @p1, @p2, @p3, @p4, @p5, @p6, @p7, @p8);
INSERT INTO "CrmSupportTickets" ("Id", "CreatedAtUtc", "CustomerId", "Description", "ModifiedAtUtc", "Priority", "Status", "Subject", "TicketNumber")
VALUES (@p9, @p10, @p11, @p12, @p13, @p14, @p15, @p16, @p17);
2026-07-02 13:23:46.911 +03:00 [ERR] An exception occurred in the database while saving changes for context type 'Biktal.Infrastructure.Persistence.ApplicationDbContext'.
Microsoft.EntityFrameworkCore.DbUpdateException: An error occurred while saving the entity changes. See the inner exception for details.
 ---> Npgsql.PostgresException (0x80004005): 23503: insert or update on table "CrmSupportTickets" violates foreign key constraint "FK_CrmSupportTickets_CrmCustomers_CustomerId"

DETAIL: Detail redacted as it may contain sensitive data. Specify 'Include Error Detail' in the connection string to include this information.
   at Npgsql.Internal.NpgsqlConnector.ReadMessageLong(Boolean async, DataRowLoadingMode dataRowLoadingMode, Boolean readingNotifications, Boolean isReadingPrependedMessage)
   at System.Runtime.CompilerServices.PoolingAsyncValueTaskMethodBuilder`1.StateMachineBox`1.System.Threading.Tasks.Sources.IValueTaskSource<TResult>.GetResult(Int16 token)
   at Npgsql.NpgsqlDataReader.NextResult(Boolean async, Boolean isConsuming, CancellationToken cancellationToken)
   at Npgsql.NpgsqlDataReader.NextResult(Boolean async, Boolean isConsuming, CancellationToken cancellationToken)
   at Npgsql.NpgsqlCommand.ExecuteReader(Boolean async, CommandBehavior behavior, CancellationToken cancellationToken)
   at Npgsql.NpgsqlCommand.ExecuteReader(Boolean async, CommandBehavior behavior, CancellationToken cancellationToken)
   at Npgsql.NpgsqlCommand.ExecuteDbDataReaderAsync(CommandBehavior behavior, CancellationToken cancellationToken)
   at Microsoft.EntityFrameworkCore.Storage.RelationalCommand.ExecuteReaderAsync(RelationalCommandParameterObject parameterObject, CancellationToken cancellationToken)
   at Microsoft.EntityFrameworkCore.Storage.RelationalCommand.ExecuteReaderAsync(RelationalCommandParameterObject parameterObject, CancellationToken cancellationToken)
   at Microsoft.EntityFrameworkCore.Update.ReaderModificationCommandBatch.ExecuteAsync(IRelationalConnection connection, CancellationToken cancellationToken)
  Exception data:
    Severity: ERROR
    SqlState: 23503
    MessageText: insert or update on table "CrmSupportTickets" violates foreign key constraint "FK_CrmSupportTickets_CrmCustomers_CustomerId"
    Detail: Detail redacted as it may contain sensitive data. Specify 'Include Error Detail' in the connection string to include this information.
    SchemaName: public
    TableName: CrmSupportTickets
    ConstraintName: FK_CrmSupportTickets_CrmCustomers_CustomerId
    File: ri_triggers.c
    Line: 2783
    Routine: ri_ReportViolation
   --- End of inner exception stack trace ---
   at Microsoft.EntityFrameworkCore.Update.ReaderModificationCommandBatch.ExecuteAsync(IRelationalConnection connection, CancellationToken cancellationToken)
   at Microsoft.EntityFrameworkCore.Update.Internal.BatchExecutor.ExecuteAsync(IEnumerable`1 commandBatches, IRelationalConnection connection, CancellationToken cancellationToken)
   at Microsoft.EntityFrameworkCore.Update.Internal.BatchExecutor.ExecuteAsync(IEnumerable`1 commandBatches, IRelationalConnection connection, CancellationToken cancellationToken)
   at Microsoft.EntityFrameworkCore.Update.Internal.BatchExecutor.ExecuteAsync(IEnumerable`1 commandBatches, IRelationalConnection connection, CancellationToken cancellationToken)
   at Microsoft.EntityFrameworkCore.Storage.RelationalDatabase.SaveChangesAsync(IList`1 entries, CancellationToken cancellationToken)
   at Microsoft.EntityFrameworkCore.ChangeTracking.Internal.StateManager.SaveChangesAsync(IList`1 entriesToSave, CancellationToken cancellationToken)
   at Microsoft.EntityFrameworkCore.ChangeTracking.Internal.StateManager.SaveChangesAsync(StateManager stateManager, Boolean acceptAllChangesOnSuccess, CancellationToken cancellationToken)
   at Npgsql.EntityFrameworkCore.PostgreSQL.Storage.Internal.NpgsqlExecutionStrategy.ExecuteAsync[TState,TResult](TState state, Func`4 operation, Func`4 verifySucceeded, CancellationToken cancellationToken)
   at Microsoft.EntityFrameworkCore.DbContext.SaveChangesAsync(Boolean acceptAllChangesOnSuccess, CancellationToken cancellationToken)
Microsoft.EntityFrameworkCore.DbUpdateException: An error occurred while saving the entity changes. See the inner exception for details.
 ---> Npgsql.PostgresException (0x80004005): 23503: insert or update on table "CrmSupportTickets" violates foreign key constraint "FK_CrmSupportTickets_CrmCustomers_CustomerId"

DETAIL: Detail redacted as it may contain sensitive data. Specify 'Include Error Detail' in the connection string to include this information.
   at Npgsql.Internal.NpgsqlConnector.ReadMessageLong(Boolean async, DataRowLoadingMode dataRowLoadingMode, Boolean readingNotifications, Boolean isReadingPrependedMessage)
   at System.Runtime.CompilerServices.PoolingAsyncValueTaskMethodBuilder`1.StateMachineBox`1.System.Threading.Tasks.Sources.IValueTaskSource<TResult>.GetResult(Int16 token)
   at Npgsql.NpgsqlDataReader.NextResult(Boolean async, Boolean isConsuming, CancellationToken cancellationToken)
   at Npgsql.NpgsqlDataReader.NextResult(Boolean async, Boolean isConsuming, CancellationToken cancellationToken)
   at Npgsql.NpgsqlCommand.ExecuteReader(Boolean async, CommandBehavior behavior, CancellationToken cancellationToken)
   at Npgsql.NpgsqlCommand.ExecuteReader(Boolean async, CommandBehavior behavior, CancellationToken cancellationToken)
   at Npgsql.NpgsqlCommand.ExecuteDbDataReaderAsync(CommandBehavior behavior, CancellationToken cancellationToken)
   at Microsoft.EntityFrameworkCore.Storage.RelationalCommand.ExecuteReaderAsync(RelationalCommandParameterObject parameterObject, CancellationToken cancellationToken)
   at Microsoft.EntityFrameworkCore.Storage.RelationalCommand.ExecuteReaderAsync(RelationalCommandParameterObject parameterObject, CancellationToken cancellationToken)
   at Microsoft.EntityFrameworkCore.Update.ReaderModificationCommandBatch.ExecuteAsync(IRelationalConnection connection, CancellationToken cancellationToken)
  Exception data:
    Severity: ERROR
    SqlState: 23503
    MessageText: insert or update on table "CrmSupportTickets" violates foreign key constraint "FK_CrmSupportTickets_CrmCustomers_CustomerId"
    Detail: Detail redacted as it may contain sensitive data. Specify 'Include Error Detail' in the connection string to include this information.
    SchemaName: public
    TableName: CrmSupportTickets
    ConstraintName: FK_CrmSupportTickets_CrmCustomers_CustomerId
    File: ri_triggers.c
    Line: 2783
    Routine: ri_ReportViolation
   --- End of inner exception stack trace ---
   at Microsoft.EntityFrameworkCore.Update.ReaderModificationCommandBatch.ExecuteAsync(IRelationalConnection connection, CancellationToken cancellationToken)
   at Microsoft.EntityFrameworkCore.Update.Internal.BatchExecutor.ExecuteAsync(IEnumerable`1 commandBatches, IRelationalConnection connection, CancellationToken cancellationToken)
   at Microsoft.EntityFrameworkCore.Update.Internal.BatchExecutor.ExecuteAsync(IEnumerable`1 commandBatches, IRelationalConnection connection, CancellationToken cancellationToken)
   at Microsoft.EntityFrameworkCore.Update.Internal.BatchExecutor.ExecuteAsync(IEnumerable`1 commandBatches, IRelationalConnection connection, CancellationToken cancellationToken)
   at Microsoft.EntityFrameworkCore.Storage.RelationalDatabase.SaveChangesAsync(IList`1 entries, CancellationToken cancellationToken)
   at Microsoft.EntityFrameworkCore.ChangeTracking.Internal.StateManager.SaveChangesAsync(IList`1 entriesToSave, CancellationToken cancellationToken)
   at Microsoft.EntityFrameworkCore.ChangeTracking.Internal.StateManager.SaveChangesAsync(StateManager stateManager, Boolean acceptAllChangesOnSuccess, CancellationToken cancellationToken)
   at Npgsql.EntityFrameworkCore.PostgreSQL.Storage.Internal.NpgsqlExecutionStrategy.ExecuteAsync[TState,TResult](TState state, Func`4 operation, Func`4 verifySucceeded, CancellationToken cancellationToken)
   at Microsoft.EntityFrameworkCore.DbContext.SaveChangesAsync(Boolean acceptAllChangesOnSuccess, CancellationToken cancellationToken)
2026-07-02 13:23:46.916 +03:00 [ERR] Database migration or seed failed. Check PostgreSQL is running and ConnectionStrings:DefaultConnection is correct.
Microsoft.EntityFrameworkCore.DbUpdateException: An error occurred while saving the entity changes. See the inner exception for details.
 ---> Npgsql.PostgresException (0x80004005): 23503: insert or update on table "CrmSupportTickets" violates foreign key constraint "FK_CrmSupportTickets_CrmCustomers_CustomerId"

DETAIL: Detail redacted as it may contain sensitive data. Specify 'Include Error Detail' in the connection string to include this information.
   at Npgsql.Internal.NpgsqlConnector.ReadMessageLong(Boolean async, DataRowLoadingMode dataRowLoadingMode, Boolean readingNotifications, Boolean isReadingPrependedMessage)
   at System.Runtime.CompilerServices.PoolingAsyncValueTaskMethodBuilder`1.StateMachineBox`1.System.Threading.Tasks.Sources.IValueTaskSource<TResult>.GetResult(Int16 token)
   at Npgsql.NpgsqlDataReader.NextResult(Boolean async, Boolean isConsuming, CancellationToken cancellationToken)
   at Npgsql.NpgsqlDataReader.NextResult(Boolean async, Boolean isConsuming, CancellationToken cancellationToken)
   at Npgsql.NpgsqlCommand.ExecuteReader(Boolean async, CommandBehavior behavior, CancellationToken cancellationToken)
   at Npgsql.NpgsqlCommand.ExecuteReader(Boolean async, CommandBehavior behavior, CancellationToken cancellationToken)
   at Npgsql.NpgsqlCommand.ExecuteDbDataReaderAsync(CommandBehavior behavior, CancellationToken cancellationToken)
   at Microsoft.EntityFrameworkCore.Storage.RelationalCommand.ExecuteReaderAsync(RelationalCommandParameterObject parameterObject, CancellationToken cancellationToken)
   at Microsoft.EntityFrameworkCore.Storage.RelationalCommand.ExecuteReaderAsync(RelationalCommandParameterObject parameterObject, CancellationToken cancellationToken)
   at Microsoft.EntityFrameworkCore.Update.ReaderModificationCommandBatch.ExecuteAsync(IRelationalConnection connection, CancellationToken cancellationToken)
  Exception data:
    Severity: ERROR
    SqlState: 23503
    MessageText: insert or update on table "CrmSupportTickets" violates foreign key constraint "FK_CrmSupportTickets_CrmCustomers_CustomerId"
    Detail: Detail redacted as it may contain sensitive data. Specify 'Include Error Detail' in the connection string to include this information.
    SchemaName: public
    TableName: CrmSupportTickets
    ConstraintName: FK_CrmSupportTickets_CrmCustomers_CustomerId
    File: ri_triggers.c
    Line: 2783
    Routine: ri_ReportViolation
   --- End of inner exception stack trace ---
   at Microsoft.EntityFrameworkCore.Update.ReaderModificationCommandBatch.ExecuteAsync(IRelationalConnection connection, CancellationToken cancellationToken)
   at Microsoft.EntityFrameworkCore.Update.Internal.BatchExecutor.ExecuteAsync(IEnumerable`1 commandBatches, IRelationalConnection connection, CancellationToken cancellationToken)
   at Microsoft.EntityFrameworkCore.Update.Internal.BatchExecutor.ExecuteAsync(IEnumerable`1 commandBatches, IRelationalConnection connection, CancellationToken cancellationToken)
   at Microsoft.EntityFrameworkCore.Update.Internal.BatchExecutor.ExecuteAsync(IEnumerable`1 commandBatches, IRelationalConnection connection, CancellationToken cancellationToken)
   at Microsoft.EntityFrameworkCore.Storage.RelationalDatabase.SaveChangesAsync(IList`1 entries, CancellationToken cancellationToken)
   at Microsoft.EntityFrameworkCore.ChangeTracking.Internal.StateManager.SaveChangesAsync(IList`1 entriesToSave, CancellationToken cancellationToken)
   at Microsoft.EntityFrameworkCore.ChangeTracking.Internal.StateManager.SaveChangesAsync(StateManager stateManager, Boolean acceptAllChangesOnSuccess, CancellationToken cancellationToken)
   at Npgsql.EntityFrameworkCore.PostgreSQL.Storage.Internal.NpgsqlExecutionStrategy.ExecuteAsync[TState,TResult](TState state, Func`4 operation, Func`4 verifySucceeded, CancellationToken cancellationToken)
   at Microsoft.EntityFrameworkCore.DbContext.SaveChangesAsync(Boolean acceptAllChangesOnSuccess, CancellationToken cancellationToken)
   at Microsoft.EntityFrameworkCore.DbContext.SaveChangesAsync(Boolean acceptAllChangesOnSuccess, CancellationToken cancellationToken)
   at Biktal.Infrastructure.Persistence.CrmDataSeeder.SeedIfEmptyAsync(ApplicationDbContext db, CancellationToken cancellationToken)
   at Program.<Main>$(String[] args) in d:\Systems\BiktalSystems\Program.cs:line 71
2026-07-02 13:23:46.921 +03:00 [WRN] Continuing without a successful migration/seed. Auth and data pages may fail until the database is available.
2026-07-02 13:23:46.947 +03:00 [WRN] Using an in-memory repository. Keys will not be persisted to storage.
2026-07-02 13:23:46.947 +03:00 [WRN] Neither user profile nor HKLM registry available. Using an ephemeral key repository. Protected data will be unavailable when application exits.
2026-07-02 13:23:46.965 +03:00 [WRN] No XML encryptor configured. Key {893a034d-b352-4a8f-9105-7814cd70803c} may be persisted to storage in unencrypted form.
2026-07-02 13:23:47.014 +03:00 [INF] Application started. Press Ctrl+C to shut down.
2026-07-02 13:23:47.015 +03:00 [INF] Hosting environment: Production
2026-07-02 13:23:47.015 +03:00 [INF] Content root path: D:\Systems\BiktalSystems\publish
2026-07-02 13:23:47.120 +03:00 [INF] HTTP GET /Pos responded 302 in 83.0335 ms
2026-07-02 13:23:47.120 +03:00 [INF] HTTP GET /Pos responded 302 in 83.4092 ms
2026-07-02 13:23:47.268 +03:00 [ERR] An exception was thrown while deserializing the token.
Microsoft.AspNetCore.Antiforgery.AntiforgeryValidationException: The antiforgery token could not be decrypted.
 ---> System.Security.Cryptography.CryptographicException: The key {88c8f37d-36c4-4c4b-8edb-127fd11bf013} was not found in the key ring. For more information go to https://aka.ms/aspnet/dataprotectionwarning
   at Microsoft.AspNetCore.DataProtection.KeyManagement.KeyRingBasedDataProtector.UnprotectCore(Byte[] protectedData, Boolean allowOperationsOnRevokedKeys, UnprotectStatus& status)
   at Microsoft.AspNetCore.DataProtection.KeyManagement.KeyRingBasedDataProtector.Unprotect(Byte[] protectedData)
   at Microsoft.AspNetCore.Antiforgery.DefaultAntiforgeryTokenSerializer.Deserialize(String serializedToken)
   --- End of inner exception stack trace ---
   at Microsoft.AspNetCore.Antiforgery.DefaultAntiforgeryTokenSerializer.Deserialize(String serializedToken)
   at Microsoft.AspNetCore.Antiforgery.DefaultAntiforgery.GetCookieTokenDoesNotThrow(HttpContext httpContext)
2026-07-02 13:23:47.365 +03:00 [INF] HTTP GET /Account/Login responded 200 in 227.9497 ms
2026-07-02 13:23:47.517 +03:00 [INF] HTTP GET /css/site.css responded 200 in 35.0101 ms
2026-07-02 13:23:47.517 +03:00 [INF] HTTP GET /lib/bootstrap/dist/css/bootstrap.min.css responded 200 in 37.0427 ms
2026-07-02 13:23:47.527 +03:00 [INF] HTTP GET /js/site.js responded 200 in 8.6588 ms
2026-07-02 13:23:47.527 +03:00 [INF] HTTP GET /lib/jquery-validation/dist/jquery.validate.min.js responded 200 in 7.8011 ms
2026-07-02 13:23:47.527 +03:00 [INF] HTTP GET /lib/jquery/dist/jquery.min.js responded 200 in 22.9345 ms
2026-07-02 13:23:47.527 +03:00 [INF] HTTP GET /Biktal.WebMVC.styles.css responded 200 in 38.0798 ms
2026-07-02 13:23:47.527 +03:00 [INF] HTTP GET /lib/jquery-validation-unobtrusive/dist/jquery.validate.unobtrusive.min.js responded 200 in 5.9679 ms
2026-07-02 13:23:47.527 +03:00 [INF] HTTP GET /lib/bootstrap/dist/js/bootstrap.bundle.min.js responded 200 in 14.9736 ms
2026-07-02 13:26:30.920 +03:00 [INF] HTTP POST /Account/Login responded 302 in 575.5500 ms
2026-07-02 13:26:31.013 +03:00 [WRN] The query uses the 'First'/'FirstOrDefault' operator without 'OrderBy' and filter operators. This may lead to unpredictable results.
2026-07-02 13:26:31.147 +03:00 [INF] HTTP GET /Pos responded 200 in 216.1327 ms
2026-07-02 13:26:31.216 +03:00 [INF] HTTP GET /css/site.css responded 200 in 6.5968 ms
2026-07-02 13:26:31.218 +03:00 [INF] HTTP GET /lib/bootstrap/dist/css/bootstrap.min.css responded 200 in 1.7757 ms
2026-07-02 13:26:31.221 +03:00 [INF] HTTP GET /Biktal.WebMVC.styles.css responded 200 in 2.4393 ms
2026-07-02 13:26:31.270 +03:00 [INF] HTTP GET /js/pos.js responded 200 in 28.1200 ms
2026-07-02 13:26:31.295 +03:00 [INF] HTTP GET /js/site.js responded 200 in 72.5805 ms
2026-07-02 13:26:31.295 +03:00 [INF] HTTP GET /lib/jquery/dist/jquery.min.js responded 200 in 83.0350 ms
2026-07-02 13:26:31.409 +03:00 [INF] HTTP GET /lib/bootstrap/dist/js/bootstrap.bundle.min.js responded 200 in 154.2531 ms
2026-07-02 13:36:02.261 +03:00 [INF] HTTP POST /Pos/CompleteSale responded 200 in 808.9059 ms
2026-07-02 13:36:19.918 +03:00 [INF] HTTP GET /Inventory responded 200 in 215.5894 ms
2026-07-02 13:36:19.974 +03:00 [INF] HTTP GET /css/site.css responded 200 in 2.4520 ms
2026-07-02 13:36:19.978 +03:00 [INF] HTTP GET /lib/bootstrap/dist/css/bootstrap.min.css responded 200 in 2.9198 ms
2026-07-02 13:36:19.982 +03:00 [INF] HTTP GET /Biktal.WebMVC.styles.css responded 200 in 2.2801 ms
2026-07-02 13:36:19.987 +03:00 [INF] HTTP GET /lib/bootstrap/dist/js/bootstrap.bundle.min.js responded 200 in 1.7118 ms
2026-07-02 13:36:19.990 +03:00 [INF] HTTP GET /lib/jquery/dist/jquery.min.js responded 200 in 2.8054 ms
2026-07-02 13:36:19.992 +03:00 [INF] HTTP GET /js/site.js responded 200 in 1.4504 ms
2026-07-02 13:36:22.171 +03:00 [INF] HTTP GET /Inventory/Products responded 200 in 335.1269 ms
2026-07-02 13:36:22.209 +03:00 [INF] HTTP GET /Biktal.WebMVC.styles.css responded 304 in 2.2412 ms
2026-07-02 13:36:22.210 +03:00 [INF] HTTP GET /css/site.css responded 304 in 0.9134 ms
2026-07-02 13:36:22.218 +03:00 [INF] HTTP GET /lib/bootstrap/dist/css/bootstrap.min.css responded 304 in 6.3562 ms
2026-07-02 13:36:23.692 +03:00 [INF] HTTP GET /lib/jquery/dist/jquery.min.js responded 304 in 0.7314 ms
2026-07-02 13:36:23.717 +03:00 [INF] HTTP GET /lib/bootstrap/dist/js/bootstrap.bundle.min.js responded 304 in 0.5751 ms
2026-07-02 13:36:23.717 +03:00 [INF] HTTP GET /js/site.js responded 304 in 0.6039 ms
2026-07-02 13:36:23.735 +03:00 [INF] HTTP GET /lib/jquery-validation-unobtrusive/dist/jquery.validate.unobtrusive.min.js responded 200 in 13.8695 ms
2026-07-02 13:36:23.744 +03:00 [INF] HTTP GET /lib/jquery-validation/dist/jquery.validate.min.js responded 200 in 23.8183 ms
2026-07-02 13:36:23.750 +03:00 [INF] HTTP GET /js/products-catalog-filter.js responded 200 in 1.3645 ms
2026-07-02 13:57:00.075 +03:00 [INF] Application is shutting down...
2026-07-02 14:04:31.756 +03:00 [ERR] Failed executing DbCommand (6ms) [Parameters=[@p0='?' (DbType = Guid), @p1='?' (DbType = DateTime), @p2='?' (DbType = Guid), @p3='?', @p4='?' (DbType = DateTime), @p5='?' (DbType = Int32), @p6='?' (DbType = Int32), @p7='?', @p8='?', @p9='?' (DbType = Guid), @p10='?' (DbType = DateTime), @p11='?' (DbType = Guid), @p12='?', @p13='?' (DbType = DateTime), @p14='?' (DbType = Int32), @p15='?' (DbType = Int32), @p16='?', @p17='?'], CommandType='"Text"', CommandTimeout='30']
INSERT INTO "CrmSupportTickets" ("Id", "CreatedAtUtc", "CustomerId", "Description", "ModifiedAtUtc", "Priority", "Status", "Subject", "TicketNumber")
VALUES (@p0, @p1, @p2, @p3, @p4, @p5, @p6, @p7, @p8);
INSERT INTO "CrmSupportTickets" ("Id", "CreatedAtUtc", "CustomerId", "Description", "ModifiedAtUtc", "Priority", "Status", "Subject", "TicketNumber")
VALUES (@p9, @p10, @p11, @p12, @p13, @p14, @p15, @p16, @p17);
2026-07-02 14:04:31.832 +03:00 [ERR] An exception occurred in the database while saving changes for context type 'Biktal.Infrastructure.Persistence.ApplicationDbContext'.
Microsoft.EntityFrameworkCore.DbUpdateException: An error occurred while saving the entity changes. See the inner exception for details.
 ---> Npgsql.PostgresException (0x80004005): 23503: insert or update on table "CrmSupportTickets" violates foreign key constraint "FK_CrmSupportTickets_CrmCustomers_CustomerId"

DETAIL: Detail redacted as it may contain sensitive data. Specify 'Include Error Detail' in the connection string to include this information.
   at Npgsql.Internal.NpgsqlConnector.ReadMessageLong(Boolean async, DataRowLoadingMode dataRowLoadingMode, Boolean readingNotifications, Boolean isReadingPrependedMessage)
   at System.Runtime.CompilerServices.PoolingAsyncValueTaskMethodBuilder`1.StateMachineBox`1.System.Threading.Tasks.Sources.IValueTaskSource<TResult>.GetResult(Int16 token)
   at Npgsql.NpgsqlDataReader.NextResult(Boolean async, Boolean isConsuming, CancellationToken cancellationToken)
   at Npgsql.NpgsqlDataReader.NextResult(Boolean async, Boolean isConsuming, CancellationToken cancellationToken)
   at Npgsql.NpgsqlCommand.ExecuteReader(Boolean async, CommandBehavior behavior, CancellationToken cancellationToken)
   at Npgsql.NpgsqlCommand.ExecuteReader(Boolean async, CommandBehavior behavior, CancellationToken cancellationToken)
   at Npgsql.NpgsqlCommand.ExecuteDbDataReaderAsync(CommandBehavior behavior, CancellationToken cancellationToken)
   at Microsoft.EntityFrameworkCore.Storage.RelationalCommand.ExecuteReaderAsync(RelationalCommandParameterObject parameterObject, CancellationToken cancellationToken)
   at Microsoft.EntityFrameworkCore.Storage.RelationalCommand.ExecuteReaderAsync(RelationalCommandParameterObject parameterObject, CancellationToken cancellationToken)
   at Microsoft.EntityFrameworkCore.Update.ReaderModificationCommandBatch.ExecuteAsync(IRelationalConnection connection, CancellationToken cancellationToken)
  Exception data:
    Severity: ERROR
    SqlState: 23503
    MessageText: insert or update on table "CrmSupportTickets" violates foreign key constraint "FK_CrmSupportTickets_CrmCustomers_CustomerId"
    Detail: Detail redacted as it may contain sensitive data. Specify 'Include Error Detail' in the connection string to include this information.
    SchemaName: public
    TableName: CrmSupportTickets
    ConstraintName: FK_CrmSupportTickets_CrmCustomers_CustomerId
    File: ri_triggers.c
    Line: 2783
    Routine: ri_ReportViolation
   --- End of inner exception stack trace ---
   at Microsoft.EntityFrameworkCore.Update.ReaderModificationCommandBatch.ExecuteAsync(IRelationalConnection connection, CancellationToken cancellationToken)
   at Microsoft.EntityFrameworkCore.Update.Internal.BatchExecutor.ExecuteAsync(IEnumerable`1 commandBatches, IRelationalConnection connection, CancellationToken cancellationToken)
   at Microsoft.EntityFrameworkCore.Update.Internal.BatchExecutor.ExecuteAsync(IEnumerable`1 commandBatches, IRelationalConnection connection, CancellationToken cancellationToken)
   at Microsoft.EntityFrameworkCore.Update.Internal.BatchExecutor.ExecuteAsync(IEnumerable`1 commandBatches, IRelationalConnection connection, CancellationToken cancellationToken)
   at Microsoft.EntityFrameworkCore.Storage.RelationalDatabase.SaveChangesAsync(IList`1 entries, CancellationToken cancellationToken)
   at Microsoft.EntityFrameworkCore.ChangeTracking.Internal.StateManager.SaveChangesAsync(IList`1 entriesToSave, CancellationToken cancellationToken)
   at Microsoft.EntityFrameworkCore.ChangeTracking.Internal.StateManager.SaveChangesAsync(StateManager stateManager, Boolean acceptAllChangesOnSuccess, CancellationToken cancellationToken)
   at Npgsql.EntityFrameworkCore.PostgreSQL.Storage.Internal.NpgsqlExecutionStrategy.ExecuteAsync[TState,TResult](TState state, Func`4 operation, Func`4 verifySucceeded, CancellationToken cancellationToken)
   at Microsoft.EntityFrameworkCore.DbContext.SaveChangesAsync(Boolean acceptAllChangesOnSuccess, CancellationToken cancellationToken)
Microsoft.EntityFrameworkCore.DbUpdateException: An error occurred while saving the entity changes. See the inner exception for details.
 ---> Npgsql.PostgresException (0x80004005): 23503: insert or update on table "CrmSupportTickets" violates foreign key constraint "FK_CrmSupportTickets_CrmCustomers_CustomerId"

DETAIL: Detail redacted as it may contain sensitive data. Specify 'Include Error Detail' in the connection string to include this information.
   at Npgsql.Internal.NpgsqlConnector.ReadMessageLong(Boolean async, DataRowLoadingMode dataRowLoadingMode, Boolean readingNotifications, Boolean isReadingPrependedMessage)
   at System.Runtime.CompilerServices.PoolingAsyncValueTaskMethodBuilder`1.StateMachineBox`1.System.Threading.Tasks.Sources.IValueTaskSource<TResult>.GetResult(Int16 token)
   at Npgsql.NpgsqlDataReader.NextResult(Boolean async, Boolean isConsuming, CancellationToken cancellationToken)
   at Npgsql.NpgsqlDataReader.NextResult(Boolean async, Boolean isConsuming, CancellationToken cancellationToken)
   at Npgsql.NpgsqlCommand.ExecuteReader(Boolean async, CommandBehavior behavior, CancellationToken cancellationToken)
   at Npgsql.NpgsqlCommand.ExecuteReader(Boolean async, CommandBehavior behavior, CancellationToken cancellationToken)
   at Npgsql.NpgsqlCommand.ExecuteDbDataReaderAsync(CommandBehavior behavior, CancellationToken cancellationToken)
   at Microsoft.EntityFrameworkCore.Storage.RelationalCommand.ExecuteReaderAsync(RelationalCommandParameterObject parameterObject, CancellationToken cancellationToken)
   at Microsoft.EntityFrameworkCore.Storage.RelationalCommand.ExecuteReaderAsync(RelationalCommandParameterObject parameterObject, CancellationToken cancellationToken)
   at Microsoft.EntityFrameworkCore.Update.ReaderModificationCommandBatch.ExecuteAsync(IRelationalConnection connection, CancellationToken cancellationToken)
  Exception data:
    Severity: ERROR
    SqlState: 23503
    MessageText: insert or update on table "CrmSupportTickets" violates foreign key constraint "FK_CrmSupportTickets_CrmCustomers_CustomerId"
    Detail: Detail redacted as it may contain sensitive data. Specify 'Include Error Detail' in the connection string to include this information.
    SchemaName: public
    TableName: CrmSupportTickets
    ConstraintName: FK_CrmSupportTickets_CrmCustomers_CustomerId
    File: ri_triggers.c
    Line: 2783
    Routine: ri_ReportViolation
   --- End of inner exception stack trace ---
   at Microsoft.EntityFrameworkCore.Update.ReaderModificationCommandBatch.ExecuteAsync(IRelationalConnection connection, CancellationToken cancellationToken)
   at Microsoft.EntityFrameworkCore.Update.Internal.BatchExecutor.ExecuteAsync(IEnumerable`1 commandBatches, IRelationalConnection connection, CancellationToken cancellationToken)
   at Microsoft.EntityFrameworkCore.Update.Internal.BatchExecutor.ExecuteAsync(IEnumerable`1 commandBatches, IRelationalConnection connection, CancellationToken cancellationToken)
   at Microsoft.EntityFrameworkCore.Update.Internal.BatchExecutor.ExecuteAsync(IEnumerable`1 commandBatches, IRelationalConnection connection, CancellationToken cancellationToken)
   at Microsoft.EntityFrameworkCore.Storage.RelationalDatabase.SaveChangesAsync(IList`1 entries, CancellationToken cancellationToken)
   at Microsoft.EntityFrameworkCore.ChangeTracking.Internal.StateManager.SaveChangesAsync(IList`1 entriesToSave, CancellationToken cancellationToken)
   at Microsoft.EntityFrameworkCore.ChangeTracking.Internal.StateManager.SaveChangesAsync(StateManager stateManager, Boolean acceptAllChangesOnSuccess, CancellationToken cancellationToken)
   at Npgsql.EntityFrameworkCore.PostgreSQL.Storage.Internal.NpgsqlExecutionStrategy.ExecuteAsync[TState,TResult](TState state, Func`4 operation, Func`4 verifySucceeded, CancellationToken cancellationToken)
   at Microsoft.EntityFrameworkCore.DbContext.SaveChangesAsync(Boolean acceptAllChangesOnSuccess, CancellationToken cancellationToken)
2026-07-02 14:04:31.837 +03:00 [ERR] Database migration or seed failed. Check PostgreSQL is running and ConnectionStrings:DefaultConnection is correct.
Microsoft.EntityFrameworkCore.DbUpdateException: An error occurred while saving the entity changes. See the inner exception for details.
 ---> Npgsql.PostgresException (0x80004005): 23503: insert or update on table "CrmSupportTickets" violates foreign key constraint "FK_CrmSupportTickets_CrmCustomers_CustomerId"

DETAIL: Detail redacted as it may contain sensitive data. Specify 'Include Error Detail' in the connection string to include this information.
   at Npgsql.Internal.NpgsqlConnector.ReadMessageLong(Boolean async, DataRowLoadingMode dataRowLoadingMode, Boolean readingNotifications, Boolean isReadingPrependedMessage)
   at System.Runtime.CompilerServices.PoolingAsyncValueTaskMethodBuilder`1.StateMachineBox`1.System.Threading.Tasks.Sources.IValueTaskSource<TResult>.GetResult(Int16 token)
   at Npgsql.NpgsqlDataReader.NextResult(Boolean async, Boolean isConsuming, CancellationToken cancellationToken)
   at Npgsql.NpgsqlDataReader.NextResult(Boolean async, Boolean isConsuming, CancellationToken cancellationToken)
   at Npgsql.NpgsqlCommand.ExecuteReader(Boolean async, CommandBehavior behavior, CancellationToken cancellationToken)
   at Npgsql.NpgsqlCommand.ExecuteReader(Boolean async, CommandBehavior behavior, CancellationToken cancellationToken)
   at Npgsql.NpgsqlCommand.ExecuteDbDataReaderAsync(CommandBehavior behavior, CancellationToken cancellationToken)
   at Microsoft.EntityFrameworkCore.Storage.RelationalCommand.ExecuteReaderAsync(RelationalCommandParameterObject parameterObject, CancellationToken cancellationToken)
   at Microsoft.EntityFrameworkCore.Storage.RelationalCommand.ExecuteReaderAsync(RelationalCommandParameterObject parameterObject, CancellationToken cancellationToken)
   at Microsoft.EntityFrameworkCore.Update.ReaderModificationCommandBatch.ExecuteAsync(IRelationalConnection connection, CancellationToken cancellationToken)
  Exception data:
    Severity: ERROR
    SqlState: 23503
    MessageText: insert or update on table "CrmSupportTickets" violates foreign key constraint "FK_CrmSupportTickets_CrmCustomers_CustomerId"
    Detail: Detail redacted as it may contain sensitive data. Specify 'Include Error Detail' in the connection string to include this information.
    SchemaName: public
    TableName: CrmSupportTickets
    ConstraintName: FK_CrmSupportTickets_CrmCustomers_CustomerId
    File: ri_triggers.c
    Line: 2783
    Routine: ri_ReportViolation
   --- End of inner exception stack trace ---
   at Microsoft.EntityFrameworkCore.Update.ReaderModificationCommandBatch.ExecuteAsync(IRelationalConnection connection, CancellationToken cancellationToken)
   at Microsoft.EntityFrameworkCore.Update.Internal.BatchExecutor.ExecuteAsync(IEnumerable`1 commandBatches, IRelationalConnection connection, CancellationToken cancellationToken)
   at Microsoft.EntityFrameworkCore.Update.Internal.BatchExecutor.ExecuteAsync(IEnumerable`1 commandBatches, IRelationalConnection connection, CancellationToken cancellationToken)
   at Microsoft.EntityFrameworkCore.Update.Internal.BatchExecutor.ExecuteAsync(IEnumerable`1 commandBatches, IRelationalConnection connection, CancellationToken cancellationToken)
   at Microsoft.EntityFrameworkCore.Storage.RelationalDatabase.SaveChangesAsync(IList`1 entries, CancellationToken cancellationToken)
   at Microsoft.EntityFrameworkCore.ChangeTracking.Internal.StateManager.SaveChangesAsync(IList`1 entriesToSave, CancellationToken cancellationToken)
   at Microsoft.EntityFrameworkCore.ChangeTracking.Internal.StateManager.SaveChangesAsync(StateManager stateManager, Boolean acceptAllChangesOnSuccess, CancellationToken cancellationToken)
   at Npgsql.EntityFrameworkCore.PostgreSQL.Storage.Internal.NpgsqlExecutionStrategy.ExecuteAsync[TState,TResult](TState state, Func`4 operation, Func`4 verifySucceeded, CancellationToken cancellationToken)
   at Microsoft.EntityFrameworkCore.DbContext.SaveChangesAsync(Boolean acceptAllChangesOnSuccess, CancellationToken cancellationToken)
   at Microsoft.EntityFrameworkCore.DbContext.SaveChangesAsync(Boolean acceptAllChangesOnSuccess, CancellationToken cancellationToken)
   at Biktal.Infrastructure.Persistence.CrmDataSeeder.SeedIfEmptyAsync(ApplicationDbContext db, CancellationToken cancellationToken)
   at Program.<Main>$(String[] args) in d:\Systems\BiktalSystems\Program.cs:line 71
2026-07-02 14:04:31.842 +03:00 [WRN] Continuing without a successful migration/seed. Auth and data pages may fail until the database is available.
2026-07-02 14:04:31.866 +03:00 [WRN] Using an in-memory repository. Keys will not be persisted to storage.
2026-07-02 14:04:31.867 +03:00 [WRN] Neither user profile nor HKLM registry available. Using an ephemeral key repository. Protected data will be unavailable when application exits.
2026-07-02 14:04:31.886 +03:00 [WRN] No XML encryptor configured. Key {0f9f6e18-18d9-4783-8784-2c1f8167fddf} may be persisted to storage in unencrypted form.
2026-07-02 14:04:31.934 +03:00 [INF] Application started. Press Ctrl+C to shut down.
2026-07-02 14:04:31.935 +03:00 [INF] Hosting environment: Production
2026-07-02 14:04:31.935 +03:00 [INF] Content root path: D:\Systems\BiktalSystems\publish
2026-07-02 14:04:32.037 +03:00 [INF] HTTP GET /Crm responded 302 in 81.5682 ms
2026-07-02 14:04:32.183 +03:00 [ERR] An exception was thrown while deserializing the token.
Microsoft.AspNetCore.Antiforgery.AntiforgeryValidationException: The antiforgery token could not be decrypted.
 ---> System.Security.Cryptography.CryptographicException: The key {893a034d-b352-4a8f-9105-7814cd70803c} was not found in the key ring. For more information go to https://aka.ms/aspnet/dataprotectionwarning
   at Microsoft.AspNetCore.DataProtection.KeyManagement.KeyRingBasedDataProtector.UnprotectCore(Byte[] protectedData, Boolean allowOperationsOnRevokedKeys, UnprotectStatus& status)
   at Microsoft.AspNetCore.DataProtection.KeyManagement.KeyRingBasedDataProtector.Unprotect(Byte[] protectedData)
   at Microsoft.AspNetCore.Antiforgery.DefaultAntiforgeryTokenSerializer.Deserialize(String serializedToken)
   --- End of inner exception stack trace ---
   at Microsoft.AspNetCore.Antiforgery.DefaultAntiforgeryTokenSerializer.Deserialize(String serializedToken)
   at Microsoft.AspNetCore.Antiforgery.DefaultAntiforgery.GetCookieTokenDoesNotThrow(HttpContext httpContext)
2026-07-02 14:04:32.276 +03:00 [INF] HTTP GET /Account/Login responded 200 in 222.8079 ms
2026-07-02 14:04:32.472 +03:00 [INF] HTTP GET /js/site.js responded 200 in 103.6900 ms
2026-07-02 14:04:32.472 +03:00 [INF] HTTP GET /lib/jquery-validation-unobtrusive/dist/jquery.validate.unobtrusive.min.js responded 200 in 61.4660 ms
2026-07-02 14:04:32.472 +03:00 [INF] HTTP GET /Biktal.WebMVC.styles.css responded 200 in 105.8899 ms
2026-07-02 14:04:32.473 +03:00 [INF] HTTP GET /css/site.css responded 200 in 107.6702 ms
2026-07-02 14:04:32.474 +03:00 [INF] HTTP GET /lib/jquery-validation/dist/jquery.validate.min.js responded 200 in 103.4677 ms
2026-07-02 14:04:32.474 +03:00 [INF] HTTP GET /lib/bootstrap/dist/css/bootstrap.min.css responded 200 in 119.5410 ms
2026-07-02 14:04:32.474 +03:00 [INF] HTTP GET /lib/jquery/dist/jquery.min.js responded 200 in 107.0921 ms
2026-07-02 14:04:32.476 +03:00 [INF] HTTP GET /lib/bootstrap/dist/js/bootstrap.bundle.min.js responded 200 in 109.0270 ms
2026-07-02 14:04:39.870 +03:00 [INF] HTTP POST /Account/Login responded 302 in 579.3028 ms
2026-07-02 14:04:40.023 +03:00 [INF] HTTP GET /Crm responded 200 in 146.6306 ms
2026-07-02 14:04:40.106 +03:00 [INF] HTTP GET /lib/bootstrap/dist/css/bootstrap.min.css responded 200 in 28.2456 ms
2026-07-02 14:04:40.107 +03:00 [INF] HTTP GET /Biktal.WebMVC.styles.css responded 200 in 7.3361 ms
2026-07-02 14:04:40.112 +03:00 [INF] HTTP GET /css/site.css responded 200 in 4.7610 ms
2026-07-02 14:04:40.170 +03:00 [INF] HTTP GET /js/site.js responded 304 in 49.2984 ms
2026-07-02 14:04:40.171 +03:00 [INF] HTTP GET /lib/jquery/dist/jquery.min.js responded 304 in 67.1994 ms
2026-07-02 14:04:40.243 +03:00 [INF] HTTP GET /lib/bootstrap/dist/js/bootstrap.bundle.min.js responded 304 in 139.5125 ms
2026-07-02 14:04:43.121 +03:00 [INF] HTTP GET /Installments responded 200 in 196.1011 ms
2026-07-02 14:04:43.182 +03:00 [INF] HTTP GET /lib/bootstrap/dist/css/bootstrap.min.css responded 200 in 12.3170 ms
2026-07-02 14:04:43.192 +03:00 [INF] HTTP GET /css/site.css responded 200 in 4.3895 ms
2026-07-02 14:04:43.197 +03:00 [INF] HTTP GET /Biktal.WebMVC.styles.css responded 200 in 8.7024 ms
2026-07-02 14:04:43.199 +03:00 [INF] HTTP GET /lib/bootstrap/dist/js/bootstrap.bundle.min.js responded 304 in 2.0863 ms
2026-07-02 14:04:43.199 +03:00 [INF] HTTP GET /lib/jquery/dist/jquery.min.js responded 304 in 1.3557 ms
2026-07-02 14:04:43.202 +03:00 [INF] HTTP GET /js/site.js responded 304 in 1.9652 ms
2026-07-02 14:05:25.197 +03:00 [INF] HTTP GET /Crm/Customers responded 200 in 227.3966 ms
2026-07-02 14:05:25.266 +03:00 [INF] HTTP GET /css/site.css responded 200 in 3.5333 ms
2026-07-02 14:05:25.267 +03:00 [INF] HTTP GET /lib/bootstrap/dist/css/bootstrap.min.css responded 200 in 1.0871 ms
2026-07-02 14:05:25.267 +03:00 [INF] HTTP GET /Biktal.WebMVC.styles.css responded 200 in 1.7598 ms
2026-07-02 14:05:25.273 +03:00 [INF] HTTP GET /lib/jquery/dist/jquery.min.js responded 200 in 1.7590 ms
2026-07-02 14:05:25.286 +03:00 [INF] HTTP GET /lib/bootstrap/dist/js/bootstrap.bundle.min.js responded 200 in 11.5745 ms
2026-07-02 14:05:25.291 +03:00 [INF] HTTP GET /js/site.js responded 200 in 2.1642 ms
2026-07-02 14:05:36.620 +03:00 [INF] HTTP GET /Installments responded 200 in 20.8963 ms
2026-07-02 14:05:36.696 +03:00 [INF] HTTP GET /Biktal.WebMVC.styles.css responded 200 in 1.5384 ms
2026-07-02 14:05:36.697 +03:00 [INF] HTTP GET /css/site.css responded 200 in 3.2262 ms
2026-07-02 14:05:36.698 +03:00 [INF] HTTP GET /lib/bootstrap/dist/css/bootstrap.min.css responded 200 in 1.3613 ms
2026-07-02 14:05:36.704 +03:00 [INF] HTTP GET /lib/jquery/dist/jquery.min.js responded 304 in 3.2561 ms
2026-07-02 14:05:36.714 +03:00 [INF] HTTP GET /lib/bootstrap/dist/js/bootstrap.bundle.min.js responded 304 in 0.7539 ms
2026-07-02 14:05:36.714 +03:00 [INF] HTTP GET /js/site.js responded 304 in 0.8798 ms
2026-07-02 14:05:58.253 +03:00 [INF] HTTP GET /Installments/New responded 200 in 136.0471 ms
2026-07-02 14:05:58.338 +03:00 [INF] HTTP GET /lib/bootstrap/dist/css/bootstrap.min.css responded 200 in 1.9044 ms
2026-07-02 14:05:58.338 +03:00 [INF] HTTP GET /css/site.css responded 200 in 1.3479 ms
2026-07-02 14:05:58.341 +03:00 [INF] HTTP GET /Biktal.WebMVC.styles.css responded 200 in 0.9587 ms
2026-07-02 14:05:58.343 +03:00 [INF] HTTP GET /lib/jquery/dist/jquery.min.js responded 304 in 0.5338 ms
2026-07-02 14:05:58.347 +03:00 [INF] HTTP GET /lib/bootstrap/dist/js/bootstrap.bundle.min.js responded 304 in 0.5888 ms
2026-07-02 14:05:58.347 +03:00 [INF] HTTP GET /js/site.js responded 304 in 0.5888 ms
2026-07-02 14:05:58.368 +03:00 [INF] HTTP GET /lib/jquery-validation-unobtrusive/dist/jquery.validate.unobtrusive.min.js responded 200 in 16.0476 ms
2026-07-02 14:05:58.371 +03:00 [INF] HTTP GET /lib/jquery-validation/dist/jquery.validate.min.js responded 200 in 20.7332 ms
2026-07-02 14:05:59.581 +03:00 [INF] HTTP GET /Crm/Customers responded 200 in 17.8554 ms
2026-07-02 14:05:59.631 +03:00 [INF] HTTP GET /lib/bootstrap/dist/css/bootstrap.min.css responded 200 in 1.1669 ms
2026-07-02 14:05:59.647 +03:00 [INF] HTTP GET /css/site.css responded 200 in 1.7625 ms
2026-07-02 14:05:59.651 +03:00 [INF] HTTP GET /Biktal.WebMVC.styles.css responded 200 in 1.9846 ms
2026-07-02 14:05:59.654 +03:00 [INF] HTTP GET /lib/jquery/dist/jquery.min.js responded 304 in 2.5908 ms
2026-07-02 14:05:59.660 +03:00 [INF] HTTP GET /lib/bootstrap/dist/js/bootstrap.bundle.min.js responded 304 in 4.8654 ms
2026-07-02 14:05:59.661 +03:00 [INF] HTTP GET /js/site.js responded 304 in 0.9192 ms
2026-07-02 14:06:03.105 +03:00 [INF] HTTP GET /Crm/Customer/019ee0f0-fff5-7900-a588-616c98ddfbff responded 200 in 79.8929 ms
2026-07-02 14:06:03.183 +03:00 [INF] HTTP GET /lib/bootstrap/dist/css/bootstrap.min.css responded 200 in 4.8617 ms
2026-07-02 14:06:03.188 +03:00 [INF] HTTP GET /css/site.css responded 200 in 1.9013 ms
2026-07-02 14:06:03.192 +03:00 [INF] HTTP GET /Biktal.WebMVC.styles.css responded 200 in 2.2158 ms
2026-07-02 14:06:03.196 +03:00 [INF] HTTP GET /lib/jquery/dist/jquery.min.js responded 304 in 1.5778 ms
2026-07-02 14:06:03.200 +03:00 [INF] HTTP GET /lib/bootstrap/dist/js/bootstrap.bundle.min.js responded 304 in 0.5543 ms
2026-07-02 14:06:03.200 +03:00 [INF] HTTP GET /js/site.js responded 304 in 0.4344 ms
2026-07-02 14:06:03.203 +03:00 [INF] HTTP GET /lib/jquery-validation/dist/jquery.validate.min.js responded 304 in 0.9822 ms
2026-07-02 14:06:03.203 +03:00 [INF] HTTP GET /lib/jquery-validation-unobtrusive/dist/jquery.validate.unobtrusive.min.js responded 304 in 0.8269 ms
2026-07-02 14:06:08.044 +03:00 [INF] HTTP GET /Crm/Customers responded 200 in 20.3600 ms
2026-07-02 14:06:08.119 +03:00 [INF] HTTP GET /lib/bootstrap/dist/css/bootstrap.min.css responded 304 in 0.7831 ms
2026-07-02 14:06:08.121 +03:00 [INF] HTTP GET /css/site.css responded 304 in 1.2024 ms
2026-07-02 14:06:08.125 +03:00 [INF] HTTP GET /lib/bootstrap/dist/js/bootstrap.bundle.min.js responded 304 in 0.6539 ms
2026-07-02 14:06:08.126 +03:00 [INF] HTTP GET /Biktal.WebMVC.styles.css responded 304 in 0.6032 ms
2026-07-02 14:06:08.126 +03:00 [INF] HTTP GET /js/site.js responded 304 in 0.6463 ms
2026-07-02 14:06:08.126 +03:00 [INF] HTTP GET /lib/jquery/dist/jquery.min.js responded 304 in 5.8013 ms
2026-07-02 14:06:12.419 +03:00 [INF] HTTP GET /Crm/Customer/019ee0f0-fff5-7900-a588-616c98ddfbff responded 200 in 10.8964 ms
2026-07-02 14:06:12.506 +03:00 [INF] HTTP GET /lib/bootstrap/dist/css/bootstrap.min.css responded 200 in 12.6168 ms
2026-07-02 14:06:12.511 +03:00 [INF] HTTP GET /css/site.css responded 304 in 1.9253 ms
2026-07-02 14:06:12.511 +03:00 [INF] HTTP GET /Biktal.WebMVC.styles.css responded 304 in 0.6109 ms
2026-07-02 14:06:12.515 +03:00 [INF] HTTP GET /lib/jquery/dist/jquery.min.js responded 304 in 1.4225 ms
2026-07-02 14:06:12.518 +03:00 [INF] HTTP GET /lib/jquery-validation/dist/jquery.validate.min.js responded 304 in 0.5067 ms
2026-07-02 14:06:12.519 +03:00 [INF] HTTP GET /js/site.js responded 304 in 0.5965 ms
2026-07-02 14:06:12.519 +03:00 [INF] HTTP GET /lib/bootstrap/dist/js/bootstrap.bundle.min.js responded 304 in 0.5942 ms
2026-07-02 14:06:12.525 +03:00 [INF] HTTP GET /lib/jquery-validation-unobtrusive/dist/jquery.validate.unobtrusive.min.js responded 304 in 1.5329 ms
2026-07-02 14:06:18.411 +03:00 [INF] HTTP GET /Installments/New responded 200 in 10.8629 ms
2026-07-02 14:06:18.490 +03:00 [INF] HTTP GET /Biktal.WebMVC.styles.css responded 304 in 3.3512 ms
2026-07-02 14:06:18.487 +03:00 [INF] HTTP GET /css/site.css responded 304 in 0.5012 ms
2026-07-02 14:06:18.496 +03:00 [INF] HTTP GET /lib/bootstrap/dist/css/bootstrap.min.css responded 200 in 5.9193 ms
2026-07-02 14:06:18.500 +03:00 [INF] HTTP GET /lib/jquery/dist/jquery.min.js responded 304 in 1.8786 ms
2026-07-02 14:06:18.505 +03:00 [INF] HTTP GET /lib/bootstrap/dist/js/bootstrap.bundle.min.js responded 304 in 1.5169 ms
2026-07-02 14:06:18.509 +03:00 [INF] HTTP GET /js/site.js responded 304 in 1.9616 ms
2026-07-02 14:06:18.511 +03:00 [INF] HTTP GET /lib/jquery-validation/dist/jquery.validate.min.js responded 304 in 1.1254 ms
2026-07-02 14:06:18.512 +03:00 [INF] HTTP GET /lib/jquery-validation-unobtrusive/dist/jquery.validate.unobtrusive.min.js responded 304 in 0.4221 ms
2026-07-02 14:06:25.664 +03:00 [INF] HTTP GET /Installments responded 200 in 10.7270 ms
2026-07-02 14:06:25.734 +03:00 [INF] HTTP GET /lib/bootstrap/dist/css/bootstrap.min.css responded 200 in 8.0809 ms
2026-07-02 14:06:25.743 +03:00 [INF] HTTP GET /css/site.css responded 304 in 0.5014 ms
2026-07-02 14:06:25.743 +03:00 [INF] HTTP GET /lib/jquery/dist/jquery.min.js responded 304 in 0.3792 ms
2026-07-02 14:06:25.744 +03:00 [INF] HTTP GET /Biktal.WebMVC.styles.css responded 304 in 0.4999 ms
2026-07-02 14:06:25.748 +03:00 [INF] HTTP GET /lib/bootstrap/dist/js/bootstrap.bundle.min.js responded 304 in 1.9608 ms
2026-07-02 14:06:25.758 +03:00 [INF] HTTP GET /js/site.js responded 304 in 0.9319 ms
2026-07-02 14:07:08.081 +03:00 [WRN] Compiling a query which loads related collections for more than one collection navigation, either via 'Include' or through projection, but no 'QuerySplittingBehavior' has been configured. By default, Entity Framework will use 'QuerySplittingBehavior.SingleQuery', which can potentially result in slow query performance. See https://go.microsoft.com/fwlink/?linkid=2134277 for more information. To identify the query that's triggering this warning call 'ConfigureWarnings(w => w.Throw(RelationalEventId.MultipleCollectionIncludeWarning))'.
2026-07-02 14:07:08.183 +03:00 [INF] HTTP GET /Installments/Detail/8a69c75f-cf8c-425b-8fe1-2652a3a35554 responded 200 in 218.7401 ms
2026-07-02 14:07:08.253 +03:00 [INF] HTTP GET /css/site.css responded 200 in 0.9016 ms
2026-07-02 14:07:08.254 +03:00 [INF] HTTP GET /lib/bootstrap/dist/css/bootstrap.min.css responded 200 in 0.9002 ms
2026-07-02 14:07:08.255 +03:00 [INF] HTTP GET /lib/jquery/dist/jquery.min.js responded 200 in 1.3618 ms
2026-07-02 14:07:08.255 +03:00 [INF] HTTP GET /Biktal.WebMVC.styles.css responded 200 in 0.9057 ms
2026-07-02 14:07:08.261 +03:00 [INF] HTTP GET /js/site.js responded 200 in 1.3366 ms
2026-07-02 14:07:08.272 +03:00 [INF] HTTP GET /lib/jquery-validation/dist/jquery.validate.min.js responded 200 in 1.1252 ms
2026-07-02 14:07:08.279 +03:00 [INF] HTTP GET /lib/bootstrap/dist/js/bootstrap.bundle.min.js responded 200 in 6.3010 ms
2026-07-02 14:07:08.286 +03:00 [INF] HTTP GET /lib/jquery-validation-unobtrusive/dist/jquery.validate.unobtrusive.min.js responded 200 in 7.0175 ms
2026-07-02 14:07:40.931 +03:00 [ERR] HTTP POST /Installments/RecordPayment responded 500 in 458.9430 ms
Microsoft.EntityFrameworkCore.DbUpdateConcurrencyException: The database operation was expected to affect 1 row(s), but actually affected 0 row(s); data may have been modified or deleted since entities were loaded. See https://go.microsoft.com/fwlink/?LinkId=527962 for information on understanding and handling optimistic concurrency exceptions.
   at Npgsql.EntityFrameworkCore.PostgreSQL.Update.Internal.NpgsqlModificationCommandBatch.ThrowAggregateUpdateConcurrencyExceptionAsync(RelationalDataReader reader, Int32 commandIndex, Int32 expectedRowsAffected, Int32 rowsAffected, CancellationToken cancellationToken)
   at Npgsql.EntityFrameworkCore.PostgreSQL.Update.Internal.NpgsqlModificationCommandBatch.Consume(RelationalDataReader reader, Boolean async, CancellationToken cancellationToken)
   at Microsoft.EntityFrameworkCore.Update.ReaderModificationCommandBatch.ExecuteAsync(IRelationalConnection connection, CancellationToken cancellationToken)
   at Microsoft.EntityFrameworkCore.Update.ReaderModificationCommandBatch.ExecuteAsync(IRelationalConnection connection, CancellationToken cancellationToken)
   at Microsoft.EntityFrameworkCore.Update.Internal.BatchExecutor.ExecuteAsync(IEnumerable`1 commandBatches, IRelationalConnection connection, CancellationToken cancellationToken)
   at Microsoft.EntityFrameworkCore.Update.Internal.BatchExecutor.ExecuteAsync(IEnumerable`1 commandBatches, IRelationalConnection connection, CancellationToken cancellationToken)
   at Microsoft.EntityFrameworkCore.Update.Internal.BatchExecutor.ExecuteAsync(IEnumerable`1 commandBatches, IRelationalConnection connection, CancellationToken cancellationToken)
   at Microsoft.EntityFrameworkCore.Storage.RelationalDatabase.SaveChangesAsync(IList`1 entries, CancellationToken cancellationToken)
   at Microsoft.EntityFrameworkCore.ChangeTracking.Internal.StateManager.SaveChangesAsync(IList`1 entriesToSave, CancellationToken cancellationToken)
   at Microsoft.EntityFrameworkCore.ChangeTracking.Internal.StateManager.SaveChangesAsync(StateManager stateManager, Boolean acceptAllChangesOnSuccess, CancellationToken cancellationToken)
   at Npgsql.EntityFrameworkCore.PostgreSQL.Storage.Internal.NpgsqlExecutionStrategy.ExecuteAsync[TState,TResult](TState state, Func`4 operation, Func`4 verifySucceeded, CancellationToken cancellationToken)
   at Microsoft.EntityFrameworkCore.DbContext.SaveChangesAsync(Boolean acceptAllChangesOnSuccess, CancellationToken cancellationToken)
   at Biktal.Infrastructure.Finance.InstallmentPlanService.RecordPaymentAsync(RecordInstallmentPaymentCommand command, CancellationToken cancellationToken)
   at Biktal.Infrastructure.Finance.InstallmentPlanService.RecordPaymentAsync(RecordInstallmentPaymentCommand command, CancellationToken cancellationToken)
   at Biktal.Infrastructure.Finance.InstallmentPlanService.RecordPaymentAsync(RecordInstallmentPaymentCommand command, CancellationToken cancellationToken)
   at Biktal.WebMVC.Controllers.InstallmentsController.RecordPayment(RecordInstallmentPaymentFormModel model, CancellationToken cancellationToken) in d:\Systems\BiktalSystems\Controllers\InstallmentsController.cs:line 202
   at Microsoft.AspNetCore.Mvc.Infrastructure.ActionMethodExecutor.TaskOfIActionResultExecutor.Execute(ActionContext actionContext, IActionResultTypeMapper mapper, ObjectMethodExecutor executor, Object controller, Object[] arguments)
   at Microsoft.AspNetCore.Mvc.Infrastructure.ControllerActionInvoker.<InvokeActionMethodAsync>g__Awaited|12_0(ControllerActionInvoker invoker, ValueTask`1 actionResultValueTask)
   at Microsoft.AspNetCore.Mvc.Infrastructure.ControllerActionInvoker.<InvokeNextActionFilterAsync>g__Awaited|10_0(ControllerActionInvoker invoker, Task lastTask, State next, Scope scope, Object state, Boolean isCompleted)
   at Microsoft.AspNetCore.Mvc.Infrastructure.ControllerActionInvoker.Rethrow(ActionExecutedContextSealed context)
   at Microsoft.AspNetCore.Mvc.Infrastructure.ControllerActionInvoker.Next(State& next, Scope& scope, Object& state, Boolean& isCompleted)
   at Microsoft.AspNetCore.Mvc.Infrastructure.ControllerActionInvoker.<InvokeInnerFilterAsync>g__Awaited|13_0(ControllerActionInvoker invoker, Task lastTask, State next, Scope scope, Object state, Boolean isCompleted)
   at Microsoft.AspNetCore.Mvc.Infrastructure.ResourceInvoker.<InvokeNextResourceFilter>g__Awaited|25_0(ResourceInvoker invoker, Task lastTask, State next, Scope scope, Object state, Boolean isCompleted)
   at Microsoft.AspNetCore.Mvc.Infrastructure.ResourceInvoker.Rethrow(ResourceExecutedContextSealed context)
   at Microsoft.AspNetCore.Mvc.Infrastructure.ResourceInvoker.Next(State& next, Scope& scope, Object& state, Boolean& isCompleted)
   at Microsoft.AspNetCore.Mvc.Infrastructure.ResourceInvoker.<InvokeFilterPipelineAsync>g__Awaited|20_0(ResourceInvoker invoker, Task lastTask, State next, Scope scope, Object state, Boolean isCompleted)
   at Microsoft.AspNetCore.Mvc.Infrastructure.ResourceInvoker.<InvokeAsync>g__Awaited|17_0(ResourceInvoker invoker, Task task, IDisposable scope)
   at Microsoft.AspNetCore.Mvc.Infrastructure.ResourceInvoker.<InvokeAsync>g__Awaited|17_0(ResourceInvoker invoker, Task task, IDisposable scope)
   at Microsoft.AspNetCore.Authorization.AuthorizationMiddleware.Invoke(HttpContext context)
   at Microsoft.AspNetCore.Authentication.AuthenticationMiddleware.Invoke(HttpContext context)
   at Serilog.AspNetCore.RequestLoggingMiddleware.Invoke(HttpContext httpContext)
2026-07-02 14:07:40.940 +03:00 [ERR] An unhandled exception has occurred while executing the request.
Microsoft.EntityFrameworkCore.DbUpdateConcurrencyException: The database operation was expected to affect 1 row(s), but actually affected 0 row(s); data may have been modified or deleted since entities were loaded. See https://go.microsoft.com/fwlink/?LinkId=527962 for information on understanding and handling optimistic concurrency exceptions.
   at Npgsql.EntityFrameworkCore.PostgreSQL.Update.Internal.NpgsqlModificationCommandBatch.ThrowAggregateUpdateConcurrencyExceptionAsync(RelationalDataReader reader, Int32 commandIndex, Int32 expectedRowsAffected, Int32 rowsAffected, CancellationToken cancellationToken)
   at Npgsql.EntityFrameworkCore.PostgreSQL.Update.Internal.NpgsqlModificationCommandBatch.Consume(RelationalDataReader reader, Boolean async, CancellationToken cancellationToken)
   at Microsoft.EntityFrameworkCore.Update.ReaderModificationCommandBatch.ExecuteAsync(IRelationalConnection connection, CancellationToken cancellationToken)
   at Microsoft.EntityFrameworkCore.Update.ReaderModificationCommandBatch.ExecuteAsync(IRelationalConnection connection, CancellationToken cancellationToken)
   at Microsoft.EntityFrameworkCore.Update.Internal.BatchExecutor.ExecuteAsync(IEnumerable`1 commandBatches, IRelationalConnection connection, CancellationToken cancellationToken)
   at Microsoft.EntityFrameworkCore.Update.Internal.BatchExecutor.ExecuteAsync(IEnumerable`1 commandBatches, IRelationalConnection connection, CancellationToken cancellationToken)
   at Microsoft.EntityFrameworkCore.Update.Internal.BatchExecutor.ExecuteAsync(IEnumerable`1 commandBatches, IRelationalConnection connection, CancellationToken cancellationToken)
   at Microsoft.EntityFrameworkCore.Storage.RelationalDatabase.SaveChangesAsync(IList`1 entries, CancellationToken cancellationToken)
   at Microsoft.EntityFrameworkCore.ChangeTracking.Internal.StateManager.SaveChangesAsync(IList`1 entriesToSave, CancellationToken cancellationToken)
   at Microsoft.EntityFrameworkCore.ChangeTracking.Internal.StateManager.SaveChangesAsync(StateManager stateManager, Boolean acceptAllChangesOnSuccess, CancellationToken cancellationToken)
   at Npgsql.EntityFrameworkCore.PostgreSQL.Storage.Internal.NpgsqlExecutionStrategy.ExecuteAsync[TState,TResult](TState state, Func`4 operation, Func`4 verifySucceeded, CancellationToken cancellationToken)
   at Microsoft.EntityFrameworkCore.DbContext.SaveChangesAsync(Boolean acceptAllChangesOnSuccess, CancellationToken cancellationToken)
   at Biktal.Infrastructure.Finance.InstallmentPlanService.RecordPaymentAsync(RecordInstallmentPaymentCommand command, CancellationToken cancellationToken)
   at Biktal.Infrastructure.Finance.InstallmentPlanService.RecordPaymentAsync(RecordInstallmentPaymentCommand command, CancellationToken cancellationToken)
   at Biktal.Infrastructure.Finance.InstallmentPlanService.RecordPaymentAsync(RecordInstallmentPaymentCommand command, CancellationToken cancellationToken)
   at Biktal.WebMVC.Controllers.InstallmentsController.RecordPayment(RecordInstallmentPaymentFormModel model, CancellationToken cancellationToken) in d:\Systems\BiktalSystems\Controllers\InstallmentsController.cs:line 202
   at Microsoft.AspNetCore.Mvc.Infrastructure.ActionMethodExecutor.TaskOfIActionResultExecutor.Execute(ActionContext actionContext, IActionResultTypeMapper mapper, ObjectMethodExecutor executor, Object controller, Object[] arguments)
   at Microsoft.AspNetCore.Mvc.Infrastructure.ControllerActionInvoker.<InvokeActionMethodAsync>g__Awaited|12_0(ControllerActionInvoker invoker, ValueTask`1 actionResultValueTask)
   at Microsoft.AspNetCore.Mvc.Infrastructure.ControllerActionInvoker.<InvokeNextActionFilterAsync>g__Awaited|10_0(ControllerActionInvoker invoker, Task lastTask, State next, Scope scope, Object state, Boolean isCompleted)
   at Microsoft.AspNetCore.Mvc.Infrastructure.ControllerActionInvoker.Rethrow(ActionExecutedContextSealed context)
   at Microsoft.AspNetCore.Mvc.Infrastructure.ControllerActionInvoker.Next(State& next, Scope& scope, Object& state, Boolean& isCompleted)
   at Microsoft.AspNetCore.Mvc.Infrastructure.ControllerActionInvoker.<InvokeInnerFilterAsync>g__Awaited|13_0(ControllerActionInvoker invoker, Task lastTask, State next, Scope scope, Object state, Boolean isCompleted)
   at Microsoft.AspNetCore.Mvc.Infrastructure.ResourceInvoker.<InvokeNextResourceFilter>g__Awaited|25_0(ResourceInvoker invoker, Task lastTask, State next, Scope scope, Object state, Boolean isCompleted)
   at Microsoft.AspNetCore.Mvc.Infrastructure.ResourceInvoker.Rethrow(ResourceExecutedContextSealed context)
   at Microsoft.AspNetCore.Mvc.Infrastructure.ResourceInvoker.Next(State& next, Scope& scope, Object& state, Boolean& isCompleted)
   at Microsoft.AspNetCore.Mvc.Infrastructure.ResourceInvoker.<InvokeFilterPipelineAsync>g__Awaited|20_0(ResourceInvoker invoker, Task lastTask, State next, Scope scope, Object state, Boolean isCompleted)
   at Microsoft.AspNetCore.Mvc.Infrastructure.ResourceInvoker.<InvokeAsync>g__Awaited|17_0(ResourceInvoker invoker, Task task, IDisposable scope)
   at Microsoft.AspNetCore.Mvc.Infrastructure.ResourceInvoker.<InvokeAsync>g__Awaited|17_0(ResourceInvoker invoker, Task task, IDisposable scope)
   at Microsoft.AspNetCore.Authorization.AuthorizationMiddleware.Invoke(HttpContext context)
   at Microsoft.AspNetCore.Authentication.AuthenticationMiddleware.Invoke(HttpContext context)
   at Serilog.AspNetCore.RequestLoggingMiddleware.Invoke(HttpContext httpContext)
   at Microsoft.AspNetCore.Diagnostics.ExceptionHandlerMiddlewareImpl.<Invoke>g__Awaited|10_0(ExceptionHandlerMiddlewareImpl middleware, HttpContext context, Task task)
2026-07-02 14:07:40.974 +03:00 [ERR] HTTP POST /Home/Error responded 500 in 8.0955 ms
2026-07-02 14:07:41.047 +03:00 [INF] HTTP GET /lib/bootstrap/dist/css/bootstrap.min.css responded 200 in 3.8745 ms
2026-07-02 14:07:41.048 +03:00 [INF] HTTP GET /Biktal.WebMVC.styles.css responded 200 in 0.9116 ms
2026-07-02 14:07:41.057 +03:00 [INF] HTTP GET /css/site.css responded 200 in 4.1330 ms
2026-07-02 14:07:41.057 +03:00 [INF] HTTP GET /lib/jquery/dist/jquery.min.js responded 304 in 0.4892 ms
2026-07-02 14:07:41.064 +03:00 [INF] HTTP GET /lib/bootstrap/dist/js/bootstrap.bundle.min.js responded 304 in 0.8487 ms
2026-07-02 14:07:41.065 +03:00 [INF] HTTP GET /js/site.js responded 304 in 0.7407 ms
2026-07-02 14:07:47.828 +03:00 [INF] HTTP GET /Crm responded 200 in 21.2472 ms
2026-07-02 14:07:47.903 +03:00 [INF] HTTP GET /css/site.css responded 200 in 1.3143 ms
2026-07-02 14:07:47.903 +03:00 [INF] HTTP GET /Biktal.WebMVC.styles.css responded 200 in 0.8187 ms
2026-07-02 14:07:47.903 +03:00 [INF] HTTP GET /lib/bootstrap/dist/js/bootstrap.bundle.min.js responded 304 in 0.5064 ms
2026-07-02 14:07:47.904 +03:00 [INF] HTTP GET /js/site.js responded 304 in 0.7040 ms
2026-07-02 14:07:47.905 +03:00 [INF] HTTP GET /lib/bootstrap/dist/css/bootstrap.min.css responded 200 in 1.9932 ms
2026-07-02 14:07:47.906 +03:00 [INF] HTTP GET /lib/jquery/dist/jquery.min.js responded 304 in 0.5852 ms
2026-07-02 14:07:49.662 +03:00 [INF] HTTP GET /Installments responded 200 in 6.6641 ms
2026-07-02 14:07:49.728 +03:00 [INF] HTTP GET /lib/bootstrap/dist/css/bootstrap.min.css responded 200 in 1.5304 ms
2026-07-02 14:07:49.738 +03:00 [INF] HTTP GET /css/site.css responded 200 in 1.4899 ms
2026-07-02 14:07:49.740 +03:00 [INF] HTTP GET /Biktal.WebMVC.styles.css responded 200 in 0.7971 ms
2026-07-02 14:07:49.746 +03:00 [INF] HTTP GET /lib/jquery/dist/jquery.min.js responded 304 in 1.1206 ms
2026-07-02 14:07:49.749 +03:00 [INF] HTTP GET /js/site.js responded 304 in 0.3272 ms
2026-07-02 14:07:49.749 +03:00 [INF] HTTP GET /lib/bootstrap/dist/js/bootstrap.bundle.min.js responded 304 in 0.3572 ms
2026-07-02 14:07:52.876 +03:00 [INF] HTTP GET /Installments/Detail/8a69c75f-cf8c-425b-8fe1-2652a3a35554 responded 200 in 14.7941 ms
2026-07-02 14:07:52.954 +03:00 [INF] HTTP GET /lib/bootstrap/dist/css/bootstrap.min.css responded 304 in 12.1529 ms
2026-07-02 14:07:52.963 +03:00 [INF] HTTP GET /css/site.css responded 304 in 0.8980 ms
2026-07-02 14:07:52.969 +03:00 [INF] HTTP GET /Biktal.WebMVC.styles.css responded 304 in 0.6053 ms
2026-07-02 14:07:52.974 +03:00 [INF] HTTP GET /lib/bootstrap/dist/js/bootstrap.bundle.min.js responded 304 in 0.3766 ms
2026-07-02 14:07:52.975 +03:00 [INF] HTTP GET /lib/jquery-validation/dist/jquery.validate.min.js responded 304 in 0.5622 ms
2026-07-02 14:07:52.975 +03:00 [INF] HTTP GET /js/site.js responded 304 in 0.9773 ms
2026-07-02 14:07:52.975 +03:00 [INF] HTTP GET /lib/jquery-validation-unobtrusive/dist/jquery.validate.unobtrusive.min.js responded 304 in 0.3720 ms
2026-07-02 14:07:52.976 +03:00 [INF] HTTP GET /lib/jquery/dist/jquery.min.js responded 304 in 0.5705 ms
2026-07-02 14:08:21.174 +03:00 [INF] HTTP GET /Installments responded 200 in 12.0110 ms
2026-07-02 14:08:21.256 +03:00 [INF] HTTP GET /lib/bootstrap/dist/css/bootstrap.min.css responded 200 in 1.3230 ms
2026-07-02 14:08:21.262 +03:00 [INF] HTTP GET /css/site.css responded 304 in 0.8857 ms
2026-07-02 14:08:21.263 +03:00 [INF] HTTP GET /Biktal.WebMVC.styles.css responded 304 in 0.5833 ms
2026-07-02 14:08:21.272 +03:00 [INF] HTTP GET /lib/jquery/dist/jquery.min.js responded 304 in 0.5108 ms
2026-07-02 14:08:21.273 +03:00 [INF] HTTP GET /lib/bootstrap/dist/js/bootstrap.bundle.min.js responded 304 in 0.8014 ms
2026-07-02 14:08:21.274 +03:00 [INF] HTTP GET /js/site.js responded 304 in 0.6737 ms
2026-07-02 14:23:24.491 +03:00 [INF] HTTP GET /Crm/Customers responded 200 in 77.3131 ms
2026-07-02 14:23:24.608 +03:00 [INF] HTTP GET /lib/bootstrap/dist/css/bootstrap.min.css responded 200 in 1.2476 ms
2026-07-02 14:23:24.610 +03:00 [INF] HTTP GET /Biktal.WebMVC.styles.css responded 200 in 0.8931 ms
2026-07-02 14:23:24.626 +03:00 [INF] HTTP GET /css/site.css responded 200 in 2.4227 ms
2026-07-02 14:23:24.632 +03:00 [INF] HTTP GET /lib/bootstrap/dist/js/bootstrap.bundle.min.js responded 200 in 5.7993 ms
2026-07-02 14:23:24.634 +03:00 [INF] HTTP GET /js/site.js responded 200 in 1.1084 ms
2026-07-02 14:23:24.646 +03:00 [INF] HTTP GET /lib/jquery/dist/jquery.min.js responded 200 in 3.8016 ms
2026-07-02 14:23:28.848 +03:00 [INF] HTTP GET /Crm/NewCustomer responded 200 in 46.4272 ms
2026-07-02 14:23:28.922 +03:00 [INF] HTTP GET /lib/bootstrap/dist/css/bootstrap.min.css responded 304 in 2.6008 ms
2026-07-02 14:23:28.926 +03:00 [INF] HTTP GET /Biktal.WebMVC.styles.css responded 304 in 0.4538 ms
2026-07-02 14:23:28.926 +03:00 [INF] HTTP GET /css/site.css responded 304 in 0.3512 ms
2026-07-02 14:23:28.933 +03:00 [INF] HTTP GET /lib/jquery/dist/jquery.min.js responded 304 in 2.0953 ms
2026-07-02 14:23:28.938 +03:00 [INF] HTTP GET /lib/bootstrap/dist/js/bootstrap.bundle.min.js responded 304 in 1.1499 ms
2026-07-02 14:23:28.941 +03:00 [INF] HTTP GET /lib/jquery-validation-unobtrusive/dist/jquery.validate.unobtrusive.min.js responded 200 in 1.6502 ms
2026-07-02 14:23:28.942 +03:00 [INF] HTTP GET /js/site.js responded 304 in 0.4661 ms
2026-07-02 14:23:28.947 +03:00 [INF] HTTP GET /lib/jquery-validation/dist/jquery.validate.min.js responded 200 in 4.7348 ms
2026-07-02 14:23:53.318 +03:00 [INF] HTTP POST /Crm/CreateCustomer responded 302 in 20.8907 ms
2026-07-02 14:23:53.338 +03:00 [INF] HTTP GET /Crm/Customers responded 200 in 6.7741 ms
2026-07-02 14:23:53.403 +03:00 [INF] HTTP GET /lib/bootstrap/dist/css/bootstrap.min.css responded 200 in 2.8626 ms
2026-07-02 14:23:53.415 +03:00 [INF] HTTP GET /css/site.css responded 304 in 0.7610 ms
2026-07-02 14:23:53.419 +03:00 [INF] HTTP GET /Biktal.WebMVC.styles.css responded 304 in 2.5492 ms
2026-07-02 14:23:53.423 +03:00 [INF] HTTP GET /lib/jquery/dist/jquery.min.js responded 304 in 0.5324 ms
2026-07-02 14:23:53.423 +03:00 [INF] HTTP GET /lib/bootstrap/dist/js/bootstrap.bundle.min.js responded 304 in 0.4863 ms
2026-07-02 14:23:53.428 +03:00 [INF] HTTP GET /js/site.js responded 304 in 0.9557 ms
2026-07-02 14:23:56.434 +03:00 [INF] HTTP GET /Crm/Customer/019f2292-2e5a-7038-8325-27be57de7ee7 responded 200 in 12.3282 ms
2026-07-02 14:23:56.526 +03:00 [INF] HTTP GET /lib/bootstrap/dist/css/bootstrap.min.css responded 200 in 1.6701 ms
2026-07-02 14:23:56.531 +03:00 [INF] HTTP GET /css/site.css responded 304 in 0.6099 ms
2026-07-02 14:23:56.536 +03:00 [INF] HTTP GET /Biktal.WebMVC.styles.css responded 304 in 0.5107 ms
2026-07-02 14:23:56.537 +03:00 [INF] HTTP GET /lib/jquery/dist/jquery.min.js responded 304 in 0.3994 ms
2026-07-02 14:23:56.541 +03:00 [INF] HTTP GET /lib/bootstrap/dist/js/bootstrap.bundle.min.js responded 304 in 1.0250 ms
2026-07-02 14:23:56.544 +03:00 [INF] HTTP GET /js/site.js responded 304 in 0.4730 ms
2026-07-02 14:23:56.546 +03:00 [INF] HTTP GET /lib/jquery-validation-unobtrusive/dist/jquery.validate.unobtrusive.min.js responded 304 in 0.6846 ms
2026-07-02 14:23:56.546 +03:00 [INF] HTTP GET /lib/jquery-validation/dist/jquery.validate.min.js responded 304 in 0.2970 ms
2026-07-02 14:24:03.727 +03:00 [INF] HTTP GET /Crm/Customers responded 200 in 14.6480 ms
2026-07-02 14:24:03.796 +03:00 [INF] HTTP GET /css/site.css responded 304 in 0.3975 ms
2026-07-02 14:24:03.797 +03:00 [INF] HTTP GET /lib/bootstrap/dist/js/bootstrap.bundle.min.js responded 304 in 0.2981 ms
2026-07-02 14:24:03.797 +03:00 [INF] HTTP GET /lib/jquery/dist/jquery.min.js responded 304 in 0.3433 ms
2026-07-02 14:24:03.804 +03:00 [INF] HTTP GET /lib/bootstrap/dist/css/bootstrap.min.css responded 200 in 7.0680 ms
2026-07-02 14:24:03.814 +03:00 [INF] HTTP GET /Biktal.WebMVC.styles.css responded 304 in 18.5843 ms
2026-07-02 14:24:03.819 +03:00 [INF] HTTP GET /js/site.js responded 304 in 0.5879 ms
2026-07-02 14:24:37.483 +03:00 [INF] HTTP GET /Installments responded 200 in 23.1837 ms
2026-07-02 14:24:37.558 +03:00 [INF] HTTP GET /css/site.css responded 304 in 0.4623 ms
2026-07-02 14:24:37.559 +03:00 [INF] HTTP GET /lib/bootstrap/dist/css/bootstrap.min.css responded 200 in 1.6136 ms
2026-07-02 14:24:37.559 +03:00 [INF] HTTP GET /Biktal.WebMVC.styles.css responded 304 in 0.7336 ms
2026-07-02 14:24:37.560 +03:00 [INF] HTTP GET /lib/jquery/dist/jquery.min.js responded 304 in 0.3780 ms
2026-07-02 14:24:37.560 +03:00 [INF] HTTP GET /lib/bootstrap/dist/js/bootstrap.bundle.min.js responded 304 in 0.3668 ms
2026-07-02 14:24:37.568 +03:00 [INF] HTTP GET /js/site.js responded 304 in 0.5249 ms
2026-07-02 14:37:09.095 +03:00 [INF] HTTP GET /Inventory responded 200 in 268.8372 ms
2026-07-02 14:37:09.165 +03:00 [INF] HTTP GET /css/site.css responded 200 in 1.2872 ms
2026-07-02 14:37:09.166 +03:00 [INF] HTTP GET /lib/bootstrap/dist/css/bootstrap.min.css responded 200 in 0.9697 ms
2026-07-02 14:37:09.169 +03:00 [INF] HTTP GET /Biktal.WebMVC.styles.css responded 200 in 0.8930 ms
2026-07-02 14:37:09.173 +03:00 [INF] HTTP GET /lib/bootstrap/dist/js/bootstrap.bundle.min.js responded 200 in 0.9925 ms
2026-07-02 14:37:09.176 +03:00 [INF] HTTP GET /js/site.js responded 200 in 2.3577 ms
2026-07-02 14:37:09.197 +03:00 [INF] HTTP GET /lib/jquery/dist/jquery.min.js responded 200 in 10.0880 ms
2026-07-02 14:37:10.776 +03:00 [INF] HTTP GET /Inventory/Products responded 200 in 290.5338 ms
2026-07-02 14:37:10.804 +03:00 [INF] HTTP GET /Biktal.WebMVC.styles.css responded 200 in 0.9410 ms
2026-07-02 14:37:10.809 +03:00 [INF] HTTP GET /lib/bootstrap/dist/css/bootstrap.min.css responded 200 in 1.1243 ms
2026-07-02 14:37:10.813 +03:00 [INF] HTTP GET /css/site.css responded 200 in 4.8529 ms
2026-07-02 14:37:11.675 +03:00 [INF] HTTP GET /lib/jquery/dist/jquery.min.js responded 304 in 0.3148 ms
2026-07-02 14:37:11.701 +03:00 [INF] HTTP GET /js/site.js responded 304 in 0.3520 ms
2026-07-02 14:37:11.701 +03:00 [INF] HTTP GET /lib/bootstrap/dist/js/bootstrap.bundle.min.js responded 304 in 0.8405 ms
2026-07-02 14:37:11.702 +03:00 [INF] HTTP GET /lib/jquery-validation-unobtrusive/dist/jquery.validate.unobtrusive.min.js responded 200 in 0.6110 ms
2026-07-02 14:37:11.702 +03:00 [INF] HTTP GET /js/products-catalog-filter.js responded 200 in 1.0150 ms
2026-07-02 14:37:11.702 +03:00 [INF] HTTP GET /lib/jquery-validation/dist/jquery.validate.min.js responded 200 in 0.8079 ms
2026-07-02 14:58:02.579 +03:00 [INF] Application is shutting down...
2026-07-02 15:10:17.408 +03:00 [ERR] Failed executing DbCommand (8ms) [Parameters=[@p0='?' (DbType = Guid), @p1='?' (DbType = DateTime), @p2='?' (DbType = Guid), @p3='?', @p4='?' (DbType = DateTime), @p5='?' (DbType = Int32), @p6='?' (DbType = Int32), @p7='?', @p8='?', @p9='?' (DbType = Guid), @p10='?' (DbType = DateTime), @p11='?' (DbType = Guid), @p12='?', @p13='?' (DbType = DateTime), @p14='?' (DbType = Int32), @p15='?' (DbType = Int32), @p16='?', @p17='?'], CommandType='"Text"', CommandTimeout='30']
INSERT INTO "CrmSupportTickets" ("Id", "CreatedAtUtc", "CustomerId", "Description", "ModifiedAtUtc", "Priority", "Status", "Subject", "TicketNumber")
VALUES (@p0, @p1, @p2, @p3, @p4, @p5, @p6, @p7, @p8);
INSERT INTO "CrmSupportTickets" ("Id", "CreatedAtUtc", "CustomerId", "Description", "ModifiedAtUtc", "Priority", "Status", "Subject", "TicketNumber")
VALUES (@p9, @p10, @p11, @p12, @p13, @p14, @p15, @p16, @p17);
2026-07-02 15:10:17.483 +03:00 [ERR] An exception occurred in the database while saving changes for context type 'Biktal.Infrastructure.Persistence.ApplicationDbContext'.
Microsoft.EntityFrameworkCore.DbUpdateException: An error occurred while saving the entity changes. See the inner exception for details.
 ---> Npgsql.PostgresException (0x80004005): 23503: insert or update on table "CrmSupportTickets" violates foreign key constraint "FK_CrmSupportTickets_CrmCustomers_CustomerId"

DETAIL: Detail redacted as it may contain sensitive data. Specify 'Include Error Detail' in the connection string to include this information.
   at Npgsql.Internal.NpgsqlConnector.ReadMessageLong(Boolean async, DataRowLoadingMode dataRowLoadingMode, Boolean readingNotifications, Boolean isReadingPrependedMessage)
   at System.Runtime.CompilerServices.PoolingAsyncValueTaskMethodBuilder`1.StateMachineBox`1.System.Threading.Tasks.Sources.IValueTaskSource<TResult>.GetResult(Int16 token)
   at Npgsql.NpgsqlDataReader.NextResult(Boolean async, Boolean isConsuming, CancellationToken cancellationToken)
   at Npgsql.NpgsqlDataReader.NextResult(Boolean async, Boolean isConsuming, CancellationToken cancellationToken)
   at Npgsql.NpgsqlCommand.ExecuteReader(Boolean async, CommandBehavior behavior, CancellationToken cancellationToken)
   at Npgsql.NpgsqlCommand.ExecuteReader(Boolean async, CommandBehavior behavior, CancellationToken cancellationToken)
   at Npgsql.NpgsqlCommand.ExecuteDbDataReaderAsync(CommandBehavior behavior, CancellationToken cancellationToken)
   at Microsoft.EntityFrameworkCore.Storage.RelationalCommand.ExecuteReaderAsync(RelationalCommandParameterObject parameterObject, CancellationToken cancellationToken)
   at Microsoft.EntityFrameworkCore.Storage.RelationalCommand.ExecuteReaderAsync(RelationalCommandParameterObject parameterObject, CancellationToken cancellationToken)
   at Microsoft.EntityFrameworkCore.Update.ReaderModificationCommandBatch.ExecuteAsync(IRelationalConnection connection, CancellationToken cancellationToken)
  Exception data:
    Severity: ERROR
    SqlState: 23503
    MessageText: insert or update on table "CrmSupportTickets" violates foreign key constraint "FK_CrmSupportTickets_CrmCustomers_CustomerId"
    Detail: Detail redacted as it may contain sensitive data. Specify 'Include Error Detail' in the connection string to include this information.
    SchemaName: public
    TableName: CrmSupportTickets
    ConstraintName: FK_CrmSupportTickets_CrmCustomers_CustomerId
    File: ri_triggers.c
    Line: 2783
    Routine: ri_ReportViolation
   --- End of inner exception stack trace ---
   at Microsoft.EntityFrameworkCore.Update.ReaderModificationCommandBatch.ExecuteAsync(IRelationalConnection connection, CancellationToken cancellationToken)
   at Microsoft.EntityFrameworkCore.Update.Internal.BatchExecutor.ExecuteAsync(IEnumerable`1 commandBatches, IRelationalConnection connection, CancellationToken cancellationToken)
   at Microsoft.EntityFrameworkCore.Update.Internal.BatchExecutor.ExecuteAsync(IEnumerable`1 commandBatches, IRelationalConnection connection, CancellationToken cancellationToken)
   at Microsoft.EntityFrameworkCore.Update.Internal.BatchExecutor.ExecuteAsync(IEnumerable`1 commandBatches, IRelationalConnection connection, CancellationToken cancellationToken)
   at Microsoft.EntityFrameworkCore.Storage.RelationalDatabase.SaveChangesAsync(IList`1 entries, CancellationToken cancellationToken)
   at Microsoft.EntityFrameworkCore.ChangeTracking.Internal.StateManager.SaveChangesAsync(IList`1 entriesToSave, CancellationToken cancellationToken)
   at Microsoft.EntityFrameworkCore.ChangeTracking.Internal.StateManager.SaveChangesAsync(StateManager stateManager, Boolean acceptAllChangesOnSuccess, CancellationToken cancellationToken)
   at Npgsql.EntityFrameworkCore.PostgreSQL.Storage.Internal.NpgsqlExecutionStrategy.ExecuteAsync[TState,TResult](TState state, Func`4 operation, Func`4 verifySucceeded, CancellationToken cancellationToken)
   at Microsoft.EntityFrameworkCore.DbContext.SaveChangesAsync(Boolean acceptAllChangesOnSuccess, CancellationToken cancellationToken)
Microsoft.EntityFrameworkCore.DbUpdateException: An error occurred while saving the entity changes. See the inner exception for details.
 ---> Npgsql.PostgresException (0x80004005): 23503: insert or update on table "CrmSupportTickets" violates foreign key constraint "FK_CrmSupportTickets_CrmCustomers_CustomerId"

DETAIL: Detail redacted as it may contain sensitive data. Specify 'Include Error Detail' in the connection string to include this information.
   at Npgsql.Internal.NpgsqlConnector.ReadMessageLong(Boolean async, DataRowLoadingMode dataRowLoadingMode, Boolean readingNotifications, Boolean isReadingPrependedMessage)
   at System.Runtime.CompilerServices.PoolingAsyncValueTaskMethodBuilder`1.StateMachineBox`1.System.Threading.Tasks.Sources.IValueTaskSource<TResult>.GetResult(Int16 token)
   at Npgsql.NpgsqlDataReader.NextResult(Boolean async, Boolean isConsuming, CancellationToken cancellationToken)
   at Npgsql.NpgsqlDataReader.NextResult(Boolean async, Boolean isConsuming, CancellationToken cancellationToken)
   at Npgsql.NpgsqlCommand.ExecuteReader(Boolean async, CommandBehavior behavior, CancellationToken cancellationToken)
   at Npgsql.NpgsqlCommand.ExecuteReader(Boolean async, CommandBehavior behavior, CancellationToken cancellationToken)
   at Npgsql.NpgsqlCommand.ExecuteDbDataReaderAsync(CommandBehavior behavior, CancellationToken cancellationToken)
   at Microsoft.EntityFrameworkCore.Storage.RelationalCommand.ExecuteReaderAsync(RelationalCommandParameterObject parameterObject, CancellationToken cancellationToken)
   at Microsoft.EntityFrameworkCore.Storage.RelationalCommand.ExecuteReaderAsync(RelationalCommandParameterObject parameterObject, CancellationToken cancellationToken)
   at Microsoft.EntityFrameworkCore.Update.ReaderModificationCommandBatch.ExecuteAsync(IRelationalConnection connection, CancellationToken cancellationToken)
  Exception data:
    Severity: ERROR
    SqlState: 23503
    MessageText: insert or update on table "CrmSupportTickets" violates foreign key constraint "FK_CrmSupportTickets_CrmCustomers_CustomerId"
    Detail: Detail redacted as it may contain sensitive data. Specify 'Include Error Detail' in the connection string to include this information.
    SchemaName: public
    TableName: CrmSupportTickets
    ConstraintName: FK_CrmSupportTickets_CrmCustomers_CustomerId
    File: ri_triggers.c
    Line: 2783
    Routine: ri_ReportViolation
   --- End of inner exception stack trace ---
   at Microsoft.EntityFrameworkCore.Update.ReaderModificationCommandBatch.ExecuteAsync(IRelationalConnection connection, CancellationToken cancellationToken)
   at Microsoft.EntityFrameworkCore.Update.Internal.BatchExecutor.ExecuteAsync(IEnumerable`1 commandBatches, IRelationalConnection connection, CancellationToken cancellationToken)
   at Microsoft.EntityFrameworkCore.Update.Internal.BatchExecutor.ExecuteAsync(IEnumerable`1 commandBatches, IRelationalConnection connection, CancellationToken cancellationToken)
   at Microsoft.EntityFrameworkCore.Update.Internal.BatchExecutor.ExecuteAsync(IEnumerable`1 commandBatches, IRelationalConnection connection, CancellationToken cancellationToken)
   at Microsoft.EntityFrameworkCore.Storage.RelationalDatabase.SaveChangesAsync(IList`1 entries, CancellationToken cancellationToken)
   at Microsoft.EntityFrameworkCore.ChangeTracking.Internal.StateManager.SaveChangesAsync(IList`1 entriesToSave, CancellationToken cancellationToken)
   at Microsoft.EntityFrameworkCore.ChangeTracking.Internal.StateManager.SaveChangesAsync(StateManager stateManager, Boolean acceptAllChangesOnSuccess, CancellationToken cancellationToken)
   at Npgsql.EntityFrameworkCore.PostgreSQL.Storage.Internal.NpgsqlExecutionStrategy.ExecuteAsync[TState,TResult](TState state, Func`4 operation, Func`4 verifySucceeded, CancellationToken cancellationToken)
   at Microsoft.EntityFrameworkCore.DbContext.SaveChangesAsync(Boolean acceptAllChangesOnSuccess, CancellationToken cancellationToken)
2026-07-02 15:10:17.488 +03:00 [ERR] Database migration or seed failed. Check PostgreSQL is running and ConnectionStrings:DefaultConnection is correct.
Microsoft.EntityFrameworkCore.DbUpdateException: An error occurred while saving the entity changes. See the inner exception for details.
 ---> Npgsql.PostgresException (0x80004005): 23503: insert or update on table "CrmSupportTickets" violates foreign key constraint "FK_CrmSupportTickets_CrmCustomers_CustomerId"

DETAIL: Detail redacted as it may contain sensitive data. Specify 'Include Error Detail' in the connection string to include this information.
   at Npgsql.Internal.NpgsqlConnector.ReadMessageLong(Boolean async, DataRowLoadingMode dataRowLoadingMode, Boolean readingNotifications, Boolean isReadingPrependedMessage)
   at System.Runtime.CompilerServices.PoolingAsyncValueTaskMethodBuilder`1.StateMachineBox`1.System.Threading.Tasks.Sources.IValueTaskSource<TResult>.GetResult(Int16 token)
   at Npgsql.NpgsqlDataReader.NextResult(Boolean async, Boolean isConsuming, CancellationToken cancellationToken)
   at Npgsql.NpgsqlDataReader.NextResult(Boolean async, Boolean isConsuming, CancellationToken cancellationToken)
   at Npgsql.NpgsqlCommand.ExecuteReader(Boolean async, CommandBehavior behavior, CancellationToken cancellationToken)
   at Npgsql.NpgsqlCommand.ExecuteReader(Boolean async, CommandBehavior behavior, CancellationToken cancellationToken)
   at Npgsql.NpgsqlCommand.ExecuteDbDataReaderAsync(CommandBehavior behavior, CancellationToken cancellationToken)
   at Microsoft.EntityFrameworkCore.Storage.RelationalCommand.ExecuteReaderAsync(RelationalCommandParameterObject parameterObject, CancellationToken cancellationToken)
   at Microsoft.EntityFrameworkCore.Storage.RelationalCommand.ExecuteReaderAsync(RelationalCommandParameterObject parameterObject, CancellationToken cancellationToken)
   at Microsoft.EntityFrameworkCore.Update.ReaderModificationCommandBatch.ExecuteAsync(IRelationalConnection connection, CancellationToken cancellationToken)
  Exception data:
    Severity: ERROR
    SqlState: 23503
    MessageText: insert or update on table "CrmSupportTickets" violates foreign key constraint "FK_CrmSupportTickets_CrmCustomers_CustomerId"
    Detail: Detail redacted as it may contain sensitive data. Specify 'Include Error Detail' in the connection string to include this information.
    SchemaName: public
    TableName: CrmSupportTickets
    ConstraintName: FK_CrmSupportTickets_CrmCustomers_CustomerId
    File: ri_triggers.c
    Line: 2783
    Routine: ri_ReportViolation
   --- End of inner exception stack trace ---
   at Microsoft.EntityFrameworkCore.Update.ReaderModificationCommandBatch.ExecuteAsync(IRelationalConnection connection, CancellationToken cancellationToken)
   at Microsoft.EntityFrameworkCore.Update.Internal.BatchExecutor.ExecuteAsync(IEnumerable`1 commandBatches, IRelationalConnection connection, CancellationToken cancellationToken)
   at Microsoft.EntityFrameworkCore.Update.Internal.BatchExecutor.ExecuteAsync(IEnumerable`1 commandBatches, IRelationalConnection connection, CancellationToken cancellationToken)
   at Microsoft.EntityFrameworkCore.Update.Internal.BatchExecutor.ExecuteAsync(IEnumerable`1 commandBatches, IRelationalConnection connection, CancellationToken cancellationToken)
   at Microsoft.EntityFrameworkCore.Storage.RelationalDatabase.SaveChangesAsync(IList`1 entries, CancellationToken cancellationToken)
   at Microsoft.EntityFrameworkCore.ChangeTracking.Internal.StateManager.SaveChangesAsync(IList`1 entriesToSave, CancellationToken cancellationToken)
   at Microsoft.EntityFrameworkCore.ChangeTracking.Internal.StateManager.SaveChangesAsync(StateManager stateManager, Boolean acceptAllChangesOnSuccess, CancellationToken cancellationToken)
   at Npgsql.EntityFrameworkCore.PostgreSQL.Storage.Internal.NpgsqlExecutionStrategy.ExecuteAsync[TState,TResult](TState state, Func`4 operation, Func`4 verifySucceeded, CancellationToken cancellationToken)
   at Microsoft.EntityFrameworkCore.DbContext.SaveChangesAsync(Boolean acceptAllChangesOnSuccess, CancellationToken cancellationToken)
   at Microsoft.EntityFrameworkCore.DbContext.SaveChangesAsync(Boolean acceptAllChangesOnSuccess, CancellationToken cancellationToken)
   at Biktal.Infrastructure.Persistence.CrmDataSeeder.SeedIfEmptyAsync(ApplicationDbContext db, CancellationToken cancellationToken)
   at Program.<Main>$(String[] args) in d:\Systems\BiktalSystems\Program.cs:line 71
2026-07-02 15:10:17.494 +03:00 [WRN] Continuing without a successful migration/seed. Auth and data pages may fail until the database is available.
2026-07-02 15:10:17.518 +03:00 [WRN] Using an in-memory repository. Keys will not be persisted to storage.
2026-07-02 15:10:17.518 +03:00 [WRN] Neither user profile nor HKLM registry available. Using an ephemeral key repository. Protected data will be unavailable when application exits.
2026-07-02 15:10:17.536 +03:00 [WRN] No XML encryptor configured. Key {126c30eb-a492-4be9-82a4-cf3f6e401ed3} may be persisted to storage in unencrypted form.
2026-07-02 15:10:17.586 +03:00 [INF] Application started. Press Ctrl+C to shut down.
2026-07-02 15:10:17.586 +03:00 [INF] Hosting environment: Production
2026-07-02 15:10:17.586 +03:00 [INF] Content root path: D:\Systems\BiktalSystems\publish
2026-07-02 15:10:17.689 +03:00 [INF] HTTP GET /Pos responded 302 in 82.3774 ms
2026-07-02 15:10:17.834 +03:00 [ERR] An exception was thrown while deserializing the token.
Microsoft.AspNetCore.Antiforgery.AntiforgeryValidationException: The antiforgery token could not be decrypted.
 ---> System.Security.Cryptography.CryptographicException: The key {0f9f6e18-18d9-4783-8784-2c1f8167fddf} was not found in the key ring. For more information go to https://aka.ms/aspnet/dataprotectionwarning
   at Microsoft.AspNetCore.DataProtection.KeyManagement.KeyRingBasedDataProtector.UnprotectCore(Byte[] protectedData, Boolean allowOperationsOnRevokedKeys, UnprotectStatus& status)
   at Microsoft.AspNetCore.DataProtection.KeyManagement.KeyRingBasedDataProtector.Unprotect(Byte[] protectedData)
   at Microsoft.AspNetCore.Antiforgery.DefaultAntiforgeryTokenSerializer.Deserialize(String serializedToken)
   --- End of inner exception stack trace ---
   at Microsoft.AspNetCore.Antiforgery.DefaultAntiforgeryTokenSerializer.Deserialize(String serializedToken)
   at Microsoft.AspNetCore.Antiforgery.DefaultAntiforgery.GetCookieTokenDoesNotThrow(HttpContext httpContext)
2026-07-02 15:10:17.928 +03:00 [INF] HTTP GET /Account/Login responded 200 in 222.1761 ms
2026-07-02 15:10:18.089 +03:00 [INF] HTTP GET /lib/jquery-validation-unobtrusive/dist/jquery.validate.unobtrusive.min.js responded 200 in 94.2144 ms
2026-07-02 15:10:18.090 +03:00 [INF] HTTP GET /css/site.css responded 200 in 106.8802 ms
2026-07-02 15:10:18.090 +03:00 [INF] HTTP GET /Biktal.WebMVC.styles.css responded 200 in 100.5618 ms
2026-07-02 15:10:18.089 +03:00 [INF] HTTP GET /lib/jquery-validation/dist/jquery.validate.min.js responded 200 in 65.5612 ms
2026-07-02 15:10:18.090 +03:00 [INF] HTTP GET /js/site.js responded 200 in 95.9354 ms
2026-07-02 15:10:18.091 +03:00 [INF] HTTP GET /lib/jquery/dist/jquery.min.js responded 200 in 94.9106 ms
2026-07-02 15:10:18.094 +03:00 [INF] HTTP GET /lib/bootstrap/dist/js/bootstrap.bundle.min.js responded 200 in 98.5371 ms
2026-07-02 15:10:18.095 +03:00 [INF] HTTP GET /lib/bootstrap/dist/css/bootstrap.min.css responded 200 in 108.2116 ms
2026-07-02 15:10:37.282 +03:00 [INF] HTTP POST /Account/Login responded 302 in 651.9163 ms
2026-07-02 15:10:37.356 +03:00 [WRN] The query uses the 'First'/'FirstOrDefault' operator without 'OrderBy' and filter operators. This may lead to unpredictable results.
2026-07-02 15:10:37.430 +03:00 [INF] HTTP GET /Pos responded 200 in 141.0389 ms
2026-07-02 15:10:41.454 +03:00 [INF] HTTP GET /css/site.css responded 304 in 5.4566 ms
2026-07-02 15:10:41.456 +03:00 [INF] HTTP GET /Biktal.WebMVC.styles.css responded 304 in 6.6234 ms
2026-07-02 15:10:41.487 +03:00 [INF] HTTP GET /lib/bootstrap/dist/css/bootstrap.min.css responded 304 in 38.4198 ms
2026-07-02 15:10:41.487 +03:00 [INF] HTTP GET /js/site.js responded 304 in 31.8727 ms
2026-07-02 15:10:41.487 +03:00 [INF] HTTP GET /lib/jquery/dist/jquery.min.js responded 304 in 32.7996 ms
2026-07-02 15:10:41.488 +03:00 [INF] HTTP GET /js/pos.js responded 200 in 32.0447 ms
2026-07-02 15:10:41.609 +03:00 [INF] HTTP GET /lib/bootstrap/dist/js/bootstrap.bundle.min.js responded 304 in 121.3878 ms
2026-07-02 15:11:37.741 +03:00 [INF] HTTP GET /Inventory responded 200 in 333.3287 ms
2026-07-02 15:11:37.802 +03:00 [INF] HTTP GET /css/site.css responded 200 in 1.7612 ms
2026-07-02 15:11:37.803 +03:00 [INF] HTTP GET /Biktal.WebMVC.styles.css responded 200 in 1.2158 ms
2026-07-02 15:11:37.807 +03:00 [INF] HTTP GET /lib/bootstrap/dist/css/bootstrap.min.css responded 200 in 4.0214 ms
2026-07-02 15:11:37.808 +03:00 [INF] HTTP GET /lib/jquery/dist/jquery.min.js responded 200 in 1.6319 ms
2026-07-02 15:11:37.815 +03:00 [INF] HTTP GET /lib/bootstrap/dist/js/bootstrap.bundle.min.js responded 200 in 1.5934 ms
2026-07-02 15:11:37.821 +03:00 [INF] HTTP GET /js/site.js responded 200 in 6.1979 ms
2026-07-02 15:11:39.742 +03:00 [INF] HTTP GET /Inventory/Products responded 200 in 356.9862 ms
2026-07-02 15:11:39.790 +03:00 [INF] HTTP GET /css/site.css responded 200 in 2.8439 ms
2026-07-02 15:11:39.794 +03:00 [INF] HTTP GET /lib/bootstrap/dist/css/bootstrap.min.css responded 200 in 5.3024 ms
2026-07-02 15:11:39.801 +03:00 [INF] HTTP GET /Biktal.WebMVC.styles.css responded 200 in 1.5763 ms
2026-07-02 15:11:40.636 +03:00 [INF] HTTP GET /lib/jquery/dist/jquery.min.js responded 304 in 0.5152 ms
2026-07-02 15:11:40.663 +03:00 [INF] HTTP GET /lib/bootstrap/dist/js/bootstrap.bundle.min.js responded 304 in 0.6600 ms
2026-07-02 15:11:40.663 +03:00 [INF] HTTP GET /js/site.js responded 304 in 0.5377 ms
2026-07-02 15:11:40.669 +03:00 [INF] HTTP GET /js/products-catalog-filter.js responded 200 in 1.9059 ms
2026-07-02 15:11:40.681 +03:00 [INF] HTTP GET /lib/jquery-validation/dist/jquery.validate.min.js responded 200 in 17.7640 ms
2026-07-02 15:11:40.683 +03:00 [INF] HTTP GET /lib/jquery-validation-unobtrusive/dist/jquery.validate.unobtrusive.min.js responded 200 in 17.1655 ms
2026-07-02 15:11:49.395 +03:00 [INF] HTTP GET /Inventory/Products responded 200 in 167.7840 ms
2026-07-02 15:11:49.441 +03:00 [INF] HTTP GET /lib/bootstrap/dist/css/bootstrap.min.css responded 304 in 0.9060 ms
2026-07-02 15:11:49.454 +03:00 [INF] HTTP GET /Biktal.WebMVC.styles.css responded 304 in 2.8887 ms
2026-07-02 15:11:49.457 +03:00 [INF] HTTP GET /css/site.css responded 304 in 1.4570 ms
2026-07-02 15:11:50.289 +03:00 [INF] HTTP GET /lib/jquery/dist/jquery.min.js responded 304 in 1.4503 ms
2026-07-02 15:11:50.313 +03:00 [INF] HTTP GET /lib/bootstrap/dist/js/bootstrap.bundle.min.js responded 304 in 1.5132 ms
2026-07-02 15:11:50.313 +03:00 [INF] HTTP GET /lib/jquery-validation/dist/jquery.validate.min.js responded 304 in 0.5651 ms
2026-07-02 15:11:50.313 +03:00 [INF] HTTP GET /js/site.js responded 304 in 0.8847 ms
2026-07-02 15:11:50.314 +03:00 [INF] HTTP GET /lib/jquery-validation-unobtrusive/dist/jquery.validate.unobtrusive.min.js responded 304 in 0.6292 ms
2026-07-02 15:11:50.314 +03:00 [INF] HTTP GET /js/products-catalog-filter.js responded 304 in 0.6669 ms
2026-07-02 15:11:55.458 +03:00 [INF] HTTP POST /Inventory/EditProduct responded 302 in 101.3949 ms
2026-07-02 15:11:55.512 +03:00 [INF] HTTP GET /Inventory/Products responded 200 in 48.0850 ms
2026-07-02 15:11:55.573 +03:00 [INF] HTTP GET /css/site.css responded 304 in 0.8271 ms
2026-07-02 15:11:55.574 +03:00 [INF] HTTP GET /lib/bootstrap/dist/css/bootstrap.min.css responded 304 in 0.5291 ms
2026-07-02 15:11:55.574 +03:00 [INF] HTTP GET /Biktal.WebMVC.styles.css responded 304 in 1.1791 ms
2026-07-02 15:11:56.529 +03:00 [INF] HTTP GET /lib/jquery/dist/jquery.min.js responded 304 in 0.5064 ms
2026-07-02 15:11:56.542 +03:00 [INF] HTTP GET /lib/bootstrap/dist/js/bootstrap.bundle.min.js responded 304 in 0.5635 ms
2026-07-02 15:11:56.543 +03:00 [INF] HTTP GET /lib/jquery-validation/dist/jquery.validate.min.js responded 304 in 0.5208 ms
2026-07-02 15:11:56.544 +03:00 [INF] HTTP GET /js/products-catalog-filter.js responded 304 in 0.7020 ms
2026-07-02 15:11:56.546 +03:00 [INF] HTTP GET /js/site.js responded 304 in 0.7376 ms
2026-07-02 15:11:56.550 +03:00 [INF] HTTP GET /lib/jquery-validation-unobtrusive/dist/jquery.validate.unobtrusive.min.js responded 304 in 6.7199 ms
2026-07-02 15:11:57.295 +03:00 [INF] HTTP GET /Pos responded 200 in 30.9352 ms
2026-07-02 15:11:57.385 +03:00 [INF] HTTP GET /lib/bootstrap/dist/css/bootstrap.min.css responded 304 in 7.9286 ms
2026-07-02 15:11:57.391 +03:00 [INF] HTTP GET /css/site.css responded 304 in 1.1530 ms
2026-07-02 15:11:57.391 +03:00 [INF] HTTP GET /Biktal.WebMVC.styles.css responded 304 in 0.9653 ms
2026-07-02 15:11:57.393 +03:00 [INF] HTTP GET /lib/jquery/dist/jquery.min.js responded 304 in 0.6842 ms
2026-07-02 15:11:57.395 +03:00 [INF] HTTP GET /lib/bootstrap/dist/js/bootstrap.bundle.min.js responded 304 in 1.3494 ms
2026-07-02 15:11:57.399 +03:00 [INF] HTTP GET /js/site.js responded 304 in 0.8546 ms
2026-07-02 15:11:57.405 +03:00 [INF] HTTP GET /js/pos.js responded 200 in 4.5875 ms
2026-07-02 15:12:45.227 +03:00 [INF] HTTP GET /Inventory responded 200 in 29.7195 ms
2026-07-02 15:12:45.295 +03:00 [INF] HTTP GET /lib/bootstrap/dist/css/bootstrap.min.css responded 200 in 5.0067 ms
2026-07-02 15:12:45.297 +03:00 [INF] HTTP GET /css/site.css responded 200 in 1.3450 ms
2026-07-02 15:12:45.302 +03:00 [INF] HTTP GET /Biktal.WebMVC.styles.css responded 200 in 3.7536 ms
2026-07-02 15:12:45.305 +03:00 [INF] HTTP GET /lib/bootstrap/dist/js/bootstrap.bundle.min.js responded 200 in 1.4890 ms
2026-07-02 15:12:45.316 +03:00 [INF] HTTP GET /lib/jquery/dist/jquery.min.js responded 200 in 9.3598 ms
2026-07-02 15:12:45.329 +03:00 [INF] HTTP GET /js/site.js responded 200 in 3.2846 ms
2026-07-02 15:12:47.290 +03:00 [INF] HTTP GET /Inventory/Products responded 200 in 78.8798 ms
2026-07-02 15:12:47.343 +03:00 [INF] HTTP GET /css/site.css responded 200 in 1.7170 ms
2026-07-02 15:12:47.346 +03:00 [INF] HTTP GET /Biktal.WebMVC.styles.css responded 200 in 2.6412 ms
2026-07-02 15:12:47.352 +03:00 [INF] HTTP GET /lib/bootstrap/dist/css/bootstrap.min.css responded 200 in 3.0277 ms
2026-07-02 15:12:48.189 +03:00 [INF] HTTP GET /lib/jquery/dist/jquery.min.js responded 304 in 0.3461 ms
2026-07-02 15:12:48.210 +03:00 [INF] HTTP GET /lib/bootstrap/dist/js/bootstrap.bundle.min.js responded 304 in 0.4876 ms
2026-07-02 15:12:48.211 +03:00 [INF] HTTP GET /js/site.js responded 304 in 0.7751 ms
2026-07-02 15:12:48.211 +03:00 [INF] HTTP GET /lib/jquery-validation/dist/jquery.validate.min.js responded 200 in 0.7017 ms
2026-07-02 15:12:48.211 +03:00 [INF] HTTP GET /lib/jquery-validation-unobtrusive/dist/jquery.validate.unobtrusive.min.js responded 200 in 0.8012 ms
2026-07-02 15:12:48.212 +03:00 [INF] HTTP GET /js/products-catalog-filter.js responded 200 in 2.0420 ms
2026-07-02 15:12:59.828 +03:00 [INF] HTTP GET /Inventory/Products responded 200 in 90.6786 ms
2026-07-02 15:12:59.886 +03:00 [INF] HTTP GET /lib/bootstrap/dist/css/bootstrap.min.css responded 304 in 0.6315 ms
2026-07-02 15:12:59.890 +03:00 [INF] HTTP GET /Biktal.WebMVC.styles.css responded 304 in 0.5713 ms
2026-07-02 15:12:59.891 +03:00 [INF] HTTP GET /css/site.css responded 304 in 0.8537 ms
2026-07-02 15:13:00.604 +03:00 [INF] HTTP GET /lib/jquery/dist/jquery.min.js responded 304 in 0.3865 ms
2026-07-02 15:13:00.629 +03:00 [INF] HTTP GET /js/site.js responded 304 in 0.4057 ms
2026-07-02 15:13:00.629 +03:00 [INF] HTTP GET /lib/bootstrap/dist/js/bootstrap.bundle.min.js responded 304 in 0.4303 ms
2026-07-02 15:13:00.633 +03:00 [INF] HTTP GET /lib/jquery-validation/dist/jquery.validate.min.js responded 304 in 1.2634 ms
2026-07-02 15:13:00.636 +03:00 [INF] HTTP GET /lib/jquery-validation-unobtrusive/dist/jquery.validate.unobtrusive.min.js responded 304 in 0.6949 ms
2026-07-02 15:13:00.636 +03:00 [INF] HTTP GET /js/products-catalog-filter.js responded 304 in 0.4053 ms
2026-07-02 15:13:04.301 +03:00 [INF] HTTP POST /Inventory/EditProduct responded 302 in 10.7811 ms
2026-07-02 15:13:04.353 +03:00 [INF] HTTP GET /Inventory/Products responded 200 in 43.6877 ms
2026-07-02 15:13:04.405 +03:00 [INF] HTTP GET /css/site.css responded 304 in 0.4157 ms
2026-07-02 15:13:04.408 +03:00 [INF] HTTP GET /lib/bootstrap/dist/css/bootstrap.min.css responded 304 in 0.7604 ms
2026-07-02 15:13:04.411 +03:00 [INF] HTTP GET /Biktal.WebMVC.styles.css responded 304 in 1.7226 ms
2026-07-02 15:13:05.425 +03:00 [INF] HTTP GET /lib/jquery/dist/jquery.min.js responded 304 in 0.3177 ms
2026-07-02 15:13:05.457 +03:00 [INF] HTTP GET /lib/bootstrap/dist/js/bootstrap.bundle.min.js responded 304 in 10.0934 ms
2026-07-02 15:13:05.458 +03:00 [INF] HTTP GET /js/site.js responded 304 in 0.4259 ms
2026-07-02 15:13:05.459 +03:00 [INF] HTTP GET /js/products-catalog-filter.js responded 304 in 0.4961 ms
2026-07-02 15:13:05.459 +03:00 [INF] HTTP GET /lib/jquery-validation-unobtrusive/dist/jquery.validate.unobtrusive.min.js responded 304 in 0.3329 ms
2026-07-02 15:13:05.461 +03:00 [INF] HTTP GET /lib/jquery-validation/dist/jquery.validate.min.js responded 304 in 1.8619 ms
2026-07-02 15:13:05.876 +03:00 [INF] HTTP GET /Pos responded 200 in 20.7440 ms
2026-07-02 15:13:05.998 +03:00 [INF] HTTP GET /lib/bootstrap/dist/css/bootstrap.min.css responded 304 in 10.3060 ms
2026-07-02 15:13:06.004 +03:00 [INF] HTTP GET /css/site.css responded 304 in 1.0151 ms
2026-07-02 15:13:06.004 +03:00 [INF] HTTP GET /Biktal.WebMVC.styles.css responded 304 in 0.6034 ms
2026-07-02 15:13:06.005 +03:00 [INF] HTTP GET /lib/jquery/dist/jquery.min.js responded 304 in 0.5799 ms
2026-07-02 15:13:06.011 +03:00 [INF] HTTP GET /js/site.js responded 200 in 6.0920 ms
2026-07-02 15:13:06.013 +03:00 [INF] HTTP GET /lib/bootstrap/dist/js/bootstrap.bundle.min.js responded 200 in 8.0513 ms
2026-07-02 15:13:06.021 +03:00 [INF] HTTP GET /js/pos.js responded 200 in 4.8722 ms
2026-07-02 15:20:32.487 +03:00 [INF] HTTP GET /Inventory responded 200 in 106.2128 ms
2026-07-02 15:20:32.571 +03:00 [INF] HTTP GET /lib/bootstrap/dist/css/bootstrap.min.css responded 200 in 1.3748 ms
2026-07-02 15:20:32.583 +03:00 [INF] HTTP GET /css/site.css responded 200 in 0.8920 ms
2026-07-02 15:20:32.584 +03:00 [INF] HTTP GET /Biktal.WebMVC.styles.css responded 200 in 1.0803 ms
2026-07-02 15:20:32.597 +03:00 [INF] HTTP GET /lib/jquery/dist/jquery.min.js responded 200 in 1.1241 ms
2026-07-02 15:20:32.616 +03:00 [INF] HTTP GET /lib/bootstrap/dist/js/bootstrap.bundle.min.js responded 200 in 1.4513 ms
2026-07-02 15:20:32.630 +03:00 [INF] HTTP GET /js/site.js responded 200 in 8.5186 ms
2026-07-02 15:20:34.381 +03:00 [INF] HTTP GET /Inventory/Products responded 200 in 117.1184 ms
2026-07-02 15:20:34.416 +03:00 [INF] HTTP GET /css/site.css responded 304 in 0.4899 ms
2026-07-02 15:20:34.416 +03:00 [INF] HTTP GET /lib/bootstrap/dist/css/bootstrap.min.css responded 304 in 0.6005 ms
2026-07-02 15:20:34.421 +03:00 [INF] HTTP GET /Biktal.WebMVC.styles.css responded 304 in 0.6964 ms
2026-07-02 15:20:35.375 +03:00 [INF] HTTP GET /lib/jquery/dist/jquery.min.js responded 304 in 0.2618 ms
2026-07-02 15:20:35.393 +03:00 [INF] HTTP GET /lib/bootstrap/dist/js/bootstrap.bundle.min.js responded 304 in 0.4156 ms
2026-07-02 15:20:35.393 +03:00 [INF] HTTP GET /js/site.js responded 304 in 0.2973 ms
2026-07-02 15:20:35.394 +03:00 [INF] HTTP GET /lib/jquery-validation/dist/jquery.validate.min.js responded 200 in 0.5776 ms
2026-07-02 15:20:35.394 +03:00 [INF] HTTP GET /lib/jquery-validation-unobtrusive/dist/jquery.validate.unobtrusive.min.js responded 200 in 0.5843 ms
2026-07-02 15:20:35.395 +03:00 [INF] HTTP GET /js/products-catalog-filter.js responded 200 in 2.2617 ms
2026-07-02 15:20:41.876 +03:00 [INF] HTTP GET /Inventory/Products responded 200 in 77.1820 ms
2026-07-02 15:20:41.928 +03:00 [INF] HTTP GET /css/site.css responded 304 in 0.4113 ms
2026-07-02 15:20:41.930 +03:00 [INF] HTTP GET /lib/bootstrap/dist/css/bootstrap.min.css responded 304 in 0.6880 ms
2026-07-02 15:20:41.932 +03:00 [INF] HTTP GET /Biktal.WebMVC.styles.css responded 304 in 0.8786 ms
2026-07-02 15:20:42.761 +03:00 [INF] HTTP GET /lib/jquery/dist/jquery.min.js responded 304 in 0.3157 ms
2026-07-02 15:20:42.784 +03:00 [INF] HTTP GET /lib/bootstrap/dist/js/bootstrap.bundle.min.js responded 304 in 0.5035 ms
2026-07-02 15:20:42.785 +03:00 [INF] HTTP GET /js/site.js responded 304 in 1.1920 ms
2026-07-02 15:20:42.787 +03:00 [INF] HTTP GET /lib/jquery-validation-unobtrusive/dist/jquery.validate.unobtrusive.min.js responded 304 in 0.8582 ms
2026-07-02 15:20:42.787 +03:00 [INF] HTTP GET /lib/jquery-validation/dist/jquery.validate.min.js responded 304 in 0.4073 ms
2026-07-02 15:20:42.791 +03:00 [INF] HTTP GET /js/products-catalog-filter.js responded 304 in 1.6819 ms
2026-07-02 15:20:48.809 +03:00 [INF] HTTP POST /Inventory/EditProduct responded 302 in 10.8506 ms
2026-07-02 15:20:48.860 +03:00 [INF] HTTP GET /Inventory/Products responded 200 in 44.5277 ms
2026-07-02 15:20:48.914 +03:00 [INF] HTTP GET /lib/bootstrap/dist/css/bootstrap.min.css responded 200 in 0.9300 ms
2026-07-02 15:20:48.915 +03:00 [INF] HTTP GET /css/site.css responded 304 in 0.4021 ms
2026-07-02 15:20:48.921 +03:00 [INF] HTTP GET /Biktal.WebMVC.styles.css responded 304 in 0.8935 ms
2026-07-02 15:20:49.763 +03:00 [INF] HTTP GET /lib/jquery/dist/jquery.min.js responded 304 in 0.2965 ms
2026-07-02 15:20:49.784 +03:00 [INF] HTTP GET /lib/bootstrap/dist/js/bootstrap.bundle.min.js responded 304 in 0.9669 ms
2026-07-02 15:20:49.784 +03:00 [INF] HTTP GET /js/site.js responded 304 in 0.3244 ms
2026-07-02 15:20:49.784 +03:00 [INF] HTTP GET /lib/jquery-validation/dist/jquery.validate.min.js responded 304 in 0.2568 ms
2026-07-02 15:20:49.785 +03:00 [INF] HTTP GET /js/products-catalog-filter.js responded 304 in 0.2675 ms
2026-07-02 15:20:49.785 +03:00 [INF] HTTP GET /lib/jquery-validation-unobtrusive/dist/jquery.validate.unobtrusive.min.js responded 304 in 0.2676 ms
2026-07-02 15:20:50.834 +03:00 [INF] HTTP GET /Pos responded 200 in 24.3595 ms
2026-07-02 15:20:50.918 +03:00 [INF] HTTP GET /lib/bootstrap/dist/css/bootstrap.min.css responded 200 in 10.0102 ms
2026-07-02 15:20:50.926 +03:00 [INF] HTTP GET /css/site.css responded 304 in 0.4868 ms
2026-07-02 15:20:50.930 +03:00 [INF] HTTP GET /Biktal.WebMVC.styles.css responded 304 in 1.5220 ms
2026-07-02 15:20:50.931 +03:00 [INF] HTTP GET /lib/jquery/dist/jquery.min.js responded 304 in 0.3561 ms
2026-07-02 15:20:50.931 +03:00 [INF] HTTP GET /lib/bootstrap/dist/js/bootstrap.bundle.min.js responded 304 in 0.5389 ms
2026-07-02 15:20:50.935 +03:00 [INF] HTTP GET /js/site.js responded 304 in 2.0097 ms
2026-07-02 15:20:50.937 +03:00 [INF] HTTP GET /js/pos.js responded 200 in 1.0443 ms
2026-07-02 15:21:41.630 +03:00 [INF] HTTP GET /Pos responded 200 in 15.2266 ms
2026-07-02 15:21:41.698 +03:00 [INF] HTTP GET /css/site.css responded 200 in 0.8494 ms
2026-07-02 15:21:41.699 +03:00 [INF] HTTP GET /lib/bootstrap/dist/js/bootstrap.bundle.min.js responded 200 in 0.7881 ms
2026-07-02 15:21:41.700 +03:00 [INF] HTTP GET /js/site.js responded 200 in 0.6687 ms
2026-07-02 15:21:41.703 +03:00 [INF] HTTP GET /js/pos.js responded 200 in 2.5967 ms
2026-07-02 15:21:41.730 +03:00 [INF] HTTP GET /lib/bootstrap/dist/css/bootstrap.min.css responded 200 in 1.6708 ms
2026-07-02 15:21:41.747 +03:00 [INF] HTTP GET /Biktal.WebMVC.styles.css responded 200 in 1.7052 ms
2026-07-02 15:21:41.755 +03:00 [INF] HTTP GET /lib/jquery/dist/jquery.min.js responded 200 in 25.1201 ms
2026-07-02 15:21:42.197 +03:00 [INF] HTTP GET /favicon.ico responded 200 in 59.9818 ms
2026-07-02 15:21:58.838 +03:00 [INF] HTTP GET /Inventory responded 200 in 26.2333 ms
2026-07-02 15:21:58.898 +03:00 [INF] HTTP GET /lib/bootstrap/dist/css/bootstrap.min.css responded 200 in 1.0718 ms
2026-07-02 15:21:58.914 +03:00 [INF] HTTP GET /css/site.css responded 200 in 1.0011 ms
2026-07-02 15:21:58.915 +03:00 [INF] HTTP GET /Biktal.WebMVC.styles.css responded 200 in 1.5439 ms
2026-07-02 15:21:58.922 +03:00 [INF] HTTP GET /lib/jquery/dist/jquery.min.js responded 304 in 6.7831 ms
2026-07-02 15:21:58.927 +03:00 [INF] HTTP GET /lib/bootstrap/dist/js/bootstrap.bundle.min.js responded 304 in 0.4551 ms
2026-07-02 15:21:58.928 +03:00 [INF] HTTP GET /js/site.js responded 304 in 0.9891 ms
2026-07-02 15:22:00.255 +03:00 [INF] HTTP GET /Inventory/Products responded 200 in 78.4598 ms
2026-07-02 15:22:00.303 +03:00 [INF] HTTP GET /lib/bootstrap/dist/css/bootstrap.min.css responded 200 in 1.1500 ms
2026-07-02 15:22:00.304 +03:00 [INF] HTTP GET /css/site.css responded 200 in 1.6003 ms
2026-07-02 15:22:00.309 +03:00 [INF] HTTP GET /Biktal.WebMVC.styles.css responded 200 in 1.4108 ms
2026-07-02 15:22:01.260 +03:00 [INF] HTTP GET /lib/jquery/dist/jquery.min.js responded 304 in 0.2710 ms
2026-07-02 15:22:01.282 +03:00 [INF] HTTP GET /js/site.js responded 304 in 0.5046 ms
2026-07-02 15:22:01.282 +03:00 [INF] HTTP GET /lib/bootstrap/dist/js/bootstrap.bundle.min.js responded 304 in 0.5046 ms
2026-07-02 15:22:01.287 +03:00 [INF] HTTP GET /lib/jquery-validation/dist/jquery.validate.min.js responded 200 in 3.6871 ms
2026-07-02 15:22:01.287 +03:00 [INF] HTTP GET /lib/jquery-validation-unobtrusive/dist/jquery.validate.unobtrusive.min.js responded 200 in 2.9069 ms
2026-07-02 15:22:01.293 +03:00 [INF] HTTP GET /js/products-catalog-filter.js responded 200 in 2.4941 ms
2026-07-02 15:22:06.138 +03:00 [INF] HTTP GET /Inventory/Products responded 200 in 141.4070 ms
2026-07-02 15:22:06.145 +03:00 [INF] HTTP GET /Biktal.WebMVC.styles.css responded 304 in 0.7658 ms
2026-07-02 15:22:06.147 +03:00 [INF] HTTP GET /lib/bootstrap/dist/css/bootstrap.min.css responded 304 in 0.6084 ms
2026-07-02 15:22:06.152 +03:00 [INF] HTTP GET /css/site.css responded 304 in 2.6488 ms
2026-07-02 15:22:06.918 +03:00 [INF] HTTP GET /lib/jquery/dist/jquery.min.js responded 304 in 0.6605 ms
2026-07-02 15:22:06.941 +03:00 [INF] HTTP GET /lib/bootstrap/dist/js/bootstrap.bundle.min.js responded 304 in 0.4619 ms
2026-07-02 15:22:06.941 +03:00 [INF] HTTP GET /js/site.js responded 304 in 0.4923 ms
2026-07-02 15:22:06.941 +03:00 [INF] HTTP GET /lib/jquery-validation/dist/jquery.validate.min.js responded 304 in 0.2045 ms
2026-07-02 15:22:06.942 +03:00 [INF] HTTP GET /lib/jquery-validation-unobtrusive/dist/jquery.validate.unobtrusive.min.js responded 304 in 0.3392 ms
2026-07-02 15:22:06.943 +03:00 [INF] HTTP GET /js/products-catalog-filter.js responded 304 in 0.4564 ms
2026-07-02 15:22:10.284 +03:00 [INF] HTTP POST /Inventory/EditProduct responded 302 in 11.2414 ms
2026-07-02 15:22:10.338 +03:00 [INF] HTTP GET /Inventory/Products responded 200 in 43.0435 ms
2026-07-02 15:22:10.392 +03:00 [INF] HTTP GET /lib/bootstrap/dist/css/bootstrap.min.css responded 304 in 0.4674 ms
2026-07-02 15:22:10.393 +03:00 [INF] HTTP GET /css/site.css responded 304 in 0.4673 ms
2026-07-02 15:22:10.393 +03:00 [INF] HTTP GET /Biktal.WebMVC.styles.css responded 304 in 0.3159 ms
2026-07-02 15:22:11.153 +03:00 [INF] HTTP GET /lib/jquery/dist/jquery.min.js responded 304 in 0.2806 ms
2026-07-02 15:22:11.172 +03:00 [INF] HTTP GET /lib/bootstrap/dist/js/bootstrap.bundle.min.js responded 304 in 0.3698 ms
2026-07-02 15:22:11.173 +03:00 [INF] HTTP GET /js/site.js responded 304 in 0.5729 ms
2026-07-02 15:22:11.173 +03:00 [INF] HTTP GET /lib/jquery-validation/dist/jquery.validate.min.js responded 304 in 0.4161 ms
2026-07-02 15:22:11.176 +03:00 [INF] HTTP GET /lib/jquery-validation-unobtrusive/dist/jquery.validate.unobtrusive.min.js responded 304 in 0.6970 ms
2026-07-02 15:22:11.176 +03:00 [INF] HTTP GET /js/products-catalog-filter.js responded 304 in 0.5724 ms
2026-07-02 15:22:12.042 +03:00 [INF] HTTP GET /Pos responded 200 in 18.4877 ms
2026-07-02 15:22:12.136 +03:00 [INF] HTTP GET /lib/bootstrap/dist/css/bootstrap.min.css responded 200 in 1.9139 ms
2026-07-02 15:22:12.139 +03:00 [INF] HTTP GET /css/site.css responded 304 in 1.5065 ms
2026-07-02 15:22:12.145 +03:00 [INF] HTTP GET /Biktal.WebMVC.styles.css responded 304 in 0.4652 ms
2026-07-02 15:22:12.146 +03:00 [INF] HTTP GET /lib/jquery/dist/jquery.min.js responded 304 in 0.4710 ms
2026-07-02 15:22:12.153 +03:00 [INF] HTTP GET /js/site.js responded 304 in 0.3012 ms
2026-07-02 15:22:12.153 +03:00 [INF] HTTP GET /lib/bootstrap/dist/js/bootstrap.bundle.min.js responded 304 in 0.3226 ms
2026-07-02 15:22:12.156 +03:00 [INF] HTTP GET /js/pos.js responded 304 in 0.5531 ms
2026-07-02 15:39:13.160 +03:00 [INF] HTTP GET /Crm responded 200 in 212.8625 ms
2026-07-02 15:39:13.241 +03:00 [INF] HTTP GET /lib/jquery/dist/jquery.min.js responded 200 in 0.8360 ms
2026-07-02 15:39:13.245 +03:00 [INF] HTTP GET /lib/bootstrap/dist/js/bootstrap.bundle.min.js responded 200 in 3.5073 ms
2026-07-02 15:39:13.246 +03:00 [INF] HTTP GET /js/site.js responded 200 in 0.7249 ms
2026-07-02 15:39:13.248 +03:00 [INF] HTTP GET /lib/bootstrap/dist/css/bootstrap.min.css responded 200 in 1.7967 ms
2026-07-02 15:39:13.248 +03:00 [INF] HTTP GET /css/site.css responded 200 in 1.2866 ms
2026-07-02 15:39:13.249 +03:00 [INF] HTTP GET /Biktal.WebMVC.styles.css responded 200 in 0.8195 ms
2026-07-02 15:39:16.931 +03:00 [INF] HTTP GET /Installments responded 200 in 143.8481 ms
2026-07-02 15:39:17.010 +03:00 [INF] HTTP GET /css/site.css responded 304 in 0.6326 ms
2026-07-02 15:39:17.011 +03:00 [INF] HTTP GET /lib/bootstrap/dist/css/bootstrap.min.css responded 304 in 0.3454 ms
2026-07-02 15:39:17.012 +03:00 [INF] HTTP GET /Biktal.WebMVC.styles.css responded 304 in 2.1514 ms
2026-07-02 15:39:17.020 +03:00 [INF] HTTP GET /lib/bootstrap/dist/js/bootstrap.bundle.min.js responded 304 in 0.3790 ms
2026-07-02 15:39:17.020 +03:00 [INF] HTTP GET /lib/jquery/dist/jquery.min.js responded 304 in 0.4284 ms
2026-07-02 15:39:17.022 +03:00 [INF] HTTP GET /js/site.js responded 304 in 1.5468 ms
2026-07-02 15:39:19.483 +03:00 [INF] HTTP GET /Installments/New responded 200 in 120.1602 ms
2026-07-02 15:39:19.543 +03:00 [INF] HTTP GET /lib/bootstrap/dist/css/bootstrap.min.css responded 200 in 6.2104 ms
2026-07-02 15:39:19.558 +03:00 [INF] HTTP GET /css/site.css responded 304 in 3.9373 ms
2026-07-02 15:39:19.564 +03:00 [INF] HTTP GET /Biktal.WebMVC.styles.css responded 304 in 0.9351 ms
2026-07-02 15:39:19.570 +03:00 [INF] HTTP GET /js/site.js responded 304 in 0.3664 ms
2026-07-02 15:39:19.570 +03:00 [INF] HTTP GET /lib/bootstrap/dist/js/bootstrap.bundle.min.js responded 304 in 0.9127 ms
2026-07-02 15:39:19.572 +03:00 [INF] HTTP GET /lib/jquery/dist/jquery.min.js responded 304 in 1.2602 ms
2026-07-02 15:39:19.581 +03:00 [INF] HTTP GET /lib/jquery-validation/dist/jquery.validate.min.js responded 200 in 0.7671 ms
2026-07-02 15:39:19.581 +03:00 [INF] HTTP GET /lib/jquery-validation-unobtrusive/dist/jquery.validate.unobtrusive.min.js responded 200 in 0.8656 ms
2026-07-02 15:39:24.251 +03:00 [INF] HTTP GET /Crm/Customers responded 200 in 39.8832 ms
2026-07-02 15:39:24.324 +03:00 [INF] HTTP GET /lib/bootstrap/dist/css/bootstrap.min.css responded 200 in 3.9046 ms
2026-07-02 15:39:24.327 +03:00 [INF] HTTP GET /css/site.css responded 304 in 2.7481 ms
2026-07-02 15:39:24.328 +03:00 [INF] HTTP GET /lib/jquery/dist/jquery.min.js responded 304 in 0.4124 ms
2026-07-02 15:39:24.331 +03:00 [INF] HTTP GET /Biktal.WebMVC.styles.css responded 304 in 0.5879 ms
2026-07-02 15:39:24.337 +03:00 [INF] HTTP GET /lib/bootstrap/dist/js/bootstrap.bundle.min.js responded 304 in 2.4019 ms
2026-07-02 15:39:24.340 +03:00 [INF] HTTP GET /js/site.js responded 304 in 2.9570 ms
2026-07-02 15:39:28.813 +03:00 [INF] HTTP GET /Crm/NewCustomer responded 200 in 49.9714 ms
2026-07-02 15:39:28.883 +03:00 [INF] HTTP GET /lib/bootstrap/dist/css/bootstrap.min.css responded 304 in 1.1881 ms
2026-07-02 15:39:28.897 +03:00 [INF] HTTP GET /css/site.css responded 304 in 0.8652 ms
2026-07-02 15:39:28.897 +03:00 [INF] HTTP GET /lib/bootstrap/dist/js/bootstrap.bundle.min.js responded 304 in 0.3116 ms
2026-07-02 15:39:28.897 +03:00 [INF] HTTP GET /lib/jquery/dist/jquery.min.js responded 304 in 0.5080 ms
2026-07-02 15:39:28.898 +03:00 [INF] HTTP GET /Biktal.WebMVC.styles.css responded 304 in 0.3611 ms
2026-07-02 15:39:28.901 +03:00 [INF] HTTP GET /js/site.js responded 304 in 3.3592 ms
2026-07-02 15:39:28.907 +03:00 [INF] HTTP GET /lib/jquery-validation/dist/jquery.validate.min.js responded 304 in 0.8682 ms
2026-07-02 15:39:28.913 +03:00 [INF] HTTP GET /lib/jquery-validation-unobtrusive/dist/jquery.validate.unobtrusive.min.js responded 304 in 2.1113 ms
2026-07-02 15:39:56.146 +03:00 [INF] HTTP POST /Crm/CreateCustomer responded 302 in 63.2023 ms
2026-07-02 15:39:56.157 +03:00 [INF] HTTP GET /Crm/Customers responded 200 in 6.1360 ms
2026-07-02 15:39:56.227 +03:00 [INF] HTTP GET /lib/bootstrap/dist/css/bootstrap.min.css responded 200 in 12.0606 ms
2026-07-02 15:39:56.235 +03:00 [INF] HTTP GET /css/site.css responded 304 in 0.4162 ms
2026-07-02 15:39:56.235 +03:00 [INF] HTTP GET /Biktal.WebMVC.styles.css responded 304 in 0.3793 ms
2026-07-02 15:39:56.242 +03:00 [INF] HTTP GET /lib/jquery/dist/jquery.min.js responded 304 in 0.6185 ms
2026-07-02 15:39:56.243 +03:00 [INF] HTTP GET /lib/bootstrap/dist/js/bootstrap.bundle.min.js responded 304 in 0.6595 ms
2026-07-02 15:39:56.248 +03:00 [INF] HTTP GET /js/site.js responded 304 in 0.3623 ms
2026-07-02 15:40:03.419 +03:00 [INF] HTTP GET /Crm responded 200 in 18.7419 ms
2026-07-02 15:40:03.504 +03:00 [INF] HTTP GET /lib/bootstrap/dist/css/bootstrap.min.css responded 200 in 1.8317 ms
2026-07-02 15:40:03.509 +03:00 [INF] HTTP GET /css/site.css responded 304 in 2.3684 ms
2026-07-02 15:40:03.510 +03:00 [INF] HTTP GET /Biktal.WebMVC.styles.css responded 304 in 0.8683 ms
2026-07-02 15:40:03.516 +03:00 [INF] HTTP GET /lib/jquery/dist/jquery.min.js responded 304 in 1.0165 ms
2026-07-02 15:40:03.517 +03:00 [INF] HTTP GET /lib/bootstrap/dist/js/bootstrap.bundle.min.js responded 304 in 0.4778 ms
2026-07-02 15:40:03.521 +03:00 [INF] HTTP GET /js/site.js responded 304 in 4.2323 ms
2026-07-02 15:40:04.923 +03:00 [INF] HTTP GET /Installments responded 200 in 18.4121 ms
2026-07-02 15:40:04.996 +03:00 [INF] HTTP GET /lib/bootstrap/dist/css/bootstrap.min.css responded 304 in 0.5170 ms
2026-07-02 15:40:04.997 +03:00 [INF] HTTP GET /Biktal.WebMVC.styles.css responded 304 in 0.3415 ms
2026-07-02 15:40:05.005 +03:00 [INF] HTTP GET /lib/jquery/dist/jquery.min.js responded 304 in 4.3604 ms
2026-07-02 15:40:05.006 +03:00 [INF] HTTP GET /css/site.css responded 304 in 0.5909 ms
2026-07-02 15:40:05.008 +03:00 [INF] HTTP GET /js/site.js responded 304 in 0.4091 ms
2026-07-02 15:40:05.009 +03:00 [INF] HTTP GET /lib/bootstrap/dist/js/bootstrap.bundle.min.js responded 304 in 0.6583 ms
2026-07-02 15:40:06.275 +03:00 [INF] HTTP GET /Crm/Customers responded 200 in 13.8009 ms
2026-07-02 15:40:06.331 +03:00 [INF] HTTP GET /lib/bootstrap/dist/css/bootstrap.min.css responded 304 in 0.3750 ms
2026-07-02 15:40:06.350 +03:00 [INF] HTTP GET /css/site.css responded 304 in 0.5333 ms
2026-07-02 15:40:06.350 +03:00 [INF] HTTP GET /Biktal.WebMVC.styles.css responded 304 in 0.3288 ms
2026-07-02 15:40:06.355 +03:00 [INF] HTTP GET /lib/jquery/dist/jquery.min.js responded 304 in 1.6890 ms
2026-07-02 15:40:06.358 +03:00 [INF] HTTP GET /lib/bootstrap/dist/js/bootstrap.bundle.min.js responded 304 in 1.4197 ms
2026-07-02 15:40:06.359 +03:00 [INF] HTTP GET /js/site.js responded 304 in 1.0050 ms
2026-07-02 15:40:08.943 +03:00 [INF] HTTP GET /Installments responded 200 in 10.7357 ms
2026-07-02 15:40:09.008 +03:00 [INF] HTTP GET /lib/bootstrap/dist/css/bootstrap.min.css responded 304 in 3.1547 ms
2026-07-02 15:40:09.021 +03:00 [INF] HTTP GET /css/site.css responded 304 in 2.9230 ms
2026-07-02 15:40:09.023 +03:00 [INF] HTTP GET /lib/jquery/dist/jquery.min.js responded 304 in 0.8449 ms
2026-07-02 15:40:09.029 +03:00 [INF] HTTP GET /Biktal.WebMVC.styles.css responded 304 in 0.6696 ms
2026-07-02 15:40:09.031 +03:00 [INF] HTTP GET /lib/bootstrap/dist/js/bootstrap.bundle.min.js responded 304 in 0.7975 ms
2026-07-02 15:40:09.035 +03:00 [INF] HTTP GET /js/site.js responded 304 in 0.5926 ms
2026-07-02 15:40:25.406 +03:00 [INF] HTTP GET /Crm/Customers responded 200 in 9.2754 ms
2026-07-02 15:40:25.490 +03:00 [INF] HTTP GET /css/site.css responded 304 in 1.9971 ms
2026-07-02 15:40:25.493 +03:00 [INF] HTTP GET /Biktal.WebMVC.styles.css responded 304 in 0.5018 ms
2026-07-02 15:40:25.498 +03:00 [INF] HTTP GET /lib/bootstrap/dist/css/bootstrap.min.css responded 200 in 8.0323 ms
2026-07-02 15:40:25.506 +03:00 [INF] HTTP GET /lib/bootstrap/dist/js/bootstrap.bundle.min.js responded 304 in 0.4853 ms
2026-07-02 15:40:25.506 +03:00 [INF] HTTP GET /js/site.js responded 304 in 0.3310 ms
2026-07-02 15:40:25.506 +03:00 [INF] HTTP GET /lib/jquery/dist/jquery.min.js responded 304 in 0.3861 ms
2026-07-02 15:40:28.292 +03:00 [INF] HTTP GET /Crm/Customer/019f2292-2e5a-7038-8325-27be57de7ee7 responded 200 in 64.4008 ms
2026-07-02 15:40:28.363 +03:00 [INF] HTTP GET /lib/bootstrap/dist/css/bootstrap.min.css responded 304 in 0.4323 ms
2026-07-02 15:40:28.366 +03:00 [INF] HTTP GET /css/site.css responded 304 in 2.0856 ms
2026-07-02 15:40:28.367 +03:00 [INF] HTTP GET /Biktal.WebMVC.styles.css responded 304 in 0.4650 ms
2026-07-02 15:40:28.367 +03:00 [INF] HTTP GET /lib/jquery/dist/jquery.min.js responded 304 in 1.0922 ms
2026-07-02 15:40:28.377 +03:00 [INF] HTTP GET /lib/bootstrap/dist/js/bootstrap.bundle.min.js responded 304 in 10.3487 ms
2026-07-02 15:40:28.378 +03:00 [INF] HTTP GET /lib/jquery-validation/dist/jquery.validate.min.js responded 304 in 0.4458 ms
2026-07-02 15:40:28.378 +03:00 [INF] HTTP GET /js/site.js responded 304 in 0.4044 ms
2026-07-02 15:40:28.383 +03:00 [INF] HTTP GET /lib/jquery-validation-unobtrusive/dist/jquery.validate.unobtrusive.min.js responded 304 in 0.3874 ms
2026-07-02 15:40:51.047 +03:00 [INF] HTTP GET /Crm/Customers responded 200 in 65.2463 ms
2026-07-02 15:40:51.139 +03:00 [INF] HTTP GET /lib/bootstrap/dist/css/bootstrap.min.css responded 304 in 0.7936 ms
2026-07-02 15:40:51.145 +03:00 [INF] HTTP GET /css/site.css responded 304 in 1.5260 ms
2026-07-02 15:40:51.146 +03:00 [INF] HTTP GET /Biktal.WebMVC.styles.css responded 304 in 0.8621 ms
2026-07-02 15:40:51.151 +03:00 [INF] HTTP GET /lib/jquery/dist/jquery.min.js responded 304 in 1.1043 ms
2026-07-02 15:40:51.153 +03:00 [INF] HTTP GET /js/site.js responded 304 in 1.3283 ms
2026-07-02 15:40:51.153 +03:00 [INF] HTTP GET /lib/bootstrap/dist/js/bootstrap.bundle.min.js responded 304 in 0.3921 ms
2026-07-02 15:40:57.039 +03:00 [INF] HTTP GET /Crm/Customer/019f22d7-cdc4-7e0d-9e9c-c3d3bb7c4fe4 responded 200 in 9.1735 ms
2026-07-02 15:40:57.112 +03:00 [INF] HTTP GET /css/site.css responded 304 in 1.0082 ms
2026-07-02 15:40:57.114 +03:00 [INF] HTTP GET /lib/jquery/dist/jquery.min.js responded 304 in 1.1612 ms
2026-07-02 15:40:57.145 +03:00 [INF] HTTP GET /js/site.js responded 304 in 0.4480 ms
2026-07-02 15:40:57.145 +03:00 [INF] HTTP GET /lib/jquery-validation/dist/jquery.validate.min.js responded 304 in 0.3151 ms
2026-07-02 15:40:57.146 +03:00 [INF] HTTP GET /Biktal.WebMVC.styles.css responded 304 in 0.2951 ms
2026-07-02 15:40:57.146 +03:00 [INF] HTTP GET /lib/jquery-validation-unobtrusive/dist/jquery.validate.unobtrusive.min.js responded 304 in 0.2877 ms
2026-07-02 15:40:57.147 +03:00 [INF] HTTP GET /lib/bootstrap/dist/js/bootstrap.bundle.min.js responded 304 in 32.4566 ms
2026-07-02 15:40:57.163 +03:00 [INF] HTTP GET /lib/bootstrap/dist/css/bootstrap.min.css responded 200 in 49.7287 ms
2026-07-02 15:41:50.344 +03:00 [INF] HTTP POST /Crm/UpdateCustomer responded 200 in 17.5407 ms
2026-07-02 15:41:50.410 +03:00 [INF] HTTP GET /lib/bootstrap/dist/css/bootstrap.min.css responded 200 in 2.6881 ms
2026-07-02 15:41:50.414 +03:00 [INF] HTTP GET /css/site.css responded 200 in 2.0713 ms
2026-07-02 15:41:50.416 +03:00 [INF] HTTP GET /Biktal.WebMVC.styles.css responded 200 in 1.8463 ms
2026-07-02 15:41:50.423 +03:00 [INF] HTTP GET /lib/jquery/dist/jquery.min.js responded 200 in 1.7180 ms
2026-07-02 15:41:50.431 +03:00 [INF] HTTP GET /lib/bootstrap/dist/js/bootstrap.bundle.min.js responded 200 in 3.3710 ms
2026-07-02 15:41:50.432 +03:00 [INF] HTTP GET /lib/jquery-validation/dist/jquery.validate.min.js responded 200 in 0.6413 ms
2026-07-02 15:41:50.440 +03:00 [INF] HTTP GET /lib/jquery-validation-unobtrusive/dist/jquery.validate.unobtrusive.min.js responded 200 in 1.2606 ms
2026-07-02 15:41:50.443 +03:00 [INF] HTTP GET /js/site.js responded 200 in 1.1236 ms
2026-07-02 15:41:59.925 +03:00 [INF] HTTP GET /Installments responded 200 in 10.8731 ms
2026-07-02 15:41:59.988 +03:00 [INF] HTTP GET /Biktal.WebMVC.styles.css responded 304 in 0.2727 ms
2026-07-02 15:41:59.989 +03:00 [INF] HTTP GET /lib/bootstrap/dist/css/bootstrap.min.css responded 304 in 0.5194 ms
2026-07-02 15:41:59.992 +03:00 [INF] HTTP GET /lib/jquery/dist/jquery.min.js responded 304 in 2.7394 ms
2026-07-02 15:41:59.988 +03:00 [INF] HTTP GET /css/site.css responded 304 in 0.3491 ms
2026-07-02 15:42:00.059 +03:00 [INF] HTTP GET /lib/bootstrap/dist/js/bootstrap.bundle.min.js responded 304 in 0.3798 ms
2026-07-02 15:42:00.059 +03:00 [INF] HTTP GET /js/site.js responded 304 in 0.5923 ms
2026-07-02 15:42:11.069 +03:00 [INF] HTTP GET /Crm/Customers responded 200 in 6.0705 ms
2026-07-02 15:42:11.154 +03:00 [INF] HTTP GET /Biktal.WebMVC.styles.css responded 304 in 0.2982 ms
2026-07-02 15:42:11.154 +03:00 [INF] HTTP GET /lib/bootstrap/dist/css/bootstrap.min.css responded 200 in 1.5351 ms
2026-07-02 15:42:11.155 +03:00 [INF] HTTP GET /css/site.css responded 304 in 0.4084 ms
2026-07-02 15:42:11.158 +03:00 [INF] HTTP GET /lib/jquery/dist/jquery.min.js responded 304 in 1.4724 ms
2026-07-02 15:42:11.159 +03:00 [INF] HTTP GET /lib/bootstrap/dist/js/bootstrap.bundle.min.js responded 304 in 0.3448 ms
2026-07-02 15:42:11.170 +03:00 [INF] HTTP GET /js/site.js responded 304 in 0.4632 ms
2026-07-02 15:42:12.624 +03:00 [INF] HTTP GET /Crm/Customer/019f22d7-cdc4-7e0d-9e9c-c3d3bb7c4fe4 responded 200 in 6.2487 ms
2026-07-02 15:42:12.692 +03:00 [INF] HTTP GET /lib/bootstrap/dist/css/bootstrap.min.css responded 200 in 5.6170 ms
2026-07-02 15:42:12.704 +03:00 [INF] HTTP GET /Biktal.WebMVC.styles.css responded 304 in 0.4137 ms
2026-07-02 15:42:12.704 +03:00 [INF] HTTP GET /css/site.css responded 304 in 0.3564 ms
2026-07-02 15:42:12.704 +03:00 [INF] HTTP GET /lib/bootstrap/dist/js/bootstrap.bundle.min.js responded 304 in 0.2205 ms
2026-07-02 15:42:12.705 +03:00 [INF] HTTP GET /js/site.js responded 304 in 0.4048 ms
2026-07-02 15:42:12.708 +03:00 [INF] HTTP GET /lib/jquery/dist/jquery.min.js responded 304 in 2.3796 ms
2026-07-02 15:42:12.715 +03:00 [INF] HTTP GET /lib/jquery-validation/dist/jquery.validate.min.js responded 200 in 0.8479 ms
2026-07-02 15:42:12.715 +03:00 [INF] HTTP GET /lib/jquery-validation-unobtrusive/dist/jquery.validate.unobtrusive.min.js responded 200 in 0.5447 ms
2026-07-02 15:42:15.708 +03:00 [INF] HTTP GET /Installments/New responded 200 in 13.9734 ms
2026-07-02 15:42:15.792 +03:00 [INF] HTTP GET /css/site.css responded 304 in 0.9033 ms
2026-07-02 15:42:15.792 +03:00 [INF] HTTP GET /Biktal.WebMVC.styles.css responded 304 in 0.7934 ms
2026-07-02 15:42:15.792 +03:00 [INF] HTTP GET /lib/bootstrap/dist/js/bootstrap.bundle.min.js responded 304 in 0.3059 ms
2026-07-02 15:42:15.793 +03:00 [INF] HTTP GET /lib/bootstrap/dist/css/bootstrap.min.css responded 304 in 1.9688 ms
2026-07-02 15:42:15.801 +03:00 [INF] HTTP GET /js/site.js responded 304 in 0.6101 ms
2026-07-02 15:42:15.802 +03:00 [INF] HTTP GET /lib/jquery-validation/dist/jquery.validate.min.js responded 304 in 0.3672 ms
2026-07-02 15:42:15.802 +03:00 [INF] HTTP GET /lib/jquery-validation-unobtrusive/dist/jquery.validate.unobtrusive.min.js responded 304 in 0.3799 ms
2026-07-02 15:42:15.802 +03:00 [INF] HTTP GET /lib/jquery/dist/jquery.min.js responded 304 in 0.3103 ms
2026-07-02 15:42:37.778 +03:00 [INF] HTTP POST /Installments/Create responded 302 in 322.7224 ms
2026-07-02 15:42:37.810 +03:00 [WRN] Compiling a query which loads related collections for more than one collection navigation, either via 'Include' or through projection, but no 'QuerySplittingBehavior' has been configured. By default, Entity Framework will use 'QuerySplittingBehavior.SingleQuery', which can potentially result in slow query performance. See https://go.microsoft.com/fwlink/?linkid=2134277 for more information. To identify the query that's triggering this warning call 'ConfigureWarnings(w => w.Throw(RelationalEventId.MultipleCollectionIncludeWarning))'.
2026-07-02 15:42:37.881 +03:00 [INF] HTTP GET /Installments/Detail/02fbf426-af7b-4fe4-8149-bd9143491c02 responded 200 in 96.6624 ms
2026-07-02 15:42:37.950 +03:00 [INF] HTTP GET /css/site.css responded 304 in 0.4930 ms
2026-07-02 15:42:37.954 +03:00 [INF] HTTP GET /lib/bootstrap/dist/css/bootstrap.min.css responded 200 in 3.2877 ms
2026-07-02 15:42:37.957 +03:00 [INF] HTTP GET /Biktal.WebMVC.styles.css responded 304 in 0.5462 ms
2026-07-02 15:42:37.962 +03:00 [INF] HTTP GET /lib/jquery/dist/jquery.min.js responded 304 in 0.4679 ms
2026-07-02 15:42:37.966 +03:00 [INF] HTTP GET /lib/bootstrap/dist/js/bootstrap.bundle.min.js responded 304 in 0.5478 ms
2026-07-02 15:42:37.967 +03:00 [INF] HTTP GET /lib/jquery-validation/dist/jquery.validate.min.js responded 304 in 0.2985 ms
2026-07-02 15:42:37.967 +03:00 [INF] HTTP GET /lib/jquery-validation-unobtrusive/dist/jquery.validate.unobtrusive.min.js responded 304 in 0.2605 ms
2026-07-02 15:42:37.967 +03:00 [INF] HTTP GET /js/site.js responded 304 in 0.2863 ms
2026-07-02 15:42:40.452 +03:00 [INF] HTTP GET /Crm/Customers responded 200 in 3.0277 ms
2026-07-02 15:42:40.532 +03:00 [INF] HTTP GET /css/site.css responded 304 in 0.5177 ms
2026-07-02 15:42:40.533 +03:00 [INF] HTTP GET /Biktal.WebMVC.styles.css responded 304 in 0.4895 ms
2026-07-02 15:42:40.535 +03:00 [INF] HTTP GET /lib/jquery/dist/jquery.min.js responded 304 in 0.8989 ms
2026-07-02 15:42:40.536 +03:00 [INF] HTTP GET /lib/bootstrap/dist/js/bootstrap.bundle.min.js responded 304 in 0.3569 ms
2026-07-02 15:42:40.536 +03:00 [INF] HTTP GET /lib/bootstrap/dist/css/bootstrap.min.css responded 200 in 1.6500 ms
2026-07-02 15:42:40.546 +03:00 [INF] HTTP GET /js/site.js responded 304 in 6.0938 ms
2026-07-02 15:42:41.967 +03:00 [INF] HTTP GET /Installments responded 200 in 8.9428 ms
2026-07-02 15:42:42.042 +03:00 [INF] HTTP GET /lib/bootstrap/dist/css/bootstrap.min.css responded 304 in 1.0556 ms
2026-07-02 15:42:42.042 +03:00 [INF] HTTP GET /css/site.css responded 304 in 0.6030 ms
2026-07-02 15:42:42.043 +03:00 [INF] HTTP GET /Biktal.WebMVC.styles.css responded 304 in 0.9077 ms
2026-07-02 15:42:42.045 +03:00 [INF] HTTP GET /lib/jquery/dist/jquery.min.js responded 304 in 0.5882 ms
2026-07-02 15:42:42.053 +03:00 [INF] HTTP GET /lib/bootstrap/dist/js/bootstrap.bundle.min.js responded 304 in 1.6712 ms
2026-07-02 15:42:42.054 +03:00 [INF] HTTP GET /js/site.js responded 304 in 0.3959 ms
2026-07-02 15:43:26.545 +03:00 [INF] HTTP GET /Crm/Customers responded 200 in 9.7262 ms
2026-07-02 15:43:26.629 +03:00 [INF] HTTP GET /css/site.css responded 304 in 0.3720 ms
2026-07-02 15:43:26.630 +03:00 [INF] HTTP GET /Biktal.WebMVC.styles.css responded 304 in 0.5785 ms
2026-07-02 15:43:26.632 +03:00 [INF] HTTP GET /lib/jquery/dist/jquery.min.js responded 304 in 1.4664 ms
2026-07-02 15:43:26.634 +03:00 [INF] HTTP GET /js/site.js responded 304 in 0.2898 ms
2026-07-02 15:43:26.634 +03:00 [INF] HTTP GET /lib/bootstrap/dist/js/bootstrap.bundle.min.js responded 304 in 0.5592 ms
2026-07-02 15:43:26.646 +03:00 [INF] HTTP GET /lib/bootstrap/dist/css/bootstrap.min.css responded 200 in 11.1441 ms
2026-07-02 15:43:30.747 +03:00 [INF] HTTP GET /Crm/Customer/019f22d7-cdc4-7e0d-9e9c-c3d3bb7c4fe4 responded 200 in 10.8275 ms
2026-07-02 15:43:30.838 +03:00 [INF] HTTP GET /lib/bootstrap/dist/css/bootstrap.min.css responded 304 in 2.2665 ms
2026-07-02 15:43:30.839 +03:00 [INF] HTTP GET /lib/bootstrap/dist/js/bootstrap.bundle.min.js responded 304 in 0.2933 ms
2026-07-02 15:43:30.839 +03:00 [INF] HTTP GET /js/site.js responded 304 in 0.4230 ms
2026-07-02 15:43:30.840 +03:00 [INF] HTTP GET /lib/jquery-validation/dist/jquery.validate.min.js responded 304 in 0.9598 ms
2026-07-02 15:43:30.841 +03:00 [INF] HTTP GET /css/site.css responded 304 in 0.4645 ms
2026-07-02 15:43:30.842 +03:00 [INF] HTTP GET /Biktal.WebMVC.styles.css responded 304 in 0.5867 ms
2026-07-02 15:43:30.843 +03:00 [INF] HTTP GET /lib/jquery-validation-unobtrusive/dist/jquery.validate.unobtrusive.min.js responded 304 in 3.4664 ms
2026-07-02 15:43:30.843 +03:00 [INF] HTTP GET /lib/jquery/dist/jquery.min.js responded 304 in 0.3761 ms
2026-07-02 15:43:42.401 +03:00 [INF] HTTP GET /Crm/Customers responded 200 in 5.1393 ms
2026-07-02 15:43:42.482 +03:00 [INF] HTTP GET /css/site.css responded 304 in 0.4498 ms
2026-07-02 15:43:42.482 +03:00 [INF] HTTP GET /Biktal.WebMVC.styles.css responded 304 in 0.4283 ms
2026-07-02 15:43:42.482 +03:00 [INF] HTTP GET /lib/bootstrap/dist/css/bootstrap.min.css responded 304 in 0.4838 ms
2026-07-02 15:43:42.486 +03:00 [INF] HTTP GET /lib/jquery/dist/jquery.min.js responded 304 in 1.0101 ms
2026-07-02 15:43:42.487 +03:00 [INF] HTTP GET /lib/bootstrap/dist/js/bootstrap.bundle.min.js responded 304 in 0.5916 ms
2026-07-02 15:43:42.496 +03:00 [INF] HTTP GET /js/site.js responded 304 in 0.4424 ms
2026-07-02 15:43:45.850 +03:00 [INF] HTTP GET /Installments responded 200 in 13.3882 ms
2026-07-02 15:43:45.911 +03:00 [INF] HTTP GET /lib/bootstrap/dist/css/bootstrap.min.css responded 304 in 0.4734 ms
2026-07-02 15:43:45.929 +03:00 [INF] HTTP GET /css/site.css responded 304 in 0.4842 ms
2026-07-02 15:43:45.930 +03:00 [INF] HTTP GET /Biktal.WebMVC.styles.css responded 304 in 0.3885 ms
2026-07-02 15:43:45.934 +03:00 [INF] HTTP GET /lib/jquery/dist/jquery.min.js responded 304 in 1.3626 ms
2026-07-02 15:43:45.938 +03:00 [INF] HTTP GET /lib/bootstrap/dist/js/bootstrap.bundle.min.js responded 304 in 0.9330 ms
2026-07-02 15:43:45.938 +03:00 [INF] HTTP GET /js/site.js responded 304 in 0.3358 ms
2026-07-02 15:44:03.561 +03:00 [INF] HTTP GET /Crm/Customers responded 200 in 8.2826 ms
2026-07-02 15:44:03.649 +03:00 [INF] HTTP GET /css/site.css responded 304 in 0.6565 ms
2026-07-02 15:44:03.653 +03:00 [INF] HTTP GET /lib/bootstrap/dist/css/bootstrap.min.css responded 200 in 4.8370 ms
2026-07-02 15:44:03.661 +03:00 [INF] HTTP GET /lib/jquery/dist/jquery.min.js responded 304 in 7.0376 ms
2026-07-02 15:44:03.662 +03:00 [INF] HTTP GET /Biktal.WebMVC.styles.css responded 304 in 0.7494 ms
2026-07-02 15:44:03.665 +03:00 [INF] HTTP GET /lib/bootstrap/dist/js/bootstrap.bundle.min.js responded 304 in 3.2576 ms
2026-07-02 15:44:03.681 +03:00 [INF] HTTP GET /js/site.js responded 304 in 1.0850 ms
2026-07-02 15:44:06.341 +03:00 [INF] HTTP POST /Crm/DeactivateCustomer responded 302 in 28.7252 ms
2026-07-02 15:44:06.350 +03:00 [INF] HTTP GET /Crm/Customers responded 200 in 3.0109 ms
2026-07-02 15:44:06.415 +03:00 [INF] HTTP GET /lib/bootstrap/dist/css/bootstrap.min.css responded 304 in 0.7021 ms
2026-07-02 15:44:06.419 +03:00 [INF] HTTP GET /css/site.css responded 304 in 0.9164 ms
2026-07-02 15:44:06.426 +03:00 [INF] HTTP GET /Biktal.WebMVC.styles.css responded 304 in 0.8181 ms
2026-07-02 15:44:06.426 +03:00 [INF] HTTP GET /lib/jquery/dist/jquery.min.js responded 304 in 0.3540 ms
2026-07-02 15:44:06.431 +03:00 [INF] HTTP GET /lib/bootstrap/dist/js/bootstrap.bundle.min.js responded 304 in 0.3950 ms
2026-07-02 15:44:06.431 +03:00 [INF] HTTP GET /js/site.js responded 304 in 0.5289 ms
2026-07-02 15:44:09.307 +03:00 [INF] HTTP GET /Installments responded 200 in 11.3849 ms
2026-07-02 15:44:09.385 +03:00 [INF] HTTP GET /lib/bootstrap/dist/css/bootstrap.min.css responded 200 in 15.0869 ms
2026-07-02 15:44:09.393 +03:00 [INF] HTTP GET /Biktal.WebMVC.styles.css responded 304 in 1.0653 ms
2026-07-02 15:44:09.394 +03:00 [INF] HTTP GET /css/site.css responded 304 in 0.5236 ms
2026-07-02 15:44:09.395 +03:00 [INF] HTTP GET /js/site.js responded 304 in 0.8053 ms
2026-07-02 15:44:09.396 +03:00 [INF] HTTP GET /lib/bootstrap/dist/js/bootstrap.bundle.min.js responded 304 in 0.6608 ms
2026-07-02 15:44:09.398 +03:00 [INF] HTTP GET /lib/jquery/dist/jquery.min.js responded 304 in 1.6470 ms
2026-07-02 15:44:14.707 +03:00 [INF] HTTP GET /Installments responded 200 in 92.9042 ms
2026-07-02 15:44:14.761 +03:00 [INF] HTTP GET /lib/bootstrap/dist/css/bootstrap.min.css responded 304 in 5.3951 ms
2026-07-02 15:44:14.768 +03:00 [INF] HTTP GET /css/site.css responded 304 in 0.9278 ms
2026-07-02 15:44:14.773 +03:00 [INF] HTTP GET /Biktal.WebMVC.styles.css responded 304 in 0.4256 ms
2026-07-02 15:44:14.773 +03:00 [INF] HTTP GET /lib/jquery/dist/jquery.min.js responded 304 in 0.3440 ms
2026-07-02 15:44:14.774 +03:00 [INF] HTTP GET /lib/bootstrap/dist/js/bootstrap.bundle.min.js responded 304 in 0.3353 ms
2026-07-02 15:44:14.779 +03:00 [INF] HTTP GET /js/site.js responded 304 in 0.9544 ms
2026-07-02 15:44:15.013 +03:00 [INF] HTTP GET /favicon.ico responded 200 in 1.9620 ms
2026-07-02 15:44:20.272 +03:00 [INF] HTTP GET /Crm/Customers responded 200 in 7.1930 ms
2026-07-02 15:44:20.366 +03:00 [INF] HTTP GET /lib/bootstrap/dist/css/bootstrap.min.css responded 200 in 1.2084 ms
2026-07-02 15:44:20.366 +03:00 [INF] HTTP GET /css/site.css responded 304 in 0.4275 ms
2026-07-02 15:44:20.376 +03:00 [INF] HTTP GET /Biktal.WebMVC.styles.css responded 304 in 0.7147 ms
2026-07-02 15:44:20.380 +03:00 [INF] HTTP GET /lib/bootstrap/dist/js/bootstrap.bundle.min.js responded 304 in 0.3858 ms
2026-07-02 15:44:20.380 +03:00 [INF] HTTP GET /lib/jquery/dist/jquery.min.js responded 304 in 0.4343 ms
2026-07-02 15:44:20.385 +03:00 [INF] HTTP GET /js/site.js responded 304 in 4.6439 ms
2026-07-02 15:44:24.827 +03:00 [INF] HTTP GET /Crm/Customer/019f22d7-cdc4-7e0d-9e9c-c3d3bb7c4fe4 responded 200 in 16.3548 ms
2026-07-02 15:44:24.913 +03:00 [INF] HTTP GET /lib/bootstrap/dist/css/bootstrap.min.css responded 200 in 3.1047 ms
2026-07-02 15:44:24.914 +03:00 [INF] HTTP GET /Biktal.WebMVC.styles.css responded 304 in 0.6454 ms
2026-07-02 15:44:24.915 +03:00 [INF] HTTP GET /css/site.css responded 304 in 0.3355 ms
2026-07-02 15:44:24.915 +03:00 [INF] HTTP GET /lib/jquery/dist/jquery.min.js responded 304 in 0.4319 ms
2026-07-02 15:44:24.924 +03:00 [INF] HTTP GET /lib/bootstrap/dist/js/bootstrap.bundle.min.js responded 304 in 1.6133 ms
2026-07-02 15:44:24.926 +03:00 [INF] HTTP GET /js/site.js responded 304 in 0.3414 ms
2026-07-02 15:44:24.931 +03:00 [INF] HTTP GET /lib/jquery-validation/dist/jquery.validate.min.js responded 304 in 0.3814 ms
2026-07-02 15:44:24.932 +03:00 [INF] HTTP GET /lib/jquery-validation-unobtrusive/dist/jquery.validate.unobtrusive.min.js responded 304 in 0.5345 ms
2026-07-02 15:44:29.526 +03:00 [INF] HTTP POST /Crm/ReactivateCustomer responded 302 in 25.1736 ms
2026-07-02 15:44:29.539 +03:00 [INF] HTTP GET /Crm/Customers responded 200 in 5.6339 ms
2026-07-02 15:44:29.600 +03:00 [INF] HTTP GET /lib/bootstrap/dist/css/bootstrap.min.css responded 304 in 0.5652 ms
2026-07-02 15:44:29.615 +03:00 [INF] HTTP GET /Biktal.WebMVC.styles.css responded 304 in 1.7436 ms
2026-07-02 15:44:29.615 +03:00 [INF] HTTP GET /lib/jquery/dist/jquery.min.js responded 304 in 1.4893 ms
2026-07-02 15:44:29.615 +03:00 [INF] HTTP GET /lib/bootstrap/dist/js/bootstrap.bundle.min.js responded 304 in 0.3451 ms
2026-07-02 15:44:29.616 +03:00 [INF] HTTP GET /js/site.js responded 304 in 0.2907 ms
2026-07-02 15:44:29.613 +03:00 [INF] HTTP GET /css/site.css responded 304 in 0.7197 ms
2026-07-02 15:44:42.021 +03:00 [INF] HTTP GET /Installments responded 200 in 8.8628 ms
2026-07-02 15:44:42.083 +03:00 [INF] HTTP GET /lib/bootstrap/dist/css/bootstrap.min.css responded 200 in 2.4847 ms
2026-07-02 15:44:42.098 +03:00 [INF] HTTP GET /css/site.css responded 304 in 0.4934 ms
2026-07-02 15:44:42.099 +03:00 [INF] HTTP GET /Biktal.WebMVC.styles.css responded 304 in 0.3874 ms
2026-07-02 15:44:42.101 +03:00 [INF] HTTP GET /lib/jquery/dist/jquery.min.js responded 304 in 2.0073 ms
2026-07-02 15:44:42.107 +03:00 [INF] HTTP GET /lib/bootstrap/dist/js/bootstrap.bundle.min.js responded 304 in 0.4705 ms
2026-07-02 15:44:42.108 +03:00 [INF] HTTP GET /js/site.js responded 304 in 0.9371 ms
2026-07-02 15:45:19.243 +03:00 [INF] HTTP GET /Installments/Detail/5791ecca-62f8-435c-824c-4d6d9df06577 responded 200 in 18.1990 ms
2026-07-02 15:45:19.322 +03:00 [INF] HTTP GET /lib/bootstrap/dist/css/bootstrap.min.css responded 200 in 2.8746 ms
2026-07-02 15:45:19.353 +03:00 [INF] HTTP GET /Biktal.WebMVC.styles.css responded 304 in 0.3281 ms
2026-07-02 15:45:19.354 +03:00 [INF] HTTP GET /css/site.css responded 304 in 0.5155 ms
2026-07-02 15:45:19.357 +03:00 [INF] HTTP GET /lib/bootstrap/dist/js/bootstrap.bundle.min.js responded 304 in 0.5415 ms
2026-07-02 15:45:19.360 +03:00 [INF] HTTP GET /lib/jquery/dist/jquery.min.js responded 304 in 0.3735 ms
2026-07-02 15:45:19.360 +03:00 [INF] HTTP GET /lib/jquery-validation/dist/jquery.validate.min.js responded 304 in 0.4047 ms
2026-07-02 15:45:19.361 +03:00 [INF] HTTP GET /js/site.js responded 304 in 0.4546 ms
2026-07-02 15:45:19.362 +03:00 [INF] HTTP GET /lib/jquery-validation-unobtrusive/dist/jquery.validate.unobtrusive.min.js responded 304 in 1.1266 ms
2026-07-02 15:45:32.934 +03:00 [INF] HTTP GET /Crm/Customers responded 200 in 11.3874 ms
2026-07-02 15:45:33.010 +03:00 [INF] HTTP GET /lib/bootstrap/dist/css/bootstrap.min.css responded 200 in 1.5210 ms
2026-07-02 15:45:33.011 +03:00 [INF] HTTP GET /css/site.css responded 200 in 1.8171 ms
2026-07-02 15:45:33.043 +03:00 [INF] HTTP GET /Biktal.WebMVC.styles.css responded 200 in 0.9125 ms
2026-07-02 15:45:33.043 +03:00 [INF] HTTP GET /lib/jquery/dist/jquery.min.js responded 200 in 1.8265 ms
2026-07-02 15:45:33.047 +03:00 [INF] HTTP GET /lib/bootstrap/dist/js/bootstrap.bundle.min.js responded 200 in 2.8702 ms
2026-07-02 15:45:33.048 +03:00 [INF] HTTP GET /js/site.js responded 200 in 0.7545 ms
2026-07-02 15:45:33.714 +03:00 [INF] HTTP GET /Crm/NewCustomer responded 200 in 2.1588 ms
2026-07-02 15:45:33.778 +03:00 [INF] HTTP GET /lib/bootstrap/dist/css/bootstrap.min.css responded 304 in 2.4963 ms
2026-07-02 15:45:33.792 +03:00 [INF] HTTP GET /css/site.css responded 304 in 0.9780 ms
2026-07-02 15:45:33.792 +03:00 [INF] HTTP GET /Biktal.WebMVC.styles.css responded 304 in 0.5083 ms
2026-07-02 15:45:33.793 +03:00 [INF] HTTP GET /lib/jquery/dist/jquery.min.js responded 304 in 0.3721 ms
2026-07-02 15:45:33.794 +03:00 [INF] HTTP GET /js/site.js responded 304 in 0.3916 ms
2026-07-02 15:45:33.795 +03:00 [INF] HTTP GET /lib/bootstrap/dist/js/bootstrap.bundle.min.js responded 304 in 2.4075 ms
2026-07-02 15:45:33.802 +03:00 [INF] HTTP GET /lib/jquery-validation/dist/jquery.validate.min.js responded 200 in 5.5862 ms
2026-07-02 15:45:33.803 +03:00 [INF] HTTP GET /lib/jquery-validation-unobtrusive/dist/jquery.validate.unobtrusive.min.js responded 200 in 1.4331 ms
2026-07-02 15:45:34.459 +03:00 [INF] HTTP GET /Crm/Customers responded 200 in 4.1243 ms
2026-07-02 15:45:34.537 +03:00 [INF] HTTP GET /css/site.css responded 304 in 0.5547 ms
2026-07-02 15:45:34.538 +03:00 [INF] HTTP GET /lib/bootstrap/dist/css/bootstrap.min.css responded 304 in 0.3809 ms
2026-07-02 15:45:34.539 +03:00 [INF] HTTP GET /Biktal.WebMVC.styles.css responded 304 in 0.4306 ms
2026-07-02 15:45:34.545 +03:00 [INF] HTTP GET /lib/jquery/dist/jquery.min.js responded 304 in 0.5617 ms
2026-07-02 15:45:34.546 +03:00 [INF] HTTP GET /lib/bootstrap/dist/js/bootstrap.bundle.min.js responded 304 in 0.8200 ms
2026-07-02 15:45:34.554 +03:00 [INF] HTTP GET /js/site.js responded 304 in 0.3360 ms
2026-07-02 15:45:35.558 +03:00 [INF] HTTP GET /Crm/Campaigns responded 200 in 70.0589 ms
2026-07-02 15:45:35.623 +03:00 [INF] HTTP GET /lib/bootstrap/dist/css/bootstrap.min.css responded 304 in 0.5865 ms
2026-07-02 15:45:35.624 +03:00 [INF] HTTP GET /css/site.css responded 304 in 0.9468 ms
2026-07-02 15:45:35.625 +03:00 [INF] HTTP GET /Biktal.WebMVC.styles.css responded 304 in 0.5344 ms
2026-07-02 15:45:35.631 +03:00 [INF] HTTP GET /lib/jquery/dist/jquery.min.js responded 304 in 1.1877 ms
2026-07-02 15:45:35.632 +03:00 [INF] HTTP GET /js/site.js responded 304 in 0.5182 ms
2026-07-02 15:45:35.637 +03:00 [INF] HTTP GET /lib/bootstrap/dist/js/bootstrap.bundle.min.js responded 304 in 3.3681 ms
2026-07-02 15:45:35.639 +03:00 [INF] HTTP GET /lib/jquery-validation/dist/jquery.validate.min.js responded 304 in 0.4720 ms
2026-07-02 15:45:35.640 +03:00 [INF] HTTP GET /lib/jquery-validation-unobtrusive/dist/jquery.validate.unobtrusive.min.js responded 304 in 0.5090 ms
2026-07-02 15:45:36.541 +03:00 [INF] HTTP GET /Installments responded 200 in 6.2629 ms
2026-07-02 15:45:36.598 +03:00 [INF] HTTP GET /lib/bootstrap/dist/css/bootstrap.min.css responded 304 in 1.8186 ms
2026-07-02 15:45:36.613 +03:00 [INF] HTTP GET /css/site.css responded 304 in 0.4589 ms
2026-07-02 15:45:36.613 +03:00 [INF] HTTP GET /lib/jquery/dist/jquery.min.js responded 304 in 0.3712 ms
2026-07-02 15:45:36.617 +03:00 [INF] HTTP GET /Biktal.WebMVC.styles.css responded 304 in 1.4474 ms
2026-07-02 15:45:36.618 +03:00 [INF] HTTP GET /js/site.js responded 304 in 1.2994 ms
2026-07-02 15:45:36.621 +03:00 [INF] HTTP GET /lib/bootstrap/dist/js/bootstrap.bundle.min.js responded 304 in 1.1922 ms
2026-07-02 15:45:38.896 +03:00 [INF] HTTP GET /Installments/Detail/02fbf426-af7b-4fe4-8149-bd9143491c02 responded 200 in 9.7874 ms
2026-07-02 15:45:38.959 +03:00 [INF] HTTP GET /lib/bootstrap/dist/css/bootstrap.min.css responded 304 in 1.6522 ms
2026-07-02 15:45:38.972 +03:00 [INF] HTTP GET /Biktal.WebMVC.styles.css responded 304 in 0.4528 ms
2026-07-02 15:45:38.973 +03:00 [INF] HTTP GET /css/site.css responded 304 in 1.3881 ms
2026-07-02 15:45:38.978 +03:00 [INF] HTTP GET /lib/jquery/dist/jquery.min.js responded 304 in 0.5349 ms
2026-07-02 15:45:38.979 +03:00 [INF] HTTP GET /js/site.js responded 304 in 0.3641 ms
2026-07-02 15:45:38.981 +03:00 [INF] HTTP GET /lib/bootstrap/dist/js/bootstrap.bundle.min.js responded 304 in 1.5983 ms
2026-07-02 15:45:38.985 +03:00 [INF] HTTP GET /lib/jquery-validation/dist/jquery.validate.min.js responded 304 in 3.2910 ms
2026-07-02 15:45:38.989 +03:00 [INF] HTTP GET /lib/jquery-validation-unobtrusive/dist/jquery.validate.unobtrusive.min.js responded 304 in 1.5961 ms
2026-07-02 15:45:55.477 +03:00 [ERR] HTTP POST /Installments/RecordPayment responded 500 in 185.3567 ms
Microsoft.EntityFrameworkCore.DbUpdateConcurrencyException: The database operation was expected to affect 1 row(s), but actually affected 0 row(s); data may have been modified or deleted since entities were loaded. See https://go.microsoft.com/fwlink/?LinkId=527962 for information on understanding and handling optimistic concurrency exceptions.
   at Npgsql.EntityFrameworkCore.PostgreSQL.Update.Internal.NpgsqlModificationCommandBatch.ThrowAggregateUpdateConcurrencyExceptionAsync(RelationalDataReader reader, Int32 commandIndex, Int32 expectedRowsAffected, Int32 rowsAffected, CancellationToken cancellationToken)
   at Npgsql.EntityFrameworkCore.PostgreSQL.Update.Internal.NpgsqlModificationCommandBatch.Consume(RelationalDataReader reader, Boolean async, CancellationToken cancellationToken)
   at Microsoft.EntityFrameworkCore.Update.ReaderModificationCommandBatch.ExecuteAsync(IRelationalConnection connection, CancellationToken cancellationToken)
   at Microsoft.EntityFrameworkCore.Update.ReaderModificationCommandBatch.ExecuteAsync(IRelationalConnection connection, CancellationToken cancellationToken)
   at Microsoft.EntityFrameworkCore.Update.Internal.BatchExecutor.ExecuteAsync(IEnumerable`1 commandBatches, IRelationalConnection connection, CancellationToken cancellationToken)
   at Microsoft.EntityFrameworkCore.Update.Internal.BatchExecutor.ExecuteAsync(IEnumerable`1 commandBatches, IRelationalConnection connection, CancellationToken cancellationToken)
   at Microsoft.EntityFrameworkCore.Update.Internal.BatchExecutor.ExecuteAsync(IEnumerable`1 commandBatches, IRelationalConnection connection, CancellationToken cancellationToken)
   at Microsoft.EntityFrameworkCore.Storage.RelationalDatabase.SaveChangesAsync(IList`1 entries, CancellationToken cancellationToken)
   at Microsoft.EntityFrameworkCore.ChangeTracking.Internal.StateManager.SaveChangesAsync(IList`1 entriesToSave, CancellationToken cancellationToken)
   at Microsoft.EntityFrameworkCore.ChangeTracking.Internal.StateManager.SaveChangesAsync(StateManager stateManager, Boolean acceptAllChangesOnSuccess, CancellationToken cancellationToken)
   at Npgsql.EntityFrameworkCore.PostgreSQL.Storage.Internal.NpgsqlExecutionStrategy.ExecuteAsync[TState,TResult](TState state, Func`4 operation, Func`4 verifySucceeded, CancellationToken cancellationToken)
   at Microsoft.EntityFrameworkCore.DbContext.SaveChangesAsync(Boolean acceptAllChangesOnSuccess, CancellationToken cancellationToken)
   at Biktal.Infrastructure.Finance.InstallmentPlanService.RecordPaymentAsync(RecordInstallmentPaymentCommand command, CancellationToken cancellationToken)
   at Biktal.Infrastructure.Finance.InstallmentPlanService.RecordPaymentAsync(RecordInstallmentPaymentCommand command, CancellationToken cancellationToken)
   at Biktal.Infrastructure.Finance.InstallmentPlanService.RecordPaymentAsync(RecordInstallmentPaymentCommand command, CancellationToken cancellationToken)
   at Biktal.WebMVC.Controllers.InstallmentsController.RecordPayment(RecordInstallmentPaymentFormModel model, CancellationToken cancellationToken) in d:\Systems\BiktalSystems\Controllers\InstallmentsController.cs:line 202
   at Microsoft.AspNetCore.Mvc.Infrastructure.ActionMethodExecutor.TaskOfIActionResultExecutor.Execute(ActionContext actionContext, IActionResultTypeMapper mapper, ObjectMethodExecutor executor, Object controller, Object[] arguments)
   at Microsoft.AspNetCore.Mvc.Infrastructure.ControllerActionInvoker.<InvokeActionMethodAsync>g__Awaited|12_0(ControllerActionInvoker invoker, ValueTask`1 actionResultValueTask)
   at Microsoft.AspNetCore.Mvc.Infrastructure.ControllerActionInvoker.<InvokeNextActionFilterAsync>g__Awaited|10_0(ControllerActionInvoker invoker, Task lastTask, State next, Scope scope, Object state, Boolean isCompleted)
   at Microsoft.AspNetCore.Mvc.Infrastructure.ControllerActionInvoker.Rethrow(ActionExecutedContextSealed context)
   at Microsoft.AspNetCore.Mvc.Infrastructure.ControllerActionInvoker.Next(State& next, Scope& scope, Object& state, Boolean& isCompleted)
   at Microsoft.AspNetCore.Mvc.Infrastructure.ControllerActionInvoker.<InvokeInnerFilterAsync>g__Awaited|13_0(ControllerActionInvoker invoker, Task lastTask, State next, Scope scope, Object state, Boolean isCompleted)
   at Microsoft.AspNetCore.Mvc.Infrastructure.ResourceInvoker.<InvokeNextResourceFilter>g__Awaited|25_0(ResourceInvoker invoker, Task lastTask, State next, Scope scope, Object state, Boolean isCompleted)
   at Microsoft.AspNetCore.Mvc.Infrastructure.ResourceInvoker.Rethrow(ResourceExecutedContextSealed context)
   at Microsoft.AspNetCore.Mvc.Infrastructure.ResourceInvoker.Next(State& next, Scope& scope, Object& state, Boolean& isCompleted)
   at Microsoft.AspNetCore.Mvc.Infrastructure.ResourceInvoker.<InvokeFilterPipelineAsync>g__Awaited|20_0(ResourceInvoker invoker, Task lastTask, State next, Scope scope, Object state, Boolean isCompleted)
   at Microsoft.AspNetCore.Mvc.Infrastructure.ResourceInvoker.<InvokeAsync>g__Awaited|17_0(ResourceInvoker invoker, Task task, IDisposable scope)
   at Microsoft.AspNetCore.Mvc.Infrastructure.ResourceInvoker.<InvokeAsync>g__Awaited|17_0(ResourceInvoker invoker, Task task, IDisposable scope)
   at Microsoft.AspNetCore.Authorization.AuthorizationMiddleware.Invoke(HttpContext context)
   at Microsoft.AspNetCore.Authentication.AuthenticationMiddleware.Invoke(HttpContext context)
   at Serilog.AspNetCore.RequestLoggingMiddleware.Invoke(HttpContext httpContext)
2026-07-02 15:45:55.485 +03:00 [ERR] An unhandled exception has occurred while executing the request.
Microsoft.EntityFrameworkCore.DbUpdateConcurrencyException: The database operation was expected to affect 1 row(s), but actually affected 0 row(s); data may have been modified or deleted since entities were loaded. See https://go.microsoft.com/fwlink/?LinkId=527962 for information on understanding and handling optimistic concurrency exceptions.
   at Npgsql.EntityFrameworkCore.PostgreSQL.Update.Internal.NpgsqlModificationCommandBatch.ThrowAggregateUpdateConcurrencyExceptionAsync(RelationalDataReader reader, Int32 commandIndex, Int32 expectedRowsAffected, Int32 rowsAffected, CancellationToken cancellationToken)
   at Npgsql.EntityFrameworkCore.PostgreSQL.Update.Internal.NpgsqlModificationCommandBatch.Consume(RelationalDataReader reader, Boolean async, CancellationToken cancellationToken)
   at Microsoft.EntityFrameworkCore.Update.ReaderModificationCommandBatch.ExecuteAsync(IRelationalConnection connection, CancellationToken cancellationToken)
   at Microsoft.EntityFrameworkCore.Update.ReaderModificationCommandBatch.ExecuteAsync(IRelationalConnection connection, CancellationToken cancellationToken)
   at Microsoft.EntityFrameworkCore.Update.Internal.BatchExecutor.ExecuteAsync(IEnumerable`1 commandBatches, IRelationalConnection connection, CancellationToken cancellationToken)
   at Microsoft.EntityFrameworkCore.Update.Internal.BatchExecutor.ExecuteAsync(IEnumerable`1 commandBatches, IRelationalConnection connection, CancellationToken cancellationToken)
   at Microsoft.EntityFrameworkCore.Update.Internal.BatchExecutor.ExecuteAsync(IEnumerable`1 commandBatches, IRelationalConnection connection, CancellationToken cancellationToken)
   at Microsoft.EntityFrameworkCore.Storage.RelationalDatabase.SaveChangesAsync(IList`1 entries, CancellationToken cancellationToken)
   at Microsoft.EntityFrameworkCore.ChangeTracking.Internal.StateManager.SaveChangesAsync(IList`1 entriesToSave, CancellationToken cancellationToken)
   at Microsoft.EntityFrameworkCore.ChangeTracking.Internal.StateManager.SaveChangesAsync(StateManager stateManager, Boolean acceptAllChangesOnSuccess, CancellationToken cancellationToken)
   at Npgsql.EntityFrameworkCore.PostgreSQL.Storage.Internal.NpgsqlExecutionStrategy.ExecuteAsync[TState,TResult](TState state, Func`4 operation, Func`4 verifySucceeded, CancellationToken cancellationToken)
   at Microsoft.EntityFrameworkCore.DbContext.SaveChangesAsync(Boolean acceptAllChangesOnSuccess, CancellationToken cancellationToken)
   at Biktal.Infrastructure.Finance.InstallmentPlanService.RecordPaymentAsync(RecordInstallmentPaymentCommand command, CancellationToken cancellationToken)
   at Biktal.Infrastructure.Finance.InstallmentPlanService.RecordPaymentAsync(RecordInstallmentPaymentCommand command, CancellationToken cancellationToken)
   at Biktal.Infrastructure.Finance.InstallmentPlanService.RecordPaymentAsync(RecordInstallmentPaymentCommand command, CancellationToken cancellationToken)
   at Biktal.WebMVC.Controllers.InstallmentsController.RecordPayment(RecordInstallmentPaymentFormModel model, CancellationToken cancellationToken) in d:\Systems\BiktalSystems\Controllers\InstallmentsController.cs:line 202
   at Microsoft.AspNetCore.Mvc.Infrastructure.ActionMethodExecutor.TaskOfIActionResultExecutor.Execute(ActionContext actionContext, IActionResultTypeMapper mapper, ObjectMethodExecutor executor, Object controller, Object[] arguments)
   at Microsoft.AspNetCore.Mvc.Infrastructure.ControllerActionInvoker.<InvokeActionMethodAsync>g__Awaited|12_0(ControllerActionInvoker invoker, ValueTask`1 actionResultValueTask)
   at Microsoft.AspNetCore.Mvc.Infrastructure.ControllerActionInvoker.<InvokeNextActionFilterAsync>g__Awaited|10_0(ControllerActionInvoker invoker, Task lastTask, State next, Scope scope, Object state, Boolean isCompleted)
   at Microsoft.AspNetCore.Mvc.Infrastructure.ControllerActionInvoker.Rethrow(ActionExecutedContextSealed context)
   at Microsoft.AspNetCore.Mvc.Infrastructure.ControllerActionInvoker.Next(State& next, Scope& scope, Object& state, Boolean& isCompleted)
   at Microsoft.AspNetCore.Mvc.Infrastructure.ControllerActionInvoker.<InvokeInnerFilterAsync>g__Awaited|13_0(ControllerActionInvoker invoker, Task lastTask, State next, Scope scope, Object state, Boolean isCompleted)
   at Microsoft.AspNetCore.Mvc.Infrastructure.ResourceInvoker.<InvokeNextResourceFilter>g__Awaited|25_0(ResourceInvoker invoker, Task lastTask, State next, Scope scope, Object state, Boolean isCompleted)
   at Microsoft.AspNetCore.Mvc.Infrastructure.ResourceInvoker.Rethrow(ResourceExecutedContextSealed context)
   at Microsoft.AspNetCore.Mvc.Infrastructure.ResourceInvoker.Next(State& next, Scope& scope, Object& state, Boolean& isCompleted)
   at Microsoft.AspNetCore.Mvc.Infrastructure.ResourceInvoker.<InvokeFilterPipelineAsync>g__Awaited|20_0(ResourceInvoker invoker, Task lastTask, State next, Scope scope, Object state, Boolean isCompleted)
   at Microsoft.AspNetCore.Mvc.Infrastructure.ResourceInvoker.<InvokeAsync>g__Awaited|17_0(ResourceInvoker invoker, Task task, IDisposable scope)
   at Microsoft.AspNetCore.Mvc.Infrastructure.ResourceInvoker.<InvokeAsync>g__Awaited|17_0(ResourceInvoker invoker, Task task, IDisposable scope)
   at Microsoft.AspNetCore.Authorization.AuthorizationMiddleware.Invoke(HttpContext context)
   at Microsoft.AspNetCore.Authentication.AuthenticationMiddleware.Invoke(HttpContext context)
   at Serilog.AspNetCore.RequestLoggingMiddleware.Invoke(HttpContext httpContext)
   at Microsoft.AspNetCore.Diagnostics.ExceptionHandlerMiddlewareImpl.<Invoke>g__Awaited|10_0(ExceptionHandlerMiddlewareImpl middleware, HttpContext context, Task task)
2026-07-02 15:45:55.530 +03:00 [ERR] HTTP POST /Home/Error responded 500 in 10.7996 ms
2026-07-02 15:45:55.602 +03:00 [INF] HTTP GET /lib/bootstrap/dist/css/bootstrap.min.css responded 200 in 7.1634 ms
2026-07-02 15:45:55.613 +03:00 [INF] HTTP GET /css/site.css responded 304 in 0.3805 ms
2026-07-02 15:45:55.615 +03:00 [INF] HTTP GET /lib/jquery/dist/jquery.min.js responded 304 in 1.5623 ms
2026-07-02 15:45:55.619 +03:00 [INF] HTTP GET /Biktal.WebMVC.styles.css responded 304 in 0.7493 ms
2026-07-02 15:45:55.620 +03:00 [INF] HTTP GET /js/site.js responded 304 in 0.8420 ms
2026-07-02 15:45:55.622 +03:00 [INF] HTTP GET /lib/bootstrap/dist/js/bootstrap.bundle.min.js responded 304 in 1.6838 ms
2026-07-02 15:46:07.322 +03:00 [ERR] HTTP POST /Installments/RecordPayment responded 500 in 27.7610 ms
Microsoft.EntityFrameworkCore.DbUpdateConcurrencyException: The database operation was expected to affect 1 row(s), but actually affected 0 row(s); data may have been modified or deleted since entities were loaded. See https://go.microsoft.com/fwlink/?LinkId=527962 for information on understanding and handling optimistic concurrency exceptions.
   at Npgsql.EntityFrameworkCore.PostgreSQL.Update.Internal.NpgsqlModificationCommandBatch.ThrowAggregateUpdateConcurrencyExceptionAsync(RelationalDataReader reader, Int32 commandIndex, Int32 expectedRowsAffected, Int32 rowsAffected, CancellationToken cancellationToken)
   at Npgsql.EntityFrameworkCore.PostgreSQL.Update.Internal.NpgsqlModificationCommandBatch.Consume(RelationalDataReader reader, Boolean async, CancellationToken cancellationToken)
   at Microsoft.EntityFrameworkCore.Update.ReaderModificationCommandBatch.ExecuteAsync(IRelationalConnection connection, CancellationToken cancellationToken)
   at Microsoft.EntityFrameworkCore.Update.ReaderModificationCommandBatch.ExecuteAsync(IRelationalConnection connection, CancellationToken cancellationToken)
   at Microsoft.EntityFrameworkCore.Update.Internal.BatchExecutor.ExecuteAsync(IEnumerable`1 commandBatches, IRelationalConnection connection, CancellationToken cancellationToken)
   at Microsoft.EntityFrameworkCore.Update.Internal.BatchExecutor.ExecuteAsync(IEnumerable`1 commandBatches, IRelationalConnection connection, CancellationToken cancellationToken)
   at Microsoft.EntityFrameworkCore.Update.Internal.BatchExecutor.ExecuteAsync(IEnumerable`1 commandBatches, IRelationalConnection connection, CancellationToken cancellationToken)
   at Microsoft.EntityFrameworkCore.Storage.RelationalDatabase.SaveChangesAsync(IList`1 entries, CancellationToken cancellationToken)
   at Microsoft.EntityFrameworkCore.ChangeTracking.Internal.StateManager.SaveChangesAsync(IList`1 entriesToSave, CancellationToken cancellationToken)
   at Microsoft.EntityFrameworkCore.ChangeTracking.Internal.StateManager.SaveChangesAsync(StateManager stateManager, Boolean acceptAllChangesOnSuccess, CancellationToken cancellationToken)
   at Npgsql.EntityFrameworkCore.PostgreSQL.Storage.Internal.NpgsqlExecutionStrategy.ExecuteAsync[TState,TResult](TState state, Func`4 operation, Func`4 verifySucceeded, CancellationToken cancellationToken)
   at Microsoft.EntityFrameworkCore.DbContext.SaveChangesAsync(Boolean acceptAllChangesOnSuccess, CancellationToken cancellationToken)
   at Biktal.Infrastructure.Finance.InstallmentPlanService.RecordPaymentAsync(RecordInstallmentPaymentCommand command, CancellationToken cancellationToken)
   at Biktal.Infrastructure.Finance.InstallmentPlanService.RecordPaymentAsync(RecordInstallmentPaymentCommand command, CancellationToken cancellationToken)
   at Biktal.Infrastructure.Finance.InstallmentPlanService.RecordPaymentAsync(RecordInstallmentPaymentCommand command, CancellationToken cancellationToken)
   at Biktal.WebMVC.Controllers.InstallmentsController.RecordPayment(RecordInstallmentPaymentFormModel model, CancellationToken cancellationToken) in d:\Systems\BiktalSystems\Controllers\InstallmentsController.cs:line 202
   at Microsoft.AspNetCore.Mvc.Infrastructure.ActionMethodExecutor.TaskOfIActionResultExecutor.Execute(ActionContext actionContext, IActionResultTypeMapper mapper, ObjectMethodExecutor executor, Object controller, Object[] arguments)
   at Microsoft.AspNetCore.Mvc.Infrastructure.ControllerActionInvoker.<InvokeActionMethodAsync>g__Awaited|12_0(ControllerActionInvoker invoker, ValueTask`1 actionResultValueTask)
   at Microsoft.AspNetCore.Mvc.Infrastructure.ControllerActionInvoker.<InvokeNextActionFilterAsync>g__Awaited|10_0(ControllerActionInvoker invoker, Task lastTask, State next, Scope scope, Object state, Boolean isCompleted)
   at Microsoft.AspNetCore.Mvc.Infrastructure.ControllerActionInvoker.Rethrow(ActionExecutedContextSealed context)
   at Microsoft.AspNetCore.Mvc.Infrastructure.ControllerActionInvoker.Next(State& next, Scope& scope, Object& state, Boolean& isCompleted)
   at Microsoft.AspNetCore.Mvc.Infrastructure.ControllerActionInvoker.<InvokeInnerFilterAsync>g__Awaited|13_0(ControllerActionInvoker invoker, Task lastTask, State next, Scope scope, Object state, Boolean isCompleted)
   at Microsoft.AspNetCore.Mvc.Infrastructure.ResourceInvoker.<InvokeNextResourceFilter>g__Awaited|25_0(ResourceInvoker invoker, Task lastTask, State next, Scope scope, Object state, Boolean isCompleted)
   at Microsoft.AspNetCore.Mvc.Infrastructure.ResourceInvoker.Rethrow(ResourceExecutedContextSealed context)
   at Microsoft.AspNetCore.Mvc.Infrastructure.ResourceInvoker.Next(State& next, Scope& scope, Object& state, Boolean& isCompleted)
   at Microsoft.AspNetCore.Mvc.Infrastructure.ResourceInvoker.<InvokeFilterPipelineAsync>g__Awaited|20_0(ResourceInvoker invoker, Task lastTask, State next, Scope scope, Object state, Boolean isCompleted)
   at Microsoft.AspNetCore.Mvc.Infrastructure.ResourceInvoker.<InvokeAsync>g__Awaited|17_0(ResourceInvoker invoker, Task task, IDisposable scope)
   at Microsoft.AspNetCore.Mvc.Infrastructure.ResourceInvoker.<InvokeAsync>g__Awaited|17_0(ResourceInvoker invoker, Task task, IDisposable scope)
   at Microsoft.AspNetCore.Authorization.AuthorizationMiddleware.Invoke(HttpContext context)
   at Microsoft.AspNetCore.Authentication.AuthenticationMiddleware.Invoke(HttpContext context)
   at Serilog.AspNetCore.RequestLoggingMiddleware.Invoke(HttpContext httpContext)
2026-07-02 15:46:07.331 +03:00 [ERR] An unhandled exception has occurred while executing the request.
Microsoft.EntityFrameworkCore.DbUpdateConcurrencyException: The database operation was expected to affect 1 row(s), but actually affected 0 row(s); data may have been modified or deleted since entities were loaded. See https://go.microsoft.com/fwlink/?LinkId=527962 for information on understanding and handling optimistic concurrency exceptions.
   at Npgsql.EntityFrameworkCore.PostgreSQL.Update.Internal.NpgsqlModificationCommandBatch.ThrowAggregateUpdateConcurrencyExceptionAsync(RelationalDataReader reader, Int32 commandIndex, Int32 expectedRowsAffected, Int32 rowsAffected, CancellationToken cancellationToken)
   at Npgsql.EntityFrameworkCore.PostgreSQL.Update.Internal.NpgsqlModificationCommandBatch.Consume(RelationalDataReader reader, Boolean async, CancellationToken cancellationToken)
   at Microsoft.EntityFrameworkCore.Update.ReaderModificationCommandBatch.ExecuteAsync(IRelationalConnection connection, CancellationToken cancellationToken)
   at Microsoft.EntityFrameworkCore.Update.ReaderModificationCommandBatch.ExecuteAsync(IRelationalConnection connection, CancellationToken cancellationToken)
   at Microsoft.EntityFrameworkCore.Update.Internal.BatchExecutor.ExecuteAsync(IEnumerable`1 commandBatches, IRelationalConnection connection, CancellationToken cancellationToken)
   at Microsoft.EntityFrameworkCore.Update.Internal.BatchExecutor.ExecuteAsync(IEnumerable`1 commandBatches, IRelationalConnection connection, CancellationToken cancellationToken)
   at Microsoft.EntityFrameworkCore.Update.Internal.BatchExecutor.ExecuteAsync(IEnumerable`1 commandBatches, IRelationalConnection connection, CancellationToken cancellationToken)
   at Microsoft.EntityFrameworkCore.Storage.RelationalDatabase.SaveChangesAsync(IList`1 entries, CancellationToken cancellationToken)
   at Microsoft.EntityFrameworkCore.ChangeTracking.Internal.StateManager.SaveChangesAsync(IList`1 entriesToSave, CancellationToken cancellationToken)
   at Microsoft.EntityFrameworkCore.ChangeTracking.Internal.StateManager.SaveChangesAsync(StateManager stateManager, Boolean acceptAllChangesOnSuccess, CancellationToken cancellationToken)
   at Npgsql.EntityFrameworkCore.PostgreSQL.Storage.Internal.NpgsqlExecutionStrategy.ExecuteAsync[TState,TResult](TState state, Func`4 operation, Func`4 verifySucceeded, CancellationToken cancellationToken)
   at Microsoft.EntityFrameworkCore.DbContext.SaveChangesAsync(Boolean acceptAllChangesOnSuccess, CancellationToken cancellationToken)
   at Biktal.Infrastructure.Finance.InstallmentPlanService.RecordPaymentAsync(RecordInstallmentPaymentCommand command, CancellationToken cancellationToken)
   at Biktal.Infrastructure.Finance.InstallmentPlanService.RecordPaymentAsync(RecordInstallmentPaymentCommand command, CancellationToken cancellationToken)
   at Biktal.Infrastructure.Finance.InstallmentPlanService.RecordPaymentAsync(RecordInstallmentPaymentCommand command, CancellationToken cancellationToken)
   at Biktal.WebMVC.Controllers.InstallmentsController.RecordPayment(RecordInstallmentPaymentFormModel model, CancellationToken cancellationToken) in d:\Systems\BiktalSystems\Controllers\InstallmentsController.cs:line 202
   at Microsoft.AspNetCore.Mvc.Infrastructure.ActionMethodExecutor.TaskOfIActionResultExecutor.Execute(ActionContext actionContext, IActionResultTypeMapper mapper, ObjectMethodExecutor executor, Object controller, Object[] arguments)
   at Microsoft.AspNetCore.Mvc.Infrastructure.ControllerActionInvoker.<InvokeActionMethodAsync>g__Awaited|12_0(ControllerActionInvoker invoker, ValueTask`1 actionResultValueTask)
   at Microsoft.AspNetCore.Mvc.Infrastructure.ControllerActionInvoker.<InvokeNextActionFilterAsync>g__Awaited|10_0(ControllerActionInvoker invoker, Task lastTask, State next, Scope scope, Object state, Boolean isCompleted)
   at Microsoft.AspNetCore.Mvc.Infrastructure.ControllerActionInvoker.Rethrow(ActionExecutedContextSealed context)
   at Microsoft.AspNetCore.Mvc.Infrastructure.ControllerActionInvoker.Next(State& next, Scope& scope, Object& state, Boolean& isCompleted)
   at Microsoft.AspNetCore.Mvc.Infrastructure.ControllerActionInvoker.<InvokeInnerFilterAsync>g__Awaited|13_0(ControllerActionInvoker invoker, Task lastTask, State next, Scope scope, Object state, Boolean isCompleted)
   at Microsoft.AspNetCore.Mvc.Infrastructure.ResourceInvoker.<InvokeNextResourceFilter>g__Awaited|25_0(ResourceInvoker invoker, Task lastTask, State next, Scope scope, Object state, Boolean isCompleted)
   at Microsoft.AspNetCore.Mvc.Infrastructure.ResourceInvoker.Rethrow(ResourceExecutedContextSealed context)
   at Microsoft.AspNetCore.Mvc.Infrastructure.ResourceInvoker.Next(State& next, Scope& scope, Object& state, Boolean& isCompleted)
   at Microsoft.AspNetCore.Mvc.Infrastructure.ResourceInvoker.<InvokeFilterPipelineAsync>g__Awaited|20_0(ResourceInvoker invoker, Task lastTask, State next, Scope scope, Object state, Boolean isCompleted)
   at Microsoft.AspNetCore.Mvc.Infrastructure.ResourceInvoker.<InvokeAsync>g__Awaited|17_0(ResourceInvoker invoker, Task task, IDisposable scope)
   at Microsoft.AspNetCore.Mvc.Infrastructure.ResourceInvoker.<InvokeAsync>g__Awaited|17_0(ResourceInvoker invoker, Task task, IDisposable scope)
   at Microsoft.AspNetCore.Authorization.AuthorizationMiddleware.Invoke(HttpContext context)
   at Microsoft.AspNetCore.Authentication.AuthenticationMiddleware.Invoke(HttpContext context)
   at Serilog.AspNetCore.RequestLoggingMiddleware.Invoke(HttpContext httpContext)
   at Microsoft.AspNetCore.Diagnostics.ExceptionHandlerMiddlewareImpl.<Invoke>g__Awaited|10_0(ExceptionHandlerMiddlewareImpl middleware, HttpContext context, Task task)
2026-07-02 15:46:07.350 +03:00 [ERR] HTTP POST /Home/Error responded 500 in 2.3130 ms
2026-07-02 15:46:07.428 +03:00 [INF] HTTP GET /lib/bootstrap/dist/css/bootstrap.min.css responded 200 in 2.1102 ms
2026-07-02 15:46:07.434 +03:00 [INF] HTTP GET /css/site.css responded 304 in 0.7199 ms
2026-07-02 15:46:07.439 +03:00 [INF] HTTP GET /Biktal.WebMVC.styles.css responded 304 in 0.9934 ms
2026-07-02 15:46:07.439 +03:00 [INF] HTTP GET /lib/jquery/dist/jquery.min.js responded 304 in 0.3007 ms
2026-07-02 15:46:07.439 +03:00 [INF] HTTP GET /lib/bootstrap/dist/js/bootstrap.bundle.min.js responded 304 in 0.3930 ms
2026-07-02 15:46:07.440 +03:00 [INF] HTTP GET /js/site.js responded 304 in 0.4408 ms
2026-07-02 16:07:04.935 +03:00 [INF] Application is shutting down...
2026-07-02 16:08:14.436 +03:00 [ERR] Failed executing DbCommand (8ms) [Parameters=[@p0='?' (DbType = Guid), @p1='?' (DbType = DateTime), @p2='?' (DbType = Guid), @p3='?', @p4='?' (DbType = DateTime), @p5='?' (DbType = Int32), @p6='?' (DbType = Int32), @p7='?', @p8='?', @p9='?' (DbType = Guid), @p10='?' (DbType = DateTime), @p11='?' (DbType = Guid), @p12='?', @p13='?' (DbType = DateTime), @p14='?' (DbType = Int32), @p15='?' (DbType = Int32), @p16='?', @p17='?'], CommandType='"Text"', CommandTimeout='30']
INSERT INTO "CrmSupportTickets" ("Id", "CreatedAtUtc", "CustomerId", "Description", "ModifiedAtUtc", "Priority", "Status", "Subject", "TicketNumber")
VALUES (@p0, @p1, @p2, @p3, @p4, @p5, @p6, @p7, @p8);
INSERT INTO "CrmSupportTickets" ("Id", "CreatedAtUtc", "CustomerId", "Description", "ModifiedAtUtc", "Priority", "Status", "Subject", "TicketNumber")
VALUES (@p9, @p10, @p11, @p12, @p13, @p14, @p15, @p16, @p17);
2026-07-02 16:08:14.515 +03:00 [ERR] An exception occurred in the database while saving changes for context type 'Biktal.Infrastructure.Persistence.ApplicationDbContext'.
Microsoft.EntityFrameworkCore.DbUpdateException: An error occurred while saving the entity changes. See the inner exception for details.
 ---> Npgsql.PostgresException (0x80004005): 23503: insert or update on table "CrmSupportTickets" violates foreign key constraint "FK_CrmSupportTickets_CrmCustomers_CustomerId"

DETAIL: Detail redacted as it may contain sensitive data. Specify 'Include Error Detail' in the connection string to include this information.
   at Npgsql.Internal.NpgsqlConnector.ReadMessageLong(Boolean async, DataRowLoadingMode dataRowLoadingMode, Boolean readingNotifications, Boolean isReadingPrependedMessage)
   at System.Runtime.CompilerServices.PoolingAsyncValueTaskMethodBuilder`1.StateMachineBox`1.System.Threading.Tasks.Sources.IValueTaskSource<TResult>.GetResult(Int16 token)
   at Npgsql.NpgsqlDataReader.NextResult(Boolean async, Boolean isConsuming, CancellationToken cancellationToken)
   at Npgsql.NpgsqlDataReader.NextResult(Boolean async, Boolean isConsuming, CancellationToken cancellationToken)
   at Npgsql.NpgsqlCommand.ExecuteReader(Boolean async, CommandBehavior behavior, CancellationToken cancellationToken)
   at Npgsql.NpgsqlCommand.ExecuteReader(Boolean async, CommandBehavior behavior, CancellationToken cancellationToken)
   at Npgsql.NpgsqlCommand.ExecuteDbDataReaderAsync(CommandBehavior behavior, CancellationToken cancellationToken)
   at Microsoft.EntityFrameworkCore.Storage.RelationalCommand.ExecuteReaderAsync(RelationalCommandParameterObject parameterObject, CancellationToken cancellationToken)
   at Microsoft.EntityFrameworkCore.Storage.RelationalCommand.ExecuteReaderAsync(RelationalCommandParameterObject parameterObject, CancellationToken cancellationToken)
   at Microsoft.EntityFrameworkCore.Update.ReaderModificationCommandBatch.ExecuteAsync(IRelationalConnection connection, CancellationToken cancellationToken)
  Exception data:
    Severity: ERROR
    SqlState: 23503
    MessageText: insert or update on table "CrmSupportTickets" violates foreign key constraint "FK_CrmSupportTickets_CrmCustomers_CustomerId"
    Detail: Detail redacted as it may contain sensitive data. Specify 'Include Error Detail' in the connection string to include this information.
    SchemaName: public
    TableName: CrmSupportTickets
    ConstraintName: FK_CrmSupportTickets_CrmCustomers_CustomerId
    File: ri_triggers.c
    Line: 2783
    Routine: ri_ReportViolation
   --- End of inner exception stack trace ---
   at Microsoft.EntityFrameworkCore.Update.ReaderModificationCommandBatch.ExecuteAsync(IRelationalConnection connection, CancellationToken cancellationToken)
   at Microsoft.EntityFrameworkCore.Update.Internal.BatchExecutor.ExecuteAsync(IEnumerable`1 commandBatches, IRelationalConnection connection, CancellationToken cancellationToken)
   at Microsoft.EntityFrameworkCore.Update.Internal.BatchExecutor.ExecuteAsync(IEnumerable`1 commandBatches, IRelationalConnection connection, CancellationToken cancellationToken)
   at Microsoft.EntityFrameworkCore.Update.Internal.BatchExecutor.ExecuteAsync(IEnumerable`1 commandBatches, IRelationalConnection connection, CancellationToken cancellationToken)
   at Microsoft.EntityFrameworkCore.Storage.RelationalDatabase.SaveChangesAsync(IList`1 entries, CancellationToken cancellationToken)
   at Microsoft.EntityFrameworkCore.ChangeTracking.Internal.StateManager.SaveChangesAsync(IList`1 entriesToSave, CancellationToken cancellationToken)
   at Microsoft.EntityFrameworkCore.ChangeTracking.Internal.StateManager.SaveChangesAsync(StateManager stateManager, Boolean acceptAllChangesOnSuccess, CancellationToken cancellationToken)
   at Npgsql.EntityFrameworkCore.PostgreSQL.Storage.Internal.NpgsqlExecutionStrategy.ExecuteAsync[TState,TResult](TState state, Func`4 operation, Func`4 verifySucceeded, CancellationToken cancellationToken)
   at Microsoft.EntityFrameworkCore.DbContext.SaveChangesAsync(Boolean acceptAllChangesOnSuccess, CancellationToken cancellationToken)
Microsoft.EntityFrameworkCore.DbUpdateException: An error occurred while saving the entity changes. See the inner exception for details.
 ---> Npgsql.PostgresException (0x80004005): 23503: insert or update on table "CrmSupportTickets" violates foreign key constraint "FK_CrmSupportTickets_CrmCustomers_CustomerId"

DETAIL: Detail redacted as it may contain sensitive data. Specify 'Include Error Detail' in the connection string to include this information.
   at Npgsql.Internal.NpgsqlConnector.ReadMessageLong(Boolean async, DataRowLoadingMode dataRowLoadingMode, Boolean readingNotifications, Boolean isReadingPrependedMessage)
   at System.Runtime.CompilerServices.PoolingAsyncValueTaskMethodBuilder`1.StateMachineBox`1.System.Threading.Tasks.Sources.IValueTaskSource<TResult>.GetResult(Int16 token)
   at Npgsql.NpgsqlDataReader.NextResult(Boolean async, Boolean isConsuming, CancellationToken cancellationToken)
   at Npgsql.NpgsqlDataReader.NextResult(Boolean async, Boolean isConsuming, CancellationToken cancellationToken)
   at Npgsql.NpgsqlCommand.ExecuteReader(Boolean async, CommandBehavior behavior, CancellationToken cancellationToken)
   at Npgsql.NpgsqlCommand.ExecuteReader(Boolean async, CommandBehavior behavior, CancellationToken cancellationToken)
   at Npgsql.NpgsqlCommand.ExecuteDbDataReaderAsync(CommandBehavior behavior, CancellationToken cancellationToken)
   at Microsoft.EntityFrameworkCore.Storage.RelationalCommand.ExecuteReaderAsync(RelationalCommandParameterObject parameterObject, CancellationToken cancellationToken)
   at Microsoft.EntityFrameworkCore.Storage.RelationalCommand.ExecuteReaderAsync(RelationalCommandParameterObject parameterObject, CancellationToken cancellationToken)
   at Microsoft.EntityFrameworkCore.Update.ReaderModificationCommandBatch.ExecuteAsync(IRelationalConnection connection, CancellationToken cancellationToken)
  Exception data:
    Severity: ERROR
    SqlState: 23503
    MessageText: insert or update on table "CrmSupportTickets" violates foreign key constraint "FK_CrmSupportTickets_CrmCustomers_CustomerId"
    Detail: Detail redacted as it may contain sensitive data. Specify 'Include Error Detail' in the connection string to include this information.
    SchemaName: public
    TableName: CrmSupportTickets
    ConstraintName: FK_CrmSupportTickets_CrmCustomers_CustomerId
    File: ri_triggers.c
    Line: 2783
    Routine: ri_ReportViolation
   --- End of inner exception stack trace ---
   at Microsoft.EntityFrameworkCore.Update.ReaderModificationCommandBatch.ExecuteAsync(IRelationalConnection connection, CancellationToken cancellationToken)
   at Microsoft.EntityFrameworkCore.Update.Internal.BatchExecutor.ExecuteAsync(IEnumerable`1 commandBatches, IRelationalConnection connection, CancellationToken cancellationToken)
   at Microsoft.EntityFrameworkCore.Update.Internal.BatchExecutor.ExecuteAsync(IEnumerable`1 commandBatches, IRelationalConnection connection, CancellationToken cancellationToken)
   at Microsoft.EntityFrameworkCore.Update.Internal.BatchExecutor.ExecuteAsync(IEnumerable`1 commandBatches, IRelationalConnection connection, CancellationToken cancellationToken)
   at Microsoft.EntityFrameworkCore.Storage.RelationalDatabase.SaveChangesAsync(IList`1 entries, CancellationToken cancellationToken)
   at Microsoft.EntityFrameworkCore.ChangeTracking.Internal.StateManager.SaveChangesAsync(IList`1 entriesToSave, CancellationToken cancellationToken)
   at Microsoft.EntityFrameworkCore.ChangeTracking.Internal.StateManager.SaveChangesAsync(StateManager stateManager, Boolean acceptAllChangesOnSuccess, CancellationToken cancellationToken)
   at Npgsql.EntityFrameworkCore.PostgreSQL.Storage.Internal.NpgsqlExecutionStrategy.ExecuteAsync[TState,TResult](TState state, Func`4 operation, Func`4 verifySucceeded, CancellationToken cancellationToken)
   at Microsoft.EntityFrameworkCore.DbContext.SaveChangesAsync(Boolean acceptAllChangesOnSuccess, CancellationToken cancellationToken)
2026-07-02 16:08:14.523 +03:00 [ERR] Database migration or seed failed. Check PostgreSQL is running and ConnectionStrings:DefaultConnection is correct.
Microsoft.EntityFrameworkCore.DbUpdateException: An error occurred while saving the entity changes. See the inner exception for details.
 ---> Npgsql.PostgresException (0x80004005): 23503: insert or update on table "CrmSupportTickets" violates foreign key constraint "FK_CrmSupportTickets_CrmCustomers_CustomerId"

DETAIL: Detail redacted as it may contain sensitive data. Specify 'Include Error Detail' in the connection string to include this information.
   at Npgsql.Internal.NpgsqlConnector.ReadMessageLong(Boolean async, DataRowLoadingMode dataRowLoadingMode, Boolean readingNotifications, Boolean isReadingPrependedMessage)
   at System.Runtime.CompilerServices.PoolingAsyncValueTaskMethodBuilder`1.StateMachineBox`1.System.Threading.Tasks.Sources.IValueTaskSource<TResult>.GetResult(Int16 token)
   at Npgsql.NpgsqlDataReader.NextResult(Boolean async, Boolean isConsuming, CancellationToken cancellationToken)
   at Npgsql.NpgsqlDataReader.NextResult(Boolean async, Boolean isConsuming, CancellationToken cancellationToken)
   at Npgsql.NpgsqlCommand.ExecuteReader(Boolean async, CommandBehavior behavior, CancellationToken cancellationToken)
   at Npgsql.NpgsqlCommand.ExecuteReader(Boolean async, CommandBehavior behavior, CancellationToken cancellationToken)
   at Npgsql.NpgsqlCommand.ExecuteDbDataReaderAsync(CommandBehavior behavior, CancellationToken cancellationToken)
   at Microsoft.EntityFrameworkCore.Storage.RelationalCommand.ExecuteReaderAsync(RelationalCommandParameterObject parameterObject, CancellationToken cancellationToken)
   at Microsoft.EntityFrameworkCore.Storage.RelationalCommand.ExecuteReaderAsync(RelationalCommandParameterObject parameterObject, CancellationToken cancellationToken)
   at Microsoft.EntityFrameworkCore.Update.ReaderModificationCommandBatch.ExecuteAsync(IRelationalConnection connection, CancellationToken cancellationToken)
  Exception data:
    Severity: ERROR
    SqlState: 23503
    MessageText: insert or update on table "CrmSupportTickets" violates foreign key constraint "FK_CrmSupportTickets_CrmCustomers_CustomerId"
    Detail: Detail redacted as it may contain sensitive data. Specify 'Include Error Detail' in the connection string to include this information.
    SchemaName: public
    TableName: CrmSupportTickets
    ConstraintName: FK_CrmSupportTickets_CrmCustomers_CustomerId
    File: ri_triggers.c
    Line: 2783
    Routine: ri_ReportViolation
   --- End of inner exception stack trace ---
   at Microsoft.EntityFrameworkCore.Update.ReaderModificationCommandBatch.ExecuteAsync(IRelationalConnection connection, CancellationToken cancellationToken)
   at Microsoft.EntityFrameworkCore.Update.Internal.BatchExecutor.ExecuteAsync(IEnumerable`1 commandBatches, IRelationalConnection connection, CancellationToken cancellationToken)
   at Microsoft.EntityFrameworkCore.Update.Internal.BatchExecutor.ExecuteAsync(IEnumerable`1 commandBatches, IRelationalConnection connection, CancellationToken cancellationToken)
   at Microsoft.EntityFrameworkCore.Update.Internal.BatchExecutor.ExecuteAsync(IEnumerable`1 commandBatches, IRelationalConnection connection, CancellationToken cancellationToken)
   at Microsoft.EntityFrameworkCore.Storage.RelationalDatabase.SaveChangesAsync(IList`1 entries, CancellationToken cancellationToken)
   at Microsoft.EntityFrameworkCore.ChangeTracking.Internal.StateManager.SaveChangesAsync(IList`1 entriesToSave, CancellationToken cancellationToken)
   at Microsoft.EntityFrameworkCore.ChangeTracking.Internal.StateManager.SaveChangesAsync(StateManager stateManager, Boolean acceptAllChangesOnSuccess, CancellationToken cancellationToken)
   at Npgsql.EntityFrameworkCore.PostgreSQL.Storage.Internal.NpgsqlExecutionStrategy.ExecuteAsync[TState,TResult](TState state, Func`4 operation, Func`4 verifySucceeded, CancellationToken cancellationToken)
   at Microsoft.EntityFrameworkCore.DbContext.SaveChangesAsync(Boolean acceptAllChangesOnSuccess, CancellationToken cancellationToken)
   at Microsoft.EntityFrameworkCore.DbContext.SaveChangesAsync(Boolean acceptAllChangesOnSuccess, CancellationToken cancellationToken)
   at Biktal.Infrastructure.Persistence.CrmDataSeeder.SeedIfEmptyAsync(ApplicationDbContext db, CancellationToken cancellationToken)
   at Program.<Main>$(String[] args) in d:\Systems\BiktalSystems\Program.cs:line 71
2026-07-02 16:08:14.528 +03:00 [WRN] Continuing without a successful migration/seed. Auth and data pages may fail until the database is available.
2026-07-02 16:08:14.554 +03:00 [WRN] Using an in-memory repository. Keys will not be persisted to storage.
2026-07-02 16:08:14.555 +03:00 [WRN] Neither user profile nor HKLM registry available. Using an ephemeral key repository. Protected data will be unavailable when application exits.
2026-07-02 16:08:14.575 +03:00 [WRN] No XML encryptor configured. Key {1a8e6468-089a-48d9-80c6-1eb72a9ec582} may be persisted to storage in unencrypted form.
2026-07-02 16:08:14.654 +03:00 [INF] Application started. Press Ctrl+C to shut down.
2026-07-02 16:08:14.654 +03:00 [INF] Hosting environment: Production
2026-07-02 16:08:14.654 +03:00 [INF] Content root path: D:\Systems\BiktalSystems\publish
2026-07-02 16:08:14.879 +03:00 [INF] HTTP GET /Inventory responded 302 in 184.9192 ms
2026-07-02 16:08:15.055 +03:00 [ERR] An exception was thrown while deserializing the token.
Microsoft.AspNetCore.Antiforgery.AntiforgeryValidationException: The antiforgery token could not be decrypted.
 ---> System.Security.Cryptography.CryptographicException: The key {126c30eb-a492-4be9-82a4-cf3f6e401ed3} was not found in the key ring. For more information go to https://aka.ms/aspnet/dataprotectionwarning
   at Microsoft.AspNetCore.DataProtection.KeyManagement.KeyRingBasedDataProtector.UnprotectCore(Byte[] protectedData, Boolean allowOperationsOnRevokedKeys, UnprotectStatus& status)
   at Microsoft.AspNetCore.DataProtection.KeyManagement.KeyRingBasedDataProtector.Unprotect(Byte[] protectedData)
   at Microsoft.AspNetCore.Antiforgery.DefaultAntiforgeryTokenSerializer.Deserialize(String serializedToken)
   --- End of inner exception stack trace ---
   at Microsoft.AspNetCore.Antiforgery.DefaultAntiforgeryTokenSerializer.Deserialize(String serializedToken)
   at Microsoft.AspNetCore.Antiforgery.DefaultAntiforgery.GetCookieTokenDoesNotThrow(HttpContext httpContext)
2026-07-02 16:08:15.277 +03:00 [INF] HTTP GET /Account/Login responded 200 in 370.0042 ms
2026-07-02 16:08:15.424 +03:00 [INF] HTTP GET /js/site.js responded 200 in 82.6351 ms
2026-07-02 16:08:15.424 +03:00 [INF] HTTP GET /css/site.css responded 200 in 97.1243 ms
2026-07-02 16:08:15.426 +03:00 [INF] HTTP GET /lib/jquery-validation-unobtrusive/dist/jquery.validate.unobtrusive.min.js responded 200 in 55.8164 ms
2026-07-02 16:08:15.426 +03:00 [INF] HTTP GET /lib/bootstrap/dist/js/bootstrap.bundle.min.js responded 200 in 89.5024 ms
2026-07-02 16:08:15.427 +03:00 [INF] HTTP GET /lib/bootstrap/dist/css/bootstrap.min.css responded 200 in 93.8776 ms
2026-07-02 16:08:15.427 +03:00 [INF] HTTP GET /Biktal.WebMVC.styles.css responded 200 in 97.7475 ms
2026-07-02 16:08:15.426 +03:00 [INF] HTTP GET /lib/jquery-validation/dist/jquery.validate.min.js responded 200 in 84.4162 ms
2026-07-02 16:08:15.427 +03:00 [INF] HTTP GET /lib/jquery/dist/jquery.min.js responded 200 in 90.3487 ms
2026-07-02 16:08:24.087 +03:00 [INF] HTTP POST /Account/Login responded 302 in 582.0062 ms
2026-07-02 16:08:24.276 +03:00 [INF] HTTP GET /Inventory responded 200 in 182.3436 ms
2026-07-02 16:08:24.355 +03:00 [INF] HTTP GET /Biktal.WebMVC.styles.css responded 200 in 4.7305 ms
2026-07-02 16:08:24.355 +03:00 [INF] HTTP GET /lib/bootstrap/dist/css/bootstrap.min.css responded 200 in 20.0522 ms
2026-07-02 16:08:24.400 +03:00 [INF] HTTP GET /lib/jquery/dist/jquery.min.js responded 304 in 31.2952 ms
2026-07-02 16:08:24.407 +03:00 [INF] HTTP GET /css/site.css responded 200 in 51.2205 ms
2026-07-02 16:08:24.407 +03:00 [INF] HTTP GET /js/site.js responded 304 in 21.3082 ms
2026-07-02 16:08:24.519 +03:00 [INF] HTTP GET /lib/bootstrap/dist/js/bootstrap.bundle.min.js responded 304 in 163.3733 ms
2026-07-02 16:08:26.990 +03:00 [INF] HTTP GET /css/site.css responded 200 in 3.3739 ms
2026-07-02 16:08:26.990 +03:00 [INF] HTTP GET /lib/bootstrap/dist/css/bootstrap.min.css responded 200 in 8.0090 ms
2026-07-02 16:08:26.992 +03:00 [INF] HTTP GET /Biktal.WebMVC.styles.css responded 200 in 1.5679 ms
2026-07-02 16:08:26.996 +03:00 [INF] HTTP GET /Inventory/Products responded 200 in 622.1230 ms
2026-07-02 16:08:27.778 +03:00 [INF] HTTP GET /lib/jquery/dist/jquery.min.js responded 304 in 0.6552 ms
2026-07-02 16:08:27.808 +03:00 [INF] HTTP GET /lib/bootstrap/dist/js/bootstrap.bundle.min.js responded 304 in 1.2767 ms
2026-07-02 16:08:27.808 +03:00 [INF] HTTP GET /js/site.js responded 304 in 1.8954 ms
2026-07-02 16:08:27.816 +03:00 [INF] HTTP GET /js/products-catalog-filter.js responded 200 in 1.3471 ms
2026-07-02 16:08:27.828 +03:00 [INF] HTTP GET /lib/jquery-validation-unobtrusive/dist/jquery.validate.unobtrusive.min.js responded 304 in 19.6678 ms
2026-07-02 16:08:27.832 +03:00 [INF] HTTP GET /lib/jquery-validation/dist/jquery.validate.min.js responded 304 in 24.0332 ms
2026-07-02 16:10:24.647 +03:00 [INF] HTTP GET /Inventory/Products responded 200 in 173.4257 ms
2026-07-02 16:10:24.720 +03:00 [INF] HTTP GET /css/site.css responded 200 in 8.2268 ms
2026-07-02 16:10:24.723 +03:00 [INF] HTTP GET /Biktal.WebMVC.styles.css responded 200 in 2.6003 ms
2026-07-02 16:10:24.729 +03:00 [INF] HTTP GET /lib/bootstrap/dist/css/bootstrap.min.css responded 200 in 2.5319 ms
2026-07-02 16:10:26.024 +03:00 [INF] HTTP GET /lib/jquery/dist/jquery.min.js responded 200 in 1.1536 ms
2026-07-02 16:10:26.049 +03:00 [INF] HTTP GET /js/site.js responded 200 in 1.1548 ms
2026-07-02 16:10:26.050 +03:00 [INF] HTTP GET /lib/bootstrap/dist/js/bootstrap.bundle.min.js responded 200 in 1.4089 ms
2026-07-02 16:10:26.050 +03:00 [INF] HTTP GET /lib/jquery-validation-unobtrusive/dist/jquery.validate.unobtrusive.min.js responded 200 in 1.2287 ms
2026-07-02 16:10:26.052 +03:00 [INF] HTTP GET /js/products-catalog-filter.js responded 200 in 1.6034 ms
2026-07-02 16:10:26.052 +03:00 [INF] HTTP GET /lib/jquery-validation/dist/jquery.validate.min.js responded 200 in 3.3679 ms
2026-07-02 16:10:29.978 +03:00 [INF] HTTP POST /Inventory/EditProduct responded 302 in 167.5547 ms
2026-07-02 16:10:30.055 +03:00 [INF] HTTP GET /Inventory/Products responded 200 in 70.7663 ms
2026-07-02 16:10:30.127 +03:00 [INF] HTTP GET /Biktal.WebMVC.styles.css responded 304 in 1.7459 ms
2026-07-02 16:10:30.127 +03:00 [INF] HTTP GET /css/site.css responded 304 in 2.5477 ms
2026-07-02 16:10:30.128 +03:00 [INF] HTTP GET /lib/bootstrap/dist/css/bootstrap.min.css responded 304 in 0.8572 ms
2026-07-02 16:10:30.994 +03:00 [INF] HTTP GET /lib/jquery/dist/jquery.min.js responded 304 in 0.4941 ms
2026-07-02 16:10:31.008 +03:00 [INF] HTTP GET /lib/bootstrap/dist/js/bootstrap.bundle.min.js responded 304 in 0.8118 ms
2026-07-02 16:10:31.012 +03:00 [INF] HTTP GET /js/site.js responded 304 in 2.3366 ms
2026-07-02 16:10:31.015 +03:00 [INF] HTTP GET /lib/jquery-validation/dist/jquery.validate.min.js responded 304 in 1.4288 ms
2026-07-02 16:10:31.015 +03:00 [INF] HTTP GET /lib/jquery-validation-unobtrusive/dist/jquery.validate.unobtrusive.min.js responded 304 in 0.6285 ms
2026-07-02 16:10:31.020 +03:00 [INF] HTTP GET /js/products-catalog-filter.js responded 304 in 0.7222 ms
2026-07-02 16:11:05.692 +03:00 [INF] HTTP GET /Inventory/Products responded 200 in 69.3403 ms
2026-07-02 16:11:05.750 +03:00 [INF] HTTP GET /Biktal.WebMVC.styles.css responded 304 in 0.9086 ms
2026-07-02 16:11:05.751 +03:00 [INF] HTTP GET /css/site.css responded 304 in 0.6403 ms
2026-07-02 16:11:05.763 +03:00 [INF] HTTP GET /lib/bootstrap/dist/css/bootstrap.min.css responded 200 in 14.0300 ms
2026-07-02 16:11:06.666 +03:00 [INF] HTTP GET /lib/jquery/dist/jquery.min.js responded 304 in 0.4440 ms
2026-07-02 16:11:06.693 +03:00 [INF] HTTP GET /js/site.js responded 304 in 2.5635 ms
2026-07-02 16:11:06.693 +03:00 [INF] HTTP GET /lib/bootstrap/dist/js/bootstrap.bundle.min.js responded 304 in 0.6653 ms
2026-07-02 16:11:06.694 +03:00 [INF] HTTP GET /lib/jquery-validation/dist/jquery.validate.min.js responded 304 in 0.4475 ms
2026-07-02 16:11:06.694 +03:00 [INF] HTTP GET /js/products-catalog-filter.js responded 304 in 0.4082 ms
2026-07-02 16:11:06.694 +03:00 [INF] HTTP GET /lib/jquery-validation-unobtrusive/dist/jquery.validate.unobtrusive.min.js responded 304 in 0.4641 ms
2026-07-02 16:11:09.631 +03:00 [INF] HTTP POST /Inventory/EditProduct responded 302 in 14.5013 ms
2026-07-02 16:11:09.700 +03:00 [INF] HTTP GET /Inventory/Products responded 200 in 60.9234 ms
2026-07-02 16:11:09.802 +03:00 [INF] HTTP GET /lib/bootstrap/dist/css/bootstrap.min.css responded 304 in 2.2459 ms
2026-07-02 16:11:09.808 +03:00 [INF] HTTP GET /css/site.css responded 304 in 1.3187 ms
2026-07-02 16:11:09.808 +03:00 [INF] HTTP GET /Biktal.WebMVC.styles.css responded 304 in 1.6572 ms
2026-07-02 16:11:10.554 +03:00 [INF] HTTP GET /lib/jquery/dist/jquery.min.js responded 304 in 0.7743 ms
2026-07-02 16:11:10.569 +03:00 [INF] HTTP GET /js/site.js responded 304 in 0.3934 ms
2026-07-02 16:11:10.569 +03:00 [INF] HTTP GET /lib/bootstrap/dist/js/bootstrap.bundle.min.js responded 304 in 0.5675 ms
2026-07-02 16:11:10.569 +03:00 [INF] HTTP GET /lib/jquery-validation-unobtrusive/dist/jquery.validate.unobtrusive.min.js responded 304 in 0.4444 ms
2026-07-02 16:11:10.569 +03:00 [INF] HTTP GET /js/products-catalog-filter.js responded 304 in 0.4641 ms
2026-07-02 16:11:10.572 +03:00 [INF] HTTP GET /lib/jquery-validation/dist/jquery.validate.min.js responded 304 in 3.3014 ms
2026-07-02 16:13:52.323 +03:00 [INF] HTTP GET /Inventory/Products responded 200 in 138.6966 ms
2026-07-02 16:13:52.390 +03:00 [INF] HTTP GET /lib/bootstrap/dist/css/bootstrap.min.css responded 200 in 1.1515 ms
2026-07-02 16:13:52.420 +03:00 [INF] HTTP GET /Biktal.WebMVC.styles.css responded 200 in 7.1899 ms
2026-07-02 16:13:52.429 +03:00 [INF] HTTP GET /css/site.css responded 200 in 1.5939 ms
2026-07-02 16:13:53.606 +03:00 [INF] HTTP GET /lib/jquery/dist/jquery.min.js responded 200 in 1.1898 ms
2026-07-02 16:13:53.634 +03:00 [INF] HTTP GET /js/site.js responded 200 in 1.0109 ms
2026-07-02 16:13:53.634 +03:00 [INF] HTTP GET /lib/bootstrap/dist/js/bootstrap.bundle.min.js responded 200 in 1.1034 ms
2026-07-02 16:13:53.635 +03:00 [INF] HTTP GET /lib/jquery-validation/dist/jquery.validate.min.js responded 200 in 0.9120 ms
2026-07-02 16:13:53.636 +03:00 [INF] HTTP GET /js/products-catalog-filter.js responded 200 in 1.5799 ms
2026-07-02 16:13:53.637 +03:00 [INF] HTTP GET /lib/jquery-validation-unobtrusive/dist/jquery.validate.unobtrusive.min.js responded 200 in 1.6926 ms
2026-07-02 16:13:57.173 +03:00 [INF] HTTP POST /Inventory/EditProduct responded 302 in 15.8019 ms
2026-07-02 16:13:57.249 +03:00 [INF] HTTP GET /Inventory/Products responded 200 in 66.6779 ms
2026-07-02 16:13:57.336 +03:00 [INF] HTTP GET /css/site.css responded 304 in 0.4666 ms
2026-07-02 16:13:57.336 +03:00 [INF] HTTP GET /lib/bootstrap/dist/css/bootstrap.min.css responded 304 in 0.6222 ms
2026-07-02 16:13:57.337 +03:00 [INF] HTTP GET /Biktal.WebMVC.styles.css responded 304 in 0.5553 ms
2026-07-02 16:13:58.128 +03:00 [INF] HTTP GET /lib/jquery/dist/jquery.min.js responded 304 in 0.3353 ms
2026-07-02 16:13:58.145 +03:00 [INF] HTTP GET /lib/bootstrap/dist/js/bootstrap.bundle.min.js responded 304 in 0.5340 ms
2026-07-02 16:13:58.146 +03:00 [INF] HTTP GET /js/site.js responded 304 in 0.7568 ms
2026-07-02 16:13:58.149 +03:00 [INF] HTTP GET /lib/jquery-validation-unobtrusive/dist/jquery.validate.unobtrusive.min.js responded 304 in 2.8563 ms
2026-07-02 16:13:58.150 +03:00 [INF] HTTP GET /lib/jquery-validation/dist/jquery.validate.min.js responded 304 in 0.4043 ms
2026-07-02 16:13:58.150 +03:00 [INF] HTTP GET /js/products-catalog-filter.js responded 304 in 0.3779 ms
2026-07-02 16:14:46.640 +03:00 [INF] HTTP GET /Inventory/Products responded 200 in 85.4261 ms
2026-07-02 16:14:46.693 +03:00 [INF] HTTP GET /lib/bootstrap/dist/css/bootstrap.min.css responded 200 in 4.6680 ms
2026-07-02 16:14:46.709 +03:00 [INF] HTTP GET /css/site.css responded 304 in 0.5374 ms
2026-07-02 16:14:46.710 +03:00 [INF] HTTP GET /Biktal.WebMVC.styles.css responded 304 in 0.4991 ms
2026-07-02 16:14:47.468 +03:00 [INF] HTTP GET /lib/jquery/dist/jquery.min.js responded 304 in 0.2840 ms
2026-07-02 16:14:47.495 +03:00 [INF] HTTP GET /lib/bootstrap/dist/js/bootstrap.bundle.min.js responded 304 in 1.4852 ms
2026-07-02 16:14:47.495 +03:00 [INF] HTTP GET /js/site.js responded 304 in 1.6379 ms
2026-07-02 16:14:47.496 +03:00 [INF] HTTP GET /lib/jquery-validation-unobtrusive/dist/jquery.validate.unobtrusive.min.js responded 304 in 0.5107 ms
2026-07-02 16:14:47.498 +03:00 [INF] HTTP GET /js/products-catalog-filter.js responded 304 in 1.1680 ms
2026-07-02 16:14:47.501 +03:00 [INF] HTTP GET /lib/jquery-validation/dist/jquery.validate.min.js responded 304 in 0.8780 ms
2026-07-02 16:14:55.351 +03:00 [INF] HTTP POST /Inventory/EditProduct responded 302 in 15.3379 ms
2026-07-02 16:14:55.433 +03:00 [INF] HTTP GET /Inventory/Products responded 200 in 71.2712 ms
2026-07-02 16:14:55.526 +03:00 [INF] HTTP GET /css/site.css responded 304 in 1.2142 ms
2026-07-02 16:14:55.528 +03:00 [INF] HTTP GET /lib/bootstrap/dist/css/bootstrap.min.css responded 304 in 1.3554 ms
2026-07-02 16:14:55.531 +03:00 [INF] HTTP GET /Biktal.WebMVC.styles.css responded 304 in 1.4833 ms
2026-07-02 16:14:56.338 +03:00 [INF] HTTP GET /lib/jquery/dist/jquery.min.js responded 304 in 0.5613 ms
2026-07-02 16:14:56.353 +03:00 [INF] HTTP GET /js/site.js responded 304 in 0.2807 ms
2026-07-02 16:14:56.353 +03:00 [INF] HTTP GET /lib/bootstrap/dist/js/bootstrap.bundle.min.js responded 304 in 0.3505 ms
2026-07-02 16:14:56.353 +03:00 [INF] HTTP GET /lib/jquery-validation/dist/jquery.validate.min.js responded 304 in 0.2087 ms
2026-07-02 16:14:56.353 +03:00 [INF] HTTP GET /lib/jquery-validation-unobtrusive/dist/jquery.validate.unobtrusive.min.js responded 304 in 0.2891 ms
2026-07-02 16:14:56.353 +03:00 [INF] HTTP GET /js/products-catalog-filter.js responded 304 in 0.2759 ms
2026-07-02 16:16:44.246 +03:00 [INF] HTTP GET /Inventory/Products responded 200 in 79.3992 ms
2026-07-02 16:16:44.331 +03:00 [INF] HTTP GET /lib/bootstrap/dist/css/bootstrap.min.css responded 200 in 1.6353 ms
2026-07-02 16:16:44.335 +03:00 [INF] HTTP GET /css/site.css responded 200 in 3.2233 ms
2026-07-02 16:16:44.340 +03:00 [INF] HTTP GET /Biktal.WebMVC.styles.css responded 200 in 4.6092 ms
2026-07-02 16:16:45.462 +03:00 [INF] HTTP GET /lib/jquery/dist/jquery.min.js responded 200 in 1.6861 ms
2026-07-02 16:16:45.485 +03:00 [INF] HTTP GET /js/site.js responded 200 in 0.9806 ms
2026-07-02 16:16:45.486 +03:00 [INF] HTTP GET /js/products-catalog-filter.js responded 200 in 0.7293 ms
2026-07-02 16:16:45.487 +03:00 [INF] HTTP GET /lib/bootstrap/dist/js/bootstrap.bundle.min.js responded 200 in 0.9500 ms
2026-07-02 16:16:45.491 +03:00 [INF] HTTP GET /lib/jquery-validation-unobtrusive/dist/jquery.validate.unobtrusive.min.js responded 200 in 4.7798 ms
2026-07-02 16:16:45.496 +03:00 [INF] HTTP GET /lib/jquery-validation/dist/jquery.validate.min.js responded 200 in 2.8860 ms
2026-07-02 16:16:57.280 +03:00 [INF] HTTP POST /Inventory/EditProduct responded 302 in 14.3225 ms
2026-07-02 16:16:57.353 +03:00 [INF] HTTP GET /Inventory/Products responded 200 in 64.5316 ms
2026-07-02 16:16:57.451 +03:00 [INF] HTTP GET /lib/bootstrap/dist/css/bootstrap.min.css responded 304 in 1.3803 ms
2026-07-02 16:16:57.452 +03:00 [INF] HTTP GET /Biktal.WebMVC.styles.css responded 304 in 0.2960 ms
2026-07-02 16:16:57.452 +03:00 [INF] HTTP GET /css/site.css responded 304 in 0.7842 ms
2026-07-02 16:16:58.427 +03:00 [INF] HTTP GET /lib/jquery/dist/jquery.min.js responded 304 in 0.2779 ms
2026-07-02 16:16:58.448 +03:00 [INF] HTTP GET /lib/bootstrap/dist/js/bootstrap.bundle.min.js responded 304 in 0.6710 ms
2026-07-02 16:16:58.448 +03:00 [INF] HTTP GET /js/site.js responded 304 in 0.8469 ms
2026-07-02 16:16:58.454 +03:00 [INF] HTTP GET /lib/jquery-validation/dist/jquery.validate.min.js responded 304 in 0.6373 ms
2026-07-02 16:16:58.457 +03:00 [INF] HTTP GET /lib/jquery-validation-unobtrusive/dist/jquery.validate.unobtrusive.min.js responded 304 in 0.5792 ms
2026-07-02 16:16:58.458 +03:00 [INF] HTTP GET /js/products-catalog-filter.js responded 304 in 0.4623 ms
2026-07-02 16:17:51.715 +03:00 [INF] HTTP GET /Inventory/Products responded 200 in 60.0553 ms
2026-07-02 16:17:51.774 +03:00 [INF] HTTP GET /css/site.css responded 304 in 0.5273 ms
2026-07-02 16:17:51.781 +03:00 [INF] HTTP GET /Biktal.WebMVC.styles.css responded 304 in 0.6286 ms
2026-07-02 16:17:51.785 +03:00 [INF] HTTP GET /lib/bootstrap/dist/css/bootstrap.min.css responded 200 in 3.5142 ms
2026-07-02 16:17:52.563 +03:00 [INF] HTTP GET /lib/jquery/dist/jquery.min.js responded 304 in 0.3788 ms
2026-07-02 16:17:52.587 +03:00 [INF] HTTP GET /js/site.js responded 304 in 0.4138 ms
2026-07-02 16:17:52.587 +03:00 [INF] HTTP GET /lib/bootstrap/dist/js/bootstrap.bundle.min.js responded 304 in 0.5432 ms
2026-07-02 16:17:52.587 +03:00 [INF] HTTP GET /lib/jquery-validation/dist/jquery.validate.min.js responded 304 in 0.3558 ms
2026-07-02 16:17:52.587 +03:00 [INF] HTTP GET /lib/jquery-validation-unobtrusive/dist/jquery.validate.unobtrusive.min.js responded 304 in 0.2479 ms
2026-07-02 16:17:52.588 +03:00 [INF] HTTP GET /js/products-catalog-filter.js responded 304 in 0.3068 ms
2026-07-02 16:17:55.553 +03:00 [INF] HTTP POST /Inventory/EditProduct responded 302 in 13.1532 ms
2026-07-02 16:17:55.640 +03:00 [INF] HTTP GET /Inventory/Products responded 200 in 73.7636 ms
2026-07-02 16:17:55.757 +03:00 [INF] HTTP GET /Biktal.WebMVC.styles.css responded 304 in 0.6589 ms
2026-07-02 16:17:55.758 +03:00 [INF] HTTP GET /lib/bootstrap/dist/css/bootstrap.min.css responded 304 in 0.5399 ms
2026-07-02 16:17:55.758 +03:00 [INF] HTTP GET /css/site.css responded 304 in 2.8920 ms
2026-07-02 16:17:56.571 +03:00 [INF] HTTP GET /lib/jquery/dist/jquery.min.js responded 304 in 0.2937 ms
2026-07-02 16:17:56.587 +03:00 [INF] HTTP GET /lib/bootstrap/dist/js/bootstrap.bundle.min.js responded 304 in 1.0981 ms
2026-07-02 16:17:56.587 +03:00 [INF] HTTP GET /js/site.js responded 304 in 0.3285 ms
2026-07-02 16:17:56.588 +03:00 [INF] HTTP GET /lib/jquery-validation/dist/jquery.validate.min.js responded 304 in 0.3380 ms
2026-07-02 16:17:56.592 +03:00 [INF] HTTP GET /js/products-catalog-filter.js responded 304 in 0.4293 ms
2026-07-02 16:17:56.592 +03:00 [INF] HTTP GET /lib/jquery-validation-unobtrusive/dist/jquery.validate.unobtrusive.min.js responded 304 in 0.5305 ms
2026-07-02 16:18:03.879 +03:00 [INF] HTTP GET /Inventory/Products responded 200 in 56.5397 ms
2026-07-02 16:18:03.942 +03:00 [INF] HTTP GET /css/site.css responded 304 in 0.4139 ms
2026-07-02 16:18:03.945 +03:00 [INF] HTTP GET /lib/bootstrap/dist/css/bootstrap.min.css responded 304 in 0.5638 ms
2026-07-02 16:18:03.947 +03:00 [INF] HTTP GET /Biktal.WebMVC.styles.css responded 304 in 0.5943 ms
2026-07-02 16:18:04.940 +03:00 [INF] HTTP GET /lib/jquery/dist/jquery.min.js responded 304 in 0.2499 ms
2026-07-02 16:18:04.962 +03:00 [INF] HTTP GET /lib/bootstrap/dist/js/bootstrap.bundle.min.js responded 304 in 1.9225 ms
2026-07-02 16:18:04.963 +03:00 [INF] HTTP GET /js/site.js responded 304 in 0.5216 ms
2026-07-02 16:18:04.965 +03:00 [INF] HTTP GET /lib/jquery-validation/dist/jquery.validate.min.js responded 304 in 0.9253 ms
2026-07-02 16:18:04.967 +03:00 [INF] HTTP GET /lib/jquery-validation-unobtrusive/dist/jquery.validate.unobtrusive.min.js responded 304 in 2.1754 ms
2026-07-02 16:18:04.968 +03:00 [INF] HTTP GET /js/products-catalog-filter.js responded 304 in 0.4767 ms
2026-07-02 16:18:07.998 +03:00 [INF] HTTP POST /Inventory/EditProduct responded 302 in 12.8527 ms
2026-07-02 16:18:08.081 +03:00 [INF] HTTP GET /Inventory/Products responded 200 in 72.4894 ms
2026-07-02 16:18:08.128 +03:00 [INF] HTTP GET /Biktal.WebMVC.styles.css responded 304 in 0.3922 ms
2026-07-02 16:18:08.134 +03:00 [INF] HTTP GET /lib/bootstrap/dist/css/bootstrap.min.css responded 304 in 0.7292 ms
2026-07-02 16:18:08.135 +03:00 [INF] HTTP GET /css/site.css responded 304 in 1.3948 ms
2026-07-02 16:18:08.999 +03:00 [INF] HTTP GET /lib/jquery/dist/jquery.min.js responded 304 in 0.2698 ms
2026-07-02 16:18:09.023 +03:00 [INF] HTTP GET /lib/bootstrap/dist/js/bootstrap.bundle.min.js responded 304 in 0.3102 ms
2026-07-02 16:18:09.023 +03:00 [INF] HTTP GET /js/site.js responded 304 in 0.3101 ms
2026-07-02 16:18:09.023 +03:00 [INF] HTTP GET /lib/jquery-validation/dist/jquery.validate.min.js responded 304 in 0.2526 ms
2026-07-02 16:18:09.024 +03:00 [INF] HTTP GET /js/products-catalog-filter.js responded 304 in 0.4076 ms
2026-07-02 16:18:09.026 +03:00 [INF] HTTP GET /lib/jquery-validation-unobtrusive/dist/jquery.validate.unobtrusive.min.js responded 304 in 0.4709 ms
2026-07-02 16:19:14.048 +03:00 [INF] HTTP GET /Inventory/Products responded 200 in 248.7069 ms
2026-07-02 16:19:14.155 +03:00 [INF] HTTP GET /lib/bootstrap/dist/css/bootstrap.min.css responded 200 in 2.9077 ms
2026-07-02 16:19:14.157 +03:00 [INF] HTTP GET /css/site.css responded 200 in 0.9252 ms
2026-07-02 16:19:14.165 +03:00 [INF] HTTP GET /Biktal.WebMVC.styles.css responded 200 in 4.4174 ms
2026-07-02 16:19:15.085 +03:00 [INF] HTTP GET /lib/jquery/dist/jquery.min.js responded 200 in 0.8381 ms
2026-07-02 16:19:15.103 +03:00 [INF] HTTP GET /js/site.js responded 200 in 0.7475 ms
2026-07-02 16:19:15.109 +03:00 [INF] HTTP GET /lib/bootstrap/dist/js/bootstrap.bundle.min.js responded 200 in 5.9130 ms
2026-07-02 16:19:15.109 +03:00 [INF] HTTP GET /lib/jquery-validation/dist/jquery.validate.min.js responded 200 in 5.7738 ms
2026-07-02 16:19:15.109 +03:00 [INF] HTTP GET /js/products-catalog-filter.js responded 200 in 0.7814 ms
2026-07-02 16:19:15.109 +03:00 [INF] HTTP GET /lib/jquery-validation-unobtrusive/dist/jquery.validate.unobtrusive.min.js responded 200 in 4.2938 ms
2026-07-02 16:19:19.052 +03:00 [INF] HTTP POST /Inventory/EditProduct responded 302 in 16.8012 ms
2026-07-02 16:19:19.111 +03:00 [INF] HTTP GET /Inventory/Products responded 200 in 49.3842 ms
2026-07-02 16:19:19.185 +03:00 [INF] HTTP GET /lib/bootstrap/dist/css/bootstrap.min.css responded 200 in 0.9192 ms
2026-07-02 16:19:19.185 +03:00 [INF] HTTP GET /css/site.css responded 200 in 0.9394 ms
2026-07-02 16:19:19.188 +03:00 [INF] HTTP GET /Biktal.WebMVC.styles.css responded 200 in 2.3194 ms
2026-07-02 16:19:20.127 +03:00 [INF] HTTP GET /lib/jquery/dist/jquery.min.js responded 200 in 0.6951 ms
2026-07-02 16:19:20.145 +03:00 [INF] HTTP GET /lib/bootstrap/dist/js/bootstrap.bundle.min.js responded 200 in 2.1091 ms
2026-07-02 16:19:20.149 +03:00 [INF] HTTP GET /lib/jquery-validation/dist/jquery.validate.min.js responded 200 in 1.3253 ms
2026-07-02 16:19:20.150 +03:00 [INF] HTTP GET /js/site.js responded 200 in 2.1331 ms
2026-07-02 16:19:20.157 +03:00 [INF] HTTP GET /lib/jquery-validation-unobtrusive/dist/jquery.validate.unobtrusive.min.js responded 200 in 1.1271 ms
2026-07-02 16:19:20.157 +03:00 [INF] HTTP GET /js/products-catalog-filter.js responded 200 in 1.3572 ms
2026-07-02 16:19:54.645 +03:00 [INF] HTTP GET /Inventory/Products responded 200 in 101.1564 ms
2026-07-02 16:19:54.756 +03:00 [INF] HTTP GET /css/site.css responded 200 in 19.8149 ms
2026-07-02 16:19:54.756 +03:00 [INF] HTTP GET /lib/bootstrap/dist/css/bootstrap.min.css responded 200 in 30.6619 ms
2026-07-02 16:19:54.756 +03:00 [INF] HTTP GET /Biktal.WebMVC.styles.css responded 200 in 3.1991 ms
2026-07-02 16:19:55.576 +03:00 [INF] HTTP GET /lib/jquery/dist/jquery.min.js responded 200 in 1.3366 ms
2026-07-02 16:19:55.602 +03:00 [INF] HTTP GET /js/site.js responded 200 in 1.0587 ms
2026-07-02 16:19:55.602 +03:00 [INF] HTTP GET /lib/bootstrap/dist/js/bootstrap.bundle.min.js responded 200 in 0.9961 ms
2026-07-02 16:19:55.602 +03:00 [INF] HTTP GET /lib/jquery-validation-unobtrusive/dist/jquery.validate.unobtrusive.min.js responded 200 in 0.6834 ms
2026-07-02 16:19:55.603 +03:00 [INF] HTTP GET /lib/jquery-validation/dist/jquery.validate.min.js responded 200 in 0.5455 ms
2026-07-02 16:19:55.603 +03:00 [INF] HTTP GET /js/products-catalog-filter.js responded 200 in 0.6512 ms
2026-07-02 16:19:58.896 +03:00 [INF] HTTP POST /Inventory/EditProduct responded 302 in 11.8867 ms
2026-07-02 16:19:58.979 +03:00 [INF] HTTP GET /Inventory/Products responded 200 in 74.8040 ms
2026-07-02 16:19:59.079 +03:00 [INF] HTTP GET /css/site.css responded 200 in 1.0794 ms
2026-07-02 16:19:59.080 +03:00 [INF] HTTP GET /Biktal.WebMVC.styles.css responded 200 in 0.8843 ms
2026-07-02 16:19:59.082 +03:00 [INF] HTTP GET /lib/bootstrap/dist/css/bootstrap.min.css responded 200 in 1.2066 ms
2026-07-02 16:19:59.989 +03:00 [INF] HTTP GET /lib/jquery/dist/jquery.min.js responded 200 in 0.7117 ms
2026-07-02 16:20:00.008 +03:00 [INF] HTTP GET /lib/bootstrap/dist/js/bootstrap.bundle.min.js responded 200 in 0.9860 ms
2026-07-02 16:20:00.012 +03:00 [INF] HTTP GET /js/site.js responded 200 in 4.0821 ms
2026-07-02 16:20:00.013 +03:00 [INF] HTTP GET /lib/jquery-validation/dist/jquery.validate.min.js responded 200 in 0.6886 ms
2026-07-02 16:20:00.013 +03:00 [INF] HTTP GET /lib/jquery-validation-unobtrusive/dist/jquery.validate.unobtrusive.min.js responded 200 in 0.7058 ms
2026-07-02 16:20:00.025 +03:00 [INF] HTTP GET /js/products-catalog-filter.js responded 200 in 0.8515 ms
2026-07-02 16:20:26.444 +03:00 [INF] HTTP GET /Inventory/Products responded 200 in 60.4257 ms
2026-07-02 16:20:26.494 +03:00 [INF] HTTP GET /lib/bootstrap/dist/css/bootstrap.min.css responded 304 in 5.6269 ms
2026-07-02 16:20:26.505 +03:00 [INF] HTTP GET /css/site.css responded 304 in 0.4592 ms
2026-07-02 16:20:26.506 +03:00 [INF] HTTP GET /Biktal.WebMVC.styles.css responded 304 in 0.9178 ms
2026-07-02 16:20:27.443 +03:00 [INF] HTTP GET /lib/jquery/dist/jquery.min.js responded 304 in 0.5150 ms
2026-07-02 16:20:27.467 +03:00 [INF] HTTP GET /lib/bootstrap/dist/js/bootstrap.bundle.min.js responded 304 in 0.4723 ms
2026-07-02 16:20:27.468 +03:00 [INF] HTTP GET /js/site.js responded 304 in 0.5454 ms
2026-07-02 16:20:27.469 +03:00 [INF] HTTP GET /lib/jquery-validation-unobtrusive/dist/jquery.validate.unobtrusive.min.js responded 304 in 0.6369 ms
2026-07-02 16:20:27.471 +03:00 [INF] HTTP GET /js/products-catalog-filter.js responded 304 in 1.1139 ms
2026-07-02 16:20:27.473 +03:00 [INF] HTTP GET /lib/jquery-validation/dist/jquery.validate.min.js responded 304 in 1.4303 ms
2026-07-02 16:20:46.258 +03:00 [INF] HTTP POST /Inventory/EditProduct responded 302 in 16.5948 ms
2026-07-02 16:20:46.326 +03:00 [INF] HTTP GET /Inventory/Products responded 200 in 60.2436 ms
2026-07-02 16:20:46.407 +03:00 [INF] HTTP GET /css/site.css responded 304 in 0.3493 ms
2026-07-02 16:20:46.408 +03:00 [INF] HTTP GET /lib/bootstrap/dist/css/bootstrap.min.css responded 200 in 0.9808 ms
2026-07-02 16:20:46.414 +03:00 [INF] HTTP GET /Biktal.WebMVC.styles.css responded 304 in 0.5103 ms
2026-07-02 16:20:47.283 +03:00 [INF] HTTP GET /lib/jquery/dist/jquery.min.js responded 304 in 0.2484 ms
2026-07-02 16:20:47.301 +03:00 [INF] HTTP GET /lib/bootstrap/dist/js/bootstrap.bundle.min.js responded 304 in 0.4106 ms
2026-07-02 16:20:47.305 +03:00 [INF] HTTP GET /lib/jquery-validation/dist/jquery.validate.min.js responded 304 in 0.3493 ms
2026-07-02 16:20:47.305 +03:00 [INF] HTTP GET /js/site.js responded 304 in 0.6017 ms
2026-07-02 16:20:47.305 +03:00 [INF] HTTP GET /lib/jquery-validation-unobtrusive/dist/jquery.validate.unobtrusive.min.js responded 304 in 0.3302 ms
2026-07-02 16:20:47.309 +03:00 [INF] HTTP GET /js/products-catalog-filter.js responded 304 in 0.9133 ms
2026-07-02 16:22:26.513 +03:00 [INF] HTTP POST /Inventory/AddProduct responded 302 in 91.8208 ms
2026-07-02 16:22:26.605 +03:00 [INF] HTTP GET /Inventory/Products responded 200 in 84.2321 ms
2026-07-02 16:22:26.643 +03:00 [INF] HTTP GET /Biktal.WebMVC.styles.css responded 200 in 0.6951 ms
2026-07-02 16:22:26.645 +03:00 [INF] HTTP GET /lib/bootstrap/dist/css/bootstrap.min.css responded 200 in 1.5540 ms
2026-07-02 16:22:26.645 +03:00 [INF] HTTP GET /css/site.css responded 200 in 0.9890 ms
2026-07-02 16:22:27.685 +03:00 [INF] HTTP GET /lib/jquery/dist/jquery.min.js responded 200 in 1.8599 ms
2026-07-02 16:22:27.709 +03:00 [INF] HTTP GET /lib/bootstrap/dist/js/bootstrap.bundle.min.js responded 200 in 2.7588 ms
2026-07-02 16:22:27.710 +03:00 [INF] HTTP GET /js/site.js responded 200 in 1.3656 ms
2026-07-02 16:22:27.710 +03:00 [INF] HTTP GET /js/products-catalog-filter.js responded 200 in 1.0041 ms
2026-07-02 16:22:27.711 +03:00 [INF] HTTP GET /lib/jquery-validation-unobtrusive/dist/jquery.validate.unobtrusive.min.js responded 200 in 1.0062 ms
2026-07-02 16:22:27.718 +03:00 [INF] HTTP GET /lib/jquery-validation/dist/jquery.validate.min.js responded 200 in 6.2191 ms
2026-07-02 16:23:29.254 +03:00 [INF] HTTP GET /Inventory/Products responded 200 in 75.4769 ms
2026-07-02 16:23:29.310 +03:00 [INF] HTTP GET /Biktal.WebMVC.styles.css responded 200 in 1.2778 ms
2026-07-02 16:23:29.322 +03:00 [INF] HTTP GET /css/site.css responded 200 in 1.3498 ms
2026-07-02 16:23:29.332 +03:00 [INF] HTTP GET /lib/bootstrap/dist/css/bootstrap.min.css responded 200 in 0.9257 ms
2026-07-02 16:23:30.170 +03:00 [INF] HTTP GET /lib/jquery/dist/jquery.min.js responded 304 in 0.2928 ms
2026-07-02 16:23:30.195 +03:00 [INF] HTTP GET /js/site.js responded 304 in 1.0618 ms
2026-07-02 16:23:30.196 +03:00 [INF] HTTP GET /lib/bootstrap/dist/js/bootstrap.bundle.min.js responded 304 in 0.4084 ms
2026-07-02 16:23:30.197 +03:00 [INF] HTTP GET /lib/jquery-validation-unobtrusive/dist/jquery.validate.unobtrusive.min.js responded 304 in 0.8547 ms
2026-07-02 16:23:30.197 +03:00 [INF] HTTP GET /lib/jquery-validation/dist/jquery.validate.min.js responded 304 in 0.8702 ms
2026-07-02 16:23:30.198 +03:00 [INF] HTTP GET /js/products-catalog-filter.js responded 304 in 1.0772 ms
2026-07-02 16:23:33.966 +03:00 [INF] HTTP POST /Inventory/EditProduct responded 302 in 10.8479 ms
2026-07-02 16:23:34.103 +03:00 [INF] HTTP GET /Inventory/Products responded 200 in 124.6792 ms
2026-07-02 16:23:34.188 +03:00 [INF] HTTP GET /lib/bootstrap/dist/css/bootstrap.min.css responded 304 in 0.9001 ms
2026-07-02 16:23:34.189 +03:00 [INF] HTTP GET /Biktal.WebMVC.styles.css responded 304 in 0.7317 ms
2026-07-02 16:23:34.193 +03:00 [INF] HTTP GET /css/site.css responded 304 in 3.0615 ms
2026-07-02 16:23:34.995 +03:00 [INF] HTTP GET /lib/jquery/dist/jquery.min.js responded 304 in 0.3862 ms
2026-07-02 16:23:35.011 +03:00 [INF] HTTP GET /lib/bootstrap/dist/js/bootstrap.bundle.min.js responded 304 in 0.7565 ms
2026-07-02 16:23:35.012 +03:00 [INF] HTTP GET /js/site.js responded 304 in 0.4423 ms
2026-07-02 16:23:35.017 +03:00 [INF] HTTP GET /lib/jquery-validation/dist/jquery.validate.min.js responded 304 in 0.4323 ms
2026-07-02 16:23:35.019 +03:00 [INF] HTTP GET /lib/jquery-validation-unobtrusive/dist/jquery.validate.unobtrusive.min.js responded 304 in 1.3768 ms
2026-07-02 16:23:35.020 +03:00 [INF] HTTP GET /js/products-catalog-filter.js responded 304 in 0.4438 ms
2026-07-02 16:23:42.584 +03:00 [INF] HTTP GET /Inventory/Products responded 200 in 57.8089 ms
2026-07-02 16:23:42.638 +03:00 [INF] HTTP GET /lib/bootstrap/dist/css/bootstrap.min.css responded 304 in 0.5956 ms
2026-07-02 16:23:42.639 +03:00 [INF] HTTP GET /Biktal.WebMVC.styles.css responded 304 in 0.3969 ms
2026-07-02 16:23:42.642 +03:00 [INF] HTTP GET /css/site.css responded 304 in 0.4004 ms
2026-07-02 16:23:43.636 +03:00 [INF] HTTP GET /lib/jquery/dist/jquery.min.js responded 304 in 0.2708 ms
2026-07-02 16:23:43.656 +03:00 [INF] HTTP GET /lib/bootstrap/dist/js/bootstrap.bundle.min.js responded 304 in 0.3754 ms
2026-07-02 16:23:43.659 +03:00 [INF] HTTP GET /js/site.js responded 304 in 1.3351 ms
2026-07-02 16:23:43.660 +03:00 [INF] HTTP GET /lib/jquery-validation/dist/jquery.validate.min.js responded 304 in 0.4881 ms
2026-07-02 16:23:43.660 +03:00 [INF] HTTP GET /lib/jquery-validation-unobtrusive/dist/jquery.validate.unobtrusive.min.js responded 304 in 0.3029 ms
2026-07-02 16:23:43.660 +03:00 [INF] HTTP GET /js/products-catalog-filter.js responded 304 in 0.2669 ms
2026-07-02 16:23:46.559 +03:00 [INF] HTTP POST /Inventory/EditProduct responded 302 in 11.6903 ms
2026-07-02 16:23:46.633 +03:00 [INF] HTTP GET /Inventory/Products responded 200 in 60.1487 ms
2026-07-02 16:23:46.739 +03:00 [INF] HTTP GET /css/site.css responded 304 in 0.7469 ms
2026-07-02 16:23:46.739 +03:00 [INF] HTTP GET /lib/bootstrap/dist/css/bootstrap.min.css responded 304 in 1.4829 ms
2026-07-02 16:23:46.743 +03:00 [INF] HTTP GET /Biktal.WebMVC.styles.css responded 304 in 1.9429 ms
2026-07-02 16:23:47.583 +03:00 [INF] HTTP GET /lib/jquery/dist/jquery.min.js responded 304 in 0.2701 ms
2026-07-02 16:23:47.598 +03:00 [INF] HTTP GET /lib/bootstrap/dist/js/bootstrap.bundle.min.js responded 304 in 0.3944 ms
2026-07-02 16:23:47.598 +03:00 [INF] HTTP GET /js/site.js responded 304 in 0.4462 ms
2026-07-02 16:23:47.598 +03:00 [INF] HTTP GET /lib/jquery-validation/dist/jquery.validate.min.js responded 304 in 0.3209 ms
2026-07-02 16:23:47.598 +03:00 [INF] HTTP GET /lib/jquery-validation-unobtrusive/dist/jquery.validate.unobtrusive.min.js responded 304 in 0.3189 ms
2026-07-02 16:23:47.599 +03:00 [INF] HTTP GET /js/products-catalog-filter.js responded 304 in 0.4826 ms
2026-07-02 16:23:58.365 +03:00 [INF] HTTP GET /Inventory/Products responded 200 in 75.4286 ms
2026-07-02 16:23:58.409 +03:00 [INF] HTTP GET /lib/bootstrap/dist/css/bootstrap.min.css responded 304 in 0.4336 ms
2026-07-02 16:23:58.410 +03:00 [INF] HTTP GET /css/site.css responded 304 in 0.3711 ms
2026-07-02 16:23:58.416 +03:00 [INF] HTTP GET /Biktal.WebMVC.styles.css responded 304 in 1.7952 ms
2026-07-02 16:23:59.326 +03:00 [INF] HTTP GET /lib/jquery/dist/jquery.min.js responded 304 in 0.2696 ms
2026-07-02 16:23:59.350 +03:00 [INF] HTTP GET /lib/bootstrap/dist/js/bootstrap.bundle.min.js responded 304 in 0.3770 ms
2026-07-02 16:23:59.352 +03:00 [INF] HTTP GET /js/site.js responded 304 in 0.5233 ms
2026-07-02 16:23:59.353 +03:00 [INF] HTTP GET /lib/jquery-validation/dist/jquery.validate.min.js responded 304 in 0.7136 ms
2026-07-02 16:23:59.353 +03:00 [INF] HTTP GET /lib/jquery-validation-unobtrusive/dist/jquery.validate.unobtrusive.min.js responded 304 in 0.3906 ms
2026-07-02 16:23:59.354 +03:00 [INF] HTTP GET /js/products-catalog-filter.js responded 304 in 1.3442 ms
2026-07-02 16:24:03.306 +03:00 [INF] HTTP POST /Inventory/EditProduct responded 302 in 13.1000 ms
2026-07-02 16:24:03.377 +03:00 [INF] HTTP GET /Inventory/Products responded 200 in 59.2202 ms
2026-07-02 16:24:03.482 +03:00 [INF] HTTP GET /lib/bootstrap/dist/css/bootstrap.min.css responded 304 in 0.8804 ms
2026-07-02 16:24:03.483 +03:00 [INF] HTTP GET /css/site.css responded 304 in 1.4405 ms
2026-07-02 16:24:03.488 +03:00 [INF] HTTP GET /Biktal.WebMVC.styles.css responded 304 in 0.8351 ms
2026-07-02 16:24:04.365 +03:00 [INF] HTTP GET /lib/jquery/dist/jquery.min.js responded 304 in 0.2742 ms
2026-07-02 16:24:04.379 +03:00 [INF] HTTP GET /lib/bootstrap/dist/js/bootstrap.bundle.min.js responded 304 in 1.0123 ms
2026-07-02 16:24:04.380 +03:00 [INF] HTTP GET /js/site.js responded 304 in 0.3635 ms
2026-07-02 16:24:04.380 +03:00 [INF] HTTP GET /lib/jquery-validation/dist/jquery.validate.min.js responded 304 in 0.3663 ms
2026-07-02 16:24:04.382 +03:00 [INF] HTTP GET /js/products-catalog-filter.js responded 304 in 0.3586 ms
2026-07-02 16:24:04.382 +03:00 [INF] HTTP GET /lib/jquery-validation-unobtrusive/dist/jquery.validate.unobtrusive.min.js responded 304 in 1.0036 ms
2026-07-02 16:24:13.051 +03:00 [INF] HTTP GET /Inventory/Products responded 200 in 75.3232 ms
2026-07-02 16:24:13.099 +03:00 [INF] HTTP GET /lib/bootstrap/dist/css/bootstrap.min.css responded 304 in 0.5092 ms
2026-07-02 16:24:13.108 +03:00 [INF] HTTP GET /css/site.css responded 304 in 0.4200 ms
2026-07-02 16:24:13.110 +03:00 [INF] HTTP GET /Biktal.WebMVC.styles.css responded 304 in 0.4904 ms
2026-07-02 16:24:14.003 +03:00 [INF] HTTP GET /lib/jquery/dist/jquery.min.js responded 304 in 0.2735 ms
2026-07-02 16:24:14.025 +03:00 [INF] HTTP GET /lib/bootstrap/dist/js/bootstrap.bundle.min.js responded 304 in 0.3866 ms
2026-07-02 16:24:14.025 +03:00 [INF] HTTP GET /js/site.js responded 304 in 0.3436 ms
2026-07-02 16:24:14.030 +03:00 [INF] HTTP GET /lib/jquery-validation-unobtrusive/dist/jquery.validate.unobtrusive.min.js responded 304 in 0.4814 ms
2026-07-02 16:24:14.031 +03:00 [INF] HTTP GET /js/products-catalog-filter.js responded 304 in 0.4180 ms
2026-07-02 16:24:14.031 +03:00 [INF] HTTP GET /lib/jquery-validation/dist/jquery.validate.min.js responded 304 in 0.4570 ms
2026-07-02 16:24:17.081 +03:00 [INF] HTTP POST /Inventory/EditProduct responded 302 in 127.1069 ms
2026-07-02 16:24:17.167 +03:00 [INF] HTTP GET /Inventory/Products responded 200 in 79.7798 ms
2026-07-02 16:24:17.258 +03:00 [INF] HTTP GET /lib/bootstrap/dist/css/bootstrap.min.css responded 304 in 0.3733 ms
2026-07-02 16:24:17.258 +03:00 [INF] HTTP GET /css/site.css responded 304 in 0.5753 ms
2026-07-02 16:24:17.261 +03:00 [INF] HTTP GET /Biktal.WebMVC.styles.css responded 304 in 2.0874 ms
2026-07-02 16:24:18.118 +03:00 [INF] HTTP GET /lib/jquery/dist/jquery.min.js responded 304 in 0.2735 ms
2026-07-02 16:24:18.132 +03:00 [INF] HTTP GET /lib/bootstrap/dist/js/bootstrap.bundle.min.js responded 304 in 0.8370 ms
2026-07-02 16:24:18.134 +03:00 [INF] HTTP GET /js/site.js responded 304 in 1.1644 ms
2026-07-02 16:24:18.135 +03:00 [INF] HTTP GET /lib/jquery-validation-unobtrusive/dist/jquery.validate.unobtrusive.min.js responded 304 in 0.4187 ms
2026-07-02 16:24:18.135 +03:00 [INF] HTTP GET /lib/jquery-validation/dist/jquery.validate.min.js responded 304 in 0.4109 ms
2026-07-02 16:24:18.136 +03:00 [INF] HTTP GET /js/products-catalog-filter.js responded 304 in 0.7721 ms
2026-07-02 16:24:37.023 +03:00 [INF] HTTP GET /Inventory/Products responded 200 in 66.6338 ms
2026-07-02 16:24:37.077 +03:00 [INF] HTTP GET /lib/bootstrap/dist/css/bootstrap.min.css responded 200 in 11.9444 ms
2026-07-02 16:24:37.084 +03:00 [INF] HTTP GET /css/site.css responded 304 in 0.6860 ms
2026-07-02 16:24:37.084 +03:00 [INF] HTTP GET /Biktal.WebMVC.styles.css responded 304 in 0.3824 ms
2026-07-02 16:24:37.954 +03:00 [INF] HTTP GET /lib/jquery/dist/jquery.min.js responded 304 in 0.2435 ms
2026-07-02 16:24:37.978 +03:00 [INF] HTTP GET /lib/bootstrap/dist/js/bootstrap.bundle.min.js responded 304 in 1.4932 ms
2026-07-02 16:24:37.978 +03:00 [INF] HTTP GET /js/site.js responded 304 in 0.6371 ms
2026-07-02 16:24:37.979 +03:00 [INF] HTTP GET /lib/jquery-validation-unobtrusive/dist/jquery.validate.unobtrusive.min.js responded 304 in 0.4123 ms
2026-07-02 16:24:37.980 +03:00 [INF] HTTP GET /js/products-catalog-filter.js responded 304 in 1.0275 ms
2026-07-02 16:24:37.981 +03:00 [INF] HTTP GET /lib/jquery-validation/dist/jquery.validate.min.js responded 304 in 0.3934 ms
2026-07-02 16:24:44.660 +03:00 [INF] HTTP POST /Inventory/EditProduct responded 302 in 16.2643 ms
2026-07-02 16:24:44.747 +03:00 [INF] HTTP GET /Inventory/Products responded 200 in 75.2267 ms
2026-07-02 16:24:44.819 +03:00 [INF] HTTP GET /lib/bootstrap/dist/css/bootstrap.min.css responded 304 in 1.2137 ms
2026-07-02 16:24:44.820 +03:00 [INF] HTTP GET /Biktal.WebMVC.styles.css responded 304 in 0.7425 ms
2026-07-02 16:24:44.820 +03:00 [INF] HTTP GET /css/site.css responded 304 in 0.6897 ms
2026-07-02 16:24:45.670 +03:00 [INF] HTTP GET /lib/jquery/dist/jquery.min.js responded 304 in 0.2681 ms
2026-07-02 16:24:45.685 +03:00 [INF] HTTP GET /js/site.js responded 304 in 0.2145 ms
2026-07-02 16:24:45.685 +03:00 [INF] HTTP GET /lib/bootstrap/dist/js/bootstrap.bundle.min.js responded 304 in 0.3606 ms
2026-07-02 16:24:45.686 +03:00 [INF] HTTP GET /lib/jquery-validation/dist/jquery.validate.min.js responded 304 in 0.4855 ms
2026-07-02 16:24:45.688 +03:00 [INF] HTTP GET /lib/jquery-validation-unobtrusive/dist/jquery.validate.unobtrusive.min.js responded 304 in 1.0609 ms
2026-07-02 16:24:45.689 +03:00 [INF] HTTP GET /js/products-catalog-filter.js responded 304 in 0.6541 ms
2026-07-02 16:25:55.572 +03:00 [INF] HTTP POST /Inventory/AddProduct responded 302 in 21.2163 ms
2026-07-02 16:25:55.728 +03:00 [INF] HTTP GET /Inventory/Products responded 200 in 148.7356 ms
2026-07-02 16:25:55.772 +03:00 [INF] HTTP GET /lib/bootstrap/dist/css/bootstrap.min.css responded 200 in 1.6642 ms
2026-07-02 16:25:55.773 +03:00 [INF] HTTP GET /Biktal.WebMVC.styles.css responded 200 in 0.5799 ms
2026-07-02 16:25:55.780 +03:00 [INF] HTTP GET /css/site.css responded 200 in 7.8733 ms
2026-07-02 16:25:56.779 +03:00 [INF] HTTP GET /lib/jquery/dist/jquery.min.js responded 200 in 1.0681 ms
2026-07-02 16:25:56.807 +03:00 [INF] HTTP GET /lib/bootstrap/dist/js/bootstrap.bundle.min.js responded 200 in 3.2093 ms
2026-07-02 16:25:56.808 +03:00 [INF] HTTP GET /js/site.js responded 200 in 0.8688 ms
2026-07-02 16:25:56.812 +03:00 [INF] HTTP GET /js/products-catalog-filter.js responded 200 in 0.7256 ms
2026-07-02 16:25:56.813 +03:00 [INF] HTTP GET /lib/jquery-validation-unobtrusive/dist/jquery.validate.unobtrusive.min.js responded 200 in 0.6465 ms
2026-07-02 16:25:56.813 +03:00 [INF] HTTP GET /lib/jquery-validation/dist/jquery.validate.min.js responded 200 in 0.7509 ms
2026-07-02 16:29:14.445 +03:00 [INF] HTTP GET /Inventory/Products responded 200 in 80.8106 ms
2026-07-02 16:29:14.542 +03:00 [INF] HTTP GET /lib/bootstrap/dist/css/bootstrap.min.css responded 200 in 22.6428 ms
2026-07-02 16:29:14.548 +03:00 [INF] HTTP GET /css/site.css responded 200 in 8.2788 ms
2026-07-02 16:29:14.548 +03:00 [INF] HTTP GET /Biktal.WebMVC.styles.css responded 200 in 7.6266 ms
2026-07-02 16:29:15.641 +03:00 [INF] HTTP GET /lib/jquery/dist/jquery.min.js responded 200 in 0.7008 ms
2026-07-02 16:29:15.668 +03:00 [INF] HTTP GET /js/site.js responded 200 in 1.3963 ms
2026-07-02 16:29:15.668 +03:00 [INF] HTTP GET /lib/bootstrap/dist/js/bootstrap.bundle.min.js responded 200 in 0.7058 ms
2026-07-02 16:29:15.668 +03:00 [INF] HTTP GET /lib/jquery-validation-unobtrusive/dist/jquery.validate.unobtrusive.min.js responded 200 in 0.6752 ms
2026-07-02 16:29:15.669 +03:00 [INF] HTTP GET /js/products-catalog-filter.js responded 200 in 0.5033 ms
2026-07-02 16:29:15.669 +03:00 [INF] HTTP GET /lib/jquery-validation/dist/jquery.validate.min.js responded 200 in 0.6295 ms
2026-07-02 16:29:33.919 +03:00 [INF] HTTP GET /Inventory/Products responded 200 in 120.9588 ms
2026-07-02 16:29:33.976 +03:00 [INF] HTTP GET /lib/bootstrap/dist/css/bootstrap.min.css responded 200 in 4.4005 ms
2026-07-02 16:29:33.978 +03:00 [INF] HTTP GET /Biktal.WebMVC.styles.css responded 200 in 0.9224 ms
2026-07-02 16:29:33.982 +03:00 [INF] HTTP GET /css/site.css responded 200 in 4.3903 ms
2026-07-02 16:29:35.078 +03:00 [INF] HTTP GET /lib/jquery/dist/jquery.min.js responded 200 in 0.6475 ms
2026-07-02 16:29:35.101 +03:00 [INF] HTTP GET /lib/bootstrap/dist/js/bootstrap.bundle.min.js responded 200 in 1.2921 ms
2026-07-02 16:29:35.103 +03:00 [INF] HTTP GET /js/site.js responded 200 in 1.1070 ms
2026-07-02 16:29:35.105 +03:00 [INF] HTTP GET /lib/jquery-validation/dist/jquery.validate.min.js responded 200 in 2.0609 ms
2026-07-02 16:29:35.112 +03:00 [INF] HTTP GET /js/products-catalog-filter.js responded 200 in 0.7865 ms
2026-07-02 16:29:35.112 +03:00 [INF] HTTP GET /lib/jquery-validation-unobtrusive/dist/jquery.validate.unobtrusive.min.js responded 200 in 0.6841 ms
2026-07-02 16:29:58.867 +03:00 [INF] HTTP POST /Inventory/EditProduct responded 302 in 21.6438 ms
2026-07-02 16:29:58.944 +03:00 [INF] HTTP GET /Inventory/Products responded 200 in 68.2750 ms
2026-07-02 16:29:59.037 +03:00 [INF] HTTP GET /lib/bootstrap/dist/css/bootstrap.min.css responded 200 in 1.2107 ms
2026-07-02 16:29:59.037 +03:00 [INF] HTTP GET /css/site.css responded 200 in 0.8699 ms
2026-07-02 16:29:59.047 +03:00 [INF] HTTP GET /Biktal.WebMVC.styles.css responded 200 in 9.7727 ms
2026-07-02 16:29:59.897 +03:00 [INF] HTTP GET /lib/jquery/dist/jquery.min.js responded 304 in 0.2897 ms
2026-07-02 16:29:59.913 +03:00 [INF] HTTP GET /lib/bootstrap/dist/js/bootstrap.bundle.min.js responded 304 in 0.5323 ms
2026-07-02 16:29:59.915 +03:00 [INF] HTTP GET /js/site.js responded 304 in 1.3539 ms
2026-07-02 16:29:59.916 +03:00 [INF] HTTP GET /lib/jquery-validation/dist/jquery.validate.min.js responded 304 in 0.3495 ms
2026-07-02 16:29:59.916 +03:00 [INF] HTTP GET /lib/jquery-validation-unobtrusive/dist/jquery.validate.unobtrusive.min.js responded 304 in 0.3553 ms
2026-07-02 16:29:59.917 +03:00 [INF] HTTP GET /js/products-catalog-filter.js responded 304 in 0.7188 ms
2026-07-02 16:31:31.805 +03:00 [INF] HTTP GET /Inventory/Products responded 200 in 67.4747 ms
2026-07-02 16:31:31.855 +03:00 [INF] HTTP GET /Biktal.WebMVC.styles.css responded 200 in 0.9127 ms
2026-07-02 16:31:31.857 +03:00 [INF] HTTP GET /css/site.css responded 200 in 0.8618 ms
2026-07-02 16:31:31.861 +03:00 [INF] HTTP GET /lib/bootstrap/dist/css/bootstrap.min.css responded 200 in 0.9280 ms
2026-07-02 16:31:33.067 +03:00 [INF] HTTP GET /lib/jquery/dist/jquery.min.js responded 200 in 0.6826 ms
2026-07-02 16:31:33.095 +03:00 [INF] HTTP GET /lib/bootstrap/dist/js/bootstrap.bundle.min.js responded 200 in 0.7715 ms
2026-07-02 16:31:33.095 +03:00 [INF] HTTP GET /lib/jquery-validation/dist/jquery.validate.min.js responded 200 in 0.6746 ms
2026-07-02 16:31:33.095 +03:00 [INF] HTTP GET /js/site.js responded 200 in 0.6288 ms
2026-07-02 16:31:33.097 +03:00 [INF] HTTP GET /js/products-catalog-filter.js responded 200 in 1.4890 ms
2026-07-02 16:31:33.098 +03:00 [INF] HTTP GET /lib/jquery-validation-unobtrusive/dist/jquery.validate.unobtrusive.min.js responded 200 in 1.2697 ms
2026-07-02 16:31:48.538 +03:00 [INF] HTTP POST /Inventory/EditProduct responded 302 in 14.9916 ms
2026-07-02 16:31:48.608 +03:00 [INF] HTTP GET /Inventory/Products responded 200 in 61.6344 ms
2026-07-02 16:31:48.688 +03:00 [INF] HTTP GET /css/site.css responded 304 in 0.4429 ms
2026-07-02 16:31:48.689 +03:00 [INF] HTTP GET /lib/bootstrap/dist/css/bootstrap.min.css responded 304 in 0.4248 ms
2026-07-02 16:31:48.689 +03:00 [INF] HTTP GET /Biktal.WebMVC.styles.css responded 304 in 0.2569 ms
2026-07-02 16:31:49.640 +03:00 [INF] HTTP GET /lib/jquery/dist/jquery.min.js responded 304 in 0.2677 ms
2026-07-02 16:31:49.656 +03:00 [INF] HTTP GET /lib/bootstrap/dist/js/bootstrap.bundle.min.js responded 304 in 0.5364 ms
2026-07-02 16:31:49.656 +03:00 [INF] HTTP GET /js/site.js responded 304 in 0.5010 ms
2026-07-02 16:31:49.660 +03:00 [INF] HTTP GET /lib/jquery-validation-unobtrusive/dist/jquery.validate.unobtrusive.min.js responded 304 in 0.6816 ms
2026-07-02 16:31:49.660 +03:00 [INF] HTTP GET /lib/jquery-validation/dist/jquery.validate.min.js responded 304 in 0.8947 ms
2026-07-02 16:31:49.660 +03:00 [INF] HTTP GET /js/products-catalog-filter.js responded 304 in 0.3829 ms
2026-07-02 16:33:22.357 +03:00 [INF] HTTP GET /Inventory/Products responded 200 in 108.5266 ms
2026-07-02 16:33:22.368 +03:00 [INF] HTTP GET /css/site.css responded 200 in 0.8148 ms
2026-07-02 16:33:22.374 +03:00 [INF] HTTP GET /lib/bootstrap/dist/css/bootstrap.min.css responded 200 in 1.3688 ms
2026-07-02 16:33:22.374 +03:00 [INF] HTTP GET /Biktal.WebMVC.styles.css responded 200 in 0.8164 ms
2026-07-02 16:33:23.522 +03:00 [INF] HTTP GET /lib/jquery/dist/jquery.min.js responded 200 in 0.5880 ms
2026-07-02 16:33:23.550 +03:00 [INF] HTTP GET /js/site.js responded 200 in 0.7449 ms
2026-07-02 16:33:23.551 +03:00 [INF] HTTP GET /lib/jquery-validation-unobtrusive/dist/jquery.validate.unobtrusive.min.js responded 200 in 0.8867 ms
2026-07-02 16:33:23.552 +03:00 [INF] HTTP GET /lib/bootstrap/dist/js/bootstrap.bundle.min.js responded 200 in 1.3955 ms
2026-07-02 16:33:23.552 +03:00 [INF] HTTP GET /js/products-catalog-filter.js responded 200 in 0.9080 ms
2026-07-02 16:33:23.556 +03:00 [INF] HTTP GET /lib/jquery-validation/dist/jquery.validate.min.js responded 200 in 1.0284 ms
2026-07-02 16:33:29.087 +03:00 [INF] HTTP GET /Inventory/Products responded 200 in 74.1110 ms
2026-07-02 16:33:29.187 +03:00 [INF] HTTP GET /css/site.css responded 200 in 1.3833 ms
2026-07-02 16:33:29.188 +03:00 [INF] HTTP GET /lib/bootstrap/dist/css/bootstrap.min.css responded 200 in 1.1056 ms
2026-07-02 16:33:29.199 +03:00 [INF] HTTP GET /Biktal.WebMVC.styles.css responded 200 in 1.0778 ms
2026-07-02 16:33:30.048 +03:00 [INF] HTTP GET /lib/jquery/dist/jquery.min.js responded 304 in 0.5442 ms
2026-07-02 16:33:30.072 +03:00 [INF] HTTP GET /js/site.js responded 304 in 0.3684 ms
2026-07-02 16:33:30.072 +03:00 [INF] HTTP GET /lib/bootstrap/dist/js/bootstrap.bundle.min.js responded 304 in 0.2766 ms
2026-07-02 16:33:30.072 +03:00 [INF] HTTP GET /lib/jquery-validation/dist/jquery.validate.min.js responded 304 in 0.2572 ms
2026-07-02 16:33:30.072 +03:00 [INF] HTTP GET /js/products-catalog-filter.js responded 304 in 0.2671 ms
2026-07-02 16:33:30.073 +03:00 [INF] HTTP GET /lib/jquery-validation-unobtrusive/dist/jquery.validate.unobtrusive.min.js responded 304 in 0.3621 ms
2026-07-02 16:34:01.248 +03:00 [INF] HTTP POST /Inventory/AddProduct responded 302 in 20.3593 ms
2026-07-02 16:34:01.416 +03:00 [INF] HTTP GET /Inventory/Products responded 200 in 155.1516 ms
2026-07-02 16:34:01.556 +03:00 [INF] HTTP GET /lib/bootstrap/dist/css/bootstrap.min.css responded 200 in 1.7506 ms
2026-07-02 16:34:01.556 +03:00 [INF] HTTP GET /css/site.css responded 200 in 0.9187 ms
2026-07-02 16:34:01.563 +03:00 [INF] HTTP GET /Biktal.WebMVC.styles.css responded 200 in 6.3746 ms
2026-07-02 16:34:02.431 +03:00 [INF] HTTP GET /lib/jquery/dist/jquery.min.js responded 200 in 0.7127 ms
2026-07-02 16:34:02.450 +03:00 [INF] HTTP GET /lib/bootstrap/dist/js/bootstrap.bundle.min.js responded 200 in 0.9764 ms
2026-07-02 16:34:02.451 +03:00 [INF] HTTP GET /js/site.js responded 200 in 0.8923 ms
2026-07-02 16:34:02.451 +03:00 [INF] HTTP GET /lib/jquery-validation/dist/jquery.validate.min.js responded 200 in 0.8696 ms
2026-07-02 16:34:02.452 +03:00 [INF] HTTP GET /lib/jquery-validation-unobtrusive/dist/jquery.validate.unobtrusive.min.js responded 200 in 1.7672 ms
2026-07-02 16:34:02.452 +03:00 [INF] HTTP GET /js/products-catalog-filter.js responded 200 in 1.6673 ms
2026-07-02 16:35:01.862 +03:00 [INF] HTTP POST /Inventory/AddProduct responded 302 in 195.9110 ms
2026-07-02 16:35:01.949 +03:00 [INF] HTTP GET /Inventory/Products responded 200 in 78.9178 ms
2026-07-02 16:35:02.007 +03:00 [INF] HTTP GET /lib/bootstrap/dist/css/bootstrap.min.css responded 200 in 2.1949 ms
2026-07-02 16:35:02.009 +03:00 [INF] HTTP GET /css/site.css responded 200 in 1.0946 ms
2026-07-02 16:35:02.011 +03:00 [INF] HTTP GET /Biktal.WebMVC.styles.css responded 200 in 1.0262 ms
2026-07-02 16:35:02.823 +03:00 [INF] HTTP GET /lib/jquery/dist/jquery.min.js responded 200 in 1.8537 ms
2026-07-02 16:35:02.847 +03:00 [INF] HTTP GET /lib/bootstrap/dist/js/bootstrap.bundle.min.js responded 200 in 0.7658 ms
2026-07-02 16:35:02.851 +03:00 [INF] HTTP GET /js/site.js responded 200 in 3.9617 ms
2026-07-02 16:35:02.851 +03:00 [INF] HTTP GET /lib/jquery-validation-unobtrusive/dist/jquery.validate.unobtrusive.min.js responded 200 in 3.2536 ms
2026-07-02 16:35:02.851 +03:00 [INF] HTTP GET /lib/jquery-validation/dist/jquery.validate.min.js responded 200 in 3.6863 ms
2026-07-02 16:35:02.851 +03:00 [INF] HTTP GET /js/products-catalog-filter.js responded 200 in 2.7752 ms
2026-07-02 16:35:59.117 +03:00 [INF] HTTP GET /Inventory/Products responded 200 in 108.6189 ms
2026-07-02 16:35:59.161 +03:00 [INF] HTTP GET /Biktal.WebMVC.styles.css responded 200 in 4.2471 ms
2026-07-02 16:35:59.162 +03:00 [INF] HTTP GET /lib/bootstrap/dist/css/bootstrap.min.css responded 200 in 6.7552 ms
2026-07-02 16:35:59.162 +03:00 [INF] HTTP GET /css/site.css responded 200 in 6.0570 ms
2026-07-02 16:36:00.117 +03:00 [INF] HTTP GET /lib/jquery/dist/jquery.min.js responded 200 in 0.7276 ms
2026-07-02 16:36:00.147 +03:00 [INF] HTTP GET /lib/bootstrap/dist/js/bootstrap.bundle.min.js responded 200 in 1.3907 ms
2026-07-02 16:36:00.147 +03:00 [INF] HTTP GET /lib/jquery-validation/dist/jquery.validate.min.js responded 200 in 0.6570 ms
2026-07-02 16:36:00.147 +03:00 [INF] HTTP GET /js/site.js responded 200 in 1.1969 ms
2026-07-02 16:36:00.148 +03:00 [INF] HTTP GET /lib/jquery-validation-unobtrusive/dist/jquery.validate.unobtrusive.min.js responded 200 in 1.6089 ms
2026-07-02 16:36:00.150 +03:00 [INF] HTTP GET /js/products-catalog-filter.js responded 200 in 1.4822 ms
2026-07-02 16:36:03.873 +03:00 [INF] HTTP POST /Inventory/EditProduct responded 302 in 11.9302 ms
2026-07-02 16:36:03.934 +03:00 [INF] HTTP GET /Inventory/Products responded 200 in 51.3368 ms
2026-07-02 16:36:04.036 +03:00 [INF] HTTP GET /css/site.css responded 200 in 1.9673 ms
2026-07-02 16:36:04.036 +03:00 [INF] HTTP GET /lib/bootstrap/dist/css/bootstrap.min.css responded 200 in 2.2636 ms
2026-07-02 16:36:04.040 +03:00 [INF] HTTP GET /Biktal.WebMVC.styles.css responded 200 in 1.1446 ms
2026-07-02 16:36:05.117 +03:00 [INF] HTTP GET /lib/jquery/dist/jquery.min.js responded 200 in 0.6165 ms
2026-07-02 16:36:05.135 +03:00 [INF] HTTP GET /js/site.js responded 200 in 1.3322 ms
2026-07-02 16:36:05.135 +03:00 [INF] HTTP GET /lib/bootstrap/dist/js/bootstrap.bundle.min.js responded 200 in 1.3246 ms
2026-07-02 16:36:05.137 +03:00 [INF] HTTP GET /lib/jquery-validation-unobtrusive/dist/jquery.validate.unobtrusive.min.js responded 200 in 0.9873 ms
2026-07-02 16:36:05.137 +03:00 [INF] HTTP GET /js/products-catalog-filter.js responded 200 in 0.6495 ms
2026-07-02 16:36:05.137 +03:00 [INF] HTTP GET /lib/jquery-validation/dist/jquery.validate.min.js responded 200 in 0.6762 ms
2026-07-02 16:56:07.307 +03:00 [INF] Application is shutting down...
2026-07-02 17:14:11.366 +03:00 [ERR] Failed executing DbCommand (6ms) [Parameters=[@p0='?' (DbType = Guid), @p1='?' (DbType = DateTime), @p2='?' (DbType = Guid), @p3='?', @p4='?' (DbType = DateTime), @p5='?' (DbType = Int32), @p6='?' (DbType = Int32), @p7='?', @p8='?', @p9='?' (DbType = Guid), @p10='?' (DbType = DateTime), @p11='?' (DbType = Guid), @p12='?', @p13='?' (DbType = DateTime), @p14='?' (DbType = Int32), @p15='?' (DbType = Int32), @p16='?', @p17='?'], CommandType='"Text"', CommandTimeout='30']
INSERT INTO "CrmSupportTickets" ("Id", "CreatedAtUtc", "CustomerId", "Description", "ModifiedAtUtc", "Priority", "Status", "Subject", "TicketNumber")
VALUES (@p0, @p1, @p2, @p3, @p4, @p5, @p6, @p7, @p8);
INSERT INTO "CrmSupportTickets" ("Id", "CreatedAtUtc", "CustomerId", "Description", "ModifiedAtUtc", "Priority", "Status", "Subject", "TicketNumber")
VALUES (@p9, @p10, @p11, @p12, @p13, @p14, @p15, @p16, @p17);
2026-07-02 17:14:11.440 +03:00 [ERR] An exception occurred in the database while saving changes for context type 'Biktal.Infrastructure.Persistence.ApplicationDbContext'.
Microsoft.EntityFrameworkCore.DbUpdateException: An error occurred while saving the entity changes. See the inner exception for details.
 ---> Npgsql.PostgresException (0x80004005): 23503: insert or update on table "CrmSupportTickets" violates foreign key constraint "FK_CrmSupportTickets_CrmCustomers_CustomerId"

DETAIL: Detail redacted as it may contain sensitive data. Specify 'Include Error Detail' in the connection string to include this information.
   at Npgsql.Internal.NpgsqlConnector.ReadMessageLong(Boolean async, DataRowLoadingMode dataRowLoadingMode, Boolean readingNotifications, Boolean isReadingPrependedMessage)
   at System.Runtime.CompilerServices.PoolingAsyncValueTaskMethodBuilder`1.StateMachineBox`1.System.Threading.Tasks.Sources.IValueTaskSource<TResult>.GetResult(Int16 token)
   at Npgsql.NpgsqlDataReader.NextResult(Boolean async, Boolean isConsuming, CancellationToken cancellationToken)
   at Npgsql.NpgsqlDataReader.NextResult(Boolean async, Boolean isConsuming, CancellationToken cancellationToken)
   at Npgsql.NpgsqlCommand.ExecuteReader(Boolean async, CommandBehavior behavior, CancellationToken cancellationToken)
   at Npgsql.NpgsqlCommand.ExecuteReader(Boolean async, CommandBehavior behavior, CancellationToken cancellationToken)
   at Npgsql.NpgsqlCommand.ExecuteDbDataReaderAsync(CommandBehavior behavior, CancellationToken cancellationToken)
   at Microsoft.EntityFrameworkCore.Storage.RelationalCommand.ExecuteReaderAsync(RelationalCommandParameterObject parameterObject, CancellationToken cancellationToken)
   at Microsoft.EntityFrameworkCore.Storage.RelationalCommand.ExecuteReaderAsync(RelationalCommandParameterObject parameterObject, CancellationToken cancellationToken)
   at Microsoft.EntityFrameworkCore.Update.ReaderModificationCommandBatch.ExecuteAsync(IRelationalConnection connection, CancellationToken cancellationToken)
  Exception data:
    Severity: ERROR
    SqlState: 23503
    MessageText: insert or update on table "CrmSupportTickets" violates foreign key constraint "FK_CrmSupportTickets_CrmCustomers_CustomerId"
    Detail: Detail redacted as it may contain sensitive data. Specify 'Include Error Detail' in the connection string to include this information.
    SchemaName: public
    TableName: CrmSupportTickets
    ConstraintName: FK_CrmSupportTickets_CrmCustomers_CustomerId
    File: ri_triggers.c
    Line: 2783
    Routine: ri_ReportViolation
   --- End of inner exception stack trace ---
   at Microsoft.EntityFrameworkCore.Update.ReaderModificationCommandBatch.ExecuteAsync(IRelationalConnection connection, CancellationToken cancellationToken)
   at Microsoft.EntityFrameworkCore.Update.Internal.BatchExecutor.ExecuteAsync(IEnumerable`1 commandBatches, IRelationalConnection connection, CancellationToken cancellationToken)
   at Microsoft.EntityFrameworkCore.Update.Internal.BatchExecutor.ExecuteAsync(IEnumerable`1 commandBatches, IRelationalConnection connection, CancellationToken cancellationToken)
   at Microsoft.EntityFrameworkCore.Update.Internal.BatchExecutor.ExecuteAsync(IEnumerable`1 commandBatches, IRelationalConnection connection, CancellationToken cancellationToken)
   at Microsoft.EntityFrameworkCore.Storage.RelationalDatabase.SaveChangesAsync(IList`1 entries, CancellationToken cancellationToken)
   at Microsoft.EntityFrameworkCore.ChangeTracking.Internal.StateManager.SaveChangesAsync(IList`1 entriesToSave, CancellationToken cancellationToken)
   at Microsoft.EntityFrameworkCore.ChangeTracking.Internal.StateManager.SaveChangesAsync(StateManager stateManager, Boolean acceptAllChangesOnSuccess, CancellationToken cancellationToken)
   at Npgsql.EntityFrameworkCore.PostgreSQL.Storage.Internal.NpgsqlExecutionStrategy.ExecuteAsync[TState,TResult](TState state, Func`4 operation, Func`4 verifySucceeded, CancellationToken cancellationToken)
   at Microsoft.EntityFrameworkCore.DbContext.SaveChangesAsync(Boolean acceptAllChangesOnSuccess, CancellationToken cancellationToken)
Microsoft.EntityFrameworkCore.DbUpdateException: An error occurred while saving the entity changes. See the inner exception for details.
 ---> Npgsql.PostgresException (0x80004005): 23503: insert or update on table "CrmSupportTickets" violates foreign key constraint "FK_CrmSupportTickets_CrmCustomers_CustomerId"

DETAIL: Detail redacted as it may contain sensitive data. Specify 'Include Error Detail' in the connection string to include this information.
   at Npgsql.Internal.NpgsqlConnector.ReadMessageLong(Boolean async, DataRowLoadingMode dataRowLoadingMode, Boolean readingNotifications, Boolean isReadingPrependedMessage)
   at System.Runtime.CompilerServices.PoolingAsyncValueTaskMethodBuilder`1.StateMachineBox`1.System.Threading.Tasks.Sources.IValueTaskSource<TResult>.GetResult(Int16 token)
   at Npgsql.NpgsqlDataReader.NextResult(Boolean async, Boolean isConsuming, CancellationToken cancellationToken)
   at Npgsql.NpgsqlDataReader.NextResult(Boolean async, Boolean isConsuming, CancellationToken cancellationToken)
   at Npgsql.NpgsqlCommand.ExecuteReader(Boolean async, CommandBehavior behavior, CancellationToken cancellationToken)
   at Npgsql.NpgsqlCommand.ExecuteReader(Boolean async, CommandBehavior behavior, CancellationToken cancellationToken)
   at Npgsql.NpgsqlCommand.ExecuteDbDataReaderAsync(CommandBehavior behavior, CancellationToken cancellationToken)
   at Microsoft.EntityFrameworkCore.Storage.RelationalCommand.ExecuteReaderAsync(RelationalCommandParameterObject parameterObject, CancellationToken cancellationToken)
   at Microsoft.EntityFrameworkCore.Storage.RelationalCommand.ExecuteReaderAsync(RelationalCommandParameterObject parameterObject, CancellationToken cancellationToken)
   at Microsoft.EntityFrameworkCore.Update.ReaderModificationCommandBatch.ExecuteAsync(IRelationalConnection connection, CancellationToken cancellationToken)
  Exception data:
    Severity: ERROR
    SqlState: 23503
    MessageText: insert or update on table "CrmSupportTickets" violates foreign key constraint "FK_CrmSupportTickets_CrmCustomers_CustomerId"
    Detail: Detail redacted as it may contain sensitive data. Specify 'Include Error Detail' in the connection string to include this information.
    SchemaName: public
    TableName: CrmSupportTickets
    ConstraintName: FK_CrmSupportTickets_CrmCustomers_CustomerId
    File: ri_triggers.c
    Line: 2783
    Routine: ri_ReportViolation
   --- End of inner exception stack trace ---
   at Microsoft.EntityFrameworkCore.Update.ReaderModificationCommandBatch.ExecuteAsync(IRelationalConnection connection, CancellationToken cancellationToken)
   at Microsoft.EntityFrameworkCore.Update.Internal.BatchExecutor.ExecuteAsync(IEnumerable`1 commandBatches, IRelationalConnection connection, CancellationToken cancellationToken)
   at Microsoft.EntityFrameworkCore.Update.Internal.BatchExecutor.ExecuteAsync(IEnumerable`1 commandBatches, IRelationalConnection connection, CancellationToken cancellationToken)
   at Microsoft.EntityFrameworkCore.Update.Internal.BatchExecutor.ExecuteAsync(IEnumerable`1 commandBatches, IRelationalConnection connection, CancellationToken cancellationToken)
   at Microsoft.EntityFrameworkCore.Storage.RelationalDatabase.SaveChangesAsync(IList`1 entries, CancellationToken cancellationToken)
   at Microsoft.EntityFrameworkCore.ChangeTracking.Internal.StateManager.SaveChangesAsync(IList`1 entriesToSave, CancellationToken cancellationToken)
   at Microsoft.EntityFrameworkCore.ChangeTracking.Internal.StateManager.SaveChangesAsync(StateManager stateManager, Boolean acceptAllChangesOnSuccess, CancellationToken cancellationToken)
   at Npgsql.EntityFrameworkCore.PostgreSQL.Storage.Internal.NpgsqlExecutionStrategy.ExecuteAsync[TState,TResult](TState state, Func`4 operation, Func`4 verifySucceeded, CancellationToken cancellationToken)
   at Microsoft.EntityFrameworkCore.DbContext.SaveChangesAsync(Boolean acceptAllChangesOnSuccess, CancellationToken cancellationToken)
2026-07-02 17:14:11.445 +03:00 [ERR] Database migration or seed failed. Check PostgreSQL is running and ConnectionStrings:DefaultConnection is correct.
Microsoft.EntityFrameworkCore.DbUpdateException: An error occurred while saving the entity changes. See the inner exception for details.
 ---> Npgsql.PostgresException (0x80004005): 23503: insert or update on table "CrmSupportTickets" violates foreign key constraint "FK_CrmSupportTickets_CrmCustomers_CustomerId"

DETAIL: Detail redacted as it may contain sensitive data. Specify 'Include Error Detail' in the connection string to include this information.
   at Npgsql.Internal.NpgsqlConnector.ReadMessageLong(Boolean async, DataRowLoadingMode dataRowLoadingMode, Boolean readingNotifications, Boolean isReadingPrependedMessage)
   at System.Runtime.CompilerServices.PoolingAsyncValueTaskMethodBuilder`1.StateMachineBox`1.System.Threading.Tasks.Sources.IValueTaskSource<TResult>.GetResult(Int16 token)
   at Npgsql.NpgsqlDataReader.NextResult(Boolean async, Boolean isConsuming, CancellationToken cancellationToken)
   at Npgsql.NpgsqlDataReader.NextResult(Boolean async, Boolean isConsuming, CancellationToken cancellationToken)
   at Npgsql.NpgsqlCommand.ExecuteReader(Boolean async, CommandBehavior behavior, CancellationToken cancellationToken)
   at Npgsql.NpgsqlCommand.ExecuteReader(Boolean async, CommandBehavior behavior, CancellationToken cancellationToken)
   at Npgsql.NpgsqlCommand.ExecuteDbDataReaderAsync(CommandBehavior behavior, CancellationToken cancellationToken)
   at Microsoft.EntityFrameworkCore.Storage.RelationalCommand.ExecuteReaderAsync(RelationalCommandParameterObject parameterObject, CancellationToken cancellationToken)
   at Microsoft.EntityFrameworkCore.Storage.RelationalCommand.ExecuteReaderAsync(RelationalCommandParameterObject parameterObject, CancellationToken cancellationToken)
   at Microsoft.EntityFrameworkCore.Update.ReaderModificationCommandBatch.ExecuteAsync(IRelationalConnection connection, CancellationToken cancellationToken)
  Exception data:
    Severity: ERROR
    SqlState: 23503
    MessageText: insert or update on table "CrmSupportTickets" violates foreign key constraint "FK_CrmSupportTickets_CrmCustomers_CustomerId"
    Detail: Detail redacted as it may contain sensitive data. Specify 'Include Error Detail' in the connection string to include this information.
    SchemaName: public
    TableName: CrmSupportTickets
    ConstraintName: FK_CrmSupportTickets_CrmCustomers_CustomerId
    File: ri_triggers.c
    Line: 2783
    Routine: ri_ReportViolation
   --- End of inner exception stack trace ---
   at Microsoft.EntityFrameworkCore.Update.ReaderModificationCommandBatch.ExecuteAsync(IRelationalConnection connection, CancellationToken cancellationToken)
   at Microsoft.EntityFrameworkCore.Update.Internal.BatchExecutor.ExecuteAsync(IEnumerable`1 commandBatches, IRelationalConnection connection, CancellationToken cancellationToken)
   at Microsoft.EntityFrameworkCore.Update.Internal.BatchExecutor.ExecuteAsync(IEnumerable`1 commandBatches, IRelationalConnection connection, CancellationToken cancellationToken)
   at Microsoft.EntityFrameworkCore.Update.Internal.BatchExecutor.ExecuteAsync(IEnumerable`1 commandBatches, IRelationalConnection connection, CancellationToken cancellationToken)
   at Microsoft.EntityFrameworkCore.Storage.RelationalDatabase.SaveChangesAsync(IList`1 entries, CancellationToken cancellationToken)
   at Microsoft.EntityFrameworkCore.ChangeTracking.Internal.StateManager.SaveChangesAsync(IList`1 entriesToSave, CancellationToken cancellationToken)
   at Microsoft.EntityFrameworkCore.ChangeTracking.Internal.StateManager.SaveChangesAsync(StateManager stateManager, Boolean acceptAllChangesOnSuccess, CancellationToken cancellationToken)
   at Npgsql.EntityFrameworkCore.PostgreSQL.Storage.Internal.NpgsqlExecutionStrategy.ExecuteAsync[TState,TResult](TState state, Func`4 operation, Func`4 verifySucceeded, CancellationToken cancellationToken)
   at Microsoft.EntityFrameworkCore.DbContext.SaveChangesAsync(Boolean acceptAllChangesOnSuccess, CancellationToken cancellationToken)
   at Microsoft.EntityFrameworkCore.DbContext.SaveChangesAsync(Boolean acceptAllChangesOnSuccess, CancellationToken cancellationToken)
   at Biktal.Infrastructure.Persistence.CrmDataSeeder.SeedIfEmptyAsync(ApplicationDbContext db, CancellationToken cancellationToken)
   at Program.<Main>$(String[] args) in d:\Systems\BiktalSystems\Program.cs:line 71
2026-07-02 17:14:11.451 +03:00 [WRN] Continuing without a successful migration/seed. Auth and data pages may fail until the database is available.
2026-07-02 17:14:11.474 +03:00 [WRN] Using an in-memory repository. Keys will not be persisted to storage.
2026-07-02 17:14:11.475 +03:00 [WRN] Neither user profile nor HKLM registry available. Using an ephemeral key repository. Protected data will be unavailable when application exits.
2026-07-02 17:14:11.493 +03:00 [WRN] No XML encryptor configured. Key {8d3cc386-b029-4248-a4db-19c753f48ff9} may be persisted to storage in unencrypted form.
2026-07-02 17:14:11.548 +03:00 [INF] Application started. Press Ctrl+C to shut down.
2026-07-02 17:14:11.548 +03:00 [INF] Hosting environment: Production
2026-07-02 17:14:11.548 +03:00 [INF] Content root path: D:\Systems\BiktalSystems\publish
2026-07-02 17:14:11.653 +03:00 [INF] HTTP GET /Pos responded 302 in 82.3530 ms
2026-07-02 17:14:11.801 +03:00 [ERR] An exception was thrown while deserializing the token.
Microsoft.AspNetCore.Antiforgery.AntiforgeryValidationException: The antiforgery token could not be decrypted.
 ---> System.Security.Cryptography.CryptographicException: The key {1a8e6468-089a-48d9-80c6-1eb72a9ec582} was not found in the key ring. For more information go to https://aka.ms/aspnet/dataprotectionwarning
   at Microsoft.AspNetCore.DataProtection.KeyManagement.KeyRingBasedDataProtector.UnprotectCore(Byte[] protectedData, Boolean allowOperationsOnRevokedKeys, UnprotectStatus& status)
   at Microsoft.AspNetCore.DataProtection.KeyManagement.KeyRingBasedDataProtector.Unprotect(Byte[] protectedData)
   at Microsoft.AspNetCore.Antiforgery.DefaultAntiforgeryTokenSerializer.Deserialize(String serializedToken)
   --- End of inner exception stack trace ---
   at Microsoft.AspNetCore.Antiforgery.DefaultAntiforgeryTokenSerializer.Deserialize(String serializedToken)
   at Microsoft.AspNetCore.Antiforgery.DefaultAntiforgery.GetCookieTokenDoesNotThrow(HttpContext httpContext)
2026-07-02 17:14:11.896 +03:00 [INF] HTTP GET /Account/Login responded 200 in 226.7648 ms
2026-07-02 17:14:12.077 +03:00 [INF] HTTP GET /js/site.js responded 200 in 89.2302 ms
2026-07-02 17:14:12.077 +03:00 [INF] HTTP GET /lib/jquery-validation/dist/jquery.validate.min.js responded 200 in 88.5847 ms
2026-07-02 17:14:12.078 +03:00 [INF] HTTP GET /css/site.css responded 200 in 102.8549 ms
2026-07-02 17:14:12.079 +03:00 [INF] HTTP GET /lib/jquery-validation-unobtrusive/dist/jquery.validate.unobtrusive.min.js responded 200 in 62.0072 ms
2026-07-02 17:14:12.079 +03:00 [INF] HTTP GET /lib/bootstrap/dist/css/bootstrap.min.css responded 200 in 93.1138 ms
2026-07-02 17:14:12.079 +03:00 [INF] HTTP GET /lib/jquery/dist/jquery.min.js responded 200 in 95.0852 ms
2026-07-02 17:14:12.079 +03:00 [INF] HTTP GET /lib/bootstrap/dist/js/bootstrap.bundle.min.js responded 200 in 91.6750 ms
2026-07-02 17:14:12.085 +03:00 [INF] HTTP GET /Biktal.WebMVC.styles.css responded 200 in 102.2933 ms
2026-07-02 17:14:21.014 +03:00 [INF] HTTP POST /Account/Login responded 302 in 541.1767 ms
2026-07-02 17:14:21.066 +03:00 [WRN] The query uses the 'First'/'FirstOrDefault' operator without 'OrderBy' and filter operators. This may lead to unpredictable results.
2026-07-02 17:14:21.131 +03:00 [INF] HTTP GET /Pos responded 200 in 110.7148 ms
2026-07-02 17:14:21.205 +03:00 [INF] HTTP GET /Biktal.WebMVC.styles.css responded 200 in 4.7488 ms
2026-07-02 17:14:21.209 +03:00 [INF] HTTP GET /lib/bootstrap/dist/css/bootstrap.min.css responded 200 in 14.6531 ms
2026-07-02 17:14:21.215 +03:00 [INF] HTTP GET /css/site.css responded 200 in 5.4526 ms
2026-07-02 17:14:21.269 +03:00 [INF] HTTP GET /lib/jquery/dist/jquery.min.js responded 304 in 63.2993 ms
2026-07-02 17:14:21.269 +03:00 [INF] HTTP GET /js/site.js responded 304 in 43.4593 ms
2026-07-02 17:14:21.270 +03:00 [INF] HTTP GET /js/pos.js responded 200 in 30.9084 ms
2026-07-02 17:14:21.373 +03:00 [INF] HTTP GET /lib/bootstrap/dist/js/bootstrap.bundle.min.js responded 304 in 157.4806 ms
2026-07-02 17:15:55.019 +03:00 [INF] HTTP POST /Pos/CompleteSale responded 200 in 680.1337 ms
2026-07-02 17:19:32.676 +03:00 [INF] HTTP GET /Crm responded 200 in 320.8896 ms
2026-07-02 17:19:32.749 +03:00 [INF] HTTP GET /lib/bootstrap/dist/css/bootstrap.min.css responded 200 in 1.6220 ms
2026-07-02 17:19:32.751 +03:00 [INF] HTTP GET /css/site.css responded 200 in 1.2431 ms
2026-07-02 17:19:32.752 +03:00 [INF] HTTP GET /Biktal.WebMVC.styles.css responded 200 in 1.1871 ms
2026-07-02 17:19:32.755 +03:00 [INF] HTTP GET /lib/jquery/dist/jquery.min.js responded 200 in 1.3847 ms
2026-07-02 17:19:32.784 +03:00 [INF] HTTP GET /lib/bootstrap/dist/js/bootstrap.bundle.min.js responded 200 in 27.7048 ms
2026-07-02 17:19:32.791 +03:00 [INF] HTTP GET /js/site.js responded 200 in 4.2989 ms
2026-07-02 17:19:54.425 +03:00 [WRN] The query uses the 'First'/'FirstOrDefault' operator without 'OrderBy' and filter operators. This may lead to unpredictable results.
2026-07-02 17:19:54.440 +03:00 [WRN] The query uses the 'First'/'FirstOrDefault' operator without 'OrderBy' and filter operators. This may lead to unpredictable results.
2026-07-02 17:19:54.494 +03:00 [INF] HTTP GET /Operations responded 200 in 112.7601 ms
2026-07-02 17:19:54.568 +03:00 [INF] HTTP GET /lib/bootstrap/dist/css/bootstrap.min.css responded 304 in 5.1666 ms
2026-07-02 17:19:54.585 +03:00 [INF] HTTP GET /css/site.css responded 304 in 0.6739 ms
2026-07-02 17:19:54.586 +03:00 [INF] HTTP GET /Biktal.WebMVC.styles.css responded 304 in 0.7275 ms
2026-07-02 17:19:54.588 +03:00 [INF] HTTP GET /lib/bootstrap/dist/js/bootstrap.bundle.min.js responded 304 in 1.6633 ms
2026-07-02 17:19:54.590 +03:00 [INF] HTTP GET /js/site.js responded 304 in 0.8817 ms
2026-07-02 17:19:54.592 +03:00 [INF] HTTP GET /lib/jquery/dist/jquery.min.js responded 304 in 1.3427 ms
2026-07-02 17:40:09.652 +03:00 [INF] Application is shutting down...
2026-07-02 17:43:01.824 +03:00 [ERR] Failed executing DbCommand (8ms) [Parameters=[@p0='?' (DbType = Guid), @p1='?' (DbType = DateTime), @p2='?' (DbType = Guid), @p3='?', @p4='?' (DbType = DateTime), @p5='?' (DbType = Int32), @p6='?' (DbType = Int32), @p7='?', @p8='?', @p9='?' (DbType = Guid), @p10='?' (DbType = DateTime), @p11='?' (DbType = Guid), @p12='?', @p13='?' (DbType = DateTime), @p14='?' (DbType = Int32), @p15='?' (DbType = Int32), @p16='?', @p17='?'], CommandType='"Text"', CommandTimeout='30']
INSERT INTO "CrmSupportTickets" ("Id", "CreatedAtUtc", "CustomerId", "Description", "ModifiedAtUtc", "Priority", "Status", "Subject", "TicketNumber")
VALUES (@p0, @p1, @p2, @p3, @p4, @p5, @p6, @p7, @p8);
INSERT INTO "CrmSupportTickets" ("Id", "CreatedAtUtc", "CustomerId", "Description", "ModifiedAtUtc", "Priority", "Status", "Subject", "TicketNumber")
VALUES (@p9, @p10, @p11, @p12, @p13, @p14, @p15, @p16, @p17);
2026-07-02 17:43:01.899 +03:00 [ERR] An exception occurred in the database while saving changes for context type 'Biktal.Infrastructure.Persistence.ApplicationDbContext'.
Microsoft.EntityFrameworkCore.DbUpdateException: An error occurred while saving the entity changes. See the inner exception for details.
 ---> Npgsql.PostgresException (0x80004005): 23503: insert or update on table "CrmSupportTickets" violates foreign key constraint "FK_CrmSupportTickets_CrmCustomers_CustomerId"

DETAIL: Detail redacted as it may contain sensitive data. Specify 'Include Error Detail' in the connection string to include this information.
   at Npgsql.Internal.NpgsqlConnector.ReadMessageLong(Boolean async, DataRowLoadingMode dataRowLoadingMode, Boolean readingNotifications, Boolean isReadingPrependedMessage)
   at System.Runtime.CompilerServices.PoolingAsyncValueTaskMethodBuilder`1.StateMachineBox`1.System.Threading.Tasks.Sources.IValueTaskSource<TResult>.GetResult(Int16 token)
   at Npgsql.NpgsqlDataReader.NextResult(Boolean async, Boolean isConsuming, CancellationToken cancellationToken)
   at Npgsql.NpgsqlDataReader.NextResult(Boolean async, Boolean isConsuming, CancellationToken cancellationToken)
   at Npgsql.NpgsqlCommand.ExecuteReader(Boolean async, CommandBehavior behavior, CancellationToken cancellationToken)
   at Npgsql.NpgsqlCommand.ExecuteReader(Boolean async, CommandBehavior behavior, CancellationToken cancellationToken)
   at Npgsql.NpgsqlCommand.ExecuteDbDataReaderAsync(CommandBehavior behavior, CancellationToken cancellationToken)
   at Microsoft.EntityFrameworkCore.Storage.RelationalCommand.ExecuteReaderAsync(RelationalCommandParameterObject parameterObject, CancellationToken cancellationToken)
   at Microsoft.EntityFrameworkCore.Storage.RelationalCommand.ExecuteReaderAsync(RelationalCommandParameterObject parameterObject, CancellationToken cancellationToken)
   at Microsoft.EntityFrameworkCore.Update.ReaderModificationCommandBatch.ExecuteAsync(IRelationalConnection connection, CancellationToken cancellationToken)
  Exception data:
    Severity: ERROR
    SqlState: 23503
    MessageText: insert or update on table "CrmSupportTickets" violates foreign key constraint "FK_CrmSupportTickets_CrmCustomers_CustomerId"
    Detail: Detail redacted as it may contain sensitive data. Specify 'Include Error Detail' in the connection string to include this information.
    SchemaName: public
    TableName: CrmSupportTickets
    ConstraintName: FK_CrmSupportTickets_CrmCustomers_CustomerId
    File: ri_triggers.c
    Line: 2783
    Routine: ri_ReportViolation
   --- End of inner exception stack trace ---
   at Microsoft.EntityFrameworkCore.Update.ReaderModificationCommandBatch.ExecuteAsync(IRelationalConnection connection, CancellationToken cancellationToken)
   at Microsoft.EntityFrameworkCore.Update.Internal.BatchExecutor.ExecuteAsync(IEnumerable`1 commandBatches, IRelationalConnection connection, CancellationToken cancellationToken)
   at Microsoft.EntityFrameworkCore.Update.Internal.BatchExecutor.ExecuteAsync(IEnumerable`1 commandBatches, IRelationalConnection connection, CancellationToken cancellationToken)
   at Microsoft.EntityFrameworkCore.Update.Internal.BatchExecutor.ExecuteAsync(IEnumerable`1 commandBatches, IRelationalConnection connection, CancellationToken cancellationToken)
   at Microsoft.EntityFrameworkCore.Storage.RelationalDatabase.SaveChangesAsync(IList`1 entries, CancellationToken cancellationToken)
   at Microsoft.EntityFrameworkCore.ChangeTracking.Internal.StateManager.SaveChangesAsync(IList`1 entriesToSave, CancellationToken cancellationToken)
   at Microsoft.EntityFrameworkCore.ChangeTracking.Internal.StateManager.SaveChangesAsync(StateManager stateManager, Boolean acceptAllChangesOnSuccess, CancellationToken cancellationToken)
   at Npgsql.EntityFrameworkCore.PostgreSQL.Storage.Internal.NpgsqlExecutionStrategy.ExecuteAsync[TState,TResult](TState state, Func`4 operation, Func`4 verifySucceeded, CancellationToken cancellationToken)
   at Microsoft.EntityFrameworkCore.DbContext.SaveChangesAsync(Boolean acceptAllChangesOnSuccess, CancellationToken cancellationToken)
Microsoft.EntityFrameworkCore.DbUpdateException: An error occurred while saving the entity changes. See the inner exception for details.
 ---> Npgsql.PostgresException (0x80004005): 23503: insert or update on table "CrmSupportTickets" violates foreign key constraint "FK_CrmSupportTickets_CrmCustomers_CustomerId"

DETAIL: Detail redacted as it may contain sensitive data. Specify 'Include Error Detail' in the connection string to include this information.
   at Npgsql.Internal.NpgsqlConnector.ReadMessageLong(Boolean async, DataRowLoadingMode dataRowLoadingMode, Boolean readingNotifications, Boolean isReadingPrependedMessage)
   at System.Runtime.CompilerServices.PoolingAsyncValueTaskMethodBuilder`1.StateMachineBox`1.System.Threading.Tasks.Sources.IValueTaskSource<TResult>.GetResult(Int16 token)
   at Npgsql.NpgsqlDataReader.NextResult(Boolean async, Boolean isConsuming, CancellationToken cancellationToken)
   at Npgsql.NpgsqlDataReader.NextResult(Boolean async, Boolean isConsuming, CancellationToken cancellationToken)
   at Npgsql.NpgsqlCommand.ExecuteReader(Boolean async, CommandBehavior behavior, CancellationToken cancellationToken)
   at Npgsql.NpgsqlCommand.ExecuteReader(Boolean async, CommandBehavior behavior, CancellationToken cancellationToken)
   at Npgsql.NpgsqlCommand.ExecuteDbDataReaderAsync(CommandBehavior behavior, CancellationToken cancellationToken)
   at Microsoft.EntityFrameworkCore.Storage.RelationalCommand.ExecuteReaderAsync(RelationalCommandParameterObject parameterObject, CancellationToken cancellationToken)
   at Microsoft.EntityFrameworkCore.Storage.RelationalCommand.ExecuteReaderAsync(RelationalCommandParameterObject parameterObject, CancellationToken cancellationToken)
   at Microsoft.EntityFrameworkCore.Update.ReaderModificationCommandBatch.ExecuteAsync(IRelationalConnection connection, CancellationToken cancellationToken)
  Exception data:
    Severity: ERROR
    SqlState: 23503
    MessageText: insert or update on table "CrmSupportTickets" violates foreign key constraint "FK_CrmSupportTickets_CrmCustomers_CustomerId"
    Detail: Detail redacted as it may contain sensitive data. Specify 'Include Error Detail' in the connection string to include this information.
    SchemaName: public
    TableName: CrmSupportTickets
    ConstraintName: FK_CrmSupportTickets_CrmCustomers_CustomerId
    File: ri_triggers.c
    Line: 2783
    Routine: ri_ReportViolation
   --- End of inner exception stack trace ---
   at Microsoft.EntityFrameworkCore.Update.ReaderModificationCommandBatch.ExecuteAsync(IRelationalConnection connection, CancellationToken cancellationToken)
   at Microsoft.EntityFrameworkCore.Update.Internal.BatchExecutor.ExecuteAsync(IEnumerable`1 commandBatches, IRelationalConnection connection, CancellationToken cancellationToken)
   at Microsoft.EntityFrameworkCore.Update.Internal.BatchExecutor.ExecuteAsync(IEnumerable`1 commandBatches, IRelationalConnection connection, CancellationToken cancellationToken)
   at Microsoft.EntityFrameworkCore.Update.Internal.BatchExecutor.ExecuteAsync(IEnumerable`1 commandBatches, IRelationalConnection connection, CancellationToken cancellationToken)
   at Microsoft.EntityFrameworkCore.Storage.RelationalDatabase.SaveChangesAsync(IList`1 entries, CancellationToken cancellationToken)
   at Microsoft.EntityFrameworkCore.ChangeTracking.Internal.StateManager.SaveChangesAsync(IList`1 entriesToSave, CancellationToken cancellationToken)
   at Microsoft.EntityFrameworkCore.ChangeTracking.Internal.StateManager.SaveChangesAsync(StateManager stateManager, Boolean acceptAllChangesOnSuccess, CancellationToken cancellationToken)
   at Npgsql.EntityFrameworkCore.PostgreSQL.Storage.Internal.NpgsqlExecutionStrategy.ExecuteAsync[TState,TResult](TState state, Func`4 operation, Func`4 verifySucceeded, CancellationToken cancellationToken)
   at Microsoft.EntityFrameworkCore.DbContext.SaveChangesAsync(Boolean acceptAllChangesOnSuccess, CancellationToken cancellationToken)
2026-07-02 17:43:01.904 +03:00 [ERR] Database migration or seed failed. Check PostgreSQL is running and ConnectionStrings:DefaultConnection is correct.
Microsoft.EntityFrameworkCore.DbUpdateException: An error occurred while saving the entity changes. See the inner exception for details.
 ---> Npgsql.PostgresException (0x80004005): 23503: insert or update on table "CrmSupportTickets" violates foreign key constraint "FK_CrmSupportTickets_CrmCustomers_CustomerId"

DETAIL: Detail redacted as it may contain sensitive data. Specify 'Include Error Detail' in the connection string to include this information.
   at Npgsql.Internal.NpgsqlConnector.ReadMessageLong(Boolean async, DataRowLoadingMode dataRowLoadingMode, Boolean readingNotifications, Boolean isReadingPrependedMessage)
   at System.Runtime.CompilerServices.PoolingAsyncValueTaskMethodBuilder`1.StateMachineBox`1.System.Threading.Tasks.Sources.IValueTaskSource<TResult>.GetResult(Int16 token)
   at Npgsql.NpgsqlDataReader.NextResult(Boolean async, Boolean isConsuming, CancellationToken cancellationToken)
   at Npgsql.NpgsqlDataReader.NextResult(Boolean async, Boolean isConsuming, CancellationToken cancellationToken)
   at Npgsql.NpgsqlCommand.ExecuteReader(Boolean async, CommandBehavior behavior, CancellationToken cancellationToken)
   at Npgsql.NpgsqlCommand.ExecuteReader(Boolean async, CommandBehavior behavior, CancellationToken cancellationToken)
   at Npgsql.NpgsqlCommand.ExecuteDbDataReaderAsync(CommandBehavior behavior, CancellationToken cancellationToken)
   at Microsoft.EntityFrameworkCore.Storage.RelationalCommand.ExecuteReaderAsync(RelationalCommandParameterObject parameterObject, CancellationToken cancellationToken)
   at Microsoft.EntityFrameworkCore.Storage.RelationalCommand.ExecuteReaderAsync(RelationalCommandParameterObject parameterObject, CancellationToken cancellationToken)
   at Microsoft.EntityFrameworkCore.Update.ReaderModificationCommandBatch.ExecuteAsync(IRelationalConnection connection, CancellationToken cancellationToken)
  Exception data:
    Severity: ERROR
    SqlState: 23503
    MessageText: insert or update on table "CrmSupportTickets" violates foreign key constraint "FK_CrmSupportTickets_CrmCustomers_CustomerId"
    Detail: Detail redacted as it may contain sensitive data. Specify 'Include Error Detail' in the connection string to include this information.
    SchemaName: public
    TableName: CrmSupportTickets
    ConstraintName: FK_CrmSupportTickets_CrmCustomers_CustomerId
    File: ri_triggers.c
    Line: 2783
    Routine: ri_ReportViolation
   --- End of inner exception stack trace ---
   at Microsoft.EntityFrameworkCore.Update.ReaderModificationCommandBatch.ExecuteAsync(IRelationalConnection connection, CancellationToken cancellationToken)
   at Microsoft.EntityFrameworkCore.Update.Internal.BatchExecutor.ExecuteAsync(IEnumerable`1 commandBatches, IRelationalConnection connection, CancellationToken cancellationToken)
   at Microsoft.EntityFrameworkCore.Update.Internal.BatchExecutor.ExecuteAsync(IEnumerable`1 commandBatches, IRelationalConnection connection, CancellationToken cancellationToken)
   at Microsoft.EntityFrameworkCore.Update.Internal.BatchExecutor.ExecuteAsync(IEnumerable`1 commandBatches, IRelationalConnection connection, CancellationToken cancellationToken)
   at Microsoft.EntityFrameworkCore.Storage.RelationalDatabase.SaveChangesAsync(IList`1 entries, CancellationToken cancellationToken)
   at Microsoft.EntityFrameworkCore.ChangeTracking.Internal.StateManager.SaveChangesAsync(IList`1 entriesToSave, CancellationToken cancellationToken)
   at Microsoft.EntityFrameworkCore.ChangeTracking.Internal.StateManager.SaveChangesAsync(StateManager stateManager, Boolean acceptAllChangesOnSuccess, CancellationToken cancellationToken)
   at Npgsql.EntityFrameworkCore.PostgreSQL.Storage.Internal.NpgsqlExecutionStrategy.ExecuteAsync[TState,TResult](TState state, Func`4 operation, Func`4 verifySucceeded, CancellationToken cancellationToken)
   at Microsoft.EntityFrameworkCore.DbContext.SaveChangesAsync(Boolean acceptAllChangesOnSuccess, CancellationToken cancellationToken)
   at Microsoft.EntityFrameworkCore.DbContext.SaveChangesAsync(Boolean acceptAllChangesOnSuccess, CancellationToken cancellationToken)
   at Biktal.Infrastructure.Persistence.CrmDataSeeder.SeedIfEmptyAsync(ApplicationDbContext db, CancellationToken cancellationToken)
   at Program.<Main>$(String[] args) in d:\Systems\BiktalSystems\Program.cs:line 71
2026-07-02 17:43:01.910 +03:00 [WRN] Continuing without a successful migration/seed. Auth and data pages may fail until the database is available.
2026-07-02 17:43:01.934 +03:00 [WRN] Using an in-memory repository. Keys will not be persisted to storage.
2026-07-02 17:43:01.935 +03:00 [WRN] Neither user profile nor HKLM registry available. Using an ephemeral key repository. Protected data will be unavailable when application exits.
2026-07-02 17:43:01.953 +03:00 [WRN] No XML encryptor configured. Key {d42ffe9e-0815-4ab0-869f-5cf9fa3832d7} may be persisted to storage in unencrypted form.
2026-07-02 17:43:02.008 +03:00 [INF] Application started. Press Ctrl+C to shut down.
2026-07-02 17:43:02.008 +03:00 [INF] Hosting environment: Production
2026-07-02 17:43:02.008 +03:00 [INF] Content root path: D:\Systems\BiktalSystems\publish
2026-07-02 17:43:02.138 +03:00 [INF] HTTP GET /Inventory responded 302 in 108.3133 ms
2026-07-02 17:43:02.325 +03:00 [ERR] An exception was thrown while deserializing the token.
Microsoft.AspNetCore.Antiforgery.AntiforgeryValidationException: The antiforgery token could not be decrypted.
 ---> System.Security.Cryptography.CryptographicException: The key {8d3cc386-b029-4248-a4db-19c753f48ff9} was not found in the key ring. For more information go to https://aka.ms/aspnet/dataprotectionwarning
   at Microsoft.AspNetCore.DataProtection.KeyManagement.KeyRingBasedDataProtector.UnprotectCore(Byte[] protectedData, Boolean allowOperationsOnRevokedKeys, UnprotectStatus& status)
   at Microsoft.AspNetCore.DataProtection.KeyManagement.KeyRingBasedDataProtector.Unprotect(Byte[] protectedData)
   at Microsoft.AspNetCore.Antiforgery.DefaultAntiforgeryTokenSerializer.Deserialize(String serializedToken)
   --- End of inner exception stack trace ---
   at Microsoft.AspNetCore.Antiforgery.DefaultAntiforgeryTokenSerializer.Deserialize(String serializedToken)
   at Microsoft.AspNetCore.Antiforgery.DefaultAntiforgery.GetCookieTokenDoesNotThrow(HttpContext httpContext)
2026-07-02 17:43:02.424 +03:00 [INF] HTTP GET /Account/Login responded 200 in 265.3110 ms
2026-07-02 17:43:02.603 +03:00 [INF] HTTP GET /css/site.css responded 200 in 104.7723 ms
2026-07-02 17:43:02.604 +03:00 [INF] HTTP GET /lib/jquery-validation/dist/jquery.validate.min.js responded 200 in 57.4731 ms
2026-07-02 17:43:02.604 +03:00 [INF] HTTP GET /Biktal.WebMVC.styles.css responded 200 in 96.4252 ms
2026-07-02 17:43:02.605 +03:00 [INF] HTTP GET /lib/jquery-validation-unobtrusive/dist/jquery.validate.unobtrusive.min.js responded 200 in 89.4890 ms
2026-07-02 17:43:02.605 +03:00 [INF] HTTP GET /lib/bootstrap/dist/js/bootstrap.bundle.min.js responded 200 in 87.8655 ms
2026-07-02 17:43:02.605 +03:00 [INF] HTTP GET /lib/jquery/dist/jquery.min.js responded 200 in 89.8408 ms
2026-07-02 17:43:02.604 +03:00 [INF] HTTP GET /js/site.js responded 200 in 87.4391 ms
2026-07-02 17:43:02.607 +03:00 [INF] HTTP GET /lib/bootstrap/dist/css/bootstrap.min.css responded 200 in 92.8643 ms
2026-07-02 17:43:08.967 +03:00 [INF] HTTP POST /Account/Login responded 302 in 525.3549 ms
2026-07-02 17:43:09.152 +03:00 [INF] HTTP GET /Inventory responded 200 in 178.7727 ms
2026-07-02 17:43:09.232 +03:00 [INF] HTTP GET /lib/bootstrap/dist/css/bootstrap.min.css responded 304 in 15.2528 ms
2026-07-02 17:43:09.232 +03:00 [INF] HTTP GET /Biktal.WebMVC.styles.css responded 304 in 10.2604 ms
2026-07-02 17:43:09.265 +03:00 [INF] HTTP GET /js/site.js responded 304 in 31.8241 ms
2026-07-02 17:43:09.265 +03:00 [INF] HTTP GET /css/site.css responded 304 in 31.2230 ms
2026-07-02 17:43:09.272 +03:00 [INF] HTTP GET /lib/jquery/dist/jquery.min.js responded 304 in 32.5003 ms
2026-07-02 17:43:09.406 +03:00 [INF] HTTP GET /lib/bootstrap/dist/js/bootstrap.bundle.min.js responded 304 in 152.1018 ms
2026-07-02 17:43:11.147 +03:00 [INF] HTTP GET /Inventory/Products responded 200 in 445.8300 ms
2026-07-02 17:43:11.165 +03:00 [INF] HTTP GET /lib/bootstrap/dist/css/bootstrap.min.css responded 304 in 0.8942 ms
2026-07-02 17:43:11.165 +03:00 [INF] HTTP GET /css/site.css responded 304 in 0.9395 ms
2026-07-02 17:43:11.175 +03:00 [INF] HTTP GET /Biktal.WebMVC.styles.css responded 304 in 3.2042 ms
2026-07-02 17:43:11.999 +03:00 [INF] HTTP GET /lib/jquery/dist/jquery.min.js responded 304 in 0.5194 ms
2026-07-02 17:43:12.024 +03:00 [INF] HTTP GET /js/site.js responded 304 in 0.5540 ms
2026-07-02 17:43:12.024 +03:00 [INF] HTTP GET /lib/bootstrap/dist/js/bootstrap.bundle.min.js responded 304 in 1.1385 ms
2026-07-02 17:43:12.026 +03:00 [INF] HTTP GET /js/products-catalog-filter.js responded 200 in 1.3889 ms
2026-07-02 17:43:12.040 +03:00 [INF] HTTP GET /lib/jquery-validation-unobtrusive/dist/jquery.validate.unobtrusive.min.js responded 304 in 16.1839 ms
2026-07-02 17:43:12.046 +03:00 [INF] HTTP GET /lib/jquery-validation/dist/jquery.validate.min.js responded 304 in 21.8350 ms
2026-07-02 17:51:28.519 +03:00 [INF] HTTP GET /Crm responded 200 in 127.5242 ms
2026-07-02 17:51:28.608 +03:00 [INF] HTTP GET /css/site.css responded 200 in 2.4420 ms
2026-07-02 17:51:28.609 +03:00 [INF] HTTP GET /Biktal.WebMVC.styles.css responded 200 in 1.2493 ms
2026-07-02 17:51:28.612 +03:00 [INF] HTTP GET /lib/jquery/dist/jquery.min.js responded 200 in 1.7961 ms
2026-07-02 17:51:28.620 +03:00 [INF] HTTP GET /lib/bootstrap/dist/js/bootstrap.bundle.min.js responded 200 in 5.2577 ms
2026-07-02 17:51:28.624 +03:00 [INF] HTTP GET /lib/bootstrap/dist/css/bootstrap.min.css responded 200 in 3.1654 ms
2026-07-02 17:51:28.627 +03:00 [INF] HTTP GET /js/site.js responded 200 in 2.5825 ms
2026-07-02 17:51:31.243 +03:00 [INF] HTTP GET /Installments responded 200 in 104.4445 ms
2026-07-02 17:51:31.311 +03:00 [INF] HTTP GET /lib/bootstrap/dist/css/bootstrap.min.css responded 304 in 0.9385 ms
2026-07-02 17:51:31.317 +03:00 [INF] HTTP GET /css/site.css responded 304 in 4.6357 ms
2026-07-02 17:51:31.318 +03:00 [INF] HTTP GET /Biktal.WebMVC.styles.css responded 304 in 1.2734 ms
2026-07-02 17:51:31.324 +03:00 [INF] HTTP GET /lib/jquery/dist/jquery.min.js responded 304 in 5.1388 ms
2026-07-02 17:51:31.325 +03:00 [INF] HTTP GET /lib/bootstrap/dist/js/bootstrap.bundle.min.js responded 304 in 1.0217 ms
2026-07-02 17:51:31.331 +03:00 [INF] HTTP GET /js/site.js responded 304 in 1.1889 ms
2026-07-02 18:12:12.023 +03:00 [INF] Application is shutting down...
2026-07-02 19:43:00.719 +03:00 [ERR] Failed executing DbCommand (17ms) [Parameters=[@p0='?' (DbType = Guid), @p1='?' (DbType = DateTime), @p2='?' (DbType = Guid), @p3='?', @p4='?' (DbType = DateTime), @p5='?' (DbType = Int32), @p6='?' (DbType = Int32), @p7='?', @p8='?', @p9='?' (DbType = Guid), @p10='?' (DbType = DateTime), @p11='?' (DbType = Guid), @p12='?', @p13='?' (DbType = DateTime), @p14='?' (DbType = Int32), @p15='?' (DbType = Int32), @p16='?', @p17='?'], CommandType='"Text"', CommandTimeout='30']
INSERT INTO "CrmSupportTickets" ("Id", "CreatedAtUtc", "CustomerId", "Description", "ModifiedAtUtc", "Priority", "Status", "Subject", "TicketNumber")
VALUES (@p0, @p1, @p2, @p3, @p4, @p5, @p6, @p7, @p8);
INSERT INTO "CrmSupportTickets" ("Id", "CreatedAtUtc", "CustomerId", "Description", "ModifiedAtUtc", "Priority", "Status", "Subject", "TicketNumber")
VALUES (@p9, @p10, @p11, @p12, @p13, @p14, @p15, @p16, @p17);
2026-07-02 19:43:00.796 +03:00 [ERR] An exception occurred in the database while saving changes for context type 'Biktal.Infrastructure.Persistence.ApplicationDbContext'.
Microsoft.EntityFrameworkCore.DbUpdateException: An error occurred while saving the entity changes. See the inner exception for details.
 ---> Npgsql.PostgresException (0x80004005): 23503: insert or update on table "CrmSupportTickets" violates foreign key constraint "FK_CrmSupportTickets_CrmCustomers_CustomerId"

DETAIL: Detail redacted as it may contain sensitive data. Specify 'Include Error Detail' in the connection string to include this information.
   at Npgsql.Internal.NpgsqlConnector.ReadMessageLong(Boolean async, DataRowLoadingMode dataRowLoadingMode, Boolean readingNotifications, Boolean isReadingPrependedMessage)
   at System.Runtime.CompilerServices.PoolingAsyncValueTaskMethodBuilder`1.StateMachineBox`1.System.Threading.Tasks.Sources.IValueTaskSource<TResult>.GetResult(Int16 token)
   at Npgsql.NpgsqlDataReader.NextResult(Boolean async, Boolean isConsuming, CancellationToken cancellationToken)
   at Npgsql.NpgsqlDataReader.NextResult(Boolean async, Boolean isConsuming, CancellationToken cancellationToken)
   at Npgsql.NpgsqlCommand.ExecuteReader(Boolean async, CommandBehavior behavior, CancellationToken cancellationToken)
   at Npgsql.NpgsqlCommand.ExecuteReader(Boolean async, CommandBehavior behavior, CancellationToken cancellationToken)
   at Npgsql.NpgsqlCommand.ExecuteDbDataReaderAsync(CommandBehavior behavior, CancellationToken cancellationToken)
   at Microsoft.EntityFrameworkCore.Storage.RelationalCommand.ExecuteReaderAsync(RelationalCommandParameterObject parameterObject, CancellationToken cancellationToken)
   at Microsoft.EntityFrameworkCore.Storage.RelationalCommand.ExecuteReaderAsync(RelationalCommandParameterObject parameterObject, CancellationToken cancellationToken)
   at Microsoft.EntityFrameworkCore.Update.ReaderModificationCommandBatch.ExecuteAsync(IRelationalConnection connection, CancellationToken cancellationToken)
  Exception data:
    Severity: ERROR
    SqlState: 23503
    MessageText: insert or update on table "CrmSupportTickets" violates foreign key constraint "FK_CrmSupportTickets_CrmCustomers_CustomerId"
    Detail: Detail redacted as it may contain sensitive data. Specify 'Include Error Detail' in the connection string to include this information.
    SchemaName: public
    TableName: CrmSupportTickets
    ConstraintName: FK_CrmSupportTickets_CrmCustomers_CustomerId
    File: ri_triggers.c
    Line: 2783
    Routine: ri_ReportViolation
   --- End of inner exception stack trace ---
   at Microsoft.EntityFrameworkCore.Update.ReaderModificationCommandBatch.ExecuteAsync(IRelationalConnection connection, CancellationToken cancellationToken)
   at Microsoft.EntityFrameworkCore.Update.Internal.BatchExecutor.ExecuteAsync(IEnumerable`1 commandBatches, IRelationalConnection connection, CancellationToken cancellationToken)
   at Microsoft.EntityFrameworkCore.Update.Internal.BatchExecutor.ExecuteAsync(IEnumerable`1 commandBatches, IRelationalConnection connection, CancellationToken cancellationToken)
   at Microsoft.EntityFrameworkCore.Update.Internal.BatchExecutor.ExecuteAsync(IEnumerable`1 commandBatches, IRelationalConnection connection, CancellationToken cancellationToken)
   at Microsoft.EntityFrameworkCore.Storage.RelationalDatabase.SaveChangesAsync(IList`1 entries, CancellationToken cancellationToken)
   at Microsoft.EntityFrameworkCore.ChangeTracking.Internal.StateManager.SaveChangesAsync(IList`1 entriesToSave, CancellationToken cancellationToken)
   at Microsoft.EntityFrameworkCore.ChangeTracking.Internal.StateManager.SaveChangesAsync(StateManager stateManager, Boolean acceptAllChangesOnSuccess, CancellationToken cancellationToken)
   at Npgsql.EntityFrameworkCore.PostgreSQL.Storage.Internal.NpgsqlExecutionStrategy.ExecuteAsync[TState,TResult](TState state, Func`4 operation, Func`4 verifySucceeded, CancellationToken cancellationToken)
   at Microsoft.EntityFrameworkCore.DbContext.SaveChangesAsync(Boolean acceptAllChangesOnSuccess, CancellationToken cancellationToken)
Microsoft.EntityFrameworkCore.DbUpdateException: An error occurred while saving the entity changes. See the inner exception for details.
 ---> Npgsql.PostgresException (0x80004005): 23503: insert or update on table "CrmSupportTickets" violates foreign key constraint "FK_CrmSupportTickets_CrmCustomers_CustomerId"

DETAIL: Detail redacted as it may contain sensitive data. Specify 'Include Error Detail' in the connection string to include this information.
   at Npgsql.Internal.NpgsqlConnector.ReadMessageLong(Boolean async, DataRowLoadingMode dataRowLoadingMode, Boolean readingNotifications, Boolean isReadingPrependedMessage)
   at System.Runtime.CompilerServices.PoolingAsyncValueTaskMethodBuilder`1.StateMachineBox`1.System.Threading.Tasks.Sources.IValueTaskSource<TResult>.GetResult(Int16 token)
   at Npgsql.NpgsqlDataReader.NextResult(Boolean async, Boolean isConsuming, CancellationToken cancellationToken)
   at Npgsql.NpgsqlDataReader.NextResult(Boolean async, Boolean isConsuming, CancellationToken cancellationToken)
   at Npgsql.NpgsqlCommand.ExecuteReader(Boolean async, CommandBehavior behavior, CancellationToken cancellationToken)
   at Npgsql.NpgsqlCommand.ExecuteReader(Boolean async, CommandBehavior behavior, CancellationToken cancellationToken)
   at Npgsql.NpgsqlCommand.ExecuteDbDataReaderAsync(CommandBehavior behavior, CancellationToken cancellationToken)
   at Microsoft.EntityFrameworkCore.Storage.RelationalCommand.ExecuteReaderAsync(RelationalCommandParameterObject parameterObject, CancellationToken cancellationToken)
   at Microsoft.EntityFrameworkCore.Storage.RelationalCommand.ExecuteReaderAsync(RelationalCommandParameterObject parameterObject, CancellationToken cancellationToken)
   at Microsoft.EntityFrameworkCore.Update.ReaderModificationCommandBatch.ExecuteAsync(IRelationalConnection connection, CancellationToken cancellationToken)
  Exception data:
    Severity: ERROR
    SqlState: 23503
    MessageText: insert or update on table "CrmSupportTickets" violates foreign key constraint "FK_CrmSupportTickets_CrmCustomers_CustomerId"
    Detail: Detail redacted as it may contain sensitive data. Specify 'Include Error Detail' in the connection string to include this information.
    SchemaName: public
    TableName: CrmSupportTickets
    ConstraintName: FK_CrmSupportTickets_CrmCustomers_CustomerId
    File: ri_triggers.c
    Line: 2783
    Routine: ri_ReportViolation
   --- End of inner exception stack trace ---
   at Microsoft.EntityFrameworkCore.Update.ReaderModificationCommandBatch.ExecuteAsync(IRelationalConnection connection, CancellationToken cancellationToken)
   at Microsoft.EntityFrameworkCore.Update.Internal.BatchExecutor.ExecuteAsync(IEnumerable`1 commandBatches, IRelationalConnection connection, CancellationToken cancellationToken)
   at Microsoft.EntityFrameworkCore.Update.Internal.BatchExecutor.ExecuteAsync(IEnumerable`1 commandBatches, IRelationalConnection connection, CancellationToken cancellationToken)
   at Microsoft.EntityFrameworkCore.Update.Internal.BatchExecutor.ExecuteAsync(IEnumerable`1 commandBatches, IRelationalConnection connection, CancellationToken cancellationToken)
   at Microsoft.EntityFrameworkCore.Storage.RelationalDatabase.SaveChangesAsync(IList`1 entries, CancellationToken cancellationToken)
   at Microsoft.EntityFrameworkCore.ChangeTracking.Internal.StateManager.SaveChangesAsync(IList`1 entriesToSave, CancellationToken cancellationToken)
   at Microsoft.EntityFrameworkCore.ChangeTracking.Internal.StateManager.SaveChangesAsync(StateManager stateManager, Boolean acceptAllChangesOnSuccess, CancellationToken cancellationToken)
   at Npgsql.EntityFrameworkCore.PostgreSQL.Storage.Internal.NpgsqlExecutionStrategy.ExecuteAsync[TState,TResult](TState state, Func`4 operation, Func`4 verifySucceeded, CancellationToken cancellationToken)
   at Microsoft.EntityFrameworkCore.DbContext.SaveChangesAsync(Boolean acceptAllChangesOnSuccess, CancellationToken cancellationToken)
2026-07-02 19:43:00.804 +03:00 [ERR] Database migration or seed failed. Check PostgreSQL is running and ConnectionStrings:DefaultConnection is correct.
Microsoft.EntityFrameworkCore.DbUpdateException: An error occurred while saving the entity changes. See the inner exception for details.
 ---> Npgsql.PostgresException (0x80004005): 23503: insert or update on table "CrmSupportTickets" violates foreign key constraint "FK_CrmSupportTickets_CrmCustomers_CustomerId"

DETAIL: Detail redacted as it may contain sensitive data. Specify 'Include Error Detail' in the connection string to include this information.
   at Npgsql.Internal.NpgsqlConnector.ReadMessageLong(Boolean async, DataRowLoadingMode dataRowLoadingMode, Boolean readingNotifications, Boolean isReadingPrependedMessage)
   at System.Runtime.CompilerServices.PoolingAsyncValueTaskMethodBuilder`1.StateMachineBox`1.System.Threading.Tasks.Sources.IValueTaskSource<TResult>.GetResult(Int16 token)
   at Npgsql.NpgsqlDataReader.NextResult(Boolean async, Boolean isConsuming, CancellationToken cancellationToken)
   at Npgsql.NpgsqlDataReader.NextResult(Boolean async, Boolean isConsuming, CancellationToken cancellationToken)
   at Npgsql.NpgsqlCommand.ExecuteReader(Boolean async, CommandBehavior behavior, CancellationToken cancellationToken)
   at Npgsql.NpgsqlCommand.ExecuteReader(Boolean async, CommandBehavior behavior, CancellationToken cancellationToken)
   at Npgsql.NpgsqlCommand.ExecuteDbDataReaderAsync(CommandBehavior behavior, CancellationToken cancellationToken)
   at Microsoft.EntityFrameworkCore.Storage.RelationalCommand.ExecuteReaderAsync(RelationalCommandParameterObject parameterObject, CancellationToken cancellationToken)
   at Microsoft.EntityFrameworkCore.Storage.RelationalCommand.ExecuteReaderAsync(RelationalCommandParameterObject parameterObject, CancellationToken cancellationToken)
   at Microsoft.EntityFrameworkCore.Update.ReaderModificationCommandBatch.ExecuteAsync(IRelationalConnection connection, CancellationToken cancellationToken)
  Exception data:
    Severity: ERROR
    SqlState: 23503
    MessageText: insert or update on table "CrmSupportTickets" violates foreign key constraint "FK_CrmSupportTickets_CrmCustomers_CustomerId"
    Detail: Detail redacted as it may contain sensitive data. Specify 'Include Error Detail' in the connection string to include this information.
    SchemaName: public
    TableName: CrmSupportTickets
    ConstraintName: FK_CrmSupportTickets_CrmCustomers_CustomerId
    File: ri_triggers.c
    Line: 2783
    Routine: ri_ReportViolation
   --- End of inner exception stack trace ---
   at Microsoft.EntityFrameworkCore.Update.ReaderModificationCommandBatch.ExecuteAsync(IRelationalConnection connection, CancellationToken cancellationToken)
   at Microsoft.EntityFrameworkCore.Update.Internal.BatchExecutor.ExecuteAsync(IEnumerable`1 commandBatches, IRelationalConnection connection, CancellationToken cancellationToken)
   at Microsoft.EntityFrameworkCore.Update.Internal.BatchExecutor.ExecuteAsync(IEnumerable`1 commandBatches, IRelationalConnection connection, CancellationToken cancellationToken)
   at Microsoft.EntityFrameworkCore.Update.Internal.BatchExecutor.ExecuteAsync(IEnumerable`1 commandBatches, IRelationalConnection connection, CancellationToken cancellationToken)
   at Microsoft.EntityFrameworkCore.Storage.RelationalDatabase.SaveChangesAsync(IList`1 entries, CancellationToken cancellationToken)
   at Microsoft.EntityFrameworkCore.ChangeTracking.Internal.StateManager.SaveChangesAsync(IList`1 entriesToSave, CancellationToken cancellationToken)
   at Microsoft.EntityFrameworkCore.ChangeTracking.Internal.StateManager.SaveChangesAsync(StateManager stateManager, Boolean acceptAllChangesOnSuccess, CancellationToken cancellationToken)
   at Npgsql.EntityFrameworkCore.PostgreSQL.Storage.Internal.NpgsqlExecutionStrategy.ExecuteAsync[TState,TResult](TState state, Func`4 operation, Func`4 verifySucceeded, CancellationToken cancellationToken)
   at Microsoft.EntityFrameworkCore.DbContext.SaveChangesAsync(Boolean acceptAllChangesOnSuccess, CancellationToken cancellationToken)
   at Microsoft.EntityFrameworkCore.DbContext.SaveChangesAsync(Boolean acceptAllChangesOnSuccess, CancellationToken cancellationToken)
   at Biktal.Infrastructure.Persistence.CrmDataSeeder.SeedIfEmptyAsync(ApplicationDbContext db, CancellationToken cancellationToken)
   at Program.<Main>$(String[] args) in d:\Systems\BiktalSystems\Program.cs:line 71
2026-07-02 19:43:00.821 +03:00 [WRN] Continuing without a successful migration/seed. Auth and data pages may fail until the database is available.
2026-07-02 19:43:00.847 +03:00 [WRN] Using an in-memory repository. Keys will not be persisted to storage.
2026-07-02 19:43:00.849 +03:00 [WRN] Neither user profile nor HKLM registry available. Using an ephemeral key repository. Protected data will be unavailable when application exits.
2026-07-02 19:43:00.869 +03:00 [WRN] No XML encryptor configured. Key {4b68b19f-f1e3-45ed-b44c-cf425c13a591} may be persisted to storage in unencrypted form.
2026-07-02 19:43:00.931 +03:00 [INF] Application started. Press Ctrl+C to shut down.
2026-07-02 19:43:00.932 +03:00 [INF] Hosting environment: Production
2026-07-02 19:43:00.932 +03:00 [INF] Content root path: D:\Systems\BiktalSystems\publish
2026-07-02 19:43:01.046 +03:00 [INF] HTTP GET /Inventory responded 302 in 91.3972 ms
2026-07-02 19:43:01.206 +03:00 [ERR] An exception was thrown while deserializing the token.
Microsoft.AspNetCore.Antiforgery.AntiforgeryValidationException: The antiforgery token could not be decrypted.
 ---> System.Security.Cryptography.CryptographicException: The key {d42ffe9e-0815-4ab0-869f-5cf9fa3832d7} was not found in the key ring. For more information go to https://aka.ms/aspnet/dataprotectionwarning
   at Microsoft.AspNetCore.DataProtection.KeyManagement.KeyRingBasedDataProtector.UnprotectCore(Byte[] protectedData, Boolean allowOperationsOnRevokedKeys, UnprotectStatus& status)
   at Microsoft.AspNetCore.DataProtection.KeyManagement.KeyRingBasedDataProtector.Unprotect(Byte[] protectedData)
   at Microsoft.AspNetCore.Antiforgery.DefaultAntiforgeryTokenSerializer.Deserialize(String serializedToken)
   --- End of inner exception stack trace ---
   at Microsoft.AspNetCore.Antiforgery.DefaultAntiforgeryTokenSerializer.Deserialize(String serializedToken)
   at Microsoft.AspNetCore.Antiforgery.DefaultAntiforgery.GetCookieTokenDoesNotThrow(HttpContext httpContext)
2026-07-02 19:43:01.325 +03:00 [INF] HTTP GET /Account/Login responded 200 in 262.0595 ms
2026-07-02 19:43:01.540 +03:00 [INF] HTTP GET /lib/jquery-validation-unobtrusive/dist/jquery.validate.unobtrusive.min.js responded 200 in 100.8120 ms
2026-07-02 19:43:01.541 +03:00 [INF] HTTP GET /js/site.js responded 200 in 74.2436 ms
2026-07-02 19:43:01.544 +03:00 [INF] HTTP GET /lib/jquery-validation/dist/jquery.validate.min.js responded 200 in 104.4180 ms
2026-07-02 19:43:01.544 +03:00 [INF] HTTP GET /css/site.css responded 200 in 104.4983 ms
2026-07-02 19:43:01.545 +03:00 [INF] HTTP GET /lib/bootstrap/dist/css/bootstrap.min.css responded 200 in 118.2153 ms
2026-07-02 19:43:01.546 +03:00 [INF] HTTP GET /lib/jquery/dist/jquery.min.js responded 200 in 109.7793 ms
2026-07-02 19:43:01.561 +03:00 [INF] HTTP GET /Biktal.WebMVC.styles.css responded 200 in 121.0931 ms
2026-07-02 19:43:01.571 +03:00 [INF] HTTP GET /lib/bootstrap/dist/js/bootstrap.bundle.min.js responded 200 in 130.0858 ms
2026-07-02 19:43:10.140 +03:00 [INF] HTTP POST /Account/Login responded 302 in 527.0158 ms
2026-07-02 19:43:10.325 +03:00 [INF] HTTP GET /Inventory responded 200 in 179.2674 ms
2026-07-02 19:43:10.441 +03:00 [INF] HTTP GET /lib/bootstrap/dist/css/bootstrap.min.css responded 304 in 62.9677 ms
2026-07-02 19:43:10.490 +03:00 [INF] HTTP GET /Biktal.WebMVC.styles.css responded 304 in 35.8782 ms
2026-07-02 19:43:10.490 +03:00 [INF] HTTP GET /css/site.css responded 304 in 37.1720 ms
2026-07-02 19:43:10.501 +03:00 [INF] HTTP GET /js/site.js responded 304 in 42.1788 ms
2026-07-02 19:43:10.504 +03:00 [INF] HTTP GET /lib/jquery/dist/jquery.min.js responded 304 in 47.7155 ms
2026-07-02 19:43:10.657 +03:00 [INF] HTTP GET /lib/bootstrap/dist/js/bootstrap.bundle.min.js responded 304 in 166.6207 ms
2026-07-02 19:43:13.258 +03:00 [INF] HTTP GET /Inventory/Products responded 200 in 522.5231 ms
2026-07-02 19:43:13.288 +03:00 [INF] HTTP GET /Biktal.WebMVC.styles.css responded 304 in 2.4755 ms
2026-07-02 19:43:13.289 +03:00 [INF] HTTP GET /css/site.css responded 304 in 1.1547 ms
2026-07-02 19:43:13.289 +03:00 [INF] HTTP GET /lib/bootstrap/dist/css/bootstrap.min.css responded 200 in 3.6278 ms
2026-07-02 19:43:14.103 +03:00 [INF] HTTP GET /lib/jquery/dist/jquery.min.js responded 304 in 0.6980 ms
2026-07-02 19:43:14.131 +03:00 [INF] HTTP GET /lib/bootstrap/dist/js/bootstrap.bundle.min.js responded 304 in 1.3454 ms
2026-07-02 19:43:14.131 +03:00 [INF] HTTP GET /js/site.js responded 304 in 0.7957 ms
2026-07-02 19:43:14.140 +03:00 [INF] HTTP GET /js/products-catalog-filter.js responded 200 in 3.0252 ms
2026-07-02 19:43:14.145 +03:00 [INF] HTTP GET /lib/jquery-validation-unobtrusive/dist/jquery.validate.unobtrusive.min.js responded 304 in 13.2581 ms
2026-07-02 19:43:14.152 +03:00 [INF] HTTP GET /lib/jquery-validation/dist/jquery.validate.min.js responded 304 in 20.9631 ms
2026-07-02 20:03:19.848 +03:00 [INF] Application is shutting down...
2026-07-02 20:47:36.671 +03:00 [ERR] Failed executing DbCommand (6ms) [Parameters=[@p0='?' (DbType = Guid), @p1='?' (DbType = DateTime), @p2='?' (DbType = Guid), @p3='?', @p4='?' (DbType = DateTime), @p5='?' (DbType = Int32), @p6='?' (DbType = Int32), @p7='?', @p8='?', @p9='?' (DbType = Guid), @p10='?' (DbType = DateTime), @p11='?' (DbType = Guid), @p12='?', @p13='?' (DbType = DateTime), @p14='?' (DbType = Int32), @p15='?' (DbType = Int32), @p16='?', @p17='?'], CommandType='"Text"', CommandTimeout='30']
INSERT INTO "CrmSupportTickets" ("Id", "CreatedAtUtc", "CustomerId", "Description", "ModifiedAtUtc", "Priority", "Status", "Subject", "TicketNumber")
VALUES (@p0, @p1, @p2, @p3, @p4, @p5, @p6, @p7, @p8);
INSERT INTO "CrmSupportTickets" ("Id", "CreatedAtUtc", "CustomerId", "Description", "ModifiedAtUtc", "Priority", "Status", "Subject", "TicketNumber")
VALUES (@p9, @p10, @p11, @p12, @p13, @p14, @p15, @p16, @p17);
2026-07-02 20:47:36.744 +03:00 [ERR] An exception occurred in the database while saving changes for context type 'Biktal.Infrastructure.Persistence.ApplicationDbContext'.
Microsoft.EntityFrameworkCore.DbUpdateException: An error occurred while saving the entity changes. See the inner exception for details.
 ---> Npgsql.PostgresException (0x80004005): 23503: insert or update on table "CrmSupportTickets" violates foreign key constraint "FK_CrmSupportTickets_CrmCustomers_CustomerId"

DETAIL: Detail redacted as it may contain sensitive data. Specify 'Include Error Detail' in the connection string to include this information.
   at Npgsql.Internal.NpgsqlConnector.ReadMessageLong(Boolean async, DataRowLoadingMode dataRowLoadingMode, Boolean readingNotifications, Boolean isReadingPrependedMessage)
   at System.Runtime.CompilerServices.PoolingAsyncValueTaskMethodBuilder`1.StateMachineBox`1.System.Threading.Tasks.Sources.IValueTaskSource<TResult>.GetResult(Int16 token)
   at Npgsql.NpgsqlDataReader.NextResult(Boolean async, Boolean isConsuming, CancellationToken cancellationToken)
   at Npgsql.NpgsqlDataReader.NextResult(Boolean async, Boolean isConsuming, CancellationToken cancellationToken)
   at Npgsql.NpgsqlCommand.ExecuteReader(Boolean async, CommandBehavior behavior, CancellationToken cancellationToken)
   at Npgsql.NpgsqlCommand.ExecuteReader(Boolean async, CommandBehavior behavior, CancellationToken cancellationToken)
   at Npgsql.NpgsqlCommand.ExecuteDbDataReaderAsync(CommandBehavior behavior, CancellationToken cancellationToken)
   at Microsoft.EntityFrameworkCore.Storage.RelationalCommand.ExecuteReaderAsync(RelationalCommandParameterObject parameterObject, CancellationToken cancellationToken)
   at Microsoft.EntityFrameworkCore.Storage.RelationalCommand.ExecuteReaderAsync(RelationalCommandParameterObject parameterObject, CancellationToken cancellationToken)
   at Microsoft.EntityFrameworkCore.Update.ReaderModificationCommandBatch.ExecuteAsync(IRelationalConnection connection, CancellationToken cancellationToken)
  Exception data:
    Severity: ERROR
    SqlState: 23503
    MessageText: insert or update on table "CrmSupportTickets" violates foreign key constraint "FK_CrmSupportTickets_CrmCustomers_CustomerId"
    Detail: Detail redacted as it may contain sensitive data. Specify 'Include Error Detail' in the connection string to include this information.
    SchemaName: public
    TableName: CrmSupportTickets
    ConstraintName: FK_CrmSupportTickets_CrmCustomers_CustomerId
    File: ri_triggers.c
    Line: 2783
    Routine: ri_ReportViolation
   --- End of inner exception stack trace ---
   at Microsoft.EntityFrameworkCore.Update.ReaderModificationCommandBatch.ExecuteAsync(IRelationalConnection connection, CancellationToken cancellationToken)
   at Microsoft.EntityFrameworkCore.Update.Internal.BatchExecutor.ExecuteAsync(IEnumerable`1 commandBatches, IRelationalConnection connection, CancellationToken cancellationToken)
   at Microsoft.EntityFrameworkCore.Update.Internal.BatchExecutor.ExecuteAsync(IEnumerable`1 commandBatches, IRelationalConnection connection, CancellationToken cancellationToken)
   at Microsoft.EntityFrameworkCore.Update.Internal.BatchExecutor.ExecuteAsync(IEnumerable`1 commandBatches, IRelationalConnection connection, CancellationToken cancellationToken)
   at Microsoft.EntityFrameworkCore.Storage.RelationalDatabase.SaveChangesAsync(IList`1 entries, CancellationToken cancellationToken)
   at Microsoft.EntityFrameworkCore.ChangeTracking.Internal.StateManager.SaveChangesAsync(IList`1 entriesToSave, CancellationToken cancellationToken)
   at Microsoft.EntityFrameworkCore.ChangeTracking.Internal.StateManager.SaveChangesAsync(StateManager stateManager, Boolean acceptAllChangesOnSuccess, CancellationToken cancellationToken)
   at Npgsql.EntityFrameworkCore.PostgreSQL.Storage.Internal.NpgsqlExecutionStrategy.ExecuteAsync[TState,TResult](TState state, Func`4 operation, Func`4 verifySucceeded, CancellationToken cancellationToken)
   at Microsoft.EntityFrameworkCore.DbContext.SaveChangesAsync(Boolean acceptAllChangesOnSuccess, CancellationToken cancellationToken)
Microsoft.EntityFrameworkCore.DbUpdateException: An error occurred while saving the entity changes. See the inner exception for details.
 ---> Npgsql.PostgresException (0x80004005): 23503: insert or update on table "CrmSupportTickets" violates foreign key constraint "FK_CrmSupportTickets_CrmCustomers_CustomerId"

DETAIL: Detail redacted as it may contain sensitive data. Specify 'Include Error Detail' in the connection string to include this information.
   at Npgsql.Internal.NpgsqlConnector.ReadMessageLong(Boolean async, DataRowLoadingMode dataRowLoadingMode, Boolean readingNotifications, Boolean isReadingPrependedMessage)
   at System.Runtime.CompilerServices.PoolingAsyncValueTaskMethodBuilder`1.StateMachineBox`1.System.Threading.Tasks.Sources.IValueTaskSource<TResult>.GetResult(Int16 token)
   at Npgsql.NpgsqlDataReader.NextResult(Boolean async, Boolean isConsuming, CancellationToken cancellationToken)
   at Npgsql.NpgsqlDataReader.NextResult(Boolean async, Boolean isConsuming, CancellationToken cancellationToken)
   at Npgsql.NpgsqlCommand.ExecuteReader(Boolean async, CommandBehavior behavior, CancellationToken cancellationToken)
   at Npgsql.NpgsqlCommand.ExecuteReader(Boolean async, CommandBehavior behavior, CancellationToken cancellationToken)
   at Npgsql.NpgsqlCommand.ExecuteDbDataReaderAsync(CommandBehavior behavior, CancellationToken cancellationToken)
   at Microsoft.EntityFrameworkCore.Storage.RelationalCommand.ExecuteReaderAsync(RelationalCommandParameterObject parameterObject, CancellationToken cancellationToken)
   at Microsoft.EntityFrameworkCore.Storage.RelationalCommand.ExecuteReaderAsync(RelationalCommandParameterObject parameterObject, CancellationToken cancellationToken)
   at Microsoft.EntityFrameworkCore.Update.ReaderModificationCommandBatch.ExecuteAsync(IRelationalConnection connection, CancellationToken cancellationToken)
  Exception data:
    Severity: ERROR
    SqlState: 23503
    MessageText: insert or update on table "CrmSupportTickets" violates foreign key constraint "FK_CrmSupportTickets_CrmCustomers_CustomerId"
    Detail: Detail redacted as it may contain sensitive data. Specify 'Include Error Detail' in the connection string to include this information.
    SchemaName: public
    TableName: CrmSupportTickets
    ConstraintName: FK_CrmSupportTickets_CrmCustomers_CustomerId
    File: ri_triggers.c
    Line: 2783
    Routine: ri_ReportViolation
   --- End of inner exception stack trace ---
   at Microsoft.EntityFrameworkCore.Update.ReaderModificationCommandBatch.ExecuteAsync(IRelationalConnection connection, CancellationToken cancellationToken)
   at Microsoft.EntityFrameworkCore.Update.Internal.BatchExecutor.ExecuteAsync(IEnumerable`1 commandBatches, IRelationalConnection connection, CancellationToken cancellationToken)
   at Microsoft.EntityFrameworkCore.Update.Internal.BatchExecutor.ExecuteAsync(IEnumerable`1 commandBatches, IRelationalConnection connection, CancellationToken cancellationToken)
   at Microsoft.EntityFrameworkCore.Update.Internal.BatchExecutor.ExecuteAsync(IEnumerable`1 commandBatches, IRelationalConnection connection, CancellationToken cancellationToken)
   at Microsoft.EntityFrameworkCore.Storage.RelationalDatabase.SaveChangesAsync(IList`1 entries, CancellationToken cancellationToken)
   at Microsoft.EntityFrameworkCore.ChangeTracking.Internal.StateManager.SaveChangesAsync(IList`1 entriesToSave, CancellationToken cancellationToken)
   at Microsoft.EntityFrameworkCore.ChangeTracking.Internal.StateManager.SaveChangesAsync(StateManager stateManager, Boolean acceptAllChangesOnSuccess, CancellationToken cancellationToken)
   at Npgsql.EntityFrameworkCore.PostgreSQL.Storage.Internal.NpgsqlExecutionStrategy.ExecuteAsync[TState,TResult](TState state, Func`4 operation, Func`4 verifySucceeded, CancellationToken cancellationToken)
   at Microsoft.EntityFrameworkCore.DbContext.SaveChangesAsync(Boolean acceptAllChangesOnSuccess, CancellationToken cancellationToken)
2026-07-02 20:47:36.749 +03:00 [ERR] Database migration or seed failed. Check PostgreSQL is running and ConnectionStrings:DefaultConnection is correct.
Microsoft.EntityFrameworkCore.DbUpdateException: An error occurred while saving the entity changes. See the inner exception for details.
 ---> Npgsql.PostgresException (0x80004005): 23503: insert or update on table "CrmSupportTickets" violates foreign key constraint "FK_CrmSupportTickets_CrmCustomers_CustomerId"

DETAIL: Detail redacted as it may contain sensitive data. Specify 'Include Error Detail' in the connection string to include this information.
   at Npgsql.Internal.NpgsqlConnector.ReadMessageLong(Boolean async, DataRowLoadingMode dataRowLoadingMode, Boolean readingNotifications, Boolean isReadingPrependedMessage)
   at System.Runtime.CompilerServices.PoolingAsyncValueTaskMethodBuilder`1.StateMachineBox`1.System.Threading.Tasks.Sources.IValueTaskSource<TResult>.GetResult(Int16 token)
   at Npgsql.NpgsqlDataReader.NextResult(Boolean async, Boolean isConsuming, CancellationToken cancellationToken)
   at Npgsql.NpgsqlDataReader.NextResult(Boolean async, Boolean isConsuming, CancellationToken cancellationToken)
   at Npgsql.NpgsqlCommand.ExecuteReader(Boolean async, CommandBehavior behavior, CancellationToken cancellationToken)
   at Npgsql.NpgsqlCommand.ExecuteReader(Boolean async, CommandBehavior behavior, CancellationToken cancellationToken)
   at Npgsql.NpgsqlCommand.ExecuteDbDataReaderAsync(CommandBehavior behavior, CancellationToken cancellationToken)
   at Microsoft.EntityFrameworkCore.Storage.RelationalCommand.ExecuteReaderAsync(RelationalCommandParameterObject parameterObject, CancellationToken cancellationToken)
   at Microsoft.EntityFrameworkCore.Storage.RelationalCommand.ExecuteReaderAsync(RelationalCommandParameterObject parameterObject, CancellationToken cancellationToken)
   at Microsoft.EntityFrameworkCore.Update.ReaderModificationCommandBatch.ExecuteAsync(IRelationalConnection connection, CancellationToken cancellationToken)
  Exception data:
    Severity: ERROR
    SqlState: 23503
    MessageText: insert or update on table "CrmSupportTickets" violates foreign key constraint "FK_CrmSupportTickets_CrmCustomers_CustomerId"
    Detail: Detail redacted as it may contain sensitive data. Specify 'Include Error Detail' in the connection string to include this information.
    SchemaName: public
    TableName: CrmSupportTickets
    ConstraintName: FK_CrmSupportTickets_CrmCustomers_CustomerId
    File: ri_triggers.c
    Line: 2783
    Routine: ri_ReportViolation
   --- End of inner exception stack trace ---
   at Microsoft.EntityFrameworkCore.Update.ReaderModificationCommandBatch.ExecuteAsync(IRelationalConnection connection, CancellationToken cancellationToken)
   at Microsoft.EntityFrameworkCore.Update.Internal.BatchExecutor.ExecuteAsync(IEnumerable`1 commandBatches, IRelationalConnection connection, CancellationToken cancellationToken)
   at Microsoft.EntityFrameworkCore.Update.Internal.BatchExecutor.ExecuteAsync(IEnumerable`1 commandBatches, IRelationalConnection connection, CancellationToken cancellationToken)
   at Microsoft.EntityFrameworkCore.Update.Internal.BatchExecutor.ExecuteAsync(IEnumerable`1 commandBatches, IRelationalConnection connection, CancellationToken cancellationToken)
   at Microsoft.EntityFrameworkCore.Storage.RelationalDatabase.SaveChangesAsync(IList`1 entries, CancellationToken cancellationToken)
   at Microsoft.EntityFrameworkCore.ChangeTracking.Internal.StateManager.SaveChangesAsync(IList`1 entriesToSave, CancellationToken cancellationToken)
   at Microsoft.EntityFrameworkCore.ChangeTracking.Internal.StateManager.SaveChangesAsync(StateManager stateManager, Boolean acceptAllChangesOnSuccess, CancellationToken cancellationToken)
   at Npgsql.EntityFrameworkCore.PostgreSQL.Storage.Internal.NpgsqlExecutionStrategy.ExecuteAsync[TState,TResult](TState state, Func`4 operation, Func`4 verifySucceeded, CancellationToken cancellationToken)
   at Microsoft.EntityFrameworkCore.DbContext.SaveChangesAsync(Boolean acceptAllChangesOnSuccess, CancellationToken cancellationToken)
   at Microsoft.EntityFrameworkCore.DbContext.SaveChangesAsync(Boolean acceptAllChangesOnSuccess, CancellationToken cancellationToken)
   at Biktal.Infrastructure.Persistence.CrmDataSeeder.SeedIfEmptyAsync(ApplicationDbContext db, CancellationToken cancellationToken)
   at Program.<Main>$(String[] args) in d:\Systems\BiktalSystems\Program.cs:line 71
2026-07-02 20:47:36.755 +03:00 [WRN] Continuing without a successful migration/seed. Auth and data pages may fail until the database is available.
2026-07-02 20:47:36.780 +03:00 [WRN] Using an in-memory repository. Keys will not be persisted to storage.
2026-07-02 20:47:36.780 +03:00 [WRN] Neither user profile nor HKLM registry available. Using an ephemeral key repository. Protected data will be unavailable when application exits.
2026-07-02 20:47:36.798 +03:00 [WRN] No XML encryptor configured. Key {a5ff0545-adcb-4f2e-9be8-92b1b205aa21} may be persisted to storage in unencrypted form.
2026-07-02 20:47:36.857 +03:00 [INF] Application started. Press Ctrl+C to shut down.
2026-07-02 20:47:36.857 +03:00 [INF] Hosting environment: Production
2026-07-02 20:47:36.857 +03:00 [INF] Content root path: D:\Systems\BiktalSystems\publish
2026-07-02 20:47:36.963 +03:00 [INF] HTTP GET /Inventory/Products responded 302 in 84.8459 ms
2026-07-02 20:47:37.113 +03:00 [ERR] An exception was thrown while deserializing the token.
Microsoft.AspNetCore.Antiforgery.AntiforgeryValidationException: The antiforgery token could not be decrypted.
 ---> System.Security.Cryptography.CryptographicException: The key {4b68b19f-f1e3-45ed-b44c-cf425c13a591} was not found in the key ring. For more information go to https://aka.ms/aspnet/dataprotectionwarning
   at Microsoft.AspNetCore.DataProtection.KeyManagement.KeyRingBasedDataProtector.UnprotectCore(Byte[] protectedData, Boolean allowOperationsOnRevokedKeys, UnprotectStatus& status)
   at Microsoft.AspNetCore.DataProtection.KeyManagement.KeyRingBasedDataProtector.Unprotect(Byte[] protectedData)
   at Microsoft.AspNetCore.Antiforgery.DefaultAntiforgeryTokenSerializer.Deserialize(String serializedToken)
   --- End of inner exception stack trace ---
   at Microsoft.AspNetCore.Antiforgery.DefaultAntiforgeryTokenSerializer.Deserialize(String serializedToken)
   at Microsoft.AspNetCore.Antiforgery.DefaultAntiforgery.GetCookieTokenDoesNotThrow(HttpContext httpContext)
2026-07-02 20:47:37.208 +03:00 [INF] HTTP GET /Account/Login responded 200 in 226.6603 ms
2026-07-02 20:47:37.404 +03:00 [INF] HTTP GET /css/site.css responded 200 in 109.3791 ms
2026-07-02 20:47:37.404 +03:00 [INF] HTTP GET /Biktal.WebMVC.styles.css responded 200 in 104.2948 ms
2026-07-02 20:47:37.405 +03:00 [INF] HTTP GET /lib/jquery-validation-unobtrusive/dist/jquery.validate.unobtrusive.min.js responded 200 in 95.4720 ms
2026-07-02 20:47:37.404 +03:00 [INF] HTTP GET /lib/jquery-validation/dist/jquery.validate.min.js responded 200 in 56.9217 ms
2026-07-02 20:47:37.406 +03:00 [INF] HTTP GET /js/site.js responded 200 in 95.5904 ms
2026-07-02 20:47:37.406 +03:00 [INF] HTTP GET /lib/bootstrap/dist/css/bootstrap.min.css responded 200 in 101.6683 ms
2026-07-02 20:47:37.406 +03:00 [INF] HTTP GET /lib/jquery/dist/jquery.min.js responded 200 in 97.0491 ms
2026-07-02 20:47:37.406 +03:00 [INF] HTTP GET /lib/bootstrap/dist/js/bootstrap.bundle.min.js responded 200 in 96.4967 ms
2026-07-02 20:47:44.890 +03:00 [INF] HTTP POST /Account/Login responded 302 in 531.2380 ms
2026-07-02 20:47:45.447 +03:00 [INF] HTTP GET /Inventory/Products responded 200 in 550.7201 ms
2026-07-02 20:47:45.459 +03:00 [INF] HTTP GET /Biktal.WebMVC.styles.css responded 200 in 5.2132 ms
2026-07-02 20:47:45.460 +03:00 [INF] HTTP GET /lib/bootstrap/dist/css/bootstrap.min.css responded 200 in 13.6261 ms
2026-07-02 20:47:45.512 +03:00 [INF] HTTP GET /css/site.css responded 200 in 51.9417 ms
2026-07-02 20:47:46.237 +03:00 [INF] HTTP GET /lib/jquery/dist/jquery.min.js responded 304 in 30.6595 ms
2026-07-02 20:47:46.255 +03:00 [INF] HTTP GET /js/site.js responded 304 in 18.4698 ms
2026-07-02 20:47:46.256 +03:00 [INF] HTTP GET /js/products-catalog-filter.js responded 200 in 17.3816 ms
2026-07-02 20:47:46.258 +03:00 [INF] HTTP GET /lib/jquery-validation/dist/jquery.validate.min.js responded 304 in 19.3486 ms
2026-07-02 20:47:46.273 +03:00 [INF] HTTP GET /lib/jquery-validation-unobtrusive/dist/jquery.validate.unobtrusive.min.js responded 304 in 17.6102 ms
2026-07-02 20:47:46.345 +03:00 [INF] HTTP GET /lib/bootstrap/dist/js/bootstrap.bundle.min.js responded 304 in 108.1633 ms
2026-07-02 20:47:51.657 +03:00 [INF] HTTP POST /Inventory/EditProduct responded 302 in 195.8218 ms
2026-07-02 20:47:51.835 +03:00 [INF] HTTP GET /Inventory/Products responded 200 in 170.8954 ms
2026-07-02 20:47:51.866 +03:00 [INF] HTTP GET /lib/bootstrap/dist/css/bootstrap.min.css responded 304 in 1.5577 ms
2026-07-02 20:47:51.870 +03:00 [INF] HTTP GET /Biktal.WebMVC.styles.css responded 304 in 2.5382 ms
2026-07-02 20:47:51.871 +03:00 [INF] HTTP GET /css/site.css responded 304 in 4.7928 ms
2026-07-02 20:47:52.729 +03:00 [INF] HTTP GET /lib/jquery/dist/jquery.min.js responded 304 in 0.6202 ms
2026-07-02 20:47:52.756 +03:00 [INF] HTTP GET /lib/bootstrap/dist/js/bootstrap.bundle.min.js responded 304 in 0.8345 ms
2026-07-02 20:47:52.757 +03:00 [INF] HTTP GET /lib/jquery-validation-unobtrusive/dist/jquery.validate.unobtrusive.min.js responded 304 in 0.9440 ms
2026-07-02 20:47:52.757 +03:00 [INF] HTTP GET /js/products-catalog-filter.js responded 304 in 0.6962 ms
2026-07-02 20:47:52.759 +03:00 [INF] HTTP GET /lib/jquery-validation/dist/jquery.validate.min.js responded 304 in 0.7245 ms
2026-07-02 20:47:52.759 +03:00 [INF] HTTP GET /js/site.js responded 304 in 0.7292 ms
2026-07-02 21:08:24.959 +03:00 [INF] Application is shutting down...
