2026-07-13 09:24:53.707 +03:00 [ERR] Failed executing DbCommand (34ms) [Parameters=[@p0='?' (DbType = Guid), @p1='?' (DbType = DateTime), @p2='?' (DbType = Guid), @p3='?', @p4='?' (DbType = DateTime), @p5='?' (DbType = Int32), @p6='?' (DbType = Int32), @p7='?', @p8='?', @p9='?' (DbType = Guid), @p10='?' (DbType = DateTime), @p11='?' (DbType = Guid), @p12='?', @p13='?' (DbType = DateTime), @p14='?' (DbType = Int32), @p15='?' (DbType = Int32), @p16='?', @p17='?'], CommandType='"Text"', CommandTimeout='30']
INSERT INTO "CrmSupportTickets" ("Id", "CreatedAtUtc", "CustomerId", "Description", "ModifiedAtUtc", "Priority", "Status", "Subject", "TicketNumber")
VALUES (@p0, @p1, @p2, @p3, @p4, @p5, @p6, @p7, @p8);
INSERT INTO "CrmSupportTickets" ("Id", "CreatedAtUtc", "CustomerId", "Description", "ModifiedAtUtc", "Priority", "Status", "Subject", "TicketNumber")
VALUES (@p9, @p10, @p11, @p12, @p13, @p14, @p15, @p16, @p17);
2026-07-13 09:24:53.792 +03:00 [ERR] An exception occurred in the database while saving changes for context type 'Biktal.Infrastructure.Persistence.ApplicationDbContext'.
Microsoft.EntityFrameworkCore.DbUpdateException: An error occurred while saving the entity changes. See the inner exception for details.
 ---> Npgsql.PostgresException (0x80004005): 23503: insert or update on table "CrmSupportTickets" violates foreign key constraint "FK_CrmSupportTickets_CrmCustomers_CustomerId"

DETAIL: Detail redacted as it may contain sensitive data. Specify 'Include Error Detail' in the connection string to include this information.
   at Npgsql.Internal.NpgsqlConnector.ReadMessageLong(Boolean async, DataRowLoadingMode dataRowLoadingMode, Boolean readingNotifications, Boolean isReadingPrependedMessage)
   at System.Runtime.CompilerServices.PoolingAsyncValueTaskMethodBuilder`1.StateMachineBox`1.System.Threading.Tasks.Sources.IValueTaskSource<TResult>.GetResult(Int16 token)
   at Npgsql.NpgsqlDataReader.NextResult(Boolean async, Boolean isConsuming, CancellationToken cancellationToken)
   at Npgsql.NpgsqlDataReader.NextResult(Boolean async, Boolean isConsuming, CancellationToken cancellationToken)
   at Npgsql.NpgsqlCommand.ExecuteReader(Boolean async, CommandBehavior behavior, CancellationToken cancellationToken)
   at Npgsql.NpgsqlCommand.ExecuteReader(Boolean async, CommandBehavior behavior, CancellationToken cancellationToken)
   at Npgsql.NpgsqlCommand.ExecuteDbDataReaderAsync(CommandBehavior behavior, CancellationToken cancellationToken)
   at Microsoft.EntityFrameworkCore.Storage.RelationalCommand.ExecuteReaderAsync(RelationalCommandParameterObject parameterObject, CancellationToken cancellationToken)
   at Microsoft.EntityFrameworkCore.Storage.RelationalCommand.ExecuteReaderAsync(RelationalCommandParameterObject parameterObject, CancellationToken cancellationToken)
   at Microsoft.EntityFrameworkCore.Update.ReaderModificationCommandBatch.ExecuteAsync(IRelationalConnection connection, CancellationToken cancellationToken)
  Exception data:
    Severity: ERROR
    SqlState: 23503
    MessageText: insert or update on table "CrmSupportTickets" violates foreign key constraint "FK_CrmSupportTickets_CrmCustomers_CustomerId"
    Detail: Detail redacted as it may contain sensitive data. Specify 'Include Error Detail' in the connection string to include this information.
    SchemaName: public
    TableName: CrmSupportTickets
    ConstraintName: FK_CrmSupportTickets_CrmCustomers_CustomerId
    File: ri_triggers.c
    Line: 2783
    Routine: ri_ReportViolation
   --- End of inner exception stack trace ---
   at Microsoft.EntityFrameworkCore.Update.ReaderModificationCommandBatch.ExecuteAsync(IRelationalConnection connection, CancellationToken cancellationToken)
   at Microsoft.EntityFrameworkCore.Update.Internal.BatchExecutor.ExecuteAsync(IEnumerable`1 commandBatches, IRelationalConnection connection, CancellationToken cancellationToken)
   at Microsoft.EntityFrameworkCore.Update.Internal.BatchExecutor.ExecuteAsync(IEnumerable`1 commandBatches, IRelationalConnection connection, CancellationToken cancellationToken)
   at Microsoft.EntityFrameworkCore.Update.Internal.BatchExecutor.ExecuteAsync(IEnumerable`1 commandBatches, IRelationalConnection connection, CancellationToken cancellationToken)
   at Microsoft.EntityFrameworkCore.Storage.RelationalDatabase.SaveChangesAsync(IList`1 entries, CancellationToken cancellationToken)
   at Microsoft.EntityFrameworkCore.ChangeTracking.Internal.StateManager.SaveChangesAsync(IList`1 entriesToSave, CancellationToken cancellationToken)
   at Microsoft.EntityFrameworkCore.ChangeTracking.Internal.StateManager.SaveChangesAsync(StateManager stateManager, Boolean acceptAllChangesOnSuccess, CancellationToken cancellationToken)
   at Npgsql.EntityFrameworkCore.PostgreSQL.Storage.Internal.NpgsqlExecutionStrategy.ExecuteAsync[TState,TResult](TState state, Func`4 operation, Func`4 verifySucceeded, CancellationToken cancellationToken)
   at Microsoft.EntityFrameworkCore.DbContext.SaveChangesAsync(Boolean acceptAllChangesOnSuccess, CancellationToken cancellationToken)
Microsoft.EntityFrameworkCore.DbUpdateException: An error occurred while saving the entity changes. See the inner exception for details.
 ---> Npgsql.PostgresException (0x80004005): 23503: insert or update on table "CrmSupportTickets" violates foreign key constraint "FK_CrmSupportTickets_CrmCustomers_CustomerId"

DETAIL: Detail redacted as it may contain sensitive data. Specify 'Include Error Detail' in the connection string to include this information.
   at Npgsql.Internal.NpgsqlConnector.ReadMessageLong(Boolean async, DataRowLoadingMode dataRowLoadingMode, Boolean readingNotifications, Boolean isReadingPrependedMessage)
   at System.Runtime.CompilerServices.PoolingAsyncValueTaskMethodBuilder`1.StateMachineBox`1.System.Threading.Tasks.Sources.IValueTaskSource<TResult>.GetResult(Int16 token)
   at Npgsql.NpgsqlDataReader.NextResult(Boolean async, Boolean isConsuming, CancellationToken cancellationToken)
   at Npgsql.NpgsqlDataReader.NextResult(Boolean async, Boolean isConsuming, CancellationToken cancellationToken)
   at Npgsql.NpgsqlCommand.ExecuteReader(Boolean async, CommandBehavior behavior, CancellationToken cancellationToken)
   at Npgsql.NpgsqlCommand.ExecuteReader(Boolean async, CommandBehavior behavior, CancellationToken cancellationToken)
   at Npgsql.NpgsqlCommand.ExecuteDbDataReaderAsync(CommandBehavior behavior, CancellationToken cancellationToken)
   at Microsoft.EntityFrameworkCore.Storage.RelationalCommand.ExecuteReaderAsync(RelationalCommandParameterObject parameterObject, CancellationToken cancellationToken)
   at Microsoft.EntityFrameworkCore.Storage.RelationalCommand.ExecuteReaderAsync(RelationalCommandParameterObject parameterObject, CancellationToken cancellationToken)
   at Microsoft.EntityFrameworkCore.Update.ReaderModificationCommandBatch.ExecuteAsync(IRelationalConnection connection, CancellationToken cancellationToken)
  Exception data:
    Severity: ERROR
    SqlState: 23503
    MessageText: insert or update on table "CrmSupportTickets" violates foreign key constraint "FK_CrmSupportTickets_CrmCustomers_CustomerId"
    Detail: Detail redacted as it may contain sensitive data. Specify 'Include Error Detail' in the connection string to include this information.
    SchemaName: public
    TableName: CrmSupportTickets
    ConstraintName: FK_CrmSupportTickets_CrmCustomers_CustomerId
    File: ri_triggers.c
    Line: 2783
    Routine: ri_ReportViolation
   --- End of inner exception stack trace ---
   at Microsoft.EntityFrameworkCore.Update.ReaderModificationCommandBatch.ExecuteAsync(IRelationalConnection connection, CancellationToken cancellationToken)
   at Microsoft.EntityFrameworkCore.Update.Internal.BatchExecutor.ExecuteAsync(IEnumerable`1 commandBatches, IRelationalConnection connection, CancellationToken cancellationToken)
   at Microsoft.EntityFrameworkCore.Update.Internal.BatchExecutor.ExecuteAsync(IEnumerable`1 commandBatches, IRelationalConnection connection, CancellationToken cancellationToken)
   at Microsoft.EntityFrameworkCore.Update.Internal.BatchExecutor.ExecuteAsync(IEnumerable`1 commandBatches, IRelationalConnection connection, CancellationToken cancellationToken)
   at Microsoft.EntityFrameworkCore.Storage.RelationalDatabase.SaveChangesAsync(IList`1 entries, CancellationToken cancellationToken)
   at Microsoft.EntityFrameworkCore.ChangeTracking.Internal.StateManager.SaveChangesAsync(IList`1 entriesToSave, CancellationToken cancellationToken)
   at Microsoft.EntityFrameworkCore.ChangeTracking.Internal.StateManager.SaveChangesAsync(StateManager stateManager, Boolean acceptAllChangesOnSuccess, CancellationToken cancellationToken)
   at Npgsql.EntityFrameworkCore.PostgreSQL.Storage.Internal.NpgsqlExecutionStrategy.ExecuteAsync[TState,TResult](TState state, Func`4 operation, Func`4 verifySucceeded, CancellationToken cancellationToken)
   at Microsoft.EntityFrameworkCore.DbContext.SaveChangesAsync(Boolean acceptAllChangesOnSuccess, CancellationToken cancellationToken)
2026-07-13 09:24:53.798 +03:00 [ERR] Database migration or seed failed. Check PostgreSQL is running and ConnectionStrings:DefaultConnection is correct.
Microsoft.EntityFrameworkCore.DbUpdateException: An error occurred while saving the entity changes. See the inner exception for details.
 ---> Npgsql.PostgresException (0x80004005): 23503: insert or update on table "CrmSupportTickets" violates foreign key constraint "FK_CrmSupportTickets_CrmCustomers_CustomerId"

DETAIL: Detail redacted as it may contain sensitive data. Specify 'Include Error Detail' in the connection string to include this information.
   at Npgsql.Internal.NpgsqlConnector.ReadMessageLong(Boolean async, DataRowLoadingMode dataRowLoadingMode, Boolean readingNotifications, Boolean isReadingPrependedMessage)
   at System.Runtime.CompilerServices.PoolingAsyncValueTaskMethodBuilder`1.StateMachineBox`1.System.Threading.Tasks.Sources.IValueTaskSource<TResult>.GetResult(Int16 token)
   at Npgsql.NpgsqlDataReader.NextResult(Boolean async, Boolean isConsuming, CancellationToken cancellationToken)
   at Npgsql.NpgsqlDataReader.NextResult(Boolean async, Boolean isConsuming, CancellationToken cancellationToken)
   at Npgsql.NpgsqlCommand.ExecuteReader(Boolean async, CommandBehavior behavior, CancellationToken cancellationToken)
   at Npgsql.NpgsqlCommand.ExecuteReader(Boolean async, CommandBehavior behavior, CancellationToken cancellationToken)
   at Npgsql.NpgsqlCommand.ExecuteDbDataReaderAsync(CommandBehavior behavior, CancellationToken cancellationToken)
   at Microsoft.EntityFrameworkCore.Storage.RelationalCommand.ExecuteReaderAsync(RelationalCommandParameterObject parameterObject, CancellationToken cancellationToken)
   at Microsoft.EntityFrameworkCore.Storage.RelationalCommand.ExecuteReaderAsync(RelationalCommandParameterObject parameterObject, CancellationToken cancellationToken)
   at Microsoft.EntityFrameworkCore.Update.ReaderModificationCommandBatch.ExecuteAsync(IRelationalConnection connection, CancellationToken cancellationToken)
  Exception data:
    Severity: ERROR
    SqlState: 23503
    MessageText: insert or update on table "CrmSupportTickets" violates foreign key constraint "FK_CrmSupportTickets_CrmCustomers_CustomerId"
    Detail: Detail redacted as it may contain sensitive data. Specify 'Include Error Detail' in the connection string to include this information.
    SchemaName: public
    TableName: CrmSupportTickets
    ConstraintName: FK_CrmSupportTickets_CrmCustomers_CustomerId
    File: ri_triggers.c
    Line: 2783
    Routine: ri_ReportViolation
   --- End of inner exception stack trace ---
   at Microsoft.EntityFrameworkCore.Update.ReaderModificationCommandBatch.ExecuteAsync(IRelationalConnection connection, CancellationToken cancellationToken)
   at Microsoft.EntityFrameworkCore.Update.Internal.BatchExecutor.ExecuteAsync(IEnumerable`1 commandBatches, IRelationalConnection connection, CancellationToken cancellationToken)
   at Microsoft.EntityFrameworkCore.Update.Internal.BatchExecutor.ExecuteAsync(IEnumerable`1 commandBatches, IRelationalConnection connection, CancellationToken cancellationToken)
   at Microsoft.EntityFrameworkCore.Update.Internal.BatchExecutor.ExecuteAsync(IEnumerable`1 commandBatches, IRelationalConnection connection, CancellationToken cancellationToken)
   at Microsoft.EntityFrameworkCore.Storage.RelationalDatabase.SaveChangesAsync(IList`1 entries, CancellationToken cancellationToken)
   at Microsoft.EntityFrameworkCore.ChangeTracking.Internal.StateManager.SaveChangesAsync(IList`1 entriesToSave, CancellationToken cancellationToken)
   at Microsoft.EntityFrameworkCore.ChangeTracking.Internal.StateManager.SaveChangesAsync(StateManager stateManager, Boolean acceptAllChangesOnSuccess, CancellationToken cancellationToken)
   at Npgsql.EntityFrameworkCore.PostgreSQL.Storage.Internal.NpgsqlExecutionStrategy.ExecuteAsync[TState,TResult](TState state, Func`4 operation, Func`4 verifySucceeded, CancellationToken cancellationToken)
   at Microsoft.EntityFrameworkCore.DbContext.SaveChangesAsync(Boolean acceptAllChangesOnSuccess, CancellationToken cancellationToken)
   at Microsoft.EntityFrameworkCore.DbContext.SaveChangesAsync(Boolean acceptAllChangesOnSuccess, CancellationToken cancellationToken)
   at Biktal.Infrastructure.Persistence.CrmDataSeeder.SeedIfEmptyAsync(ApplicationDbContext db, CancellationToken cancellationToken)
   at Program.<Main>$(String[] args) in d:\Systems\BiktalSystems\Program.cs:line 71
2026-07-13 09:24:53.817 +03:00 [WRN] Continuing without a successful migration/seed. Auth and data pages may fail until the database is available.
2026-07-13 09:24:53.850 +03:00 [WRN] Using an in-memory repository. Keys will not be persisted to storage.
2026-07-13 09:24:53.850 +03:00 [WRN] Neither user profile nor HKLM registry available. Using an ephemeral key repository. Protected data will be unavailable when application exits.
2026-07-13 09:24:53.881 +03:00 [WRN] No XML encryptor configured. Key {2c9ed748-ae5e-43d1-89a1-260425e645ba} may be persisted to storage in unencrypted form.
2026-07-13 09:24:53.932 +03:00 [INF] Application started. Press Ctrl+C to shut down.
2026-07-13 09:24:53.932 +03:00 [INF] Hosting environment: Production
2026-07-13 09:24:53.932 +03:00 [INF] Content root path: D:\Systems\BiktalSystems\publish
2026-07-13 09:24:54.169 +03:00 [ERR] An exception was thrown while deserializing the token.
Microsoft.AspNetCore.Antiforgery.AntiforgeryValidationException: The antiforgery token could not be decrypted.
 ---> System.Security.Cryptography.CryptographicException: The key {f7fab427-e546-418d-8650-a19977144d50} was not found in the key ring. For more information go to https://aka.ms/aspnet/dataprotectionwarning
   at Microsoft.AspNetCore.DataProtection.KeyManagement.KeyRingBasedDataProtector.UnprotectCore(Byte[] protectedData, Boolean allowOperationsOnRevokedKeys, UnprotectStatus& status)
   at Microsoft.AspNetCore.DataProtection.KeyManagement.KeyRingBasedDataProtector.Unprotect(Byte[] protectedData)
   at Microsoft.AspNetCore.Antiforgery.DefaultAntiforgeryTokenSerializer.Deserialize(String serializedToken)
   --- End of inner exception stack trace ---
   at Microsoft.AspNetCore.Antiforgery.DefaultAntiforgeryTokenSerializer.Deserialize(String serializedToken)
   at Microsoft.AspNetCore.Antiforgery.DefaultAntiforgery.GetCookieTokenDoesNotThrow(HttpContext httpContext)
2026-07-13 09:24:54.336 +03:00 [INF] HTTP GET /Account/Login responded 200 in 373.6878 ms
2026-07-13 09:25:14.184 +03:00 [ERR] An exception was thrown while deserializing the token.
Microsoft.AspNetCore.Antiforgery.AntiforgeryValidationException: The antiforgery token could not be decrypted.
 ---> System.Security.Cryptography.CryptographicException: The key {f7fab427-e546-418d-8650-a19977144d50} was not found in the key ring. For more information go to https://aka.ms/aspnet/dataprotectionwarning
   at Microsoft.AspNetCore.DataProtection.KeyManagement.KeyRingBasedDataProtector.UnprotectCore(Byte[] protectedData, Boolean allowOperationsOnRevokedKeys, UnprotectStatus& status)
   at Microsoft.AspNetCore.DataProtection.KeyManagement.KeyRingBasedDataProtector.Unprotect(Byte[] protectedData)
   at Microsoft.AspNetCore.Antiforgery.DefaultAntiforgeryTokenSerializer.Deserialize(String serializedToken)
   --- End of inner exception stack trace ---
   at Microsoft.AspNetCore.Antiforgery.DefaultAntiforgeryTokenSerializer.Deserialize(String serializedToken)
   at Microsoft.AspNetCore.Antiforgery.DefaultAntiforgery.GetCookieTokenDoesNotThrow(HttpContext httpContext)
2026-07-13 09:25:14.195 +03:00 [INF] HTTP GET /Account/Login responded 200 in 133.7702 ms
2026-07-13 09:25:14.459 +03:00 [INF] HTTP GET /lib/jquery-validation-unobtrusive/dist/jquery.validate.unobtrusive.min.js responded 200 in 133.1582 ms
2026-07-13 09:25:14.460 +03:00 [INF] HTTP GET /lib/jquery-validation/dist/jquery.validate.min.js responded 200 in 100.6959 ms
2026-07-13 09:25:14.459 +03:00 [INF] HTTP GET /css/site.css responded 200 in 137.8195 ms
2026-07-13 09:25:14.460 +03:00 [INF] HTTP GET /js/site.js responded 200 in 133.8821 ms
2026-07-13 09:25:14.461 +03:00 [INF] HTTP GET /lib/bootstrap/dist/css/bootstrap.min.css responded 200 in 144.1404 ms
2026-07-13 09:25:14.461 +03:00 [INF] HTTP GET /lib/jquery/dist/jquery.min.js responded 200 in 140.1438 ms
2026-07-13 09:25:14.461 +03:00 [INF] HTTP GET /Biktal.WebMVC.styles.css responded 200 in 143.1453 ms
2026-07-13 09:25:14.468 +03:00 [INF] HTTP GET /lib/bootstrap/dist/js/bootstrap.bundle.min.js responded 200 in 140.6238 ms
2026-07-13 09:25:40.190 +03:00 [INF] HTTP POST /Account/Login responded 302 in 476.3232 ms
2026-07-13 09:25:40.661 +03:00 [INF] HTTP GET /Inventory/Products responded 200 in 463.0876 ms
2026-07-13 09:25:40.693 +03:00 [INF] HTTP GET /Biktal.WebMVC.styles.css responded 304 in 4.9530 ms
2026-07-13 09:25:40.722 +03:00 [INF] HTTP GET /css/site.css responded 304 in 31.8761 ms
2026-07-13 09:25:40.726 +03:00 [INF] HTTP GET /lib/bootstrap/dist/css/bootstrap.min.css responded 304 in 35.7957 ms
2026-07-13 09:25:41.565 +03:00 [INF] HTTP GET /lib/jquery/dist/jquery.min.js responded 304 in 30.2277 ms
2026-07-13 09:25:41.577 +03:00 [INF] HTTP GET /js/site.js responded 304 in 18.0030 ms
2026-07-13 09:25:41.592 +03:00 [INF] HTTP GET /lib/jquery-validation-unobtrusive/dist/jquery.validate.unobtrusive.min.js responded 304 in 14.3600 ms
2026-07-13 09:25:41.604 +03:00 [INF] HTTP GET /js/products-catalog-filter.js responded 200 in 42.9482 ms
2026-07-13 09:25:41.606 +03:00 [INF] HTTP GET /lib/jquery-validation/dist/jquery.validate.min.js responded 304 in 40.4215 ms
2026-07-13 09:25:41.695 +03:00 [INF] HTTP GET /lib/bootstrap/dist/js/bootstrap.bundle.min.js responded 304 in 130.9648 ms
2026-07-13 09:25:43.921 +03:00 [INF] HTTP GET /Finance responded 200 in 98.7981 ms
2026-07-13 09:25:43.973 +03:00 [INF] HTTP GET /lib/bootstrap/dist/css/bootstrap.min.css responded 304 in 1.0579 ms
2026-07-13 09:25:43.981 +03:00 [INF] HTTP GET /css/site.css responded 304 in 1.1660 ms
2026-07-13 09:25:43.983 +03:00 [INF] HTTP GET /Biktal.WebMVC.styles.css responded 304 in 2.2390 ms
2026-07-13 09:25:43.983 +03:00 [INF] HTTP GET /lib/jquery/dist/jquery.min.js responded 304 in 0.5217 ms
2026-07-13 09:25:43.984 +03:00 [INF] HTTP GET /js/site.js responded 304 in 0.8152 ms
2026-07-13 09:25:43.983 +03:00 [INF] HTTP GET /lib/bootstrap/dist/js/bootstrap.bundle.min.js responded 304 in 0.4816 ms
2026-07-13 09:25:49.500 +03:00 [INF] HTTP GET /Finance/Cashbox responded 200 in 338.1847 ms
2026-07-13 09:25:49.556 +03:00 [INF] HTTP GET /lib/bootstrap/dist/css/bootstrap.min.css responded 304 in 1.8281 ms
2026-07-13 09:25:49.568 +03:00 [INF] HTTP GET /css/site.css responded 304 in 7.1056 ms
2026-07-13 09:25:49.573 +03:00 [INF] HTTP GET /Biktal.WebMVC.styles.css responded 304 in 1.1098 ms
2026-07-13 09:25:49.573 +03:00 [INF] HTTP GET /lib/jquery/dist/jquery.min.js responded 304 in 0.6355 ms
2026-07-13 09:25:49.574 +03:00 [INF] HTTP GET /lib/bootstrap/dist/js/bootstrap.bundle.min.js responded 304 in 0.5564 ms
2026-07-13 09:25:49.575 +03:00 [INF] HTTP GET /js/site.js responded 304 in 1.0887 ms
2026-07-13 09:25:49.576 +03:00 [INF] HTTP GET /lib/jquery-validation/dist/jquery.validate.min.js responded 304 in 1.8595 ms
2026-07-13 09:25:49.577 +03:00 [INF] HTTP GET /lib/jquery-validation-unobtrusive/dist/jquery.validate.unobtrusive.min.js responded 304 in 0.6796 ms
2026-07-13 09:27:40.361 +03:00 [INF] HTTP POST /Finance/CloseCashboxSession responded 302 in 121.2043 ms
2026-07-13 09:27:40.422 +03:00 [INF] HTTP GET /Finance/Cashbox responded 200 in 43.5362 ms
2026-07-13 09:27:40.497 +03:00 [INF] HTTP GET /lib/bootstrap/dist/css/bootstrap.min.css responded 200 in 3.3998 ms
2026-07-13 09:27:40.498 +03:00 [INF] HTTP GET /Biktal.WebMVC.styles.css responded 200 in 1.6874 ms
2026-07-13 09:27:40.500 +03:00 [INF] HTTP GET /css/site.css responded 200 in 1.2817 ms
2026-07-13 09:27:40.500 +03:00 [INF] HTTP GET /js/site.js responded 200 in 2.2475 ms
2026-07-13 09:27:40.501 +03:00 [INF] HTTP GET /lib/jquery/dist/jquery.min.js responded 200 in 1.3746 ms
2026-07-13 09:27:40.504 +03:00 [INF] HTTP GET /lib/bootstrap/dist/js/bootstrap.bundle.min.js responded 200 in 1.8696 ms
2026-07-13 09:27:40.509 +03:00 [INF] HTTP GET /lib/jquery-validation/dist/jquery.validate.min.js responded 200 in 1.1682 ms
2026-07-13 09:27:40.509 +03:00 [INF] HTTP GET /lib/jquery-validation-unobtrusive/dist/jquery.validate.unobtrusive.min.js responded 200 in 2.2427 ms
2026-07-13 09:28:11.742 +03:00 [INF] HTTP POST /Finance/OpenCashboxSession responded 302 in 34.9732 ms
2026-07-13 09:28:11.765 +03:00 [INF] HTTP GET /Finance/Cashbox responded 200 in 14.6351 ms
2026-07-13 09:28:11.848 +03:00 [INF] HTTP GET /Biktal.WebMVC.styles.css responded 200 in 1.0560 ms
2026-07-13 09:28:11.849 +03:00 [INF] HTTP GET /lib/jquery/dist/jquery.min.js responded 304 in 0.7367 ms
2026-07-13 09:28:11.862 +03:00 [INF] HTTP GET /js/site.js responded 304 in 0.4804 ms
2026-07-13 09:28:11.864 +03:00 [INF] HTTP GET /lib/jquery-validation/dist/jquery.validate.min.js responded 304 in 0.7562 ms
2026-07-13 09:28:11.864 +03:00 [INF] HTTP GET /lib/bootstrap/dist/css/bootstrap.min.css responded 200 in 17.8714 ms
2026-07-13 09:28:11.865 +03:00 [INF] HTTP GET /lib/jquery-validation-unobtrusive/dist/jquery.validate.unobtrusive.min.js responded 304 in 0.5708 ms
2026-07-13 09:28:11.865 +03:00 [INF] HTTP GET /css/site.css responded 200 in 13.5911 ms
2026-07-13 09:28:11.876 +03:00 [INF] HTTP GET /lib/bootstrap/dist/js/bootstrap.bundle.min.js responded 304 in 0.9969 ms
2026-07-13 09:49:10.643 +03:00 [INF] Application is shutting down...
2026-07-13 09:58:41.150 +03:00 [ERR] Failed executing DbCommand (17ms) [Parameters=[@p0='?' (DbType = Guid), @p1='?' (DbType = DateTime), @p2='?' (DbType = Guid), @p3='?', @p4='?' (DbType = DateTime), @p5='?' (DbType = Int32), @p6='?' (DbType = Int32), @p7='?', @p8='?', @p9='?' (DbType = Guid), @p10='?' (DbType = DateTime), @p11='?' (DbType = Guid), @p12='?', @p13='?' (DbType = DateTime), @p14='?' (DbType = Int32), @p15='?' (DbType = Int32), @p16='?', @p17='?'], CommandType='"Text"', CommandTimeout='30']
INSERT INTO "CrmSupportTickets" ("Id", "CreatedAtUtc", "CustomerId", "Description", "ModifiedAtUtc", "Priority", "Status", "Subject", "TicketNumber")
VALUES (@p0, @p1, @p2, @p3, @p4, @p5, @p6, @p7, @p8);
INSERT INTO "CrmSupportTickets" ("Id", "CreatedAtUtc", "CustomerId", "Description", "ModifiedAtUtc", "Priority", "Status", "Subject", "TicketNumber")
VALUES (@p9, @p10, @p11, @p12, @p13, @p14, @p15, @p16, @p17);
2026-07-13 09:58:41.223 +03:00 [ERR] An exception occurred in the database while saving changes for context type 'Biktal.Infrastructure.Persistence.ApplicationDbContext'.
Microsoft.EntityFrameworkCore.DbUpdateException: An error occurred while saving the entity changes. See the inner exception for details.
 ---> Npgsql.PostgresException (0x80004005): 23503: insert or update on table "CrmSupportTickets" violates foreign key constraint "FK_CrmSupportTickets_CrmCustomers_CustomerId"

DETAIL: Detail redacted as it may contain sensitive data. Specify 'Include Error Detail' in the connection string to include this information.
   at Npgsql.Internal.NpgsqlConnector.ReadMessageLong(Boolean async, DataRowLoadingMode dataRowLoadingMode, Boolean readingNotifications, Boolean isReadingPrependedMessage)
   at System.Runtime.CompilerServices.PoolingAsyncValueTaskMethodBuilder`1.StateMachineBox`1.System.Threading.Tasks.Sources.IValueTaskSource<TResult>.GetResult(Int16 token)
   at Npgsql.NpgsqlDataReader.NextResult(Boolean async, Boolean isConsuming, CancellationToken cancellationToken)
   at Npgsql.NpgsqlDataReader.NextResult(Boolean async, Boolean isConsuming, CancellationToken cancellationToken)
   at Npgsql.NpgsqlCommand.ExecuteReader(Boolean async, CommandBehavior behavior, CancellationToken cancellationToken)
   at Npgsql.NpgsqlCommand.ExecuteReader(Boolean async, CommandBehavior behavior, CancellationToken cancellationToken)
   at Npgsql.NpgsqlCommand.ExecuteDbDataReaderAsync(CommandBehavior behavior, CancellationToken cancellationToken)
   at Microsoft.EntityFrameworkCore.Storage.RelationalCommand.ExecuteReaderAsync(RelationalCommandParameterObject parameterObject, CancellationToken cancellationToken)
   at Microsoft.EntityFrameworkCore.Storage.RelationalCommand.ExecuteReaderAsync(RelationalCommandParameterObject parameterObject, CancellationToken cancellationToken)
   at Microsoft.EntityFrameworkCore.Update.ReaderModificationCommandBatch.ExecuteAsync(IRelationalConnection connection, CancellationToken cancellationToken)
  Exception data:
    Severity: ERROR
    SqlState: 23503
    MessageText: insert or update on table "CrmSupportTickets" violates foreign key constraint "FK_CrmSupportTickets_CrmCustomers_CustomerId"
    Detail: Detail redacted as it may contain sensitive data. Specify 'Include Error Detail' in the connection string to include this information.
    SchemaName: public
    TableName: CrmSupportTickets
    ConstraintName: FK_CrmSupportTickets_CrmCustomers_CustomerId
    File: ri_triggers.c
    Line: 2783
    Routine: ri_ReportViolation
   --- End of inner exception stack trace ---
   at Microsoft.EntityFrameworkCore.Update.ReaderModificationCommandBatch.ExecuteAsync(IRelationalConnection connection, CancellationToken cancellationToken)
   at Microsoft.EntityFrameworkCore.Update.Internal.BatchExecutor.ExecuteAsync(IEnumerable`1 commandBatches, IRelationalConnection connection, CancellationToken cancellationToken)
   at Microsoft.EntityFrameworkCore.Update.Internal.BatchExecutor.ExecuteAsync(IEnumerable`1 commandBatches, IRelationalConnection connection, CancellationToken cancellationToken)
   at Microsoft.EntityFrameworkCore.Update.Internal.BatchExecutor.ExecuteAsync(IEnumerable`1 commandBatches, IRelationalConnection connection, CancellationToken cancellationToken)
   at Microsoft.EntityFrameworkCore.Storage.RelationalDatabase.SaveChangesAsync(IList`1 entries, CancellationToken cancellationToken)
   at Microsoft.EntityFrameworkCore.ChangeTracking.Internal.StateManager.SaveChangesAsync(IList`1 entriesToSave, CancellationToken cancellationToken)
   at Microsoft.EntityFrameworkCore.ChangeTracking.Internal.StateManager.SaveChangesAsync(StateManager stateManager, Boolean acceptAllChangesOnSuccess, CancellationToken cancellationToken)
   at Npgsql.EntityFrameworkCore.PostgreSQL.Storage.Internal.NpgsqlExecutionStrategy.ExecuteAsync[TState,TResult](TState state, Func`4 operation, Func`4 verifySucceeded, CancellationToken cancellationToken)
   at Microsoft.EntityFrameworkCore.DbContext.SaveChangesAsync(Boolean acceptAllChangesOnSuccess, CancellationToken cancellationToken)
Microsoft.EntityFrameworkCore.DbUpdateException: An error occurred while saving the entity changes. See the inner exception for details.
 ---> Npgsql.PostgresException (0x80004005): 23503: insert or update on table "CrmSupportTickets" violates foreign key constraint "FK_CrmSupportTickets_CrmCustomers_CustomerId"

DETAIL: Detail redacted as it may contain sensitive data. Specify 'Include Error Detail' in the connection string to include this information.
   at Npgsql.Internal.NpgsqlConnector.ReadMessageLong(Boolean async, DataRowLoadingMode dataRowLoadingMode, Boolean readingNotifications, Boolean isReadingPrependedMessage)
   at System.Runtime.CompilerServices.PoolingAsyncValueTaskMethodBuilder`1.StateMachineBox`1.System.Threading.Tasks.Sources.IValueTaskSource<TResult>.GetResult(Int16 token)
   at Npgsql.NpgsqlDataReader.NextResult(Boolean async, Boolean isConsuming, CancellationToken cancellationToken)
   at Npgsql.NpgsqlDataReader.NextResult(Boolean async, Boolean isConsuming, CancellationToken cancellationToken)
   at Npgsql.NpgsqlCommand.ExecuteReader(Boolean async, CommandBehavior behavior, CancellationToken cancellationToken)
   at Npgsql.NpgsqlCommand.ExecuteReader(Boolean async, CommandBehavior behavior, CancellationToken cancellationToken)
   at Npgsql.NpgsqlCommand.ExecuteDbDataReaderAsync(CommandBehavior behavior, CancellationToken cancellationToken)
   at Microsoft.EntityFrameworkCore.Storage.RelationalCommand.ExecuteReaderAsync(RelationalCommandParameterObject parameterObject, CancellationToken cancellationToken)
   at Microsoft.EntityFrameworkCore.Storage.RelationalCommand.ExecuteReaderAsync(RelationalCommandParameterObject parameterObject, CancellationToken cancellationToken)
   at Microsoft.EntityFrameworkCore.Update.ReaderModificationCommandBatch.ExecuteAsync(IRelationalConnection connection, CancellationToken cancellationToken)
  Exception data:
    Severity: ERROR
    SqlState: 23503
    MessageText: insert or update on table "CrmSupportTickets" violates foreign key constraint "FK_CrmSupportTickets_CrmCustomers_CustomerId"
    Detail: Detail redacted as it may contain sensitive data. Specify 'Include Error Detail' in the connection string to include this information.
    SchemaName: public
    TableName: CrmSupportTickets
    ConstraintName: FK_CrmSupportTickets_CrmCustomers_CustomerId
    File: ri_triggers.c
    Line: 2783
    Routine: ri_ReportViolation
   --- End of inner exception stack trace ---
   at Microsoft.EntityFrameworkCore.Update.ReaderModificationCommandBatch.ExecuteAsync(IRelationalConnection connection, CancellationToken cancellationToken)
   at Microsoft.EntityFrameworkCore.Update.Internal.BatchExecutor.ExecuteAsync(IEnumerable`1 commandBatches, IRelationalConnection connection, CancellationToken cancellationToken)
   at Microsoft.EntityFrameworkCore.Update.Internal.BatchExecutor.ExecuteAsync(IEnumerable`1 commandBatches, IRelationalConnection connection, CancellationToken cancellationToken)
   at Microsoft.EntityFrameworkCore.Update.Internal.BatchExecutor.ExecuteAsync(IEnumerable`1 commandBatches, IRelationalConnection connection, CancellationToken cancellationToken)
   at Microsoft.EntityFrameworkCore.Storage.RelationalDatabase.SaveChangesAsync(IList`1 entries, CancellationToken cancellationToken)
   at Microsoft.EntityFrameworkCore.ChangeTracking.Internal.StateManager.SaveChangesAsync(IList`1 entriesToSave, CancellationToken cancellationToken)
   at Microsoft.EntityFrameworkCore.ChangeTracking.Internal.StateManager.SaveChangesAsync(StateManager stateManager, Boolean acceptAllChangesOnSuccess, CancellationToken cancellationToken)
   at Npgsql.EntityFrameworkCore.PostgreSQL.Storage.Internal.NpgsqlExecutionStrategy.ExecuteAsync[TState,TResult](TState state, Func`4 operation, Func`4 verifySucceeded, CancellationToken cancellationToken)
   at Microsoft.EntityFrameworkCore.DbContext.SaveChangesAsync(Boolean acceptAllChangesOnSuccess, CancellationToken cancellationToken)
2026-07-13 09:58:41.230 +03:00 [ERR] Database migration or seed failed. Check PostgreSQL is running and ConnectionStrings:DefaultConnection is correct.
Microsoft.EntityFrameworkCore.DbUpdateException: An error occurred while saving the entity changes. See the inner exception for details.
 ---> Npgsql.PostgresException (0x80004005): 23503: insert or update on table "CrmSupportTickets" violates foreign key constraint "FK_CrmSupportTickets_CrmCustomers_CustomerId"

DETAIL: Detail redacted as it may contain sensitive data. Specify 'Include Error Detail' in the connection string to include this information.
   at Npgsql.Internal.NpgsqlConnector.ReadMessageLong(Boolean async, DataRowLoadingMode dataRowLoadingMode, Boolean readingNotifications, Boolean isReadingPrependedMessage)
   at System.Runtime.CompilerServices.PoolingAsyncValueTaskMethodBuilder`1.StateMachineBox`1.System.Threading.Tasks.Sources.IValueTaskSource<TResult>.GetResult(Int16 token)
   at Npgsql.NpgsqlDataReader.NextResult(Boolean async, Boolean isConsuming, CancellationToken cancellationToken)
   at Npgsql.NpgsqlDataReader.NextResult(Boolean async, Boolean isConsuming, CancellationToken cancellationToken)
   at Npgsql.NpgsqlCommand.ExecuteReader(Boolean async, CommandBehavior behavior, CancellationToken cancellationToken)
   at Npgsql.NpgsqlCommand.ExecuteReader(Boolean async, CommandBehavior behavior, CancellationToken cancellationToken)
   at Npgsql.NpgsqlCommand.ExecuteDbDataReaderAsync(CommandBehavior behavior, CancellationToken cancellationToken)
   at Microsoft.EntityFrameworkCore.Storage.RelationalCommand.ExecuteReaderAsync(RelationalCommandParameterObject parameterObject, CancellationToken cancellationToken)
   at Microsoft.EntityFrameworkCore.Storage.RelationalCommand.ExecuteReaderAsync(RelationalCommandParameterObject parameterObject, CancellationToken cancellationToken)
   at Microsoft.EntityFrameworkCore.Update.ReaderModificationCommandBatch.ExecuteAsync(IRelationalConnection connection, CancellationToken cancellationToken)
  Exception data:
    Severity: ERROR
    SqlState: 23503
    MessageText: insert or update on table "CrmSupportTickets" violates foreign key constraint "FK_CrmSupportTickets_CrmCustomers_CustomerId"
    Detail: Detail redacted as it may contain sensitive data. Specify 'Include Error Detail' in the connection string to include this information.
    SchemaName: public
    TableName: CrmSupportTickets
    ConstraintName: FK_CrmSupportTickets_CrmCustomers_CustomerId
    File: ri_triggers.c
    Line: 2783
    Routine: ri_ReportViolation
   --- End of inner exception stack trace ---
   at Microsoft.EntityFrameworkCore.Update.ReaderModificationCommandBatch.ExecuteAsync(IRelationalConnection connection, CancellationToken cancellationToken)
   at Microsoft.EntityFrameworkCore.Update.Internal.BatchExecutor.ExecuteAsync(IEnumerable`1 commandBatches, IRelationalConnection connection, CancellationToken cancellationToken)
   at Microsoft.EntityFrameworkCore.Update.Internal.BatchExecutor.ExecuteAsync(IEnumerable`1 commandBatches, IRelationalConnection connection, CancellationToken cancellationToken)
   at Microsoft.EntityFrameworkCore.Update.Internal.BatchExecutor.ExecuteAsync(IEnumerable`1 commandBatches, IRelationalConnection connection, CancellationToken cancellationToken)
   at Microsoft.EntityFrameworkCore.Storage.RelationalDatabase.SaveChangesAsync(IList`1 entries, CancellationToken cancellationToken)
   at Microsoft.EntityFrameworkCore.ChangeTracking.Internal.StateManager.SaveChangesAsync(IList`1 entriesToSave, CancellationToken cancellationToken)
   at Microsoft.EntityFrameworkCore.ChangeTracking.Internal.StateManager.SaveChangesAsync(StateManager stateManager, Boolean acceptAllChangesOnSuccess, CancellationToken cancellationToken)
   at Npgsql.EntityFrameworkCore.PostgreSQL.Storage.Internal.NpgsqlExecutionStrategy.ExecuteAsync[TState,TResult](TState state, Func`4 operation, Func`4 verifySucceeded, CancellationToken cancellationToken)
   at Microsoft.EntityFrameworkCore.DbContext.SaveChangesAsync(Boolean acceptAllChangesOnSuccess, CancellationToken cancellationToken)
   at Microsoft.EntityFrameworkCore.DbContext.SaveChangesAsync(Boolean acceptAllChangesOnSuccess, CancellationToken cancellationToken)
   at Biktal.Infrastructure.Persistence.CrmDataSeeder.SeedIfEmptyAsync(ApplicationDbContext db, CancellationToken cancellationToken)
   at Program.<Main>$(String[] args) in d:\Systems\BiktalSystems\Program.cs:line 71
2026-07-13 09:58:41.245 +03:00 [WRN] Continuing without a successful migration/seed. Auth and data pages may fail until the database is available.
2026-07-13 09:58:41.271 +03:00 [WRN] Using an in-memory repository. Keys will not be persisted to storage.
2026-07-13 09:58:41.272 +03:00 [WRN] Neither user profile nor HKLM registry available. Using an ephemeral key repository. Protected data will be unavailable when application exits.
2026-07-13 09:58:41.290 +03:00 [WRN] No XML encryptor configured. Key {96de7f74-a2eb-4aa1-afa8-57b57a8a1b5e} may be persisted to storage in unencrypted form.
2026-07-13 09:58:41.341 +03:00 [INF] Application started. Press Ctrl+C to shut down.
2026-07-13 09:58:41.341 +03:00 [INF] Hosting environment: Production
2026-07-13 09:58:41.341 +03:00 [INF] Content root path: D:\Systems\BiktalSystems\publish
2026-07-13 09:58:41.443 +03:00 [INF] HTTP GET /Inventory responded 302 in 80.5250 ms
2026-07-13 09:58:41.596 +03:00 [ERR] An exception was thrown while deserializing the token.
Microsoft.AspNetCore.Antiforgery.AntiforgeryValidationException: The antiforgery token could not be decrypted.
 ---> System.Security.Cryptography.CryptographicException: The key {2c9ed748-ae5e-43d1-89a1-260425e645ba} was not found in the key ring. For more information go to https://aka.ms/aspnet/dataprotectionwarning
   at Microsoft.AspNetCore.DataProtection.KeyManagement.KeyRingBasedDataProtector.UnprotectCore(Byte[] protectedData, Boolean allowOperationsOnRevokedKeys, UnprotectStatus& status)
   at Microsoft.AspNetCore.DataProtection.KeyManagement.KeyRingBasedDataProtector.Unprotect(Byte[] protectedData)
   at Microsoft.AspNetCore.Antiforgery.DefaultAntiforgeryTokenSerializer.Deserialize(String serializedToken)
   --- End of inner exception stack trace ---
   at Microsoft.AspNetCore.Antiforgery.DefaultAntiforgeryTokenSerializer.Deserialize(String serializedToken)
   at Microsoft.AspNetCore.Antiforgery.DefaultAntiforgery.GetCookieTokenDoesNotThrow(HttpContext httpContext)
2026-07-13 09:58:41.750 +03:00 [INF] HTTP GET /Account/Login responded 200 in 288.4744 ms
2026-07-13 09:58:41.973 +03:00 [INF] HTTP GET /js/site.js responded 200 in 132.8565 ms
2026-07-13 09:58:41.973 +03:00 [INF] HTTP GET /css/site.css responded 200 in 140.1924 ms
2026-07-13 09:58:41.974 +03:00 [INF] HTTP GET /lib/jquery-validation/dist/jquery.validate.min.js responded 200 in 106.5584 ms
2026-07-13 09:58:41.973 +03:00 [INF] HTTP GET /Biktal.WebMVC.styles.css responded 200 in 137.0470 ms
2026-07-13 09:58:41.975 +03:00 [INF] HTTP GET /lib/jquery-validation-unobtrusive/dist/jquery.validate.unobtrusive.min.js responded 200 in 134.1104 ms
2026-07-13 09:58:41.976 +03:00 [INF] HTTP GET /lib/jquery/dist/jquery.min.js responded 200 in 136.3183 ms
2026-07-13 09:58:41.978 +03:00 [INF] HTTP GET /lib/bootstrap/dist/js/bootstrap.bundle.min.js responded 200 in 137.5841 ms
2026-07-13 09:58:41.992 +03:00 [INF] HTTP GET /lib/bootstrap/dist/css/bootstrap.min.css responded 200 in 158.5062 ms
2026-07-13 09:58:57.386 +03:00 [INF] HTTP POST /Account/Login responded 302 in 576.7015 ms
2026-07-13 09:58:57.619 +03:00 [INF] HTTP GET /Inventory responded 200 in 226.0691 ms
2026-07-13 09:58:57.696 +03:00 [INF] HTTP GET /Biktal.WebMVC.styles.css responded 200 in 7.4069 ms
2026-07-13 09:58:57.697 +03:00 [INF] HTTP GET /lib/bootstrap/dist/css/bootstrap.min.css responded 200 in 22.2837 ms
2026-07-13 09:58:57.734 +03:00 [INF] HTTP GET /lib/jquery/dist/jquery.min.js responded 304 in 40.8590 ms
2026-07-13 09:58:57.735 +03:00 [INF] HTTP GET /css/site.css responded 200 in 41.8754 ms
2026-07-13 09:58:57.747 +03:00 [INF] HTTP GET /js/site.js responded 304 in 23.6302 ms
2026-07-13 09:58:57.922 +03:00 [INF] HTTP GET /lib/bootstrap/dist/js/bootstrap.bundle.min.js responded 304 in 203.9478 ms
2026-07-13 09:59:00.221 +03:00 [WRN] The query uses the 'First'/'FirstOrDefault' operator without 'OrderBy' and filter operators. This may lead to unpredictable results.
2026-07-13 09:59:00.334 +03:00 [INF] HTTP GET /Pos responded 200 in 244.4868 ms
2026-07-13 09:59:00.392 +03:00 [INF] HTTP GET /lib/bootstrap/dist/css/bootstrap.min.css responded 304 in 3.2394 ms
2026-07-13 09:59:00.399 +03:00 [INF] HTTP GET /css/site.css responded 304 in 0.7932 ms
2026-07-13 09:59:00.400 +03:00 [INF] HTTP GET /Biktal.WebMVC.styles.css responded 304 in 2.0438 ms
2026-07-13 09:59:00.406 +03:00 [INF] HTTP GET /lib/jquery/dist/jquery.min.js responded 304 in 0.8119 ms
2026-07-13 09:59:00.410 +03:00 [INF] HTTP GET /lib/bootstrap/dist/js/bootstrap.bundle.min.js responded 304 in 3.5319 ms
2026-07-13 09:59:00.415 +03:00 [INF] HTTP GET /js/site.js responded 304 in 4.5017 ms
2026-07-13 09:59:00.428 +03:00 [INF] HTTP GET /js/pos.js responded 200 in 21.8131 ms
2026-07-13 09:59:35.657 +03:00 [INF] HTTP POST /Pos/CompleteSale responded 200 in 736.8224 ms
2026-07-13 10:20:13.117 +03:00 [INF] Application is shutting down...
2026-07-13 11:22:01.770 +03:00 [ERR] Failed executing DbCommand (28ms) [Parameters=[@p0='?' (DbType = Guid), @p1='?' (DbType = DateTime), @p2='?' (DbType = Guid), @p3='?', @p4='?' (DbType = DateTime), @p5='?' (DbType = Int32), @p6='?' (DbType = Int32), @p7='?', @p8='?', @p9='?' (DbType = Guid), @p10='?' (DbType = DateTime), @p11='?' (DbType = Guid), @p12='?', @p13='?' (DbType = DateTime), @p14='?' (DbType = Int32), @p15='?' (DbType = Int32), @p16='?', @p17='?'], CommandType='"Text"', CommandTimeout='30']
INSERT INTO "CrmSupportTickets" ("Id", "CreatedAtUtc", "CustomerId", "Description", "ModifiedAtUtc", "Priority", "Status", "Subject", "TicketNumber")
VALUES (@p0, @p1, @p2, @p3, @p4, @p5, @p6, @p7, @p8);
INSERT INTO "CrmSupportTickets" ("Id", "CreatedAtUtc", "CustomerId", "Description", "ModifiedAtUtc", "Priority", "Status", "Subject", "TicketNumber")
VALUES (@p9, @p10, @p11, @p12, @p13, @p14, @p15, @p16, @p17);
2026-07-13 11:22:01.866 +03:00 [ERR] An exception occurred in the database while saving changes for context type 'Biktal.Infrastructure.Persistence.ApplicationDbContext'.
Microsoft.EntityFrameworkCore.DbUpdateException: An error occurred while saving the entity changes. See the inner exception for details.
 ---> Npgsql.PostgresException (0x80004005): 23503: insert or update on table "CrmSupportTickets" violates foreign key constraint "FK_CrmSupportTickets_CrmCustomers_CustomerId"

DETAIL: Detail redacted as it may contain sensitive data. Specify 'Include Error Detail' in the connection string to include this information.
   at Npgsql.Internal.NpgsqlConnector.ReadMessageLong(Boolean async, DataRowLoadingMode dataRowLoadingMode, Boolean readingNotifications, Boolean isReadingPrependedMessage)
   at System.Runtime.CompilerServices.PoolingAsyncValueTaskMethodBuilder`1.StateMachineBox`1.System.Threading.Tasks.Sources.IValueTaskSource<TResult>.GetResult(Int16 token)
   at Npgsql.NpgsqlDataReader.NextResult(Boolean async, Boolean isConsuming, CancellationToken cancellationToken)
   at Npgsql.NpgsqlDataReader.NextResult(Boolean async, Boolean isConsuming, CancellationToken cancellationToken)
   at Npgsql.NpgsqlCommand.ExecuteReader(Boolean async, CommandBehavior behavior, CancellationToken cancellationToken)
   at Npgsql.NpgsqlCommand.ExecuteReader(Boolean async, CommandBehavior behavior, CancellationToken cancellationToken)
   at Npgsql.NpgsqlCommand.ExecuteDbDataReaderAsync(CommandBehavior behavior, CancellationToken cancellationToken)
   at Microsoft.EntityFrameworkCore.Storage.RelationalCommand.ExecuteReaderAsync(RelationalCommandParameterObject parameterObject, CancellationToken cancellationToken)
   at Microsoft.EntityFrameworkCore.Storage.RelationalCommand.ExecuteReaderAsync(RelationalCommandParameterObject parameterObject, CancellationToken cancellationToken)
   at Microsoft.EntityFrameworkCore.Update.ReaderModificationCommandBatch.ExecuteAsync(IRelationalConnection connection, CancellationToken cancellationToken)
  Exception data:
    Severity: ERROR
    SqlState: 23503
    MessageText: insert or update on table "CrmSupportTickets" violates foreign key constraint "FK_CrmSupportTickets_CrmCustomers_CustomerId"
    Detail: Detail redacted as it may contain sensitive data. Specify 'Include Error Detail' in the connection string to include this information.
    SchemaName: public
    TableName: CrmSupportTickets
    ConstraintName: FK_CrmSupportTickets_CrmCustomers_CustomerId
    File: ri_triggers.c
    Line: 2783
    Routine: ri_ReportViolation
   --- End of inner exception stack trace ---
   at Microsoft.EntityFrameworkCore.Update.ReaderModificationCommandBatch.ExecuteAsync(IRelationalConnection connection, CancellationToken cancellationToken)
   at Microsoft.EntityFrameworkCore.Update.Internal.BatchExecutor.ExecuteAsync(IEnumerable`1 commandBatches, IRelationalConnection connection, CancellationToken cancellationToken)
   at Microsoft.EntityFrameworkCore.Update.Internal.BatchExecutor.ExecuteAsync(IEnumerable`1 commandBatches, IRelationalConnection connection, CancellationToken cancellationToken)
   at Microsoft.EntityFrameworkCore.Update.Internal.BatchExecutor.ExecuteAsync(IEnumerable`1 commandBatches, IRelationalConnection connection, CancellationToken cancellationToken)
   at Microsoft.EntityFrameworkCore.Storage.RelationalDatabase.SaveChangesAsync(IList`1 entries, CancellationToken cancellationToken)
   at Microsoft.EntityFrameworkCore.ChangeTracking.Internal.StateManager.SaveChangesAsync(IList`1 entriesToSave, CancellationToken cancellationToken)
   at Microsoft.EntityFrameworkCore.ChangeTracking.Internal.StateManager.SaveChangesAsync(StateManager stateManager, Boolean acceptAllChangesOnSuccess, CancellationToken cancellationToken)
   at Npgsql.EntityFrameworkCore.PostgreSQL.Storage.Internal.NpgsqlExecutionStrategy.ExecuteAsync[TState,TResult](TState state, Func`4 operation, Func`4 verifySucceeded, CancellationToken cancellationToken)
   at Microsoft.EntityFrameworkCore.DbContext.SaveChangesAsync(Boolean acceptAllChangesOnSuccess, CancellationToken cancellationToken)
Microsoft.EntityFrameworkCore.DbUpdateException: An error occurred while saving the entity changes. See the inner exception for details.
 ---> Npgsql.PostgresException (0x80004005): 23503: insert or update on table "CrmSupportTickets" violates foreign key constraint "FK_CrmSupportTickets_CrmCustomers_CustomerId"

DETAIL: Detail redacted as it may contain sensitive data. Specify 'Include Error Detail' in the connection string to include this information.
   at Npgsql.Internal.NpgsqlConnector.ReadMessageLong(Boolean async, DataRowLoadingMode dataRowLoadingMode, Boolean readingNotifications, Boolean isReadingPrependedMessage)
   at System.Runtime.CompilerServices.PoolingAsyncValueTaskMethodBuilder`1.StateMachineBox`1.System.Threading.Tasks.Sources.IValueTaskSource<TResult>.GetResult(Int16 token)
   at Npgsql.NpgsqlDataReader.NextResult(Boolean async, Boolean isConsuming, CancellationToken cancellationToken)
   at Npgsql.NpgsqlDataReader.NextResult(Boolean async, Boolean isConsuming, CancellationToken cancellationToken)
   at Npgsql.NpgsqlCommand.ExecuteReader(Boolean async, CommandBehavior behavior, CancellationToken cancellationToken)
   at Npgsql.NpgsqlCommand.ExecuteReader(Boolean async, CommandBehavior behavior, CancellationToken cancellationToken)
   at Npgsql.NpgsqlCommand.ExecuteDbDataReaderAsync(CommandBehavior behavior, CancellationToken cancellationToken)
   at Microsoft.EntityFrameworkCore.Storage.RelationalCommand.ExecuteReaderAsync(RelationalCommandParameterObject parameterObject, CancellationToken cancellationToken)
   at Microsoft.EntityFrameworkCore.Storage.RelationalCommand.ExecuteReaderAsync(RelationalCommandParameterObject parameterObject, CancellationToken cancellationToken)
   at Microsoft.EntityFrameworkCore.Update.ReaderModificationCommandBatch.ExecuteAsync(IRelationalConnection connection, CancellationToken cancellationToken)
  Exception data:
    Severity: ERROR
    SqlState: 23503
    MessageText: insert or update on table "CrmSupportTickets" violates foreign key constraint "FK_CrmSupportTickets_CrmCustomers_CustomerId"
    Detail: Detail redacted as it may contain sensitive data. Specify 'Include Error Detail' in the connection string to include this information.
    SchemaName: public
    TableName: CrmSupportTickets
    ConstraintName: FK_CrmSupportTickets_CrmCustomers_CustomerId
    File: ri_triggers.c
    Line: 2783
    Routine: ri_ReportViolation
   --- End of inner exception stack trace ---
   at Microsoft.EntityFrameworkCore.Update.ReaderModificationCommandBatch.ExecuteAsync(IRelationalConnection connection, CancellationToken cancellationToken)
   at Microsoft.EntityFrameworkCore.Update.Internal.BatchExecutor.ExecuteAsync(IEnumerable`1 commandBatches, IRelationalConnection connection, CancellationToken cancellationToken)
   at Microsoft.EntityFrameworkCore.Update.Internal.BatchExecutor.ExecuteAsync(IEnumerable`1 commandBatches, IRelationalConnection connection, CancellationToken cancellationToken)
   at Microsoft.EntityFrameworkCore.Update.Internal.BatchExecutor.ExecuteAsync(IEnumerable`1 commandBatches, IRelationalConnection connection, CancellationToken cancellationToken)
   at Microsoft.EntityFrameworkCore.Storage.RelationalDatabase.SaveChangesAsync(IList`1 entries, CancellationToken cancellationToken)
   at Microsoft.EntityFrameworkCore.ChangeTracking.Internal.StateManager.SaveChangesAsync(IList`1 entriesToSave, CancellationToken cancellationToken)
   at Microsoft.EntityFrameworkCore.ChangeTracking.Internal.StateManager.SaveChangesAsync(StateManager stateManager, Boolean acceptAllChangesOnSuccess, CancellationToken cancellationToken)
   at Npgsql.EntityFrameworkCore.PostgreSQL.Storage.Internal.NpgsqlExecutionStrategy.ExecuteAsync[TState,TResult](TState state, Func`4 operation, Func`4 verifySucceeded, CancellationToken cancellationToken)
   at Microsoft.EntityFrameworkCore.DbContext.SaveChangesAsync(Boolean acceptAllChangesOnSuccess, CancellationToken cancellationToken)
2026-07-13 11:22:01.871 +03:00 [ERR] Database migration or seed failed. Check PostgreSQL is running and ConnectionStrings:DefaultConnection is correct.
Microsoft.EntityFrameworkCore.DbUpdateException: An error occurred while saving the entity changes. See the inner exception for details.
 ---> Npgsql.PostgresException (0x80004005): 23503: insert or update on table "CrmSupportTickets" violates foreign key constraint "FK_CrmSupportTickets_CrmCustomers_CustomerId"

DETAIL: Detail redacted as it may contain sensitive data. Specify 'Include Error Detail' in the connection string to include this information.
   at Npgsql.Internal.NpgsqlConnector.ReadMessageLong(Boolean async, DataRowLoadingMode dataRowLoadingMode, Boolean readingNotifications, Boolean isReadingPrependedMessage)
   at System.Runtime.CompilerServices.PoolingAsyncValueTaskMethodBuilder`1.StateMachineBox`1.System.Threading.Tasks.Sources.IValueTaskSource<TResult>.GetResult(Int16 token)
   at Npgsql.NpgsqlDataReader.NextResult(Boolean async, Boolean isConsuming, CancellationToken cancellationToken)
   at Npgsql.NpgsqlDataReader.NextResult(Boolean async, Boolean isConsuming, CancellationToken cancellationToken)
   at Npgsql.NpgsqlCommand.ExecuteReader(Boolean async, CommandBehavior behavior, CancellationToken cancellationToken)
   at Npgsql.NpgsqlCommand.ExecuteReader(Boolean async, CommandBehavior behavior, CancellationToken cancellationToken)
   at Npgsql.NpgsqlCommand.ExecuteDbDataReaderAsync(CommandBehavior behavior, CancellationToken cancellationToken)
   at Microsoft.EntityFrameworkCore.Storage.RelationalCommand.ExecuteReaderAsync(RelationalCommandParameterObject parameterObject, CancellationToken cancellationToken)
   at Microsoft.EntityFrameworkCore.Storage.RelationalCommand.ExecuteReaderAsync(RelationalCommandParameterObject parameterObject, CancellationToken cancellationToken)
   at Microsoft.EntityFrameworkCore.Update.ReaderModificationCommandBatch.ExecuteAsync(IRelationalConnection connection, CancellationToken cancellationToken)
  Exception data:
    Severity: ERROR
    SqlState: 23503
    MessageText: insert or update on table "CrmSupportTickets" violates foreign key constraint "FK_CrmSupportTickets_CrmCustomers_CustomerId"
    Detail: Detail redacted as it may contain sensitive data. Specify 'Include Error Detail' in the connection string to include this information.
    SchemaName: public
    TableName: CrmSupportTickets
    ConstraintName: FK_CrmSupportTickets_CrmCustomers_CustomerId
    File: ri_triggers.c
    Line: 2783
    Routine: ri_ReportViolation
   --- End of inner exception stack trace ---
   at Microsoft.EntityFrameworkCore.Update.ReaderModificationCommandBatch.ExecuteAsync(IRelationalConnection connection, CancellationToken cancellationToken)
   at Microsoft.EntityFrameworkCore.Update.Internal.BatchExecutor.ExecuteAsync(IEnumerable`1 commandBatches, IRelationalConnection connection, CancellationToken cancellationToken)
   at Microsoft.EntityFrameworkCore.Update.Internal.BatchExecutor.ExecuteAsync(IEnumerable`1 commandBatches, IRelationalConnection connection, CancellationToken cancellationToken)
   at Microsoft.EntityFrameworkCore.Update.Internal.BatchExecutor.ExecuteAsync(IEnumerable`1 commandBatches, IRelationalConnection connection, CancellationToken cancellationToken)
   at Microsoft.EntityFrameworkCore.Storage.RelationalDatabase.SaveChangesAsync(IList`1 entries, CancellationToken cancellationToken)
   at Microsoft.EntityFrameworkCore.ChangeTracking.Internal.StateManager.SaveChangesAsync(IList`1 entriesToSave, CancellationToken cancellationToken)
   at Microsoft.EntityFrameworkCore.ChangeTracking.Internal.StateManager.SaveChangesAsync(StateManager stateManager, Boolean acceptAllChangesOnSuccess, CancellationToken cancellationToken)
   at Npgsql.EntityFrameworkCore.PostgreSQL.Storage.Internal.NpgsqlExecutionStrategy.ExecuteAsync[TState,TResult](TState state, Func`4 operation, Func`4 verifySucceeded, CancellationToken cancellationToken)
   at Microsoft.EntityFrameworkCore.DbContext.SaveChangesAsync(Boolean acceptAllChangesOnSuccess, CancellationToken cancellationToken)
   at Microsoft.EntityFrameworkCore.DbContext.SaveChangesAsync(Boolean acceptAllChangesOnSuccess, CancellationToken cancellationToken)
   at Biktal.Infrastructure.Persistence.CrmDataSeeder.SeedIfEmptyAsync(ApplicationDbContext db, CancellationToken cancellationToken)
   at Program.<Main>$(String[] args) in d:\Systems\BiktalSystems\Program.cs:line 71
2026-07-13 11:22:01.889 +03:00 [WRN] Continuing without a successful migration/seed. Auth and data pages may fail until the database is available.
2026-07-13 11:22:01.925 +03:00 [WRN] Using an in-memory repository. Keys will not be persisted to storage.
2026-07-13 11:22:01.926 +03:00 [WRN] Neither user profile nor HKLM registry available. Using an ephemeral key repository. Protected data will be unavailable when application exits.
2026-07-13 11:22:01.960 +03:00 [WRN] No XML encryptor configured. Key {a74ce710-f4f2-4da8-be16-42287c500fc9} may be persisted to storage in unencrypted form.
2026-07-13 11:22:02.018 +03:00 [INF] Application started. Press Ctrl+C to shut down.
2026-07-13 11:22:02.018 +03:00 [INF] Hosting environment: Production
2026-07-13 11:22:02.018 +03:00 [INF] Content root path: D:\Systems\BiktalSystems\publish
2026-07-13 11:22:02.320 +03:00 [ERR] An exception was thrown while deserializing the token.
Microsoft.AspNetCore.Antiforgery.AntiforgeryValidationException: The antiforgery token could not be decrypted.
 ---> System.Security.Cryptography.CryptographicException: The key {96de7f74-a2eb-4aa1-afa8-57b57a8a1b5e} was not found in the key ring. For more information go to https://aka.ms/aspnet/dataprotectionwarning
   at Microsoft.AspNetCore.DataProtection.KeyManagement.KeyRingBasedDataProtector.UnprotectCore(Byte[] protectedData, Boolean allowOperationsOnRevokedKeys, UnprotectStatus& status)
   at Microsoft.AspNetCore.DataProtection.KeyManagement.KeyRingBasedDataProtector.Unprotect(Byte[] protectedData)
   at Microsoft.AspNetCore.Antiforgery.DefaultAntiforgeryTokenSerializer.Deserialize(String serializedToken)
   --- End of inner exception stack trace ---
   at Microsoft.AspNetCore.Antiforgery.DefaultAntiforgeryTokenSerializer.Deserialize(String serializedToken)
   at Microsoft.AspNetCore.Antiforgery.DefaultAntiforgery.GetCookieTokenDoesNotThrow(HttpContext httpContext)
2026-07-13 11:22:02.522 +03:00 [INF] HTTP GET /Account/Login responded 200 in 466.9538 ms
2026-07-13 11:22:02.835 +03:00 [INF] HTTP GET /lib/jquery-validation/dist/jquery.validate.min.js responded 200 in 163.5451 ms
2026-07-13 11:22:02.835 +03:00 [INF] HTTP GET /Biktal.WebMVC.styles.css responded 200 in 148.3399 ms
2026-07-13 11:22:02.835 +03:00 [INF] HTTP GET /lib/jquery-validation-unobtrusive/dist/jquery.validate.unobtrusive.min.js responded 200 in 164.2132 ms
2026-07-13 11:22:02.836 +03:00 [INF] HTTP GET /css/site.css responded 200 in 148.9782 ms
2026-07-13 11:22:02.837 +03:00 [INF] HTTP GET /lib/jquery/dist/jquery.min.js responded 200 in 168.8332 ms
2026-07-13 11:22:02.838 +03:00 [INF] HTTP GET /js/site.js responded 200 in 109.6831 ms
2026-07-13 11:22:02.838 +03:00 [INF] HTTP GET /lib/bootstrap/dist/css/bootstrap.min.css responded 200 in 136.9352 ms
2026-07-13 11:22:02.839 +03:00 [INF] HTTP GET /lib/bootstrap/dist/js/bootstrap.bundle.min.js responded 200 in 136.4567 ms
2026-07-13 11:22:31.709 +03:00 [INF] HTTP POST /Account/Login responded 400 in 58.1203 ms
2026-07-13 11:22:32.342 +03:00 [INF] HTTP POST /Account/Login responded 302 in 640.2977 ms
2026-07-13 11:22:32.909 +03:00 [INF] HTTP GET /Inventory/Products responded 200 in 559.0905 ms
2026-07-13 11:22:32.913 +03:00 [INF] HTTP GET /Biktal.WebMVC.styles.css responded 200 in 2.0641 ms
2026-07-13 11:22:32.913 +03:00 [INF] HTTP GET /lib/bootstrap/dist/css/bootstrap.min.css responded 200 in 7.3384 ms
2026-07-13 11:22:32.913 +03:00 [INF] HTTP GET /css/site.css responded 200 in 10.4633 ms
2026-07-13 11:22:33.982 +03:00 [INF] HTTP GET /lib/jquery-validation/dist/jquery.validate.min.js responded 200 in 43.8926 ms
2026-07-13 11:22:33.982 +03:00 [INF] HTTP GET /lib/jquery-validation-unobtrusive/dist/jquery.validate.unobtrusive.min.js responded 200 in 28.3127 ms
2026-07-13 11:22:34.000 +03:00 [INF] HTTP GET /js/site.js responded 200 in 68.5086 ms
2026-07-13 11:22:34.000 +03:00 [INF] HTTP GET /lib/jquery/dist/jquery.min.js responded 200 in 102.5207 ms
2026-07-13 11:22:34.004 +03:00 [INF] HTTP GET /js/products-catalog-filter.js responded 200 in 24.4608 ms
2026-07-13 11:22:34.139 +03:00 [INF] HTTP GET /lib/bootstrap/dist/js/bootstrap.bundle.min.js responded 200 in 159.3551 ms
2026-07-13 11:43:26.682 +03:00 [INF] Application is shutting down...
2026-07-13 13:46:37.876 +03:00 [ERR] Failed executing DbCommand (20ms) [Parameters=[@p0='?' (DbType = Guid), @p1='?' (DbType = DateTime), @p2='?' (DbType = Guid), @p3='?', @p4='?' (DbType = DateTime), @p5='?' (DbType = Int32), @p6='?' (DbType = Int32), @p7='?', @p8='?', @p9='?' (DbType = Guid), @p10='?' (DbType = DateTime), @p11='?' (DbType = Guid), @p12='?', @p13='?' (DbType = DateTime), @p14='?' (DbType = Int32), @p15='?' (DbType = Int32), @p16='?', @p17='?'], CommandType='"Text"', CommandTimeout='30']
INSERT INTO "CrmSupportTickets" ("Id", "CreatedAtUtc", "CustomerId", "Description", "ModifiedAtUtc", "Priority", "Status", "Subject", "TicketNumber")
VALUES (@p0, @p1, @p2, @p3, @p4, @p5, @p6, @p7, @p8);
INSERT INTO "CrmSupportTickets" ("Id", "CreatedAtUtc", "CustomerId", "Description", "ModifiedAtUtc", "Priority", "Status", "Subject", "TicketNumber")
VALUES (@p9, @p10, @p11, @p12, @p13, @p14, @p15, @p16, @p17);
2026-07-13 13:46:37.954 +03:00 [ERR] An exception occurred in the database while saving changes for context type 'Biktal.Infrastructure.Persistence.ApplicationDbContext'.
Microsoft.EntityFrameworkCore.DbUpdateException: An error occurred while saving the entity changes. See the inner exception for details.
 ---> Npgsql.PostgresException (0x80004005): 23503: insert or update on table "CrmSupportTickets" violates foreign key constraint "FK_CrmSupportTickets_CrmCustomers_CustomerId"

DETAIL: Detail redacted as it may contain sensitive data. Specify 'Include Error Detail' in the connection string to include this information.
   at Npgsql.Internal.NpgsqlConnector.ReadMessageLong(Boolean async, DataRowLoadingMode dataRowLoadingMode, Boolean readingNotifications, Boolean isReadingPrependedMessage)
   at System.Runtime.CompilerServices.PoolingAsyncValueTaskMethodBuilder`1.StateMachineBox`1.System.Threading.Tasks.Sources.IValueTaskSource<TResult>.GetResult(Int16 token)
   at Npgsql.NpgsqlDataReader.NextResult(Boolean async, Boolean isConsuming, CancellationToken cancellationToken)
   at Npgsql.NpgsqlDataReader.NextResult(Boolean async, Boolean isConsuming, CancellationToken cancellationToken)
   at Npgsql.NpgsqlCommand.ExecuteReader(Boolean async, CommandBehavior behavior, CancellationToken cancellationToken)
   at Npgsql.NpgsqlCommand.ExecuteReader(Boolean async, CommandBehavior behavior, CancellationToken cancellationToken)
   at Npgsql.NpgsqlCommand.ExecuteDbDataReaderAsync(CommandBehavior behavior, CancellationToken cancellationToken)
   at Microsoft.EntityFrameworkCore.Storage.RelationalCommand.ExecuteReaderAsync(RelationalCommandParameterObject parameterObject, CancellationToken cancellationToken)
   at Microsoft.EntityFrameworkCore.Storage.RelationalCommand.ExecuteReaderAsync(RelationalCommandParameterObject parameterObject, CancellationToken cancellationToken)
   at Microsoft.EntityFrameworkCore.Update.ReaderModificationCommandBatch.ExecuteAsync(IRelationalConnection connection, CancellationToken cancellationToken)
  Exception data:
    Severity: ERROR
    SqlState: 23503
    MessageText: insert or update on table "CrmSupportTickets" violates foreign key constraint "FK_CrmSupportTickets_CrmCustomers_CustomerId"
    Detail: Detail redacted as it may contain sensitive data. Specify 'Include Error Detail' in the connection string to include this information.
    SchemaName: public
    TableName: CrmSupportTickets
    ConstraintName: FK_CrmSupportTickets_CrmCustomers_CustomerId
    File: ri_triggers.c
    Line: 2783
    Routine: ri_ReportViolation
   --- End of inner exception stack trace ---
   at Microsoft.EntityFrameworkCore.Update.ReaderModificationCommandBatch.ExecuteAsync(IRelationalConnection connection, CancellationToken cancellationToken)
   at Microsoft.EntityFrameworkCore.Update.Internal.BatchExecutor.ExecuteAsync(IEnumerable`1 commandBatches, IRelationalConnection connection, CancellationToken cancellationToken)
   at Microsoft.EntityFrameworkCore.Update.Internal.BatchExecutor.ExecuteAsync(IEnumerable`1 commandBatches, IRelationalConnection connection, CancellationToken cancellationToken)
   at Microsoft.EntityFrameworkCore.Update.Internal.BatchExecutor.ExecuteAsync(IEnumerable`1 commandBatches, IRelationalConnection connection, CancellationToken cancellationToken)
   at Microsoft.EntityFrameworkCore.Storage.RelationalDatabase.SaveChangesAsync(IList`1 entries, CancellationToken cancellationToken)
   at Microsoft.EntityFrameworkCore.ChangeTracking.Internal.StateManager.SaveChangesAsync(IList`1 entriesToSave, CancellationToken cancellationToken)
   at Microsoft.EntityFrameworkCore.ChangeTracking.Internal.StateManager.SaveChangesAsync(StateManager stateManager, Boolean acceptAllChangesOnSuccess, CancellationToken cancellationToken)
   at Npgsql.EntityFrameworkCore.PostgreSQL.Storage.Internal.NpgsqlExecutionStrategy.ExecuteAsync[TState,TResult](TState state, Func`4 operation, Func`4 verifySucceeded, CancellationToken cancellationToken)
   at Microsoft.EntityFrameworkCore.DbContext.SaveChangesAsync(Boolean acceptAllChangesOnSuccess, CancellationToken cancellationToken)
Microsoft.EntityFrameworkCore.DbUpdateException: An error occurred while saving the entity changes. See the inner exception for details.
 ---> Npgsql.PostgresException (0x80004005): 23503: insert or update on table "CrmSupportTickets" violates foreign key constraint "FK_CrmSupportTickets_CrmCustomers_CustomerId"

DETAIL: Detail redacted as it may contain sensitive data. Specify 'Include Error Detail' in the connection string to include this information.
   at Npgsql.Internal.NpgsqlConnector.ReadMessageLong(Boolean async, DataRowLoadingMode dataRowLoadingMode, Boolean readingNotifications, Boolean isReadingPrependedMessage)
   at System.Runtime.CompilerServices.PoolingAsyncValueTaskMethodBuilder`1.StateMachineBox`1.System.Threading.Tasks.Sources.IValueTaskSource<TResult>.GetResult(Int16 token)
   at Npgsql.NpgsqlDataReader.NextResult(Boolean async, Boolean isConsuming, CancellationToken cancellationToken)
   at Npgsql.NpgsqlDataReader.NextResult(Boolean async, Boolean isConsuming, CancellationToken cancellationToken)
   at Npgsql.NpgsqlCommand.ExecuteReader(Boolean async, CommandBehavior behavior, CancellationToken cancellationToken)
   at Npgsql.NpgsqlCommand.ExecuteReader(Boolean async, CommandBehavior behavior, CancellationToken cancellationToken)
   at Npgsql.NpgsqlCommand.ExecuteDbDataReaderAsync(CommandBehavior behavior, CancellationToken cancellationToken)
   at Microsoft.EntityFrameworkCore.Storage.RelationalCommand.ExecuteReaderAsync(RelationalCommandParameterObject parameterObject, CancellationToken cancellationToken)
   at Microsoft.EntityFrameworkCore.Storage.RelationalCommand.ExecuteReaderAsync(RelationalCommandParameterObject parameterObject, CancellationToken cancellationToken)
   at Microsoft.EntityFrameworkCore.Update.ReaderModificationCommandBatch.ExecuteAsync(IRelationalConnection connection, CancellationToken cancellationToken)
  Exception data:
    Severity: ERROR
    SqlState: 23503
    MessageText: insert or update on table "CrmSupportTickets" violates foreign key constraint "FK_CrmSupportTickets_CrmCustomers_CustomerId"
    Detail: Detail redacted as it may contain sensitive data. Specify 'Include Error Detail' in the connection string to include this information.
    SchemaName: public
    TableName: CrmSupportTickets
    ConstraintName: FK_CrmSupportTickets_CrmCustomers_CustomerId
    File: ri_triggers.c
    Line: 2783
    Routine: ri_ReportViolation
   --- End of inner exception stack trace ---
   at Microsoft.EntityFrameworkCore.Update.ReaderModificationCommandBatch.ExecuteAsync(IRelationalConnection connection, CancellationToken cancellationToken)
   at Microsoft.EntityFrameworkCore.Update.Internal.BatchExecutor.ExecuteAsync(IEnumerable`1 commandBatches, IRelationalConnection connection, CancellationToken cancellationToken)
   at Microsoft.EntityFrameworkCore.Update.Internal.BatchExecutor.ExecuteAsync(IEnumerable`1 commandBatches, IRelationalConnection connection, CancellationToken cancellationToken)
   at Microsoft.EntityFrameworkCore.Update.Internal.BatchExecutor.ExecuteAsync(IEnumerable`1 commandBatches, IRelationalConnection connection, CancellationToken cancellationToken)
   at Microsoft.EntityFrameworkCore.Storage.RelationalDatabase.SaveChangesAsync(IList`1 entries, CancellationToken cancellationToken)
   at Microsoft.EntityFrameworkCore.ChangeTracking.Internal.StateManager.SaveChangesAsync(IList`1 entriesToSave, CancellationToken cancellationToken)
   at Microsoft.EntityFrameworkCore.ChangeTracking.Internal.StateManager.SaveChangesAsync(StateManager stateManager, Boolean acceptAllChangesOnSuccess, CancellationToken cancellationToken)
   at Npgsql.EntityFrameworkCore.PostgreSQL.Storage.Internal.NpgsqlExecutionStrategy.ExecuteAsync[TState,TResult](TState state, Func`4 operation, Func`4 verifySucceeded, CancellationToken cancellationToken)
   at Microsoft.EntityFrameworkCore.DbContext.SaveChangesAsync(Boolean acceptAllChangesOnSuccess, CancellationToken cancellationToken)
2026-07-13 13:46:37.959 +03:00 [ERR] Database migration or seed failed. Check PostgreSQL is running and ConnectionStrings:DefaultConnection is correct.
Microsoft.EntityFrameworkCore.DbUpdateException: An error occurred while saving the entity changes. See the inner exception for details.
 ---> Npgsql.PostgresException (0x80004005): 23503: insert or update on table "CrmSupportTickets" violates foreign key constraint "FK_CrmSupportTickets_CrmCustomers_CustomerId"

DETAIL: Detail redacted as it may contain sensitive data. Specify 'Include Error Detail' in the connection string to include this information.
   at Npgsql.Internal.NpgsqlConnector.ReadMessageLong(Boolean async, DataRowLoadingMode dataRowLoadingMode, Boolean readingNotifications, Boolean isReadingPrependedMessage)
   at System.Runtime.CompilerServices.PoolingAsyncValueTaskMethodBuilder`1.StateMachineBox`1.System.Threading.Tasks.Sources.IValueTaskSource<TResult>.GetResult(Int16 token)
   at Npgsql.NpgsqlDataReader.NextResult(Boolean async, Boolean isConsuming, CancellationToken cancellationToken)
   at Npgsql.NpgsqlDataReader.NextResult(Boolean async, Boolean isConsuming, CancellationToken cancellationToken)
   at Npgsql.NpgsqlCommand.ExecuteReader(Boolean async, CommandBehavior behavior, CancellationToken cancellationToken)
   at Npgsql.NpgsqlCommand.ExecuteReader(Boolean async, CommandBehavior behavior, CancellationToken cancellationToken)
   at Npgsql.NpgsqlCommand.ExecuteDbDataReaderAsync(CommandBehavior behavior, CancellationToken cancellationToken)
   at Microsoft.EntityFrameworkCore.Storage.RelationalCommand.ExecuteReaderAsync(RelationalCommandParameterObject parameterObject, CancellationToken cancellationToken)
   at Microsoft.EntityFrameworkCore.Storage.RelationalCommand.ExecuteReaderAsync(RelationalCommandParameterObject parameterObject, CancellationToken cancellationToken)
   at Microsoft.EntityFrameworkCore.Update.ReaderModificationCommandBatch.ExecuteAsync(IRelationalConnection connection, CancellationToken cancellationToken)
  Exception data:
    Severity: ERROR
    SqlState: 23503
    MessageText: insert or update on table "CrmSupportTickets" violates foreign key constraint "FK_CrmSupportTickets_CrmCustomers_CustomerId"
    Detail: Detail redacted as it may contain sensitive data. Specify 'Include Error Detail' in the connection string to include this information.
    SchemaName: public
    TableName: CrmSupportTickets
    ConstraintName: FK_CrmSupportTickets_CrmCustomers_CustomerId
    File: ri_triggers.c
    Line: 2783
    Routine: ri_ReportViolation
   --- End of inner exception stack trace ---
   at Microsoft.EntityFrameworkCore.Update.ReaderModificationCommandBatch.ExecuteAsync(IRelationalConnection connection, CancellationToken cancellationToken)
   at Microsoft.EntityFrameworkCore.Update.Internal.BatchExecutor.ExecuteAsync(IEnumerable`1 commandBatches, IRelationalConnection connection, CancellationToken cancellationToken)
   at Microsoft.EntityFrameworkCore.Update.Internal.BatchExecutor.ExecuteAsync(IEnumerable`1 commandBatches, IRelationalConnection connection, CancellationToken cancellationToken)
   at Microsoft.EntityFrameworkCore.Update.Internal.BatchExecutor.ExecuteAsync(IEnumerable`1 commandBatches, IRelationalConnection connection, CancellationToken cancellationToken)
   at Microsoft.EntityFrameworkCore.Storage.RelationalDatabase.SaveChangesAsync(IList`1 entries, CancellationToken cancellationToken)
   at Microsoft.EntityFrameworkCore.ChangeTracking.Internal.StateManager.SaveChangesAsync(IList`1 entriesToSave, CancellationToken cancellationToken)
   at Microsoft.EntityFrameworkCore.ChangeTracking.Internal.StateManager.SaveChangesAsync(StateManager stateManager, Boolean acceptAllChangesOnSuccess, CancellationToken cancellationToken)
   at Npgsql.EntityFrameworkCore.PostgreSQL.Storage.Internal.NpgsqlExecutionStrategy.ExecuteAsync[TState,TResult](TState state, Func`4 operation, Func`4 verifySucceeded, CancellationToken cancellationToken)
   at Microsoft.EntityFrameworkCore.DbContext.SaveChangesAsync(Boolean acceptAllChangesOnSuccess, CancellationToken cancellationToken)
   at Microsoft.EntityFrameworkCore.DbContext.SaveChangesAsync(Boolean acceptAllChangesOnSuccess, CancellationToken cancellationToken)
   at Biktal.Infrastructure.Persistence.CrmDataSeeder.SeedIfEmptyAsync(ApplicationDbContext db, CancellationToken cancellationToken)
   at Program.<Main>$(String[] args) in d:\Systems\BiktalSystems\Program.cs:line 71
2026-07-13 13:46:37.975 +03:00 [WRN] Continuing without a successful migration/seed. Auth and data pages may fail until the database is available.
2026-07-13 13:46:38.000 +03:00 [WRN] Using an in-memory repository. Keys will not be persisted to storage.
2026-07-13 13:46:38.001 +03:00 [WRN] Neither user profile nor HKLM registry available. Using an ephemeral key repository. Protected data will be unavailable when application exits.
2026-07-13 13:46:38.020 +03:00 [WRN] No XML encryptor configured. Key {c4686b0d-d486-4776-a37b-0085f775442d} may be persisted to storage in unencrypted form.
2026-07-13 13:46:38.072 +03:00 [INF] Application started. Press Ctrl+C to shut down.
2026-07-13 13:46:38.072 +03:00 [INF] Hosting environment: Production
2026-07-13 13:46:38.072 +03:00 [INF] Content root path: D:\Systems\BiktalSystems\publish
2026-07-13 13:46:38.178 +03:00 [INF] HTTP GET /Pos responded 302 in 83.2178 ms
2026-07-13 13:46:38.333 +03:00 [ERR] An exception was thrown while deserializing the token.
Microsoft.AspNetCore.Antiforgery.AntiforgeryValidationException: The antiforgery token could not be decrypted.
 ---> System.Security.Cryptography.CryptographicException: The key {a74ce710-f4f2-4da8-be16-42287c500fc9} was not found in the key ring. For more information go to https://aka.ms/aspnet/dataprotectionwarning
   at Microsoft.AspNetCore.DataProtection.KeyManagement.KeyRingBasedDataProtector.UnprotectCore(Byte[] protectedData, Boolean allowOperationsOnRevokedKeys, UnprotectStatus& status)
   at Microsoft.AspNetCore.DataProtection.KeyManagement.KeyRingBasedDataProtector.Unprotect(Byte[] protectedData)
   at Microsoft.AspNetCore.Antiforgery.DefaultAntiforgeryTokenSerializer.Deserialize(String serializedToken)
   --- End of inner exception stack trace ---
   at Microsoft.AspNetCore.Antiforgery.DefaultAntiforgeryTokenSerializer.Deserialize(String serializedToken)
   at Microsoft.AspNetCore.Antiforgery.DefaultAntiforgery.GetCookieTokenDoesNotThrow(HttpContext httpContext)
2026-07-13 13:46:38.494 +03:00 [INF] HTTP GET /Account/Login responded 200 in 298.3600 ms
2026-07-13 13:46:38.731 +03:00 [INF] HTTP GET /js/site.js responded 200 in 145.7469 ms
2026-07-13 13:46:38.735 +03:00 [INF] HTTP GET /Biktal.WebMVC.styles.css responded 200 in 149.9250 ms
2026-07-13 13:46:38.736 +03:00 [INF] HTTP GET /lib/jquery-validation/dist/jquery.validate.min.js responded 200 in 148.7912 ms
2026-07-13 13:46:38.748 +03:00 [INF] HTTP GET /lib/jquery/dist/jquery.min.js responded 200 in 134.2519 ms
2026-07-13 13:46:38.752 +03:00 [INF] HTTP GET /lib/bootstrap/dist/js/bootstrap.bundle.min.js responded 200 in 167.3944 ms
2026-07-13 13:46:38.758 +03:00 [INF] HTTP GET /lib/jquery-validation-unobtrusive/dist/jquery.validate.unobtrusive.min.js responded 200 in 169.7033 ms
2026-07-13 13:46:38.758 +03:00 [INF] HTTP GET /css/site.css responded 200 in 177.9413 ms
2026-07-13 13:46:38.777 +03:00 [INF] HTTP GET /lib/bootstrap/dist/css/bootstrap.min.css responded 200 in 194.1105 ms
2026-07-13 13:59:00.870 +03:00 [INF] HTTP POST /Account/Login responded 200 in 466.8213 ms
2026-07-13 13:59:00.950 +03:00 [INF] HTTP GET /lib/bootstrap/dist/css/bootstrap.min.css responded 200 in 7.8626 ms
2026-07-13 13:59:00.951 +03:00 [INF] HTTP GET /css/site.css responded 200 in 5.2135 ms
2026-07-13 13:59:00.958 +03:00 [INF] HTTP GET /Biktal.WebMVC.styles.css responded 200 in 7.1302 ms
2026-07-13 13:59:01.034 +03:00 [INF] HTTP GET /lib/jquery/dist/jquery.min.js responded 200 in 82.3190 ms
2026-07-13 13:59:01.047 +03:00 [INF] HTTP GET /js/site.js responded 200 in 31.1652 ms
2026-07-13 13:59:01.069 +03:00 [INF] HTTP GET /lib/jquery-validation/dist/jquery.validate.min.js responded 200 in 34.4437 ms
2026-07-13 13:59:01.082 +03:00 [INF] HTTP GET /lib/jquery-validation-unobtrusive/dist/jquery.validate.unobtrusive.min.js responded 200 in 16.2821 ms
2026-07-13 13:59:01.170 +03:00 [INF] HTTP GET /lib/bootstrap/dist/js/bootstrap.bundle.min.js responded 200 in 211.1151 ms
2026-07-13 13:59:07.210 +03:00 [INF] HTTP POST /Account/Login responded 200 in 159.4036 ms
2026-07-13 13:59:07.280 +03:00 [INF] HTTP GET /lib/bootstrap/dist/css/bootstrap.min.css responded 200 in 1.4599 ms
2026-07-13 13:59:07.280 +03:00 [INF] HTTP GET /Biktal.WebMVC.styles.css responded 200 in 0.9658 ms
2026-07-13 13:59:07.282 +03:00 [INF] HTTP GET /lib/bootstrap/dist/js/bootstrap.bundle.min.js responded 304 in 1.1078 ms
2026-07-13 13:59:07.282 +03:00 [INF] HTTP GET /lib/jquery/dist/jquery.min.js responded 304 in 1.3729 ms
2026-07-13 13:59:07.283 +03:00 [INF] HTTP GET /lib/jquery-validation-unobtrusive/dist/jquery.validate.unobtrusive.min.js responded 304 in 0.3375 ms
2026-07-13 13:59:07.283 +03:00 [INF] HTTP GET /lib/jquery-validation/dist/jquery.validate.min.js responded 304 in 0.3400 ms
2026-07-13 13:59:07.284 +03:00 [INF] HTTP GET /js/site.js responded 304 in 1.7043 ms
2026-07-13 13:59:07.284 +03:00 [INF] HTTP GET /css/site.css responded 200 in 0.8792 ms
2026-07-13 13:59:19.284 +03:00 [INF] HTTP POST /Account/Login responded 302 in 290.4394 ms
2026-07-13 13:59:19.340 +03:00 [WRN] The query uses the 'First'/'FirstOrDefault' operator without 'OrderBy' and filter operators. This may lead to unpredictable results.
2026-07-13 13:59:19.504 +03:00 [INF] HTTP GET /Pos responded 200 in 211.9992 ms
2026-07-13 13:59:19.567 +03:00 [INF] HTTP GET /lib/bootstrap/dist/css/bootstrap.min.css responded 200 in 3.9626 ms
2026-07-13 13:59:19.575 +03:00 [INF] HTTP GET /lib/jquery/dist/jquery.min.js responded 304 in 6.7380 ms
2026-07-13 13:59:19.575 +03:00 [INF] HTTP GET /Biktal.WebMVC.styles.css responded 200 in 7.6718 ms
2026-07-13 13:59:19.581 +03:00 [INF] HTTP GET /css/site.css responded 200 in 6.4117 ms
2026-07-13 13:59:19.583 +03:00 [INF] HTTP GET /lib/bootstrap/dist/js/bootstrap.bundle.min.js responded 304 in 2.3681 ms
2026-07-13 13:59:19.594 +03:00 [INF] HTTP GET /js/site.js responded 304 in 1.0724 ms
2026-07-13 13:59:19.609 +03:00 [INF] HTTP GET /js/pos.js responded 200 in 28.3546 ms
2026-07-13 13:59:41.528 +03:00 [INF] HTTP GET /Inventory responded 200 in 220.2908 ms
2026-07-13 13:59:41.588 +03:00 [INF] HTTP GET /css/site.css responded 200 in 1.5424 ms
2026-07-13 13:59:41.588 +03:00 [INF] HTTP GET /lib/bootstrap/dist/css/bootstrap.min.css responded 200 in 1.6928 ms
2026-07-13 13:59:41.593 +03:00 [INF] HTTP GET /Biktal.WebMVC.styles.css responded 200 in 1.1884 ms
2026-07-13 13:59:41.596 +03:00 [INF] HTTP GET /lib/bootstrap/dist/js/bootstrap.bundle.min.js responded 304 in 0.6105 ms
2026-07-13 13:59:41.596 +03:00 [INF] HTTP GET /lib/jquery/dist/jquery.min.js responded 304 in 0.8237 ms
2026-07-13 13:59:41.605 +03:00 [INF] HTTP GET /js/site.js responded 304 in 0.7535 ms
2026-07-13 13:59:48.070 +03:00 [INF] HTTP GET /Inventory/Products responded 200 in 377.6210 ms
2026-07-13 13:59:48.071 +03:00 [INF] HTTP GET /lib/bootstrap/dist/css/bootstrap.min.css responded 304 in 3.2209 ms
2026-07-13 13:59:48.072 +03:00 [INF] HTTP GET /css/site.css responded 304 in 0.6373 ms
2026-07-13 13:59:48.072 +03:00 [INF] HTTP GET /Biktal.WebMVC.styles.css responded 304 in 0.4592 ms
2026-07-13 13:59:48.955 +03:00 [INF] HTTP GET /lib/jquery/dist/jquery.min.js responded 304 in 0.4793 ms
2026-07-13 13:59:48.983 +03:00 [INF] HTTP GET /lib/bootstrap/dist/js/bootstrap.bundle.min.js responded 304 in 0.9430 ms
2026-07-13 13:59:48.988 +03:00 [INF] HTTP GET /js/site.js responded 304 in 1.5644 ms
2026-07-13 13:59:48.989 +03:00 [INF] HTTP GET /lib/jquery-validation/dist/jquery.validate.min.js responded 304 in 0.6354 ms
2026-07-13 13:59:48.994 +03:00 [INF] HTTP GET /lib/jquery-validation-unobtrusive/dist/jquery.validate.unobtrusive.min.js responded 304 in 0.6152 ms
2026-07-13 13:59:49.011 +03:00 [INF] HTTP GET /js/products-catalog-filter.js responded 200 in 18.3644 ms
2026-07-13 13:59:56.369 +03:00 [INF] HTTP GET /Inventory/Products responded 200 in 135.2028 ms
2026-07-13 13:59:56.420 +03:00 [INF] HTTP GET /css/site.css responded 304 in 2.4817 ms
2026-07-13 13:59:56.421 +03:00 [INF] HTTP GET /lib/bootstrap/dist/css/bootstrap.min.css responded 304 in 8.5386 ms
2026-07-13 13:59:56.423 +03:00 [INF] HTTP GET /Biktal.WebMVC.styles.css responded 304 in 1.1487 ms
2026-07-13 13:59:57.271 +03:00 [INF] HTTP GET /lib/jquery/dist/jquery.min.js responded 304 in 1.0231 ms
2026-07-13 13:59:57.292 +03:00 [INF] HTTP GET /lib/bootstrap/dist/js/bootstrap.bundle.min.js responded 304 in 1.1154 ms
2026-07-13 13:59:57.295 +03:00 [INF] HTTP GET /js/site.js responded 304 in 0.9311 ms
2026-07-13 13:59:57.299 +03:00 [INF] HTTP GET /lib/jquery-validation/dist/jquery.validate.min.js responded 304 in 0.6586 ms
2026-07-13 13:59:57.300 +03:00 [INF] HTTP GET /lib/jquery-validation-unobtrusive/dist/jquery.validate.unobtrusive.min.js responded 304 in 0.4563 ms
2026-07-13 13:59:57.300 +03:00 [INF] HTTP GET /js/products-catalog-filter.js responded 304 in 0.4562 ms
2026-07-13 14:00:01.111 +03:00 [INF] HTTP POST /Inventory/EditProduct responded 302 in 95.6529 ms
2026-07-13 14:00:01.166 +03:00 [INF] HTTP GET /Inventory/Products responded 200 in 50.0761 ms
2026-07-13 14:00:01.239 +03:00 [INF] HTTP GET /Biktal.WebMVC.styles.css responded 304 in 0.5333 ms
2026-07-13 14:00:01.239 +03:00 [INF] HTTP GET /lib/bootstrap/dist/css/bootstrap.min.css responded 200 in 1.3985 ms
2026-07-13 14:00:01.239 +03:00 [INF] HTTP GET /css/site.css responded 304 in 0.6395 ms
2026-07-13 14:00:01.974 +03:00 [INF] HTTP GET /lib/jquery/dist/jquery.min.js responded 304 in 1.1019 ms
2026-07-13 14:00:01.991 +03:00 [INF] HTTP GET /lib/bootstrap/dist/js/bootstrap.bundle.min.js responded 304 in 0.5483 ms
2026-07-13 14:00:01.991 +03:00 [INF] HTTP GET /js/site.js responded 304 in 0.6220 ms
2026-07-13 14:00:01.992 +03:00 [INF] HTTP GET /lib/jquery-validation-unobtrusive/dist/jquery.validate.unobtrusive.min.js responded 304 in 0.4817 ms
2026-07-13 14:00:01.992 +03:00 [INF] HTTP GET /js/products-catalog-filter.js responded 304 in 0.4418 ms
2026-07-13 14:00:01.993 +03:00 [INF] HTTP GET /lib/jquery-validation/dist/jquery.validate.min.js responded 304 in 0.6723 ms
2026-07-13 14:00:03.442 +03:00 [INF] HTTP GET /Pos responded 200 in 18.2875 ms
2026-07-13 14:00:03.488 +03:00 [INF] HTTP GET /lib/bootstrap/dist/css/bootstrap.min.css responded 304 in 1.0723 ms
2026-07-13 14:00:03.505 +03:00 [INF] HTTP GET /Biktal.WebMVC.styles.css responded 304 in 0.6728 ms
2026-07-13 14:00:03.505 +03:00 [INF] HTTP GET /css/site.css responded 304 in 0.4878 ms
2026-07-13 14:00:03.508 +03:00 [INF] HTTP GET /lib/jquery/dist/jquery.min.js responded 304 in 2.0009 ms
2026-07-13 14:00:03.509 +03:00 [INF] HTTP GET /js/site.js responded 304 in 3.1861 ms
2026-07-13 14:00:03.510 +03:00 [INF] HTTP GET /lib/bootstrap/dist/js/bootstrap.bundle.min.js responded 304 in 4.5371 ms
2026-07-13 14:00:03.513 +03:00 [INF] HTTP GET /js/pos.js responded 304 in 0.8009 ms
2026-07-13 14:00:56.327 +03:00 [INF] HTTP POST /Pos/CompleteSale responded 200 in 604.1027 ms
2026-07-13 14:21:37.226 +03:00 [INF] Application is shutting down...
2026-07-13 15:02:53.654 +03:00 [ERR] Failed executing DbCommand (7ms) [Parameters=[@p0='?' (DbType = Guid), @p1='?' (DbType = DateTime), @p2='?' (DbType = Guid), @p3='?', @p4='?' (DbType = DateTime), @p5='?' (DbType = Int32), @p6='?' (DbType = Int32), @p7='?', @p8='?', @p9='?' (DbType = Guid), @p10='?' (DbType = DateTime), @p11='?' (DbType = Guid), @p12='?', @p13='?' (DbType = DateTime), @p14='?' (DbType = Int32), @p15='?' (DbType = Int32), @p16='?', @p17='?'], CommandType='"Text"', CommandTimeout='30']
INSERT INTO "CrmSupportTickets" ("Id", "CreatedAtUtc", "CustomerId", "Description", "ModifiedAtUtc", "Priority", "Status", "Subject", "TicketNumber")
VALUES (@p0, @p1, @p2, @p3, @p4, @p5, @p6, @p7, @p8);
INSERT INTO "CrmSupportTickets" ("Id", "CreatedAtUtc", "CustomerId", "Description", "ModifiedAtUtc", "Priority", "Status", "Subject", "TicketNumber")
VALUES (@p9, @p10, @p11, @p12, @p13, @p14, @p15, @p16, @p17);
2026-07-13 15:02:53.733 +03:00 [ERR] An exception occurred in the database while saving changes for context type 'Biktal.Infrastructure.Persistence.ApplicationDbContext'.
Microsoft.EntityFrameworkCore.DbUpdateException: An error occurred while saving the entity changes. See the inner exception for details.
 ---> Npgsql.PostgresException (0x80004005): 23503: insert or update on table "CrmSupportTickets" violates foreign key constraint "FK_CrmSupportTickets_CrmCustomers_CustomerId"

DETAIL: Detail redacted as it may contain sensitive data. Specify 'Include Error Detail' in the connection string to include this information.
   at Npgsql.Internal.NpgsqlConnector.ReadMessageLong(Boolean async, DataRowLoadingMode dataRowLoadingMode, Boolean readingNotifications, Boolean isReadingPrependedMessage)
   at System.Runtime.CompilerServices.PoolingAsyncValueTaskMethodBuilder`1.StateMachineBox`1.System.Threading.Tasks.Sources.IValueTaskSource<TResult>.GetResult(Int16 token)
   at Npgsql.NpgsqlDataReader.NextResult(Boolean async, Boolean isConsuming, CancellationToken cancellationToken)
   at Npgsql.NpgsqlDataReader.NextResult(Boolean async, Boolean isConsuming, CancellationToken cancellationToken)
   at Npgsql.NpgsqlCommand.ExecuteReader(Boolean async, CommandBehavior behavior, CancellationToken cancellationToken)
   at Npgsql.NpgsqlCommand.ExecuteReader(Boolean async, CommandBehavior behavior, CancellationToken cancellationToken)
   at Npgsql.NpgsqlCommand.ExecuteDbDataReaderAsync(CommandBehavior behavior, CancellationToken cancellationToken)
   at Microsoft.EntityFrameworkCore.Storage.RelationalCommand.ExecuteReaderAsync(RelationalCommandParameterObject parameterObject, CancellationToken cancellationToken)
   at Microsoft.EntityFrameworkCore.Storage.RelationalCommand.ExecuteReaderAsync(RelationalCommandParameterObject parameterObject, CancellationToken cancellationToken)
   at Microsoft.EntityFrameworkCore.Update.ReaderModificationCommandBatch.ExecuteAsync(IRelationalConnection connection, CancellationToken cancellationToken)
  Exception data:
    Severity: ERROR
    SqlState: 23503
    MessageText: insert or update on table "CrmSupportTickets" violates foreign key constraint "FK_CrmSupportTickets_CrmCustomers_CustomerId"
    Detail: Detail redacted as it may contain sensitive data. Specify 'Include Error Detail' in the connection string to include this information.
    SchemaName: public
    TableName: CrmSupportTickets
    ConstraintName: FK_CrmSupportTickets_CrmCustomers_CustomerId
    File: ri_triggers.c
    Line: 2783
    Routine: ri_ReportViolation
   --- End of inner exception stack trace ---
   at Microsoft.EntityFrameworkCore.Update.ReaderModificationCommandBatch.ExecuteAsync(IRelationalConnection connection, CancellationToken cancellationToken)
   at Microsoft.EntityFrameworkCore.Update.Internal.BatchExecutor.ExecuteAsync(IEnumerable`1 commandBatches, IRelationalConnection connection, CancellationToken cancellationToken)
   at Microsoft.EntityFrameworkCore.Update.Internal.BatchExecutor.ExecuteAsync(IEnumerable`1 commandBatches, IRelationalConnection connection, CancellationToken cancellationToken)
   at Microsoft.EntityFrameworkCore.Update.Internal.BatchExecutor.ExecuteAsync(IEnumerable`1 commandBatches, IRelationalConnection connection, CancellationToken cancellationToken)
   at Microsoft.EntityFrameworkCore.Storage.RelationalDatabase.SaveChangesAsync(IList`1 entries, CancellationToken cancellationToken)
   at Microsoft.EntityFrameworkCore.ChangeTracking.Internal.StateManager.SaveChangesAsync(IList`1 entriesToSave, CancellationToken cancellationToken)
   at Microsoft.EntityFrameworkCore.ChangeTracking.Internal.StateManager.SaveChangesAsync(StateManager stateManager, Boolean acceptAllChangesOnSuccess, CancellationToken cancellationToken)
   at Npgsql.EntityFrameworkCore.PostgreSQL.Storage.Internal.NpgsqlExecutionStrategy.ExecuteAsync[TState,TResult](TState state, Func`4 operation, Func`4 verifySucceeded, CancellationToken cancellationToken)
   at Microsoft.EntityFrameworkCore.DbContext.SaveChangesAsync(Boolean acceptAllChangesOnSuccess, CancellationToken cancellationToken)
Microsoft.EntityFrameworkCore.DbUpdateException: An error occurred while saving the entity changes. See the inner exception for details.
 ---> Npgsql.PostgresException (0x80004005): 23503: insert or update on table "CrmSupportTickets" violates foreign key constraint "FK_CrmSupportTickets_CrmCustomers_CustomerId"

DETAIL: Detail redacted as it may contain sensitive data. Specify 'Include Error Detail' in the connection string to include this information.
   at Npgsql.Internal.NpgsqlConnector.ReadMessageLong(Boolean async, DataRowLoadingMode dataRowLoadingMode, Boolean readingNotifications, Boolean isReadingPrependedMessage)
   at System.Runtime.CompilerServices.PoolingAsyncValueTaskMethodBuilder`1.StateMachineBox`1.System.Threading.Tasks.Sources.IValueTaskSource<TResult>.GetResult(Int16 token)
   at Npgsql.NpgsqlDataReader.NextResult(Boolean async, Boolean isConsuming, CancellationToken cancellationToken)
   at Npgsql.NpgsqlDataReader.NextResult(Boolean async, Boolean isConsuming, CancellationToken cancellationToken)
   at Npgsql.NpgsqlCommand.ExecuteReader(Boolean async, CommandBehavior behavior, CancellationToken cancellationToken)
   at Npgsql.NpgsqlCommand.ExecuteReader(Boolean async, CommandBehavior behavior, CancellationToken cancellationToken)
   at Npgsql.NpgsqlCommand.ExecuteDbDataReaderAsync(CommandBehavior behavior, CancellationToken cancellationToken)
   at Microsoft.EntityFrameworkCore.Storage.RelationalCommand.ExecuteReaderAsync(RelationalCommandParameterObject parameterObject, CancellationToken cancellationToken)
   at Microsoft.EntityFrameworkCore.Storage.RelationalCommand.ExecuteReaderAsync(RelationalCommandParameterObject parameterObject, CancellationToken cancellationToken)
   at Microsoft.EntityFrameworkCore.Update.ReaderModificationCommandBatch.ExecuteAsync(IRelationalConnection connection, CancellationToken cancellationToken)
  Exception data:
    Severity: ERROR
    SqlState: 23503
    MessageText: insert or update on table "CrmSupportTickets" violates foreign key constraint "FK_CrmSupportTickets_CrmCustomers_CustomerId"
    Detail: Detail redacted as it may contain sensitive data. Specify 'Include Error Detail' in the connection string to include this information.
    SchemaName: public
    TableName: CrmSupportTickets
    ConstraintName: FK_CrmSupportTickets_CrmCustomers_CustomerId
    File: ri_triggers.c
    Line: 2783
    Routine: ri_ReportViolation
   --- End of inner exception stack trace ---
   at Microsoft.EntityFrameworkCore.Update.ReaderModificationCommandBatch.ExecuteAsync(IRelationalConnection connection, CancellationToken cancellationToken)
   at Microsoft.EntityFrameworkCore.Update.Internal.BatchExecutor.ExecuteAsync(IEnumerable`1 commandBatches, IRelationalConnection connection, CancellationToken cancellationToken)
   at Microsoft.EntityFrameworkCore.Update.Internal.BatchExecutor.ExecuteAsync(IEnumerable`1 commandBatches, IRelationalConnection connection, CancellationToken cancellationToken)
   at Microsoft.EntityFrameworkCore.Update.Internal.BatchExecutor.ExecuteAsync(IEnumerable`1 commandBatches, IRelationalConnection connection, CancellationToken cancellationToken)
   at Microsoft.EntityFrameworkCore.Storage.RelationalDatabase.SaveChangesAsync(IList`1 entries, CancellationToken cancellationToken)
   at Microsoft.EntityFrameworkCore.ChangeTracking.Internal.StateManager.SaveChangesAsync(IList`1 entriesToSave, CancellationToken cancellationToken)
   at Microsoft.EntityFrameworkCore.ChangeTracking.Internal.StateManager.SaveChangesAsync(StateManager stateManager, Boolean acceptAllChangesOnSuccess, CancellationToken cancellationToken)
   at Npgsql.EntityFrameworkCore.PostgreSQL.Storage.Internal.NpgsqlExecutionStrategy.ExecuteAsync[TState,TResult](TState state, Func`4 operation, Func`4 verifySucceeded, CancellationToken cancellationToken)
   at Microsoft.EntityFrameworkCore.DbContext.SaveChangesAsync(Boolean acceptAllChangesOnSuccess, CancellationToken cancellationToken)
2026-07-13 15:02:53.739 +03:00 [ERR] Database migration or seed failed. Check PostgreSQL is running and ConnectionStrings:DefaultConnection is correct.
Microsoft.EntityFrameworkCore.DbUpdateException: An error occurred while saving the entity changes. See the inner exception for details.
 ---> Npgsql.PostgresException (0x80004005): 23503: insert or update on table "CrmSupportTickets" violates foreign key constraint "FK_CrmSupportTickets_CrmCustomers_CustomerId"

DETAIL: Detail redacted as it may contain sensitive data. Specify 'Include Error Detail' in the connection string to include this information.
   at Npgsql.Internal.NpgsqlConnector.ReadMessageLong(Boolean async, DataRowLoadingMode dataRowLoadingMode, Boolean readingNotifications, Boolean isReadingPrependedMessage)
   at System.Runtime.CompilerServices.PoolingAsyncValueTaskMethodBuilder`1.StateMachineBox`1.System.Threading.Tasks.Sources.IValueTaskSource<TResult>.GetResult(Int16 token)
   at Npgsql.NpgsqlDataReader.NextResult(Boolean async, Boolean isConsuming, CancellationToken cancellationToken)
   at Npgsql.NpgsqlDataReader.NextResult(Boolean async, Boolean isConsuming, CancellationToken cancellationToken)
   at Npgsql.NpgsqlCommand.ExecuteReader(Boolean async, CommandBehavior behavior, CancellationToken cancellationToken)
   at Npgsql.NpgsqlCommand.ExecuteReader(Boolean async, CommandBehavior behavior, CancellationToken cancellationToken)
   at Npgsql.NpgsqlCommand.ExecuteDbDataReaderAsync(CommandBehavior behavior, CancellationToken cancellationToken)
   at Microsoft.EntityFrameworkCore.Storage.RelationalCommand.ExecuteReaderAsync(RelationalCommandParameterObject parameterObject, CancellationToken cancellationToken)
   at Microsoft.EntityFrameworkCore.Storage.RelationalCommand.ExecuteReaderAsync(RelationalCommandParameterObject parameterObject, CancellationToken cancellationToken)
   at Microsoft.EntityFrameworkCore.Update.ReaderModificationCommandBatch.ExecuteAsync(IRelationalConnection connection, CancellationToken cancellationToken)
  Exception data:
    Severity: ERROR
    SqlState: 23503
    MessageText: insert or update on table "CrmSupportTickets" violates foreign key constraint "FK_CrmSupportTickets_CrmCustomers_CustomerId"
    Detail: Detail redacted as it may contain sensitive data. Specify 'Include Error Detail' in the connection string to include this information.
    SchemaName: public
    TableName: CrmSupportTickets
    ConstraintName: FK_CrmSupportTickets_CrmCustomers_CustomerId
    File: ri_triggers.c
    Line: 2783
    Routine: ri_ReportViolation
   --- End of inner exception stack trace ---
   at Microsoft.EntityFrameworkCore.Update.ReaderModificationCommandBatch.ExecuteAsync(IRelationalConnection connection, CancellationToken cancellationToken)
   at Microsoft.EntityFrameworkCore.Update.Internal.BatchExecutor.ExecuteAsync(IEnumerable`1 commandBatches, IRelationalConnection connection, CancellationToken cancellationToken)
   at Microsoft.EntityFrameworkCore.Update.Internal.BatchExecutor.ExecuteAsync(IEnumerable`1 commandBatches, IRelationalConnection connection, CancellationToken cancellationToken)
   at Microsoft.EntityFrameworkCore.Update.Internal.BatchExecutor.ExecuteAsync(IEnumerable`1 commandBatches, IRelationalConnection connection, CancellationToken cancellationToken)
   at Microsoft.EntityFrameworkCore.Storage.RelationalDatabase.SaveChangesAsync(IList`1 entries, CancellationToken cancellationToken)
   at Microsoft.EntityFrameworkCore.ChangeTracking.Internal.StateManager.SaveChangesAsync(IList`1 entriesToSave, CancellationToken cancellationToken)
   at Microsoft.EntityFrameworkCore.ChangeTracking.Internal.StateManager.SaveChangesAsync(StateManager stateManager, Boolean acceptAllChangesOnSuccess, CancellationToken cancellationToken)
   at Npgsql.EntityFrameworkCore.PostgreSQL.Storage.Internal.NpgsqlExecutionStrategy.ExecuteAsync[TState,TResult](TState state, Func`4 operation, Func`4 verifySucceeded, CancellationToken cancellationToken)
   at Microsoft.EntityFrameworkCore.DbContext.SaveChangesAsync(Boolean acceptAllChangesOnSuccess, CancellationToken cancellationToken)
   at Microsoft.EntityFrameworkCore.DbContext.SaveChangesAsync(Boolean acceptAllChangesOnSuccess, CancellationToken cancellationToken)
   at Biktal.Infrastructure.Persistence.CrmDataSeeder.SeedIfEmptyAsync(ApplicationDbContext db, CancellationToken cancellationToken)
   at Program.<Main>$(String[] args) in d:\Systems\BiktalSystems\Program.cs:line 71
2026-07-13 15:02:53.745 +03:00 [WRN] Continuing without a successful migration/seed. Auth and data pages may fail until the database is available.
2026-07-13 15:02:53.769 +03:00 [WRN] Using an in-memory repository. Keys will not be persisted to storage.
2026-07-13 15:02:53.770 +03:00 [WRN] Neither user profile nor HKLM registry available. Using an ephemeral key repository. Protected data will be unavailable when application exits.
2026-07-13 15:02:53.789 +03:00 [WRN] No XML encryptor configured. Key {eb5fdcf9-ed41-4dec-baf7-b9246e2378fb} may be persisted to storage in unencrypted form.
2026-07-13 15:02:53.845 +03:00 [INF] Application started. Press Ctrl+C to shut down.
2026-07-13 15:02:53.845 +03:00 [INF] Hosting environment: Production
2026-07-13 15:02:53.845 +03:00 [INF] Content root path: D:\Systems\BiktalSystems\publish
2026-07-13 15:02:53.959 +03:00 [INF] HTTP GET /Inventory responded 302 in 90.8244 ms
2026-07-13 15:02:54.122 +03:00 [ERR] An exception was thrown while deserializing the token.
Microsoft.AspNetCore.Antiforgery.AntiforgeryValidationException: The antiforgery token could not be decrypted.
 ---> System.Security.Cryptography.CryptographicException: The key {c4686b0d-d486-4776-a37b-0085f775442d} was not found in the key ring. For more information go to https://aka.ms/aspnet/dataprotectionwarning
   at Microsoft.AspNetCore.DataProtection.KeyManagement.KeyRingBasedDataProtector.UnprotectCore(Byte[] protectedData, Boolean allowOperationsOnRevokedKeys, UnprotectStatus& status)
   at Microsoft.AspNetCore.DataProtection.KeyManagement.KeyRingBasedDataProtector.Unprotect(Byte[] protectedData)
   at Microsoft.AspNetCore.Antiforgery.DefaultAntiforgeryTokenSerializer.Deserialize(String serializedToken)
   --- End of inner exception stack trace ---
   at Microsoft.AspNetCore.Antiforgery.DefaultAntiforgeryTokenSerializer.Deserialize(String serializedToken)
   at Microsoft.AspNetCore.Antiforgery.DefaultAntiforgery.GetCookieTokenDoesNotThrow(HttpContext httpContext)
2026-07-13 15:02:54.225 +03:00 [INF] HTTP GET /Account/Login responded 200 in 245.8997 ms
2026-07-13 15:02:54.422 +03:00 [INF] HTTP GET /lib/jquery-validation/dist/jquery.validate.min.js responded 200 in 100.8974 ms
2026-07-13 15:02:54.422 +03:00 [INF] HTTP GET /js/site.js responded 200 in 62.8672 ms
2026-07-13 15:02:54.422 +03:00 [INF] HTTP GET /css/site.css responded 200 in 101.7405 ms
2026-07-13 15:02:54.422 +03:00 [INF] HTTP GET /lib/jquery-validation-unobtrusive/dist/jquery.validate.unobtrusive.min.js responded 200 in 99.9575 ms
2026-07-13 15:02:54.424 +03:00 [INF] HTTP GET /lib/bootstrap/dist/js/bootstrap.bundle.min.js responded 200 in 99.3464 ms
2026-07-13 15:02:54.424 +03:00 [INF] HTTP GET /lib/bootstrap/dist/css/bootstrap.min.css responded 200 in 105.9760 ms
2026-07-13 15:02:54.424 +03:00 [INF] HTTP GET /lib/jquery/dist/jquery.min.js responded 200 in 99.7879 ms
2026-07-13 15:02:54.424 +03:00 [INF] HTTP GET /Biktal.WebMVC.styles.css responded 200 in 102.9254 ms
2026-07-13 15:03:08.416 +03:00 [INF] HTTP POST /Account/Login responded 302 in 552.7873 ms
2026-07-13 15:03:08.606 +03:00 [INF] HTTP GET /Inventory responded 200 in 183.6965 ms
2026-07-13 15:03:08.684 +03:00 [INF] HTTP GET /Biktal.WebMVC.styles.css responded 200 in 4.5317 ms
2026-07-13 15:03:08.684 +03:00 [INF] HTTP GET /lib/bootstrap/dist/css/bootstrap.min.css responded 200 in 16.7946 ms
2026-07-13 15:03:08.686 +03:00 [INF] HTTP GET /css/site.css responded 200 in 5.5843 ms
2026-07-13 15:03:08.755 +03:00 [INF] HTTP GET /js/site.js responded 304 in 66.8363 ms
2026-07-13 15:03:08.755 +03:00 [INF] HTTP GET /lib/jquery/dist/jquery.min.js responded 304 in 70.6015 ms
2026-07-13 15:03:08.844 +03:00 [INF] HTTP GET /lib/bootstrap/dist/js/bootstrap.bundle.min.js responded 304 in 158.9425 ms
2026-07-13 15:03:11.464 +03:00 [INF] HTTP GET /Inventory/Products responded 200 in 466.6989 ms
2026-07-13 15:03:11.466 +03:00 [INF] HTTP GET /lib/bootstrap/dist/css/bootstrap.min.css responded 304 in 1.3868 ms
2026-07-13 15:03:11.466 +03:00 [INF] HTTP GET /css/site.css responded 304 in 1.0026 ms
2026-07-13 15:03:11.467 +03:00 [INF] HTTP GET /Biktal.WebMVC.styles.css responded 304 in 1.1800 ms
2026-07-13 15:03:12.283 +03:00 [INF] HTTP GET /lib/jquery/dist/jquery.min.js responded 304 in 0.7347 ms
2026-07-13 15:03:12.306 +03:00 [INF] HTTP GET /lib/bootstrap/dist/js/bootstrap.bundle.min.js responded 304 in 1.2301 ms
2026-07-13 15:03:12.306 +03:00 [INF] HTTP GET /js/site.js responded 304 in 0.8642 ms
2026-07-13 15:03:12.314 +03:00 [INF] HTTP GET /js/products-catalog-filter.js responded 200 in 1.5071 ms
2026-07-13 15:03:12.323 +03:00 [INF] HTTP GET /lib/jquery-validation-unobtrusive/dist/jquery.validate.unobtrusive.min.js responded 304 in 13.8700 ms
2026-07-13 15:03:12.329 +03:00 [INF] HTTP GET /lib/jquery-validation/dist/jquery.validate.min.js responded 304 in 18.9006 ms
2026-07-13 15:03:22.702 +03:00 [INF] HTTP GET /Inventory/Products responded 200 in 163.1300 ms
2026-07-13 15:03:22.743 +03:00 [INF] HTTP GET /lib/bootstrap/dist/css/bootstrap.min.css responded 304 in 3.0292 ms
2026-07-13 15:03:22.743 +03:00 [INF] HTTP GET /css/site.css responded 304 in 0.5672 ms
2026-07-13 15:03:22.745 +03:00 [INF] HTTP GET /Biktal.WebMVC.styles.css responded 304 in 1.1236 ms
2026-07-13 15:03:23.547 +03:00 [INF] HTTP GET /lib/jquery/dist/jquery.min.js responded 304 in 0.7064 ms
2026-07-13 15:03:23.574 +03:00 [INF] HTTP GET /lib/bootstrap/dist/js/bootstrap.bundle.min.js responded 304 in 0.9516 ms
2026-07-13 15:03:23.577 +03:00 [INF] HTTP GET /js/site.js responded 304 in 1.7453 ms
2026-07-13 15:03:23.580 +03:00 [INF] HTTP GET /lib/jquery-validation/dist/jquery.validate.min.js responded 304 in 1.5285 ms
2026-07-13 15:03:23.583 +03:00 [INF] HTTP GET /js/products-catalog-filter.js responded 304 in 1.4616 ms
2026-07-13 15:03:23.584 +03:00 [INF] HTTP GET /lib/jquery-validation-unobtrusive/dist/jquery.validate.unobtrusive.min.js responded 304 in 0.8990 ms
2026-07-13 15:03:27.855 +03:00 [INF] HTTP POST /Inventory/EditProduct responded 302 in 100.0853 ms
2026-07-13 15:03:27.910 +03:00 [INF] HTTP GET /Inventory/Products responded 200 in 48.7943 ms
2026-07-13 15:03:27.980 +03:00 [INF] HTTP GET /lib/bootstrap/dist/css/bootstrap.min.css responded 304 in 0.9247 ms
2026-07-13 15:03:27.981 +03:00 [INF] HTTP GET /Biktal.WebMVC.styles.css responded 304 in 0.7889 ms
2026-07-13 15:03:27.982 +03:00 [INF] HTTP GET /css/site.css responded 304 in 0.8442 ms
2026-07-13 15:03:28.846 +03:00 [INF] HTTP GET /lib/jquery/dist/jquery.min.js responded 304 in 0.5354 ms
2026-07-13 15:03:28.866 +03:00 [INF] HTTP GET /lib/bootstrap/dist/js/bootstrap.bundle.min.js responded 304 in 0.6408 ms
2026-07-13 15:03:28.866 +03:00 [INF] HTTP GET /js/site.js responded 304 in 0.4838 ms
2026-07-13 15:03:28.867 +03:00 [INF] HTTP GET /lib/jquery-validation/dist/jquery.validate.min.js responded 304 in 0.7196 ms
2026-07-13 15:03:28.877 +03:00 [INF] HTTP GET /lib/jquery-validation-unobtrusive/dist/jquery.validate.unobtrusive.min.js responded 304 in 2.8154 ms
2026-07-13 15:03:28.880 +03:00 [INF] HTTP GET /js/products-catalog-filter.js responded 304 in 1.6831 ms
2026-07-13 15:03:31.670 +03:00 [WRN] The query uses the 'First'/'FirstOrDefault' operator without 'OrderBy' and filter operators. This may lead to unpredictable results.
2026-07-13 15:03:31.709 +03:00 [INF] HTTP GET /Pos responded 200 in 66.7968 ms
2026-07-13 15:03:31.766 +03:00 [INF] HTTP GET /lib/bootstrap/dist/css/bootstrap.min.css responded 304 in 6.4973 ms
2026-07-13 15:03:31.769 +03:00 [INF] HTTP GET /css/site.css responded 304 in 0.6408 ms
2026-07-13 15:03:31.771 +03:00 [INF] HTTP GET /lib/jquery/dist/jquery.min.js responded 304 in 0.5112 ms
2026-07-13 15:03:31.771 +03:00 [INF] HTTP GET /Biktal.WebMVC.styles.css responded 304 in 0.4711 ms
2026-07-13 15:03:31.772 +03:00 [INF] HTTP GET /lib/bootstrap/dist/js/bootstrap.bundle.min.js responded 304 in 1.0705 ms
2026-07-13 15:03:31.777 +03:00 [INF] HTTP GET /js/site.js responded 304 in 1.8143 ms
2026-07-13 15:03:31.780 +03:00 [INF] HTTP GET /js/pos.js responded 200 in 2.1053 ms
2026-07-13 15:04:17.011 +03:00 [INF] HTTP POST /Pos/CompleteSale responded 200 in 500.8622 ms
2026-07-13 15:24:42.233 +03:00 [INF] Application is shutting down...
2026-07-13 16:08:24.097 +03:00 [ERR] Failed executing DbCommand (7ms) [Parameters=[@p0='?' (DbType = Guid), @p1='?' (DbType = DateTime), @p2='?' (DbType = Guid), @p3='?', @p4='?' (DbType = DateTime), @p5='?' (DbType = Int32), @p6='?' (DbType = Int32), @p7='?', @p8='?', @p9='?' (DbType = Guid), @p10='?' (DbType = DateTime), @p11='?' (DbType = Guid), @p12='?', @p13='?' (DbType = DateTime), @p14='?' (DbType = Int32), @p15='?' (DbType = Int32), @p16='?', @p17='?'], CommandType='"Text"', CommandTimeout='30']
INSERT INTO "CrmSupportTickets" ("Id", "CreatedAtUtc", "CustomerId", "Description", "ModifiedAtUtc", "Priority", "Status", "Subject", "TicketNumber")
VALUES (@p0, @p1, @p2, @p3, @p4, @p5, @p6, @p7, @p8);
INSERT INTO "CrmSupportTickets" ("Id", "CreatedAtUtc", "CustomerId", "Description", "ModifiedAtUtc", "Priority", "Status", "Subject", "TicketNumber")
VALUES (@p9, @p10, @p11, @p12, @p13, @p14, @p15, @p16, @p17);
2026-07-13 16:08:24.173 +03:00 [ERR] An exception occurred in the database while saving changes for context type 'Biktal.Infrastructure.Persistence.ApplicationDbContext'.
Microsoft.EntityFrameworkCore.DbUpdateException: An error occurred while saving the entity changes. See the inner exception for details.
 ---> Npgsql.PostgresException (0x80004005): 23503: insert or update on table "CrmSupportTickets" violates foreign key constraint "FK_CrmSupportTickets_CrmCustomers_CustomerId"

DETAIL: Detail redacted as it may contain sensitive data. Specify 'Include Error Detail' in the connection string to include this information.
   at Npgsql.Internal.NpgsqlConnector.ReadMessageLong(Boolean async, DataRowLoadingMode dataRowLoadingMode, Boolean readingNotifications, Boolean isReadingPrependedMessage)
   at System.Runtime.CompilerServices.PoolingAsyncValueTaskMethodBuilder`1.StateMachineBox`1.System.Threading.Tasks.Sources.IValueTaskSource<TResult>.GetResult(Int16 token)
   at Npgsql.NpgsqlDataReader.NextResult(Boolean async, Boolean isConsuming, CancellationToken cancellationToken)
   at Npgsql.NpgsqlDataReader.NextResult(Boolean async, Boolean isConsuming, CancellationToken cancellationToken)
   at Npgsql.NpgsqlCommand.ExecuteReader(Boolean async, CommandBehavior behavior, CancellationToken cancellationToken)
   at Npgsql.NpgsqlCommand.ExecuteReader(Boolean async, CommandBehavior behavior, CancellationToken cancellationToken)
   at Npgsql.NpgsqlCommand.ExecuteDbDataReaderAsync(CommandBehavior behavior, CancellationToken cancellationToken)
   at Microsoft.EntityFrameworkCore.Storage.RelationalCommand.ExecuteReaderAsync(RelationalCommandParameterObject parameterObject, CancellationToken cancellationToken)
   at Microsoft.EntityFrameworkCore.Storage.RelationalCommand.ExecuteReaderAsync(RelationalCommandParameterObject parameterObject, CancellationToken cancellationToken)
   at Microsoft.EntityFrameworkCore.Update.ReaderModificationCommandBatch.ExecuteAsync(IRelationalConnection connection, CancellationToken cancellationToken)
  Exception data:
    Severity: ERROR
    SqlState: 23503
    MessageText: insert or update on table "CrmSupportTickets" violates foreign key constraint "FK_CrmSupportTickets_CrmCustomers_CustomerId"
    Detail: Detail redacted as it may contain sensitive data. Specify 'Include Error Detail' in the connection string to include this information.
    SchemaName: public
    TableName: CrmSupportTickets
    ConstraintName: FK_CrmSupportTickets_CrmCustomers_CustomerId
    File: ri_triggers.c
    Line: 2783
    Routine: ri_ReportViolation
   --- End of inner exception stack trace ---
   at Microsoft.EntityFrameworkCore.Update.ReaderModificationCommandBatch.ExecuteAsync(IRelationalConnection connection, CancellationToken cancellationToken)
   at Microsoft.EntityFrameworkCore.Update.Internal.BatchExecutor.ExecuteAsync(IEnumerable`1 commandBatches, IRelationalConnection connection, CancellationToken cancellationToken)
   at Microsoft.EntityFrameworkCore.Update.Internal.BatchExecutor.ExecuteAsync(IEnumerable`1 commandBatches, IRelationalConnection connection, CancellationToken cancellationToken)
   at Microsoft.EntityFrameworkCore.Update.Internal.BatchExecutor.ExecuteAsync(IEnumerable`1 commandBatches, IRelationalConnection connection, CancellationToken cancellationToken)
   at Microsoft.EntityFrameworkCore.Storage.RelationalDatabase.SaveChangesAsync(IList`1 entries, CancellationToken cancellationToken)
   at Microsoft.EntityFrameworkCore.ChangeTracking.Internal.StateManager.SaveChangesAsync(IList`1 entriesToSave, CancellationToken cancellationToken)
   at Microsoft.EntityFrameworkCore.ChangeTracking.Internal.StateManager.SaveChangesAsync(StateManager stateManager, Boolean acceptAllChangesOnSuccess, CancellationToken cancellationToken)
   at Npgsql.EntityFrameworkCore.PostgreSQL.Storage.Internal.NpgsqlExecutionStrategy.ExecuteAsync[TState,TResult](TState state, Func`4 operation, Func`4 verifySucceeded, CancellationToken cancellationToken)
   at Microsoft.EntityFrameworkCore.DbContext.SaveChangesAsync(Boolean acceptAllChangesOnSuccess, CancellationToken cancellationToken)
Microsoft.EntityFrameworkCore.DbUpdateException: An error occurred while saving the entity changes. See the inner exception for details.
 ---> Npgsql.PostgresException (0x80004005): 23503: insert or update on table "CrmSupportTickets" violates foreign key constraint "FK_CrmSupportTickets_CrmCustomers_CustomerId"

DETAIL: Detail redacted as it may contain sensitive data. Specify 'Include Error Detail' in the connection string to include this information.
   at Npgsql.Internal.NpgsqlConnector.ReadMessageLong(Boolean async, DataRowLoadingMode dataRowLoadingMode, Boolean readingNotifications, Boolean isReadingPrependedMessage)
   at System.Runtime.CompilerServices.PoolingAsyncValueTaskMethodBuilder`1.StateMachineBox`1.System.Threading.Tasks.Sources.IValueTaskSource<TResult>.GetResult(Int16 token)
   at Npgsql.NpgsqlDataReader.NextResult(Boolean async, Boolean isConsuming, CancellationToken cancellationToken)
   at Npgsql.NpgsqlDataReader.NextResult(Boolean async, Boolean isConsuming, CancellationToken cancellationToken)
   at Npgsql.NpgsqlCommand.ExecuteReader(Boolean async, CommandBehavior behavior, CancellationToken cancellationToken)
   at Npgsql.NpgsqlCommand.ExecuteReader(Boolean async, CommandBehavior behavior, CancellationToken cancellationToken)
   at Npgsql.NpgsqlCommand.ExecuteDbDataReaderAsync(CommandBehavior behavior, CancellationToken cancellationToken)
   at Microsoft.EntityFrameworkCore.Storage.RelationalCommand.ExecuteReaderAsync(RelationalCommandParameterObject parameterObject, CancellationToken cancellationToken)
   at Microsoft.EntityFrameworkCore.Storage.RelationalCommand.ExecuteReaderAsync(RelationalCommandParameterObject parameterObject, CancellationToken cancellationToken)
   at Microsoft.EntityFrameworkCore.Update.ReaderModificationCommandBatch.ExecuteAsync(IRelationalConnection connection, CancellationToken cancellationToken)
  Exception data:
    Severity: ERROR
    SqlState: 23503
    MessageText: insert or update on table "CrmSupportTickets" violates foreign key constraint "FK_CrmSupportTickets_CrmCustomers_CustomerId"
    Detail: Detail redacted as it may contain sensitive data. Specify 'Include Error Detail' in the connection string to include this information.
    SchemaName: public
    TableName: CrmSupportTickets
    ConstraintName: FK_CrmSupportTickets_CrmCustomers_CustomerId
    File: ri_triggers.c
    Line: 2783
    Routine: ri_ReportViolation
   --- End of inner exception stack trace ---
   at Microsoft.EntityFrameworkCore.Update.ReaderModificationCommandBatch.ExecuteAsync(IRelationalConnection connection, CancellationToken cancellationToken)
   at Microsoft.EntityFrameworkCore.Update.Internal.BatchExecutor.ExecuteAsync(IEnumerable`1 commandBatches, IRelationalConnection connection, CancellationToken cancellationToken)
   at Microsoft.EntityFrameworkCore.Update.Internal.BatchExecutor.ExecuteAsync(IEnumerable`1 commandBatches, IRelationalConnection connection, CancellationToken cancellationToken)
   at Microsoft.EntityFrameworkCore.Update.Internal.BatchExecutor.ExecuteAsync(IEnumerable`1 commandBatches, IRelationalConnection connection, CancellationToken cancellationToken)
   at Microsoft.EntityFrameworkCore.Storage.RelationalDatabase.SaveChangesAsync(IList`1 entries, CancellationToken cancellationToken)
   at Microsoft.EntityFrameworkCore.ChangeTracking.Internal.StateManager.SaveChangesAsync(IList`1 entriesToSave, CancellationToken cancellationToken)
   at Microsoft.EntityFrameworkCore.ChangeTracking.Internal.StateManager.SaveChangesAsync(StateManager stateManager, Boolean acceptAllChangesOnSuccess, CancellationToken cancellationToken)
   at Npgsql.EntityFrameworkCore.PostgreSQL.Storage.Internal.NpgsqlExecutionStrategy.ExecuteAsync[TState,TResult](TState state, Func`4 operation, Func`4 verifySucceeded, CancellationToken cancellationToken)
   at Microsoft.EntityFrameworkCore.DbContext.SaveChangesAsync(Boolean acceptAllChangesOnSuccess, CancellationToken cancellationToken)
2026-07-13 16:08:24.179 +03:00 [ERR] Database migration or seed failed. Check PostgreSQL is running and ConnectionStrings:DefaultConnection is correct.
Microsoft.EntityFrameworkCore.DbUpdateException: An error occurred while saving the entity changes. See the inner exception for details.
 ---> Npgsql.PostgresException (0x80004005): 23503: insert or update on table "CrmSupportTickets" violates foreign key constraint "FK_CrmSupportTickets_CrmCustomers_CustomerId"

DETAIL: Detail redacted as it may contain sensitive data. Specify 'Include Error Detail' in the connection string to include this information.
   at Npgsql.Internal.NpgsqlConnector.ReadMessageLong(Boolean async, DataRowLoadingMode dataRowLoadingMode, Boolean readingNotifications, Boolean isReadingPrependedMessage)
   at System.Runtime.CompilerServices.PoolingAsyncValueTaskMethodBuilder`1.StateMachineBox`1.System.Threading.Tasks.Sources.IValueTaskSource<TResult>.GetResult(Int16 token)
   at Npgsql.NpgsqlDataReader.NextResult(Boolean async, Boolean isConsuming, CancellationToken cancellationToken)
   at Npgsql.NpgsqlDataReader.NextResult(Boolean async, Boolean isConsuming, CancellationToken cancellationToken)
   at Npgsql.NpgsqlCommand.ExecuteReader(Boolean async, CommandBehavior behavior, CancellationToken cancellationToken)
   at Npgsql.NpgsqlCommand.ExecuteReader(Boolean async, CommandBehavior behavior, CancellationToken cancellationToken)
   at Npgsql.NpgsqlCommand.ExecuteDbDataReaderAsync(CommandBehavior behavior, CancellationToken cancellationToken)
   at Microsoft.EntityFrameworkCore.Storage.RelationalCommand.ExecuteReaderAsync(RelationalCommandParameterObject parameterObject, CancellationToken cancellationToken)
   at Microsoft.EntityFrameworkCore.Storage.RelationalCommand.ExecuteReaderAsync(RelationalCommandParameterObject parameterObject, CancellationToken cancellationToken)
   at Microsoft.EntityFrameworkCore.Update.ReaderModificationCommandBatch.ExecuteAsync(IRelationalConnection connection, CancellationToken cancellationToken)
  Exception data:
    Severity: ERROR
    SqlState: 23503
    MessageText: insert or update on table "CrmSupportTickets" violates foreign key constraint "FK_CrmSupportTickets_CrmCustomers_CustomerId"
    Detail: Detail redacted as it may contain sensitive data. Specify 'Include Error Detail' in the connection string to include this information.
    SchemaName: public
    TableName: CrmSupportTickets
    ConstraintName: FK_CrmSupportTickets_CrmCustomers_CustomerId
    File: ri_triggers.c
    Line: 2783
    Routine: ri_ReportViolation
   --- End of inner exception stack trace ---
   at Microsoft.EntityFrameworkCore.Update.ReaderModificationCommandBatch.ExecuteAsync(IRelationalConnection connection, CancellationToken cancellationToken)
   at Microsoft.EntityFrameworkCore.Update.Internal.BatchExecutor.ExecuteAsync(IEnumerable`1 commandBatches, IRelationalConnection connection, CancellationToken cancellationToken)
   at Microsoft.EntityFrameworkCore.Update.Internal.BatchExecutor.ExecuteAsync(IEnumerable`1 commandBatches, IRelationalConnection connection, CancellationToken cancellationToken)
   at Microsoft.EntityFrameworkCore.Update.Internal.BatchExecutor.ExecuteAsync(IEnumerable`1 commandBatches, IRelationalConnection connection, CancellationToken cancellationToken)
   at Microsoft.EntityFrameworkCore.Storage.RelationalDatabase.SaveChangesAsync(IList`1 entries, CancellationToken cancellationToken)
   at Microsoft.EntityFrameworkCore.ChangeTracking.Internal.StateManager.SaveChangesAsync(IList`1 entriesToSave, CancellationToken cancellationToken)
   at Microsoft.EntityFrameworkCore.ChangeTracking.Internal.StateManager.SaveChangesAsync(StateManager stateManager, Boolean acceptAllChangesOnSuccess, CancellationToken cancellationToken)
   at Npgsql.EntityFrameworkCore.PostgreSQL.Storage.Internal.NpgsqlExecutionStrategy.ExecuteAsync[TState,TResult](TState state, Func`4 operation, Func`4 verifySucceeded, CancellationToken cancellationToken)
   at Microsoft.EntityFrameworkCore.DbContext.SaveChangesAsync(Boolean acceptAllChangesOnSuccess, CancellationToken cancellationToken)
   at Microsoft.EntityFrameworkCore.DbContext.SaveChangesAsync(Boolean acceptAllChangesOnSuccess, CancellationToken cancellationToken)
   at Biktal.Infrastructure.Persistence.CrmDataSeeder.SeedIfEmptyAsync(ApplicationDbContext db, CancellationToken cancellationToken)
   at Program.<Main>$(String[] args) in d:\Systems\BiktalSystems\Program.cs:line 71
2026-07-13 16:08:24.185 +03:00 [WRN] Continuing without a successful migration/seed. Auth and data pages may fail until the database is available.
2026-07-13 16:08:24.211 +03:00 [WRN] Using an in-memory repository. Keys will not be persisted to storage.
2026-07-13 16:08:24.211 +03:00 [WRN] Neither user profile nor HKLM registry available. Using an ephemeral key repository. Protected data will be unavailable when application exits.
2026-07-13 16:08:24.230 +03:00 [WRN] No XML encryptor configured. Key {43459231-d9f6-4ce4-88a2-5a5789c53e75} may be persisted to storage in unencrypted form.
2026-07-13 16:08:24.283 +03:00 [INF] Application started. Press Ctrl+C to shut down.
2026-07-13 16:08:24.284 +03:00 [INF] Hosting environment: Production
2026-07-13 16:08:24.284 +03:00 [INF] Content root path: D:\Systems\BiktalSystems\publish
2026-07-13 16:08:24.394 +03:00 [INF] HTTP GET /Inventory responded 302 in 88.0276 ms
2026-07-13 16:08:24.551 +03:00 [ERR] An exception was thrown while deserializing the token.
Microsoft.AspNetCore.Antiforgery.AntiforgeryValidationException: The antiforgery token could not be decrypted.
 ---> System.Security.Cryptography.CryptographicException: The key {eb5fdcf9-ed41-4dec-baf7-b9246e2378fb} was not found in the key ring. For more information go to https://aka.ms/aspnet/dataprotectionwarning
   at Microsoft.AspNetCore.DataProtection.KeyManagement.KeyRingBasedDataProtector.UnprotectCore(Byte[] protectedData, Boolean allowOperationsOnRevokedKeys, UnprotectStatus& status)
   at Microsoft.AspNetCore.DataProtection.KeyManagement.KeyRingBasedDataProtector.Unprotect(Byte[] protectedData)
   at Microsoft.AspNetCore.Antiforgery.DefaultAntiforgeryTokenSerializer.Deserialize(String serializedToken)
   --- End of inner exception stack trace ---
   at Microsoft.AspNetCore.Antiforgery.DefaultAntiforgeryTokenSerializer.Deserialize(String serializedToken)
   at Microsoft.AspNetCore.Antiforgery.DefaultAntiforgery.GetCookieTokenDoesNotThrow(HttpContext httpContext)
2026-07-13 16:08:24.653 +03:00 [INF] HTTP GET /Account/Login responded 200 in 240.7085 ms
2026-07-13 16:08:24.851 +03:00 [INF] HTTP GET /Biktal.WebMVC.styles.css responded 200 in 105.2013 ms
2026-07-13 16:08:24.851 +03:00 [INF] HTTP GET /lib/jquery-validation/dist/jquery.validate.min.js responded 200 in 60.2689 ms
2026-07-13 16:08:24.851 +03:00 [INF] HTTP GET /lib/jquery-validation-unobtrusive/dist/jquery.validate.unobtrusive.min.js responded 200 in 98.8737 ms
2026-07-13 16:08:24.851 +03:00 [INF] HTTP GET /css/site.css responded 200 in 106.0741 ms
2026-07-13 16:08:24.853 +03:00 [INF] HTTP GET /lib/bootstrap/dist/css/bootstrap.min.css responded 200 in 108.5795 ms
2026-07-13 16:08:24.853 +03:00 [INF] HTTP GET /lib/jquery/dist/jquery.min.js responded 200 in 102.5731 ms
2026-07-13 16:08:24.853 +03:00 [INF] HTTP GET /lib/bootstrap/dist/js/bootstrap.bundle.min.js responded 200 in 103.0441 ms
2026-07-13 16:08:24.853 +03:00 [INF] HTTP GET /js/site.js responded 200 in 100.3185 ms
2026-07-13 16:08:35.145 +03:00 [INF] HTTP POST /Account/Login responded 200 in 408.1808 ms
2026-07-13 16:08:35.251 +03:00 [INF] HTTP GET /Biktal.WebMVC.styles.css responded 304 in 45.6091 ms
2026-07-13 16:08:35.251 +03:00 [INF] HTTP GET /lib/bootstrap/dist/css/bootstrap.min.css responded 304 in 51.4251 ms
2026-07-13 16:08:35.252 +03:00 [INF] HTTP GET /css/site.css responded 304 in 38.6029 ms
2026-07-13 16:08:35.253 +03:00 [INF] HTTP GET /lib/jquery-validation/dist/jquery.validate.min.js responded 304 in 41.0576 ms
2026-07-13 16:08:35.253 +03:00 [INF] HTTP GET /lib/jquery/dist/jquery.min.js responded 304 in 35.7219 ms
2026-07-13 16:08:35.254 +03:00 [INF] HTTP GET /js/site.js responded 304 in 21.5378 ms
2026-07-13 16:08:35.304 +03:00 [INF] HTTP GET /lib/jquery-validation-unobtrusive/dist/jquery.validate.unobtrusive.min.js responded 304 in 59.6603 ms
2026-07-13 16:08:35.427 +03:00 [INF] HTTP GET /lib/bootstrap/dist/js/bootstrap.bundle.min.js responded 304 in 217.1005 ms
2026-07-13 16:08:42.735 +03:00 [INF] HTTP POST /Account/Login responded 302 in 306.2254 ms
2026-07-13 16:08:42.912 +03:00 [INF] HTTP GET /Inventory responded 200 in 170.5442 ms
2026-07-13 16:08:42.975 +03:00 [INF] HTTP GET /css/site.css responded 304 in 2.9168 ms
2026-07-13 16:08:42.977 +03:00 [INF] HTTP GET /lib/jquery/dist/jquery.min.js responded 304 in 1.0287 ms
2026-07-13 16:08:42.978 +03:00 [INF] HTTP GET /lib/bootstrap/dist/css/bootstrap.min.css responded 200 in 3.1847 ms
2026-07-13 16:08:42.979 +03:00 [INF] HTTP GET /lib/bootstrap/dist/js/bootstrap.bundle.min.js responded 304 in 0.9102 ms
2026-07-13 16:08:42.979 +03:00 [INF] HTTP GET /js/site.js responded 304 in 0.7181 ms
2026-07-13 16:08:42.995 +03:00 [INF] HTTP GET /Biktal.WebMVC.styles.css responded 304 in 15.1047 ms
2026-07-13 16:08:45.718 +03:00 [INF] HTTP GET /Inventory/Products responded 200 in 428.8031 ms
2026-07-13 16:08:45.731 +03:00 [INF] HTTP GET /Biktal.WebMVC.styles.css responded 304 in 1.4154 ms
2026-07-13 16:08:45.732 +03:00 [INF] HTTP GET /lib/bootstrap/dist/css/bootstrap.min.css responded 200 in 2.1483 ms
2026-07-13 16:08:45.733 +03:00 [INF] HTTP GET /css/site.css responded 304 in 0.9082 ms
2026-07-13 16:08:46.486 +03:00 [INF] HTTP GET /lib/jquery/dist/jquery.min.js responded 304 in 0.6389 ms
2026-07-13 16:08:46.513 +03:00 [INF] HTTP GET /js/site.js responded 304 in 0.6581 ms
2026-07-13 16:08:46.514 +03:00 [INF] HTTP GET /lib/jquery-validation/dist/jquery.validate.min.js responded 304 in 0.8235 ms
2026-07-13 16:08:46.516 +03:00 [INF] HTTP GET /lib/jquery-validation-unobtrusive/dist/jquery.validate.unobtrusive.min.js responded 304 in 0.8967 ms
2026-07-13 16:08:46.513 +03:00 [INF] HTTP GET /lib/bootstrap/dist/js/bootstrap.bundle.min.js responded 304 in 0.6573 ms
2026-07-13 16:08:46.518 +03:00 [INF] HTTP GET /js/products-catalog-filter.js responded 200 in 1.7893 ms
2026-07-13 16:29:47.234 +03:00 [INF] Application is shutting down...
2026-07-13 17:27:31.309 +03:00 [ERR] Failed executing DbCommand (6ms) [Parameters=[@p0='?' (DbType = Guid), @p1='?' (DbType = DateTime), @p2='?' (DbType = Guid), @p3='?', @p4='?' (DbType = DateTime), @p5='?' (DbType = Int32), @p6='?' (DbType = Int32), @p7='?', @p8='?', @p9='?' (DbType = Guid), @p10='?' (DbType = DateTime), @p11='?' (DbType = Guid), @p12='?', @p13='?' (DbType = DateTime), @p14='?' (DbType = Int32), @p15='?' (DbType = Int32), @p16='?', @p17='?'], CommandType='"Text"', CommandTimeout='30']
INSERT INTO "CrmSupportTickets" ("Id", "CreatedAtUtc", "CustomerId", "Description", "ModifiedAtUtc", "Priority", "Status", "Subject", "TicketNumber")
VALUES (@p0, @p1, @p2, @p3, @p4, @p5, @p6, @p7, @p8);
INSERT INTO "CrmSupportTickets" ("Id", "CreatedAtUtc", "CustomerId", "Description", "ModifiedAtUtc", "Priority", "Status", "Subject", "TicketNumber")
VALUES (@p9, @p10, @p11, @p12, @p13, @p14, @p15, @p16, @p17);
2026-07-13 17:27:31.385 +03:00 [ERR] An exception occurred in the database while saving changes for context type 'Biktal.Infrastructure.Persistence.ApplicationDbContext'.
Microsoft.EntityFrameworkCore.DbUpdateException: An error occurred while saving the entity changes. See the inner exception for details.
 ---> Npgsql.PostgresException (0x80004005): 23503: insert or update on table "CrmSupportTickets" violates foreign key constraint "FK_CrmSupportTickets_CrmCustomers_CustomerId"

DETAIL: Detail redacted as it may contain sensitive data. Specify 'Include Error Detail' in the connection string to include this information.
   at Npgsql.Internal.NpgsqlConnector.ReadMessageLong(Boolean async, DataRowLoadingMode dataRowLoadingMode, Boolean readingNotifications, Boolean isReadingPrependedMessage)
   at System.Runtime.CompilerServices.PoolingAsyncValueTaskMethodBuilder`1.StateMachineBox`1.System.Threading.Tasks.Sources.IValueTaskSource<TResult>.GetResult(Int16 token)
   at Npgsql.NpgsqlDataReader.NextResult(Boolean async, Boolean isConsuming, CancellationToken cancellationToken)
   at Npgsql.NpgsqlDataReader.NextResult(Boolean async, Boolean isConsuming, CancellationToken cancellationToken)
   at Npgsql.NpgsqlCommand.ExecuteReader(Boolean async, CommandBehavior behavior, CancellationToken cancellationToken)
   at Npgsql.NpgsqlCommand.ExecuteReader(Boolean async, CommandBehavior behavior, CancellationToken cancellationToken)
   at Npgsql.NpgsqlCommand.ExecuteDbDataReaderAsync(CommandBehavior behavior, CancellationToken cancellationToken)
   at Microsoft.EntityFrameworkCore.Storage.RelationalCommand.ExecuteReaderAsync(RelationalCommandParameterObject parameterObject, CancellationToken cancellationToken)
   at Microsoft.EntityFrameworkCore.Storage.RelationalCommand.ExecuteReaderAsync(RelationalCommandParameterObject parameterObject, CancellationToken cancellationToken)
   at Microsoft.EntityFrameworkCore.Update.ReaderModificationCommandBatch.ExecuteAsync(IRelationalConnection connection, CancellationToken cancellationToken)
  Exception data:
    Severity: ERROR
    SqlState: 23503
    MessageText: insert or update on table "CrmSupportTickets" violates foreign key constraint "FK_CrmSupportTickets_CrmCustomers_CustomerId"
    Detail: Detail redacted as it may contain sensitive data. Specify 'Include Error Detail' in the connection string to include this information.
    SchemaName: public
    TableName: CrmSupportTickets
    ConstraintName: FK_CrmSupportTickets_CrmCustomers_CustomerId
    File: ri_triggers.c
    Line: 2783
    Routine: ri_ReportViolation
   --- End of inner exception stack trace ---
   at Microsoft.EntityFrameworkCore.Update.ReaderModificationCommandBatch.ExecuteAsync(IRelationalConnection connection, CancellationToken cancellationToken)
   at Microsoft.EntityFrameworkCore.Update.Internal.BatchExecutor.ExecuteAsync(IEnumerable`1 commandBatches, IRelationalConnection connection, CancellationToken cancellationToken)
   at Microsoft.EntityFrameworkCore.Update.Internal.BatchExecutor.ExecuteAsync(IEnumerable`1 commandBatches, IRelationalConnection connection, CancellationToken cancellationToken)
   at Microsoft.EntityFrameworkCore.Update.Internal.BatchExecutor.ExecuteAsync(IEnumerable`1 commandBatches, IRelationalConnection connection, CancellationToken cancellationToken)
   at Microsoft.EntityFrameworkCore.Storage.RelationalDatabase.SaveChangesAsync(IList`1 entries, CancellationToken cancellationToken)
   at Microsoft.EntityFrameworkCore.ChangeTracking.Internal.StateManager.SaveChangesAsync(IList`1 entriesToSave, CancellationToken cancellationToken)
   at Microsoft.EntityFrameworkCore.ChangeTracking.Internal.StateManager.SaveChangesAsync(StateManager stateManager, Boolean acceptAllChangesOnSuccess, CancellationToken cancellationToken)
   at Npgsql.EntityFrameworkCore.PostgreSQL.Storage.Internal.NpgsqlExecutionStrategy.ExecuteAsync[TState,TResult](TState state, Func`4 operation, Func`4 verifySucceeded, CancellationToken cancellationToken)
   at Microsoft.EntityFrameworkCore.DbContext.SaveChangesAsync(Boolean acceptAllChangesOnSuccess, CancellationToken cancellationToken)
Microsoft.EntityFrameworkCore.DbUpdateException: An error occurred while saving the entity changes. See the inner exception for details.
 ---> Npgsql.PostgresException (0x80004005): 23503: insert or update on table "CrmSupportTickets" violates foreign key constraint "FK_CrmSupportTickets_CrmCustomers_CustomerId"

DETAIL: Detail redacted as it may contain sensitive data. Specify 'Include Error Detail' in the connection string to include this information.
   at Npgsql.Internal.NpgsqlConnector.ReadMessageLong(Boolean async, DataRowLoadingMode dataRowLoadingMode, Boolean readingNotifications, Boolean isReadingPrependedMessage)
   at System.Runtime.CompilerServices.PoolingAsyncValueTaskMethodBuilder`1.StateMachineBox`1.System.Threading.Tasks.Sources.IValueTaskSource<TResult>.GetResult(Int16 token)
   at Npgsql.NpgsqlDataReader.NextResult(Boolean async, Boolean isConsuming, CancellationToken cancellationToken)
   at Npgsql.NpgsqlDataReader.NextResult(Boolean async, Boolean isConsuming, CancellationToken cancellationToken)
   at Npgsql.NpgsqlCommand.ExecuteReader(Boolean async, CommandBehavior behavior, CancellationToken cancellationToken)
   at Npgsql.NpgsqlCommand.ExecuteReader(Boolean async, CommandBehavior behavior, CancellationToken cancellationToken)
   at Npgsql.NpgsqlCommand.ExecuteDbDataReaderAsync(CommandBehavior behavior, CancellationToken cancellationToken)
   at Microsoft.EntityFrameworkCore.Storage.RelationalCommand.ExecuteReaderAsync(RelationalCommandParameterObject parameterObject, CancellationToken cancellationToken)
   at Microsoft.EntityFrameworkCore.Storage.RelationalCommand.ExecuteReaderAsync(RelationalCommandParameterObject parameterObject, CancellationToken cancellationToken)
   at Microsoft.EntityFrameworkCore.Update.ReaderModificationCommandBatch.ExecuteAsync(IRelationalConnection connection, CancellationToken cancellationToken)
  Exception data:
    Severity: ERROR
    SqlState: 23503
    MessageText: insert or update on table "CrmSupportTickets" violates foreign key constraint "FK_CrmSupportTickets_CrmCustomers_CustomerId"
    Detail: Detail redacted as it may contain sensitive data. Specify 'Include Error Detail' in the connection string to include this information.
    SchemaName: public
    TableName: CrmSupportTickets
    ConstraintName: FK_CrmSupportTickets_CrmCustomers_CustomerId
    File: ri_triggers.c
    Line: 2783
    Routine: ri_ReportViolation
   --- End of inner exception stack trace ---
   at Microsoft.EntityFrameworkCore.Update.ReaderModificationCommandBatch.ExecuteAsync(IRelationalConnection connection, CancellationToken cancellationToken)
   at Microsoft.EntityFrameworkCore.Update.Internal.BatchExecutor.ExecuteAsync(IEnumerable`1 commandBatches, IRelationalConnection connection, CancellationToken cancellationToken)
   at Microsoft.EntityFrameworkCore.Update.Internal.BatchExecutor.ExecuteAsync(IEnumerable`1 commandBatches, IRelationalConnection connection, CancellationToken cancellationToken)
   at Microsoft.EntityFrameworkCore.Update.Internal.BatchExecutor.ExecuteAsync(IEnumerable`1 commandBatches, IRelationalConnection connection, CancellationToken cancellationToken)
   at Microsoft.EntityFrameworkCore.Storage.RelationalDatabase.SaveChangesAsync(IList`1 entries, CancellationToken cancellationToken)
   at Microsoft.EntityFrameworkCore.ChangeTracking.Internal.StateManager.SaveChangesAsync(IList`1 entriesToSave, CancellationToken cancellationToken)
   at Microsoft.EntityFrameworkCore.ChangeTracking.Internal.StateManager.SaveChangesAsync(StateManager stateManager, Boolean acceptAllChangesOnSuccess, CancellationToken cancellationToken)
   at Npgsql.EntityFrameworkCore.PostgreSQL.Storage.Internal.NpgsqlExecutionStrategy.ExecuteAsync[TState,TResult](TState state, Func`4 operation, Func`4 verifySucceeded, CancellationToken cancellationToken)
   at Microsoft.EntityFrameworkCore.DbContext.SaveChangesAsync(Boolean acceptAllChangesOnSuccess, CancellationToken cancellationToken)
2026-07-13 17:27:31.392 +03:00 [ERR] Database migration or seed failed. Check PostgreSQL is running and ConnectionStrings:DefaultConnection is correct.
Microsoft.EntityFrameworkCore.DbUpdateException: An error occurred while saving the entity changes. See the inner exception for details.
 ---> Npgsql.PostgresException (0x80004005): 23503: insert or update on table "CrmSupportTickets" violates foreign key constraint "FK_CrmSupportTickets_CrmCustomers_CustomerId"

DETAIL: Detail redacted as it may contain sensitive data. Specify 'Include Error Detail' in the connection string to include this information.
   at Npgsql.Internal.NpgsqlConnector.ReadMessageLong(Boolean async, DataRowLoadingMode dataRowLoadingMode, Boolean readingNotifications, Boolean isReadingPrependedMessage)
   at System.Runtime.CompilerServices.PoolingAsyncValueTaskMethodBuilder`1.StateMachineBox`1.System.Threading.Tasks.Sources.IValueTaskSource<TResult>.GetResult(Int16 token)
   at Npgsql.NpgsqlDataReader.NextResult(Boolean async, Boolean isConsuming, CancellationToken cancellationToken)
   at Npgsql.NpgsqlDataReader.NextResult(Boolean async, Boolean isConsuming, CancellationToken cancellationToken)
   at Npgsql.NpgsqlCommand.ExecuteReader(Boolean async, CommandBehavior behavior, CancellationToken cancellationToken)
   at Npgsql.NpgsqlCommand.ExecuteReader(Boolean async, CommandBehavior behavior, CancellationToken cancellationToken)
   at Npgsql.NpgsqlCommand.ExecuteDbDataReaderAsync(CommandBehavior behavior, CancellationToken cancellationToken)
   at Microsoft.EntityFrameworkCore.Storage.RelationalCommand.ExecuteReaderAsync(RelationalCommandParameterObject parameterObject, CancellationToken cancellationToken)
   at Microsoft.EntityFrameworkCore.Storage.RelationalCommand.ExecuteReaderAsync(RelationalCommandParameterObject parameterObject, CancellationToken cancellationToken)
   at Microsoft.EntityFrameworkCore.Update.ReaderModificationCommandBatch.ExecuteAsync(IRelationalConnection connection, CancellationToken cancellationToken)
  Exception data:
    Severity: ERROR
    SqlState: 23503
    MessageText: insert or update on table "CrmSupportTickets" violates foreign key constraint "FK_CrmSupportTickets_CrmCustomers_CustomerId"
    Detail: Detail redacted as it may contain sensitive data. Specify 'Include Error Detail' in the connection string to include this information.
    SchemaName: public
    TableName: CrmSupportTickets
    ConstraintName: FK_CrmSupportTickets_CrmCustomers_CustomerId
    File: ri_triggers.c
    Line: 2783
    Routine: ri_ReportViolation
   --- End of inner exception stack trace ---
   at Microsoft.EntityFrameworkCore.Update.ReaderModificationCommandBatch.ExecuteAsync(IRelationalConnection connection, CancellationToken cancellationToken)
   at Microsoft.EntityFrameworkCore.Update.Internal.BatchExecutor.ExecuteAsync(IEnumerable`1 commandBatches, IRelationalConnection connection, CancellationToken cancellationToken)
   at Microsoft.EntityFrameworkCore.Update.Internal.BatchExecutor.ExecuteAsync(IEnumerable`1 commandBatches, IRelationalConnection connection, CancellationToken cancellationToken)
   at Microsoft.EntityFrameworkCore.Update.Internal.BatchExecutor.ExecuteAsync(IEnumerable`1 commandBatches, IRelationalConnection connection, CancellationToken cancellationToken)
   at Microsoft.EntityFrameworkCore.Storage.RelationalDatabase.SaveChangesAsync(IList`1 entries, CancellationToken cancellationToken)
   at Microsoft.EntityFrameworkCore.ChangeTracking.Internal.StateManager.SaveChangesAsync(IList`1 entriesToSave, CancellationToken cancellationToken)
   at Microsoft.EntityFrameworkCore.ChangeTracking.Internal.StateManager.SaveChangesAsync(StateManager stateManager, Boolean acceptAllChangesOnSuccess, CancellationToken cancellationToken)
   at Npgsql.EntityFrameworkCore.PostgreSQL.Storage.Internal.NpgsqlExecutionStrategy.ExecuteAsync[TState,TResult](TState state, Func`4 operation, Func`4 verifySucceeded, CancellationToken cancellationToken)
   at Microsoft.EntityFrameworkCore.DbContext.SaveChangesAsync(Boolean acceptAllChangesOnSuccess, CancellationToken cancellationToken)
   at Microsoft.EntityFrameworkCore.DbContext.SaveChangesAsync(Boolean acceptAllChangesOnSuccess, CancellationToken cancellationToken)
   at Biktal.Infrastructure.Persistence.CrmDataSeeder.SeedIfEmptyAsync(ApplicationDbContext db, CancellationToken cancellationToken)
   at Program.<Main>$(String[] args) in d:\Systems\BiktalSystems\Program.cs:line 71
2026-07-13 17:27:31.398 +03:00 [WRN] Continuing without a successful migration/seed. Auth and data pages may fail until the database is available.
2026-07-13 17:27:31.424 +03:00 [WRN] Using an in-memory repository. Keys will not be persisted to storage.
2026-07-13 17:27:31.424 +03:00 [WRN] Neither user profile nor HKLM registry available. Using an ephemeral key repository. Protected data will be unavailable when application exits.
2026-07-13 17:27:31.443 +03:00 [WRN] No XML encryptor configured. Key {503b9d15-1767-4122-a9e6-d9d302ca5e7f} may be persisted to storage in unencrypted form.
2026-07-13 17:27:31.497 +03:00 [INF] Application started. Press Ctrl+C to shut down.
2026-07-13 17:27:31.497 +03:00 [INF] Hosting environment: Production
2026-07-13 17:27:31.497 +03:00 [INF] Content root path: D:\Systems\BiktalSystems\publish
2026-07-13 17:27:31.606 +03:00 [INF] HTTP GET /Pos responded 302 in 87.2368 ms
2026-07-13 17:27:31.763 +03:00 [ERR] An exception was thrown while deserializing the token.
Microsoft.AspNetCore.Antiforgery.AntiforgeryValidationException: The antiforgery token could not be decrypted.
 ---> System.Security.Cryptography.CryptographicException: The key {43459231-d9f6-4ce4-88a2-5a5789c53e75} was not found in the key ring. For more information go to https://aka.ms/aspnet/dataprotectionwarning
   at Microsoft.AspNetCore.DataProtection.KeyManagement.KeyRingBasedDataProtector.UnprotectCore(Byte[] protectedData, Boolean allowOperationsOnRevokedKeys, UnprotectStatus& status)
   at Microsoft.AspNetCore.DataProtection.KeyManagement.KeyRingBasedDataProtector.Unprotect(Byte[] protectedData)
   at Microsoft.AspNetCore.Antiforgery.DefaultAntiforgeryTokenSerializer.Deserialize(String serializedToken)
   --- End of inner exception stack trace ---
   at Microsoft.AspNetCore.Antiforgery.DefaultAntiforgeryTokenSerializer.Deserialize(String serializedToken)
   at Microsoft.AspNetCore.Antiforgery.DefaultAntiforgery.GetCookieTokenDoesNotThrow(HttpContext httpContext)
2026-07-13 17:27:31.893 +03:00 [INF] HTTP GET /Account/Login responded 200 in 268.0979 ms
2026-07-13 17:27:32.118 +03:00 [INF] HTTP GET /js/site.js responded 200 in 136.9368 ms
2026-07-13 17:27:32.118 +03:00 [INF] HTTP GET /css/site.css responded 200 in 144.7820 ms
2026-07-13 17:27:32.119 +03:00 [INF] HTTP GET /lib/jquery-validation-unobtrusive/dist/jquery.validate.unobtrusive.min.js responded 200 in 97.1871 ms
2026-07-13 17:27:32.119 +03:00 [INF] HTTP GET /lib/jquery-validation/dist/jquery.validate.min.js responded 200 in 137.6504 ms
2026-07-13 17:27:32.120 +03:00 [INF] HTTP GET /lib/bootstrap/dist/js/bootstrap.bundle.min.js responded 200 in 138.9514 ms
2026-07-13 17:27:32.118 +03:00 [INF] HTTP GET /Biktal.WebMVC.styles.css responded 200 in 138.1704 ms
2026-07-13 17:27:32.120 +03:00 [INF] HTTP GET /lib/bootstrap/dist/css/bootstrap.min.css responded 200 in 137.5139 ms
2026-07-13 17:27:32.121 +03:00 [INF] HTTP GET /lib/jquery/dist/jquery.min.js responded 200 in 140.4050 ms
2026-07-13 17:27:39.769 +03:00 [INF] HTTP POST /Account/Login responded 302 in 543.6605 ms
2026-07-13 17:27:39.824 +03:00 [WRN] The query uses the 'First'/'FirstOrDefault' operator without 'OrderBy' and filter operators. This may lead to unpredictable results.
2026-07-13 17:27:39.890 +03:00 [INF] HTTP GET /Pos responded 200 in 114.3484 ms
2026-07-13 17:27:39.957 +03:00 [INF] HTTP GET /Biktal.WebMVC.styles.css responded 200 in 5.2557 ms
2026-07-13 17:27:39.957 +03:00 [INF] HTTP GET /lib/bootstrap/dist/css/bootstrap.min.css responded 200 in 14.0032 ms
2026-07-13 17:27:39.999 +03:00 [INF] HTTP GET /lib/jquery/dist/jquery.min.js responded 304 in 38.7492 ms
2026-07-13 17:27:39.993 +03:00 [INF] HTTP GET /css/site.css responded 200 in 38.7550 ms
2026-07-13 17:27:40.016 +03:00 [INF] HTTP GET /js/site.js responded 304 in 29.0925 ms
2026-07-13 17:27:40.017 +03:00 [INF] HTTP GET /js/pos.js responded 200 in 16.3148 ms
2026-07-13 17:27:40.129 +03:00 [INF] HTTP GET /lib/bootstrap/dist/js/bootstrap.bundle.min.js responded 304 in 171.0955 ms
2026-07-13 17:30:16.843 +03:00 [INF] HTTP GET /Inventory responded 200 in 236.2077 ms
2026-07-13 17:30:16.926 +03:00 [INF] HTTP GET /css/site.css responded 200 in 1.6613 ms
2026-07-13 17:30:16.926 +03:00 [INF] HTTP GET /lib/bootstrap/dist/css/bootstrap.min.css responded 200 in 2.8479 ms
2026-07-13 17:30:16.937 +03:00 [INF] HTTP GET /js/site.js responded 200 in 10.6007 ms
2026-07-13 17:30:16.940 +03:00 [INF] HTTP GET /lib/jquery/dist/jquery.min.js responded 200 in 12.9880 ms
2026-07-13 17:30:16.940 +03:00 [INF] HTTP GET /lib/bootstrap/dist/js/bootstrap.bundle.min.js responded 200 in 5.3386 ms
2026-07-13 17:30:16.952 +03:00 [INF] HTTP GET /Biktal.WebMVC.styles.css responded 200 in 9.1951 ms
2026-07-13 17:30:18.741 +03:00 [INF] HTTP GET /Inventory/Products responded 200 in 304.1284 ms
2026-07-13 17:30:18.781 +03:00 [INF] HTTP GET /lib/bootstrap/dist/css/bootstrap.min.css responded 200 in 2.9341 ms
2026-07-13 17:30:18.784 +03:00 [INF] HTTP GET /Biktal.WebMVC.styles.css responded 200 in 1.7759 ms
2026-07-13 17:30:18.784 +03:00 [INF] HTTP GET /css/site.css responded 200 in 1.4920 ms
2026-07-13 17:30:19.575 +03:00 [INF] HTTP GET /lib/jquery/dist/jquery.min.js responded 304 in 1.4107 ms
2026-07-13 17:30:19.602 +03:00 [INF] HTTP GET /lib/bootstrap/dist/js/bootstrap.bundle.min.js responded 304 in 1.1322 ms
2026-07-13 17:30:19.602 +03:00 [INF] HTTP GET /js/site.js responded 304 in 0.9477 ms
2026-07-13 17:30:19.604 +03:00 [INF] HTTP GET /js/products-catalog-filter.js responded 200 in 1.2930 ms
2026-07-13 17:30:19.619 +03:00 [INF] HTTP GET /lib/jquery-validation-unobtrusive/dist/jquery.validate.unobtrusive.min.js responded 200 in 16.2927 ms
2026-07-13 17:30:19.624 +03:00 [INF] HTTP GET /lib/jquery-validation/dist/jquery.validate.min.js responded 200 in 21.4986 ms
2026-07-13 17:30:24.625 +03:00 [INF] HTTP GET /Inventory/Products responded 200 in 137.8728 ms
2026-07-13 17:30:24.672 +03:00 [INF] HTTP GET /Biktal.WebMVC.styles.css responded 200 in 1.7783 ms
2026-07-13 17:30:24.672 +03:00 [INF] HTTP GET /lib/bootstrap/dist/css/bootstrap.min.css responded 200 in 2.1751 ms
2026-07-13 17:30:24.672 +03:00 [INF] HTTP GET /css/site.css responded 200 in 1.7401 ms
2026-07-13 17:30:25.370 +03:00 [INF] HTTP GET /lib/jquery/dist/jquery.min.js responded 304 in 0.8356 ms
2026-07-13 17:30:25.397 +03:00 [INF] HTTP GET /lib/bootstrap/dist/js/bootstrap.bundle.min.js responded 304 in 1.8931 ms
2026-07-13 17:30:25.399 +03:00 [INF] HTTP GET /js/site.js responded 304 in 1.3472 ms
2026-07-13 17:30:25.400 +03:00 [INF] HTTP GET /lib/jquery-validation/dist/jquery.validate.min.js responded 304 in 1.3286 ms
2026-07-13 17:30:25.401 +03:00 [INF] HTTP GET /lib/jquery-validation-unobtrusive/dist/jquery.validate.unobtrusive.min.js responded 304 in 0.7366 ms
2026-07-13 17:30:25.401 +03:00 [INF] HTTP GET /js/products-catalog-filter.js responded 304 in 0.7919 ms
2026-07-13 17:30:29.227 +03:00 [INF] HTTP POST /Inventory/EditProduct responded 302 in 97.7704 ms
2026-07-13 17:30:29.282 +03:00 [INF] HTTP GET /Inventory/Products responded 200 in 48.0881 ms
2026-07-13 17:30:29.344 +03:00 [INF] HTTP GET /lib/bootstrap/dist/css/bootstrap.min.css responded 304 in 0.9752 ms
2026-07-13 17:30:29.344 +03:00 [INF] HTTP GET /css/site.css responded 304 in 0.5930 ms
2026-07-13 17:30:29.350 +03:00 [INF] HTTP GET /Biktal.WebMVC.styles.css responded 304 in 1.2045 ms
2026-07-13 17:30:30.356 +03:00 [INF] HTTP GET /lib/jquery/dist/jquery.min.js responded 304 in 0.6991 ms
2026-07-13 17:30:30.375 +03:00 [INF] HTTP GET /lib/bootstrap/dist/js/bootstrap.bundle.min.js responded 304 in 1.0082 ms
2026-07-13 17:30:30.376 +03:00 [INF] HTTP GET /js/site.js responded 304 in 0.7493 ms
2026-07-13 17:30:30.377 +03:00 [INF] HTTP GET /lib/jquery-validation/dist/jquery.validate.min.js responded 304 in 0.7020 ms
2026-07-13 17:30:30.379 +03:00 [INF] HTTP GET /lib/jquery-validation-unobtrusive/dist/jquery.validate.unobtrusive.min.js responded 304 in 0.6862 ms
2026-07-13 17:30:30.389 +03:00 [INF] HTTP GET /js/products-catalog-filter.js responded 304 in 0.6649 ms
2026-07-13 17:30:30.880 +03:00 [INF] HTTP GET /Pos responded 200 in 23.5351 ms
2026-07-13 17:30:30.993 +03:00 [INF] HTTP GET /lib/bootstrap/dist/css/bootstrap.min.css responded 304 in 9.3255 ms
2026-07-13 17:30:30.998 +03:00 [INF] HTTP GET /css/site.css responded 304 in 1.4916 ms
2026-07-13 17:30:30.999 +03:00 [INF] HTTP GET /Biktal.WebMVC.styles.css responded 304 in 0.7440 ms
2026-07-13 17:30:31.001 +03:00 [INF] HTTP GET /lib/bootstrap/dist/js/bootstrap.bundle.min.js responded 200 in 2.1654 ms
2026-07-13 17:30:31.000 +03:00 [INF] HTTP GET /lib/jquery/dist/jquery.min.js responded 200 in 1.7402 ms
2026-07-13 17:30:31.007 +03:00 [INF] HTTP GET /js/pos.js responded 200 in 2.1658 ms
2026-07-13 17:30:31.009 +03:00 [INF] HTTP GET /js/site.js responded 200 in 5.1856 ms
2026-07-13 17:31:07.782 +03:00 [INF] HTTP POST /Pos/CompleteSale responded 200 in 542.3514 ms
2026-07-13 17:51:52.236 +03:00 [INF] Application is shutting down...
2026-07-13 18:00:44.182 +03:00 [ERR] Failed executing DbCommand (10ms) [Parameters=[@p0='?' (DbType = Guid), @p1='?' (DbType = DateTime), @p2='?' (DbType = Guid), @p3='?', @p4='?' (DbType = DateTime), @p5='?' (DbType = Int32), @p6='?' (DbType = Int32), @p7='?', @p8='?', @p9='?' (DbType = Guid), @p10='?' (DbType = DateTime), @p11='?' (DbType = Guid), @p12='?', @p13='?' (DbType = DateTime), @p14='?' (DbType = Int32), @p15='?' (DbType = Int32), @p16='?', @p17='?'], CommandType='"Text"', CommandTimeout='30']
INSERT INTO "CrmSupportTickets" ("Id", "CreatedAtUtc", "CustomerId", "Description", "ModifiedAtUtc", "Priority", "Status", "Subject", "TicketNumber")
VALUES (@p0, @p1, @p2, @p3, @p4, @p5, @p6, @p7, @p8);
INSERT INTO "CrmSupportTickets" ("Id", "CreatedAtUtc", "CustomerId", "Description", "ModifiedAtUtc", "Priority", "Status", "Subject", "TicketNumber")
VALUES (@p9, @p10, @p11, @p12, @p13, @p14, @p15, @p16, @p17);
2026-07-13 18:00:44.272 +03:00 [ERR] An exception occurred in the database while saving changes for context type 'Biktal.Infrastructure.Persistence.ApplicationDbContext'.
Microsoft.EntityFrameworkCore.DbUpdateException: An error occurred while saving the entity changes. See the inner exception for details.
 ---> Npgsql.PostgresException (0x80004005): 23503: insert or update on table "CrmSupportTickets" violates foreign key constraint "FK_CrmSupportTickets_CrmCustomers_CustomerId"

DETAIL: Detail redacted as it may contain sensitive data. Specify 'Include Error Detail' in the connection string to include this information.
   at Npgsql.Internal.NpgsqlConnector.ReadMessageLong(Boolean async, DataRowLoadingMode dataRowLoadingMode, Boolean readingNotifications, Boolean isReadingPrependedMessage)
   at System.Runtime.CompilerServices.PoolingAsyncValueTaskMethodBuilder`1.StateMachineBox`1.System.Threading.Tasks.Sources.IValueTaskSource<TResult>.GetResult(Int16 token)
   at Npgsql.NpgsqlDataReader.NextResult(Boolean async, Boolean isConsuming, CancellationToken cancellationToken)
   at Npgsql.NpgsqlDataReader.NextResult(Boolean async, Boolean isConsuming, CancellationToken cancellationToken)
   at Npgsql.NpgsqlCommand.ExecuteReader(Boolean async, CommandBehavior behavior, CancellationToken cancellationToken)
   at Npgsql.NpgsqlCommand.ExecuteReader(Boolean async, CommandBehavior behavior, CancellationToken cancellationToken)
   at Npgsql.NpgsqlCommand.ExecuteDbDataReaderAsync(CommandBehavior behavior, CancellationToken cancellationToken)
   at Microsoft.EntityFrameworkCore.Storage.RelationalCommand.ExecuteReaderAsync(RelationalCommandParameterObject parameterObject, CancellationToken cancellationToken)
   at Microsoft.EntityFrameworkCore.Storage.RelationalCommand.ExecuteReaderAsync(RelationalCommandParameterObject parameterObject, CancellationToken cancellationToken)
   at Microsoft.EntityFrameworkCore.Update.ReaderModificationCommandBatch.ExecuteAsync(IRelationalConnection connection, CancellationToken cancellationToken)
  Exception data:
    Severity: ERROR
    SqlState: 23503
    MessageText: insert or update on table "CrmSupportTickets" violates foreign key constraint "FK_CrmSupportTickets_CrmCustomers_CustomerId"
    Detail: Detail redacted as it may contain sensitive data. Specify 'Include Error Detail' in the connection string to include this information.
    SchemaName: public
    TableName: CrmSupportTickets
    ConstraintName: FK_CrmSupportTickets_CrmCustomers_CustomerId
    File: ri_triggers.c
    Line: 2783
    Routine: ri_ReportViolation
   --- End of inner exception stack trace ---
   at Microsoft.EntityFrameworkCore.Update.ReaderModificationCommandBatch.ExecuteAsync(IRelationalConnection connection, CancellationToken cancellationToken)
   at Microsoft.EntityFrameworkCore.Update.Internal.BatchExecutor.ExecuteAsync(IEnumerable`1 commandBatches, IRelationalConnection connection, CancellationToken cancellationToken)
   at Microsoft.EntityFrameworkCore.Update.Internal.BatchExecutor.ExecuteAsync(IEnumerable`1 commandBatches, IRelationalConnection connection, CancellationToken cancellationToken)
   at Microsoft.EntityFrameworkCore.Update.Internal.BatchExecutor.ExecuteAsync(IEnumerable`1 commandBatches, IRelationalConnection connection, CancellationToken cancellationToken)
   at Microsoft.EntityFrameworkCore.Storage.RelationalDatabase.SaveChangesAsync(IList`1 entries, CancellationToken cancellationToken)
   at Microsoft.EntityFrameworkCore.ChangeTracking.Internal.StateManager.SaveChangesAsync(IList`1 entriesToSave, CancellationToken cancellationToken)
   at Microsoft.EntityFrameworkCore.ChangeTracking.Internal.StateManager.SaveChangesAsync(StateManager stateManager, Boolean acceptAllChangesOnSuccess, CancellationToken cancellationToken)
   at Npgsql.EntityFrameworkCore.PostgreSQL.Storage.Internal.NpgsqlExecutionStrategy.ExecuteAsync[TState,TResult](TState state, Func`4 operation, Func`4 verifySucceeded, CancellationToken cancellationToken)
   at Microsoft.EntityFrameworkCore.DbContext.SaveChangesAsync(Boolean acceptAllChangesOnSuccess, CancellationToken cancellationToken)
Microsoft.EntityFrameworkCore.DbUpdateException: An error occurred while saving the entity changes. See the inner exception for details.
 ---> Npgsql.PostgresException (0x80004005): 23503: insert or update on table "CrmSupportTickets" violates foreign key constraint "FK_CrmSupportTickets_CrmCustomers_CustomerId"

DETAIL: Detail redacted as it may contain sensitive data. Specify 'Include Error Detail' in the connection string to include this information.
   at Npgsql.Internal.NpgsqlConnector.ReadMessageLong(Boolean async, DataRowLoadingMode dataRowLoadingMode, Boolean readingNotifications, Boolean isReadingPrependedMessage)
   at System.Runtime.CompilerServices.PoolingAsyncValueTaskMethodBuilder`1.StateMachineBox`1.System.Threading.Tasks.Sources.IValueTaskSource<TResult>.GetResult(Int16 token)
   at Npgsql.NpgsqlDataReader.NextResult(Boolean async, Boolean isConsuming, CancellationToken cancellationToken)
   at Npgsql.NpgsqlDataReader.NextResult(Boolean async, Boolean isConsuming, CancellationToken cancellationToken)
   at Npgsql.NpgsqlCommand.ExecuteReader(Boolean async, CommandBehavior behavior, CancellationToken cancellationToken)
   at Npgsql.NpgsqlCommand.ExecuteReader(Boolean async, CommandBehavior behavior, CancellationToken cancellationToken)
   at Npgsql.NpgsqlCommand.ExecuteDbDataReaderAsync(CommandBehavior behavior, CancellationToken cancellationToken)
   at Microsoft.EntityFrameworkCore.Storage.RelationalCommand.ExecuteReaderAsync(RelationalCommandParameterObject parameterObject, CancellationToken cancellationToken)
   at Microsoft.EntityFrameworkCore.Storage.RelationalCommand.ExecuteReaderAsync(RelationalCommandParameterObject parameterObject, CancellationToken cancellationToken)
   at Microsoft.EntityFrameworkCore.Update.ReaderModificationCommandBatch.ExecuteAsync(IRelationalConnection connection, CancellationToken cancellationToken)
  Exception data:
    Severity: ERROR
    SqlState: 23503
    MessageText: insert or update on table "CrmSupportTickets" violates foreign key constraint "FK_CrmSupportTickets_CrmCustomers_CustomerId"
    Detail: Detail redacted as it may contain sensitive data. Specify 'Include Error Detail' in the connection string to include this information.
    SchemaName: public
    TableName: CrmSupportTickets
    ConstraintName: FK_CrmSupportTickets_CrmCustomers_CustomerId
    File: ri_triggers.c
    Line: 2783
    Routine: ri_ReportViolation
   --- End of inner exception stack trace ---
   at Microsoft.EntityFrameworkCore.Update.ReaderModificationCommandBatch.ExecuteAsync(IRelationalConnection connection, CancellationToken cancellationToken)
   at Microsoft.EntityFrameworkCore.Update.Internal.BatchExecutor.ExecuteAsync(IEnumerable`1 commandBatches, IRelationalConnection connection, CancellationToken cancellationToken)
   at Microsoft.EntityFrameworkCore.Update.Internal.BatchExecutor.ExecuteAsync(IEnumerable`1 commandBatches, IRelationalConnection connection, CancellationToken cancellationToken)
   at Microsoft.EntityFrameworkCore.Update.Internal.BatchExecutor.ExecuteAsync(IEnumerable`1 commandBatches, IRelationalConnection connection, CancellationToken cancellationToken)
   at Microsoft.EntityFrameworkCore.Storage.RelationalDatabase.SaveChangesAsync(IList`1 entries, CancellationToken cancellationToken)
   at Microsoft.EntityFrameworkCore.ChangeTracking.Internal.StateManager.SaveChangesAsync(IList`1 entriesToSave, CancellationToken cancellationToken)
   at Microsoft.EntityFrameworkCore.ChangeTracking.Internal.StateManager.SaveChangesAsync(StateManager stateManager, Boolean acceptAllChangesOnSuccess, CancellationToken cancellationToken)
   at Npgsql.EntityFrameworkCore.PostgreSQL.Storage.Internal.NpgsqlExecutionStrategy.ExecuteAsync[TState,TResult](TState state, Func`4 operation, Func`4 verifySucceeded, CancellationToken cancellationToken)
   at Microsoft.EntityFrameworkCore.DbContext.SaveChangesAsync(Boolean acceptAllChangesOnSuccess, CancellationToken cancellationToken)
2026-07-13 18:00:44.279 +03:00 [ERR] Database migration or seed failed. Check PostgreSQL is running and ConnectionStrings:DefaultConnection is correct.
Microsoft.EntityFrameworkCore.DbUpdateException: An error occurred while saving the entity changes. See the inner exception for details.
 ---> Npgsql.PostgresException (0x80004005): 23503: insert or update on table "CrmSupportTickets" violates foreign key constraint "FK_CrmSupportTickets_CrmCustomers_CustomerId"

DETAIL: Detail redacted as it may contain sensitive data. Specify 'Include Error Detail' in the connection string to include this information.
   at Npgsql.Internal.NpgsqlConnector.ReadMessageLong(Boolean async, DataRowLoadingMode dataRowLoadingMode, Boolean readingNotifications, Boolean isReadingPrependedMessage)
   at System.Runtime.CompilerServices.PoolingAsyncValueTaskMethodBuilder`1.StateMachineBox`1.System.Threading.Tasks.Sources.IValueTaskSource<TResult>.GetResult(Int16 token)
   at Npgsql.NpgsqlDataReader.NextResult(Boolean async, Boolean isConsuming, CancellationToken cancellationToken)
   at Npgsql.NpgsqlDataReader.NextResult(Boolean async, Boolean isConsuming, CancellationToken cancellationToken)
   at Npgsql.NpgsqlCommand.ExecuteReader(Boolean async, CommandBehavior behavior, CancellationToken cancellationToken)
   at Npgsql.NpgsqlCommand.ExecuteReader(Boolean async, CommandBehavior behavior, CancellationToken cancellationToken)
   at Npgsql.NpgsqlCommand.ExecuteDbDataReaderAsync(CommandBehavior behavior, CancellationToken cancellationToken)
   at Microsoft.EntityFrameworkCore.Storage.RelationalCommand.ExecuteReaderAsync(RelationalCommandParameterObject parameterObject, CancellationToken cancellationToken)
   at Microsoft.EntityFrameworkCore.Storage.RelationalCommand.ExecuteReaderAsync(RelationalCommandParameterObject parameterObject, CancellationToken cancellationToken)
   at Microsoft.EntityFrameworkCore.Update.ReaderModificationCommandBatch.ExecuteAsync(IRelationalConnection connection, CancellationToken cancellationToken)
  Exception data:
    Severity: ERROR
    SqlState: 23503
    MessageText: insert or update on table "CrmSupportTickets" violates foreign key constraint "FK_CrmSupportTickets_CrmCustomers_CustomerId"
    Detail: Detail redacted as it may contain sensitive data. Specify 'Include Error Detail' in the connection string to include this information.
    SchemaName: public
    TableName: CrmSupportTickets
    ConstraintName: FK_CrmSupportTickets_CrmCustomers_CustomerId
    File: ri_triggers.c
    Line: 2783
    Routine: ri_ReportViolation
   --- End of inner exception stack trace ---
   at Microsoft.EntityFrameworkCore.Update.ReaderModificationCommandBatch.ExecuteAsync(IRelationalConnection connection, CancellationToken cancellationToken)
   at Microsoft.EntityFrameworkCore.Update.Internal.BatchExecutor.ExecuteAsync(IEnumerable`1 commandBatches, IRelationalConnection connection, CancellationToken cancellationToken)
   at Microsoft.EntityFrameworkCore.Update.Internal.BatchExecutor.ExecuteAsync(IEnumerable`1 commandBatches, IRelationalConnection connection, CancellationToken cancellationToken)
   at Microsoft.EntityFrameworkCore.Update.Internal.BatchExecutor.ExecuteAsync(IEnumerable`1 commandBatches, IRelationalConnection connection, CancellationToken cancellationToken)
   at Microsoft.EntityFrameworkCore.Storage.RelationalDatabase.SaveChangesAsync(IList`1 entries, CancellationToken cancellationToken)
   at Microsoft.EntityFrameworkCore.ChangeTracking.Internal.StateManager.SaveChangesAsync(IList`1 entriesToSave, CancellationToken cancellationToken)
   at Microsoft.EntityFrameworkCore.ChangeTracking.Internal.StateManager.SaveChangesAsync(StateManager stateManager, Boolean acceptAllChangesOnSuccess, CancellationToken cancellationToken)
   at Npgsql.EntityFrameworkCore.PostgreSQL.Storage.Internal.NpgsqlExecutionStrategy.ExecuteAsync[TState,TResult](TState state, Func`4 operation, Func`4 verifySucceeded, CancellationToken cancellationToken)
   at Microsoft.EntityFrameworkCore.DbContext.SaveChangesAsync(Boolean acceptAllChangesOnSuccess, CancellationToken cancellationToken)
   at Microsoft.EntityFrameworkCore.DbContext.SaveChangesAsync(Boolean acceptAllChangesOnSuccess, CancellationToken cancellationToken)
   at Biktal.Infrastructure.Persistence.CrmDataSeeder.SeedIfEmptyAsync(ApplicationDbContext db, CancellationToken cancellationToken)
   at Program.<Main>$(String[] args) in d:\Systems\BiktalSystems\Program.cs:line 71
2026-07-13 18:00:44.284 +03:00 [WRN] Continuing without a successful migration/seed. Auth and data pages may fail until the database is available.
2026-07-13 18:00:44.314 +03:00 [WRN] Using an in-memory repository. Keys will not be persisted to storage.
2026-07-13 18:00:44.314 +03:00 [WRN] Neither user profile nor HKLM registry available. Using an ephemeral key repository. Protected data will be unavailable when application exits.
2026-07-13 18:00:44.334 +03:00 [WRN] No XML encryptor configured. Key {85f2fa0a-6fa0-4b23-b3b9-bca9ae08c3ac} may be persisted to storage in unencrypted form.
2026-07-13 18:00:44.387 +03:00 [INF] Application started. Press Ctrl+C to shut down.
2026-07-13 18:00:44.387 +03:00 [INF] Hosting environment: Production
2026-07-13 18:00:44.388 +03:00 [INF] Content root path: D:\Systems\BiktalSystems\publish
2026-07-13 18:00:44.498 +03:00 [INF] HTTP GET /Dashboard responded 302 in 86.9192 ms
2026-07-13 18:00:44.650 +03:00 [ERR] An exception was thrown while deserializing the token.
Microsoft.AspNetCore.Antiforgery.AntiforgeryValidationException: The antiforgery token could not be decrypted.
 ---> System.Security.Cryptography.CryptographicException: The key {503b9d15-1767-4122-a9e6-d9d302ca5e7f} was not found in the key ring. For more information go to https://aka.ms/aspnet/dataprotectionwarning
   at Microsoft.AspNetCore.DataProtection.KeyManagement.KeyRingBasedDataProtector.UnprotectCore(Byte[] protectedData, Boolean allowOperationsOnRevokedKeys, UnprotectStatus& status)
   at Microsoft.AspNetCore.DataProtection.KeyManagement.KeyRingBasedDataProtector.Unprotect(Byte[] protectedData)
   at Microsoft.AspNetCore.Antiforgery.DefaultAntiforgeryTokenSerializer.Deserialize(String serializedToken)
   --- End of inner exception stack trace ---
   at Microsoft.AspNetCore.Antiforgery.DefaultAntiforgeryTokenSerializer.Deserialize(String serializedToken)
   at Microsoft.AspNetCore.Antiforgery.DefaultAntiforgery.GetCookieTokenDoesNotThrow(HttpContext httpContext)
2026-07-13 18:00:44.749 +03:00 [INF] HTTP GET /Account/Login responded 200 in 231.5997 ms
2026-07-13 18:00:44.944 +03:00 [INF] HTTP GET /lib/jquery-validation/dist/jquery.validate.min.js responded 200 in 79.0151 ms
2026-07-13 18:00:44.944 +03:00 [INF] HTTP GET /lib/jquery-validation-unobtrusive/dist/jquery.validate.unobtrusive.min.js responded 200 in 57.9291 ms
2026-07-13 18:00:44.944 +03:00 [INF] HTTP GET /css/site.css responded 200 in 82.0515 ms
2026-07-13 18:00:44.944 +03:00 [INF] HTTP GET /js/site.js responded 200 in 80.5792 ms
2026-07-13 18:00:44.946 +03:00 [INF] HTTP GET /Biktal.WebMVC.styles.css responded 200 in 89.7764 ms
2026-07-13 18:00:44.946 +03:00 [INF] HTTP GET /lib/bootstrap/dist/js/bootstrap.bundle.min.js responded 200 in 82.1694 ms
2026-07-13 18:00:44.946 +03:00 [INF] HTTP GET /lib/bootstrap/dist/css/bootstrap.min.css responded 200 in 95.3957 ms
2026-07-13 18:00:44.946 +03:00 [INF] HTTP GET /lib/jquery/dist/jquery.min.js responded 200 in 80.9807 ms
2026-07-13 18:00:55.058 +03:00 [INF] HTTP POST /Account/Login responded 302 in 544.8262 ms
2026-07-13 18:00:55.196 +03:00 [INF] HTTP GET /Dashboard responded 200 in 131.0540 ms
2026-07-13 18:00:55.275 +03:00 [INF] HTTP GET /Biktal.WebMVC.styles.css responded 200 in 7.1621 ms
2026-07-13 18:00:55.276 +03:00 [INF] HTTP GET /lib/bootstrap/dist/css/bootstrap.min.css responded 200 in 26.7707 ms
2026-07-13 18:00:55.315 +03:00 [INF] HTTP GET /css/site.css responded 200 in 39.5942 ms
2026-07-13 18:00:55.315 +03:00 [INF] HTTP GET /lib/jquery/dist/jquery.min.js responded 304 in 31.3652 ms
2026-07-13 18:00:55.315 +03:00 [INF] HTTP GET /js/site.js responded 304 in 28.1490 ms
2026-07-13 18:00:55.516 +03:00 [INF] HTTP GET /lib/bootstrap/dist/js/bootstrap.bundle.min.js responded 304 in 203.2223 ms
2026-07-13 18:00:58.012 +03:00 [WRN] The query uses the 'First'/'FirstOrDefault' operator without 'OrderBy' and filter operators. This may lead to unpredictable results.
2026-07-13 18:00:58.077 +03:00 [INF] HTTP GET /Pos responded 200 in 130.4990 ms
2026-07-13 18:00:58.132 +03:00 [INF] HTTP GET /lib/bootstrap/dist/css/bootstrap.min.css responded 304 in 2.9678 ms
2026-07-13 18:00:58.147 +03:00 [INF] HTTP GET /css/site.css responded 304 in 2.2139 ms
2026-07-13 18:00:58.271 +03:00 [INF] HTTP GET /js/site.js responded 304 in 4.2516 ms
2026-07-13 18:00:58.272 +03:00 [INF] HTTP GET /Biktal.WebMVC.styles.css responded 304 in 127.0921 ms
2026-07-13 18:00:58.273 +03:00 [INF] HTTP GET /lib/jquery/dist/jquery.min.js responded 304 in 3.2868 ms
2026-07-13 18:00:58.276 +03:00 [INF] HTTP GET /js/pos.js responded 200 in 10.1066 ms
2026-07-13 18:00:58.277 +03:00 [INF] HTTP GET /lib/bootstrap/dist/js/bootstrap.bundle.min.js responded 304 in 3.0079 ms
2026-07-13 18:01:04.630 +03:00 [INF] HTTP GET /Dashboard responded 200 in 17.8421 ms
2026-07-13 18:01:04.710 +03:00 [INF] HTTP GET /css/site.css responded 304 in 0.9915 ms
2026-07-13 18:01:04.712 +03:00 [INF] HTTP GET /lib/jquery/dist/jquery.min.js responded 304 in 1.0099 ms
2026-07-13 18:01:04.713 +03:00 [INF] HTTP GET /lib/bootstrap/dist/css/bootstrap.min.css responded 200 in 2.9514 ms
2026-07-13 18:01:04.714 +03:00 [INF] HTTP GET /lib/bootstrap/dist/js/bootstrap.bundle.min.js responded 304 in 0.9269 ms
2026-07-13 18:01:04.715 +03:00 [INF] HTTP GET /Biktal.WebMVC.styles.css responded 304 in 0.7909 ms
2026-07-13 18:01:04.716 +03:00 [INF] HTTP GET /js/site.js responded 304 in 1.7046 ms
2026-07-13 18:21:54.579 +03:00 [INF] Application is shutting down...
2026-07-13 19:10:59.122 +03:00 [ERR] Failed executing DbCommand (21ms) [Parameters=[@p0='?' (DbType = Guid), @p1='?' (DbType = DateTime), @p2='?' (DbType = Guid), @p3='?', @p4='?' (DbType = DateTime), @p5='?' (DbType = Int32), @p6='?' (DbType = Int32), @p7='?', @p8='?', @p9='?' (DbType = Guid), @p10='?' (DbType = DateTime), @p11='?' (DbType = Guid), @p12='?', @p13='?' (DbType = DateTime), @p14='?' (DbType = Int32), @p15='?' (DbType = Int32), @p16='?', @p17='?'], CommandType='"Text"', CommandTimeout='30']
INSERT INTO "CrmSupportTickets" ("Id", "CreatedAtUtc", "CustomerId", "Description", "ModifiedAtUtc", "Priority", "Status", "Subject", "TicketNumber")
VALUES (@p0, @p1, @p2, @p3, @p4, @p5, @p6, @p7, @p8);
INSERT INTO "CrmSupportTickets" ("Id", "CreatedAtUtc", "CustomerId", "Description", "ModifiedAtUtc", "Priority", "Status", "Subject", "TicketNumber")
VALUES (@p9, @p10, @p11, @p12, @p13, @p14, @p15, @p16, @p17);
2026-07-13 19:10:59.221 +03:00 [ERR] An exception occurred in the database while saving changes for context type 'Biktal.Infrastructure.Persistence.ApplicationDbContext'.
Microsoft.EntityFrameworkCore.DbUpdateException: An error occurred while saving the entity changes. See the inner exception for details.
 ---> Npgsql.PostgresException (0x80004005): 23503: insert or update on table "CrmSupportTickets" violates foreign key constraint "FK_CrmSupportTickets_CrmCustomers_CustomerId"

DETAIL: Detail redacted as it may contain sensitive data. Specify 'Include Error Detail' in the connection string to include this information.
   at Npgsql.Internal.NpgsqlConnector.ReadMessageLong(Boolean async, DataRowLoadingMode dataRowLoadingMode, Boolean readingNotifications, Boolean isReadingPrependedMessage)
   at System.Runtime.CompilerServices.PoolingAsyncValueTaskMethodBuilder`1.StateMachineBox`1.System.Threading.Tasks.Sources.IValueTaskSource<TResult>.GetResult(Int16 token)
   at Npgsql.NpgsqlDataReader.NextResult(Boolean async, Boolean isConsuming, CancellationToken cancellationToken)
   at Npgsql.NpgsqlDataReader.NextResult(Boolean async, Boolean isConsuming, CancellationToken cancellationToken)
   at Npgsql.NpgsqlCommand.ExecuteReader(Boolean async, CommandBehavior behavior, CancellationToken cancellationToken)
   at Npgsql.NpgsqlCommand.ExecuteReader(Boolean async, CommandBehavior behavior, CancellationToken cancellationToken)
   at Npgsql.NpgsqlCommand.ExecuteDbDataReaderAsync(CommandBehavior behavior, CancellationToken cancellationToken)
   at Microsoft.EntityFrameworkCore.Storage.RelationalCommand.ExecuteReaderAsync(RelationalCommandParameterObject parameterObject, CancellationToken cancellationToken)
   at Microsoft.EntityFrameworkCore.Storage.RelationalCommand.ExecuteReaderAsync(RelationalCommandParameterObject parameterObject, CancellationToken cancellationToken)
   at Microsoft.EntityFrameworkCore.Update.ReaderModificationCommandBatch.ExecuteAsync(IRelationalConnection connection, CancellationToken cancellationToken)
  Exception data:
    Severity: ERROR
    SqlState: 23503
    MessageText: insert or update on table "CrmSupportTickets" violates foreign key constraint "FK_CrmSupportTickets_CrmCustomers_CustomerId"
    Detail: Detail redacted as it may contain sensitive data. Specify 'Include Error Detail' in the connection string to include this information.
    SchemaName: public
    TableName: CrmSupportTickets
    ConstraintName: FK_CrmSupportTickets_CrmCustomers_CustomerId
    File: ri_triggers.c
    Line: 2783
    Routine: ri_ReportViolation
   --- End of inner exception stack trace ---
   at Microsoft.EntityFrameworkCore.Update.ReaderModificationCommandBatch.ExecuteAsync(IRelationalConnection connection, CancellationToken cancellationToken)
   at Microsoft.EntityFrameworkCore.Update.Internal.BatchExecutor.ExecuteAsync(IEnumerable`1 commandBatches, IRelationalConnection connection, CancellationToken cancellationToken)
   at Microsoft.EntityFrameworkCore.Update.Internal.BatchExecutor.ExecuteAsync(IEnumerable`1 commandBatches, IRelationalConnection connection, CancellationToken cancellationToken)
   at Microsoft.EntityFrameworkCore.Update.Internal.BatchExecutor.ExecuteAsync(IEnumerable`1 commandBatches, IRelationalConnection connection, CancellationToken cancellationToken)
   at Microsoft.EntityFrameworkCore.Storage.RelationalDatabase.SaveChangesAsync(IList`1 entries, CancellationToken cancellationToken)
   at Microsoft.EntityFrameworkCore.ChangeTracking.Internal.StateManager.SaveChangesAsync(IList`1 entriesToSave, CancellationToken cancellationToken)
   at Microsoft.EntityFrameworkCore.ChangeTracking.Internal.StateManager.SaveChangesAsync(StateManager stateManager, Boolean acceptAllChangesOnSuccess, CancellationToken cancellationToken)
   at Npgsql.EntityFrameworkCore.PostgreSQL.Storage.Internal.NpgsqlExecutionStrategy.ExecuteAsync[TState,TResult](TState state, Func`4 operation, Func`4 verifySucceeded, CancellationToken cancellationToken)
   at Microsoft.EntityFrameworkCore.DbContext.SaveChangesAsync(Boolean acceptAllChangesOnSuccess, CancellationToken cancellationToken)
Microsoft.EntityFrameworkCore.DbUpdateException: An error occurred while saving the entity changes. See the inner exception for details.
 ---> Npgsql.PostgresException (0x80004005): 23503: insert or update on table "CrmSupportTickets" violates foreign key constraint "FK_CrmSupportTickets_CrmCustomers_CustomerId"

DETAIL: Detail redacted as it may contain sensitive data. Specify 'Include Error Detail' in the connection string to include this information.
   at Npgsql.Internal.NpgsqlConnector.ReadMessageLong(Boolean async, DataRowLoadingMode dataRowLoadingMode, Boolean readingNotifications, Boolean isReadingPrependedMessage)
   at System.Runtime.CompilerServices.PoolingAsyncValueTaskMethodBuilder`1.StateMachineBox`1.System.Threading.Tasks.Sources.IValueTaskSource<TResult>.GetResult(Int16 token)
   at Npgsql.NpgsqlDataReader.NextResult(Boolean async, Boolean isConsuming, CancellationToken cancellationToken)
   at Npgsql.NpgsqlDataReader.NextResult(Boolean async, Boolean isConsuming, CancellationToken cancellationToken)
   at Npgsql.NpgsqlCommand.ExecuteReader(Boolean async, CommandBehavior behavior, CancellationToken cancellationToken)
   at Npgsql.NpgsqlCommand.ExecuteReader(Boolean async, CommandBehavior behavior, CancellationToken cancellationToken)
   at Npgsql.NpgsqlCommand.ExecuteDbDataReaderAsync(CommandBehavior behavior, CancellationToken cancellationToken)
   at Microsoft.EntityFrameworkCore.Storage.RelationalCommand.ExecuteReaderAsync(RelationalCommandParameterObject parameterObject, CancellationToken cancellationToken)
   at Microsoft.EntityFrameworkCore.Storage.RelationalCommand.ExecuteReaderAsync(RelationalCommandParameterObject parameterObject, CancellationToken cancellationToken)
   at Microsoft.EntityFrameworkCore.Update.ReaderModificationCommandBatch.ExecuteAsync(IRelationalConnection connection, CancellationToken cancellationToken)
  Exception data:
    Severity: ERROR
    SqlState: 23503
    MessageText: insert or update on table "CrmSupportTickets" violates foreign key constraint "FK_CrmSupportTickets_CrmCustomers_CustomerId"
    Detail: Detail redacted as it may contain sensitive data. Specify 'Include Error Detail' in the connection string to include this information.
    SchemaName: public
    TableName: CrmSupportTickets
    ConstraintName: FK_CrmSupportTickets_CrmCustomers_CustomerId
    File: ri_triggers.c
    Line: 2783
    Routine: ri_ReportViolation
   --- End of inner exception stack trace ---
   at Microsoft.EntityFrameworkCore.Update.ReaderModificationCommandBatch.ExecuteAsync(IRelationalConnection connection, CancellationToken cancellationToken)
   at Microsoft.EntityFrameworkCore.Update.Internal.BatchExecutor.ExecuteAsync(IEnumerable`1 commandBatches, IRelationalConnection connection, CancellationToken cancellationToken)
   at Microsoft.EntityFrameworkCore.Update.Internal.BatchExecutor.ExecuteAsync(IEnumerable`1 commandBatches, IRelationalConnection connection, CancellationToken cancellationToken)
   at Microsoft.EntityFrameworkCore.Update.Internal.BatchExecutor.ExecuteAsync(IEnumerable`1 commandBatches, IRelationalConnection connection, CancellationToken cancellationToken)
   at Microsoft.EntityFrameworkCore.Storage.RelationalDatabase.SaveChangesAsync(IList`1 entries, CancellationToken cancellationToken)
   at Microsoft.EntityFrameworkCore.ChangeTracking.Internal.StateManager.SaveChangesAsync(IList`1 entriesToSave, CancellationToken cancellationToken)
   at Microsoft.EntityFrameworkCore.ChangeTracking.Internal.StateManager.SaveChangesAsync(StateManager stateManager, Boolean acceptAllChangesOnSuccess, CancellationToken cancellationToken)
   at Npgsql.EntityFrameworkCore.PostgreSQL.Storage.Internal.NpgsqlExecutionStrategy.ExecuteAsync[TState,TResult](TState state, Func`4 operation, Func`4 verifySucceeded, CancellationToken cancellationToken)
   at Microsoft.EntityFrameworkCore.DbContext.SaveChangesAsync(Boolean acceptAllChangesOnSuccess, CancellationToken cancellationToken)
2026-07-13 19:10:59.227 +03:00 [ERR] Database migration or seed failed. Check PostgreSQL is running and ConnectionStrings:DefaultConnection is correct.
Microsoft.EntityFrameworkCore.DbUpdateException: An error occurred while saving the entity changes. See the inner exception for details.
 ---> Npgsql.PostgresException (0x80004005): 23503: insert or update on table "CrmSupportTickets" violates foreign key constraint "FK_CrmSupportTickets_CrmCustomers_CustomerId"

DETAIL: Detail redacted as it may contain sensitive data. Specify 'Include Error Detail' in the connection string to include this information.
   at Npgsql.Internal.NpgsqlConnector.ReadMessageLong(Boolean async, DataRowLoadingMode dataRowLoadingMode, Boolean readingNotifications, Boolean isReadingPrependedMessage)
   at System.Runtime.CompilerServices.PoolingAsyncValueTaskMethodBuilder`1.StateMachineBox`1.System.Threading.Tasks.Sources.IValueTaskSource<TResult>.GetResult(Int16 token)
   at Npgsql.NpgsqlDataReader.NextResult(Boolean async, Boolean isConsuming, CancellationToken cancellationToken)
   at Npgsql.NpgsqlDataReader.NextResult(Boolean async, Boolean isConsuming, CancellationToken cancellationToken)
   at Npgsql.NpgsqlCommand.ExecuteReader(Boolean async, CommandBehavior behavior, CancellationToken cancellationToken)
   at Npgsql.NpgsqlCommand.ExecuteReader(Boolean async, CommandBehavior behavior, CancellationToken cancellationToken)
   at Npgsql.NpgsqlCommand.ExecuteDbDataReaderAsync(CommandBehavior behavior, CancellationToken cancellationToken)
   at Microsoft.EntityFrameworkCore.Storage.RelationalCommand.ExecuteReaderAsync(RelationalCommandParameterObject parameterObject, CancellationToken cancellationToken)
   at Microsoft.EntityFrameworkCore.Storage.RelationalCommand.ExecuteReaderAsync(RelationalCommandParameterObject parameterObject, CancellationToken cancellationToken)
   at Microsoft.EntityFrameworkCore.Update.ReaderModificationCommandBatch.ExecuteAsync(IRelationalConnection connection, CancellationToken cancellationToken)
  Exception data:
    Severity: ERROR
    SqlState: 23503
    MessageText: insert or update on table "CrmSupportTickets" violates foreign key constraint "FK_CrmSupportTickets_CrmCustomers_CustomerId"
    Detail: Detail redacted as it may contain sensitive data. Specify 'Include Error Detail' in the connection string to include this information.
    SchemaName: public
    TableName: CrmSupportTickets
    ConstraintName: FK_CrmSupportTickets_CrmCustomers_CustomerId
    File: ri_triggers.c
    Line: 2783
    Routine: ri_ReportViolation
   --- End of inner exception stack trace ---
   at Microsoft.EntityFrameworkCore.Update.ReaderModificationCommandBatch.ExecuteAsync(IRelationalConnection connection, CancellationToken cancellationToken)
   at Microsoft.EntityFrameworkCore.Update.Internal.BatchExecutor.ExecuteAsync(IEnumerable`1 commandBatches, IRelationalConnection connection, CancellationToken cancellationToken)
   at Microsoft.EntityFrameworkCore.Update.Internal.BatchExecutor.ExecuteAsync(IEnumerable`1 commandBatches, IRelationalConnection connection, CancellationToken cancellationToken)
   at Microsoft.EntityFrameworkCore.Update.Internal.BatchExecutor.ExecuteAsync(IEnumerable`1 commandBatches, IRelationalConnection connection, CancellationToken cancellationToken)
   at Microsoft.EntityFrameworkCore.Storage.RelationalDatabase.SaveChangesAsync(IList`1 entries, CancellationToken cancellationToken)
   at Microsoft.EntityFrameworkCore.ChangeTracking.Internal.StateManager.SaveChangesAsync(IList`1 entriesToSave, CancellationToken cancellationToken)
   at Microsoft.EntityFrameworkCore.ChangeTracking.Internal.StateManager.SaveChangesAsync(StateManager stateManager, Boolean acceptAllChangesOnSuccess, CancellationToken cancellationToken)
   at Npgsql.EntityFrameworkCore.PostgreSQL.Storage.Internal.NpgsqlExecutionStrategy.ExecuteAsync[TState,TResult](TState state, Func`4 operation, Func`4 verifySucceeded, CancellationToken cancellationToken)
   at Microsoft.EntityFrameworkCore.DbContext.SaveChangesAsync(Boolean acceptAllChangesOnSuccess, CancellationToken cancellationToken)
   at Microsoft.EntityFrameworkCore.DbContext.SaveChangesAsync(Boolean acceptAllChangesOnSuccess, CancellationToken cancellationToken)
   at Biktal.Infrastructure.Persistence.CrmDataSeeder.SeedIfEmptyAsync(ApplicationDbContext db, CancellationToken cancellationToken)
   at Program.<Main>$(String[] args) in d:\Systems\BiktalSystems\Program.cs:line 71
2026-07-13 19:10:59.246 +03:00 [WRN] Continuing without a successful migration/seed. Auth and data pages may fail until the database is available.
2026-07-13 19:10:59.277 +03:00 [WRN] Using an in-memory repository. Keys will not be persisted to storage.
2026-07-13 19:10:59.278 +03:00 [WRN] Neither user profile nor HKLM registry available. Using an ephemeral key repository. Protected data will be unavailable when application exits.
2026-07-13 19:10:59.299 +03:00 [WRN] No XML encryptor configured. Key {5acbe3e9-eb02-49d1-945f-437dbf7114b3} may be persisted to storage in unencrypted form.
2026-07-13 19:10:59.366 +03:00 [INF] Application started. Press Ctrl+C to shut down.
2026-07-13 19:10:59.366 +03:00 [INF] Hosting environment: Production
2026-07-13 19:10:59.366 +03:00 [INF] Content root path: D:\Systems\BiktalSystems\publish
2026-07-13 19:10:59.499 +03:00 [INF] HTTP GET /Pos responded 302 in 105.1022 ms
2026-07-13 19:10:59.499 +03:00 [INF] HTTP GET /Insights responded 302 in 104.7197 ms
2026-07-13 19:10:59.695 +03:00 [ERR] An exception was thrown while deserializing the token.
Microsoft.AspNetCore.Antiforgery.AntiforgeryValidationException: The antiforgery token could not be decrypted.
 ---> System.Security.Cryptography.CryptographicException: The key {85f2fa0a-6fa0-4b23-b3b9-bca9ae08c3ac} was not found in the key ring. For more information go to https://aka.ms/aspnet/dataprotectionwarning
   at Microsoft.AspNetCore.DataProtection.KeyManagement.KeyRingBasedDataProtector.UnprotectCore(Byte[] protectedData, Boolean allowOperationsOnRevokedKeys, UnprotectStatus& status)
   at Microsoft.AspNetCore.DataProtection.KeyManagement.KeyRingBasedDataProtector.Unprotect(Byte[] protectedData)
   at Microsoft.AspNetCore.Antiforgery.DefaultAntiforgeryTokenSerializer.Deserialize(String serializedToken)
   --- End of inner exception stack trace ---
   at Microsoft.AspNetCore.Antiforgery.DefaultAntiforgeryTokenSerializer.Deserialize(String serializedToken)
   at Microsoft.AspNetCore.Antiforgery.DefaultAntiforgery.GetCookieTokenDoesNotThrow(HttpContext httpContext)
2026-07-13 19:10:59.853 +03:00 [INF] HTTP GET /Account/Login responded 200 in 317.9790 ms
2026-07-13 19:11:00.088 +03:00 [INF] HTTP GET /js/site.js responded 200 in 109.5537 ms
2026-07-13 19:11:00.088 +03:00 [INF] HTTP GET /Biktal.WebMVC.styles.css responded 200 in 111.9947 ms
2026-07-13 19:11:00.091 +03:00 [INF] HTTP GET /css/site.css responded 200 in 117.9434 ms
2026-07-13 19:11:00.091 +03:00 [INF] HTTP GET /lib/jquery-validation/dist/jquery.validate.min.js responded 200 in 112.6748 ms
2026-07-13 19:11:00.092 +03:00 [INF] HTTP GET /lib/bootstrap/dist/css/bootstrap.min.css responded 200 in 117.6709 ms
2026-07-13 19:11:00.092 +03:00 [INF] HTTP GET /lib/bootstrap/dist/js/bootstrap.bundle.min.js responded 200 in 114.0772 ms
2026-07-13 19:11:00.092 +03:00 [INF] HTTP GET /lib/jquery-validation-unobtrusive/dist/jquery.validate.unobtrusive.min.js responded 200 in 113.3260 ms
2026-07-13 19:11:00.124 +03:00 [INF] HTTP GET /lib/jquery/dist/jquery.min.js responded 200 in 104.9237 ms
2026-07-13 19:11:12.847 +03:00 [INF] HTTP POST /Account/Login responded 302 in 539.3033 ms
2026-07-13 19:11:13.089 +03:00 [INF] HTTP GET /Insights responded 200 in 234.8644 ms
2026-07-13 19:11:13.185 +03:00 [INF] HTTP GET /js/site.js responded 304 in 28.7337 ms
2026-07-13 19:11:13.186 +03:00 [INF] HTTP GET /css/site.css responded 200 in 35.4381 ms
2026-07-13 19:11:13.187 +03:00 [INF] HTTP GET /lib/bootstrap/dist/css/bootstrap.min.css responded 200 in 42.9760 ms
2026-07-13 19:11:13.188 +03:00 [INF] HTTP GET /Biktal.WebMVC.styles.css responded 200 in 31.0959 ms
2026-07-13 19:11:13.198 +03:00 [INF] HTTP GET /lib/jquery/dist/jquery.min.js responded 304 in 43.9577 ms
2026-07-13 19:11:13.353 +03:00 [INF] HTTP GET /lib/bootstrap/dist/js/bootstrap.bundle.min.js responded 304 in 197.5034 ms
2026-07-13 19:11:25.983 +03:00 [INF] HTTP GET /Insights responded 200 in 36.5444 ms
2026-07-13 19:11:26.038 +03:00 [INF] HTTP GET /lib/bootstrap/dist/css/bootstrap.min.css responded 304 in 2.2826 ms
2026-07-13 19:11:26.046 +03:00 [INF] HTTP GET /css/site.css responded 304 in 1.7171 ms
2026-07-13 19:11:26.046 +03:00 [INF] HTTP GET /Biktal.WebMVC.styles.css responded 304 in 0.9567 ms
2026-07-13 19:11:26.047 +03:00 [INF] HTTP GET /lib/bootstrap/dist/js/bootstrap.bundle.min.js responded 304 in 0.8409 ms
2026-07-13 19:11:26.047 +03:00 [INF] HTTP GET /lib/jquery/dist/jquery.min.js responded 304 in 2.1428 ms
2026-07-13 19:11:26.048 +03:00 [INF] HTTP GET /js/site.js responded 304 in 0.8571 ms
2026-07-13 19:11:29.859 +03:00 [WRN] The query uses the 'First'/'FirstOrDefault' operator without 'OrderBy' and filter operators. This may lead to unpredictable results.
2026-07-13 19:11:29.931 +03:00 [WRN] The query uses the 'First'/'FirstOrDefault' operator without 'OrderBy' and filter operators. This may lead to unpredictable results.
2026-07-13 19:11:30.007 +03:00 [INF] HTTP GET /Operations responded 200 in 171.7566 ms
2026-07-13 19:11:30.059 +03:00 [INF] HTTP GET /lib/bootstrap/dist/css/bootstrap.min.css responded 304 in 0.8471 ms
2026-07-13 19:11:30.077 +03:00 [INF] HTTP GET /css/site.css responded 304 in 1.0725 ms
2026-07-13 19:11:30.077 +03:00 [INF] HTTP GET /Biktal.WebMVC.styles.css responded 304 in 0.8501 ms
2026-07-13 19:11:30.078 +03:00 [INF] HTTP GET /lib/jquery/dist/jquery.min.js responded 304 in 0.6521 ms
2026-07-13 19:11:30.080 +03:00 [INF] HTTP GET /lib/bootstrap/dist/js/bootstrap.bundle.min.js responded 304 in 0.8655 ms
2026-07-13 19:11:30.083 +03:00 [INF] HTTP GET /js/site.js responded 304 in 2.1076 ms
2026-07-13 19:11:33.828 +03:00 [INF] HTTP GET /Insights responded 200 in 24.7242 ms
2026-07-13 19:11:33.886 +03:00 [INF] HTTP GET /lib/bootstrap/dist/css/bootstrap.min.css responded 200 in 2.1986 ms
2026-07-13 19:11:33.901 +03:00 [INF] HTTP GET /Biktal.WebMVC.styles.css responded 304 in 3.9545 ms
2026-07-13 19:11:33.903 +03:00 [INF] HTTP GET /lib/jquery/dist/jquery.min.js responded 304 in 0.6618 ms
2026-07-13 19:11:33.903 +03:00 [INF] HTTP GET /css/site.css responded 304 in 1.2966 ms
2026-07-13 19:11:33.907 +03:00 [INF] HTTP GET /lib/bootstrap/dist/js/bootstrap.bundle.min.js responded 304 in 2.1835 ms
2026-07-13 19:11:33.908 +03:00 [INF] HTTP GET /js/site.js responded 304 in 1.2026 ms
2026-07-13 19:11:36.269 +03:00 [INF] HTTP GET /Operations responded 200 in 16.5787 ms
2026-07-13 19:11:36.322 +03:00 [INF] HTTP GET /lib/bootstrap/dist/css/bootstrap.min.css responded 304 in 4.7989 ms
2026-07-13 19:11:36.325 +03:00 [INF] HTTP GET /css/site.css responded 304 in 1.8747 ms
2026-07-13 19:11:36.325 +03:00 [INF] HTTP GET /Biktal.WebMVC.styles.css responded 304 in 0.5231 ms
2026-07-13 19:11:36.325 +03:00 [INF] HTTP GET /lib/jquery/dist/jquery.min.js responded 304 in 0.5231 ms
2026-07-13 19:11:36.327 +03:00 [INF] HTTP GET /lib/bootstrap/dist/js/bootstrap.bundle.min.js responded 304 in 0.8179 ms
2026-07-13 19:11:36.329 +03:00 [INF] HTTP GET /js/site.js responded 304 in 1.5944 ms
2026-07-13 19:11:38.260 +03:00 [INF] HTTP GET /Operations/DailySales responded 200 in 40.5699 ms
2026-07-13 19:11:38.314 +03:00 [INF] HTTP GET /lib/bootstrap/dist/css/bootstrap.min.css responded 304 in 2.0583 ms
2026-07-13 19:11:38.318 +03:00 [INF] HTTP GET /css/site.css responded 304 in 1.3074 ms
2026-07-13 19:11:38.318 +03:00 [INF] HTTP GET /Biktal.WebMVC.styles.css responded 304 in 1.0430 ms
2026-07-13 19:11:38.322 +03:00 [INF] HTTP GET /lib/bootstrap/dist/js/bootstrap.bundle.min.js responded 304 in 0.7284 ms
2026-07-13 19:11:38.324 +03:00 [INF] HTTP GET /lib/jquery/dist/jquery.min.js responded 304 in 0.9515 ms
2026-07-13 19:11:38.327 +03:00 [INF] HTTP GET /js/site.js responded 304 in 0.9158 ms
2026-07-13 19:15:04.365 +03:00 [INF] HTTP GET /Operations/Repairs responded 200 in 90.6443 ms
2026-07-13 19:15:04.443 +03:00 [INF] HTTP GET /css/site.css responded 200 in 1.2968 ms
2026-07-13 19:15:04.445 +03:00 [INF] HTTP GET /lib/bootstrap/dist/css/bootstrap.min.css responded 200 in 1.9784 ms
2026-07-13 19:15:04.493 +03:00 [INF] HTTP GET /lib/jquery/dist/jquery.min.js responded 200 in 46.1230 ms
2026-07-13 19:15:04.496 +03:00 [INF] HTTP GET /js/site.js responded 200 in 2.4421 ms
2026-07-13 19:15:04.497 +03:00 [INF] HTTP GET /lib/bootstrap/dist/js/bootstrap.bundle.min.js responded 200 in 49.2502 ms
2026-07-13 19:15:04.497 +03:00 [INF] HTTP GET /Biktal.WebMVC.styles.css responded 200 in 1.1459 ms
2026-07-13 19:15:22.182 +03:00 [INF] HTTP GET /Repairs responded 200 in 34.0201 ms
2026-07-13 19:15:22.254 +03:00 [INF] HTTP GET /lib/bootstrap/dist/css/bootstrap.min.css responded 200 in 7.9114 ms
2026-07-13 19:15:22.258 +03:00 [INF] HTTP GET /Biktal.WebMVC.styles.css responded 200 in 3.5793 ms
2026-07-13 19:15:22.262 +03:00 [INF] HTTP GET /css/site.css responded 200 in 2.0541 ms
2026-07-13 19:15:22.263 +03:00 [INF] HTTP GET /lib/jquery/dist/jquery.min.js responded 304 in 0.8046 ms
2026-07-13 19:15:22.265 +03:00 [INF] HTTP GET /lib/bootstrap/dist/js/bootstrap.bundle.min.js responded 304 in 1.1290 ms
2026-07-13 19:15:22.270 +03:00 [INF] HTTP GET /js/site.js responded 304 in 4.3324 ms
2026-07-13 19:15:24.413 +03:00 [INF] HTTP GET /Repairs/Tickets responded 200 in 48.8222 ms
2026-07-13 19:15:24.474 +03:00 [INF] HTTP GET /lib/bootstrap/dist/css/bootstrap.min.css responded 200 in 1.7884 ms
2026-07-13 19:15:24.481 +03:00 [INF] HTTP GET /css/site.css responded 200 in 2.1505 ms
2026-07-13 19:15:24.483 +03:00 [INF] HTTP GET /Biktal.WebMVC.styles.css responded 200 in 1.6429 ms
2026-07-13 19:15:24.486 +03:00 [INF] HTTP GET /lib/jquery/dist/jquery.min.js responded 304 in 1.8304 ms
2026-07-13 19:15:24.487 +03:00 [INF] HTTP GET /lib/bootstrap/dist/js/bootstrap.bundle.min.js responded 304 in 0.6620 ms
2026-07-13 19:15:24.488 +03:00 [INF] HTTP GET /js/site.js responded 304 in 0.7926 ms
2026-07-13 19:15:35.366 +03:00 [INF] HTTP GET /Repairs/New responded 200 in 71.9488 ms
2026-07-13 19:15:35.432 +03:00 [INF] HTTP GET /lib/bootstrap/dist/css/bootstrap.min.css responded 200 in 1.7114 ms
2026-07-13 19:15:35.451 +03:00 [INF] HTTP GET /css/site.css responded 200 in 1.1271 ms
2026-07-13 19:15:35.451 +03:00 [INF] HTTP GET /Biktal.WebMVC.styles.css responded 200 in 1.5311 ms
2026-07-13 19:15:35.456 +03:00 [INF] HTTP GET /lib/jquery/dist/jquery.min.js responded 304 in 0.5602 ms
2026-07-13 19:15:35.456 +03:00 [INF] HTTP GET /js/site.js responded 304 in 0.5039 ms
2026-07-13 19:15:35.460 +03:00 [INF] HTTP GET /lib/bootstrap/dist/js/bootstrap.bundle.min.js responded 304 in 1.3698 ms
2026-07-13 19:15:35.476 +03:00 [INF] HTTP GET /lib/jquery-validation-unobtrusive/dist/jquery.validate.unobtrusive.min.js responded 200 in 12.8482 ms
2026-07-13 19:15:35.481 +03:00 [INF] HTTP GET /lib/jquery-validation/dist/jquery.validate.min.js responded 200 in 24.2105 ms
2026-07-13 19:35:59.638 +03:00 [INF] Application is shutting down...
2026-07-13 20:58:49.023 +03:00 [ERR] Failed executing DbCommand (6ms) [Parameters=[@p0='?' (DbType = Guid), @p1='?' (DbType = DateTime), @p2='?' (DbType = Guid), @p3='?', @p4='?' (DbType = DateTime), @p5='?' (DbType = Int32), @p6='?' (DbType = Int32), @p7='?', @p8='?', @p9='?' (DbType = Guid), @p10='?' (DbType = DateTime), @p11='?' (DbType = Guid), @p12='?', @p13='?' (DbType = DateTime), @p14='?' (DbType = Int32), @p15='?' (DbType = Int32), @p16='?', @p17='?'], CommandType='"Text"', CommandTimeout='30']
INSERT INTO "CrmSupportTickets" ("Id", "CreatedAtUtc", "CustomerId", "Description", "ModifiedAtUtc", "Priority", "Status", "Subject", "TicketNumber")
VALUES (@p0, @p1, @p2, @p3, @p4, @p5, @p6, @p7, @p8);
INSERT INTO "CrmSupportTickets" ("Id", "CreatedAtUtc", "CustomerId", "Description", "ModifiedAtUtc", "Priority", "Status", "Subject", "TicketNumber")
VALUES (@p9, @p10, @p11, @p12, @p13, @p14, @p15, @p16, @p17);
2026-07-13 20:58:49.102 +03:00 [ERR] An exception occurred in the database while saving changes for context type 'Biktal.Infrastructure.Persistence.ApplicationDbContext'.
Microsoft.EntityFrameworkCore.DbUpdateException: An error occurred while saving the entity changes. See the inner exception for details.
 ---> Npgsql.PostgresException (0x80004005): 23503: insert or update on table "CrmSupportTickets" violates foreign key constraint "FK_CrmSupportTickets_CrmCustomers_CustomerId"

DETAIL: Detail redacted as it may contain sensitive data. Specify 'Include Error Detail' in the connection string to include this information.
   at Npgsql.Internal.NpgsqlConnector.ReadMessageLong(Boolean async, DataRowLoadingMode dataRowLoadingMode, Boolean readingNotifications, Boolean isReadingPrependedMessage)
   at System.Runtime.CompilerServices.PoolingAsyncValueTaskMethodBuilder`1.StateMachineBox`1.System.Threading.Tasks.Sources.IValueTaskSource<TResult>.GetResult(Int16 token)
   at Npgsql.NpgsqlDataReader.NextResult(Boolean async, Boolean isConsuming, CancellationToken cancellationToken)
   at Npgsql.NpgsqlDataReader.NextResult(Boolean async, Boolean isConsuming, CancellationToken cancellationToken)
   at Npgsql.NpgsqlCommand.ExecuteReader(Boolean async, CommandBehavior behavior, CancellationToken cancellationToken)
   at Npgsql.NpgsqlCommand.ExecuteReader(Boolean async, CommandBehavior behavior, CancellationToken cancellationToken)
   at Npgsql.NpgsqlCommand.ExecuteDbDataReaderAsync(CommandBehavior behavior, CancellationToken cancellationToken)
   at Microsoft.EntityFrameworkCore.Storage.RelationalCommand.ExecuteReaderAsync(RelationalCommandParameterObject parameterObject, CancellationToken cancellationToken)
   at Microsoft.EntityFrameworkCore.Storage.RelationalCommand.ExecuteReaderAsync(RelationalCommandParameterObject parameterObject, CancellationToken cancellationToken)
   at Microsoft.EntityFrameworkCore.Update.ReaderModificationCommandBatch.ExecuteAsync(IRelationalConnection connection, CancellationToken cancellationToken)
  Exception data:
    Severity: ERROR
    SqlState: 23503
    MessageText: insert or update on table "CrmSupportTickets" violates foreign key constraint "FK_CrmSupportTickets_CrmCustomers_CustomerId"
    Detail: Detail redacted as it may contain sensitive data. Specify 'Include Error Detail' in the connection string to include this information.
    SchemaName: public
    TableName: CrmSupportTickets
    ConstraintName: FK_CrmSupportTickets_CrmCustomers_CustomerId
    File: ri_triggers.c
    Line: 2783
    Routine: ri_ReportViolation
   --- End of inner exception stack trace ---
   at Microsoft.EntityFrameworkCore.Update.ReaderModificationCommandBatch.ExecuteAsync(IRelationalConnection connection, CancellationToken cancellationToken)
   at Microsoft.EntityFrameworkCore.Update.Internal.BatchExecutor.ExecuteAsync(IEnumerable`1 commandBatches, IRelationalConnection connection, CancellationToken cancellationToken)
   at Microsoft.EntityFrameworkCore.Update.Internal.BatchExecutor.ExecuteAsync(IEnumerable`1 commandBatches, IRelationalConnection connection, CancellationToken cancellationToken)
   at Microsoft.EntityFrameworkCore.Update.Internal.BatchExecutor.ExecuteAsync(IEnumerable`1 commandBatches, IRelationalConnection connection, CancellationToken cancellationToken)
   at Microsoft.EntityFrameworkCore.Storage.RelationalDatabase.SaveChangesAsync(IList`1 entries, CancellationToken cancellationToken)
   at Microsoft.EntityFrameworkCore.ChangeTracking.Internal.StateManager.SaveChangesAsync(IList`1 entriesToSave, CancellationToken cancellationToken)
   at Microsoft.EntityFrameworkCore.ChangeTracking.Internal.StateManager.SaveChangesAsync(StateManager stateManager, Boolean acceptAllChangesOnSuccess, CancellationToken cancellationToken)
   at Npgsql.EntityFrameworkCore.PostgreSQL.Storage.Internal.NpgsqlExecutionStrategy.ExecuteAsync[TState,TResult](TState state, Func`4 operation, Func`4 verifySucceeded, CancellationToken cancellationToken)
   at Microsoft.EntityFrameworkCore.DbContext.SaveChangesAsync(Boolean acceptAllChangesOnSuccess, CancellationToken cancellationToken)
Microsoft.EntityFrameworkCore.DbUpdateException: An error occurred while saving the entity changes. See the inner exception for details.
 ---> Npgsql.PostgresException (0x80004005): 23503: insert or update on table "CrmSupportTickets" violates foreign key constraint "FK_CrmSupportTickets_CrmCustomers_CustomerId"

DETAIL: Detail redacted as it may contain sensitive data. Specify 'Include Error Detail' in the connection string to include this information.
   at Npgsql.Internal.NpgsqlConnector.ReadMessageLong(Boolean async, DataRowLoadingMode dataRowLoadingMode, Boolean readingNotifications, Boolean isReadingPrependedMessage)
   at System.Runtime.CompilerServices.PoolingAsyncValueTaskMethodBuilder`1.StateMachineBox`1.System.Threading.Tasks.Sources.IValueTaskSource<TResult>.GetResult(Int16 token)
   at Npgsql.NpgsqlDataReader.NextResult(Boolean async, Boolean isConsuming, CancellationToken cancellationToken)
   at Npgsql.NpgsqlDataReader.NextResult(Boolean async, Boolean isConsuming, CancellationToken cancellationToken)
   at Npgsql.NpgsqlCommand.ExecuteReader(Boolean async, CommandBehavior behavior, CancellationToken cancellationToken)
   at Npgsql.NpgsqlCommand.ExecuteReader(Boolean async, CommandBehavior behavior, CancellationToken cancellationToken)
   at Npgsql.NpgsqlCommand.ExecuteDbDataReaderAsync(CommandBehavior behavior, CancellationToken cancellationToken)
   at Microsoft.EntityFrameworkCore.Storage.RelationalCommand.ExecuteReaderAsync(RelationalCommandParameterObject parameterObject, CancellationToken cancellationToken)
   at Microsoft.EntityFrameworkCore.Storage.RelationalCommand.ExecuteReaderAsync(RelationalCommandParameterObject parameterObject, CancellationToken cancellationToken)
   at Microsoft.EntityFrameworkCore.Update.ReaderModificationCommandBatch.ExecuteAsync(IRelationalConnection connection, CancellationToken cancellationToken)
  Exception data:
    Severity: ERROR
    SqlState: 23503
    MessageText: insert or update on table "CrmSupportTickets" violates foreign key constraint "FK_CrmSupportTickets_CrmCustomers_CustomerId"
    Detail: Detail redacted as it may contain sensitive data. Specify 'Include Error Detail' in the connection string to include this information.
    SchemaName: public
    TableName: CrmSupportTickets
    ConstraintName: FK_CrmSupportTickets_CrmCustomers_CustomerId
    File: ri_triggers.c
    Line: 2783
    Routine: ri_ReportViolation
   --- End of inner exception stack trace ---
   at Microsoft.EntityFrameworkCore.Update.ReaderModificationCommandBatch.ExecuteAsync(IRelationalConnection connection, CancellationToken cancellationToken)
   at Microsoft.EntityFrameworkCore.Update.Internal.BatchExecutor.ExecuteAsync(IEnumerable`1 commandBatches, IRelationalConnection connection, CancellationToken cancellationToken)
   at Microsoft.EntityFrameworkCore.Update.Internal.BatchExecutor.ExecuteAsync(IEnumerable`1 commandBatches, IRelationalConnection connection, CancellationToken cancellationToken)
   at Microsoft.EntityFrameworkCore.Update.Internal.BatchExecutor.ExecuteAsync(IEnumerable`1 commandBatches, IRelationalConnection connection, CancellationToken cancellationToken)
   at Microsoft.EntityFrameworkCore.Storage.RelationalDatabase.SaveChangesAsync(IList`1 entries, CancellationToken cancellationToken)
   at Microsoft.EntityFrameworkCore.ChangeTracking.Internal.StateManager.SaveChangesAsync(IList`1 entriesToSave, CancellationToken cancellationToken)
   at Microsoft.EntityFrameworkCore.ChangeTracking.Internal.StateManager.SaveChangesAsync(StateManager stateManager, Boolean acceptAllChangesOnSuccess, CancellationToken cancellationToken)
   at Npgsql.EntityFrameworkCore.PostgreSQL.Storage.Internal.NpgsqlExecutionStrategy.ExecuteAsync[TState,TResult](TState state, Func`4 operation, Func`4 verifySucceeded, CancellationToken cancellationToken)
   at Microsoft.EntityFrameworkCore.DbContext.SaveChangesAsync(Boolean acceptAllChangesOnSuccess, CancellationToken cancellationToken)
2026-07-13 20:58:49.107 +03:00 [ERR] Database migration or seed failed. Check PostgreSQL is running and ConnectionStrings:DefaultConnection is correct.
Microsoft.EntityFrameworkCore.DbUpdateException: An error occurred while saving the entity changes. See the inner exception for details.
 ---> Npgsql.PostgresException (0x80004005): 23503: insert or update on table "CrmSupportTickets" violates foreign key constraint "FK_CrmSupportTickets_CrmCustomers_CustomerId"

DETAIL: Detail redacted as it may contain sensitive data. Specify 'Include Error Detail' in the connection string to include this information.
   at Npgsql.Internal.NpgsqlConnector.ReadMessageLong(Boolean async, DataRowLoadingMode dataRowLoadingMode, Boolean readingNotifications, Boolean isReadingPrependedMessage)
   at System.Runtime.CompilerServices.PoolingAsyncValueTaskMethodBuilder`1.StateMachineBox`1.System.Threading.Tasks.Sources.IValueTaskSource<TResult>.GetResult(Int16 token)
   at Npgsql.NpgsqlDataReader.NextResult(Boolean async, Boolean isConsuming, CancellationToken cancellationToken)
   at Npgsql.NpgsqlDataReader.NextResult(Boolean async, Boolean isConsuming, CancellationToken cancellationToken)
   at Npgsql.NpgsqlCommand.ExecuteReader(Boolean async, CommandBehavior behavior, CancellationToken cancellationToken)
   at Npgsql.NpgsqlCommand.ExecuteReader(Boolean async, CommandBehavior behavior, CancellationToken cancellationToken)
   at Npgsql.NpgsqlCommand.ExecuteDbDataReaderAsync(CommandBehavior behavior, CancellationToken cancellationToken)
   at Microsoft.EntityFrameworkCore.Storage.RelationalCommand.ExecuteReaderAsync(RelationalCommandParameterObject parameterObject, CancellationToken cancellationToken)
   at Microsoft.EntityFrameworkCore.Storage.RelationalCommand.ExecuteReaderAsync(RelationalCommandParameterObject parameterObject, CancellationToken cancellationToken)
   at Microsoft.EntityFrameworkCore.Update.ReaderModificationCommandBatch.ExecuteAsync(IRelationalConnection connection, CancellationToken cancellationToken)
  Exception data:
    Severity: ERROR
    SqlState: 23503
    MessageText: insert or update on table "CrmSupportTickets" violates foreign key constraint "FK_CrmSupportTickets_CrmCustomers_CustomerId"
    Detail: Detail redacted as it may contain sensitive data. Specify 'Include Error Detail' in the connection string to include this information.
    SchemaName: public
    TableName: CrmSupportTickets
    ConstraintName: FK_CrmSupportTickets_CrmCustomers_CustomerId
    File: ri_triggers.c
    Line: 2783
    Routine: ri_ReportViolation
   --- End of inner exception stack trace ---
   at Microsoft.EntityFrameworkCore.Update.ReaderModificationCommandBatch.ExecuteAsync(IRelationalConnection connection, CancellationToken cancellationToken)
   at Microsoft.EntityFrameworkCore.Update.Internal.BatchExecutor.ExecuteAsync(IEnumerable`1 commandBatches, IRelationalConnection connection, CancellationToken cancellationToken)
   at Microsoft.EntityFrameworkCore.Update.Internal.BatchExecutor.ExecuteAsync(IEnumerable`1 commandBatches, IRelationalConnection connection, CancellationToken cancellationToken)
   at Microsoft.EntityFrameworkCore.Update.Internal.BatchExecutor.ExecuteAsync(IEnumerable`1 commandBatches, IRelationalConnection connection, CancellationToken cancellationToken)
   at Microsoft.EntityFrameworkCore.Storage.RelationalDatabase.SaveChangesAsync(IList`1 entries, CancellationToken cancellationToken)
   at Microsoft.EntityFrameworkCore.ChangeTracking.Internal.StateManager.SaveChangesAsync(IList`1 entriesToSave, CancellationToken cancellationToken)
   at Microsoft.EntityFrameworkCore.ChangeTracking.Internal.StateManager.SaveChangesAsync(StateManager stateManager, Boolean acceptAllChangesOnSuccess, CancellationToken cancellationToken)
   at Npgsql.EntityFrameworkCore.PostgreSQL.Storage.Internal.NpgsqlExecutionStrategy.ExecuteAsync[TState,TResult](TState state, Func`4 operation, Func`4 verifySucceeded, CancellationToken cancellationToken)
   at Microsoft.EntityFrameworkCore.DbContext.SaveChangesAsync(Boolean acceptAllChangesOnSuccess, CancellationToken cancellationToken)
   at Microsoft.EntityFrameworkCore.DbContext.SaveChangesAsync(Boolean acceptAllChangesOnSuccess, CancellationToken cancellationToken)
   at Biktal.Infrastructure.Persistence.CrmDataSeeder.SeedIfEmptyAsync(ApplicationDbContext db, CancellationToken cancellationToken)
   at Program.<Main>$(String[] args) in d:\Systems\BiktalSystems\Program.cs:line 71
2026-07-13 20:58:49.112 +03:00 [WRN] Continuing without a successful migration/seed. Auth and data pages may fail until the database is available.
2026-07-13 20:58:49.137 +03:00 [WRN] Using an in-memory repository. Keys will not be persisted to storage.
2026-07-13 20:58:49.137 +03:00 [WRN] Neither user profile nor HKLM registry available. Using an ephemeral key repository. Protected data will be unavailable when application exits.
2026-07-13 20:58:49.156 +03:00 [WRN] No XML encryptor configured. Key {9f1bd681-cd29-474e-b6dc-33c62fdd9543} may be persisted to storage in unencrypted form.
2026-07-13 20:58:49.207 +03:00 [INF] Application started. Press Ctrl+C to shut down.
2026-07-13 20:58:49.207 +03:00 [INF] Hosting environment: Production
2026-07-13 20:58:49.207 +03:00 [INF] Content root path: D:\Systems\BiktalSystems\publish
2026-07-13 20:58:49.313 +03:00 [INF] HTTP GET /Pos responded 302 in 83.7612 ms
2026-07-13 20:58:49.473 +03:00 [ERR] An exception was thrown while deserializing the token.
Microsoft.AspNetCore.Antiforgery.AntiforgeryValidationException: The antiforgery token could not be decrypted.
 ---> System.Security.Cryptography.CryptographicException: The key {5acbe3e9-eb02-49d1-945f-437dbf7114b3} was not found in the key ring. For more information go to https://aka.ms/aspnet/dataprotectionwarning
   at Microsoft.AspNetCore.DataProtection.KeyManagement.KeyRingBasedDataProtector.UnprotectCore(Byte[] protectedData, Boolean allowOperationsOnRevokedKeys, UnprotectStatus& status)
   at Microsoft.AspNetCore.DataProtection.KeyManagement.KeyRingBasedDataProtector.Unprotect(Byte[] protectedData)
   at Microsoft.AspNetCore.Antiforgery.DefaultAntiforgeryTokenSerializer.Deserialize(String serializedToken)
   --- End of inner exception stack trace ---
   at Microsoft.AspNetCore.Antiforgery.DefaultAntiforgeryTokenSerializer.Deserialize(String serializedToken)
   at Microsoft.AspNetCore.Antiforgery.DefaultAntiforgery.GetCookieTokenDoesNotThrow(HttpContext httpContext)
2026-07-13 20:58:49.574 +03:00 [INF] HTTP GET /Account/Login responded 200 in 240.8492 ms
2026-07-13 20:58:49.762 +03:00 [INF] HTTP GET /js/site.js responded 200 in 95.1533 ms
2026-07-13 20:58:49.762 +03:00 [INF] HTTP GET /lib/jquery-validation-unobtrusive/dist/jquery.validate.unobtrusive.min.js responded 200 in 69.4682 ms
2026-07-13 20:58:49.762 +03:00 [INF] HTTP GET /lib/jquery-validation/dist/jquery.validate.min.js responded 200 in 95.1258 ms
2026-07-13 20:58:49.768 +03:00 [INF] HTTP GET /lib/jquery/dist/jquery.min.js responded 200 in 101.8058 ms
2026-07-13 20:58:49.769 +03:00 [INF] HTTP GET /lib/bootstrap/dist/js/bootstrap.bundle.min.js responded 200 in 102.9746 ms
2026-07-13 20:58:49.768 +03:00 [INF] HTTP GET /css/site.css responded 200 in 109.3463 ms
2026-07-13 20:58:49.769 +03:00 [INF] HTTP GET /lib/bootstrap/dist/css/bootstrap.min.css responded 200 in 111.2159 ms
2026-07-13 20:58:49.762 +03:00 [INF] HTTP GET /Biktal.WebMVC.styles.css responded 200 in 100.7832 ms
2026-07-13 20:58:58.969 +03:00 [INF] HTTP POST /Account/Login responded 302 in 547.3402 ms
2026-07-13 20:58:59.025 +03:00 [WRN] The query uses the 'First'/'FirstOrDefault' operator without 'OrderBy' and filter operators. This may lead to unpredictable results.
2026-07-13 20:58:59.140 +03:00 [INF] HTTP GET /Pos responded 200 in 164.3611 ms
2026-07-13 20:58:59.213 +03:00 [INF] HTTP GET /lib/bootstrap/dist/css/bootstrap.min.css responded 200 in 15.7033 ms
2026-07-13 20:58:59.217 +03:00 [INF] HTTP GET /Biktal.WebMVC.styles.css responded 200 in 4.6674 ms
2026-07-13 20:58:59.217 +03:00 [INF] HTTP GET /css/site.css responded 200 in 6.9456 ms
2026-07-13 20:58:59.287 +03:00 [INF] HTTP GET /js/site.js responded 304 in 32.2078 ms
2026-07-13 20:58:59.287 +03:00 [INF] HTTP GET /lib/jquery/dist/jquery.min.js responded 304 in 68.7368 ms
2026-07-13 20:58:59.307 +03:00 [INF] HTTP GET /js/pos.js responded 200 in 81.8274 ms
2026-07-13 20:58:59.406 +03:00 [INF] HTTP GET /lib/bootstrap/dist/js/bootstrap.bundle.min.js responded 304 in 182.9202 ms
2026-07-13 20:59:08.010 +03:00 [INF] HTTP GET /Dashboard responded 200 in 228.1796 ms
2026-07-13 20:59:08.081 +03:00 [INF] HTTP GET /lib/bootstrap/dist/css/bootstrap.min.css responded 200 in 13.9486 ms
2026-07-13 20:59:08.087 +03:00 [INF] HTTP GET /css/site.css responded 200 in 2.5231 ms
2026-07-13 20:59:08.090 +03:00 [INF] HTTP GET /Biktal.WebMVC.styles.css responded 200 in 3.7782 ms
2026-07-13 20:59:08.093 +03:00 [INF] HTTP GET /lib/jquery/dist/jquery.min.js responded 304 in 2.7660 ms
2026-07-13 20:59:08.094 +03:00 [INF] HTTP GET /lib/bootstrap/dist/js/bootstrap.bundle.min.js responded 304 in 1.8568 ms
2026-07-13 20:59:08.099 +03:00 [INF] HTTP GET /js/site.js responded 304 in 4.5414 ms
2026-07-13 21:01:03.379 +03:00 [INF] HTTP GET /Pos responded 200 in 40.8291 ms
2026-07-13 21:01:03.452 +03:00 [INF] HTTP GET /css/site.css responded 200 in 3.1254 ms
2026-07-13 21:01:03.459 +03:00 [INF] HTTP GET /lib/bootstrap/dist/css/bootstrap.min.css responded 200 in 5.8320 ms
2026-07-13 21:01:03.464 +03:00 [INF] HTTP GET /lib/bootstrap/dist/js/bootstrap.bundle.min.js responded 200 in 1.7905 ms
2026-07-13 21:01:03.466 +03:00 [INF] HTTP GET /js/site.js responded 200 in 2.6755 ms
2026-07-13 21:01:03.466 +03:00 [INF] HTTP GET /js/pos.js responded 200 in 1.5724 ms
2026-07-13 21:01:03.476 +03:00 [INF] HTTP GET /lib/jquery/dist/jquery.min.js responded 200 in 9.9793 ms
2026-07-13 21:01:03.480 +03:00 [INF] HTTP GET /Biktal.WebMVC.styles.css responded 200 in 3.4843 ms
2026-07-13 21:02:20.728 +03:00 [INF] HTTP POST /Pos/CompleteSale responded 200 in 642.5491 ms
2026-07-13 21:02:29.293 +03:00 [INF] HTTP GET /Dashboard responded 200 in 17.0677 ms
2026-07-13 21:02:29.360 +03:00 [INF] HTTP GET /lib/bootstrap/dist/css/bootstrap.min.css responded 200 in 6.9243 ms
2026-07-13 21:02:29.369 +03:00 [INF] HTTP GET /css/site.css responded 200 in 4.8295 ms
2026-07-13 21:02:29.371 +03:00 [INF] HTTP GET /Biktal.WebMVC.styles.css responded 200 in 1.7763 ms
2026-07-13 21:02:29.372 +03:00 [INF] HTTP GET /lib/jquery/dist/jquery.min.js responded 304 in 1.0259 ms
2026-07-13 21:02:29.375 +03:00 [INF] HTTP GET /lib/bootstrap/dist/js/bootstrap.bundle.min.js responded 304 in 1.8186 ms
2026-07-13 21:02:29.378 +03:00 [INF] HTTP GET /js/site.js responded 304 in 0.9463 ms
2026-07-13 21:02:31.161 +03:00 [INF] HTTP GET /Pos responded 200 in 18.9694 ms
2026-07-13 21:02:31.219 +03:00 [INF] HTTP GET /lib/bootstrap/dist/css/bootstrap.min.css responded 304 in 0.6013 ms
2026-07-13 21:02:31.229 +03:00 [INF] HTTP GET /Biktal.WebMVC.styles.css responded 304 in 1.0091 ms
2026-07-13 21:02:31.231 +03:00 [INF] HTTP GET /css/site.css responded 304 in 1.2417 ms
2026-07-13 21:02:31.231 +03:00 [INF] HTTP GET /lib/jquery/dist/jquery.min.js responded 304 in 0.6331 ms
2026-07-13 21:02:31.239 +03:00 [INF] HTTP GET /lib/bootstrap/dist/js/bootstrap.bundle.min.js responded 304 in 1.4231 ms
2026-07-13 21:02:31.240 +03:00 [INF] HTTP GET /js/site.js responded 304 in 0.7380 ms
2026-07-13 21:02:31.242 +03:00 [INF] HTTP GET /js/pos.js responded 304 in 1.4562 ms
2026-07-13 21:02:44.758 +03:00 [INF] HTTP GET /Insights responded 200 in 198.3073 ms
2026-07-13 21:02:44.821 +03:00 [INF] HTTP GET /lib/bootstrap/dist/css/bootstrap.min.css responded 200 in 7.9476 ms
2026-07-13 21:02:44.828 +03:00 [INF] HTTP GET /css/site.css responded 304 in 1.2285 ms
2026-07-13 21:02:44.829 +03:00 [INF] HTTP GET /Biktal.WebMVC.styles.css responded 304 in 0.7330 ms
2026-07-13 21:02:44.831 +03:00 [INF] HTTP GET /lib/jquery/dist/jquery.min.js responded 304 in 1.1859 ms
2026-07-13 21:02:44.834 +03:00 [INF] HTTP GET /lib/bootstrap/dist/js/bootstrap.bundle.min.js responded 304 in 1.7231 ms
2026-07-13 21:02:44.836 +03:00 [INF] HTTP GET /js/site.js responded 304 in 0.9808 ms
2026-07-13 21:02:56.590 +03:00 [INF] HTTP GET /Staff responded 200 in 83.4325 ms
2026-07-13 21:02:56.658 +03:00 [INF] HTTP GET /lib/bootstrap/dist/css/bootstrap.min.css responded 200 in 12.7947 ms
2026-07-13 21:02:56.663 +03:00 [INF] HTTP GET /css/site.css responded 304 in 3.9691 ms
2026-07-13 21:02:56.668 +03:00 [INF] HTTP GET /Biktal.WebMVC.styles.css responded 304 in 3.0834 ms
2026-07-13 21:02:56.671 +03:00 [INF] HTTP GET /lib/jquery/dist/jquery.min.js responded 304 in 2.8676 ms
2026-07-13 21:02:56.674 +03:00 [INF] HTTP GET /lib/bootstrap/dist/js/bootstrap.bundle.min.js responded 304 in 0.8620 ms
2026-07-13 21:02:56.675 +03:00 [INF] HTTP GET /js/site.js responded 304 in 0.5828 ms
2026-07-13 21:03:02.570 +03:00 [INF] HTTP GET /Staff/Team responded 200 in 43.1165 ms
2026-07-13 21:03:02.635 +03:00 [INF] HTTP GET /lib/bootstrap/dist/css/bootstrap.min.css responded 304 in 0.6329 ms
2026-07-13 21:03:02.636 +03:00 [INF] HTTP GET /Biktal.WebMVC.styles.css responded 304 in 0.4417 ms
2026-07-13 21:03:02.636 +03:00 [INF] HTTP GET /css/site.css responded 304 in 0.4134 ms
2026-07-13 21:03:02.640 +03:00 [INF] HTTP GET /lib/jquery/dist/jquery.min.js responded 304 in 1.9050 ms
2026-07-13 21:03:02.642 +03:00 [INF] HTTP GET /lib/bootstrap/dist/js/bootstrap.bundle.min.js responded 304 in 0.9360 ms
2026-07-13 21:03:02.643 +03:00 [INF] HTTP GET /js/site.js responded 304 in 0.8301 ms
2026-07-13 21:03:06.552 +03:00 [INF] HTTP GET /Staff/NewMember responded 200 in 66.4325 ms
2026-07-13 21:03:06.619 +03:00 [INF] HTTP GET /lib/bootstrap/dist/css/bootstrap.min.css responded 200 in 8.5694 ms
2026-07-13 21:03:06.621 +03:00 [INF] HTTP GET /css/site.css responded 304 in 1.8006 ms
2026-07-13 21:03:06.628 +03:00 [INF] HTTP GET /Biktal.WebMVC.styles.css responded 304 in 1.6884 ms
2026-07-13 21:03:06.628 +03:00 [INF] HTTP GET /lib/bootstrap/dist/js/bootstrap.bundle.min.js responded 304 in 0.6015 ms
2026-07-13 21:03:06.634 +03:00 [INF] HTTP GET /lib/jquery/dist/jquery.min.js responded 304 in 0.4975 ms
2026-07-13 21:03:06.637 +03:00 [INF] HTTP GET /js/site.js responded 304 in 0.4443 ms
2026-07-13 21:03:06.647 +03:00 [INF] HTTP GET /lib/jquery-validation-unobtrusive/dist/jquery.validate.unobtrusive.min.js responded 200 in 13.7211 ms
2026-07-13 21:03:06.655 +03:00 [INF] HTTP GET /lib/jquery-validation/dist/jquery.validate.min.js responded 200 in 25.5974 ms
2026-07-13 21:03:08.083 +03:00 [INF] HTTP GET /Staff/Attendance responded 200 in 83.7056 ms
2026-07-13 21:03:08.152 +03:00 [INF] HTTP GET /lib/bootstrap/dist/css/bootstrap.min.css responded 304 in 0.7216 ms
2026-07-13 21:03:08.153 +03:00 [INF] HTTP GET /css/site.css responded 304 in 0.4115 ms
2026-07-13 21:03:08.153 +03:00 [INF] HTTP GET /Biktal.WebMVC.styles.css responded 304 in 0.3602 ms
2026-07-13 21:03:08.156 +03:00 [INF] HTTP GET /lib/bootstrap/dist/js/bootstrap.bundle.min.js responded 304 in 1.3060 ms
2026-07-13 21:03:08.157 +03:00 [INF] HTTP GET /lib/jquery/dist/jquery.min.js responded 304 in 2.3328 ms
2026-07-13 21:03:08.159 +03:00 [INF] HTTP GET /js/site.js responded 304 in 0.6371 ms
2026-07-13 21:03:08.159 +03:00 [INF] HTTP GET /lib/jquery-validation/dist/jquery.validate.min.js responded 304 in 0.8304 ms
2026-07-13 21:03:08.162 +03:00 [INF] HTTP GET /lib/jquery-validation-unobtrusive/dist/jquery.validate.unobtrusive.min.js responded 304 in 0.6099 ms
2026-07-13 21:03:25.544 +03:00 [INF] HTTP GET /Staff responded 200 in 10.4615 ms
2026-07-13 21:03:25.610 +03:00 [INF] HTTP GET /lib/bootstrap/dist/css/bootstrap.min.css responded 200 in 5.7753 ms
2026-07-13 21:03:25.619 +03:00 [INF] HTTP GET /css/site.css responded 304 in 1.3092 ms
2026-07-13 21:03:25.619 +03:00 [INF] HTTP GET /Biktal.WebMVC.styles.css responded 304 in 0.4531 ms
2026-07-13 21:03:25.621 +03:00 [INF] HTTP GET /lib/jquery/dist/jquery.min.js responded 304 in 1.5294 ms
2026-07-13 21:03:25.623 +03:00 [INF] HTTP GET /lib/bootstrap/dist/js/bootstrap.bundle.min.js responded 304 in 1.0166 ms
2026-07-13 21:03:25.625 +03:00 [INF] HTTP GET /js/site.js responded 304 in 0.6360 ms
2026-07-13 21:03:32.357 +03:00 [INF] HTTP GET /Dashboard responded 200 in 14.9699 ms
2026-07-13 21:03:32.427 +03:00 [INF] HTTP GET /lib/bootstrap/dist/css/bootstrap.min.css responded 304 in 3.8506 ms
2026-07-13 21:03:32.435 +03:00 [INF] HTTP GET /css/site.css responded 304 in 0.4889 ms
2026-07-13 21:03:32.436 +03:00 [INF] HTTP GET /Biktal.WebMVC.styles.css responded 304 in 0.5976 ms
2026-07-13 21:03:32.438 +03:00 [INF] HTTP GET /lib/jquery/dist/jquery.min.js responded 304 in 1.6542 ms
2026-07-13 21:03:32.439 +03:00 [INF] HTTP GET /lib/bootstrap/dist/js/bootstrap.bundle.min.js responded 304 in 0.7244 ms
2026-07-13 21:03:32.443 +03:00 [INF] HTTP GET /js/site.js responded 304 in 0.7047 ms
2026-07-13 21:03:35.542 +03:00 [INF] HTTP GET /Inventory responded 200 in 96.6042 ms
2026-07-13 21:03:35.607 +03:00 [INF] HTTP GET /lib/bootstrap/dist/css/bootstrap.min.css responded 304 in 0.5280 ms
2026-07-13 21:03:35.607 +03:00 [INF] HTTP GET /Biktal.WebMVC.styles.css responded 304 in 0.4108 ms
2026-07-13 21:03:35.607 +03:00 [INF] HTTP GET /lib/jquery/dist/jquery.min.js responded 304 in 0.3339 ms
2026-07-13 21:03:35.608 +03:00 [INF] HTTP GET /lib/bootstrap/dist/js/bootstrap.bundle.min.js responded 304 in 0.5406 ms
2026-07-13 21:03:35.609 +03:00 [INF] HTTP GET /css/site.css responded 304 in 0.3480 ms
2026-07-13 21:03:35.609 +03:00 [INF] HTTP GET /js/site.js responded 304 in 0.6732 ms
2026-07-13 21:03:37.806 +03:00 [INF] HTTP GET /Dashboard responded 200 in 16.5302 ms
2026-07-13 21:03:37.876 +03:00 [INF] HTTP GET /css/site.css responded 304 in 0.8885 ms
2026-07-13 21:03:37.876 +03:00 [INF] HTTP GET /Biktal.WebMVC.styles.css responded 304 in 0.4802 ms
2026-07-13 21:03:37.876 +03:00 [INF] HTTP GET /lib/bootstrap/dist/css/bootstrap.min.css responded 304 in 0.3307 ms
2026-07-13 21:03:37.883 +03:00 [INF] HTTP GET /lib/jquery/dist/jquery.min.js responded 304 in 5.8624 ms
2026-07-13 21:03:37.888 +03:00 [INF] HTTP GET /lib/bootstrap/dist/js/bootstrap.bundle.min.js responded 304 in 0.4623 ms
2026-07-13 21:03:37.891 +03:00 [INF] HTTP GET /js/site.js responded 304 in 0.4406 ms
2026-07-13 21:03:39.847 +03:00 [INF] HTTP GET /Pos responded 200 in 15.5184 ms
2026-07-13 21:03:39.917 +03:00 [INF] HTTP GET /lib/bootstrap/dist/css/bootstrap.min.css responded 304 in 0.4733 ms
2026-07-13 21:03:39.920 +03:00 [INF] HTTP GET /css/site.css responded 304 in 0.9840 ms
2026-07-13 21:03:39.923 +03:00 [INF] HTTP GET /Biktal.WebMVC.styles.css responded 304 in 1.5823 ms
2026-07-13 21:03:39.924 +03:00 [INF] HTTP GET /lib/jquery/dist/jquery.min.js responded 304 in 0.5526 ms
2026-07-13 21:03:39.926 +03:00 [INF] HTTP GET /lib/bootstrap/dist/js/bootstrap.bundle.min.js responded 304 in 0.6772 ms
2026-07-13 21:03:39.926 +03:00 [INF] HTTP GET /js/site.js responded 304 in 0.4200 ms
2026-07-13 21:03:39.928 +03:00 [INF] HTTP GET /js/pos.js responded 304 in 0.7344 ms
2026-07-13 21:03:50.153 +03:00 [INF] HTTP GET /Staff responded 200 in 203.9133 ms
2026-07-13 21:03:50.211 +03:00 [INF] HTTP GET /lib/bootstrap/dist/css/bootstrap.min.css responded 304 in 1.5438 ms
2026-07-13 21:03:50.219 +03:00 [INF] HTTP GET /css/site.css responded 304 in 0.5236 ms
2026-07-13 21:03:50.220 +03:00 [INF] HTTP GET /Biktal.WebMVC.styles.css responded 304 in 0.4616 ms
2026-07-13 21:03:50.221 +03:00 [INF] HTTP GET /lib/jquery/dist/jquery.min.js responded 304 in 0.8106 ms
2026-07-13 21:03:50.223 +03:00 [INF] HTTP GET /lib/bootstrap/dist/js/bootstrap.bundle.min.js responded 304 in 1.1706 ms
2026-07-13 21:03:50.225 +03:00 [INF] HTTP GET /js/site.js responded 304 in 0.5770 ms
2026-07-13 21:03:54.889 +03:00 [INF] HTTP GET /Account responded 200 in 56.2865 ms
2026-07-13 21:03:54.949 +03:00 [INF] HTTP GET /lib/bootstrap/dist/css/bootstrap.min.css responded 304 in 1.2201 ms
2026-07-13 21:03:54.959 +03:00 [INF] HTTP GET /Biktal.WebMVC.styles.css responded 304 in 0.5528 ms
2026-07-13 21:03:54.964 +03:00 [INF] HTTP GET /lib/jquery/dist/jquery.min.js responded 304 in 2.5599 ms
2026-07-13 21:03:54.964 +03:00 [INF] HTTP GET /js/site.js responded 304 in 0.3247 ms
2026-07-13 21:03:54.964 +03:00 [INF] HTTP GET /lib/bootstrap/dist/js/bootstrap.bundle.min.js responded 304 in 0.3911 ms
2026-07-13 21:03:54.966 +03:00 [INF] HTTP GET /css/site.css responded 304 in 0.5693 ms
2026-07-13 21:03:59.870 +03:00 [INF] HTTP GET /Staff responded 200 in 9.4704 ms
2026-07-13 21:03:59.949 +03:00 [INF] HTTP GET /lib/bootstrap/dist/css/bootstrap.min.css responded 304 in 0.8779 ms
2026-07-13 21:03:59.953 +03:00 [INF] HTTP GET /Biktal.WebMVC.styles.css responded 304 in 0.3799 ms
2026-07-13 21:03:59.953 +03:00 [INF] HTTP GET /css/site.css responded 304 in 0.4534 ms
2026-07-13 21:03:59.953 +03:00 [INF] HTTP GET /lib/jquery/dist/jquery.min.js responded 304 in 0.6162 ms
2026-07-13 21:03:59.955 +03:00 [INF] HTTP GET /js/site.js responded 304 in 0.7994 ms
2026-07-13 21:03:59.956 +03:00 [INF] HTTP GET /lib/bootstrap/dist/js/bootstrap.bundle.min.js responded 304 in 0.9063 ms
2026-07-13 21:04:06.086 +03:00 [INF] HTTP GET /Staff/Payroll responded 200 in 64.3962 ms
2026-07-13 21:04:06.154 +03:00 [INF] HTTP GET /lib/bootstrap/dist/css/bootstrap.min.css responded 304 in 7.2046 ms
2026-07-13 21:04:06.160 +03:00 [INF] HTTP GET /Biktal.WebMVC.styles.css responded 304 in 0.3254 ms
2026-07-13 21:04:06.160 +03:00 [INF] HTTP GET /css/site.css responded 304 in 0.4503 ms
2026-07-13 21:04:06.162 +03:00 [INF] HTTP GET /lib/jquery/dist/jquery.min.js responded 304 in 0.7214 ms
2026-07-13 21:04:06.163 +03:00 [INF] HTTP GET /lib/bootstrap/dist/js/bootstrap.bundle.min.js responded 304 in 0.5255 ms
2026-07-13 21:04:06.167 +03:00 [INF] HTTP GET /js/site.js responded 304 in 0.8150 ms
2026-07-13 21:04:06.167 +03:00 [INF] HTTP GET /lib/jquery-validation/dist/jquery.validate.min.js responded 304 in 0.3826 ms
2026-07-13 21:04:06.169 +03:00 [INF] HTTP GET /lib/jquery-validation-unobtrusive/dist/jquery.validate.unobtrusive.min.js responded 304 in 0.8252 ms
2026-07-13 21:04:07.922 +03:00 [INF] HTTP GET /Staff/Attendance responded 200 in 13.8109 ms
2026-07-13 21:04:07.994 +03:00 [INF] HTTP GET /Biktal.WebMVC.styles.css responded 304 in 0.4178 ms
2026-07-13 21:04:07.995 +03:00 [INF] HTTP GET /lib/bootstrap/dist/css/bootstrap.min.css responded 304 in 0.7418 ms
2026-07-13 21:04:07.997 +03:00 [INF] HTTP GET /css/site.css responded 304 in 0.8131 ms
2026-07-13 21:04:08.001 +03:00 [INF] HTTP GET /lib/jquery/dist/jquery.min.js responded 304 in 0.3575 ms
2026-07-13 21:04:08.001 +03:00 [INF] HTTP GET /lib/bootstrap/dist/js/bootstrap.bundle.min.js responded 304 in 0.3575 ms
2026-07-13 21:04:08.001 +03:00 [INF] HTTP GET /lib/jquery-validation/dist/jquery.validate.min.js responded 304 in 0.2882 ms
2026-07-13 21:04:08.001 +03:00 [INF] HTTP GET /js/site.js responded 304 in 0.3053 ms
2026-07-13 21:04:08.003 +03:00 [INF] HTTP GET /lib/jquery-validation-unobtrusive/dist/jquery.validate.unobtrusive.min.js responded 304 in 0.6357 ms
2026-07-13 21:04:09.243 +03:00 [INF] HTTP GET /Staff/Team responded 200 in 5.2593 ms
2026-07-13 21:04:09.307 +03:00 [INF] HTTP GET /lib/bootstrap/dist/css/bootstrap.min.css responded 304 in 0.5406 ms
2026-07-13 21:04:09.317 +03:00 [INF] HTTP GET /Biktal.WebMVC.styles.css responded 304 in 0.5620 ms
2026-07-13 21:04:09.317 +03:00 [INF] HTTP GET /lib/jquery/dist/jquery.min.js responded 304 in 0.4041 ms
2026-07-13 21:04:09.317 +03:00 [INF] HTTP GET /css/site.css responded 304 in 0.5928 ms
2026-07-13 21:04:09.319 +03:00 [INF] HTTP GET /lib/bootstrap/dist/js/bootstrap.bundle.min.js responded 304 in 2.1129 ms
2026-07-13 21:04:09.321 +03:00 [INF] HTTP GET /js/site.js responded 304 in 0.5241 ms
2026-07-13 21:04:10.830 +03:00 [INF] HTTP GET /Finance responded 200 in 48.6223 ms
2026-07-13 21:04:10.887 +03:00 [INF] HTTP GET /lib/bootstrap/dist/css/bootstrap.min.css responded 304 in 0.5675 ms
2026-07-13 21:04:10.895 +03:00 [INF] HTTP GET /css/site.css responded 304 in 1.6007 ms
2026-07-13 21:04:10.897 +03:00 [INF] HTTP GET /lib/jquery/dist/jquery.min.js responded 304 in 0.8481 ms
2026-07-13 21:04:10.898 +03:00 [INF] HTTP GET /Biktal.WebMVC.styles.css responded 304 in 1.0905 ms
2026-07-13 21:04:10.899 +03:00 [INF] HTTP GET /lib/bootstrap/dist/js/bootstrap.bundle.min.js responded 304 in 0.9447 ms
2026-07-13 21:04:10.902 +03:00 [INF] HTTP GET /js/site.js responded 304 in 0.5911 ms
2026-07-13 21:04:13.864 +03:00 [INF] HTTP GET /Finance/Accounting responded 200 in 81.2773 ms
2026-07-13 21:04:13.922 +03:00 [INF] HTTP GET /lib/bootstrap/dist/css/bootstrap.min.css responded 304 in 0.7006 ms
2026-07-13 21:04:13.934 +03:00 [INF] HTTP GET /css/site.css responded 304 in 0.7745 ms
2026-07-13 21:04:13.934 +03:00 [INF] HTTP GET /Biktal.WebMVC.styles.css responded 304 in 0.3750 ms
2026-07-13 21:04:13.934 +03:00 [INF] HTTP GET /lib/bootstrap/dist/js/bootstrap.bundle.min.js responded 304 in 0.3361 ms
2026-07-13 21:04:13.934 +03:00 [INF] HTTP GET /js/site.js responded 304 in 0.2641 ms
2026-07-13 21:04:13.935 +03:00 [INF] HTTP GET /lib/jquery/dist/jquery.min.js responded 304 in 0.6351 ms
2026-07-13 21:04:49.479 +03:00 [INF] HTTP GET /Finance/Journal responded 200 in 78.6942 ms
2026-07-13 21:04:49.540 +03:00 [INF] HTTP GET /lib/bootstrap/dist/css/bootstrap.min.css responded 200 in 1.4308 ms
2026-07-13 21:04:49.549 +03:00 [INF] HTTP GET /Biktal.WebMVC.styles.css responded 304 in 0.5188 ms
2026-07-13 21:04:49.549 +03:00 [INF] HTTP GET /css/site.css responded 304 in 0.5973 ms
2026-07-13 21:04:49.550 +03:00 [INF] HTTP GET /lib/jquery/dist/jquery.min.js responded 304 in 0.7715 ms
2026-07-13 21:04:49.551 +03:00 [INF] HTTP GET /lib/bootstrap/dist/js/bootstrap.bundle.min.js responded 304 in 0.5765 ms
2026-07-13 21:04:49.554 +03:00 [INF] HTTP GET /js/site.js responded 304 in 1.4774 ms
2026-07-13 21:04:53.345 +03:00 [INF] HTTP GET /Finance responded 200 in 11.1998 ms
2026-07-13 21:04:53.405 +03:00 [INF] HTTP GET /lib/bootstrap/dist/css/bootstrap.min.css responded 200 in 1.1980 ms
2026-07-13 21:04:53.407 +03:00 [INF] HTTP GET /css/site.css responded 200 in 2.1379 ms
2026-07-13 21:04:53.412 +03:00 [INF] HTTP GET /lib/bootstrap/dist/js/bootstrap.bundle.min.js responded 200 in 1.5747 ms
2026-07-13 21:04:53.414 +03:00 [INF] HTTP GET /js/site.js responded 200 in 1.9345 ms
2026-07-13 21:04:53.422 +03:00 [INF] HTTP GET /lib/jquery/dist/jquery.min.js responded 200 in 5.0746 ms
2026-07-13 21:04:53.424 +03:00 [INF] HTTP GET /Biktal.WebMVC.styles.css responded 200 in 1.0301 ms
2026-07-13 21:04:57.271 +03:00 [INF] HTTP GET /Finance/Expenses responded 200 in 56.7564 ms
2026-07-13 21:04:57.336 +03:00 [INF] HTTP GET /css/site.css responded 304 in 0.6076 ms
2026-07-13 21:04:57.337 +03:00 [INF] HTTP GET /lib/bootstrap/dist/css/bootstrap.min.css responded 304 in 0.8543 ms
2026-07-13 21:04:57.338 +03:00 [INF] HTTP GET /Biktal.WebMVC.styles.css responded 304 in 0.4206 ms
2026-07-13 21:04:57.339 +03:00 [INF] HTTP GET /lib/jquery/dist/jquery.min.js responded 304 in 0.5272 ms
2026-07-13 21:04:57.345 +03:00 [INF] HTTP GET /lib/bootstrap/dist/js/bootstrap.bundle.min.js responded 304 in 4.2671 ms
2026-07-13 21:04:57.345 +03:00 [INF] HTTP GET /js/site.js responded 304 in 4.2115 ms
2026-07-13 21:04:57.349 +03:00 [INF] HTTP GET /lib/jquery-validation/dist/jquery.validate.min.js responded 200 in 3.7461 ms
2026-07-13 21:04:57.349 +03:00 [INF] HTTP GET /lib/jquery-validation-unobtrusive/dist/jquery.validate.unobtrusive.min.js responded 200 in 3.4231 ms
2026-07-13 21:05:18.784 +03:00 [INF] HTTP GET /Crm responded 200 in 75.7912 ms
2026-07-13 21:05:18.840 +03:00 [INF] HTTP GET /lib/bootstrap/dist/css/bootstrap.min.css responded 304 in 0.7130 ms
2026-07-13 21:05:18.851 +03:00 [INF] HTTP GET /css/site.css responded 304 in 0.5860 ms
2026-07-13 21:05:18.853 +03:00 [INF] HTTP GET /lib/jquery/dist/jquery.min.js responded 304 in 0.5650 ms
2026-07-13 21:05:18.855 +03:00 [INF] HTTP GET /Biktal.WebMVC.styles.css responded 304 in 0.4935 ms
2026-07-13 21:05:18.856 +03:00 [INF] HTTP GET /js/site.js responded 304 in 0.4546 ms
2026-07-13 21:05:18.857 +03:00 [INF] HTTP GET /lib/bootstrap/dist/js/bootstrap.bundle.min.js responded 304 in 1.7346 ms
2026-07-13 21:05:24.762 +03:00 [INF] HTTP GET /Crm/Customers responded 200 in 44.7428 ms
2026-07-13 21:05:24.821 +03:00 [INF] HTTP GET /lib/bootstrap/dist/css/bootstrap.min.css responded 304 in 7.8719 ms
2026-07-13 21:05:24.828 +03:00 [INF] HTTP GET /css/site.css responded 304 in 0.4178 ms
2026-07-13 21:05:24.828 +03:00 [INF] HTTP GET /Biktal.WebMVC.styles.css responded 304 in 0.3760 ms
2026-07-13 21:05:24.830 +03:00 [INF] HTTP GET /lib/bootstrap/dist/js/bootstrap.bundle.min.js responded 304 in 1.7647 ms
2026-07-13 21:05:24.830 +03:00 [INF] HTTP GET /lib/jquery/dist/jquery.min.js responded 304 in 2.5696 ms
2026-07-13 21:05:24.833 +03:00 [INF] HTTP GET /js/site.js responded 304 in 0.6972 ms
2026-07-13 21:05:28.372 +03:00 [INF] HTTP GET /Installments responded 200 in 110.1592 ms
2026-07-13 21:05:28.431 +03:00 [INF] HTTP GET /lib/bootstrap/dist/css/bootstrap.min.css responded 200 in 1.7428 ms
2026-07-13 21:05:28.446 +03:00 [INF] HTTP GET /css/site.css responded 304 in 0.6120 ms
2026-07-13 21:05:28.446 +03:00 [INF] HTTP GET /lib/jquery/dist/jquery.min.js responded 304 in 0.4613 ms
2026-07-13 21:05:28.446 +03:00 [INF] HTTP GET /lib/bootstrap/dist/js/bootstrap.bundle.min.js responded 304 in 0.3569 ms
2026-07-13 21:05:28.447 +03:00 [INF] HTTP GET /js/site.js responded 304 in 0.4553 ms
2026-07-13 21:05:28.447 +03:00 [INF] HTTP GET /Biktal.WebMVC.styles.css responded 304 in 0.3394 ms
2026-07-13 21:05:35.699 +03:00 [WRN] Compiling a query which loads related collections for more than one collection navigation, either via 'Include' or through projection, but no 'QuerySplittingBehavior' has been configured. By default, Entity Framework will use 'QuerySplittingBehavior.SingleQuery', which can potentially result in slow query performance. See https://go.microsoft.com/fwlink/?linkid=2134277 for more information. To identify the query that's triggering this warning call 'ConfigureWarnings(w => w.Throw(RelationalEventId.MultipleCollectionIncludeWarning))'.
2026-07-13 21:05:35.784 +03:00 [INF] HTTP GET /Installments/Detail/a80b5ee1-3f05-4c3a-b866-cf839e30cec1 responded 200 in 122.3145 ms
2026-07-13 21:05:35.852 +03:00 [INF] HTTP GET /lib/bootstrap/dist/css/bootstrap.min.css responded 304 in 6.4139 ms
2026-07-13 21:05:35.858 +03:00 [INF] HTTP GET /css/site.css responded 304 in 0.4471 ms
2026-07-13 21:05:35.860 +03:00 [INF] HTTP GET /Biktal.WebMVC.styles.css responded 304 in 0.5513 ms
2026-07-13 21:05:35.870 +03:00 [INF] HTTP GET /lib/jquery/dist/jquery.min.js responded 304 in 0.5289 ms
2026-07-13 21:05:35.870 +03:00 [INF] HTTP GET /lib/bootstrap/dist/js/bootstrap.bundle.min.js responded 304 in 0.4544 ms
2026-07-13 21:05:35.875 +03:00 [INF] HTTP GET /js/site.js responded 304 in 0.4768 ms
2026-07-13 21:05:35.876 +03:00 [INF] HTTP GET /lib/jquery-validation-unobtrusive/dist/jquery.validate.unobtrusive.min.js responded 304 in 0.4501 ms
2026-07-13 21:05:35.876 +03:00 [INF] HTTP GET /lib/jquery-validation/dist/jquery.validate.min.js responded 304 in 0.3776 ms
2026-07-13 21:05:58.527 +03:00 [INF] HTTP GET /Installments responded 200 in 16.7130 ms
2026-07-13 21:05:58.603 +03:00 [INF] HTTP GET /lib/bootstrap/dist/css/bootstrap.min.css responded 200 in 2.8887 ms
2026-07-13 21:05:58.604 +03:00 [INF] HTTP GET /Biktal.WebMVC.styles.css responded 304 in 0.5365 ms
2026-07-13 21:05:58.612 +03:00 [INF] HTTP GET /lib/jquery/dist/jquery.min.js responded 304 in 0.5026 ms
2026-07-13 21:05:58.614 +03:00 [INF] HTTP GET /lib/bootstrap/dist/js/bootstrap.bundle.min.js responded 304 in 0.7034 ms
2026-07-13 21:05:58.614 +03:00 [INF] HTTP GET /js/site.js responded 304 in 0.4666 ms
2026-07-13 21:05:58.616 +03:00 [INF] HTTP GET /css/site.css responded 304 in 2.8031 ms
2026-07-13 21:06:09.611 +03:00 [INF] HTTP GET /Installments/Detail/486876b8-ce54-4df0-a8b2-2a6ff09fe5fa responded 200 in 11.9442 ms
2026-07-13 21:06:09.689 +03:00 [INF] HTTP GET /lib/bootstrap/dist/css/bootstrap.min.css responded 200 in 4.1300 ms
2026-07-13 21:06:09.695 +03:00 [INF] HTTP GET /css/site.css responded 304 in 0.4124 ms
2026-07-13 21:06:09.695 +03:00 [INF] HTTP GET /Biktal.WebMVC.styles.css responded 304 in 0.3307 ms
2026-07-13 21:06:09.695 +03:00 [INF] HTTP GET /lib/jquery/dist/jquery.min.js responded 304 in 0.4428 ms
2026-07-13 21:06:09.695 +03:00 [INF] HTTP GET /lib/bootstrap/dist/js/bootstrap.bundle.min.js responded 304 in 0.2397 ms
2026-07-13 21:06:09.695 +03:00 [INF] HTTP GET /js/site.js responded 304 in 0.2818 ms
2026-07-13 21:06:09.696 +03:00 [INF] HTTP GET /lib/jquery-validation/dist/jquery.validate.min.js responded 304 in 0.3436 ms
2026-07-13 21:06:09.696 +03:00 [INF] HTTP GET /lib/jquery-validation-unobtrusive/dist/jquery.validate.unobtrusive.min.js responded 304 in 0.3449 ms
2026-07-13 21:06:16.208 +03:00 [INF] HTTP GET /Installments responded 200 in 11.4712 ms
2026-07-13 21:06:16.277 +03:00 [INF] HTTP GET /lib/bootstrap/dist/css/bootstrap.min.css responded 304 in 0.4856 ms
2026-07-13 21:06:16.282 +03:00 [INF] HTTP GET /css/site.css responded 304 in 1.1371 ms
2026-07-13 21:06:16.287 +03:00 [INF] HTTP GET /Biktal.WebMVC.styles.css responded 304 in 1.1756 ms
2026-07-13 21:06:16.288 +03:00 [INF] HTTP GET /lib/jquery/dist/jquery.min.js responded 304 in 0.4535 ms
2026-07-13 21:06:16.288 +03:00 [INF] HTTP GET /lib/bootstrap/dist/js/bootstrap.bundle.min.js responded 304 in 0.4210 ms
2026-07-13 21:06:16.293 +03:00 [INF] HTTP GET /js/site.js responded 304 in 0.7348 ms
2026-07-13 21:06:34.960 +03:00 [INF] HTTP GET /Installments/Detail/02fbf426-af7b-4fe4-8149-bd9143491c02 responded 200 in 16.3038 ms
2026-07-13 21:06:35.036 +03:00 [INF] HTTP GET /lib/bootstrap/dist/css/bootstrap.min.css responded 200 in 4.8897 ms
2026-07-13 21:06:35.043 +03:00 [INF] HTTP GET /css/site.css responded 304 in 0.5158 ms
2026-07-13 21:06:35.044 +03:00 [INF] HTTP GET /Biktal.WebMVC.styles.css responded 304 in 1.2098 ms
2026-07-13 21:06:35.046 +03:00 [INF] HTTP GET /lib/jquery/dist/jquery.min.js responded 304 in 0.4048 ms
2026-07-13 21:06:35.049 +03:00 [INF] HTTP GET /lib/bootstrap/dist/js/bootstrap.bundle.min.js responded 304 in 0.8868 ms
2026-07-13 21:06:35.054 +03:00 [INF] HTTP GET /js/site.js responded 304 in 0.3974 ms
2026-07-13 21:06:35.055 +03:00 [INF] HTTP GET /lib/jquery-validation/dist/jquery.validate.min.js responded 304 in 0.3857 ms
2026-07-13 21:06:35.055 +03:00 [INF] HTTP GET /lib/jquery-validation-unobtrusive/dist/jquery.validate.unobtrusive.min.js responded 304 in 0.2678 ms
2026-07-13 21:06:51.559 +03:00 [INF] HTTP GET /Installments responded 200 in 10.0526 ms
2026-07-13 21:06:51.624 +03:00 [INF] HTTP GET /lib/bootstrap/dist/css/bootstrap.min.css responded 304 in 0.6468 ms
2026-07-13 21:06:51.627 +03:00 [INF] HTTP GET /css/site.css responded 304 in 0.6485 ms
2026-07-13 21:06:51.628 +03:00 [INF] HTTP GET /Biktal.WebMVC.styles.css responded 304 in 0.9110 ms
2026-07-13 21:06:51.636 +03:00 [INF] HTTP GET /lib/jquery/dist/jquery.min.js responded 304 in 0.4871 ms
2026-07-13 21:06:51.637 +03:00 [INF] HTTP GET /lib/bootstrap/dist/js/bootstrap.bundle.min.js responded 304 in 0.5572 ms
2026-07-13 21:06:51.637 +03:00 [INF] HTTP GET /js/site.js responded 304 in 0.5883 ms
2026-07-13 21:07:12.518 +03:00 [INF] HTTP GET /Installments/Detail/31418aac-8a07-4283-b414-236a7bfef196 responded 200 in 7.6174 ms
2026-07-13 21:07:12.595 +03:00 [INF] HTTP GET /lib/bootstrap/dist/css/bootstrap.min.css responded 200 in 9.0529 ms
2026-07-13 21:07:12.598 +03:00 [INF] HTTP GET /css/site.css responded 304 in 0.9790 ms
2026-07-13 21:07:12.601 +03:00 [INF] HTTP GET /Biktal.WebMVC.styles.css responded 304 in 2.1315 ms
2026-07-13 21:07:12.602 +03:00 [INF] HTTP GET /lib/jquery/dist/jquery.min.js responded 304 in 0.4366 ms
2026-07-13 21:07:12.603 +03:00 [INF] HTTP GET /lib/bootstrap/dist/js/bootstrap.bundle.min.js responded 304 in 0.7814 ms
2026-07-13 21:07:12.605 +03:00 [INF] HTTP GET /js/site.js responded 304 in 0.5413 ms
2026-07-13 21:07:12.608 +03:00 [INF] HTTP GET /lib/jquery-validation/dist/jquery.validate.min.js responded 304 in 0.4777 ms
2026-07-13 21:07:12.608 +03:00 [INF] HTTP GET /lib/jquery-validation-unobtrusive/dist/jquery.validate.unobtrusive.min.js responded 304 in 0.7122 ms
2026-07-13 21:08:31.857 +03:00 [ERR] HTTP POST /Installments/RecordPayment responded 500 in 347.9347 ms
Microsoft.EntityFrameworkCore.DbUpdateConcurrencyException: The database operation was expected to affect 1 row(s), but actually affected 0 row(s); data may have been modified or deleted since entities were loaded. See https://go.microsoft.com/fwlink/?LinkId=527962 for information on understanding and handling optimistic concurrency exceptions.
   at Npgsql.EntityFrameworkCore.PostgreSQL.Update.Internal.NpgsqlModificationCommandBatch.ThrowAggregateUpdateConcurrencyExceptionAsync(RelationalDataReader reader, Int32 commandIndex, Int32 expectedRowsAffected, Int32 rowsAffected, CancellationToken cancellationToken)
   at Npgsql.EntityFrameworkCore.PostgreSQL.Update.Internal.NpgsqlModificationCommandBatch.Consume(RelationalDataReader reader, Boolean async, CancellationToken cancellationToken)
   at Microsoft.EntityFrameworkCore.Update.ReaderModificationCommandBatch.ExecuteAsync(IRelationalConnection connection, CancellationToken cancellationToken)
   at Microsoft.EntityFrameworkCore.Update.ReaderModificationCommandBatch.ExecuteAsync(IRelationalConnection connection, CancellationToken cancellationToken)
   at Microsoft.EntityFrameworkCore.Update.Internal.BatchExecutor.ExecuteAsync(IEnumerable`1 commandBatches, IRelationalConnection connection, CancellationToken cancellationToken)
   at Microsoft.EntityFrameworkCore.Update.Internal.BatchExecutor.ExecuteAsync(IEnumerable`1 commandBatches, IRelationalConnection connection, CancellationToken cancellationToken)
   at Microsoft.EntityFrameworkCore.Update.Internal.BatchExecutor.ExecuteAsync(IEnumerable`1 commandBatches, IRelationalConnection connection, CancellationToken cancellationToken)
   at Microsoft.EntityFrameworkCore.Storage.RelationalDatabase.SaveChangesAsync(IList`1 entries, CancellationToken cancellationToken)
   at Microsoft.EntityFrameworkCore.ChangeTracking.Internal.StateManager.SaveChangesAsync(IList`1 entriesToSave, CancellationToken cancellationToken)
   at Microsoft.EntityFrameworkCore.ChangeTracking.Internal.StateManager.SaveChangesAsync(StateManager stateManager, Boolean acceptAllChangesOnSuccess, CancellationToken cancellationToken)
   at Npgsql.EntityFrameworkCore.PostgreSQL.Storage.Internal.NpgsqlExecutionStrategy.ExecuteAsync[TState,TResult](TState state, Func`4 operation, Func`4 verifySucceeded, CancellationToken cancellationToken)
   at Microsoft.EntityFrameworkCore.DbContext.SaveChangesAsync(Boolean acceptAllChangesOnSuccess, CancellationToken cancellationToken)
   at Biktal.Infrastructure.Finance.InstallmentPlanService.RecordPaymentAsync(RecordInstallmentPaymentCommand command, CancellationToken cancellationToken)
   at Biktal.Infrastructure.Finance.InstallmentPlanService.RecordPaymentAsync(RecordInstallmentPaymentCommand command, CancellationToken cancellationToken)
   at Biktal.Infrastructure.Finance.InstallmentPlanService.RecordPaymentAsync(RecordInstallmentPaymentCommand command, CancellationToken cancellationToken)
   at Biktal.WebMVC.Controllers.InstallmentsController.RecordPayment(RecordInstallmentPaymentFormModel model, CancellationToken cancellationToken) in d:\Systems\BiktalSystems\Controllers\InstallmentsController.cs:line 202
   at Microsoft.AspNetCore.Mvc.Infrastructure.ActionMethodExecutor.TaskOfIActionResultExecutor.Execute(ActionContext actionContext, IActionResultTypeMapper mapper, ObjectMethodExecutor executor, Object controller, Object[] arguments)
   at Microsoft.AspNetCore.Mvc.Infrastructure.ControllerActionInvoker.<InvokeActionMethodAsync>g__Awaited|12_0(ControllerActionInvoker invoker, ValueTask`1 actionResultValueTask)
   at Microsoft.AspNetCore.Mvc.Infrastructure.ControllerActionInvoker.<InvokeNextActionFilterAsync>g__Awaited|10_0(ControllerActionInvoker invoker, Task lastTask, State next, Scope scope, Object state, Boolean isCompleted)
   at Microsoft.AspNetCore.Mvc.Infrastructure.ControllerActionInvoker.Rethrow(ActionExecutedContextSealed context)
   at Microsoft.AspNetCore.Mvc.Infrastructure.ControllerActionInvoker.Next(State& next, Scope& scope, Object& state, Boolean& isCompleted)
   at Microsoft.AspNetCore.Mvc.Infrastructure.ControllerActionInvoker.<InvokeInnerFilterAsync>g__Awaited|13_0(ControllerActionInvoker invoker, Task lastTask, State next, Scope scope, Object state, Boolean isCompleted)
   at Microsoft.AspNetCore.Mvc.Infrastructure.ResourceInvoker.<InvokeNextResourceFilter>g__Awaited|25_0(ResourceInvoker invoker, Task lastTask, State next, Scope scope, Object state, Boolean isCompleted)
   at Microsoft.AspNetCore.Mvc.Infrastructure.ResourceInvoker.Rethrow(ResourceExecutedContextSealed context)
   at Microsoft.AspNetCore.Mvc.Infrastructure.ResourceInvoker.Next(State& next, Scope& scope, Object& state, Boolean& isCompleted)
   at Microsoft.AspNetCore.Mvc.Infrastructure.ResourceInvoker.<InvokeFilterPipelineAsync>g__Awaited|20_0(ResourceInvoker invoker, Task lastTask, State next, Scope scope, Object state, Boolean isCompleted)
   at Microsoft.AspNetCore.Mvc.Infrastructure.ResourceInvoker.<InvokeAsync>g__Awaited|17_0(ResourceInvoker invoker, Task task, IDisposable scope)
   at Microsoft.AspNetCore.Mvc.Infrastructure.ResourceInvoker.<InvokeAsync>g__Awaited|17_0(ResourceInvoker invoker, Task task, IDisposable scope)
   at Microsoft.AspNetCore.Authorization.AuthorizationMiddleware.Invoke(HttpContext context)
   at Microsoft.AspNetCore.Authentication.AuthenticationMiddleware.Invoke(HttpContext context)
   at Serilog.AspNetCore.RequestLoggingMiddleware.Invoke(HttpContext httpContext)
2026-07-13 21:08:31.865 +03:00 [ERR] An unhandled exception has occurred while executing the request.
Microsoft.EntityFrameworkCore.DbUpdateConcurrencyException: The database operation was expected to affect 1 row(s), but actually affected 0 row(s); data may have been modified or deleted since entities were loaded. See https://go.microsoft.com/fwlink/?LinkId=527962 for information on understanding and handling optimistic concurrency exceptions.
   at Npgsql.EntityFrameworkCore.PostgreSQL.Update.Internal.NpgsqlModificationCommandBatch.ThrowAggregateUpdateConcurrencyExceptionAsync(RelationalDataReader reader, Int32 commandIndex, Int32 expectedRowsAffected, Int32 rowsAffected, CancellationToken cancellationToken)
   at Npgsql.EntityFrameworkCore.PostgreSQL.Update.Internal.NpgsqlModificationCommandBatch.Consume(RelationalDataReader reader, Boolean async, CancellationToken cancellationToken)
   at Microsoft.EntityFrameworkCore.Update.ReaderModificationCommandBatch.ExecuteAsync(IRelationalConnection connection, CancellationToken cancellationToken)
   at Microsoft.EntityFrameworkCore.Update.ReaderModificationCommandBatch.ExecuteAsync(IRelationalConnection connection, CancellationToken cancellationToken)
   at Microsoft.EntityFrameworkCore.Update.Internal.BatchExecutor.ExecuteAsync(IEnumerable`1 commandBatches, IRelationalConnection connection, CancellationToken cancellationToken)
   at Microsoft.EntityFrameworkCore.Update.Internal.BatchExecutor.ExecuteAsync(IEnumerable`1 commandBatches, IRelationalConnection connection, CancellationToken cancellationToken)
   at Microsoft.EntityFrameworkCore.Update.Internal.BatchExecutor.ExecuteAsync(IEnumerable`1 commandBatches, IRelationalConnection connection, CancellationToken cancellationToken)
   at Microsoft.EntityFrameworkCore.Storage.RelationalDatabase.SaveChangesAsync(IList`1 entries, CancellationToken cancellationToken)
   at Microsoft.EntityFrameworkCore.ChangeTracking.Internal.StateManager.SaveChangesAsync(IList`1 entriesToSave, CancellationToken cancellationToken)
   at Microsoft.EntityFrameworkCore.ChangeTracking.Internal.StateManager.SaveChangesAsync(StateManager stateManager, Boolean acceptAllChangesOnSuccess, CancellationToken cancellationToken)
   at Npgsql.EntityFrameworkCore.PostgreSQL.Storage.Internal.NpgsqlExecutionStrategy.ExecuteAsync[TState,TResult](TState state, Func`4 operation, Func`4 verifySucceeded, CancellationToken cancellationToken)
   at Microsoft.EntityFrameworkCore.DbContext.SaveChangesAsync(Boolean acceptAllChangesOnSuccess, CancellationToken cancellationToken)
   at Biktal.Infrastructure.Finance.InstallmentPlanService.RecordPaymentAsync(RecordInstallmentPaymentCommand command, CancellationToken cancellationToken)
   at Biktal.Infrastructure.Finance.InstallmentPlanService.RecordPaymentAsync(RecordInstallmentPaymentCommand command, CancellationToken cancellationToken)
   at Biktal.Infrastructure.Finance.InstallmentPlanService.RecordPaymentAsync(RecordInstallmentPaymentCommand command, CancellationToken cancellationToken)
   at Biktal.WebMVC.Controllers.InstallmentsController.RecordPayment(RecordInstallmentPaymentFormModel model, CancellationToken cancellationToken) in d:\Systems\BiktalSystems\Controllers\InstallmentsController.cs:line 202
   at Microsoft.AspNetCore.Mvc.Infrastructure.ActionMethodExecutor.TaskOfIActionResultExecutor.Execute(ActionContext actionContext, IActionResultTypeMapper mapper, ObjectMethodExecutor executor, Object controller, Object[] arguments)
   at Microsoft.AspNetCore.Mvc.Infrastructure.ControllerActionInvoker.<InvokeActionMethodAsync>g__Awaited|12_0(ControllerActionInvoker invoker, ValueTask`1 actionResultValueTask)
   at Microsoft.AspNetCore.Mvc.Infrastructure.ControllerActionInvoker.<InvokeNextActionFilterAsync>g__Awaited|10_0(ControllerActionInvoker invoker, Task lastTask, State next, Scope scope, Object state, Boolean isCompleted)
   at Microsoft.AspNetCore.Mvc.Infrastructure.ControllerActionInvoker.Rethrow(ActionExecutedContextSealed context)
   at Microsoft.AspNetCore.Mvc.Infrastructure.ControllerActionInvoker.Next(State& next, Scope& scope, Object& state, Boolean& isCompleted)
   at Microsoft.AspNetCore.Mvc.Infrastructure.ControllerActionInvoker.<InvokeInnerFilterAsync>g__Awaited|13_0(ControllerActionInvoker invoker, Task lastTask, State next, Scope scope, Object state, Boolean isCompleted)
   at Microsoft.AspNetCore.Mvc.Infrastructure.ResourceInvoker.<InvokeNextResourceFilter>g__Awaited|25_0(ResourceInvoker invoker, Task lastTask, State next, Scope scope, Object state, Boolean isCompleted)
   at Microsoft.AspNetCore.Mvc.Infrastructure.ResourceInvoker.Rethrow(ResourceExecutedContextSealed context)
   at Microsoft.AspNetCore.Mvc.Infrastructure.ResourceInvoker.Next(State& next, Scope& scope, Object& state, Boolean& isCompleted)
   at Microsoft.AspNetCore.Mvc.Infrastructure.ResourceInvoker.<InvokeFilterPipelineAsync>g__Awaited|20_0(ResourceInvoker invoker, Task lastTask, State next, Scope scope, Object state, Boolean isCompleted)
   at Microsoft.AspNetCore.Mvc.Infrastructure.ResourceInvoker.<InvokeAsync>g__Awaited|17_0(ResourceInvoker invoker, Task task, IDisposable scope)
   at Microsoft.AspNetCore.Mvc.Infrastructure.ResourceInvoker.<InvokeAsync>g__Awaited|17_0(ResourceInvoker invoker, Task task, IDisposable scope)
   at Microsoft.AspNetCore.Authorization.AuthorizationMiddleware.Invoke(HttpContext context)
   at Microsoft.AspNetCore.Authentication.AuthenticationMiddleware.Invoke(HttpContext context)
   at Serilog.AspNetCore.RequestLoggingMiddleware.Invoke(HttpContext httpContext)
   at Microsoft.AspNetCore.Diagnostics.ExceptionHandlerMiddlewareImpl.<Invoke>g__Awaited|10_0(ExceptionHandlerMiddlewareImpl middleware, HttpContext context, Task task)
2026-07-13 21:08:31.899 +03:00 [ERR] HTTP POST /Home/Error responded 500 in 9.1139 ms
2026-07-13 21:08:31.965 +03:00 [INF] HTTP GET /lib/bootstrap/dist/css/bootstrap.min.css responded 200 in 2.0542 ms
2026-07-13 21:08:31.965 +03:00 [INF] HTTP GET /css/site.css responded 200 in 1.8726 ms
2026-07-13 21:08:31.971 +03:00 [INF] HTTP GET /Biktal.WebMVC.styles.css responded 200 in 0.9743 ms
2026-07-13 21:08:31.973 +03:00 [INF] HTTP GET /lib/jquery/dist/jquery.min.js responded 200 in 2.2730 ms
2026-07-13 21:08:31.976 +03:00 [INF] HTTP GET /lib/bootstrap/dist/js/bootstrap.bundle.min.js responded 200 in 2.4625 ms
2026-07-13 21:08:31.980 +03:00 [INF] HTTP GET /js/site.js responded 200 in 2.4633 ms
2026-07-13 21:08:49.479 +03:00 [INF] HTTP GET /Installments responded 200 in 51.9209 ms
2026-07-13 21:08:58.208 +03:00 [INF] HTTP GET /Installments/Detail/16415452-284f-4b43-a585-6d3273c0fecb responded 200 in 83.5742 ms
2026-07-13 21:08:58.281 +03:00 [INF] HTTP GET /css/site.css responded 304 in 0.4372 ms
2026-07-13 21:08:58.281 +03:00 [INF] HTTP GET /Biktal.WebMVC.styles.css responded 304 in 0.3457 ms
2026-07-13 21:08:58.282 +03:00 [INF] HTTP GET /lib/bootstrap/dist/js/bootstrap.bundle.min.js responded 304 in 0.4266 ms
2026-07-13 21:08:58.283 +03:00 [INF] HTTP GET /js/site.js responded 304 in 0.7018 ms
2026-07-13 21:08:58.283 +03:00 [INF] HTTP GET /lib/jquery/dist/jquery.min.js responded 304 in 1.7760 ms
2026-07-13 21:08:58.285 +03:00 [INF] HTTP GET /lib/jquery-validation/dist/jquery.validate.min.js responded 200 in 1.8975 ms
2026-07-13 21:08:58.293 +03:00 [INF] HTTP GET /lib/jquery-validation-unobtrusive/dist/jquery.validate.unobtrusive.min.js responded 200 in 0.9550 ms
2026-07-13 21:08:58.297 +03:00 [INF] HTTP GET /lib/bootstrap/dist/css/bootstrap.min.css responded 200 in 1.2989 ms
2026-07-13 21:09:03.146 +03:00 [INF] HTTP GET /Installments responded 200 in 11.8455 ms
2026-07-13 21:09:03.211 +03:00 [INF] HTTP GET /lib/bootstrap/dist/css/bootstrap.min.css responded 200 in 8.4101 ms
2026-07-13 21:09:03.215 +03:00 [INF] HTTP GET /css/site.css responded 304 in 0.8494 ms
2026-07-13 21:09:03.217 +03:00 [INF] HTTP GET /Biktal.WebMVC.styles.css responded 304 in 0.5312 ms
2026-07-13 21:09:03.217 +03:00 [INF] HTTP GET /lib/jquery/dist/jquery.min.js responded 304 in 0.3123 ms
2026-07-13 21:09:03.218 +03:00 [INF] HTTP GET /lib/bootstrap/dist/js/bootstrap.bundle.min.js responded 304 in 1.1465 ms
2026-07-13 21:09:03.220 +03:00 [INF] HTTP GET /js/site.js responded 304 in 0.4455 ms
2026-07-13 21:09:14.708 +03:00 [INF] HTTP GET /Dashboard responded 200 in 21.9685 ms
2026-07-13 21:09:14.777 +03:00 [INF] HTTP GET /lib/bootstrap/dist/css/bootstrap.min.css responded 200 in 10.2386 ms
2026-07-13 21:09:14.782 +03:00 [INF] HTTP GET /css/site.css responded 304 in 1.9160 ms
2026-07-13 21:09:14.784 +03:00 [INF] HTTP GET /lib/jquery/dist/jquery.min.js responded 304 in 0.5421 ms
2026-07-13 21:09:14.784 +03:00 [INF] HTTP GET /lib/bootstrap/dist/js/bootstrap.bundle.min.js responded 304 in 0.6091 ms
2026-07-13 21:09:14.785 +03:00 [INF] HTTP GET /js/site.js responded 304 in 0.5032 ms
2026-07-13 21:09:14.785 +03:00 [INF] HTTP GET /Biktal.WebMVC.styles.css responded 304 in 0.3374 ms
2026-07-13 21:09:16.120 +03:00 [INF] HTTP GET /Pos responded 200 in 19.0447 ms
2026-07-13 21:09:16.186 +03:00 [INF] HTTP GET /css/site.css responded 304 in 0.4261 ms
2026-07-13 21:09:16.188 +03:00 [INF] HTTP GET /lib/bootstrap/dist/css/bootstrap.min.css responded 304 in 0.9905 ms
2026-07-13 21:09:16.189 +03:00 [INF] HTTP GET /Biktal.WebMVC.styles.css responded 304 in 0.4435 ms
2026-07-13 21:09:16.191 +03:00 [INF] HTTP GET /lib/jquery/dist/jquery.min.js responded 304 in 1.2814 ms
2026-07-13 21:09:16.196 +03:00 [INF] HTTP GET /lib/bootstrap/dist/js/bootstrap.bundle.min.js responded 304 in 0.7561 ms
2026-07-13 21:09:16.197 +03:00 [INF] HTTP GET /js/site.js responded 304 in 0.6195 ms
2026-07-13 21:09:16.198 +03:00 [INF] HTTP GET /js/pos.js responded 200 in 1.5486 ms
2026-07-13 21:09:17.814 +03:00 [INF] HTTP GET /Inventory responded 200 in 39.6964 ms
2026-07-13 21:09:17.871 +03:00 [INF] HTTP GET /lib/bootstrap/dist/css/bootstrap.min.css responded 304 in 2.3104 ms
2026-07-13 21:09:17.876 +03:00 [INF] HTTP GET /css/site.css responded 304 in 1.3875 ms
2026-07-13 21:09:17.879 +03:00 [INF] HTTP GET /Biktal.WebMVC.styles.css responded 304 in 2.4013 ms
2026-07-13 21:09:17.881 +03:00 [INF] HTTP GET /lib/jquery/dist/jquery.min.js responded 304 in 0.5718 ms
2026-07-13 21:09:17.884 +03:00 [INF] HTTP GET /lib/bootstrap/dist/js/bootstrap.bundle.min.js responded 304 in 0.7311 ms
2026-07-13 21:09:17.885 +03:00 [INF] HTTP GET /js/site.js responded 304 in 0.3822 ms
2026-07-13 21:09:20.912 +03:00 [INF] HTTP GET /Inventory/Products responded 200 in 186.5059 ms
2026-07-13 21:09:20.954 +03:00 [INF] HTTP GET /lib/bootstrap/dist/css/bootstrap.min.css responded 304 in 0.5528 ms
2026-07-13 21:09:20.955 +03:00 [INF] HTTP GET /css/site.css responded 304 in 0.4074 ms
2026-07-13 21:09:20.957 +03:00 [INF] HTTP GET /Biktal.WebMVC.styles.css responded 304 in 1.2604 ms
2026-07-13 21:09:21.710 +03:00 [INF] HTTP GET /lib/jquery/dist/jquery.min.js responded 304 in 1.1568 ms
2026-07-13 21:09:21.734 +03:00 [INF] HTTP GET /js/site.js responded 304 in 0.3200 ms
2026-07-13 21:09:21.734 +03:00 [INF] HTTP GET /lib/bootstrap/dist/js/bootstrap.bundle.min.js responded 304 in 0.3921 ms
2026-07-13 21:09:21.735 +03:00 [INF] HTTP GET /lib/jquery-validation-unobtrusive/dist/jquery.validate.unobtrusive.min.js responded 304 in 0.4092 ms
2026-07-13 21:09:21.738 +03:00 [INF] HTTP GET /lib/jquery-validation/dist/jquery.validate.min.js responded 304 in 0.7645 ms
2026-07-13 21:09:21.742 +03:00 [INF] HTTP GET /js/products-catalog-filter.js responded 200 in 6.2533 ms
2026-07-13 21:10:16.517 +03:00 [INF] HTTP GET /Pos responded 200 in 24.6223 ms
2026-07-13 21:10:16.596 +03:00 [INF] HTTP GET /lib/bootstrap/dist/css/bootstrap.min.css responded 200 in 0.9283 ms
2026-07-13 21:10:16.614 +03:00 [INF] HTTP GET /Biktal.WebMVC.styles.css responded 304 in 0.3187 ms
2026-07-13 21:10:16.614 +03:00 [INF] HTTP GET /css/site.css responded 304 in 0.3680 ms
2026-07-13 21:10:16.617 +03:00 [INF] HTTP GET /lib/jquery/dist/jquery.min.js responded 304 in 0.4180 ms
2026-07-13 21:10:16.621 +03:00 [INF] HTTP GET /lib/bootstrap/dist/js/bootstrap.bundle.min.js responded 304 in 0.4326 ms
2026-07-13 21:10:16.621 +03:00 [INF] HTTP GET /js/site.js responded 304 in 0.4653 ms
2026-07-13 21:10:16.624 +03:00 [INF] HTTP GET /js/pos.js responded 304 in 0.5207 ms
2026-07-13 21:10:17.773 +03:00 [INF] HTTP GET /Dashboard responded 200 in 7.5137 ms
2026-07-13 21:10:17.840 +03:00 [INF] HTTP GET /lib/bootstrap/dist/css/bootstrap.min.css responded 304 in 0.4044 ms
2026-07-13 21:10:17.841 +03:00 [INF] HTTP GET /Biktal.WebMVC.styles.css responded 304 in 0.3592 ms
2026-07-13 21:10:17.841 +03:00 [INF] HTTP GET /css/site.css responded 304 in 0.2792 ms
2026-07-13 21:10:17.843 +03:00 [INF] HTTP GET /lib/jquery/dist/jquery.min.js responded 304 in 0.3690 ms
2026-07-13 21:10:17.844 +03:00 [INF] HTTP GET /lib/bootstrap/dist/js/bootstrap.bundle.min.js responded 304 in 0.3726 ms
2026-07-13 21:10:17.845 +03:00 [INF] HTTP GET /js/site.js responded 304 in 0.3361 ms
2026-07-13 21:10:19.988 +03:00 [INF] HTTP GET /Pos responded 200 in 13.6862 ms
2026-07-13 21:10:20.049 +03:00 [INF] HTTP GET /lib/bootstrap/dist/css/bootstrap.min.css responded 304 in 0.4888 ms
2026-07-13 21:10:20.066 +03:00 [INF] HTTP GET /css/site.css responded 304 in 0.3779 ms
2026-07-13 21:10:20.067 +03:00 [INF] HTTP GET /Biktal.WebMVC.styles.css responded 304 in 0.3122 ms
2026-07-13 21:10:20.067 +03:00 [INF] HTTP GET /lib/jquery/dist/jquery.min.js responded 304 in 0.2858 ms
2026-07-13 21:10:20.068 +03:00 [INF] HTTP GET /lib/bootstrap/dist/js/bootstrap.bundle.min.js responded 304 in 0.3158 ms
2026-07-13 21:10:20.068 +03:00 [INF] HTTP GET /js/site.js responded 304 in 0.3688 ms
2026-07-13 21:10:20.069 +03:00 [INF] HTTP GET /js/pos.js responded 304 in 0.6812 ms
2026-07-13 21:10:22.411 +03:00 [INF] HTTP GET /Insights responded 200 in 30.8477 ms
2026-07-13 21:10:22.464 +03:00 [INF] HTTP GET /lib/bootstrap/dist/css/bootstrap.min.css responded 304 in 0.3672 ms
2026-07-13 21:10:22.475 +03:00 [INF] HTTP GET /Biktal.WebMVC.styles.css responded 304 in 0.4218 ms
2026-07-13 21:10:22.475 +03:00 [INF] HTTP GET /css/site.css responded 304 in 0.3377 ms
2026-07-13 21:10:22.476 +03:00 [INF] HTTP GET /lib/jquery/dist/jquery.min.js responded 304 in 0.6890 ms
2026-07-13 21:10:22.477 +03:00 [INF] HTTP GET /lib/bootstrap/dist/js/bootstrap.bundle.min.js responded 304 in 0.3976 ms
2026-07-13 21:10:22.478 +03:00 [INF] HTTP GET /js/site.js responded 304 in 0.4466 ms
2026-07-13 21:10:23.151 +03:00 [WRN] The query uses the 'First'/'FirstOrDefault' operator without 'OrderBy' and filter operators. This may lead to unpredictable results.
2026-07-13 21:10:23.161 +03:00 [WRN] The query uses the 'First'/'FirstOrDefault' operator without 'OrderBy' and filter operators. This may lead to unpredictable results.
2026-07-13 21:10:23.186 +03:00 [INF] HTTP GET /Operations responded 200 in 52.2108 ms
2026-07-13 21:10:23.246 +03:00 [INF] HTTP GET /lib/bootstrap/dist/css/bootstrap.min.css responded 304 in 0.9055 ms
2026-07-13 21:10:23.254 +03:00 [INF] HTTP GET /css/site.css responded 304 in 0.3581 ms
2026-07-13 21:10:23.257 +03:00 [INF] HTTP GET /Biktal.WebMVC.styles.css responded 304 in 2.3243 ms
2026-07-13 21:10:23.257 +03:00 [INF] HTTP GET /lib/jquery/dist/jquery.min.js responded 304 in 2.6736 ms
2026-07-13 21:10:23.260 +03:00 [INF] HTTP GET /lib/bootstrap/dist/js/bootstrap.bundle.min.js responded 304 in 2.2857 ms
2026-07-13 21:10:23.261 +03:00 [INF] HTTP GET /js/site.js responded 304 in 0.6237 ms
2026-07-13 21:10:26.329 +03:00 [INF] HTTP GET /Finance responded 200 in 10.4752 ms
2026-07-13 21:10:26.392 +03:00 [INF] HTTP GET /lib/bootstrap/dist/css/bootstrap.min.css responded 304 in 0.4123 ms
2026-07-13 21:10:26.405 +03:00 [INF] HTTP GET /css/site.css responded 304 in 1.7766 ms
2026-07-13 21:10:26.408 +03:00 [INF] HTTP GET /Biktal.WebMVC.styles.css responded 304 in 1.9697 ms
2026-07-13 21:10:26.409 +03:00 [INF] HTTP GET /lib/jquery/dist/jquery.min.js responded 304 in 0.7385 ms
2026-07-13 21:10:26.413 +03:00 [INF] HTTP GET /lib/bootstrap/dist/js/bootstrap.bundle.min.js responded 304 in 1.5725 ms
2026-07-13 21:10:26.414 +03:00 [INF] HTTP GET /js/site.js responded 304 in 0.4691 ms
2026-07-13 21:10:28.570 +03:00 [INF] HTTP GET /Finance/Accounting responded 200 in 12.0362 ms
2026-07-13 21:10:28.628 +03:00 [INF] HTTP GET /lib/bootstrap/dist/css/bootstrap.min.css responded 304 in 0.3677 ms
2026-07-13 21:10:28.642 +03:00 [INF] HTTP GET /css/site.css responded 304 in 0.3718 ms
2026-07-13 21:10:28.642 +03:00 [INF] HTTP GET /Biktal.WebMVC.styles.css responded 304 in 0.3113 ms
2026-07-13 21:10:28.643 +03:00 [INF] HTTP GET /lib/jquery/dist/jquery.min.js responded 304 in 0.5338 ms
2026-07-13 21:10:28.645 +03:00 [INF] HTTP GET /lib/bootstrap/dist/js/bootstrap.bundle.min.js responded 304 in 0.3537 ms
2026-07-13 21:10:28.645 +03:00 [INF] HTTP GET /js/site.js responded 304 in 0.3069 ms
2026-07-13 21:10:35.736 +03:00 [INF] HTTP GET /Finance/Cashbox responded 200 in 162.9718 ms
2026-07-13 21:10:35.815 +03:00 [INF] HTTP GET /css/site.css responded 304 in 1.6368 ms
2026-07-13 21:10:35.815 +03:00 [INF] HTTP GET /Biktal.WebMVC.styles.css responded 304 in 0.4210 ms
2026-07-13 21:10:35.815 +03:00 [INF] HTTP GET /lib/bootstrap/dist/css/bootstrap.min.css responded 304 in 0.3505 ms
2026-07-13 21:10:35.816 +03:00 [INF] HTTP GET /lib/jquery/dist/jquery.min.js responded 304 in 0.3124 ms
2026-07-13 21:10:35.816 +03:00 [INF] HTTP GET /lib/bootstrap/dist/js/bootstrap.bundle.min.js responded 304 in 0.2348 ms
2026-07-13 21:10:35.819 +03:00 [INF] HTTP GET /js/site.js responded 304 in 1.0591 ms
2026-07-13 21:10:35.820 +03:00 [INF] HTTP GET /lib/jquery-validation/dist/jquery.validate.min.js responded 304 in 1.1204 ms
2026-07-13 21:10:35.823 +03:00 [INF] HTTP GET /lib/jquery-validation-unobtrusive/dist/jquery.validate.unobtrusive.min.js responded 304 in 0.5085 ms
2026-07-13 21:11:04.868 +03:00 [INF] HTTP GET /Dashboard responded 200 in 12.2332 ms
2026-07-13 21:11:04.946 +03:00 [INF] HTTP GET /lib/bootstrap/dist/css/bootstrap.min.css responded 200 in 11.9935 ms
2026-07-13 21:11:04.951 +03:00 [INF] HTTP GET /Biktal.WebMVC.styles.css responded 304 in 1.0021 ms
2026-07-13 21:11:04.950 +03:00 [INF] HTTP GET /css/site.css responded 304 in 0.8785 ms
2026-07-13 21:11:04.952 +03:00 [INF] HTTP GET /lib/jquery/dist/jquery.min.js responded 304 in 0.4292 ms
2026-07-13 21:11:04.952 +03:00 [INF] HTTP GET /lib/bootstrap/dist/js/bootstrap.bundle.min.js responded 304 in 0.3198 ms
2026-07-13 21:11:04.953 +03:00 [INF] HTTP GET /js/site.js responded 304 in 0.4216 ms
2026-07-13 21:11:06.615 +03:00 [INF] HTTP GET /Pos responded 200 in 17.0947 ms
2026-07-13 21:11:06.681 +03:00 [INF] HTTP GET /lib/bootstrap/dist/css/bootstrap.min.css responded 304 in 0.6352 ms
2026-07-13 21:11:06.693 +03:00 [INF] HTTP GET /css/site.css responded 304 in 0.4567 ms
2026-07-13 21:11:06.693 +03:00 [INF] HTTP GET /Biktal.WebMVC.styles.css responded 304 in 0.7735 ms
2026-07-13 21:11:06.694 +03:00 [INF] HTTP GET /lib/jquery/dist/jquery.min.js responded 304 in 0.3986 ms
2026-07-13 21:11:06.696 +03:00 [INF] HTTP GET /lib/bootstrap/dist/js/bootstrap.bundle.min.js responded 304 in 0.3986 ms
2026-07-13 21:11:06.697 +03:00 [INF] HTTP GET /js/site.js responded 304 in 0.3002 ms
2026-07-13 21:11:06.697 +03:00 [INF] HTTP GET /js/pos.js responded 304 in 0.2633 ms
2026-07-13 21:11:07.432 +03:00 [INF] HTTP GET /Inventory responded 200 in 17.0497 ms
2026-07-13 21:11:07.494 +03:00 [INF] HTTP GET /lib/bootstrap/dist/css/bootstrap.min.css responded 304 in 0.7290 ms
2026-07-13 21:11:07.503 +03:00 [INF] HTTP GET /css/site.css responded 304 in 0.9232 ms
2026-07-13 21:11:07.504 +03:00 [INF] HTTP GET /Biktal.WebMVC.styles.css responded 304 in 2.1867 ms
2026-07-13 21:11:07.504 +03:00 [INF] HTTP GET /lib/bootstrap/dist/js/bootstrap.bundle.min.js responded 304 in 1.1498 ms
2026-07-13 21:11:07.505 +03:00 [INF] HTTP GET /js/site.js responded 304 in 0.3793 ms
2026-07-13 21:11:07.506 +03:00 [INF] HTTP GET /lib/jquery/dist/jquery.min.js responded 304 in 0.4715 ms
2026-07-13 21:11:10.324 +03:00 [INF] HTTP GET /Inventory/Products responded 200 in 84.3303 ms
2026-07-13 21:11:10.361 +03:00 [INF] HTTP GET /lib/bootstrap/dist/css/bootstrap.min.css responded 304 in 0.6587 ms
2026-07-13 21:11:10.365 +03:00 [INF] HTTP GET /Biktal.WebMVC.styles.css responded 304 in 0.3066 ms
2026-07-13 21:11:10.365 +03:00 [INF] HTTP GET /css/site.css responded 304 in 0.4418 ms
2026-07-13 21:11:11.184 +03:00 [INF] HTTP GET /lib/jquery/dist/jquery.min.js responded 304 in 0.2449 ms
2026-07-13 21:11:11.209 +03:00 [INF] HTTP GET /lib/bootstrap/dist/js/bootstrap.bundle.min.js responded 304 in 0.4434 ms
2026-07-13 21:11:11.212 +03:00 [INF] HTTP GET /js/site.js responded 304 in 1.1384 ms
2026-07-13 21:11:11.212 +03:00 [INF] HTTP GET /lib/jquery-validation/dist/jquery.validate.min.js responded 304 in 0.4140 ms
2026-07-13 21:11:11.213 +03:00 [INF] HTTP GET /lib/jquery-validation-unobtrusive/dist/jquery.validate.unobtrusive.min.js responded 304 in 0.5705 ms
2026-07-13 21:11:11.216 +03:00 [INF] HTTP GET /js/products-catalog-filter.js responded 200 in 2.2978 ms
2026-07-13 21:11:12.683 +03:00 [INF] HTTP GET /Inventory/Import responded 200 in 15.8273 ms
2026-07-13 21:11:12.743 +03:00 [INF] HTTP GET /lib/bootstrap/dist/css/bootstrap.min.css responded 304 in 3.7760 ms
2026-07-13 21:11:12.752 +03:00 [INF] HTTP GET /Biktal.WebMVC.styles.css responded 304 in 0.3648 ms
2026-07-13 21:11:12.752 +03:00 [INF] HTTP GET /css/site.css responded 304 in 0.5549 ms
2026-07-13 21:11:12.754 +03:00 [INF] HTTP GET /lib/jquery/dist/jquery.min.js responded 304 in 0.9418 ms
2026-07-13 21:11:12.758 +03:00 [INF] HTTP GET /lib/bootstrap/dist/js/bootstrap.bundle.min.js responded 304 in 0.3476 ms
2026-07-13 21:11:12.758 +03:00 [INF] HTTP GET /js/site.js responded 304 in 0.3220 ms
2026-07-13 21:11:20.524 +03:00 [INF] HTTP GET /Inventory/Products responded 200 in 70.2195 ms
2026-07-13 21:11:20.570 +03:00 [INF] HTTP GET /lib/bootstrap/dist/css/bootstrap.min.css responded 304 in 0.6486 ms
2026-07-13 21:11:20.573 +03:00 [INF] HTTP GET /css/site.css responded 304 in 3.5675 ms
2026-07-13 21:11:20.573 +03:00 [INF] HTTP GET /Biktal.WebMVC.styles.css responded 304 in 0.4018 ms
2026-07-13 21:11:21.313 +03:00 [INF] HTTP GET /lib/jquery/dist/jquery.min.js responded 304 in 0.2562 ms
2026-07-13 21:11:21.336 +03:00 [INF] HTTP GET /lib/bootstrap/dist/js/bootstrap.bundle.min.js responded 304 in 1.8420 ms
2026-07-13 21:11:21.336 +03:00 [INF] HTTP GET /js/site.js responded 304 in 0.3683 ms
2026-07-13 21:11:21.337 +03:00 [INF] HTTP GET /lib/jquery-validation-unobtrusive/dist/jquery.validate.unobtrusive.min.js responded 304 in 0.6070 ms
2026-07-13 21:11:21.337 +03:00 [INF] HTTP GET /lib/jquery-validation/dist/jquery.validate.min.js responded 304 in 1.0910 ms
2026-07-13 21:11:21.339 +03:00 [INF] HTTP GET /js/products-catalog-filter.js responded 304 in 0.7232 ms
2026-07-13 21:11:22.072 +03:00 [INF] HTTP GET /Inventory/Import responded 200 in 4.7097 ms
2026-07-13 21:11:22.169 +03:00 [INF] HTTP GET /lib/bootstrap/dist/css/bootstrap.min.css responded 304 in 0.4058 ms
2026-07-13 21:11:22.173 +03:00 [INF] HTTP GET /css/site.css responded 304 in 0.4975 ms
2026-07-13 21:11:22.181 +03:00 [INF] HTTP GET /Biktal.WebMVC.styles.css responded 304 in 0.5975 ms
2026-07-13 21:11:22.183 +03:00 [INF] HTTP GET /lib/jquery/dist/jquery.min.js responded 304 in 0.8551 ms
2026-07-13 21:11:22.183 +03:00 [INF] HTTP GET /lib/bootstrap/dist/js/bootstrap.bundle.min.js responded 304 in 0.3164 ms
2026-07-13 21:11:22.183 +03:00 [INF] HTTP GET /js/site.js responded 304 in 0.2461 ms
2026-07-13 21:11:28.540 +03:00 [INF] HTTP GET /Inventory/DownloadImportTemplate responded 200 in 4916.8231 ms
2026-07-13 21:12:54.988 +03:00 [INF] HTTP GET /Inventory/DownloadImportTemplate responded 200 in 43.9582 ms
2026-07-13 21:13:05.561 +03:00 [INF] HTTP GET /Inventory/Products responded 200 in 67.3521 ms
2026-07-13 21:13:05.601 +03:00 [INF] HTTP GET /lib/bootstrap/dist/css/bootstrap.min.css responded 200 in 1.1463 ms
2026-07-13 21:13:05.607 +03:00 [INF] HTTP GET /Biktal.WebMVC.styles.css responded 200 in 3.2573 ms
2026-07-13 21:13:05.607 +03:00 [INF] HTTP GET /css/site.css responded 200 in 5.9939 ms
2026-07-13 21:13:06.583 +03:00 [INF] HTTP GET /lib/jquery/dist/jquery.min.js responded 200 in 1.7754 ms
2026-07-13 21:13:06.609 +03:00 [INF] HTTP GET /js/site.js responded 200 in 0.9726 ms
2026-07-13 21:13:06.609 +03:00 [INF] HTTP GET /lib/bootstrap/dist/js/bootstrap.bundle.min.js responded 200 in 0.8372 ms
2026-07-13 21:13:06.610 +03:00 [INF] HTTP GET /lib/jquery-validation-unobtrusive/dist/jquery.validate.unobtrusive.min.js responded 200 in 0.6921 ms
2026-07-13 21:13:06.610 +03:00 [INF] HTTP GET /lib/jquery-validation/dist/jquery.validate.min.js responded 200 in 1.0718 ms
2026-07-13 21:13:06.639 +03:00 [INF] HTTP GET /js/products-catalog-filter.js responded 200 in 1.5844 ms
2026-07-13 21:13:09.381 +03:00 [INF] HTTP GET /Inventory/Import responded 200 in 5.0976 ms
2026-07-13 21:13:09.477 +03:00 [INF] HTTP GET /lib/bootstrap/dist/css/bootstrap.min.css responded 304 in 0.5176 ms
2026-07-13 21:13:09.486 +03:00 [INF] HTTP GET /css/site.css responded 304 in 0.3837 ms
2026-07-13 21:13:09.486 +03:00 [INF] HTTP GET /Biktal.WebMVC.styles.css responded 304 in 0.3758 ms
2026-07-13 21:13:09.490 +03:00 [INF] HTTP GET /lib/jquery/dist/jquery.min.js responded 304 in 2.7420 ms
2026-07-13 21:13:09.498 +03:00 [INF] HTTP GET /lib/bootstrap/dist/js/bootstrap.bundle.min.js responded 304 in 0.4048 ms
2026-07-13 21:13:09.499 +03:00 [INF] HTTP GET /js/site.js responded 304 in 0.3623 ms
2026-07-13 21:13:20.281 +03:00 [INF] HTTP GET /Inventory/Products responded 200 in 67.4295 ms
2026-07-13 21:13:20.317 +03:00 [INF] HTTP GET /css/site.css responded 304 in 0.4501 ms
2026-07-13 21:13:20.318 +03:00 [INF] HTTP GET /lib/bootstrap/dist/css/bootstrap.min.css responded 200 in 1.4021 ms
2026-07-13 21:13:20.319 +03:00 [INF] HTTP GET /Biktal.WebMVC.styles.css responded 304 in 0.6054 ms
2026-07-13 21:13:21.099 +03:00 [INF] HTTP GET /lib/jquery/dist/jquery.min.js responded 304 in 0.2631 ms
2026-07-13 21:13:21.121 +03:00 [INF] HTTP GET /lib/bootstrap/dist/js/bootstrap.bundle.min.js responded 304 in 0.4410 ms
2026-07-13 21:13:21.122 +03:00 [INF] HTTP GET /js/site.js responded 304 in 0.5771 ms
2026-07-13 21:13:21.124 +03:00 [INF] HTTP GET /lib/jquery-validation/dist/jquery.validate.min.js responded 304 in 1.8348 ms
2026-07-13 21:13:21.125 +03:00 [INF] HTTP GET /lib/jquery-validation-unobtrusive/dist/jquery.validate.unobtrusive.min.js responded 304 in 0.5177 ms
2026-07-13 21:13:21.130 +03:00 [INF] HTTP GET /js/products-catalog-filter.js responded 304 in 0.4650 ms
2026-07-13 21:13:22.324 +03:00 [INF] HTTP GET /Inventory/Import responded 200 in 1.0822 ms
2026-07-13 21:13:22.377 +03:00 [INF] HTTP GET /lib/bootstrap/dist/css/bootstrap.min.css responded 304 in 0.5428 ms
2026-07-13 21:13:22.399 +03:00 [INF] HTTP GET /css/site.css responded 304 in 0.4285 ms
2026-07-13 21:13:22.400 +03:00 [INF] HTTP GET /Biktal.WebMVC.styles.css responded 304 in 0.4908 ms
2026-07-13 21:13:22.404 +03:00 [INF] HTTP GET /lib/jquery/dist/jquery.min.js responded 304 in 0.5651 ms
2026-07-13 21:13:22.405 +03:00 [INF] HTTP GET /lib/bootstrap/dist/js/bootstrap.bundle.min.js responded 304 in 0.3836 ms
2026-07-13 21:13:22.406 +03:00 [INF] HTTP GET /js/site.js responded 304 in 0.8782 ms
2026-07-13 21:13:24.730 +03:00 [INF] HTTP GET /Inventory/Products responded 200 in 53.2362 ms
2026-07-13 21:13:24.776 +03:00 [INF] HTTP GET /lib/bootstrap/dist/css/bootstrap.min.css responded 304 in 0.3758 ms
2026-07-13 21:13:24.776 +03:00 [INF] HTTP GET /css/site.css responded 304 in 0.3759 ms
2026-07-13 21:13:24.776 +03:00 [INF] HTTP GET /Biktal.WebMVC.styles.css responded 304 in 0.3673 ms
2026-07-13 21:13:25.490 +03:00 [INF] HTTP GET /lib/jquery/dist/jquery.min.js responded 304 in 0.2443 ms
2026-07-13 21:13:25.511 +03:00 [INF] HTTP GET /lib/bootstrap/dist/js/bootstrap.bundle.min.js responded 304 in 1.1773 ms
2026-07-13 21:13:25.515 +03:00 [INF] HTTP GET /js/site.js responded 304 in 0.9426 ms
2026-07-13 21:13:25.515 +03:00 [INF] HTTP GET /lib/jquery-validation/dist/jquery.validate.min.js responded 304 in 0.4531 ms
2026-07-13 21:13:25.515 +03:00 [INF] HTTP GET /lib/jquery-validation-unobtrusive/dist/jquery.validate.unobtrusive.min.js responded 304 in 0.4524 ms
2026-07-13 21:13:25.516 +03:00 [INF] HTTP GET /js/products-catalog-filter.js responded 304 in 0.4794 ms
2026-07-13 21:14:33.984 +03:00 [INF] HTTP GET /Inventory/Import responded 200 in 2.7308 ms
2026-07-13 21:14:34.050 +03:00 [INF] HTTP GET /lib/bootstrap/dist/css/bootstrap.min.css responded 200 in 1.2914 ms
2026-07-13 21:14:34.058 +03:00 [INF] HTTP GET /Biktal.WebMVC.styles.css responded 304 in 1.6938 ms
2026-07-13 21:14:34.063 +03:00 [INF] HTTP GET /css/site.css responded 304 in 0.9176 ms
2026-07-13 21:14:34.066 +03:00 [INF] HTTP GET /lib/jquery/dist/jquery.min.js responded 304 in 2.7132 ms
2026-07-13 21:14:34.068 +03:00 [INF] HTTP GET /lib/bootstrap/dist/js/bootstrap.bundle.min.js responded 304 in 0.4502 ms
2026-07-13 21:14:34.069 +03:00 [INF] HTTP GET /js/site.js responded 304 in 0.8541 ms
2026-07-13 21:14:38.583 +03:00 [INF] HTTP GET /Inventory/Products responded 200 in 130.3128 ms
2026-07-13 21:14:38.635 +03:00 [INF] HTTP GET /lib/bootstrap/dist/css/bootstrap.min.css responded 200 in 4.5233 ms
2026-07-13 21:14:38.635 +03:00 [INF] HTTP GET /css/site.css responded 200 in 1.5580 ms
2026-07-13 21:14:38.636 +03:00 [INF] HTTP GET /Biktal.WebMVC.styles.css responded 200 in 1.6747 ms
2026-07-13 21:14:39.652 +03:00 [INF] HTTP GET /lib/jquery/dist/jquery.min.js responded 200 in 0.7117 ms
2026-07-13 21:14:39.678 +03:00 [INF] HTTP GET /lib/bootstrap/dist/js/bootstrap.bundle.min.js responded 200 in 1.1678 ms
2026-07-13 21:14:39.678 +03:00 [INF] HTTP GET /js/site.js responded 200 in 0.7696 ms
2026-07-13 21:14:39.678 +03:00 [INF] HTTP GET /lib/jquery-validation/dist/jquery.validate.min.js responded 200 in 0.8183 ms
2026-07-13 21:14:39.678 +03:00 [INF] HTTP GET /lib/jquery-validation-unobtrusive/dist/jquery.validate.unobtrusive.min.js responded 200 in 0.8777 ms
2026-07-13 21:14:39.680 +03:00 [INF] HTTP GET /js/products-catalog-filter.js responded 200 in 1.5326 ms
2026-07-13 21:26:39.577 +03:00 [INF] HTTP GET /Dashboard responded 200 in 190.9199 ms
2026-07-13 21:26:39.640 +03:00 [INF] HTTP GET /css/site.css responded 200 in 0.9016 ms
2026-07-13 21:26:39.642 +03:00 [INF] HTTP GET /Biktal.WebMVC.styles.css responded 200 in 1.4909 ms
2026-07-13 21:26:39.643 +03:00 [INF] HTTP GET /lib/jquery/dist/jquery.min.js responded 200 in 0.9406 ms
2026-07-13 21:26:39.643 +03:00 [INF] HTTP GET /lib/bootstrap/dist/css/bootstrap.min.css responded 200 in 0.7791 ms
2026-07-13 21:26:39.644 +03:00 [INF] HTTP GET /js/site.js responded 200 in 0.6498 ms
2026-07-13 21:26:39.646 +03:00 [INF] HTTP GET /lib/bootstrap/dist/js/bootstrap.bundle.min.js responded 200 in 1.6811 ms
2026-07-13 21:26:50.171 +03:00 [INF] HTTP GET /Pos responded 200 in 25.5184 ms
2026-07-13 21:26:50.243 +03:00 [INF] HTTP GET /lib/bootstrap/dist/css/bootstrap.min.css responded 200 in 0.8812 ms
2026-07-13 21:26:50.243 +03:00 [INF] HTTP GET /lib/bootstrap/dist/js/bootstrap.bundle.min.js responded 304 in 0.3344 ms
2026-07-13 21:26:50.244 +03:00 [INF] HTTP GET /js/pos.js responded 200 in 0.9976 ms
2026-07-13 21:26:50.245 +03:00 [INF] HTTP GET /Biktal.WebMVC.styles.css responded 200 in 1.8610 ms
2026-07-13 21:26:50.246 +03:00 [INF] HTTP GET /css/site.css responded 200 in 0.8991 ms
2026-07-13 21:26:50.262 +03:00 [INF] HTTP GET /lib/jquery/dist/jquery.min.js responded 304 in 6.5866 ms
2026-07-13 21:26:50.263 +03:00 [INF] HTTP GET /js/site.js responded 304 in 1.0721 ms
2026-07-13 21:27:33.355 +03:00 [INF] HTTP GET /Pos responded 200 in 102.3029 ms
2026-07-13 21:27:33.786 +03:00 [INF] HTTP GET /lib/bootstrap/dist/css/bootstrap.min.css responded 200 in 32.3060 ms
2026-07-13 21:27:33.824 +03:00 [INF] HTTP GET /Biktal.WebMVC.styles.css responded 200 in 1.8295 ms
2026-07-13 21:27:33.922 +03:00 [INF] HTTP GET /css/site.css responded 200 in 1.4972 ms
2026-07-13 21:27:34.472 +03:00 [INF] HTTP GET /js/site.js responded 200 in 0.9847 ms
2026-07-13 21:27:34.473 +03:00 [INF] HTTP GET /js/pos.js responded 200 in 0.8331 ms
2026-07-13 21:27:34.572 +03:00 [INF] HTTP GET /lib/jquery/dist/jquery.min.js responded 200 in 1.1228 ms
2026-07-13 21:27:34.585 +03:00 [INF] HTTP GET /lib/bootstrap/dist/js/bootstrap.bundle.min.js responded 200 in 11.8102 ms
2026-07-13 21:27:35.152 +03:00 [INF] HTTP GET /favicon.ico responded 200 in 44.8885 ms
2026-07-13 21:28:32.820 +03:00 [INF] HTTP GET /Dashboard responded 200 in 9.9145 ms
2026-07-13 21:28:32.909 +03:00 [INF] HTTP GET /lib/bootstrap/dist/css/bootstrap.min.css responded 200 in 4.3010 ms
2026-07-13 21:28:32.918 +03:00 [INF] HTTP GET /css/site.css responded 200 in 2.1582 ms
2026-07-13 21:28:32.922 +03:00 [INF] HTTP GET /Biktal.WebMVC.styles.css responded 200 in 0.8516 ms
2026-07-13 21:28:32.925 +03:00 [INF] HTTP GET /lib/jquery/dist/jquery.min.js responded 304 in 1.2506 ms
2026-07-13 21:28:32.925 +03:00 [INF] HTTP GET /lib/bootstrap/dist/js/bootstrap.bundle.min.js responded 304 in 0.3806 ms
2026-07-13 21:28:32.930 +03:00 [INF] HTTP GET /js/site.js responded 304 in 0.4362 ms
2026-07-13 21:28:36.818 +03:00 [INF] HTTP GET /Pos responded 200 in 17.2382 ms
2026-07-13 21:28:36.894 +03:00 [INF] HTTP GET /lib/bootstrap/dist/css/bootstrap.min.css responded 200 in 6.2045 ms
2026-07-13 21:28:36.903 +03:00 [INF] HTTP GET /css/site.css responded 200 in 3.1170 ms
2026-07-13 21:28:36.905 +03:00 [INF] HTTP GET /lib/jquery/dist/jquery.min.js responded 304 in 0.7985 ms
2026-07-13 21:28:36.908 +03:00 [INF] HTTP GET /Biktal.WebMVC.styles.css responded 200 in 3.5995 ms
2026-07-13 21:28:36.911 +03:00 [INF] HTTP GET /lib/bootstrap/dist/js/bootstrap.bundle.min.js responded 304 in 2.8512 ms
2026-07-13 21:28:36.914 +03:00 [INF] HTTP GET /js/site.js responded 304 in 1.0468 ms
2026-07-13 21:28:36.915 +03:00 [INF] HTTP GET /js/pos.js responded 304 in 0.4183 ms
2026-07-13 21:28:38.376 +03:00 [INF] HTTP GET /Insights responded 200 in 155.9139 ms
2026-07-13 21:28:38.466 +03:00 [INF] HTTP GET /css/site.css responded 200 in 1.0192 ms
2026-07-13 21:28:38.466 +03:00 [INF] HTTP GET /lib/bootstrap/dist/css/bootstrap.min.css responded 200 in 0.9496 ms
2026-07-13 21:28:38.466 +03:00 [INF] HTTP GET /js/site.js responded 304 in 0.3438 ms
2026-07-13 21:28:38.466 +03:00 [INF] HTTP GET /Biktal.WebMVC.styles.css responded 200 in 0.9869 ms
2026-07-13 21:28:38.466 +03:00 [INF] HTTP GET /lib/jquery/dist/jquery.min.js responded 304 in 0.3007 ms
2026-07-13 21:28:38.469 +03:00 [INF] HTTP GET /lib/bootstrap/dist/js/bootstrap.bundle.min.js responded 304 in 0.4095 ms
2026-07-13 21:28:48.247 +03:00 [INF] HTTP GET /Operations responded 200 in 34.8978 ms
2026-07-13 21:28:48.380 +03:00 [INF] HTTP GET /lib/bootstrap/dist/css/bootstrap.min.css responded 200 in 0.9778 ms
2026-07-13 21:28:48.381 +03:00 [INF] HTTP GET /css/site.css responded 200 in 1.0335 ms
2026-07-13 21:28:48.511 +03:00 [INF] HTTP GET /Biktal.WebMVC.styles.css responded 200 in 1.5223 ms
2026-07-13 21:28:48.610 +03:00 [INF] HTTP GET /lib/jquery/dist/jquery.min.js responded 304 in 0.3561 ms
2026-07-13 21:28:48.612 +03:00 [INF] HTTP GET /lib/bootstrap/dist/js/bootstrap.bundle.min.js responded 304 in 1.1016 ms
2026-07-13 21:28:48.616 +03:00 [INF] HTTP GET /js/site.js responded 304 in 0.6708 ms
2026-07-13 21:28:53.954 +03:00 [INF] HTTP GET /Operations/DailySales responded 200 in 42.0084 ms
2026-07-13 21:28:54.028 +03:00 [INF] HTTP GET /css/site.css responded 304 in 0.5907 ms
2026-07-13 21:28:54.029 +03:00 [INF] HTTP GET /lib/bootstrap/dist/css/bootstrap.min.css responded 304 in 0.3742 ms
2026-07-13 21:28:54.029 +03:00 [INF] HTTP GET /lib/jquery/dist/jquery.min.js responded 304 in 0.2760 ms
2026-07-13 21:28:54.029 +03:00 [INF] HTTP GET /lib/bootstrap/dist/js/bootstrap.bundle.min.js responded 304 in 0.3043 ms
2026-07-13 21:28:54.030 +03:00 [INF] HTTP GET /Biktal.WebMVC.styles.css responded 304 in 0.3829 ms
2026-07-13 21:28:54.033 +03:00 [INF] HTTP GET /js/site.js responded 304 in 1.7372 ms
2026-07-13 21:28:59.069 +03:00 [INF] HTTP GET /Operations/MonthlySales responded 200 in 67.3189 ms
2026-07-13 21:28:59.131 +03:00 [INF] HTTP GET /lib/bootstrap/dist/css/bootstrap.min.css responded 200 in 0.9549 ms
2026-07-13 21:28:59.141 +03:00 [INF] HTTP GET /css/site.css responded 304 in 0.4067 ms
2026-07-13 21:28:59.148 +03:00 [INF] HTTP GET /Biktal.WebMVC.styles.css responded 304 in 0.6618 ms
2026-07-13 21:28:59.149 +03:00 [INF] HTTP GET /lib/jquery/dist/jquery.min.js responded 304 in 0.5397 ms
2026-07-13 21:28:59.149 +03:00 [INF] HTTP GET /lib/bootstrap/dist/js/bootstrap.bundle.min.js responded 304 in 0.5968 ms
2026-07-13 21:28:59.154 +03:00 [INF] HTTP GET /js/site.js responded 304 in 0.6456 ms
2026-07-13 21:29:53.906 +03:00 [INF] HTTP GET /Operations/DailySales responded 200 in 19.0317 ms
2026-07-13 21:29:53.974 +03:00 [INF] HTTP GET /lib/bootstrap/dist/css/bootstrap.min.css responded 200 in 1.0899 ms
2026-07-13 21:29:53.983 +03:00 [INF] HTTP GET /Biktal.WebMVC.styles.css responded 304 in 0.5346 ms
2026-07-13 21:29:53.989 +03:00 [INF] HTTP GET /css/site.css responded 304 in 4.9867 ms
2026-07-13 21:29:53.990 +03:00 [INF] HTTP GET /lib/jquery/dist/jquery.min.js responded 304 in 0.9287 ms
2026-07-13 21:29:53.994 +03:00 [INF] HTTP GET /lib/bootstrap/dist/js/bootstrap.bundle.min.js responded 304 in 0.4755 ms
2026-07-13 21:29:53.996 +03:00 [INF] HTTP GET /js/site.js responded 304 in 0.6734 ms
2026-07-13 21:29:57.959 +03:00 [INF] HTTP GET /Operations/DailySales responded 200 in 14.0556 ms
2026-07-13 21:29:58.045 +03:00 [INF] HTTP GET /Biktal.WebMVC.styles.css responded 200 in 0.7704 ms
2026-07-13 21:29:58.045 +03:00 [INF] HTTP GET /css/site.css responded 200 in 0.8528 ms
2026-07-13 21:29:58.047 +03:00 [INF] HTTP GET /lib/jquery/dist/jquery.min.js responded 200 in 0.9621 ms
2026-07-13 21:29:58.047 +03:00 [INF] HTTP GET /lib/bootstrap/dist/js/bootstrap.bundle.min.js responded 200 in 1.1459 ms
2026-07-13 21:29:58.047 +03:00 [INF] HTTP GET /lib/bootstrap/dist/css/bootstrap.min.css responded 200 in 0.9231 ms
2026-07-13 21:29:58.058 +03:00 [INF] HTTP GET /js/site.js responded 200 in 3.1783 ms
2026-07-13 21:39:20.014 +03:00 [INF] HTTP GET /Inventory responded 200 in 105.7750 ms
2026-07-13 21:39:20.080 +03:00 [INF] HTTP GET /lib/bootstrap/dist/css/bootstrap.min.css responded 200 in 2.3292 ms
2026-07-13 21:39:20.083 +03:00 [INF] HTTP GET /Biktal.WebMVC.styles.css responded 200 in 3.6635 ms
2026-07-13 21:39:20.086 +03:00 [INF] HTTP GET /lib/jquery/dist/jquery.min.js responded 200 in 0.9387 ms
2026-07-13 21:39:20.088 +03:00 [INF] HTTP GET /js/site.js responded 200 in 1.8865 ms
2026-07-13 21:39:20.093 +03:00 [INF] HTTP GET /lib/bootstrap/dist/js/bootstrap.bundle.min.js responded 200 in 1.3906 ms
2026-07-13 21:39:20.106 +03:00 [INF] HTTP GET /css/site.css responded 200 in 3.2659 ms
2026-07-13 21:39:22.417 +03:00 [INF] HTTP GET /Inventory/Products responded 200 in 197.6424 ms
2026-07-13 21:39:22.471 +03:00 [INF] HTTP GET /lib/bootstrap/dist/css/bootstrap.min.css responded 200 in 1.8052 ms
2026-07-13 21:39:22.478 +03:00 [INF] HTTP GET /Biktal.WebMVC.styles.css responded 200 in 2.4681 ms
2026-07-13 21:39:22.480 +03:00 [INF] HTTP GET /css/site.css responded 200 in 1.4582 ms
2026-07-13 21:39:23.256 +03:00 [INF] HTTP GET /lib/jquery/dist/jquery.min.js responded 304 in 0.2655 ms
2026-07-13 21:39:23.281 +03:00 [INF] HTTP GET /lib/bootstrap/dist/js/bootstrap.bundle.min.js responded 304 in 0.5721 ms
2026-07-13 21:39:23.282 +03:00 [INF] HTTP GET /js/site.js responded 304 in 0.4411 ms
2026-07-13 21:39:23.283 +03:00 [INF] HTTP GET /lib/jquery-validation/dist/jquery.validate.min.js responded 200 in 1.1222 ms
2026-07-13 21:39:23.285 +03:00 [INF] HTTP GET /lib/jquery-validation-unobtrusive/dist/jquery.validate.unobtrusive.min.js responded 200 in 2.6944 ms
2026-07-13 21:39:23.292 +03:00 [INF] HTTP GET /js/products-catalog-filter.js responded 200 in 1.2025 ms
2026-07-13 21:40:33.469 +03:00 [INF] HTTP GET /Operations responded 200 in 30.6320 ms
2026-07-13 21:40:33.526 +03:00 [INF] HTTP GET /css/site.css responded 200 in 3.2789 ms
2026-07-13 21:40:33.526 +03:00 [INF] HTTP GET /lib/bootstrap/dist/css/bootstrap.min.css responded 200 in 2.9075 ms
2026-07-13 21:40:33.532 +03:00 [INF] HTTP GET /lib/jquery/dist/jquery.min.js responded 200 in 2.4093 ms
2026-07-13 21:40:33.537 +03:00 [INF] HTTP GET /Biktal.WebMVC.styles.css responded 200 in 6.0068 ms
2026-07-13 21:40:33.539 +03:00 [INF] HTTP GET /lib/bootstrap/dist/js/bootstrap.bundle.min.js responded 200 in 1.6150 ms
2026-07-13 21:40:33.541 +03:00 [INF] HTTP GET /js/site.js responded 200 in 3.4704 ms
2026-07-13 21:40:37.521 +03:00 [INF] HTTP GET /Operations/Sales responded 200 in 96.3032 ms
2026-07-13 21:40:37.598 +03:00 [INF] HTTP GET /lib/bootstrap/dist/css/bootstrap.min.css responded 200 in 0.9597 ms
2026-07-13 21:40:37.598 +03:00 [INF] HTTP GET /Biktal.WebMVC.styles.css responded 200 in 0.6193 ms
2026-07-13 21:40:37.598 +03:00 [INF] HTTP GET /css/site.css responded 200 in 2.2418 ms
2026-07-13 21:40:37.600 +03:00 [INF] HTTP GET /lib/jquery/dist/jquery.min.js responded 200 in 1.8799 ms
2026-07-13 21:40:37.603 +03:00 [INF] HTTP GET /lib/bootstrap/dist/js/bootstrap.bundle.min.js responded 200 in 1.7618 ms
2026-07-13 21:40:37.606 +03:00 [INF] HTTP GET /js/site.js responded 200 in 1.5592 ms
2026-07-13 21:43:11.947 +03:00 [INF] HTTP GET /Operations/LowStock responded 200 in 46.8000 ms
2026-07-13 21:43:12.014 +03:00 [INF] HTTP GET /css/site.css responded 200 in 0.7656 ms
2026-07-13 21:43:12.014 +03:00 [INF] HTTP GET /lib/bootstrap/dist/css/bootstrap.min.css responded 200 in 0.6687 ms
2026-07-13 21:43:12.017 +03:00 [INF] HTTP GET /Biktal.WebMVC.styles.css responded 200 in 1.9157 ms
2026-07-13 21:43:12.747 +03:00 [INF] HTTP GET /lib/jquery/dist/jquery.min.js responded 200 in 0.8668 ms
2026-07-13 21:43:12.747 +03:00 [INF] HTTP GET /lib/bootstrap/dist/js/bootstrap.bundle.min.js responded 200 in 0.7789 ms
2026-07-13 21:43:12.748 +03:00 [INF] HTTP GET /js/site.js responded 200 in 0.6851 ms
2026-07-13 21:43:14.202 +03:00 [INF] HTTP GET /Operations/Inventory responded 200 in 77.3009 ms
2026-07-13 21:43:14.259 +03:00 [INF] HTTP GET /lib/bootstrap/dist/css/bootstrap.min.css responded 304 in 0.4205 ms
2026-07-13 21:43:14.262 +03:00 [INF] HTTP GET /css/site.css responded 304 in 1.2219 ms
2026-07-13 21:43:14.264 +03:00 [INF] HTTP GET /Biktal.WebMVC.styles.css responded 304 in 1.7806 ms
2026-07-13 21:43:14.265 +03:00 [INF] HTTP GET /lib/jquery/dist/jquery.min.js responded 304 in 0.3803 ms
2026-07-13 21:43:14.265 +03:00 [INF] HTTP GET /lib/bootstrap/dist/js/bootstrap.bundle.min.js responded 304 in 0.3525 ms
2026-07-13 21:43:14.273 +03:00 [INF] HTTP GET /js/site.js responded 304 in 1.0070 ms
2026-07-13 21:43:16.098 +03:00 [INF] HTTP GET /Operations/DailySales responded 200 in 9.3005 ms
2026-07-13 21:43:16.158 +03:00 [INF] HTTP GET /lib/bootstrap/dist/css/bootstrap.min.css responded 304 in 0.6580 ms
2026-07-13 21:43:16.159 +03:00 [INF] HTTP GET /css/site.css responded 304 in 0.3819 ms
2026-07-13 21:43:16.162 +03:00 [INF] HTTP GET /Biktal.WebMVC.styles.css responded 304 in 0.6333 ms
2026-07-13 21:43:16.166 +03:00 [INF] HTTP GET /lib/jquery/dist/jquery.min.js responded 304 in 1.2215 ms
2026-07-13 21:43:16.169 +03:00 [INF] HTTP GET /lib/bootstrap/dist/js/bootstrap.bundle.min.js responded 304 in 0.4236 ms
2026-07-13 21:43:16.169 +03:00 [INF] HTTP GET /js/site.js responded 304 in 0.4196 ms
2026-07-13 21:43:18.501 +03:00 [INF] HTTP GET /Insights responded 200 in 21.2576 ms
2026-07-13 21:43:18.560 +03:00 [INF] HTTP GET /lib/bootstrap/dist/css/bootstrap.min.css responded 304 in 0.3416 ms
2026-07-13 21:43:18.560 +03:00 [INF] HTTP GET /css/site.css responded 304 in 0.3080 ms
2026-07-13 21:43:18.562 +03:00 [INF] HTTP GET /Biktal.WebMVC.styles.css responded 304 in 0.4145 ms
2026-07-13 21:43:18.566 +03:00 [INF] HTTP GET /lib/jquery/dist/jquery.min.js responded 304 in 1.2545 ms
2026-07-13 21:43:18.567 +03:00 [INF] HTTP GET /lib/bootstrap/dist/js/bootstrap.bundle.min.js responded 304 in 0.3111 ms
2026-07-13 21:43:18.567 +03:00 [INF] HTTP GET /js/site.js responded 304 in 0.2746 ms
2026-07-13 21:49:04.277 +03:00 [INF] HTTP GET /Pos responded 200 in 167.5231 ms
2026-07-13 21:49:04.348 +03:00 [INF] HTTP GET /lib/bootstrap/dist/css/bootstrap.min.css responded 200 in 1.0708 ms
2026-07-13 21:49:04.357 +03:00 [INF] HTTP GET /css/site.css responded 200 in 1.0344 ms
2026-07-13 21:49:04.359 +03:00 [INF] HTTP GET /Biktal.WebMVC.styles.css responded 200 in 0.9442 ms
2026-07-13 21:49:04.361 +03:00 [INF] HTTP GET /lib/bootstrap/dist/js/bootstrap.bundle.min.js responded 200 in 1.0138 ms
2026-07-13 21:49:04.364 +03:00 [INF] HTTP GET /js/site.js responded 200 in 0.7225 ms
2026-07-13 21:49:04.364 +03:00 [INF] HTTP GET /lib/jquery/dist/jquery.min.js responded 200 in 1.0755 ms
2026-07-13 21:49:04.375 +03:00 [INF] HTTP GET /js/pos.js responded 200 in 6.3851 ms
2026-07-13 21:49:09.991 +03:00 [INF] HTTP GET /Inventory responded 200 in 40.1414 ms
2026-07-13 21:49:10.053 +03:00 [INF] HTTP GET /lib/bootstrap/dist/css/bootstrap.min.css responded 200 in 0.9266 ms
2026-07-13 21:49:10.058 +03:00 [INF] HTTP GET /Biktal.WebMVC.styles.css responded 200 in 3.2852 ms
2026-07-13 21:49:10.060 +03:00 [INF] HTTP GET /css/site.css responded 200 in 1.2475 ms
2026-07-13 21:49:10.063 +03:00 [INF] HTTP GET /lib/jquery/dist/jquery.min.js responded 304 in 0.4220 ms
2026-07-13 21:49:10.064 +03:00 [INF] HTTP GET /lib/bootstrap/dist/js/bootstrap.bundle.min.js responded 304 in 0.7873 ms
2026-07-13 21:49:10.070 +03:00 [INF] HTTP GET /js/site.js responded 304 in 4.8242 ms
2026-07-13 21:49:12.241 +03:00 [INF] HTTP GET /Inventory/Products responded 200 in 127.3718 ms
2026-07-13 21:49:12.295 +03:00 [INF] HTTP GET /css/site.css responded 304 in 0.3687 ms
2026-07-13 21:49:12.296 +03:00 [INF] HTTP GET /Biktal.WebMVC.styles.css responded 304 in 0.3789 ms
2026-07-13 21:49:12.303 +03:00 [INF] HTTP GET /lib/bootstrap/dist/css/bootstrap.min.css responded 304 in 1.7818 ms
2026-07-13 21:49:13.142 +03:00 [INF] HTTP GET /lib/jquery/dist/jquery.min.js responded 304 in 0.3563 ms
2026-07-13 21:49:13.224 +03:00 [INF] HTTP GET /lib/bootstrap/dist/js/bootstrap.bundle.min.js responded 304 in 0.5748 ms
2026-07-13 21:49:13.224 +03:00 [INF] HTTP GET /js/site.js responded 304 in 0.4045 ms
2026-07-13 21:49:13.232 +03:00 [INF] HTTP GET /lib/jquery-validation/dist/jquery.validate.min.js responded 200 in 7.3725 ms
2026-07-13 21:49:13.246 +03:00 [INF] HTTP GET /lib/jquery-validation-unobtrusive/dist/jquery.validate.unobtrusive.min.js responded 200 in 0.8774 ms
2026-07-13 21:49:13.246 +03:00 [INF] HTTP GET /js/products-catalog-filter.js responded 200 in 0.6379 ms
2026-07-13 21:49:36.221 +03:00 [INF] HTTP GET /Inventory/PurchaseOrders responded 200 in 128.9793 ms
2026-07-13 21:49:36.340 +03:00 [INF] HTTP GET /css/site.css responded 304 in 0.3777 ms
2026-07-13 21:49:36.339 +03:00 [INF] HTTP GET /lib/bootstrap/dist/css/bootstrap.min.css responded 200 in 1.1159 ms
2026-07-13 21:49:36.340 +03:00 [INF] HTTP GET /lib/jquery/dist/jquery.min.js responded 304 in 0.3145 ms
2026-07-13 21:49:36.340 +03:00 [INF] HTTP GET /Biktal.WebMVC.styles.css responded 304 in 0.3657 ms
2026-07-13 21:49:36.342 +03:00 [INF] HTTP GET /lib/bootstrap/dist/js/bootstrap.bundle.min.js responded 304 in 0.4199 ms
2026-07-13 21:49:36.345 +03:00 [INF] HTTP GET /lib/jquery-validation/dist/jquery.validate.min.js responded 304 in 2.3962 ms
2026-07-13 21:49:36.347 +03:00 [INF] HTTP GET /js/site.js responded 304 in 0.5041 ms
2026-07-13 21:49:36.352 +03:00 [INF] HTTP GET /lib/jquery-validation-unobtrusive/dist/jquery.validate.unobtrusive.min.js responded 304 in 5.9621 ms
2026-07-13 21:50:08.516 +03:00 [INF] HTTP POST /Inventory/CreatePurchaseOrder responded 302 in 206.3755 ms
2026-07-13 21:50:08.686 +03:00 [INF] HTTP GET /Inventory/PurchaseOrderDetail/d3e319ac-8da7-4d75-a366-5bf6c2c5be2a responded 200 in 158.1096 ms
2026-07-13 21:50:08.757 +03:00 [INF] HTTP GET /lib/bootstrap/dist/css/bootstrap.min.css responded 200 in 1.3652 ms
2026-07-13 21:50:08.772 +03:00 [INF] HTTP GET /css/site.css responded 304 in 0.4215 ms
2026-07-13 21:50:08.774 +03:00 [INF] HTTP GET /Biktal.WebMVC.styles.css responded 304 in 1.9879 ms
2026-07-13 21:50:08.775 +03:00 [INF] HTTP GET /lib/jquery/dist/jquery.min.js responded 304 in 0.3839 ms
2026-07-13 21:50:08.777 +03:00 [INF] HTTP GET /lib/bootstrap/dist/js/bootstrap.bundle.min.js responded 304 in 0.5472 ms
2026-07-13 21:50:08.778 +03:00 [INF] HTTP GET /js/site.js responded 304 in 0.6494 ms
2026-07-13 21:50:08.783 +03:00 [INF] HTTP GET /lib/jquery-validation/dist/jquery.validate.min.js responded 304 in 4.9848 ms
2026-07-13 21:50:08.787 +03:00 [INF] HTTP GET /lib/jquery-validation-unobtrusive/dist/jquery.validate.unobtrusive.min.js responded 304 in 0.6519 ms
2026-07-13 21:50:40.976 +03:00 [INF] HTTP POST /Inventory/DeletePurchaseOrder responded 302 in 201.9815 ms
2026-07-13 21:50:41.048 +03:00 [INF] HTTP GET /Inventory/PurchaseOrders responded 200 in 12.9854 ms
2026-07-13 21:50:41.123 +03:00 [INF] HTTP GET /css/site.css responded 304 in 0.3704 ms
2026-07-13 21:50:41.124 +03:00 [INF] HTTP GET /lib/jquery/dist/jquery.min.js responded 304 in 0.3483 ms
2026-07-13 21:50:41.124 +03:00 [INF] HTTP GET /lib/bootstrap/dist/css/bootstrap.min.css responded 200 in 1.8625 ms
2026-07-13 21:50:41.125 +03:00 [INF] HTTP GET /js/site.js responded 304 in 0.4742 ms
2026-07-13 21:50:41.126 +03:00 [INF] HTTP GET /lib/bootstrap/dist/js/bootstrap.bundle.min.js responded 304 in 0.7859 ms
2026-07-13 21:50:41.132 +03:00 [INF] HTTP GET /lib/jquery-validation-unobtrusive/dist/jquery.validate.unobtrusive.min.js responded 304 in 6.0119 ms
2026-07-13 21:50:41.126 +03:00 [INF] HTTP GET /lib/jquery-validation/dist/jquery.validate.min.js responded 304 in 1.3580 ms
2026-07-13 21:50:41.140 +03:00 [INF] HTTP GET /Biktal.WebMVC.styles.css responded 304 in 0.5409 ms
2026-07-13 21:51:25.872 +03:00 [INF] HTTP POST /Inventory/CreatePurchaseOrder responded 302 in 20.8257 ms
2026-07-13 21:51:25.919 +03:00 [INF] HTTP GET /Inventory/PurchaseOrderDetail/cba67727-a3b7-447a-8125-1f05394eb4b6 responded 200 in 22.3059 ms
2026-07-13 21:51:25.998 +03:00 [INF] HTTP GET /css/site.css responded 200 in 1.4092 ms
2026-07-13 21:51:26.000 +03:00 [INF] HTTP GET /Biktal.WebMVC.styles.css responded 200 in 1.0296 ms
2026-07-13 21:51:26.001 +03:00 [INF] HTTP GET /lib/jquery/dist/jquery.min.js responded 200 in 0.9774 ms
2026-07-13 21:51:26.003 +03:00 [INF] HTTP GET /lib/bootstrap/dist/css/bootstrap.min.css responded 200 in 1.8915 ms
2026-07-13 21:51:26.007 +03:00 [INF] HTTP GET /js/site.js responded 200 in 1.7713 ms
2026-07-13 21:51:26.017 +03:00 [INF] HTTP GET /lib/bootstrap/dist/js/bootstrap.bundle.min.js responded 200 in 12.7650 ms
2026-07-13 21:51:26.023 +03:00 [INF] HTTP GET /lib/jquery-validation/dist/jquery.validate.min.js responded 200 in 0.8711 ms
2026-07-13 21:51:26.024 +03:00 [INF] HTTP GET /lib/jquery-validation-unobtrusive/dist/jquery.validate.unobtrusive.min.js responded 200 in 0.7928 ms
2026-07-13 21:52:56.411 +03:00 [INF] HTTP POST /Inventory/AddPurchaseOrderLine responded 302 in 139.8444 ms
2026-07-13 21:52:56.467 +03:00 [INF] HTTP GET /Inventory/PurchaseOrderDetail/cba67727-a3b7-447a-8125-1f05394eb4b6 responded 200 in 37.5945 ms
2026-07-13 21:52:56.549 +03:00 [INF] HTTP GET /lib/bootstrap/dist/css/bootstrap.min.css responded 200 in 1.2502 ms
2026-07-13 21:52:56.556 +03:00 [INF] HTTP GET /css/site.css responded 200 in 5.0576 ms
2026-07-13 21:52:56.557 +03:00 [INF] HTTP GET /Biktal.WebMVC.styles.css responded 200 in 0.8428 ms
2026-07-13 21:52:56.561 +03:00 [INF] HTTP GET /lib/jquery/dist/jquery.min.js responded 200 in 3.5403 ms
2026-07-13 21:52:56.574 +03:00 [INF] HTTP GET /js/site.js responded 200 in 2.3271 ms
2026-07-13 21:52:56.579 +03:00 [INF] HTTP GET /lib/jquery-validation/dist/jquery.validate.min.js responded 200 in 3.1679 ms
2026-07-13 21:52:56.583 +03:00 [INF] HTTP GET /lib/jquery-validation-unobtrusive/dist/jquery.validate.unobtrusive.min.js responded 200 in 2.5995 ms
2026-07-13 21:52:56.588 +03:00 [INF] HTTP GET /lib/bootstrap/dist/js/bootstrap.bundle.min.js responded 200 in 1.0196 ms
2026-07-13 21:53:14.548 +03:00 [INF] HTTP POST /Inventory/AddPurchaseOrderLine responded 302 in 16.8170 ms
2026-07-13 21:53:14.590 +03:00 [INF] HTTP GET /Inventory/PurchaseOrderDetail/cba67727-a3b7-447a-8125-1f05394eb4b6 responded 200 in 35.2083 ms
2026-07-13 21:53:14.666 +03:00 [INF] HTTP GET /css/site.css responded 200 in 3.8669 ms
2026-07-13 21:53:14.666 +03:00 [INF] HTTP GET /lib/bootstrap/dist/css/bootstrap.min.css responded 200 in 1.5358 ms
2026-07-13 21:53:14.673 +03:00 [INF] HTTP GET /Biktal.WebMVC.styles.css responded 200 in 5.8461 ms
2026-07-13 21:53:14.683 +03:00 [INF] HTTP GET /lib/jquery/dist/jquery.min.js responded 200 in 3.2337 ms
2026-07-13 21:53:14.691 +03:00 [INF] HTTP GET /lib/bootstrap/dist/js/bootstrap.bundle.min.js responded 200 in 7.3356 ms
2026-07-13 21:53:14.692 +03:00 [INF] HTTP GET /lib/jquery-validation/dist/jquery.validate.min.js responded 200 in 0.7676 ms
2026-07-13 21:53:14.701 +03:00 [INF] HTTP GET /js/site.js responded 200 in 4.2463 ms
2026-07-13 21:53:14.711 +03:00 [INF] HTTP GET /lib/jquery-validation-unobtrusive/dist/jquery.validate.unobtrusive.min.js responded 200 in 1.4769 ms
2026-07-13 21:54:23.676 +03:00 [INF] HTTP POST /Inventory/SubmitPurchaseOrder responded 302 in 124.7122 ms
2026-07-13 21:54:23.712 +03:00 [INF] HTTP GET /Inventory/PurchaseOrderDetail/cba67727-a3b7-447a-8125-1f05394eb4b6 responded 200 in 22.1827 ms
2026-07-13 21:54:23.807 +03:00 [INF] HTTP GET /lib/bootstrap/dist/css/bootstrap.min.css responded 200 in 4.4636 ms
2026-07-13 21:54:23.807 +03:00 [INF] HTTP GET /css/site.css responded 200 in 0.8865 ms
2026-07-13 21:54:23.807 +03:00 [INF] HTTP GET /lib/jquery/dist/jquery.min.js responded 304 in 0.3633 ms
2026-07-13 21:54:23.808 +03:00 [INF] HTTP GET /lib/bootstrap/dist/js/bootstrap.bundle.min.js responded 304 in 0.4056 ms
2026-07-13 21:54:23.808 +03:00 [INF] HTTP GET /js/site.js responded 304 in 0.5521 ms
2026-07-13 21:54:23.809 +03:00 [INF] HTTP GET /lib/jquery-validation-unobtrusive/dist/jquery.validate.unobtrusive.min.js responded 304 in 0.3556 ms
2026-07-13 21:54:23.809 +03:00 [INF] HTTP GET /lib/jquery-validation/dist/jquery.validate.min.js responded 304 in 0.6054 ms
2026-07-13 21:54:23.811 +03:00 [INF] HTTP GET /Biktal.WebMVC.styles.css responded 200 in 5.0257 ms
2026-07-13 21:54:26.970 +03:00 [INF] HTTP POST /Inventory/ReceivePurchaseOrderLine responded 302 in 105.2438 ms
2026-07-13 21:54:26.986 +03:00 [INF] HTTP GET /Inventory/PurchaseOrderDetail/cba67727-a3b7-447a-8125-1f05394eb4b6 responded 200 in 10.3750 ms
2026-07-13 21:54:27.063 +03:00 [INF] HTTP GET /lib/bootstrap/dist/css/bootstrap.min.css responded 200 in 1.4925 ms
2026-07-13 21:54:27.067 +03:00 [INF] HTTP GET /css/site.css responded 200 in 1.6945 ms
2026-07-13 21:54:27.073 +03:00 [INF] HTTP GET /Biktal.WebMVC.styles.css responded 200 in 3.3347 ms
2026-07-13 21:54:27.073 +03:00 [INF] HTTP GET /lib/jquery/dist/jquery.min.js responded 304 in 0.4914 ms
2026-07-13 21:54:27.076 +03:00 [INF] HTTP GET /lib/bootstrap/dist/js/bootstrap.bundle.min.js responded 304 in 0.7177 ms
2026-07-13 21:54:27.078 +03:00 [INF] HTTP GET /js/site.js responded 304 in 0.6441 ms
2026-07-13 21:54:27.079 +03:00 [INF] HTTP GET /lib/jquery-validation-unobtrusive/dist/jquery.validate.unobtrusive.min.js responded 304 in 1.1403 ms
2026-07-13 21:54:27.083 +03:00 [INF] HTTP GET /lib/jquery-validation/dist/jquery.validate.min.js responded 304 in 0.5706 ms
2026-07-13 21:54:28.324 +03:00 [INF] HTTP POST /Inventory/ReceivePurchaseOrderLine responded 302 in 28.8179 ms
2026-07-13 21:54:28.351 +03:00 [INF] HTTP GET /Inventory/PurchaseOrderDetail/cba67727-a3b7-447a-8125-1f05394eb4b6 responded 200 in 21.4297 ms
2026-07-13 21:54:28.429 +03:00 [INF] HTTP GET /lib/bootstrap/dist/css/bootstrap.min.css responded 200 in 1.5737 ms
2026-07-13 21:54:28.430 +03:00 [INF] HTTP GET /Biktal.WebMVC.styles.css responded 200 in 1.2393 ms
2026-07-13 21:54:28.431 +03:00 [INF] HTTP GET /lib/jquery/dist/jquery.min.js responded 304 in 1.0995 ms
2026-07-13 21:54:28.431 +03:00 [INF] HTTP GET /lib/bootstrap/dist/js/bootstrap.bundle.min.js responded 304 in 0.3001 ms
2026-07-13 21:54:28.431 +03:00 [INF] HTTP GET /js/site.js responded 304 in 0.2987 ms
2026-07-13 21:54:28.432 +03:00 [INF] HTTP GET /lib/jquery-validation/dist/jquery.validate.min.js responded 304 in 0.3021 ms
2026-07-13 21:54:28.432 +03:00 [INF] HTTP GET /css/site.css responded 200 in 0.7217 ms
2026-07-13 21:54:28.433 +03:00 [INF] HTTP GET /lib/jquery-validation-unobtrusive/dist/jquery.validate.unobtrusive.min.js responded 304 in 0.3490 ms
2026-07-13 22:15:07.362 +03:00 [INF] Application is shutting down...
