[16:01:25 ERR] Failed executing DbCommand (6ms) [Parameters=[@p0='?' (DbType = Guid), @p1='?' (DbType = DateTime), @p2='?' (DbType = Guid), @p3='?', @p4='?' (DbType = DateTime), @p5='?' (DbType = Int32), @p6='?' (DbType = Int32), @p7='?', @p8='?', @p9='?' (DbType = Guid), @p10='?' (DbType = DateTime), @p11='?' (DbType = Guid), @p12='?', @p13='?' (DbType = DateTime), @p14='?' (DbType = Int32), @p15='?' (DbType = Int32), @p16='?', @p17='?'], CommandType='Text', CommandTimeout='30']
INSERT INTO "CrmSupportTickets" ("Id", "CreatedAtUtc", "CustomerId", "Description", "ModifiedAtUtc", "Priority", "Status", "Subject", "TicketNumber")
VALUES (@p0, @p1, @p2, @p3, @p4, @p5, @p6, @p7, @p8);
INSERT INTO "CrmSupportTickets" ("Id", "CreatedAtUtc", "CustomerId", "Description", "ModifiedAtUtc", "Priority", "Status", "Subject", "TicketNumber")
VALUES (@p9, @p10, @p11, @p12, @p13, @p14, @p15, @p16, @p17);
[16:01:25 ERR] An exception occurred in the database while saving changes for context type 'Biktal.Infrastructure.Persistence.ApplicationDbContext'.
Microsoft.EntityFrameworkCore.DbUpdateException: An error occurred while saving the entity changes. See the inner exception for details.
 ---> Npgsql.PostgresException (0x80004005): 23503: insert or update on table "CrmSupportTickets" violates foreign key constraint "FK_CrmSupportTickets_CrmCustomers_CustomerId"

DETAIL: Detail redacted as it may contain sensitive data. Specify 'Include Error Detail' in the connection string to include this information.
   at Npgsql.Internal.NpgsqlConnector.ReadMessageLong(Boolean async, DataRowLoadingMode dataRowLoadingMode, Boolean readingNotifications, Boolean isReadingPrependedMessage)
   at System.Runtime.CompilerServices.PoolingAsyncValueTaskMethodBuilder`1.StateMachineBox`1.System.Threading.Tasks.Sources.IValueTaskSource<TResult>.GetResult(Int16 token)
   at Npgsql.NpgsqlDataReader.NextResult(Boolean async, Boolean isConsuming, CancellationToken cancellationToken)
   at Npgsql.NpgsqlDataReader.NextResult(Boolean async, Boolean isConsuming, CancellationToken cancellationToken)
   at Npgsql.NpgsqlCommand.ExecuteReader(Boolean async, CommandBehavior behavior, CancellationToken cancellationToken)
   at Npgsql.NpgsqlCommand.ExecuteReader(Boolean async, CommandBehavior behavior, CancellationToken cancellationToken)
   at Npgsql.NpgsqlCommand.ExecuteDbDataReaderAsync(CommandBehavior behavior, CancellationToken cancellationToken)
   at Microsoft.EntityFrameworkCore.Storage.RelationalCommand.ExecuteReaderAsync(RelationalCommandParameterObject parameterObject, CancellationToken cancellationToken)
   at Microsoft.EntityFrameworkCore.Storage.RelationalCommand.ExecuteReaderAsync(RelationalCommandParameterObject parameterObject, CancellationToken cancellationToken)
   at Microsoft.EntityFrameworkCore.Update.ReaderModificationCommandBatch.ExecuteAsync(IRelationalConnection connection, CancellationToken cancellationToken)
  Exception data:
    Severity: ERROR
    SqlState: 23503
    MessageText: insert or update on table "CrmSupportTickets" violates foreign key constraint "FK_CrmSupportTickets_CrmCustomers_CustomerId"
    Detail: Detail redacted as it may contain sensitive data. Specify 'Include Error Detail' in the connection string to include this information.
    SchemaName: public
    TableName: CrmSupportTickets
    ConstraintName: FK_CrmSupportTickets_CrmCustomers_CustomerId
    File: ri_triggers.c
    Line: 2783
    Routine: ri_ReportViolation
   --- End of inner exception stack trace ---
   at Microsoft.EntityFrameworkCore.Update.ReaderModificationCommandBatch.ExecuteAsync(IRelationalConnection connection, CancellationToken cancellationToken)
   at Microsoft.EntityFrameworkCore.Update.Internal.BatchExecutor.ExecuteAsync(IEnumerable`1 commandBatches, IRelationalConnection connection, CancellationToken cancellationToken)
   at Microsoft.EntityFrameworkCore.Update.Internal.BatchExecutor.ExecuteAsync(IEnumerable`1 commandBatches, IRelationalConnection connection, CancellationToken cancellationToken)
   at Microsoft.EntityFrameworkCore.Update.Internal.BatchExecutor.ExecuteAsync(IEnumerable`1 commandBatches, IRelationalConnection connection, CancellationToken cancellationToken)
   at Microsoft.EntityFrameworkCore.Storage.RelationalDatabase.SaveChangesAsync(IList`1 entries, CancellationToken cancellationToken)
   at Microsoft.EntityFrameworkCore.ChangeTracking.Internal.StateManager.SaveChangesAsync(IList`1 entriesToSave, CancellationToken cancellationToken)
   at Microsoft.EntityFrameworkCore.ChangeTracking.Internal.StateManager.SaveChangesAsync(StateManager stateManager, Boolean acceptAllChangesOnSuccess, CancellationToken cancellationToken)
   at Npgsql.EntityFrameworkCore.PostgreSQL.Storage.Internal.NpgsqlExecutionStrategy.ExecuteAsync[TState,TResult](TState state, Func`4 operation, Func`4 verifySucceeded, CancellationToken cancellationToken)
   at Microsoft.EntityFrameworkCore.DbContext.SaveChangesAsync(Boolean acceptAllChangesOnSuccess, CancellationToken cancellationToken)
Microsoft.EntityFrameworkCore.DbUpdateException: An error occurred while saving the entity changes. See the inner exception for details.
 ---> Npgsql.PostgresException (0x80004005): 23503: insert or update on table "CrmSupportTickets" violates foreign key constraint "FK_CrmSupportTickets_CrmCustomers_CustomerId"

DETAIL: Detail redacted as it may contain sensitive data. Specify 'Include Error Detail' in the connection string to include this information.
   at Npgsql.Internal.NpgsqlConnector.ReadMessageLong(Boolean async, DataRowLoadingMode dataRowLoadingMode, Boolean readingNotifications, Boolean isReadingPrependedMessage)
   at System.Runtime.CompilerServices.PoolingAsyncValueTaskMethodBuilder`1.StateMachineBox`1.System.Threading.Tasks.Sources.IValueTaskSource<TResult>.GetResult(Int16 token)
   at Npgsql.NpgsqlDataReader.NextResult(Boolean async, Boolean isConsuming, CancellationToken cancellationToken)
   at Npgsql.NpgsqlDataReader.NextResult(Boolean async, Boolean isConsuming, CancellationToken cancellationToken)
   at Npgsql.NpgsqlCommand.ExecuteReader(Boolean async, CommandBehavior behavior, CancellationToken cancellationToken)
   at Npgsql.NpgsqlCommand.ExecuteReader(Boolean async, CommandBehavior behavior, CancellationToken cancellationToken)
   at Npgsql.NpgsqlCommand.ExecuteDbDataReaderAsync(CommandBehavior behavior, CancellationToken cancellationToken)
   at Microsoft.EntityFrameworkCore.Storage.RelationalCommand.ExecuteReaderAsync(RelationalCommandParameterObject parameterObject, CancellationToken cancellationToken)
   at Microsoft.EntityFrameworkCore.Storage.RelationalCommand.ExecuteReaderAsync(RelationalCommandParameterObject parameterObject, CancellationToken cancellationToken)
   at Microsoft.EntityFrameworkCore.Update.ReaderModificationCommandBatch.ExecuteAsync(IRelationalConnection connection, CancellationToken cancellationToken)
  Exception data:
    Severity: ERROR
    SqlState: 23503
    MessageText: insert or update on table "CrmSupportTickets" violates foreign key constraint "FK_CrmSupportTickets_CrmCustomers_CustomerId"
    Detail: Detail redacted as it may contain sensitive data. Specify 'Include Error Detail' in the connection string to include this information.
    SchemaName: public
    TableName: CrmSupportTickets
    ConstraintName: FK_CrmSupportTickets_CrmCustomers_CustomerId
    File: ri_triggers.c
    Line: 2783
    Routine: ri_ReportViolation
   --- End of inner exception stack trace ---
   at Microsoft.EntityFrameworkCore.Update.ReaderModificationCommandBatch.ExecuteAsync(IRelationalConnection connection, CancellationToken cancellationToken)
   at Microsoft.EntityFrameworkCore.Update.Internal.BatchExecutor.ExecuteAsync(IEnumerable`1 commandBatches, IRelationalConnection connection, CancellationToken cancellationToken)
   at Microsoft.EntityFrameworkCore.Update.Internal.BatchExecutor.ExecuteAsync(IEnumerable`1 commandBatches, IRelationalConnection connection, CancellationToken cancellationToken)
   at Microsoft.EntityFrameworkCore.Update.Internal.BatchExecutor.ExecuteAsync(IEnumerable`1 commandBatches, IRelationalConnection connection, CancellationToken cancellationToken)
   at Microsoft.EntityFrameworkCore.Storage.RelationalDatabase.SaveChangesAsync(IList`1 entries, CancellationToken cancellationToken)
   at Microsoft.EntityFrameworkCore.ChangeTracking.Internal.StateManager.SaveChangesAsync(IList`1 entriesToSave, CancellationToken cancellationToken)
   at Microsoft.EntityFrameworkCore.ChangeTracking.Internal.StateManager.SaveChangesAsync(StateManager stateManager, Boolean acceptAllChangesOnSuccess, CancellationToken cancellationToken)
   at Npgsql.EntityFrameworkCore.PostgreSQL.Storage.Internal.NpgsqlExecutionStrategy.ExecuteAsync[TState,TResult](TState state, Func`4 operation, Func`4 verifySucceeded, CancellationToken cancellationToken)
   at Microsoft.EntityFrameworkCore.DbContext.SaveChangesAsync(Boolean acceptAllChangesOnSuccess, CancellationToken cancellationToken)
[16:01:25 ERR] Database migration or seed failed. Check PostgreSQL is running and ConnectionStrings:DefaultConnection is correct.
Microsoft.EntityFrameworkCore.DbUpdateException: An error occurred while saving the entity changes. See the inner exception for details.
 ---> Npgsql.PostgresException (0x80004005): 23503: insert or update on table "CrmSupportTickets" violates foreign key constraint "FK_CrmSupportTickets_CrmCustomers_CustomerId"

DETAIL: Detail redacted as it may contain sensitive data. Specify 'Include Error Detail' in the connection string to include this information.
   at Npgsql.Internal.NpgsqlConnector.ReadMessageLong(Boolean async, DataRowLoadingMode dataRowLoadingMode, Boolean readingNotifications, Boolean isReadingPrependedMessage)
   at System.Runtime.CompilerServices.PoolingAsyncValueTaskMethodBuilder`1.StateMachineBox`1.System.Threading.Tasks.Sources.IValueTaskSource<TResult>.GetResult(Int16 token)
   at Npgsql.NpgsqlDataReader.NextResult(Boolean async, Boolean isConsuming, CancellationToken cancellationToken)
   at Npgsql.NpgsqlDataReader.NextResult(Boolean async, Boolean isConsuming, CancellationToken cancellationToken)
   at Npgsql.NpgsqlCommand.ExecuteReader(Boolean async, CommandBehavior behavior, CancellationToken cancellationToken)
   at Npgsql.NpgsqlCommand.ExecuteReader(Boolean async, CommandBehavior behavior, CancellationToken cancellationToken)
   at Npgsql.NpgsqlCommand.ExecuteDbDataReaderAsync(CommandBehavior behavior, CancellationToken cancellationToken)
   at Microsoft.EntityFrameworkCore.Storage.RelationalCommand.ExecuteReaderAsync(RelationalCommandParameterObject parameterObject, CancellationToken cancellationToken)
   at Microsoft.EntityFrameworkCore.Storage.RelationalCommand.ExecuteReaderAsync(RelationalCommandParameterObject parameterObject, CancellationToken cancellationToken)
   at Microsoft.EntityFrameworkCore.Update.ReaderModificationCommandBatch.ExecuteAsync(IRelationalConnection connection, CancellationToken cancellationToken)
  Exception data:
    Severity: ERROR
    SqlState: 23503
    MessageText: insert or update on table "CrmSupportTickets" violates foreign key constraint "FK_CrmSupportTickets_CrmCustomers_CustomerId"
    Detail: Detail redacted as it may contain sensitive data. Specify 'Include Error Detail' in the connection string to include this information.
    SchemaName: public
    TableName: CrmSupportTickets
    ConstraintName: FK_CrmSupportTickets_CrmCustomers_CustomerId
    File: ri_triggers.c
    Line: 2783
    Routine: ri_ReportViolation
   --- End of inner exception stack trace ---
   at Microsoft.EntityFrameworkCore.Update.ReaderModificationCommandBatch.ExecuteAsync(IRelationalConnection connection, CancellationToken cancellationToken)
   at Microsoft.EntityFrameworkCore.Update.Internal.BatchExecutor.ExecuteAsync(IEnumerable`1 commandBatches, IRelationalConnection connection, CancellationToken cancellationToken)
   at Microsoft.EntityFrameworkCore.Update.Internal.BatchExecutor.ExecuteAsync(IEnumerable`1 commandBatches, IRelationalConnection connection, CancellationToken cancellationToken)
   at Microsoft.EntityFrameworkCore.Update.Internal.BatchExecutor.ExecuteAsync(IEnumerable`1 commandBatches, IRelationalConnection connection, CancellationToken cancellationToken)
   at Microsoft.EntityFrameworkCore.Storage.RelationalDatabase.SaveChangesAsync(IList`1 entries, CancellationToken cancellationToken)
   at Microsoft.EntityFrameworkCore.ChangeTracking.Internal.StateManager.SaveChangesAsync(IList`1 entriesToSave, CancellationToken cancellationToken)
   at Microsoft.EntityFrameworkCore.ChangeTracking.Internal.StateManager.SaveChangesAsync(StateManager stateManager, Boolean acceptAllChangesOnSuccess, CancellationToken cancellationToken)
   at Npgsql.EntityFrameworkCore.PostgreSQL.Storage.Internal.NpgsqlExecutionStrategy.ExecuteAsync[TState,TResult](TState state, Func`4 operation, Func`4 verifySucceeded, CancellationToken cancellationToken)
   at Microsoft.EntityFrameworkCore.DbContext.SaveChangesAsync(Boolean acceptAllChangesOnSuccess, CancellationToken cancellationToken)
   at Microsoft.EntityFrameworkCore.DbContext.SaveChangesAsync(Boolean acceptAllChangesOnSuccess, CancellationToken cancellationToken)
   at Biktal.Infrastructure.Persistence.CrmDataSeeder.SeedIfEmptyAsync(ApplicationDbContext db, CancellationToken cancellationToken)
   at Program.<Main>$(String[] args) in d:\Systems\BiktalSystems\Program.cs:line 71
[16:01:25 WRN] Continuing without a successful migration/seed. Auth and data pages may fail until the database is available.
[16:01:25 WRN] Using an in-memory repository. Keys will not be persisted to storage.
[16:01:25 WRN] Neither user profile nor HKLM registry available. Using an ephemeral key repository. Protected data will be unavailable when application exits.
[16:01:25 WRN] No XML encryptor configured. Key {60e2bd45-0832-4c87-90cc-3a73a588e24a} may be persisted to storage in unencrypted form.
[16:01:25 INF] Application started. Press Ctrl+C to shut down.
[16:01:25 INF] Hosting environment: Production
[16:01:25 INF] Content root path: D:\Systems\BiktalSystems\publish
[16:01:25 INF] HTTP POST /Inventory/AddProduct responded 302 in 90.1701 ms
[16:01:25 ERR] An exception was thrown while deserializing the token.
Microsoft.AspNetCore.Antiforgery.AntiforgeryValidationException: The antiforgery token could not be decrypted.
 ---> System.Security.Cryptography.CryptographicException: The key {d3cc50a6-845f-42c7-b352-c874e10d17dc} was not found in the key ring. For more information go to https://aka.ms/aspnet/dataprotectionwarning
   at Microsoft.AspNetCore.DataProtection.KeyManagement.KeyRingBasedDataProtector.UnprotectCore(Byte[] protectedData, Boolean allowOperationsOnRevokedKeys, UnprotectStatus& status)
   at Microsoft.AspNetCore.DataProtection.KeyManagement.KeyRingBasedDataProtector.Unprotect(Byte[] protectedData)
   at Microsoft.AspNetCore.Antiforgery.DefaultAntiforgeryTokenSerializer.Deserialize(String serializedToken)
   --- End of inner exception stack trace ---
   at Microsoft.AspNetCore.Antiforgery.DefaultAntiforgeryTokenSerializer.Deserialize(String serializedToken)
   at Microsoft.AspNetCore.Antiforgery.DefaultAntiforgery.GetCookieTokenDoesNotThrow(HttpContext httpContext)
[16:01:25 INF] HTTP GET /Account/Login responded 200 in 228.4633 ms
[16:01:25 INF] HTTP GET /js/site.js responded 200 in 86.9080 ms
[16:01:25 INF] HTTP GET /css/site.css responded 200 in 91.9823 ms
[16:01:25 INF] HTTP GET /lib/jquery-validation/dist/jquery.validate.min.js responded 200 in 89.7490 ms
[16:01:25 INF] HTTP GET /Biktal.WebMVC.styles.css responded 200 in 92.2051 ms
[16:01:25 INF] HTTP GET /lib/jquery/dist/jquery.min.js responded 200 in 93.8909 ms
[16:01:25 INF] HTTP GET /lib/bootstrap/dist/js/bootstrap.bundle.min.js responded 200 in 91.4390 ms
[16:01:25 INF] HTTP GET /lib/jquery-validation-unobtrusive/dist/jquery.validate.unobtrusive.min.js responded 200 in 58.0963 ms
[16:01:25 INF] HTTP GET /lib/bootstrap/dist/css/bootstrap.min.css responded 200 in 99.0680 ms
[16:01:38 INF] HTTP POST /Account/Login responded 302 in 558.8113 ms
[16:01:38 INF] HTTP GET /Inventory/AddProduct responded 405 in 13.5723 ms
[16:01:39 INF] HTTP GET /Inventory/AddProduct responded 405 in 5.6084 ms
[16:01:42 INF] HTTP GET /Inventory/AddProduct responded 405 in 34.6457 ms
[16:01:42 INF] HTTP GET /Inventory/AddProduct responded 405 in 1.2603 ms
[16:01:42 INF] HTTP GET /Inventory/AddProduct responded 405 in 2.3962 ms
[16:01:42 INF] HTTP GET /Inventory/AddProduct responded 405 in 1.2314 ms
[16:01:42 INF] HTTP GET /Inventory/AddProduct responded 405 in 3.3569 ms
[16:02:33 INF] HTTP GET /Inventory/AddProduct responded 405 in 0.4912 ms
[16:02:34 INF] HTTP GET /Inventory/AddProduct responded 405 in 0.1453 ms
[16:02:35 INF] HTTP GET /Inventory/AddProduct responded 405 in 0.1552 ms
[16:02:36 INF] HTTP GET /Account/Login responded 200 in 21.6900 ms
[16:02:36 INF] HTTP GET /css/site.css responded 200 in 4.5020 ms
[16:02:36 INF] HTTP GET /lib/bootstrap/dist/css/bootstrap.min.css responded 200 in 6.5758 ms
[16:02:36 INF] HTTP GET /Biktal.WebMVC.styles.css responded 200 in 1.0983 ms
[16:02:36 INF] HTTP GET /lib/jquery/dist/jquery.min.js responded 200 in 25.0091 ms
[16:02:36 INF] HTTP GET /js/site.js responded 200 in 20.6694 ms
[16:02:36 INF] HTTP GET /lib/jquery-validation-unobtrusive/dist/jquery.validate.unobtrusive.min.js responded 200 in 11.8176 ms
[16:02:36 INF] HTTP GET /lib/jquery-validation/dist/jquery.validate.min.js responded 200 in 18.8036 ms
[16:02:36 INF] HTTP GET /lib/bootstrap/dist/js/bootstrap.bundle.min.js responded 200 in 157.0901 ms
[16:02:37 INF] HTTP GET /favicon.ico responded 200 in 24.8730 ms
[16:02:43 INF] HTTP POST /Account/Login responded 302 in 146.5723 ms
[16:02:43 INF] HTTP GET /Inventory/AddProduct responded 405 in 0.7933 ms
[16:02:45 INF] HTTP GET /Inventory/AddProduct responded 405 in 1.0282 ms
[16:02:45 INF] HTTP GET /Account/Login responded 200 in 24.4678 ms
[16:02:46 INF] HTTP GET /css/site.css responded 200 in 1.3709 ms
[16:02:46 INF] HTTP GET /lib/bootstrap/dist/css/bootstrap.min.css responded 200 in 1.5170 ms
[16:02:46 INF] HTTP GET /Biktal.WebMVC.styles.css responded 200 in 2.2416 ms
[16:02:46 INF] HTTP GET /lib/jquery/dist/jquery.min.js responded 200 in 3.0709 ms
[16:02:46 INF] HTTP GET /js/site.js responded 200 in 2.2409 ms
[16:02:46 INF] HTTP GET /lib/bootstrap/dist/js/bootstrap.bundle.min.js responded 200 in 2.9620 ms
[16:02:46 INF] HTTP GET /lib/jquery-validation/dist/jquery.validate.min.js responded 200 in 1.3370 ms
[16:02:46 INF] HTTP GET /lib/jquery-validation-unobtrusive/dist/jquery.validate.unobtrusive.min.js responded 200 in 4.7858 ms
[16:02:47 INF] HTTP GET /favicon.ico responded 200 in 1.9441 ms
[16:02:57 INF] HTTP POST /Account/Login responded 302 in 166.3373 ms
[16:02:57 INF] HTTP GET /Inventory/AddProduct responded 405 in 0.5080 ms
[16:03:00 INF] HTTP GET /Account/Login responded 200 in 12.4342 ms
[16:03:00 INF] HTTP GET /js/site.js responded 200 in 4.7588 ms
[16:03:00 INF] HTTP GET /lib/jquery-validation-unobtrusive/dist/jquery.validate.unobtrusive.min.js responded 200 in 4.2288 ms
[16:03:00 INF] HTTP GET /css/site.css responded 200 in 122.7725 ms
[16:03:00 INF] HTTP GET /Biktal.WebMVC.styles.css responded 200 in 4.1950 ms
[16:03:00 INF] HTTP GET /lib/jquery-validation/dist/jquery.validate.min.js responded 200 in 2.7233 ms
[16:03:00 INF] HTTP GET /lib/bootstrap/dist/js/bootstrap.bundle.min.js responded 200 in 6.8345 ms
[16:03:00 INF] HTTP GET /lib/jquery/dist/jquery.min.js responded 200 in 5.5015 ms
[16:03:00 INF] HTTP GET /lib/bootstrap/dist/css/bootstrap.min.css responded 200 in 123.1242 ms
[16:03:12 INF] HTTP POST /Account/Login responded 302 in 188.3441 ms
[16:03:12 INF] HTTP GET /Inventory/AddProduct responded 405 in 0.3588 ms
[16:03:21 INF] HTTP GET /Inventory/AddProduct responded 405 in 1.7905 ms
[16:03:22 INF] HTTP GET /Inventory/AddProduct responded 405 in 0.4294 ms
[16:03:22 INF] HTTP GET /Inventory/AddProduct responded 405 in 0.4940 ms
[16:03:22 INF] HTTP GET /Inventory/AddProduct responded 405 in 0.3817 ms
[16:03:22 INF] HTTP GET /Inventory/AddProduct responded 405 in 0.6771 ms
[16:03:23 INF] HTTP GET /Inventory/AddProduct responded 405 in 0.5964 ms
[16:03:23 INF] HTTP GET /Inventory/AddProduct responded 405 in 0.5244 ms
[16:03:24 INF] HTTP GET /Inventory/AddProduct responded 405 in 0.6502 ms
[16:03:24 INF] HTTP GET /Inventory/AddProduct responded 405 in 0.6310 ms
[16:03:24 INF] HTTP GET /Inventory/AddProduct responded 405 in 0.5211 ms
[16:03:25 INF] HTTP GET /Account/Login responded 200 in 6.5025 ms
[16:03:25 INF] HTTP GET /lib/bootstrap/dist/css/bootstrap.min.css responded 200 in 1.8506 ms
[16:03:25 INF] HTTP GET /Biktal.WebMVC.styles.css responded 200 in 5.4673 ms
[16:03:25 INF] HTTP GET /css/site.css responded 200 in 5.9661 ms
[16:03:25 INF] HTTP GET /lib/jquery/dist/jquery.min.js responded 200 in 3.4733 ms
[16:03:25 INF] HTTP GET /lib/bootstrap/dist/js/bootstrap.bundle.min.js responded 200 in 1.4136 ms
[16:03:25 INF] HTTP GET /lib/jquery-validation/dist/jquery.validate.min.js responded 200 in 0.8092 ms
[16:03:25 INF] HTTP GET /js/site.js responded 200 in 0.9539 ms
[16:03:25 INF] HTTP GET /lib/jquery-validation-unobtrusive/dist/jquery.validate.unobtrusive.min.js responded 200 in 1.6897 ms
[16:03:27 INF] HTTP GET /Inventory/Products responded 200 in 472.7324 ms
[16:03:27 INF] HTTP GET /lib/bootstrap/dist/css/bootstrap.min.css responded 200 in 2.2938 ms
[16:03:27 INF] HTTP GET /css/site.css responded 200 in 1.4459 ms
[16:03:27 INF] HTTP GET /Biktal.WebMVC.styles.css responded 200 in 1.2755 ms
[16:03:28 INF] HTTP GET /lib/jquery/dist/jquery.min.js responded 304 in 2.7674 ms
[16:03:28 INF] HTTP GET /lib/bootstrap/dist/js/bootstrap.bundle.min.js responded 304 in 0.6515 ms
[16:03:28 INF] HTTP GET /js/site.js responded 304 in 1.3704 ms
[16:03:28 INF] HTTP GET /lib/jquery-validation/dist/jquery.validate.min.js responded 304 in 0.6765 ms
[16:03:28 INF] HTTP GET /lib/jquery-validation-unobtrusive/dist/jquery.validate.unobtrusive.min.js responded 304 in 0.4434 ms
[16:03:28 INF] HTTP GET /js/products-catalog-filter.js responded 200 in 0.8702 ms
[16:03:28 INF] HTTP GET /Inventory/Products responded 200 in 213.8610 ms
[16:03:29 INF] HTTP GET /lib/bootstrap/dist/js/bootstrap.bundle.min.js responded 200 in 2.0152 ms
[16:03:29 INF] HTTP GET /lib/jquery-validation-unobtrusive/dist/jquery.validate.unobtrusive.min.js responded 200 in 0.8659 ms
[16:03:29 INF] HTTP GET /js/products-catalog-filter.js responded 200 in 0.7461 ms
[16:03:29 INF] HTTP GET /js/site.js responded 200 in 1.4509 ms
[16:03:29 INF] HTTP GET /lib/jquery-validation/dist/jquery.validate.min.js responded 200 in 3.0577 ms
[16:03:30 INF] HTTP GET /Inventory/Products responded 200 in 85.0425 ms
[16:03:30 INF] HTTP GET /lib/bootstrap/dist/css/bootstrap.min.css responded 200 in 1.8076 ms
[16:03:32 INF] HTTP GET /favicon.ico responded 200 in 1.0473 ms
[16:04:25 INF] HTTP POST /Inventory/AddProduct responded 200 in 109.4499 ms
[16:04:25 INF] HTTP GET /css/site.css responded 304 in 0.5549 ms
[16:04:25 INF] HTTP GET /lib/bootstrap/dist/css/bootstrap.min.css responded 200 in 1.0491 ms
[16:04:25 INF] HTTP GET /Biktal.WebMVC.styles.css responded 304 in 0.4651 ms
[16:04:26 INF] HTTP GET /lib/jquery/dist/jquery.min.js responded 304 in 0.4895 ms
[16:04:26 INF] HTTP GET /js/site.js responded 304 in 0.4908 ms
[16:04:26 INF] HTTP GET /lib/bootstrap/dist/js/bootstrap.bundle.min.js responded 304 in 0.3925 ms
[16:04:26 INF] HTTP GET /lib/jquery-validation/dist/jquery.validate.min.js responded 304 in 0.2980 ms
[16:04:26 INF] HTTP GET /js/products-catalog-filter.js responded 304 in 0.9916 ms
[16:04:26 INF] HTTP GET /lib/jquery-validation-unobtrusive/dist/jquery.validate.unobtrusive.min.js responded 304 in 0.5500 ms
[16:04:32 INF] HTTP POST /Inventory/AddProduct responded 200 in 92.4687 ms
[16:04:32 INF] HTTP GET /css/site.css responded 304 in 0.4479 ms
[16:04:32 INF] HTTP GET /lib/bootstrap/dist/css/bootstrap.min.css responded 304 in 0.9818 ms
[16:04:32 INF] HTTP GET /Biktal.WebMVC.styles.css responded 304 in 2.4393 ms
[16:04:33 INF] HTTP GET /lib/jquery/dist/jquery.min.js responded 304 in 0.3043 ms
[16:04:33 INF] HTTP GET /lib/bootstrap/dist/js/bootstrap.bundle.min.js responded 304 in 0.6450 ms
[16:04:33 INF] HTTP GET /js/site.js responded 304 in 2.6430 ms
[16:04:33 INF] HTTP GET /lib/jquery-validation/dist/jquery.validate.min.js responded 304 in 0.5049 ms
[16:04:33 INF] HTTP GET /lib/jquery-validation-unobtrusive/dist/jquery.validate.unobtrusive.min.js responded 304 in 0.8262 ms
[16:04:33 INF] HTTP GET /js/products-catalog-filter.js responded 304 in 0.4401 ms
[16:04:39 INF] HTTP POST /Inventory/AddProduct responded 302 in 104.0603 ms
[16:04:39 INF] HTTP GET /Inventory/Products responded 200 in 38.8007 ms
[16:04:39 INF] HTTP GET /css/site.css responded 304 in 0.7681 ms
[16:04:39 INF] HTTP GET /lib/bootstrap/dist/css/bootstrap.min.css responded 304 in 0.5062 ms
[16:04:39 INF] HTTP GET /Biktal.WebMVC.styles.css responded 304 in 0.4332 ms
[16:04:40 INF] HTTP GET /lib/jquery/dist/jquery.min.js responded 304 in 0.8435 ms
[16:04:40 INF] HTTP GET /js/site.js responded 304 in 0.5265 ms
[16:04:40 INF] HTTP GET /lib/bootstrap/dist/js/bootstrap.bundle.min.js responded 304 in 0.5213 ms
[16:04:40 INF] HTTP GET /lib/jquery-validation/dist/jquery.validate.min.js responded 304 in 0.5882 ms
[16:04:40 INF] HTTP GET /lib/jquery-validation-unobtrusive/dist/jquery.validate.unobtrusive.min.js responded 304 in 0.8618 ms
[16:04:40 INF] HTTP GET /js/products-catalog-filter.js responded 304 in 0.4421 ms
[16:05:02 INF] HTTP GET /Inventory/Products responded 200 in 85.8937 ms
[16:05:02 INF] HTTP GET /Biktal.WebMVC.styles.css responded 304 in 0.5462 ms
[16:05:02 INF] HTTP GET /css/site.css responded 304 in 0.6278 ms
[16:05:02 INF] HTTP GET /lib/bootstrap/dist/css/bootstrap.min.css responded 200 in 5.5509 ms
[16:05:03 INF] HTTP GET /lib/jquery/dist/jquery.min.js responded 304 in 0.3097 ms
[16:05:03 INF] HTTP GET /lib/bootstrap/dist/js/bootstrap.bundle.min.js responded 304 in 0.4261 ms
[16:05:03 INF] HTTP GET /js/site.js responded 304 in 0.4889 ms
[16:05:03 INF] HTTP GET /lib/jquery-validation/dist/jquery.validate.min.js responded 304 in 0.4066 ms
[16:05:03 INF] HTTP GET /lib/jquery-validation-unobtrusive/dist/jquery.validate.unobtrusive.min.js responded 304 in 0.3339 ms
[16:05:03 INF] HTTP GET /js/products-catalog-filter.js responded 304 in 0.5640 ms
[16:05:05 INF] HTTP POST /Inventory/EditProduct responded 302 in 39.6401 ms
[16:05:05 INF] HTTP GET /Inventory/Products responded 200 in 55.8789 ms
[16:05:05 INF] HTTP GET /lib/bootstrap/dist/css/bootstrap.min.css responded 304 in 0.5517 ms
[16:05:05 INF] HTTP GET /Biktal.WebMVC.styles.css responded 304 in 0.2163 ms
[16:05:05 INF] HTTP GET /css/site.css responded 304 in 0.2990 ms
[16:05:06 INF] HTTP GET /lib/jquery/dist/jquery.min.js responded 304 in 0.3554 ms
[16:05:06 INF] HTTP GET /lib/bootstrap/dist/js/bootstrap.bundle.min.js responded 304 in 0.3880 ms
[16:05:06 INF] HTTP GET /js/site.js responded 304 in 0.3653 ms
[16:05:06 INF] HTTP GET /lib/jquery-validation-unobtrusive/dist/jquery.validate.unobtrusive.min.js responded 304 in 0.2368 ms
[16:05:06 INF] HTTP GET /js/products-catalog-filter.js responded 304 in 0.2060 ms
[16:05:06 INF] HTTP GET /lib/jquery-validation/dist/jquery.validate.min.js responded 304 in 0.3016 ms
[16:05:12 INF] HTTP GET /Inventory/Products responded 200 in 57.7821 ms
[16:05:12 INF] HTTP GET /lib/bootstrap/dist/css/bootstrap.min.css responded 304 in 0.4342 ms
[16:05:12 INF] HTTP GET /Biktal.WebMVC.styles.css responded 304 in 0.2357 ms
[16:05:12 INF] HTTP GET /css/site.css responded 304 in 0.3043 ms
[16:05:13 INF] HTTP GET /lib/jquery/dist/jquery.min.js responded 304 in 0.7140 ms
[16:05:13 INF] HTTP GET /lib/bootstrap/dist/js/bootstrap.bundle.min.js responded 304 in 0.3630 ms
[16:05:13 INF] HTTP GET /js/site.js responded 304 in 1.0516 ms
[16:05:13 INF] HTTP GET /lib/jquery-validation/dist/jquery.validate.min.js responded 304 in 0.7079 ms
[16:05:13 INF] HTTP GET /lib/jquery-validation-unobtrusive/dist/jquery.validate.unobtrusive.min.js responded 304 in 0.5139 ms
[16:05:13 INF] HTTP GET /js/products-catalog-filter.js responded 304 in 0.5187 ms
[16:05:20 INF] HTTP POST /Inventory/EditProduct responded 302 in 19.1462 ms
[16:05:20 INF] HTTP GET /Inventory/Products responded 200 in 47.5312 ms
[16:05:20 INF] HTTP GET /css/site.css responded 304 in 0.7912 ms
[16:05:20 INF] HTTP GET /lib/bootstrap/dist/css/bootstrap.min.css responded 304 in 1.3072 ms
[16:05:20 INF] HTTP GET /Biktal.WebMVC.styles.css responded 304 in 0.6919 ms
[16:05:21 INF] HTTP GET /lib/jquery/dist/jquery.min.js responded 304 in 0.2644 ms
[16:05:21 INF] HTTP GET /lib/bootstrap/dist/js/bootstrap.bundle.min.js responded 304 in 1.8623 ms
[16:05:21 INF] HTTP GET /js/site.js responded 304 in 0.3992 ms
[16:05:21 INF] HTTP GET /lib/jquery-validation/dist/jquery.validate.min.js responded 304 in 0.3653 ms
[16:05:21 INF] HTTP GET /lib/jquery-validation-unobtrusive/dist/jquery.validate.unobtrusive.min.js responded 304 in 0.4305 ms
[16:05:21 INF] HTTP GET /js/products-catalog-filter.js responded 304 in 0.7289 ms
[16:11:40 INF] HTTP POST /Inventory/AddProduct responded 302 in 99.0889 ms
[16:11:41 INF] HTTP GET /Inventory/Products responded 200 in 68.7813 ms
[16:11:41 INF] HTTP GET /lib/bootstrap/dist/css/bootstrap.min.css responded 200 in 1.8357 ms
[16:11:41 INF] HTTP GET /css/site.css responded 200 in 1.0211 ms
[16:11:41 INF] HTTP GET /Biktal.WebMVC.styles.css responded 200 in 1.0497 ms
[16:11:42 INF] HTTP GET /lib/jquery/dist/jquery.min.js responded 200 in 1.7470 ms
[16:11:42 INF] HTTP GET /js/site.js responded 200 in 0.9659 ms
[16:11:42 INF] HTTP GET /lib/bootstrap/dist/js/bootstrap.bundle.min.js responded 200 in 1.0585 ms
[16:11:42 INF] HTTP GET /lib/jquery-validation-unobtrusive/dist/jquery.validate.unobtrusive.min.js responded 200 in 0.5279 ms
[16:11:42 INF] HTTP GET /lib/jquery-validation/dist/jquery.validate.min.js responded 200 in 0.6927 ms
[16:11:42 INF] HTTP GET /js/products-catalog-filter.js responded 200 in 1.2483 ms
[16:12:24 INF] HTTP GET /Inventory/Products responded 200 in 59.9370 ms
[16:12:24 INF] HTTP GET /lib/bootstrap/dist/css/bootstrap.min.css responded 200 in 1.3583 ms
[16:12:24 INF] HTTP GET /css/site.css responded 200 in 1.1499 ms
[16:12:24 INF] HTTP GET /Biktal.WebMVC.styles.css responded 200 in 2.3016 ms
[16:12:25 INF] HTTP GET /lib/jquery/dist/jquery.min.js responded 200 in 0.8058 ms
[16:12:25 INF] HTTP GET /js/site.js responded 200 in 0.7674 ms
[16:12:25 INF] HTTP GET /lib/jquery-validation/dist/jquery.validate.min.js responded 200 in 0.5042 ms
[16:12:25 INF] HTTP GET /lib/bootstrap/dist/js/bootstrap.bundle.min.js responded 200 in 1.9535 ms
[16:12:25 INF] HTTP GET /lib/jquery-validation-unobtrusive/dist/jquery.validate.unobtrusive.min.js responded 200 in 5.4080 ms
[16:12:25 INF] HTTP GET /js/products-catalog-filter.js responded 200 in 1.2147 ms
[16:13:21 INF] HTTP POST /Inventory/EditProduct responded 302 in 16.0993 ms
[16:13:21 INF] HTTP GET /Inventory/Products responded 200 in 71.6710 ms
[16:13:21 INF] HTTP GET /lib/bootstrap/dist/css/bootstrap.min.css responded 200 in 1.6128 ms
[16:13:21 INF] HTTP GET /css/site.css responded 200 in 1.5150 ms
[16:13:21 INF] HTTP GET /Biktal.WebMVC.styles.css responded 200 in 0.7617 ms
[16:13:22 INF] HTTP GET /lib/jquery/dist/jquery.min.js responded 200 in 1.2225 ms
[16:13:22 INF] HTTP GET /js/site.js responded 200 in 0.8067 ms
[16:13:22 INF] HTTP GET /lib/bootstrap/dist/js/bootstrap.bundle.min.js responded 200 in 5.9624 ms
[16:13:22 INF] HTTP GET /lib/jquery-validation/dist/jquery.validate.min.js responded 200 in 5.5698 ms
[16:13:22 INF] HTTP GET /lib/jquery-validation-unobtrusive/dist/jquery.validate.unobtrusive.min.js responded 200 in 5.4220 ms
[16:13:22 INF] HTTP GET /js/products-catalog-filter.js responded 200 in 3.3524 ms
[16:14:28 INF] HTTP GET /Inventory/Products responded 200 in 58.1457 ms
[16:14:28 INF] HTTP GET /css/site.css responded 200 in 1.2702 ms
[16:14:28 INF] HTTP GET /lib/bootstrap/dist/css/bootstrap.min.css responded 200 in 1.5530 ms
[16:14:28 INF] HTTP GET /Biktal.WebMVC.styles.css responded 200 in 1.4573 ms
[16:14:29 INF] HTTP GET /lib/jquery/dist/jquery.min.js responded 200 in 0.7098 ms
[16:14:29 INF] HTTP GET /js/site.js responded 200 in 1.0673 ms
[16:14:29 INF] HTTP GET /lib/bootstrap/dist/js/bootstrap.bundle.min.js responded 200 in 1.8932 ms
[16:14:29 INF] HTTP GET /js/products-catalog-filter.js responded 200 in 0.8491 ms
[16:14:29 INF] HTTP GET /lib/jquery-validation/dist/jquery.validate.min.js responded 200 in 0.7022 ms
[16:14:29 INF] HTTP GET /lib/jquery-validation-unobtrusive/dist/jquery.validate.unobtrusive.min.js responded 200 in 0.8277 ms
[16:14:33 INF] HTTP POST /Inventory/EditProduct responded 302 in 13.5178 ms
[16:14:33 INF] HTTP GET /Inventory/Products responded 200 in 40.5034 ms
[16:14:33 INF] HTTP GET /lib/bootstrap/dist/css/bootstrap.min.css responded 200 in 0.9689 ms
[16:14:33 INF] HTTP GET /css/site.css responded 200 in 0.7173 ms
[16:14:33 INF] HTTP GET /Biktal.WebMVC.styles.css responded 200 in 0.5896 ms
[16:14:34 INF] HTTP GET /lib/jquery/dist/jquery.min.js responded 304 in 0.2584 ms
[16:14:34 INF] HTTP GET /lib/bootstrap/dist/js/bootstrap.bundle.min.js responded 304 in 0.6334 ms
[16:14:34 INF] HTTP GET /js/site.js responded 304 in 0.5198 ms
[16:14:34 INF] HTTP GET /lib/jquery-validation/dist/jquery.validate.min.js responded 304 in 0.2398 ms
[16:14:34 INF] HTTP GET /lib/jquery-validation-unobtrusive/dist/jquery.validate.unobtrusive.min.js responded 304 in 0.2512 ms
[16:14:34 INF] HTTP GET /js/products-catalog-filter.js responded 304 in 0.3104 ms
[16:15:23 INF] HTTP GET /Inventory/Products responded 200 in 51.9179 ms
[16:15:23 INF] HTTP GET /css/site.css responded 200 in 0.9479 ms
[16:15:23 INF] HTTP GET /lib/bootstrap/dist/css/bootstrap.min.css responded 200 in 0.9082 ms
[16:15:23 INF] HTTP GET /Biktal.WebMVC.styles.css responded 200 in 0.8309 ms
[16:15:24 INF] HTTP GET /lib/jquery/dist/jquery.min.js responded 304 in 0.3911 ms
[16:15:24 INF] HTTP GET /lib/bootstrap/dist/js/bootstrap.bundle.min.js responded 304 in 0.3995 ms
[16:15:24 INF] HTTP GET /js/site.js responded 304 in 0.3772 ms
[16:15:24 INF] HTTP GET /lib/jquery-validation/dist/jquery.validate.min.js responded 304 in 0.4864 ms
[16:15:24 INF] HTTP GET /lib/jquery-validation-unobtrusive/dist/jquery.validate.unobtrusive.min.js responded 304 in 0.3903 ms
[16:15:24 INF] HTTP GET /js/products-catalog-filter.js responded 304 in 0.2907 ms
[16:15:28 INF] HTTP POST /Inventory/EditProduct responded 302 in 7.4203 ms
[16:15:28 INF] HTTP GET /Inventory/Products responded 200 in 56.3240 ms
[16:15:28 INF] HTTP GET /lib/bootstrap/dist/css/bootstrap.min.css responded 304 in 1.2476 ms
[16:15:28 INF] HTTP GET /css/site.css responded 304 in 0.4608 ms
[16:15:28 INF] HTTP GET /Biktal.WebMVC.styles.css responded 304 in 0.7599 ms
[16:15:29 INF] HTTP GET /lib/jquery/dist/jquery.min.js responded 304 in 0.2492 ms
[16:15:29 INF] HTTP GET /lib/bootstrap/dist/js/bootstrap.bundle.min.js responded 304 in 0.4456 ms
[16:15:29 INF] HTTP GET /js/site.js responded 304 in 0.4330 ms
[16:15:29 INF] HTTP GET /lib/jquery-validation/dist/jquery.validate.min.js responded 304 in 0.4466 ms
[16:15:29 INF] HTTP GET /lib/jquery-validation-unobtrusive/dist/jquery.validate.unobtrusive.min.js responded 304 in 0.5120 ms
[16:15:29 INF] HTTP GET /js/products-catalog-filter.js responded 304 in 0.4228 ms
[16:15:36 INF] HTTP GET /Inventory/Products responded 200 in 71.4101 ms
[16:15:36 INF] HTTP GET /lib/bootstrap/dist/css/bootstrap.min.css responded 200 in 3.2799 ms
[16:15:36 INF] HTTP GET /css/site.css responded 304 in 0.8701 ms
[16:15:36 INF] HTTP GET /Biktal.WebMVC.styles.css responded 304 in 0.3622 ms
[16:15:37 INF] HTTP GET /lib/jquery/dist/jquery.min.js responded 304 in 0.2524 ms
[16:15:37 INF] HTTP GET /lib/bootstrap/dist/js/bootstrap.bundle.min.js responded 304 in 0.4154 ms
[16:15:37 INF] HTTP GET /js/site.js responded 304 in 0.3719 ms
[16:15:37 INF] HTTP GET /js/products-catalog-filter.js responded 304 in 0.2166 ms
[16:15:37 INF] HTTP GET /lib/jquery-validation/dist/jquery.validate.min.js responded 304 in 0.4400 ms
[16:15:37 INF] HTTP GET /lib/jquery-validation-unobtrusive/dist/jquery.validate.unobtrusive.min.js responded 304 in 0.4100 ms
[16:15:42 INF] HTTP POST /Inventory/EditProduct responded 302 in 10.9813 ms
[16:15:42 INF] HTTP GET /Inventory/Products responded 200 in 53.4332 ms
[16:15:42 INF] HTTP GET /lib/bootstrap/dist/css/bootstrap.min.css responded 304 in 0.3829 ms
[16:15:42 INF] HTTP GET /Biktal.WebMVC.styles.css responded 304 in 0.2682 ms
[16:15:42 INF] HTTP GET /css/site.css responded 304 in 0.6669 ms
[16:15:43 INF] HTTP GET /lib/jquery/dist/jquery.min.js responded 304 in 0.2514 ms
[16:15:43 INF] HTTP GET /lib/bootstrap/dist/js/bootstrap.bundle.min.js responded 304 in 0.3760 ms
[16:15:43 INF] HTTP GET /lib/jquery-validation/dist/jquery.validate.min.js responded 304 in 1.5219 ms
[16:15:43 INF] HTTP GET /js/site.js responded 304 in 1.7251 ms
[16:15:43 INF] HTTP GET /lib/jquery-validation-unobtrusive/dist/jquery.validate.unobtrusive.min.js responded 304 in 0.3763 ms
[16:15:43 INF] HTTP GET /js/products-catalog-filter.js responded 304 in 0.8664 ms
[16:15:46 INF] HTTP GET /Inventory/Products responded 200 in 63.4830 ms
[16:15:46 INF] HTTP GET /lib/bootstrap/dist/css/bootstrap.min.css responded 304 in 0.4275 ms
[16:15:46 INF] HTTP GET /css/site.css responded 304 in 1.4374 ms
[16:15:46 INF] HTTP GET /Biktal.WebMVC.styles.css responded 304 in 0.5091 ms
[16:15:47 INF] HTTP GET /lib/jquery/dist/jquery.min.js responded 304 in 0.2514 ms
[16:15:47 INF] HTTP GET /lib/bootstrap/dist/js/bootstrap.bundle.min.js responded 304 in 0.4725 ms
[16:15:47 INF] HTTP GET /js/site.js responded 304 in 0.4590 ms
[16:15:47 INF] HTTP GET /lib/jquery-validation/dist/jquery.validate.min.js responded 304 in 0.4124 ms
[16:15:47 INF] HTTP GET /lib/jquery-validation-unobtrusive/dist/jquery.validate.unobtrusive.min.js responded 304 in 0.5016 ms
[16:15:47 INF] HTTP GET /js/products-catalog-filter.js responded 304 in 0.7024 ms
[16:15:55 INF] HTTP POST /Inventory/EditProduct responded 302 in 10.9306 ms
[16:15:55 INF] HTTP GET /Inventory/Products responded 200 in 47.3355 ms
[16:15:55 INF] HTTP GET /css/site.css responded 304 in 0.3869 ms
[16:15:55 INF] HTTP GET /lib/bootstrap/dist/css/bootstrap.min.css responded 304 in 0.3875 ms
[16:15:55 INF] HTTP GET /Biktal.WebMVC.styles.css responded 304 in 0.9748 ms
[16:15:56 INF] HTTP GET /lib/jquery/dist/jquery.min.js responded 304 in 0.3746 ms
[16:15:56 INF] HTTP GET /lib/bootstrap/dist/js/bootstrap.bundle.min.js responded 304 in 0.6089 ms
[16:15:56 INF] HTTP GET /js/site.js responded 304 in 0.4808 ms
[16:15:56 INF] HTTP GET /lib/jquery-validation/dist/jquery.validate.min.js responded 304 in 0.3880 ms
[16:15:56 INF] HTTP GET /lib/jquery-validation-unobtrusive/dist/jquery.validate.unobtrusive.min.js responded 304 in 0.2942 ms
[16:15:56 INF] HTTP GET /js/products-catalog-filter.js responded 304 in 0.4705 ms
[16:16:00 INF] HTTP GET /Inventory/Products responded 200 in 60.7598 ms
[16:16:00 INF] HTTP GET /lib/bootstrap/dist/css/bootstrap.min.css responded 304 in 0.7171 ms
[16:16:00 INF] HTTP GET /css/site.css responded 304 in 0.8368 ms
[16:16:00 INF] HTTP GET /Biktal.WebMVC.styles.css responded 304 in 0.4499 ms
[16:16:01 INF] HTTP GET /lib/jquery/dist/jquery.min.js responded 304 in 0.2485 ms
[16:16:01 INF] HTTP GET /lib/bootstrap/dist/js/bootstrap.bundle.min.js responded 304 in 0.4151 ms
[16:16:01 INF] HTTP GET /js/site.js responded 304 in 0.4305 ms
[16:16:01 INF] HTTP GET /lib/jquery-validation/dist/jquery.validate.min.js responded 304 in 0.4706 ms
[16:16:01 INF] HTTP GET /lib/jquery-validation-unobtrusive/dist/jquery.validate.unobtrusive.min.js responded 304 in 0.4241 ms
[16:16:01 INF] HTTP GET /js/products-catalog-filter.js responded 304 in 1.0596 ms
[16:16:05 INF] HTTP POST /Inventory/EditProduct responded 302 in 10.2841 ms
[16:16:05 INF] HTTP GET /Inventory/Products responded 200 in 42.6234 ms
[16:16:05 INF] HTTP GET /lib/bootstrap/dist/css/bootstrap.min.css responded 304 in 0.4771 ms
[16:16:05 INF] HTTP GET /Biktal.WebMVC.styles.css responded 304 in 0.2506 ms
[16:16:05 INF] HTTP GET /css/site.css responded 304 in 0.3323 ms
[16:16:06 INF] HTTP GET /lib/jquery/dist/jquery.min.js responded 304 in 0.2877 ms
[16:16:06 INF] HTTP GET /lib/bootstrap/dist/js/bootstrap.bundle.min.js responded 304 in 0.6441 ms
[16:16:06 INF] HTTP GET /js/site.js responded 304 in 0.4005 ms
[16:16:06 INF] HTTP GET /lib/jquery-validation/dist/jquery.validate.min.js responded 304 in 0.5158 ms
[16:16:06 INF] HTTP GET /lib/jquery-validation-unobtrusive/dist/jquery.validate.unobtrusive.min.js responded 304 in 0.4927 ms
[16:16:06 INF] HTTP GET /js/products-catalog-filter.js responded 304 in 0.4145 ms
[16:16:10 INF] HTTP GET /Inventory/Products responded 200 in 68.0394 ms
[16:16:10 INF] HTTP GET /lib/bootstrap/dist/css/bootstrap.min.css responded 304 in 1.4031 ms
[16:16:10 INF] HTTP GET /Biktal.WebMVC.styles.css responded 304 in 0.3977 ms
[16:16:10 INF] HTTP GET /css/site.css responded 304 in 0.3555 ms
[16:16:11 INF] HTTP GET /lib/jquery/dist/jquery.min.js responded 304 in 0.2615 ms
[16:16:11 INF] HTTP GET /lib/bootstrap/dist/js/bootstrap.bundle.min.js responded 304 in 0.4401 ms
[16:16:11 INF] HTTP GET /js/site.js responded 304 in 0.9710 ms
[16:16:11 INF] HTTP GET /lib/jquery-validation/dist/jquery.validate.min.js responded 304 in 0.6568 ms
[16:16:11 INF] HTTP GET /lib/jquery-validation-unobtrusive/dist/jquery.validate.unobtrusive.min.js responded 304 in 0.2676 ms
[16:16:11 INF] HTTP GET /js/products-catalog-filter.js responded 304 in 0.3742 ms
[16:16:20 INF] HTTP POST /Inventory/EditProduct responded 302 in 15.3321 ms
[16:16:20 INF] HTTP GET /Inventory/Products responded 200 in 48.6632 ms
[16:16:20 INF] HTTP GET /lib/bootstrap/dist/css/bootstrap.min.css responded 304 in 0.8905 ms
[16:16:20 INF] HTTP GET /css/site.css responded 304 in 1.0338 ms
[16:16:20 INF] HTTP GET /Biktal.WebMVC.styles.css responded 304 in 0.4291 ms
[16:16:21 INF] HTTP GET /lib/jquery/dist/jquery.min.js responded 304 in 0.2818 ms
[16:16:21 INF] HTTP GET /lib/bootstrap/dist/js/bootstrap.bundle.min.js responded 304 in 0.4082 ms
[16:16:21 INF] HTTP GET /js/site.js responded 304 in 0.4213 ms
[16:16:21 INF] HTTP GET /lib/jquery-validation/dist/jquery.validate.min.js responded 304 in 0.3122 ms
[16:16:21 INF] HTTP GET /lib/jquery-validation-unobtrusive/dist/jquery.validate.unobtrusive.min.js responded 304 in 0.4149 ms
[16:16:21 INF] HTTP GET /js/products-catalog-filter.js responded 304 in 0.7305 ms
[16:16:31 INF] HTTP GET /Inventory/Products responded 200 in 97.6173 ms
[16:16:31 INF] HTTP GET /css/site.css responded 304 in 0.5339 ms
[16:16:31 INF] HTTP GET /lib/bootstrap/dist/css/bootstrap.min.css responded 200 in 1.4875 ms
[16:16:31 INF] HTTP GET /Biktal.WebMVC.styles.css responded 304 in 0.9209 ms
[16:16:32 INF] HTTP GET /lib/jquery/dist/jquery.min.js responded 304 in 0.2673 ms
[16:16:32 INF] HTTP GET /lib/bootstrap/dist/js/bootstrap.bundle.min.js responded 304 in 0.4970 ms
[16:16:32 INF] HTTP GET /js/site.js responded 304 in 0.2818 ms
[16:16:32 INF] HTTP GET /lib/jquery-validation/dist/jquery.validate.min.js responded 304 in 0.4173 ms
[16:16:32 INF] HTTP GET /lib/jquery-validation-unobtrusive/dist/jquery.validate.unobtrusive.min.js responded 304 in 0.7200 ms
[16:16:32 INF] HTTP GET /js/products-catalog-filter.js responded 304 in 0.6284 ms
[16:16:41 INF] HTTP POST /Inventory/EditProduct responded 302 in 9.9861 ms
[16:16:41 INF] HTTP GET /Inventory/Products responded 200 in 50.4555 ms
[16:16:41 INF] HTTP GET /css/site.css responded 304 in 0.3435 ms
[16:16:41 INF] HTTP GET /Biktal.WebMVC.styles.css responded 304 in 0.2742 ms
[16:16:41 INF] HTTP GET /lib/bootstrap/dist/css/bootstrap.min.css responded 200 in 1.1087 ms
[16:16:42 INF] HTTP GET /lib/jquery/dist/jquery.min.js responded 304 in 0.3886 ms
[16:16:42 INF] HTTP GET /lib/bootstrap/dist/js/bootstrap.bundle.min.js responded 304 in 0.4692 ms
[16:16:42 INF] HTTP GET /lib/jquery-validation/dist/jquery.validate.min.js responded 304 in 0.2762 ms
[16:16:42 INF] HTTP GET /js/site.js responded 304 in 0.2559 ms
[16:16:42 INF] HTTP GET /lib/jquery-validation-unobtrusive/dist/jquery.validate.unobtrusive.min.js responded 304 in 0.3261 ms
[16:16:42 INF] HTTP GET /js/products-catalog-filter.js responded 304 in 0.5269 ms
[16:16:46 INF] HTTP GET /Inventory/Products responded 200 in 151.0540 ms
[16:16:46 INF] HTTP GET /css/site.css responded 304 in 0.3443 ms
[16:16:46 INF] HTTP GET /lib/bootstrap/dist/css/bootstrap.min.css responded 304 in 0.5489 ms
[16:16:46 INF] HTTP GET /Biktal.WebMVC.styles.css responded 304 in 0.3182 ms
[16:16:47 INF] HTTP GET /lib/jquery/dist/jquery.min.js responded 304 in 0.2470 ms
[16:16:47 INF] HTTP GET /lib/bootstrap/dist/js/bootstrap.bundle.min.js responded 304 in 0.4207 ms
[16:16:47 INF] HTTP GET /js/site.js responded 304 in 0.4323 ms
[16:16:47 INF] HTTP GET /lib/jquery-validation/dist/jquery.validate.min.js responded 304 in 0.6836 ms
[16:16:47 INF] HTTP GET /lib/jquery-validation-unobtrusive/dist/jquery.validate.unobtrusive.min.js responded 304 in 0.4097 ms
[16:16:47 INF] HTTP GET /js/products-catalog-filter.js responded 304 in 0.3283 ms
[16:16:55 INF] HTTP POST /Inventory/EditProduct responded 302 in 12.8331 ms
[16:16:55 INF] HTTP GET /Inventory/Products responded 200 in 46.0372 ms
[16:16:55 INF] HTTP GET /lib/bootstrap/dist/css/bootstrap.min.css responded 304 in 0.3647 ms
[16:16:55 INF] HTTP GET /css/site.css responded 304 in 0.6698 ms
[16:16:55 INF] HTTP GET /Biktal.WebMVC.styles.css responded 304 in 0.5159 ms
[16:16:56 INF] HTTP GET /lib/jquery/dist/jquery.min.js responded 304 in 0.2461 ms
[16:16:56 INF] HTTP GET /lib/bootstrap/dist/js/bootstrap.bundle.min.js responded 304 in 0.6951 ms
[16:16:56 INF] HTTP GET /js/site.js responded 304 in 0.3810 ms
[16:16:56 INF] HTTP GET /lib/jquery-validation-unobtrusive/dist/jquery.validate.unobtrusive.min.js responded 304 in 0.5548 ms
[16:16:56 INF] HTTP GET /lib/jquery-validation/dist/jquery.validate.min.js responded 304 in 0.3481 ms
[16:16:56 INF] HTTP GET /js/products-catalog-filter.js responded 304 in 0.7510 ms
[16:17:00 INF] HTTP GET /Inventory/Products responded 200 in 98.4157 ms
[16:17:00 INF] HTTP GET /lib/bootstrap/dist/css/bootstrap.min.css responded 304 in 0.4325 ms
[16:17:00 INF] HTTP GET /Biktal.WebMVC.styles.css responded 304 in 0.9471 ms
[16:17:00 INF] HTTP GET /css/site.css responded 304 in 0.9862 ms
[16:17:01 INF] HTTP GET /lib/jquery/dist/jquery.min.js responded 304 in 0.2471 ms
[16:17:01 INF] HTTP GET /lib/bootstrap/dist/js/bootstrap.bundle.min.js responded 304 in 0.4936 ms
[16:17:01 INF] HTTP GET /lib/jquery-validation/dist/jquery.validate.min.js responded 304 in 0.3485 ms
[16:17:01 INF] HTTP GET /js/site.js responded 304 in 1.7244 ms
[16:17:01 INF] HTTP GET /js/products-catalog-filter.js responded 304 in 0.2636 ms
[16:17:01 INF] HTTP GET /lib/jquery-validation-unobtrusive/dist/jquery.validate.unobtrusive.min.js responded 304 in 0.4736 ms
[16:17:03 INF] HTTP POST /Inventory/DeleteProduct responded 302 in 127.9726 ms
[16:17:03 INF] HTTP GET /Inventory/Products responded 200 in 55.3602 ms
[16:17:03 INF] HTTP GET /lib/bootstrap/dist/css/bootstrap.min.css responded 304 in 0.5092 ms
[16:17:03 INF] HTTP GET /css/site.css responded 304 in 0.5847 ms
[16:17:03 INF] HTTP GET /Biktal.WebMVC.styles.css responded 304 in 0.7215 ms
[16:17:04 INF] HTTP GET /lib/jquery/dist/jquery.min.js responded 304 in 0.8709 ms
[16:17:04 INF] HTTP GET /lib/bootstrap/dist/js/bootstrap.bundle.min.js responded 304 in 0.3585 ms
[16:17:04 INF] HTTP GET /lib/jquery-validation/dist/jquery.validate.min.js responded 304 in 0.3959 ms
[16:17:04 INF] HTTP GET /js/site.js responded 304 in 0.8477 ms
[16:17:04 INF] HTTP GET /lib/jquery-validation-unobtrusive/dist/jquery.validate.unobtrusive.min.js responded 304 in 0.8730 ms
[16:17:04 INF] HTTP GET /js/products-catalog-filter.js responded 304 in 0.9103 ms
[16:17:11 INF] HTTP GET /Inventory/Products responded 200 in 92.0268 ms
[16:17:11 INF] HTTP GET /lib/bootstrap/dist/css/bootstrap.min.css responded 304 in 0.5915 ms
[16:17:11 INF] HTTP GET /css/site.css responded 304 in 0.3181 ms
[16:17:11 INF] HTTP GET /Biktal.WebMVC.styles.css responded 304 in 0.6044 ms
[16:17:12 INF] HTTP GET /lib/jquery/dist/jquery.min.js responded 304 in 0.2704 ms
[16:17:12 INF] HTTP GET /lib/bootstrap/dist/js/bootstrap.bundle.min.js responded 304 in 0.4255 ms
[16:17:12 INF] HTTP GET /js/site.js responded 304 in 0.4038 ms
[16:17:12 INF] HTTP GET /lib/jquery-validation/dist/jquery.validate.min.js responded 304 in 0.3814 ms
[16:17:12 INF] HTTP GET /lib/jquery-validation-unobtrusive/dist/jquery.validate.unobtrusive.min.js responded 304 in 0.9087 ms
[16:17:12 INF] HTTP GET /js/products-catalog-filter.js responded 304 in 1.7940 ms
[16:17:17 INF] HTTP POST /Inventory/EditProduct responded 302 in 11.2502 ms
[16:17:17 INF] HTTP GET /Inventory/Products responded 200 in 57.1654 ms
[16:17:17 INF] HTTP GET /lib/bootstrap/dist/css/bootstrap.min.css responded 304 in 0.3880 ms
[16:17:17 INF] HTTP GET /Biktal.WebMVC.styles.css responded 304 in 0.3557 ms
[16:17:17 INF] HTTP GET /css/site.css responded 304 in 0.3500 ms
[16:17:18 INF] HTTP GET /lib/jquery/dist/jquery.min.js responded 304 in 0.2743 ms
[16:17:18 INF] HTTP GET /lib/bootstrap/dist/js/bootstrap.bundle.min.js responded 304 in 0.3964 ms
[16:17:18 INF] HTTP GET /js/site.js responded 304 in 0.4092 ms
[16:17:18 INF] HTTP GET /lib/jquery-validation/dist/jquery.validate.min.js responded 304 in 0.2439 ms
[16:17:18 INF] HTTP GET /lib/jquery-validation-unobtrusive/dist/jquery.validate.unobtrusive.min.js responded 304 in 0.4006 ms
[16:17:18 INF] HTTP GET /js/products-catalog-filter.js responded 304 in 0.6309 ms
[16:17:23 INF] HTTP GET /Inventory/Products responded 200 in 77.7785 ms
[16:17:23 INF] HTTP GET /lib/bootstrap/dist/css/bootstrap.min.css responded 304 in 0.5769 ms
[16:17:23 INF] HTTP GET /css/site.css responded 304 in 1.3036 ms
[16:17:23 INF] HTTP GET /Biktal.WebMVC.styles.css responded 304 in 0.5226 ms
[16:17:24 INF] HTTP GET /lib/jquery/dist/jquery.min.js responded 304 in 0.2455 ms
[16:17:24 INF] HTTP GET /js/site.js responded 304 in 0.3484 ms
[16:17:24 INF] HTTP GET /lib/bootstrap/dist/js/bootstrap.bundle.min.js responded 304 in 0.3957 ms
[16:17:24 INF] HTTP GET /lib/jquery-validation/dist/jquery.validate.min.js responded 304 in 0.2531 ms
[16:17:24 INF] HTTP GET /js/products-catalog-filter.js responded 304 in 0.2581 ms
[16:17:24 INF] HTTP GET /lib/jquery-validation-unobtrusive/dist/jquery.validate.unobtrusive.min.js responded 304 in 0.3885 ms
[16:17:29 INF] HTTP POST /Inventory/EditProduct responded 302 in 9.3712 ms
[16:17:29 INF] HTTP GET /Inventory/Products responded 200 in 36.9446 ms
[16:17:29 INF] HTTP GET /css/site.css responded 304 in 0.4131 ms
[16:17:29 INF] HTTP GET /Biktal.WebMVC.styles.css responded 304 in 0.3689 ms
[16:17:29 INF] HTTP GET /lib/bootstrap/dist/css/bootstrap.min.css responded 304 in 0.2871 ms
[16:17:30 INF] HTTP GET /lib/jquery/dist/jquery.min.js responded 304 in 0.2795 ms
[16:17:30 INF] HTTP GET /lib/bootstrap/dist/js/bootstrap.bundle.min.js responded 304 in 0.4738 ms
[16:17:30 INF] HTTP GET /js/site.js responded 304 in 0.5122 ms
[16:17:30 INF] HTTP GET /lib/jquery-validation/dist/jquery.validate.min.js responded 304 in 0.2693 ms
[16:17:30 INF] HTTP GET /lib/jquery-validation-unobtrusive/dist/jquery.validate.unobtrusive.min.js responded 304 in 0.4504 ms
[16:17:30 INF] HTTP GET /js/products-catalog-filter.js responded 304 in 0.9803 ms
[16:17:34 INF] HTTP GET /Inventory/Products responded 200 in 113.1100 ms
[16:17:34 INF] HTTP GET /lib/bootstrap/dist/css/bootstrap.min.css responded 304 in 0.3964 ms
[16:17:34 INF] HTTP GET /css/site.css responded 304 in 0.4251 ms
[16:17:34 INF] HTTP GET /Biktal.WebMVC.styles.css responded 304 in 0.7622 ms
[16:17:35 INF] HTTP GET /lib/jquery/dist/jquery.min.js responded 304 in 0.2633 ms
[16:17:35 INF] HTTP GET /lib/bootstrap/dist/js/bootstrap.bundle.min.js responded 304 in 0.3713 ms
[16:17:35 INF] HTTP GET /js/site.js responded 304 in 0.4761 ms
[16:17:35 INF] HTTP GET /lib/jquery-validation/dist/jquery.validate.min.js responded 304 in 0.2562 ms
[16:17:35 INF] HTTP GET /lib/jquery-validation-unobtrusive/dist/jquery.validate.unobtrusive.min.js responded 304 in 0.2562 ms
[16:17:35 INF] HTTP GET /js/products-catalog-filter.js responded 304 in 0.3318 ms
[16:17:43 INF] HTTP POST /Inventory/EditProduct responded 302 in 8.0337 ms
[16:17:43 INF] HTTP GET /Inventory/Products responded 200 in 49.1008 ms
[16:17:43 INF] HTTP GET /lib/bootstrap/dist/css/bootstrap.min.css responded 304 in 0.3986 ms
[16:17:43 INF] HTTP GET /css/site.css responded 304 in 0.8787 ms
[16:17:43 INF] HTTP GET /Biktal.WebMVC.styles.css responded 304 in 0.3652 ms
[16:17:44 INF] HTTP GET /lib/jquery/dist/jquery.min.js responded 304 in 0.2496 ms
[16:17:44 INF] HTTP GET /lib/bootstrap/dist/js/bootstrap.bundle.min.js responded 304 in 0.3912 ms
[16:17:44 INF] HTTP GET /js/site.js responded 304 in 0.4196 ms
[16:17:44 INF] HTTP GET /lib/jquery-validation/dist/jquery.validate.min.js responded 304 in 0.5788 ms
[16:17:44 INF] HTTP GET /lib/jquery-validation-unobtrusive/dist/jquery.validate.unobtrusive.min.js responded 304 in 0.3887 ms
[16:17:44 INF] HTTP GET /js/products-catalog-filter.js responded 304 in 0.5243 ms
[16:17:48 INF] HTTP GET /Inventory/Products responded 200 in 68.8634 ms
[16:17:48 INF] HTTP GET /lib/bootstrap/dist/css/bootstrap.min.css responded 304 in 1.0721 ms
[16:17:48 INF] HTTP GET /css/site.css responded 304 in 1.7872 ms
[16:17:48 INF] HTTP GET /Biktal.WebMVC.styles.css responded 304 in 1.0962 ms
[16:17:49 INF] HTTP GET /lib/jquery/dist/jquery.min.js responded 304 in 0.2512 ms
[16:17:49 INF] HTTP GET /lib/bootstrap/dist/js/bootstrap.bundle.min.js responded 304 in 0.4421 ms
[16:17:49 INF] HTTP GET /js/site.js responded 304 in 0.4250 ms
[16:17:49 INF] HTTP GET /lib/jquery-validation/dist/jquery.validate.min.js responded 304 in 0.4761 ms
[16:17:49 INF] HTTP GET /js/products-catalog-filter.js responded 304 in 2.2394 ms
[16:17:49 INF] HTTP GET /lib/jquery-validation-unobtrusive/dist/jquery.validate.unobtrusive.min.js responded 304 in 2.4133 ms
[16:18:00 INF] HTTP GET /Biktal.WebMVC.styles.css responded 304 in 0.5489 ms
[16:18:00 INF] HTTP GET /lib/bootstrap/dist/css/bootstrap.min.css responded 200 in 2.7105 ms
[16:18:00 INF] HTTP GET /css/site.css responded 304 in 0.6921 ms
[16:18:01 INF] HTTP GET /lib/bootstrap/dist/js/bootstrap.bundle.min.js.map responded 200 in 27.8253 ms
[16:18:01 INF] HTTP GET /lib/bootstrap/dist/css/bootstrap.min.css.map responded 200 in 115.0772 ms
[16:18:04 INF] HTTP POST /Inventory/EditProduct responded 302 in 9.2533 ms
[16:18:04 INF] HTTP GET /Inventory/Products responded 200 in 44.5256 ms
[16:18:04 INF] HTTP GET /css/site.css responded 304 in 0.3151 ms
[16:18:04 INF] HTTP GET /lib/bootstrap/dist/css/bootstrap.min.css responded 304 in 0.3349 ms
[16:18:04 INF] HTTP GET /Biktal.WebMVC.styles.css responded 304 in 0.2583 ms
[16:18:06 INF] HTTP GET /lib/jquery/dist/jquery.min.js responded 304 in 0.2589 ms
[16:18:06 INF] HTTP GET /js/site.js responded 304 in 0.8259 ms
[16:18:06 INF] HTTP GET /lib/bootstrap/dist/js/bootstrap.bundle.min.js responded 304 in 2.1890 ms
[16:18:06 INF] HTTP GET /lib/jquery-validation/dist/jquery.validate.min.js responded 304 in 0.5682 ms
[16:18:06 INF] HTTP GET /lib/jquery-validation-unobtrusive/dist/jquery.validate.unobtrusive.min.js responded 304 in 0.7546 ms
[16:18:06 INF] HTTP GET /js/products-catalog-filter.js responded 304 in 0.3814 ms
[16:18:09 INF] HTTP GET /Inventory/Products responded 200 in 73.5067 ms
[16:18:09 INF] HTTP GET /lib/bootstrap/dist/css/bootstrap.min.css responded 304 in 2.3528 ms
[16:18:09 INF] HTTP GET /Biktal.WebMVC.styles.css responded 304 in 0.4295 ms
[16:18:09 INF] HTTP GET /css/site.css responded 304 in 1.0264 ms
[16:18:10 INF] HTTP GET /lib/jquery/dist/jquery.min.js responded 304 in 0.3531 ms
[16:18:10 INF] HTTP GET /lib/bootstrap/dist/js/bootstrap.bundle.min.js responded 304 in 0.4485 ms
[16:18:10 INF] HTTP GET /js/site.js responded 304 in 0.7087 ms
[16:18:10 INF] HTTP GET /lib/jquery-validation/dist/jquery.validate.min.js responded 304 in 0.6351 ms
[16:18:10 INF] HTTP GET /lib/jquery-validation-unobtrusive/dist/jquery.validate.unobtrusive.min.js responded 304 in 0.3943 ms
[16:18:10 INF] HTTP GET /js/products-catalog-filter.js responded 304 in 0.6206 ms
[16:18:16 INF] HTTP POST /Inventory/EditProduct responded 302 in 10.5333 ms
[16:18:16 INF] HTTP GET /Inventory/Products responded 200 in 41.9201 ms
[16:18:16 INF] HTTP GET /lib/bootstrap/dist/css/bootstrap.min.css responded 304 in 0.5827 ms
[16:18:16 INF] HTTP GET /css/site.css responded 304 in 1.3520 ms
[16:18:16 INF] HTTP GET /Biktal.WebMVC.styles.css responded 304 in 0.4896 ms
[16:18:17 INF] HTTP GET /lib/jquery/dist/jquery.min.js responded 304 in 0.2455 ms
[16:18:17 INF] HTTP GET /lib/bootstrap/dist/js/bootstrap.bundle.min.js responded 304 in 0.4202 ms
[16:18:17 INF] HTTP GET /js/site.js responded 304 in 0.2310 ms
[16:18:17 INF] HTTP GET /lib/jquery-validation/dist/jquery.validate.min.js responded 304 in 0.3135 ms
[16:18:17 INF] HTTP GET /js/products-catalog-filter.js responded 304 in 0.8915 ms
[16:18:17 INF] HTTP GET /lib/jquery-validation-unobtrusive/dist/jquery.validate.unobtrusive.min.js responded 304 in 0.4672 ms
[16:18:33 INF] HTTP GET /Inventory/Products responded 200 in 86.9020 ms
[16:18:33 INF] HTTP GET /css/site.css responded 304 in 0.3628 ms
[16:18:33 INF] HTTP GET /lib/bootstrap/dist/css/bootstrap.min.css responded 304 in 0.3632 ms
[16:18:33 INF] HTTP GET /Biktal.WebMVC.styles.css responded 304 in 0.4199 ms
[16:18:34 INF] HTTP GET /lib/jquery/dist/jquery.min.js responded 304 in 0.2406 ms
[16:18:34 INF] HTTP GET /lib/bootstrap/dist/js/bootstrap.bundle.min.js responded 304 in 0.4814 ms
[16:18:34 INF] HTTP GET /js/site.js responded 304 in 0.5350 ms
[16:18:34 INF] HTTP GET /lib/jquery-validation/dist/jquery.validate.min.js responded 304 in 0.4530 ms
[16:18:34 INF] HTTP GET /lib/jquery-validation-unobtrusive/dist/jquery.validate.unobtrusive.min.js responded 304 in 0.3420 ms
[16:18:34 INF] HTTP GET /js/products-catalog-filter.js responded 304 in 0.5227 ms
[16:18:38 INF] HTTP POST /Inventory/EditProduct responded 302 in 6.6729 ms
[16:18:38 INF] HTTP GET /Inventory/Products responded 200 in 48.2003 ms
[16:18:38 INF] HTTP GET /lib/bootstrap/dist/css/bootstrap.min.css responded 304 in 1.7693 ms
[16:18:38 INF] HTTP GET /css/site.css responded 304 in 1.0962 ms
[16:18:38 INF] HTTP GET /Biktal.WebMVC.styles.css responded 304 in 0.4663 ms
[16:18:39 INF] HTTP GET /lib/jquery/dist/jquery.min.js responded 304 in 0.3422 ms
[16:18:39 INF] HTTP GET /lib/bootstrap/dist/js/bootstrap.bundle.min.js responded 304 in 0.3558 ms
[16:18:39 INF] HTTP GET /js/site.js responded 304 in 0.2431 ms
[16:18:39 INF] HTTP GET /lib/jquery-validation/dist/jquery.validate.min.js responded 304 in 0.4582 ms
[16:18:39 INF] HTTP GET /lib/jquery-validation-unobtrusive/dist/jquery.validate.unobtrusive.min.js responded 304 in 0.4798 ms
[16:18:39 INF] HTTP GET /js/products-catalog-filter.js responded 304 in 0.8920 ms
[16:18:43 INF] HTTP GET /Inventory/Products responded 200 in 67.8649 ms
[16:18:43 INF] HTTP GET /lib/bootstrap/dist/css/bootstrap.min.css responded 304 in 0.7395 ms
[16:18:43 INF] HTTP GET /Biktal.WebMVC.styles.css responded 304 in 0.2702 ms
[16:18:43 INF] HTTP GET /css/site.css responded 304 in 0.4848 ms
[16:18:44 INF] HTTP GET /lib/jquery/dist/jquery.min.js responded 304 in 0.2490 ms
[16:18:44 INF] HTTP GET /lib/bootstrap/dist/js/bootstrap.bundle.min.js responded 304 in 0.7792 ms
[16:18:44 INF] HTTP GET /js/site.js responded 304 in 0.4033 ms
[16:18:44 INF] HTTP GET /lib/jquery-validation/dist/jquery.validate.min.js responded 304 in 0.6605 ms
[16:18:44 INF] HTTP GET /js/products-catalog-filter.js responded 304 in 0.3300 ms
[16:18:44 INF] HTTP GET /lib/jquery-validation-unobtrusive/dist/jquery.validate.unobtrusive.min.js responded 304 in 1.0881 ms
[16:18:49 INF] HTTP POST /Inventory/EditProduct responded 302 in 10.5456 ms
[16:18:49 INF] HTTP GET /Inventory/Products responded 200 in 37.6947 ms
[16:18:49 INF] HTTP GET /lib/bootstrap/dist/css/bootstrap.min.css responded 304 in 0.4418 ms
[16:18:49 INF] HTTP GET /Biktal.WebMVC.styles.css responded 304 in 0.3428 ms
[16:18:49 INF] HTTP GET /css/site.css responded 304 in 0.3352 ms
[16:18:50 INF] HTTP GET /lib/jquery/dist/jquery.min.js responded 304 in 0.6845 ms
[16:18:50 INF] HTTP GET /lib/bootstrap/dist/js/bootstrap.bundle.min.js responded 304 in 0.4135 ms
[16:18:50 INF] HTTP GET /js/site.js responded 304 in 0.4460 ms
[16:18:50 INF] HTTP GET /lib/jquery-validation/dist/jquery.validate.min.js responded 304 in 0.9707 ms
[16:18:50 INF] HTTP GET /lib/jquery-validation-unobtrusive/dist/jquery.validate.unobtrusive.min.js responded 304 in 0.6290 ms
[16:18:50 INF] HTTP GET /js/products-catalog-filter.js responded 304 in 0.4381 ms
[16:18:53 INF] HTTP GET /Inventory/Products responded 200 in 67.9311 ms
[16:18:53 INF] HTTP GET /lib/bootstrap/dist/css/bootstrap.min.css responded 304 in 0.7421 ms
[16:18:53 INF] HTTP GET /css/site.css responded 304 in 0.4039 ms
[16:18:53 INF] HTTP GET /Biktal.WebMVC.styles.css responded 304 in 0.3166 ms
[16:18:54 INF] HTTP GET /lib/jquery/dist/jquery.min.js responded 304 in 0.2618 ms
[16:18:54 INF] HTTP GET /lib/bootstrap/dist/js/bootstrap.bundle.min.js responded 304 in 0.9215 ms
[16:18:54 INF] HTTP GET /js/site.js responded 304 in 1.0553 ms
[16:18:54 INF] HTTP GET /lib/jquery-validation/dist/jquery.validate.min.js responded 304 in 0.4505 ms
[16:18:54 INF] HTTP GET /lib/jquery-validation-unobtrusive/dist/jquery.validate.unobtrusive.min.js responded 304 in 0.4644 ms
[16:18:54 INF] HTTP GET /js/products-catalog-filter.js responded 304 in 0.3283 ms
[16:18:57 INF] HTTP POST /Inventory/EditProduct responded 302 in 13.8481 ms
[16:18:57 INF] HTTP GET /Inventory/Products responded 200 in 34.9046 ms
[16:18:57 INF] HTTP GET /lib/bootstrap/dist/css/bootstrap.min.css responded 304 in 0.3551 ms
[16:18:57 INF] HTTP GET /css/site.css responded 304 in 0.2536 ms
[16:18:57 INF] HTTP GET /Biktal.WebMVC.styles.css responded 304 in 0.4688 ms
[16:18:58 INF] HTTP GET /lib/jquery/dist/jquery.min.js responded 304 in 0.2454 ms
[16:18:58 INF] HTTP GET /lib/bootstrap/dist/js/bootstrap.bundle.min.js responded 304 in 0.5955 ms
[16:18:58 INF] HTTP GET /js/site.js responded 304 in 0.5309 ms
[16:18:58 INF] HTTP GET /lib/jquery-validation-unobtrusive/dist/jquery.validate.unobtrusive.min.js responded 304 in 0.6235 ms
[16:18:58 INF] HTTP GET /lib/jquery-validation/dist/jquery.validate.min.js responded 304 in 0.9642 ms
[16:18:58 INF] HTTP GET /js/products-catalog-filter.js responded 304 in 0.5801 ms
[16:19:00 INF] HTTP GET /Inventory/Products responded 200 in 68.4358 ms
[16:19:01 INF] HTTP GET /lib/bootstrap/dist/css/bootstrap.min.css responded 304 in 0.7108 ms
[16:19:01 INF] HTTP GET /Biktal.WebMVC.styles.css responded 304 in 0.3281 ms
[16:19:01 INF] HTTP GET /css/site.css responded 304 in 0.7570 ms
[16:19:01 INF] HTTP GET /lib/jquery/dist/jquery.min.js responded 304 in 0.2626 ms
[16:19:01 INF] HTTP GET /lib/bootstrap/dist/js/bootstrap.bundle.min.js responded 304 in 0.4210 ms
[16:19:01 INF] HTTP GET /js/site.js responded 304 in 0.3824 ms
[16:19:01 INF] HTTP GET /lib/jquery-validation-unobtrusive/dist/jquery.validate.unobtrusive.min.js responded 304 in 0.3686 ms
[16:19:01 INF] HTTP GET /lib/jquery-validation/dist/jquery.validate.min.js responded 304 in 0.6581 ms
[16:19:01 INF] HTTP GET /js/products-catalog-filter.js responded 304 in 0.8993 ms
[16:19:07 INF] HTTP POST /Inventory/EditProduct responded 302 in 6.8726 ms
[16:19:07 INF] HTTP GET /Inventory/Products responded 200 in 41.5736 ms
[16:19:07 INF] HTTP GET /lib/bootstrap/dist/css/bootstrap.min.css responded 304 in 0.5645 ms
[16:19:07 INF] HTTP GET /css/site.css responded 304 in 1.4365 ms
[16:19:07 INF] HTTP GET /Biktal.WebMVC.styles.css responded 304 in 0.3468 ms
[16:19:09 INF] HTTP GET /lib/jquery/dist/jquery.min.js responded 304 in 0.2725 ms
[16:19:09 INF] HTTP GET /lib/bootstrap/dist/js/bootstrap.bundle.min.js responded 304 in 0.3458 ms
[16:19:09 INF] HTTP GET /js/site.js responded 304 in 0.2751 ms
[16:19:09 INF] HTTP GET /lib/jquery-validation/dist/jquery.validate.min.js responded 304 in 0.3778 ms
[16:19:09 INF] HTTP GET /lib/jquery-validation-unobtrusive/dist/jquery.validate.unobtrusive.min.js responded 304 in 2.6461 ms
[16:19:09 INF] HTTP GET /js/products-catalog-filter.js responded 304 in 0.3583 ms
[16:20:11 INF] HTTP GET /Inventory/Products responded 200 in 57.5417 ms
[16:20:11 INF] HTTP GET /css/site.css responded 200 in 3.3573 ms
[16:20:11 INF] HTTP GET /Biktal.WebMVC.styles.css responded 200 in 1.1867 ms
[16:20:11 INF] HTTP GET /lib/bootstrap/dist/css/bootstrap.min.css responded 200 in 1.1257 ms
[16:20:12 INF] HTTP GET /lib/jquery/dist/jquery.min.js responded 200 in 0.7059 ms
[16:20:12 INF] HTTP GET /js/site.js responded 200 in 0.6738 ms
[16:20:12 INF] HTTP GET /lib/bootstrap/dist/js/bootstrap.bundle.min.js responded 200 in 0.6929 ms
[16:20:12 INF] HTTP GET /lib/jquery-validation-unobtrusive/dist/jquery.validate.unobtrusive.min.js responded 200 in 0.6992 ms
[16:20:12 INF] HTTP GET /js/products-catalog-filter.js responded 200 in 0.4593 ms
[16:20:12 INF] HTTP GET /lib/jquery-validation/dist/jquery.validate.min.js responded 200 in 0.5234 ms
[16:20:15 INF] HTTP POST /Inventory/EditProduct responded 302 in 13.1395 ms
[16:20:15 INF] HTTP GET /Inventory/Products responded 200 in 42.2214 ms
[16:20:15 INF] HTTP GET /lib/bootstrap/dist/css/bootstrap.min.css responded 304 in 0.2615 ms
[16:20:15 INF] HTTP GET /Biktal.WebMVC.styles.css responded 304 in 0.3147 ms
[16:20:15 INF] HTTP GET /css/site.css responded 304 in 0.3148 ms
[16:20:16 INF] HTTP GET /lib/jquery/dist/jquery.min.js responded 304 in 0.2722 ms
[16:20:16 INF] HTTP GET /lib/bootstrap/dist/js/bootstrap.bundle.min.js responded 304 in 0.9859 ms
[16:20:16 INF] HTTP GET /js/site.js responded 304 in 0.4102 ms
[16:20:16 INF] HTTP GET /lib/jquery-validation/dist/jquery.validate.min.js responded 304 in 0.3356 ms
[16:20:16 INF] HTTP GET /lib/jquery-validation-unobtrusive/dist/jquery.validate.unobtrusive.min.js responded 304 in 0.3974 ms
[16:20:16 INF] HTTP GET /js/products-catalog-filter.js responded 304 in 0.4912 ms
[16:21:12 INF] HTTP GET /Inventory/Products responded 200 in 53.5530 ms
[16:21:12 INF] HTTP GET /lib/bootstrap/dist/css/bootstrap.min.css responded 200 in 4.1913 ms
[16:21:12 INF] HTTP GET /css/site.css responded 200 in 1.3825 ms
[16:21:12 INF] HTTP GET /Biktal.WebMVC.styles.css responded 200 in 1.0507 ms
[16:21:13 INF] HTTP GET /lib/jquery/dist/jquery.min.js responded 200 in 0.6626 ms
[16:21:13 INF] HTTP GET /js/site.js responded 200 in 0.5981 ms
[16:21:13 INF] HTTP GET /lib/bootstrap/dist/js/bootstrap.bundle.min.js responded 200 in 1.2800 ms
[16:21:13 INF] HTTP GET /lib/jquery-validation/dist/jquery.validate.min.js responded 200 in 1.4185 ms
[16:21:13 INF] HTTP GET /lib/jquery-validation-unobtrusive/dist/jquery.validate.unobtrusive.min.js responded 200 in 3.5479 ms
[16:21:13 INF] HTTP GET /js/products-catalog-filter.js responded 200 in 0.9207 ms
[16:21:17 INF] HTTP POST /Inventory/EditProduct responded 302 in 15.3860 ms
[16:21:17 INF] HTTP GET /Inventory/Products responded 200 in 68.5860 ms
[16:21:17 INF] HTTP GET /lib/bootstrap/dist/css/bootstrap.min.css responded 304 in 0.3827 ms
[16:21:17 INF] HTTP GET /css/site.css responded 304 in 0.7169 ms
[16:21:17 INF] HTTP GET /Biktal.WebMVC.styles.css responded 304 in 0.3325 ms
[16:21:18 INF] HTTP GET /lib/jquery/dist/jquery.min.js responded 304 in 0.3642 ms
[16:21:18 INF] HTTP GET /js/site.js responded 304 in 0.4511 ms
[16:21:18 INF] HTTP GET /lib/bootstrap/dist/js/bootstrap.bundle.min.js responded 304 in 0.4089 ms
[16:21:18 INF] HTTP GET /lib/jquery-validation/dist/jquery.validate.min.js responded 304 in 0.8071 ms
[16:21:18 INF] HTTP GET /lib/jquery-validation-unobtrusive/dist/jquery.validate.unobtrusive.min.js responded 304 in 2.8137 ms
[16:21:18 INF] HTTP GET /js/products-catalog-filter.js responded 304 in 2.6660 ms
[16:21:25 INF] HTTP GET /Inventory/Products responded 200 in 55.8510 ms
[16:21:25 INF] HTTP GET /lib/bootstrap/dist/css/bootstrap.min.css responded 304 in 0.3871 ms
[16:21:26 INF] HTTP GET /css/site.css responded 304 in 1.0793 ms
[16:21:26 INF] HTTP GET /Biktal.WebMVC.styles.css responded 304 in 2.3440 ms
[16:21:26 INF] HTTP GET /lib/jquery/dist/jquery.min.js responded 304 in 0.2512 ms
[16:21:26 INF] HTTP GET /lib/bootstrap/dist/js/bootstrap.bundle.min.js responded 304 in 0.4645 ms
[16:21:26 INF] HTTP GET /js/site.js responded 304 in 0.3212 ms
[16:21:26 INF] HTTP GET /lib/jquery-validation/dist/jquery.validate.min.js responded 304 in 0.7981 ms
[16:21:26 INF] HTTP GET /js/products-catalog-filter.js responded 304 in 9.6108 ms
[16:21:26 INF] HTTP GET /lib/jquery-validation-unobtrusive/dist/jquery.validate.unobtrusive.min.js responded 304 in 9.8851 ms
[16:21:30 INF] HTTP POST /Inventory/EditProduct responded 302 in 9.6768 ms
[16:21:30 INF] HTTP GET /Inventory/Products responded 200 in 63.7586 ms
[16:21:30 INF] HTTP GET /css/site.css responded 304 in 0.3959 ms
[16:21:30 INF] HTTP GET /Biktal.WebMVC.styles.css responded 304 in 0.2618 ms
[16:21:30 INF] HTTP GET /lib/bootstrap/dist/css/bootstrap.min.css responded 304 in 0.2722 ms
[16:21:31 INF] HTTP GET /lib/jquery/dist/jquery.min.js responded 304 in 0.2589 ms
[16:21:31 INF] HTTP GET /lib/bootstrap/dist/js/bootstrap.bundle.min.js responded 304 in 1.5650 ms
[16:21:31 INF] HTTP GET /js/site.js responded 304 in 0.6165 ms
[16:21:31 INF] HTTP GET /lib/jquery-validation/dist/jquery.validate.min.js responded 304 in 0.4583 ms
[16:21:31 INF] HTTP GET /lib/jquery-validation-unobtrusive/dist/jquery.validate.unobtrusive.min.js responded 304 in 1.0216 ms
[16:21:31 INF] HTTP GET /js/products-catalog-filter.js responded 304 in 0.7392 ms
[16:21:36 INF] HTTP GET /Inventory/Products responded 200 in 66.2564 ms
[16:21:36 INF] HTTP GET /lib/bootstrap/dist/css/bootstrap.min.css responded 304 in 0.3927 ms
[16:21:36 INF] HTTP GET /css/site.css responded 304 in 0.5273 ms
[16:21:36 INF] HTTP GET /Biktal.WebMVC.styles.css responded 304 in 0.6786 ms
[16:21:37 INF] HTTP GET /lib/jquery/dist/jquery.min.js responded 304 in 0.2601 ms
[16:21:37 INF] HTTP GET /lib/bootstrap/dist/js/bootstrap.bundle.min.js responded 304 in 0.4262 ms
[16:21:37 INF] HTTP GET /js/site.js responded 304 in 2.1657 ms
[16:21:37 INF] HTTP GET /lib/jquery-validation/dist/jquery.validate.min.js responded 304 in 0.6070 ms
[16:21:37 INF] HTTP GET /lib/jquery-validation-unobtrusive/dist/jquery.validate.unobtrusive.min.js responded 304 in 2.4614 ms
[16:21:37 INF] HTTP GET /js/products-catalog-filter.js responded 304 in 0.5610 ms
[16:21:42 INF] HTTP POST /Inventory/EditProduct responded 302 in 12.4701 ms
[16:21:43 INF] HTTP GET /Inventory/Products responded 200 in 55.3601 ms
[16:21:43 INF] HTTP GET /lib/bootstrap/dist/css/bootstrap.min.css responded 304 in 3.4616 ms
[16:21:43 INF] HTTP GET /css/site.css responded 304 in 0.5311 ms
[16:21:43 INF] HTTP GET /Biktal.WebMVC.styles.css responded 304 in 0.3502 ms
[16:21:44 INF] HTTP GET /lib/jquery/dist/jquery.min.js responded 304 in 0.3296 ms
[16:21:44 INF] HTTP GET /lib/bootstrap/dist/js/bootstrap.bundle.min.js responded 304 in 0.4454 ms
[16:21:44 INF] HTTP GET /js/site.js responded 304 in 0.5636 ms
[16:21:44 INF] HTTP GET /lib/jquery-validation/dist/jquery.validate.min.js responded 304 in 0.3894 ms
[16:21:44 INF] HTTP GET /lib/jquery-validation-unobtrusive/dist/jquery.validate.unobtrusive.min.js responded 304 in 0.3911 ms
[16:21:44 INF] HTTP GET /js/products-catalog-filter.js responded 304 in 0.7576 ms
[16:21:47 INF] HTTP GET /Inventory/Products responded 200 in 108.8334 ms
[16:21:47 INF] HTTP GET /css/site.css responded 304 in 0.3576 ms
[16:21:47 INF] HTTP GET /lib/bootstrap/dist/css/bootstrap.min.css responded 200 in 0.8200 ms
[16:21:47 INF] HTTP GET /Biktal.WebMVC.styles.css responded 304 in 0.3630 ms
[16:21:48 INF] HTTP GET /lib/jquery/dist/jquery.min.js responded 304 in 0.2771 ms
[16:21:48 INF] HTTP GET /js/site.js responded 304 in 0.2551 ms
[16:21:48 INF] HTTP GET /lib/bootstrap/dist/js/bootstrap.bundle.min.js responded 304 in 0.3812 ms
[16:21:48 INF] HTTP GET /lib/jquery-validation/dist/jquery.validate.min.js responded 304 in 0.6761 ms
[16:21:48 INF] HTTP GET /lib/jquery-validation-unobtrusive/dist/jquery.validate.unobtrusive.min.js responded 304 in 0.4753 ms
[16:21:48 INF] HTTP GET /js/products-catalog-filter.js responded 304 in 0.4745 ms
[16:21:52 INF] HTTP POST /Inventory/EditProduct responded 302 in 12.7393 ms
[16:21:52 INF] HTTP GET /Inventory/Products responded 200 in 61.1483 ms
[16:21:52 INF] HTTP GET /lib/bootstrap/dist/css/bootstrap.min.css responded 304 in 0.3878 ms
[16:21:52 INF] HTTP GET /Biktal.WebMVC.styles.css responded 304 in 0.3341 ms
[16:21:52 INF] HTTP GET /css/site.css responded 304 in 0.3427 ms
[16:21:53 INF] HTTP GET /lib/jquery/dist/jquery.min.js responded 304 in 0.3234 ms
[16:21:53 INF] HTTP GET /lib/bootstrap/dist/js/bootstrap.bundle.min.js responded 304 in 0.8998 ms
[16:21:53 INF] HTTP GET /js/site.js responded 304 in 1.2010 ms
[16:21:53 INF] HTTP GET /lib/jquery-validation/dist/jquery.validate.min.js responded 304 in 0.4335 ms
[16:21:53 INF] HTTP GET /lib/jquery-validation-unobtrusive/dist/jquery.validate.unobtrusive.min.js responded 304 in 0.8123 ms
[16:21:53 INF] HTTP GET /js/products-catalog-filter.js responded 304 in 1.2199 ms
[16:21:57 INF] HTTP GET /Inventory/Products responded 200 in 54.1162 ms
[16:21:57 INF] HTTP GET /lib/bootstrap/dist/css/bootstrap.min.css responded 304 in 0.6032 ms
[16:21:57 INF] HTTP GET /css/site.css responded 304 in 0.6718 ms
[16:21:57 INF] HTTP GET /Biktal.WebMVC.styles.css responded 304 in 0.5573 ms
[16:21:58 INF] HTTP GET /lib/jquery/dist/jquery.min.js responded 304 in 0.2699 ms
[16:21:58 INF] HTTP GET /js/site.js responded 304 in 0.3536 ms
[16:21:58 INF] HTTP GET /lib/bootstrap/dist/js/bootstrap.bundle.min.js responded 304 in 0.4556 ms
[16:21:58 INF] HTTP GET /lib/jquery-validation/dist/jquery.validate.min.js responded 304 in 0.5035 ms
[16:21:58 INF] HTTP GET /lib/jquery-validation-unobtrusive/dist/jquery.validate.unobtrusive.min.js responded 304 in 0.4866 ms
[16:21:58 INF] HTTP GET /js/products-catalog-filter.js responded 304 in 0.5817 ms
[16:22:02 INF] HTTP POST /Inventory/EditProduct responded 302 in 10.4148 ms
[16:22:02 INF] HTTP GET /Inventory/Products responded 200 in 62.1666 ms
[16:22:02 INF] HTTP GET /lib/bootstrap/dist/css/bootstrap.min.css responded 304 in 0.9009 ms
[16:22:02 INF] HTTP GET /Biktal.WebMVC.styles.css responded 304 in 1.1351 ms
[16:22:02 INF] HTTP GET /css/site.css responded 304 in 0.3546 ms
[16:22:03 INF] HTTP GET /lib/jquery/dist/jquery.min.js responded 304 in 0.4145 ms
[16:22:03 INF] HTTP GET /lib/bootstrap/dist/js/bootstrap.bundle.min.js responded 304 in 0.4122 ms
[16:22:03 INF] HTTP GET /js/site.js responded 304 in 0.4564 ms
[16:22:03 INF] HTTP GET /lib/jquery-validation/dist/jquery.validate.min.js responded 304 in 0.5346 ms
[16:22:03 INF] HTTP GET /lib/jquery-validation-unobtrusive/dist/jquery.validate.unobtrusive.min.js responded 304 in 0.3657 ms
[16:22:03 INF] HTTP GET /js/products-catalog-filter.js responded 304 in 0.6982 ms
[16:22:11 INF] HTTP GET /Inventory/Products responded 200 in 44.9087 ms
[16:22:11 INF] HTTP GET /lib/bootstrap/dist/css/bootstrap.min.css responded 304 in 0.5298 ms
[16:22:11 INF] HTTP GET /css/site.css responded 304 in 0.5832 ms
[16:22:11 INF] HTTP GET /Biktal.WebMVC.styles.css responded 304 in 0.7873 ms
[16:22:12 INF] HTTP GET /lib/jquery/dist/jquery.min.js responded 304 in 0.3434 ms
[16:22:12 INF] HTTP GET /lib/bootstrap/dist/js/bootstrap.bundle.min.js responded 304 in 0.4748 ms
[16:22:12 INF] HTTP GET /js/site.js responded 304 in 0.4020 ms
[16:22:12 INF] HTTP GET /lib/jquery-validation/dist/jquery.validate.min.js responded 304 in 0.6075 ms
[16:22:12 INF] HTTP GET /lib/jquery-validation-unobtrusive/dist/jquery.validate.unobtrusive.min.js responded 304 in 0.3557 ms
[16:22:12 INF] HTTP GET /js/products-catalog-filter.js responded 304 in 2.4543 ms
[16:22:15 INF] HTTP POST /Inventory/EditProduct responded 302 in 17.0780 ms
[16:22:15 INF] HTTP GET /Inventory/Products responded 200 in 49.5285 ms
[16:22:15 INF] HTTP GET /lib/bootstrap/dist/css/bootstrap.min.css responded 200 in 0.9045 ms
[16:22:15 INF] HTTP GET /Biktal.WebMVC.styles.css responded 304 in 0.2892 ms
[16:22:15 INF] HTTP GET /css/site.css responded 304 in 0.9405 ms
[16:22:16 INF] HTTP GET /lib/jquery/dist/jquery.min.js responded 304 in 0.2442 ms
[16:22:16 INF] HTTP GET /lib/bootstrap/dist/js/bootstrap.bundle.min.js responded 304 in 0.6809 ms
[16:22:16 INF] HTTP GET /js/site.js responded 304 in 0.6849 ms
[16:22:16 INF] HTTP GET /lib/jquery-validation-unobtrusive/dist/jquery.validate.unobtrusive.min.js responded 304 in 0.5948 ms
[16:22:16 INF] HTTP GET /lib/jquery-validation/dist/jquery.validate.min.js responded 304 in 0.9690 ms
[16:22:16 INF] HTTP GET /js/products-catalog-filter.js responded 304 in 0.3179 ms
[16:28:19 INF] HTTP GET /Inventory/Products responded 200 in 127.8075 ms
[16:28:19 INF] HTTP GET /css/site.css responded 200 in 0.9563 ms
[16:28:19 INF] HTTP GET /lib/bootstrap/dist/css/bootstrap.min.css responded 200 in 1.7880 ms
[16:28:19 INF] HTTP GET /Biktal.WebMVC.styles.css responded 200 in 0.9841 ms
[16:28:20 INF] HTTP GET /lib/jquery/dist/jquery.min.js responded 200 in 0.6679 ms
[16:28:20 INF] HTTP GET /lib/bootstrap/dist/js/bootstrap.bundle.min.js responded 200 in 1.1060 ms
[16:28:20 INF] HTTP GET /js/site.js responded 200 in 0.8814 ms
[16:28:20 INF] HTTP GET /lib/jquery-validation/dist/jquery.validate.min.js responded 200 in 0.9493 ms
[16:28:20 INF] HTTP GET /lib/jquery-validation-unobtrusive/dist/jquery.validate.unobtrusive.min.js responded 200 in 3.6970 ms
[16:28:20 INF] HTTP GET /js/products-catalog-filter.js responded 200 in 1.2134 ms
[16:28:25 INF] HTTP POST /Inventory/EditProduct responded 302 in 17.5374 ms
[16:28:25 INF] HTTP GET /Inventory/Products responded 200 in 57.7371 ms
[16:28:25 INF] HTTP GET /lib/bootstrap/dist/css/bootstrap.min.css responded 304 in 0.4350 ms
[16:28:25 INF] HTTP GET /Biktal.WebMVC.styles.css responded 304 in 0.3790 ms
[16:28:25 INF] HTTP GET /css/site.css responded 304 in 0.3155 ms
[16:28:26 INF] HTTP GET /lib/jquery/dist/jquery.min.js responded 304 in 0.2573 ms
[16:28:26 INF] HTTP GET /lib/bootstrap/dist/js/bootstrap.bundle.min.js responded 304 in 0.4584 ms
[16:28:26 INF] HTTP GET /js/site.js responded 304 in 0.3304 ms
[16:28:26 INF] HTTP GET /lib/jquery-validation/dist/jquery.validate.min.js responded 304 in 0.3841 ms
[16:28:26 INF] HTTP GET /lib/jquery-validation-unobtrusive/dist/jquery.validate.unobtrusive.min.js responded 304 in 2.1257 ms
[16:28:26 INF] HTTP GET /js/products-catalog-filter.js responded 304 in 1.3522 ms
[16:28:29 INF] HTTP GET /Inventory/Products responded 200 in 56.0767 ms
[16:28:29 INF] HTTP GET /lib/bootstrap/dist/css/bootstrap.min.css responded 304 in 0.6067 ms
[16:28:29 INF] HTTP GET /Biktal.WebMVC.styles.css responded 304 in 0.3961 ms
[16:28:29 INF] HTTP GET /css/site.css responded 304 in 1.1570 ms
[16:28:30 INF] HTTP GET /lib/jquery/dist/jquery.min.js responded 304 in 0.2475 ms
[16:28:30 INF] HTTP GET /lib/bootstrap/dist/js/bootstrap.bundle.min.js responded 304 in 0.7007 ms
[16:28:30 INF] HTTP GET /js/site.js responded 304 in 2.1550 ms
[16:28:30 INF] HTTP GET /lib/jquery-validation/dist/jquery.validate.min.js responded 304 in 0.8765 ms
[16:28:30 INF] HTTP GET /lib/jquery-validation-unobtrusive/dist/jquery.validate.unobtrusive.min.js responded 304 in 3.0963 ms
[16:28:30 INF] HTTP GET /js/products-catalog-filter.js responded 304 in 1.0565 ms
[16:28:33 INF] HTTP POST /Inventory/EditProduct responded 302 in 14.0000 ms
[16:28:34 INF] HTTP GET /Inventory/Products responded 200 in 70.8882 ms
[16:28:34 INF] HTTP GET /lib/bootstrap/dist/css/bootstrap.min.css responded 304 in 0.8384 ms
[16:28:34 INF] HTTP GET /css/site.css responded 304 in 1.0082 ms
[16:28:34 INF] HTTP GET /Biktal.WebMVC.styles.css responded 304 in 0.4962 ms
[16:28:34 INF] HTTP GET /lib/jquery/dist/jquery.min.js responded 304 in 0.2740 ms
[16:28:35 INF] HTTP GET /lib/bootstrap/dist/js/bootstrap.bundle.min.js responded 304 in 0.3819 ms
[16:28:35 INF] HTTP GET /js/site.js responded 304 in 0.9904 ms
[16:28:35 INF] HTTP GET /lib/jquery-validation/dist/jquery.validate.min.js responded 304 in 0.3680 ms
[16:28:35 INF] HTTP GET /js/products-catalog-filter.js responded 304 in 0.2116 ms
[16:28:35 INF] HTTP GET /lib/jquery-validation-unobtrusive/dist/jquery.validate.unobtrusive.min.js responded 304 in 0.2288 ms
[16:28:37 INF] HTTP GET /Inventory/Products responded 200 in 49.3151 ms
[16:28:37 INF] HTTP GET /lib/bootstrap/dist/css/bootstrap.min.css responded 304 in 0.5582 ms
[16:28:37 INF] HTTP GET /css/site.css responded 304 in 0.6510 ms
[16:28:37 INF] HTTP GET /Biktal.WebMVC.styles.css responded 304 in 0.3544 ms
[16:28:37 INF] HTTP GET /lib/jquery/dist/jquery.min.js responded 304 in 0.4541 ms
[16:28:37 INF] HTTP GET /lib/bootstrap/dist/js/bootstrap.bundle.min.js responded 304 in 0.9255 ms
[16:28:37 INF] HTTP GET /js/site.js responded 304 in 0.4409 ms
[16:28:37 INF] HTTP GET /lib/jquery-validation/dist/jquery.validate.min.js responded 304 in 0.4805 ms
[16:28:37 INF] HTTP GET /lib/jquery-validation-unobtrusive/dist/jquery.validate.unobtrusive.min.js responded 304 in 0.7593 ms
[16:28:37 INF] HTTP GET /js/products-catalog-filter.js responded 304 in 0.4252 ms
[16:28:41 INF] HTTP POST /Inventory/EditProduct responded 302 in 6.5175 ms
[16:28:41 INF] HTTP GET /Inventory/Products responded 200 in 51.6012 ms
[16:28:41 INF] HTTP GET /lib/bootstrap/dist/css/bootstrap.min.css responded 304 in 0.9965 ms
[16:28:41 INF] HTTP GET /css/site.css responded 304 in 0.8360 ms
[16:28:41 INF] HTTP GET /Biktal.WebMVC.styles.css responded 304 in 0.6013 ms
[16:28:42 INF] HTTP GET /lib/jquery/dist/jquery.min.js responded 304 in 0.3231 ms
[16:28:42 INF] HTTP GET /lib/bootstrap/dist/js/bootstrap.bundle.min.js responded 304 in 0.4195 ms
[16:28:42 INF] HTTP GET /js/site.js responded 304 in 0.5598 ms
[16:28:42 INF] HTTP GET /lib/jquery-validation/dist/jquery.validate.min.js responded 304 in 0.4721 ms
[16:28:42 INF] HTTP GET /lib/jquery-validation-unobtrusive/dist/jquery.validate.unobtrusive.min.js responded 304 in 3.0678 ms
[16:28:42 INF] HTTP GET /js/products-catalog-filter.js responded 304 in 0.4107 ms
[16:28:44 INF] HTTP GET /Inventory/Products responded 200 in 47.4910 ms
[16:28:44 INF] HTTP GET /lib/bootstrap/dist/css/bootstrap.min.css responded 200 in 1.4406 ms
[16:28:44 INF] HTTP GET /css/site.css responded 304 in 0.6427 ms
[16:28:44 INF] HTTP GET /Biktal.WebMVC.styles.css responded 304 in 1.3806 ms
[16:28:45 INF] HTTP GET /lib/jquery/dist/jquery.min.js responded 304 in 0.2741 ms
[16:28:45 INF] HTTP GET /lib/bootstrap/dist/js/bootstrap.bundle.min.js responded 304 in 0.4333 ms
[16:28:45 INF] HTTP GET /js/site.js responded 304 in 0.4449 ms
[16:28:45 INF] HTTP GET /lib/jquery-validation/dist/jquery.validate.min.js responded 304 in 0.3826 ms
[16:28:45 INF] HTTP GET /js/products-catalog-filter.js responded 304 in 0.6215 ms
[16:28:45 INF] HTTP GET /lib/jquery-validation-unobtrusive/dist/jquery.validate.unobtrusive.min.js responded 304 in 0.8953 ms
[16:28:49 INF] HTTP POST /Inventory/EditProduct responded 302 in 9.3763 ms
[16:28:49 INF] HTTP GET /Inventory/Products responded 200 in 56.2723 ms
[16:28:49 INF] HTTP GET /lib/bootstrap/dist/css/bootstrap.min.css responded 304 in 1.0283 ms
[16:28:49 INF] HTTP GET /css/site.css responded 304 in 0.4596 ms
[16:28:49 INF] HTTP GET /Biktal.WebMVC.styles.css responded 304 in 0.5472 ms
[16:28:50 INF] HTTP GET /lib/jquery/dist/jquery.min.js responded 304 in 0.2557 ms
[16:28:50 INF] HTTP GET /lib/bootstrap/dist/js/bootstrap.bundle.min.js responded 304 in 0.5042 ms
[16:28:50 INF] HTTP GET /js/site.js responded 304 in 0.5215 ms
[16:28:50 INF] HTTP GET /lib/jquery-validation/dist/jquery.validate.min.js responded 304 in 0.6510 ms
[16:28:50 INF] HTTP GET /lib/jquery-validation-unobtrusive/dist/jquery.validate.unobtrusive.min.js responded 304 in 0.6291 ms
[16:28:50 INF] HTTP GET /js/products-catalog-filter.js responded 304 in 0.5779 ms
[16:28:55 INF] HTTP GET /Inventory/Products responded 200 in 48.1570 ms
[16:28:55 INF] HTTP GET /lib/bootstrap/dist/css/bootstrap.min.css responded 200 in 3.1834 ms
[16:28:55 INF] HTTP GET /css/site.css responded 304 in 0.5067 ms
[16:28:55 INF] HTTP GET /Biktal.WebMVC.styles.css responded 304 in 2.7725 ms
[16:28:56 INF] HTTP GET /lib/jquery/dist/jquery.min.js responded 304 in 0.2580 ms
[16:28:56 INF] HTTP GET /lib/bootstrap/dist/js/bootstrap.bundle.min.js responded 304 in 0.4248 ms
[16:28:56 INF] HTTP GET /js/site.js responded 304 in 0.5942 ms
[16:28:56 INF] HTTP GET /lib/jquery-validation/dist/jquery.validate.min.js responded 304 in 1.0607 ms
[16:28:56 INF] HTTP GET /js/products-catalog-filter.js responded 304 in 0.4600 ms
[16:28:56 INF] HTTP GET /lib/jquery-validation-unobtrusive/dist/jquery.validate.unobtrusive.min.js responded 304 in 0.4556 ms
[16:29:01 INF] HTTP POST /Inventory/EditProduct responded 302 in 10.0477 ms
[16:29:01 INF] HTTP GET /Inventory/Products responded 200 in 57.2125 ms
[16:29:01 INF] HTTP GET /lib/bootstrap/dist/css/bootstrap.min.css responded 304 in 0.3386 ms
[16:29:01 INF] HTTP GET /Biktal.WebMVC.styles.css responded 304 in 0.3132 ms
[16:29:01 INF] HTTP GET /css/site.css responded 304 in 0.3394 ms
[16:29:02 INF] HTTP GET /lib/jquery/dist/jquery.min.js responded 304 in 0.2689 ms
[16:29:02 INF] HTTP GET /lib/bootstrap/dist/js/bootstrap.bundle.min.js responded 304 in 0.4235 ms
[16:29:02 INF] HTTP GET /js/site.js responded 304 in 0.3904 ms
[16:29:02 INF] HTTP GET /lib/jquery-validation/dist/jquery.validate.min.js responded 304 in 0.2896 ms
[16:29:02 INF] HTTP GET /js/products-catalog-filter.js responded 304 in 0.5024 ms
[16:29:02 INF] HTTP GET /lib/jquery-validation-unobtrusive/dist/jquery.validate.unobtrusive.min.js responded 304 in 1.5218 ms
[16:29:05 INF] HTTP GET /Inventory/Products responded 200 in 53.8602 ms
[16:29:05 INF] HTTP GET /lib/bootstrap/dist/css/bootstrap.min.css responded 200 in 3.3814 ms
[16:29:05 INF] HTTP GET /css/site.css responded 304 in 0.6288 ms
[16:29:05 INF] HTTP GET /Biktal.WebMVC.styles.css responded 304 in 0.4088 ms
[16:29:06 INF] HTTP GET /lib/jquery/dist/jquery.min.js responded 304 in 0.2515 ms
[16:29:06 INF] HTTP GET /lib/bootstrap/dist/js/bootstrap.bundle.min.js responded 304 in 0.5677 ms
[16:29:06 INF] HTTP GET /js/site.js responded 304 in 0.5403 ms
[16:29:06 INF] HTTP GET /lib/jquery-validation/dist/jquery.validate.min.js responded 304 in 0.3351 ms
[16:29:06 INF] HTTP GET /lib/jquery-validation-unobtrusive/dist/jquery.validate.unobtrusive.min.js responded 304 in 0.3995 ms
[16:29:06 INF] HTTP GET /js/products-catalog-filter.js responded 304 in 0.5614 ms
[16:29:09 INF] HTTP POST /Inventory/EditProduct responded 302 in 7.5304 ms
[16:29:10 INF] HTTP GET /Inventory/Products responded 200 in 50.9606 ms
[16:29:10 INF] HTTP GET /css/site.css responded 304 in 0.3608 ms
[16:29:10 INF] HTTP GET /lib/bootstrap/dist/css/bootstrap.min.css responded 304 in 0.7491 ms
[16:29:10 INF] HTTP GET /Biktal.WebMVC.styles.css responded 304 in 0.4236 ms
[16:29:11 INF] HTTP GET /lib/jquery/dist/jquery.min.js responded 304 in 0.2441 ms
[16:29:11 INF] HTTP GET /lib/bootstrap/dist/js/bootstrap.bundle.min.js responded 304 in 0.6307 ms
[16:29:11 INF] HTTP GET /js/site.js responded 304 in 0.3965 ms
[16:29:11 INF] HTTP GET /lib/jquery-validation/dist/jquery.validate.min.js responded 304 in 0.4586 ms
[16:29:11 INF] HTTP GET /lib/jquery-validation-unobtrusive/dist/jquery.validate.unobtrusive.min.js responded 304 in 0.4332 ms
[16:29:11 INF] HTTP GET /js/products-catalog-filter.js responded 304 in 0.4554 ms
[16:29:15 INF] HTTP GET /Inventory/Products responded 200 in 44.1492 ms
[16:29:15 INF] HTTP GET /lib/bootstrap/dist/css/bootstrap.min.css responded 200 in 5.0890 ms
[16:29:15 INF] HTTP GET /css/site.css responded 304 in 1.2779 ms
[16:29:15 INF] HTTP GET /Biktal.WebMVC.styles.css responded 304 in 1.5935 ms
[16:29:16 INF] HTTP GET /lib/jquery/dist/jquery.min.js responded 304 in 0.2493 ms
[16:29:16 INF] HTTP GET /lib/bootstrap/dist/js/bootstrap.bundle.min.js responded 304 in 0.3989 ms
[16:29:16 INF] HTTP GET /js/site.js responded 304 in 0.4973 ms
[16:29:16 INF] HTTP GET /lib/jquery-validation-unobtrusive/dist/jquery.validate.unobtrusive.min.js responded 304 in 0.2394 ms
[16:29:16 INF] HTTP GET /lib/jquery-validation/dist/jquery.validate.min.js responded 304 in 0.2681 ms
[16:29:16 INF] HTTP GET /js/products-catalog-filter.js responded 304 in 0.2792 ms
[16:29:19 INF] HTTP POST /Inventory/EditProduct responded 302 in 11.2069 ms
[16:29:19 INF] HTTP GET /Inventory/Products responded 200 in 45.8002 ms
[16:29:19 INF] HTTP GET /css/site.css responded 304 in 0.3195 ms
[16:29:19 INF] HTTP GET /lib/bootstrap/dist/css/bootstrap.min.css responded 304 in 0.3738 ms
[16:29:19 INF] HTTP GET /Biktal.WebMVC.styles.css responded 304 in 0.4057 ms
[16:29:20 INF] HTTP GET /lib/jquery/dist/jquery.min.js responded 304 in 0.2509 ms
[16:29:20 INF] HTTP GET /lib/bootstrap/dist/js/bootstrap.bundle.min.js responded 304 in 0.3826 ms
[16:29:20 INF] HTTP GET /js/site.js responded 304 in 0.4755 ms
[16:29:20 INF] HTTP GET /lib/jquery-validation/dist/jquery.validate.min.js responded 304 in 0.4918 ms
[16:29:20 INF] HTTP GET /lib/jquery-validation-unobtrusive/dist/jquery.validate.unobtrusive.min.js responded 304 in 0.4745 ms
[16:29:20 INF] HTTP GET /js/products-catalog-filter.js responded 304 in 0.4930 ms
[16:29:23 INF] HTTP GET /Inventory/Products responded 200 in 41.3403 ms
[16:29:23 INF] HTTP GET /lib/bootstrap/dist/css/bootstrap.min.css responded 200 in 1.2422 ms
[16:29:23 INF] HTTP GET /Biktal.WebMVC.styles.css responded 304 in 0.6628 ms
[16:29:23 INF] HTTP GET /css/site.css responded 304 in 0.5438 ms
[16:29:24 INF] HTTP GET /lib/jquery/dist/jquery.min.js responded 304 in 0.2461 ms
[16:29:24 INF] HTTP GET /lib/bootstrap/dist/js/bootstrap.bundle.min.js responded 304 in 0.5434 ms
[16:29:24 INF] HTTP GET /js/site.js responded 304 in 0.3384 ms
[16:29:24 INF] HTTP GET /lib/jquery-validation/dist/jquery.validate.min.js responded 304 in 0.7358 ms
[16:29:24 INF] HTTP GET /lib/jquery-validation-unobtrusive/dist/jquery.validate.unobtrusive.min.js responded 304 in 0.6109 ms
[16:29:24 INF] HTTP GET /js/products-catalog-filter.js responded 304 in 0.5649 ms
[16:29:29 INF] HTTP POST /Inventory/EditProduct responded 302 in 12.7095 ms
[16:29:29 INF] HTTP GET /Inventory/Products responded 200 in 44.7522 ms
[16:29:29 INF] HTTP GET /css/site.css responded 304 in 0.3801 ms
[16:29:29 INF] HTTP GET /lib/bootstrap/dist/css/bootstrap.min.css responded 304 in 0.3801 ms
[16:29:29 INF] HTTP GET /Biktal.WebMVC.styles.css responded 304 in 0.2909 ms
[16:29:30 INF] HTTP GET /lib/jquery/dist/jquery.min.js responded 304 in 0.4274 ms
[16:29:30 INF] HTTP GET /lib/bootstrap/dist/js/bootstrap.bundle.min.js responded 304 in 0.3692 ms
[16:29:30 INF] HTTP GET /js/site.js responded 304 in 0.3264 ms
[16:29:30 INF] HTTP GET /lib/jquery-validation/dist/jquery.validate.min.js responded 304 in 0.4037 ms
[16:29:30 INF] HTTP GET /lib/jquery-validation-unobtrusive/dist/jquery.validate.unobtrusive.min.js responded 304 in 0.4983 ms
[16:29:30 INF] HTTP GET /js/products-catalog-filter.js responded 304 in 0.3648 ms
[16:29:37 INF] HTTP GET /Inventory/Products responded 200 in 44.0796 ms
[16:29:37 INF] HTTP GET /lib/bootstrap/dist/css/bootstrap.min.css responded 200 in 2.2321 ms
[16:29:37 INF] HTTP GET /css/site.css responded 304 in 0.6608 ms
[16:29:37 INF] HTTP GET /Biktal.WebMVC.styles.css responded 304 in 1.5996 ms
[16:29:38 INF] HTTP GET /lib/jquery/dist/jquery.min.js responded 304 in 0.2680 ms
[16:29:38 INF] HTTP GET /lib/bootstrap/dist/js/bootstrap.bundle.min.js responded 304 in 0.4459 ms
[16:29:38 INF] HTTP GET /js/site.js responded 304 in 0.4295 ms
[16:29:38 INF] HTTP GET /lib/jquery-validation/dist/jquery.validate.min.js responded 304 in 1.1097 ms
[16:29:38 INF] HTTP GET /lib/jquery-validation-unobtrusive/dist/jquery.validate.unobtrusive.min.js responded 304 in 0.3303 ms
[16:29:38 INF] HTTP GET /js/products-catalog-filter.js responded 304 in 0.3708 ms
[16:29:42 INF] HTTP POST /Inventory/EditProduct responded 302 in 5.4103 ms
[16:29:42 INF] HTTP GET /Inventory/Products responded 200 in 33.6622 ms
[16:29:42 INF] HTTP GET /lib/bootstrap/dist/css/bootstrap.min.css responded 304 in 0.5060 ms
[16:29:42 INF] HTTP GET /css/site.css responded 304 in 0.4164 ms
[16:29:42 INF] HTTP GET /Biktal.WebMVC.styles.css responded 304 in 0.3445 ms
[16:29:43 INF] HTTP GET /lib/jquery/dist/jquery.min.js responded 304 in 0.2524 ms
[16:29:43 INF] HTTP GET /lib/bootstrap/dist/js/bootstrap.bundle.min.js responded 304 in 0.4430 ms
[16:29:43 INF] HTTP GET /js/site.js responded 304 in 0.5252 ms
[16:29:43 INF] HTTP GET /lib/jquery-validation/dist/jquery.validate.min.js responded 304 in 0.8817 ms
[16:29:43 INF] HTTP GET /lib/jquery-validation-unobtrusive/dist/jquery.validate.unobtrusive.min.js responded 304 in 0.5187 ms
[16:29:43 INF] HTTP GET /js/products-catalog-filter.js responded 304 in 0.4306 ms
[16:30:37 INF] HTTP GET /Inventory/Products responded 200 in 57.5097 ms
[16:30:37 INF] HTTP GET /lib/bootstrap/dist/css/bootstrap.min.css responded 200 in 1.4676 ms
[16:30:37 INF] HTTP GET /css/site.css responded 304 in 0.4657 ms
[16:30:37 INF] HTTP GET /Biktal.WebMVC.styles.css responded 304 in 0.5276 ms
[16:30:38 INF] HTTP GET /lib/jquery/dist/jquery.min.js responded 200 in 0.7971 ms
[16:30:38 INF] HTTP GET /lib/bootstrap/dist/js/bootstrap.bundle.min.js responded 200 in 1.4602 ms
[16:30:38 INF] HTTP GET /js/site.js responded 200 in 1.3994 ms
[16:30:38 INF] HTTP GET /lib/jquery-validation/dist/jquery.validate.min.js responded 200 in 0.8868 ms
[16:30:38 INF] HTTP GET /lib/jquery-validation-unobtrusive/dist/jquery.validate.unobtrusive.min.js responded 200 in 1.2434 ms
[16:30:38 INF] HTTP GET /js/products-catalog-filter.js responded 200 in 2.5713 ms
[16:30:42 INF] HTTP POST /Inventory/EditProduct responded 302 in 9.3586 ms
[16:30:42 INF] HTTP GET /Inventory/Products responded 200 in 37.8692 ms
[16:30:42 INF] HTTP GET /lib/bootstrap/dist/css/bootstrap.min.css responded 200 in 1.3043 ms
[16:30:42 INF] HTTP GET /css/site.css responded 200 in 1.4405 ms
[16:30:42 INF] HTTP GET /Biktal.WebMVC.styles.css responded 200 in 1.1675 ms
[16:30:43 INF] HTTP GET /lib/jquery/dist/jquery.min.js responded 200 in 0.6211 ms
[16:30:43 INF] HTTP GET /js/site.js responded 200 in 0.8017 ms
[16:30:43 INF] HTTP GET /lib/bootstrap/dist/js/bootstrap.bundle.min.js responded 200 in 0.8859 ms
[16:30:43 INF] HTTP GET /lib/jquery-validation/dist/jquery.validate.min.js responded 200 in 5.8578 ms
[16:30:43 INF] HTTP GET /lib/jquery-validation-unobtrusive/dist/jquery.validate.unobtrusive.min.js responded 200 in 0.8474 ms
[16:30:43 INF] HTTP GET /js/products-catalog-filter.js responded 200 in 1.1162 ms
[16:30:52 INF] HTTP GET /Inventory/Products responded 200 in 52.0403 ms
[16:30:52 INF] HTTP GET /lib/bootstrap/dist/css/bootstrap.min.css responded 304 in 0.7152 ms
[16:30:52 INF] HTTP GET /css/site.css responded 304 in 0.5857 ms
[16:30:52 INF] HTTP GET /Biktal.WebMVC.styles.css responded 304 in 0.5687 ms
[16:30:52 INF] HTTP GET /lib/jquery/dist/jquery.min.js responded 304 in 0.2461 ms
[16:30:52 INF] HTTP GET /lib/bootstrap/dist/js/bootstrap.bundle.min.js responded 304 in 0.6868 ms
[16:30:52 INF] HTTP GET /js/site.js responded 304 in 0.4692 ms
[16:30:52 INF] HTTP GET /lib/jquery-validation/dist/jquery.validate.min.js responded 304 in 0.4234 ms
[16:30:52 INF] HTTP GET /lib/jquery-validation-unobtrusive/dist/jquery.validate.unobtrusive.min.js responded 304 in 1.5605 ms
[16:30:52 INF] HTTP GET /js/products-catalog-filter.js responded 304 in 0.5869 ms
[16:30:57 INF] HTTP POST /Inventory/EditProduct responded 302 in 9.1219 ms
[16:30:58 INF] HTTP GET /Inventory/Products responded 200 in 35.0804 ms
[16:30:58 INF] HTTP GET /css/site.css responded 304 in 0.3009 ms
[16:30:58 INF] HTTP GET /lib/bootstrap/dist/css/bootstrap.min.css responded 304 in 0.3394 ms
[16:30:58 INF] HTTP GET /Biktal.WebMVC.styles.css responded 304 in 0.3093 ms
[16:30:58 INF] HTTP GET /lib/jquery/dist/jquery.min.js responded 304 in 0.2633 ms
[16:30:58 INF] HTTP GET /lib/bootstrap/dist/js/bootstrap.bundle.min.js responded 304 in 0.5498 ms
[16:30:58 INF] HTTP GET /js/site.js responded 304 in 0.2830 ms
[16:30:58 INF] HTTP GET /lib/jquery-validation/dist/jquery.validate.min.js responded 304 in 0.3737 ms
[16:30:58 INF] HTTP GET /lib/jquery-validation-unobtrusive/dist/jquery.validate.unobtrusive.min.js responded 304 in 0.6523 ms
[16:30:58 INF] HTTP GET /js/products-catalog-filter.js responded 304 in 1.6714 ms
[16:31:25 INF] HTTP GET /Inventory/Products responded 200 in 44.4521 ms
[16:31:25 INF] HTTP GET /lib/bootstrap/dist/css/bootstrap.min.css responded 200 in 5.2054 ms
[16:31:25 INF] HTTP GET /css/site.css responded 304 in 0.4735 ms
[16:31:25 INF] HTTP GET /Biktal.WebMVC.styles.css responded 304 in 1.5565 ms
[16:31:26 INF] HTTP GET /lib/jquery/dist/jquery.min.js responded 304 in 0.3526 ms
[16:31:26 INF] HTTP GET /lib/bootstrap/dist/js/bootstrap.bundle.min.js responded 304 in 0.3744 ms
[16:31:26 INF] HTTP GET /lib/jquery-validation/dist/jquery.validate.min.js responded 304 in 0.5009 ms
[16:31:26 INF] HTTP GET /js/site.js responded 304 in 0.4831 ms
[16:31:26 INF] HTTP GET /lib/jquery-validation-unobtrusive/dist/jquery.validate.unobtrusive.min.js responded 304 in 0.6094 ms
[16:31:26 INF] HTTP GET /js/products-catalog-filter.js responded 304 in 0.3925 ms
[16:31:31 INF] HTTP POST /Inventory/EditProduct responded 302 in 11.1230 ms
[16:31:31 INF] HTTP GET /Inventory/Products responded 200 in 32.3024 ms
[16:31:31 INF] HTTP GET /lib/bootstrap/dist/css/bootstrap.min.css responded 304 in 0.5733 ms
[16:31:31 INF] HTTP GET /Biktal.WebMVC.styles.css responded 304 in 0.3411 ms
[16:31:31 INF] HTTP GET /css/site.css responded 304 in 0.7726 ms
[16:31:32 INF] HTTP GET /lib/jquery/dist/jquery.min.js responded 304 in 0.2703 ms
[16:31:32 INF] HTTP GET /lib/bootstrap/dist/js/bootstrap.bundle.min.js responded 304 in 0.5664 ms
[16:31:32 INF] HTTP GET /js/site.js responded 304 in 0.9231 ms
[16:31:32 INF] HTTP GET /lib/jquery-validation-unobtrusive/dist/jquery.validate.unobtrusive.min.js responded 304 in 0.4311 ms
[16:31:32 INF] HTTP GET /lib/jquery-validation/dist/jquery.validate.min.js responded 304 in 0.3286 ms
[16:31:32 INF] HTTP GET /js/products-catalog-filter.js responded 304 in 0.5360 ms
[16:31:44 INF] HTTP GET /Inventory/Products responded 200 in 46.0402 ms
[16:31:44 INF] HTTP GET /lib/bootstrap/dist/css/bootstrap.min.css responded 200 in 2.2284 ms
[16:31:44 INF] HTTP GET /css/site.css responded 304 in 0.3655 ms
[16:31:44 INF] HTTP GET /Biktal.WebMVC.styles.css responded 304 in 0.5524 ms
[16:31:44 INF] HTTP GET /lib/jquery/dist/jquery.min.js responded 304 in 0.2597 ms
[16:31:45 INF] HTTP GET /lib/bootstrap/dist/js/bootstrap.bundle.min.js responded 304 in 0.4262 ms
[16:31:45 INF] HTTP GET /js/site.js responded 304 in 0.3366 ms
[16:31:45 INF] HTTP GET /lib/jquery-validation/dist/jquery.validate.min.js responded 304 in 0.3366 ms
[16:31:45 INF] HTTP GET /lib/jquery-validation-unobtrusive/dist/jquery.validate.unobtrusive.min.js responded 304 in 0.5467 ms
[16:31:45 INF] HTTP GET /js/products-catalog-filter.js responded 304 in 0.7508 ms
[16:32:21 INF] HTTP POST /Inventory/EditProduct responded 302 in 6.8193 ms
[16:32:21 INF] HTTP GET /Inventory/Products responded 200 in 36.0231 ms
[16:32:22 INF] HTTP GET /lib/bootstrap/dist/css/bootstrap.min.css responded 200 in 1.1958 ms
[16:32:22 INF] HTTP GET /Biktal.WebMVC.styles.css responded 304 in 0.4371 ms
[16:32:22 INF] HTTP GET /css/site.css responded 304 in 0.5014 ms
[16:32:22 INF] HTTP GET /lib/jquery/dist/jquery.min.js responded 304 in 0.4856 ms
[16:32:22 INF] HTTP GET /lib/bootstrap/dist/js/bootstrap.bundle.min.js responded 304 in 0.6115 ms
[16:32:22 INF] HTTP GET /js/site.js responded 304 in 0.5041 ms
[16:32:22 INF] HTTP GET /lib/jquery-validation/dist/jquery.validate.min.js responded 304 in 0.3718 ms
[16:32:22 INF] HTTP GET /lib/jquery-validation-unobtrusive/dist/jquery.validate.unobtrusive.min.js responded 304 in 0.7301 ms
[16:32:22 INF] HTTP GET /js/products-catalog-filter.js responded 304 in 0.7591 ms
[16:34:00 INF] HTTP GET /Inventory/Products responded 200 in 270.3521 ms
[16:34:01 INF] HTTP GET /lib/bootstrap/dist/css/bootstrap.min.css responded 200 in 1.7874 ms
[16:34:01 INF] HTTP GET /css/site.css responded 200 in 1.1727 ms
[16:34:01 INF] HTTP GET /Biktal.WebMVC.styles.css responded 200 in 0.7342 ms
[16:34:02 INF] HTTP GET /lib/jquery/dist/jquery.min.js responded 200 in 0.6377 ms
[16:34:02 INF] HTTP GET /js/site.js responded 200 in 1.1564 ms
[16:34:02 INF] HTTP GET /lib/bootstrap/dist/js/bootstrap.bundle.min.js responded 200 in 3.0222 ms
[16:34:02 INF] HTTP GET /lib/jquery-validation/dist/jquery.validate.min.js responded 200 in 0.8959 ms
[16:34:02 INF] HTTP GET /lib/jquery-validation-unobtrusive/dist/jquery.validate.unobtrusive.min.js responded 200 in 0.8946 ms
[16:34:02 INF] HTTP GET /js/products-catalog-filter.js responded 200 in 0.9404 ms
[16:34:10 INF] HTTP POST /Inventory/EditProduct responded 302 in 13.6393 ms
[16:34:10 INF] HTTP GET /Inventory/Products responded 200 in 45.5917 ms
[16:34:10 INF] HTTP GET /css/site.css responded 200 in 0.7530 ms
[16:34:10 INF] HTTP GET /Biktal.WebMVC.styles.css responded 200 in 0.7216 ms
[16:34:10 INF] HTTP GET /lib/bootstrap/dist/css/bootstrap.min.css responded 200 in 0.7454 ms
[16:34:11 INF] HTTP GET /lib/jquery/dist/jquery.min.js responded 304 in 0.2615 ms
[16:34:11 INF] HTTP GET /js/site.js responded 304 in 0.3639 ms
[16:34:11 INF] HTTP GET /lib/jquery-validation/dist/jquery.validate.min.js responded 304 in 0.4104 ms
[16:34:11 INF] HTTP GET /lib/bootstrap/dist/js/bootstrap.bundle.min.js responded 304 in 0.2545 ms
[16:34:11 INF] HTTP GET /lib/jquery-validation-unobtrusive/dist/jquery.validate.unobtrusive.min.js responded 304 in 0.7014 ms
[16:34:11 INF] HTTP GET /js/products-catalog-filter.js responded 304 in 0.8730 ms
[16:34:22 INF] HTTP GET /Inventory/Products responded 200 in 49.2649 ms
[16:34:22 INF] HTTP GET /lib/bootstrap/dist/css/bootstrap.min.css responded 304 in 3.3953 ms
[16:34:22 INF] HTTP GET /css/site.css responded 304 in 0.4994 ms
[16:34:22 INF] HTTP GET /Biktal.WebMVC.styles.css responded 304 in 0.5190 ms
[16:34:23 INF] HTTP GET /lib/jquery/dist/jquery.min.js responded 304 in 0.2686 ms
[16:34:23 INF] HTTP GET /lib/bootstrap/dist/js/bootstrap.bundle.min.js responded 304 in 0.4209 ms
[16:34:23 INF] HTTP GET /js/site.js responded 304 in 0.3341 ms
[16:34:23 INF] HTTP GET /lib/jquery-validation/dist/jquery.validate.min.js responded 304 in 0.7461 ms
[16:34:23 INF] HTTP GET /lib/jquery-validation-unobtrusive/dist/jquery.validate.unobtrusive.min.js responded 304 in 1.1654 ms
[16:34:23 INF] HTTP GET /js/products-catalog-filter.js responded 304 in 1.4597 ms
[16:34:28 INF] HTTP POST /Inventory/EditProduct responded 302 in 7.3108 ms
[16:34:28 INF] HTTP GET /Inventory/Products responded 200 in 61.8218 ms
[16:34:28 INF] HTTP GET /lib/bootstrap/dist/css/bootstrap.min.css responded 304 in 0.4455 ms
[16:34:28 INF] HTTP GET /css/site.css responded 304 in 0.4363 ms
[16:34:28 INF] HTTP GET /Biktal.WebMVC.styles.css responded 304 in 0.4930 ms
[16:34:29 INF] HTTP GET /lib/jquery/dist/jquery.min.js responded 304 in 0.2637 ms
[16:34:29 INF] HTTP GET /lib/bootstrap/dist/js/bootstrap.bundle.min.js responded 304 in 0.4714 ms
[16:34:29 INF] HTTP GET /js/site.js responded 304 in 0.4297 ms
[16:34:29 INF] HTTP GET /lib/jquery-validation/dist/jquery.validate.min.js responded 304 in 0.6638 ms
[16:34:29 INF] HTTP GET /lib/jquery-validation-unobtrusive/dist/jquery.validate.unobtrusive.min.js responded 304 in 0.5676 ms
[16:34:29 INF] HTTP GET /js/products-catalog-filter.js responded 304 in 0.3714 ms
[16:34:32 INF] HTTP GET /Inventory/Products responded 200 in 66.6276 ms
[16:34:32 INF] HTTP GET /lib/bootstrap/dist/css/bootstrap.min.css responded 304 in 0.5777 ms
[16:34:32 INF] HTTP GET /css/site.css responded 304 in 0.3135 ms
[16:34:32 INF] HTTP GET /Biktal.WebMVC.styles.css responded 304 in 0.5099 ms
[16:34:33 INF] HTTP GET /lib/jquery/dist/jquery.min.js responded 304 in 0.2447 ms
[16:34:33 INF] HTTP GET /lib/bootstrap/dist/js/bootstrap.bundle.min.js responded 304 in 0.3345 ms
[16:34:33 INF] HTTP GET /js/site.js responded 304 in 0.3314 ms
[16:34:33 INF] HTTP GET /lib/jquery-validation/dist/jquery.validate.min.js responded 304 in 1.3451 ms
[16:34:33 INF] HTTP GET /lib/jquery-validation-unobtrusive/dist/jquery.validate.unobtrusive.min.js responded 304 in 0.5771 ms
[16:34:33 INF] HTTP GET /js/products-catalog-filter.js responded 304 in 0.3129 ms
[16:34:37 INF] HTTP POST /Inventory/EditProduct responded 302 in 5.4303 ms
[16:34:37 INF] HTTP GET /Inventory/Products responded 200 in 32.2081 ms
[16:34:37 INF] HTTP GET /lib/bootstrap/dist/css/bootstrap.min.css responded 304 in 1.7844 ms
[16:34:37 INF] HTTP GET /css/site.css responded 304 in 0.3397 ms
[16:34:37 INF] HTTP GET /Biktal.WebMVC.styles.css responded 304 in 0.3623 ms
[16:34:38 INF] HTTP GET /lib/jquery/dist/jquery.min.js responded 304 in 0.2503 ms
[16:34:38 INF] HTTP GET /lib/bootstrap/dist/js/bootstrap.bundle.min.js responded 304 in 0.4529 ms
[16:34:38 INF] HTTP GET /js/site.js responded 304 in 0.5379 ms
[16:34:38 INF] HTTP GET /lib/jquery-validation/dist/jquery.validate.min.js responded 304 in 0.3213 ms
[16:34:38 INF] HTTP GET /lib/jquery-validation-unobtrusive/dist/jquery.validate.unobtrusive.min.js responded 304 in 0.5343 ms
[16:34:38 INF] HTTP GET /js/products-catalog-filter.js responded 304 in 0.7127 ms
[16:34:44 INF] HTTP GET /Inventory/Products responded 200 in 54.7642 ms
[16:34:44 INF] HTTP GET /lib/bootstrap/dist/css/bootstrap.min.css responded 304 in 1.4923 ms
[16:34:44 INF] HTTP GET /css/site.css responded 304 in 1.1257 ms
[16:34:44 INF] HTTP GET /Biktal.WebMVC.styles.css responded 304 in 0.5589 ms
[16:34:45 INF] HTTP GET /lib/jquery/dist/jquery.min.js responded 304 in 0.5540 ms
[16:34:45 INF] HTTP GET /lib/bootstrap/dist/js/bootstrap.bundle.min.js responded 304 in 0.4063 ms
[16:34:45 INF] HTTP GET /js/site.js responded 304 in 0.5548 ms
[16:34:45 INF] HTTP GET /lib/jquery-validation-unobtrusive/dist/jquery.validate.unobtrusive.min.js responded 304 in 0.3267 ms
[16:34:45 INF] HTTP GET /lib/jquery-validation/dist/jquery.validate.min.js responded 304 in 0.4775 ms
[16:34:45 INF] HTTP GET /js/products-catalog-filter.js responded 304 in 0.5496 ms
[16:34:50 INF] HTTP POST /Inventory/EditProduct responded 302 in 8.4676 ms
[16:34:50 INF] HTTP GET /Inventory/Products responded 200 in 34.4368 ms
[16:34:50 INF] HTTP GET /lib/bootstrap/dist/css/bootstrap.min.css responded 304 in 0.4984 ms
[16:34:50 INF] HTTP GET /css/site.css responded 304 in 0.5517 ms
[16:34:50 INF] HTTP GET /Biktal.WebMVC.styles.css responded 304 in 0.4608 ms
[16:34:50 INF] HTTP GET /lib/jquery/dist/jquery.min.js responded 304 in 0.2600 ms
[16:34:51 INF] HTTP GET /lib/bootstrap/dist/js/bootstrap.bundle.min.js responded 304 in 0.3545 ms
[16:34:51 INF] HTTP GET /js/site.js responded 304 in 0.4140 ms
[16:34:51 INF] HTTP GET /lib/jquery-validation/dist/jquery.validate.min.js responded 304 in 0.2903 ms
[16:34:51 INF] HTTP GET /js/products-catalog-filter.js responded 304 in 0.2079 ms
[16:34:51 INF] HTTP GET /lib/jquery-validation-unobtrusive/dist/jquery.validate.unobtrusive.min.js responded 304 in 0.2425 ms
[16:34:54 INF] HTTP GET /Inventory/Products responded 200 in 73.9919 ms
[16:34:54 INF] HTTP GET /lib/bootstrap/dist/css/bootstrap.min.css responded 304 in 1.0200 ms
[16:34:54 INF] HTTP GET /css/site.css responded 304 in 0.9381 ms
[16:34:54 INF] HTTP GET /Biktal.WebMVC.styles.css responded 304 in 2.6832 ms
[16:34:54 INF] HTTP GET /lib/jquery/dist/jquery.min.js responded 304 in 0.2512 ms
[16:34:55 INF] HTTP GET /js/site.js responded 304 in 0.2962 ms
[16:34:55 INF] HTTP GET /lib/bootstrap/dist/js/bootstrap.bundle.min.js responded 304 in 0.4892 ms
[16:34:55 INF] HTTP GET /js/products-catalog-filter.js responded 304 in 0.2344 ms
[16:34:55 INF] HTTP GET /lib/jquery-validation/dist/jquery.validate.min.js responded 304 in 0.4644 ms
[16:34:55 INF] HTTP GET /lib/jquery-validation-unobtrusive/dist/jquery.validate.unobtrusive.min.js responded 304 in 0.3381 ms
[16:34:57 INF] HTTP POST /Inventory/EditProduct responded 302 in 6.6808 ms
[16:34:58 INF] HTTP GET /Inventory/Products responded 200 in 31.5834 ms
[16:34:58 INF] HTTP GET /lib/bootstrap/dist/css/bootstrap.min.css responded 200 in 0.9448 ms
[16:34:58 INF] HTTP GET /css/site.css responded 304 in 0.3630 ms
[16:34:58 INF] HTTP GET /Biktal.WebMVC.styles.css responded 304 in 0.4441 ms
[16:34:59 INF] HTTP GET /lib/jquery/dist/jquery.min.js responded 304 in 0.3646 ms
[16:34:59 INF] HTTP GET /lib/bootstrap/dist/js/bootstrap.bundle.min.js responded 304 in 0.5691 ms
[16:34:59 INF] HTTP GET /js/site.js responded 304 in 0.2711 ms
[16:34:59 INF] HTTP GET /js/products-catalog-filter.js responded 304 in 0.3383 ms
[16:34:59 INF] HTTP GET /lib/jquery-validation/dist/jquery.validate.min.js responded 304 in 0.5234 ms
[16:34:59 INF] HTTP GET /lib/jquery-validation-unobtrusive/dist/jquery.validate.unobtrusive.min.js responded 304 in 0.4452 ms
[16:35:02 INF] HTTP GET /Inventory/Products responded 200 in 63.8484 ms
[16:35:02 INF] HTTP GET /lib/bootstrap/dist/css/bootstrap.min.css responded 304 in 0.6873 ms
[16:35:02 INF] HTTP GET /css/site.css responded 304 in 1.3624 ms
[16:35:02 INF] HTTP GET /Biktal.WebMVC.styles.css responded 304 in 0.8885 ms
[16:35:03 INF] HTTP GET /lib/jquery/dist/jquery.min.js responded 304 in 0.2508 ms
[16:35:03 INF] HTTP GET /lib/bootstrap/dist/js/bootstrap.bundle.min.js responded 304 in 0.5018 ms
[16:35:03 INF] HTTP GET /lib/jquery-validation/dist/jquery.validate.min.js responded 304 in 0.3336 ms
[16:35:03 INF] HTTP GET /js/site.js responded 304 in 0.4071 ms
[16:35:03 INF] HTTP GET /lib/jquery-validation-unobtrusive/dist/jquery.validate.unobtrusive.min.js responded 304 in 0.6999 ms
[16:35:03 INF] HTTP GET /js/products-catalog-filter.js responded 304 in 0.4114 ms
[16:35:06 INF] HTTP POST /Inventory/EditProduct responded 302 in 8.8914 ms
[16:35:06 INF] HTTP GET /Inventory/Products responded 200 in 32.5312 ms
[16:35:06 INF] HTTP GET /lib/bootstrap/dist/css/bootstrap.min.css responded 200 in 3.1859 ms
[16:35:06 INF] HTTP GET /css/site.css responded 304 in 0.3687 ms
[16:35:06 INF] HTTP GET /Biktal.WebMVC.styles.css responded 304 in 0.2709 ms
[16:35:07 INF] HTTP GET /lib/jquery/dist/jquery.min.js responded 304 in 0.2581 ms
[16:35:07 INF] HTTP GET /lib/bootstrap/dist/js/bootstrap.bundle.min.js responded 304 in 2.1116 ms
[16:35:07 INF] HTTP GET /lib/jquery-validation/dist/jquery.validate.min.js responded 304 in 0.3675 ms
[16:35:07 INF] HTTP GET /js/site.js responded 304 in 0.3856 ms
[16:35:07 INF] HTTP GET /lib/jquery-validation-unobtrusive/dist/jquery.validate.unobtrusive.min.js responded 304 in 0.5288 ms
[16:35:07 INF] HTTP GET /js/products-catalog-filter.js responded 304 in 0.4194 ms
[16:35:11 INF] HTTP GET /Inventory/Products responded 200 in 66.8678 ms
[16:35:11 INF] HTTP GET /lib/bootstrap/dist/css/bootstrap.min.css responded 304 in 0.4210 ms
[16:35:11 INF] HTTP GET /css/site.css responded 304 in 0.9963 ms
[16:35:11 INF] HTTP GET /Biktal.WebMVC.styles.css responded 304 in 0.6118 ms
[16:35:12 INF] HTTP GET /lib/jquery/dist/jquery.min.js responded 304 in 0.2545 ms
[16:35:12 INF] HTTP GET /lib/bootstrap/dist/js/bootstrap.bundle.min.js responded 304 in 0.4292 ms
[16:35:12 INF] HTTP GET /lib/jquery-validation/dist/jquery.validate.min.js responded 304 in 0.3278 ms
[16:35:12 INF] HTTP GET /js/site.js responded 304 in 0.5297 ms
[16:35:12 INF] HTTP GET /js/products-catalog-filter.js responded 304 in 0.4471 ms
[16:35:12 INF] HTTP GET /lib/jquery-validation-unobtrusive/dist/jquery.validate.unobtrusive.min.js responded 304 in 2.2984 ms
[16:35:15 INF] HTTP POST /Inventory/EditProduct responded 302 in 6.0989 ms
[16:35:15 INF] HTTP GET /Inventory/Products responded 200 in 37.0137 ms
[16:35:15 INF] HTTP GET /css/site.css responded 304 in 0.3916 ms
[16:35:15 INF] HTTP GET /Biktal.WebMVC.styles.css responded 304 in 0.3251 ms
[16:35:15 INF] HTTP GET /lib/bootstrap/dist/css/bootstrap.min.css responded 200 in 0.8755 ms
[16:35:16 INF] HTTP GET /lib/jquery/dist/jquery.min.js responded 304 in 0.2749 ms
[16:35:16 INF] HTTP GET /lib/bootstrap/dist/js/bootstrap.bundle.min.js responded 304 in 0.4170 ms
[16:35:16 INF] HTTP GET /js/site.js responded 304 in 0.4106 ms
[16:35:16 INF] HTTP GET /js/products-catalog-filter.js responded 304 in 0.3812 ms
[16:35:16 INF] HTTP GET /lib/jquery-validation-unobtrusive/dist/jquery.validate.unobtrusive.min.js responded 304 in 0.6666 ms
[16:35:16 INF] HTTP GET /lib/jquery-validation/dist/jquery.validate.min.js responded 304 in 0.5414 ms
[16:35:18 INF] HTTP GET /Inventory/Products responded 200 in 59.6624 ms
[16:35:18 INF] HTTP GET /lib/bootstrap/dist/css/bootstrap.min.css responded 304 in 0.6723 ms
[16:35:18 INF] HTTP GET /css/site.css responded 304 in 0.4673 ms
[16:35:18 INF] HTTP GET /Biktal.WebMVC.styles.css responded 304 in 0.5030 ms
[16:35:19 INF] HTTP GET /lib/jquery/dist/jquery.min.js responded 304 in 0.2710 ms
[16:35:19 INF] HTTP GET /lib/bootstrap/dist/js/bootstrap.bundle.min.js responded 304 in 0.6262 ms
[16:35:19 INF] HTTP GET /js/site.js responded 304 in 0.3921 ms
[16:35:19 INF] HTTP GET /lib/jquery-validation/dist/jquery.validate.min.js responded 304 in 0.4768 ms
[16:35:19 INF] HTTP GET /lib/jquery-validation-unobtrusive/dist/jquery.validate.unobtrusive.min.js responded 304 in 0.4380 ms
[16:35:19 INF] HTTP GET /js/products-catalog-filter.js responded 304 in 0.4292 ms
[16:35:22 INF] HTTP POST /Inventory/EditProduct responded 302 in 5.9128 ms
[16:35:22 INF] HTTP GET /Inventory/Products responded 200 in 33.8739 ms
[16:35:22 INF] HTTP GET /css/site.css responded 304 in 0.2306 ms
[16:35:22 INF] HTTP GET /lib/bootstrap/dist/css/bootstrap.min.css responded 304 in 0.3686 ms
[16:35:22 INF] HTTP GET /Biktal.WebMVC.styles.css responded 304 in 0.2453 ms
[16:35:22 INF] HTTP GET /lib/jquery/dist/jquery.min.js responded 304 in 0.2694 ms
[16:35:23 INF] HTTP GET /lib/bootstrap/dist/js/bootstrap.bundle.min.js responded 304 in 0.4049 ms
[16:35:23 INF] HTTP GET /js/site.js responded 304 in 0.3000 ms
[16:35:23 INF] HTTP GET /lib/jquery-validation/dist/jquery.validate.min.js responded 304 in 0.4417 ms
[16:35:23 INF] HTTP GET /lib/jquery-validation-unobtrusive/dist/jquery.validate.unobtrusive.min.js responded 304 in 1.2021 ms
[16:35:23 INF] HTTP GET /js/products-catalog-filter.js responded 304 in 1.3132 ms
[16:35:28 INF] HTTP GET /Inventory/Products responded 200 in 66.4895 ms
[16:35:28 INF] HTTP GET /lib/bootstrap/dist/css/bootstrap.min.css responded 304 in 0.8210 ms
[16:35:28 INF] HTTP GET /css/site.css responded 304 in 2.4886 ms
[16:35:28 INF] HTTP GET /Biktal.WebMVC.styles.css responded 304 in 0.6873 ms
[16:35:29 INF] HTTP GET /lib/jquery/dist/jquery.min.js responded 304 in 0.5180 ms
[16:35:29 INF] HTTP GET /lib/bootstrap/dist/js/bootstrap.bundle.min.js responded 304 in 1.0158 ms
[16:35:29 INF] HTTP GET /js/site.js responded 304 in 0.4880 ms
[16:35:29 INF] HTTP GET /lib/jquery-validation/dist/jquery.validate.min.js responded 304 in 0.4110 ms
[16:35:29 INF] HTTP GET /lib/jquery-validation-unobtrusive/dist/jquery.validate.unobtrusive.min.js responded 304 in 0.4028 ms
[16:35:29 INF] HTTP GET /js/products-catalog-filter.js responded 304 in 0.3887 ms
[16:35:32 INF] HTTP POST /Inventory/EditProduct responded 302 in 8.6839 ms
[16:35:32 INF] HTTP GET /Inventory/Products responded 200 in 36.6571 ms
[16:35:32 INF] HTTP GET /lib/bootstrap/dist/css/bootstrap.min.css responded 304 in 0.6032 ms
[16:35:32 INF] HTTP GET /Biktal.WebMVC.styles.css responded 304 in 0.3716 ms
[16:35:32 INF] HTTP GET /css/site.css responded 304 in 0.3881 ms
[16:35:33 INF] HTTP GET /lib/jquery/dist/jquery.min.js responded 304 in 0.3108 ms
[16:35:33 INF] HTTP GET /lib/bootstrap/dist/js/bootstrap.bundle.min.js responded 304 in 0.4143 ms
[16:35:33 INF] HTTP GET /js/site.js responded 304 in 0.4384 ms
[16:35:33 INF] HTTP GET /lib/jquery-validation/dist/jquery.validate.min.js responded 304 in 0.8582 ms
[16:35:33 INF] HTTP GET /lib/jquery-validation-unobtrusive/dist/jquery.validate.unobtrusive.min.js responded 304 in 0.9199 ms
[16:35:33 INF] HTTP GET /js/products-catalog-filter.js responded 304 in 5.5709 ms
[16:35:37 INF] HTTP GET /Inventory/Products responded 200 in 63.6853 ms
[16:35:38 INF] HTTP GET /lib/bootstrap/dist/css/bootstrap.min.css responded 304 in 0.6960 ms
[16:35:38 INF] HTTP GET /css/site.css responded 304 in 0.8072 ms
[16:35:38 INF] HTTP GET /Biktal.WebMVC.styles.css responded 304 in 0.4894 ms
[16:35:38 INF] HTTP GET /lib/jquery/dist/jquery.min.js responded 304 in 0.2705 ms
[16:35:38 INF] HTTP GET /lib/bootstrap/dist/js/bootstrap.bundle.min.js responded 304 in 0.4096 ms
[16:35:38 INF] HTTP GET /lib/jquery-validation/dist/jquery.validate.min.js responded 304 in 0.4295 ms
[16:35:38 INF] HTTP GET /js/site.js responded 304 in 0.6214 ms
[16:35:38 INF] HTTP GET /lib/jquery-validation-unobtrusive/dist/jquery.validate.unobtrusive.min.js responded 304 in 0.5665 ms
[16:35:38 INF] HTTP GET /js/products-catalog-filter.js responded 304 in 0.5610 ms
[16:35:50 INF] HTTP POST /Inventory/EditProduct responded 302 in 6.1367 ms
[16:35:50 INF] HTTP GET /Inventory/Products responded 200 in 40.8025 ms
[16:35:50 INF] HTTP GET /lib/bootstrap/dist/css/bootstrap.min.css responded 200 in 1.2237 ms
[16:35:50 INF] HTTP GET /css/site.css responded 304 in 0.4679 ms
[16:35:50 INF] HTTP GET /Biktal.WebMVC.styles.css responded 304 in 0.4563 ms
[16:35:51 INF] HTTP GET /lib/jquery/dist/jquery.min.js responded 304 in 0.3761 ms
[16:35:51 INF] HTTP GET /lib/bootstrap/dist/js/bootstrap.bundle.min.js responded 304 in 0.3580 ms
[16:35:51 INF] HTTP GET /js/site.js responded 304 in 0.3198 ms
[16:35:51 INF] HTTP GET /lib/jquery-validation/dist/jquery.validate.min.js responded 304 in 0.5774 ms
[16:35:51 INF] HTTP GET /lib/jquery-validation-unobtrusive/dist/jquery.validate.unobtrusive.min.js responded 304 in 0.4938 ms
[16:35:51 INF] HTTP GET /js/products-catalog-filter.js responded 304 in 0.3938 ms
[16:35:56 INF] HTTP GET /Inventory/Products responded 200 in 62.6581 ms
[16:35:56 INF] HTTP GET /lib/bootstrap/dist/css/bootstrap.min.css responded 304 in 2.0884 ms
[16:35:56 INF] HTTP GET /Biktal.WebMVC.styles.css responded 304 in 0.4011 ms
[16:35:56 INF] HTTP GET /css/site.css responded 304 in 0.7625 ms
[16:35:57 INF] HTTP GET /lib/jquery/dist/jquery.min.js responded 304 in 0.6464 ms
[16:35:57 INF] HTTP GET /lib/bootstrap/dist/js/bootstrap.bundle.min.js responded 304 in 0.3766 ms
[16:35:57 INF] HTTP GET /js/site.js responded 304 in 0.4502 ms
[16:35:57 INF] HTTP GET /lib/jquery-validation/dist/jquery.validate.min.js responded 304 in 0.3227 ms
[16:35:57 INF] HTTP GET /js/products-catalog-filter.js responded 304 in 0.2231 ms
[16:35:57 INF] HTTP GET /lib/jquery-validation-unobtrusive/dist/jquery.validate.unobtrusive.min.js responded 304 in 0.4523 ms
[16:35:59 INF] HTTP POST /Inventory/EditProduct responded 302 in 7.7701 ms
[16:35:59 INF] HTTP GET /Inventory/Products responded 200 in 42.9938 ms
[16:35:59 INF] HTTP GET /lib/bootstrap/dist/css/bootstrap.min.css responded 304 in 0.4048 ms
[16:35:59 INF] HTTP GET /css/site.css responded 304 in 0.7436 ms
[16:35:59 INF] HTTP GET /Biktal.WebMVC.styles.css responded 304 in 0.6285 ms
[16:36:00 INF] HTTP GET /lib/jquery/dist/jquery.min.js responded 304 in 1.6569 ms
[16:36:00 INF] HTTP GET /lib/bootstrap/dist/js/bootstrap.bundle.min.js responded 304 in 0.4135 ms
[16:36:00 INF] HTTP GET /lib/jquery-validation/dist/jquery.validate.min.js responded 304 in 0.3560 ms
[16:36:00 INF] HTTP GET /js/site.js responded 304 in 0.9654 ms
[16:36:00 INF] HTTP GET /lib/jquery-validation-unobtrusive/dist/jquery.validate.unobtrusive.min.js responded 304 in 0.4452 ms
[16:36:00 INF] HTTP GET /js/products-catalog-filter.js responded 304 in 0.6394 ms
[16:36:06 INF] HTTP GET /Inventory/Products responded 200 in 59.3999 ms
[16:36:06 INF] HTTP GET /lib/bootstrap/dist/css/bootstrap.min.css responded 200 in 1.8864 ms
[16:36:06 INF] HTTP GET /css/site.css responded 304 in 0.3592 ms
[16:36:06 INF] HTTP GET /Biktal.WebMVC.styles.css responded 304 in 0.3787 ms
[16:36:07 INF] HTTP GET /lib/jquery/dist/jquery.min.js responded 304 in 0.2794 ms
[16:36:07 INF] HTTP GET /lib/bootstrap/dist/js/bootstrap.bundle.min.js responded 304 in 0.4084 ms
[16:36:07 INF] HTTP GET /js/site.js responded 304 in 0.4429 ms
[16:36:07 INF] HTTP GET /lib/jquery-validation/dist/jquery.validate.min.js responded 304 in 0.4636 ms
[16:36:07 INF] HTTP GET /lib/jquery-validation-unobtrusive/dist/jquery.validate.unobtrusive.min.js responded 304 in 0.4296 ms
[16:36:07 INF] HTTP GET /js/products-catalog-filter.js responded 304 in 0.4636 ms
[16:36:12 INF] HTTP POST /Inventory/EditProduct responded 302 in 10.2191 ms
[16:36:12 INF] HTTP GET /Inventory/Products responded 200 in 44.7706 ms
[16:36:12 INF] HTTP GET /lib/bootstrap/dist/css/bootstrap.min.css responded 200 in 1.1022 ms
[16:36:12 INF] HTTP GET /css/site.css responded 304 in 0.4109 ms
[16:36:12 INF] HTTP GET /Biktal.WebMVC.styles.css responded 304 in 0.3392 ms
[16:36:13 INF] HTTP GET /lib/jquery/dist/jquery.min.js responded 304 in 0.2471 ms
[16:36:13 INF] HTTP GET /lib/bootstrap/dist/js/bootstrap.bundle.min.js responded 304 in 0.4945 ms
[16:36:13 INF] HTTP GET /js/site.js responded 304 in 0.2789 ms
[16:36:13 INF] HTTP GET /lib/jquery-validation/dist/jquery.validate.min.js responded 304 in 0.3829 ms
[16:36:13 INF] HTTP GET /js/products-catalog-filter.js responded 304 in 0.2664 ms
[16:36:13 INF] HTTP GET /lib/jquery-validation-unobtrusive/dist/jquery.validate.unobtrusive.min.js responded 304 in 0.4422 ms
[16:36:16 INF] HTTP GET /Inventory/Products responded 200 in 66.5812 ms
[16:36:16 INF] HTTP GET /lib/bootstrap/dist/css/bootstrap.min.css responded 200 in 2.5720 ms
[16:36:16 INF] HTTP GET /css/site.css responded 304 in 0.4680 ms
[16:36:16 INF] HTTP GET /Biktal.WebMVC.styles.css responded 304 in 0.3795 ms
[16:36:17 INF] HTTP GET /lib/jquery/dist/jquery.min.js responded 304 in 0.2549 ms
[16:36:17 INF] HTTP GET /lib/bootstrap/dist/js/bootstrap.bundle.min.js responded 304 in 0.3689 ms
[16:36:17 INF] HTTP GET /js/site.js responded 304 in 0.4530 ms
[16:36:17 INF] HTTP GET /lib/jquery-validation-unobtrusive/dist/jquery.validate.unobtrusive.min.js responded 304 in 0.2320 ms
[16:36:17 INF] HTTP GET /lib/jquery-validation/dist/jquery.validate.min.js responded 304 in 0.4969 ms
[16:36:17 INF] HTTP GET /js/products-catalog-filter.js responded 304 in 0.2768 ms
[16:36:19 INF] HTTP POST /Inventory/EditProduct responded 302 in 6.2353 ms
[16:36:19 INF] HTTP GET /Inventory/Products responded 200 in 40.7216 ms
[16:36:19 INF] HTTP GET /lib/bootstrap/dist/css/bootstrap.min.css responded 304 in 0.4229 ms
[16:36:19 INF] HTTP GET /css/site.css responded 304 in 0.2880 ms
[16:36:19 INF] HTTP GET /Biktal.WebMVC.styles.css responded 304 in 0.5664 ms
[16:36:20 INF] HTTP GET /lib/jquery/dist/jquery.min.js responded 304 in 0.4408 ms
[16:36:20 INF] HTTP GET /lib/bootstrap/dist/js/bootstrap.bundle.min.js responded 304 in 0.6088 ms
[16:36:20 INF] HTTP GET /js/site.js responded 304 in 0.4258 ms
[16:36:20 INF] HTTP GET /lib/jquery-validation/dist/jquery.validate.min.js responded 304 in 1.0252 ms
[16:36:20 INF] HTTP GET /lib/jquery-validation-unobtrusive/dist/jquery.validate.unobtrusive.min.js responded 304 in 0.6143 ms
[16:36:20 INF] HTTP GET /js/products-catalog-filter.js responded 304 in 0.6665 ms
[16:36:24 INF] HTTP GET /Inventory/Products responded 200 in 61.4192 ms
[16:36:24 INF] HTTP GET /lib/bootstrap/dist/css/bootstrap.min.css responded 304 in 0.7925 ms
[16:36:24 INF] HTTP GET /css/site.css responded 304 in 0.5161 ms
[16:36:24 INF] HTTP GET /Biktal.WebMVC.styles.css responded 304 in 0.3680 ms
[16:36:25 INF] HTTP GET /lib/jquery/dist/jquery.min.js responded 304 in 0.5100 ms
[16:36:25 INF] HTTP GET /lib/bootstrap/dist/js/bootstrap.bundle.min.js responded 304 in 0.9374 ms
[16:36:25 INF] HTTP GET /js/site.js responded 304 in 0.4460 ms
[16:36:25 INF] HTTP GET /lib/jquery-validation/dist/jquery.validate.min.js responded 304 in 0.4969 ms
[16:36:25 INF] HTTP GET /lib/jquery-validation-unobtrusive/dist/jquery.validate.unobtrusive.min.js responded 304 in 0.4418 ms
[16:36:25 INF] HTTP GET /js/products-catalog-filter.js responded 304 in 1.4333 ms
[16:36:27 INF] HTTP POST /Inventory/EditProduct responded 302 in 5.8287 ms
[16:36:27 INF] HTTP GET /Inventory/Products responded 200 in 38.3163 ms
[16:36:27 INF] HTTP GET /lib/bootstrap/dist/css/bootstrap.min.css responded 304 in 0.5143 ms
[16:36:27 INF] HTTP GET /css/site.css responded 304 in 0.4575 ms
[16:36:27 INF] HTTP GET /Biktal.WebMVC.styles.css responded 304 in 0.4148 ms
[16:36:28 INF] HTTP GET /lib/jquery/dist/jquery.min.js responded 304 in 0.2465 ms
[16:36:28 INF] HTTP GET /lib/bootstrap/dist/js/bootstrap.bundle.min.js responded 304 in 0.4984 ms
[16:36:28 INF] HTTP GET /js/site.js responded 304 in 0.5682 ms
[16:36:28 INF] HTTP GET /lib/jquery-validation/dist/jquery.validate.min.js responded 304 in 0.4345 ms
[16:36:28 INF] HTTP GET /lib/jquery-validation-unobtrusive/dist/jquery.validate.unobtrusive.min.js responded 304 in 0.3283 ms
[16:36:28 INF] HTTP GET /js/products-catalog-filter.js responded 304 in 0.4282 ms
[16:36:31 INF] HTTP GET /Inventory/Products responded 200 in 55.8745 ms
[16:36:31 INF] HTTP GET /lib/bootstrap/dist/css/bootstrap.min.css responded 200 in 1.1542 ms
[16:36:31 INF] HTTP GET /css/site.css responded 304 in 0.8259 ms
[16:36:31 INF] HTTP GET /Biktal.WebMVC.styles.css responded 304 in 0.4428 ms
[16:36:32 INF] HTTP GET /lib/jquery/dist/jquery.min.js responded 304 in 0.2586 ms
[16:36:32 INF] HTTP GET /lib/bootstrap/dist/js/bootstrap.bundle.min.js responded 304 in 0.5120 ms
[16:36:32 INF] HTTP GET /js/site.js responded 304 in 0.2846 ms
[16:36:32 INF] HTTP GET /lib/jquery-validation/dist/jquery.validate.min.js responded 304 in 0.5569 ms
[16:36:32 INF] HTTP GET /lib/jquery-validation-unobtrusive/dist/jquery.validate.unobtrusive.min.js responded 304 in 0.3903 ms
[16:36:32 INF] HTTP GET /js/products-catalog-filter.js responded 304 in 0.5329 ms
[16:36:35 INF] HTTP POST /Inventory/EditProduct responded 302 in 7.7089 ms
[16:36:35 INF] HTTP GET /Inventory/Products responded 200 in 32.6265 ms
[16:36:35 INF] HTTP GET /css/site.css responded 304 in 0.4045 ms
[16:36:35 INF] HTTP GET /lib/bootstrap/dist/css/bootstrap.min.css responded 304 in 0.3424 ms
[16:36:35 INF] HTTP GET /Biktal.WebMVC.styles.css responded 304 in 0.3431 ms
[16:36:36 INF] HTTP GET /lib/jquery/dist/jquery.min.js responded 304 in 0.2491 ms
[16:36:36 INF] HTTP GET /lib/bootstrap/dist/js/bootstrap.bundle.min.js responded 304 in 0.6205 ms
[16:36:36 INF] HTTP GET /js/site.js responded 304 in 0.4021 ms
[16:36:36 INF] HTTP GET /lib/jquery-validation/dist/jquery.validate.min.js responded 304 in 0.3546 ms
[16:36:36 INF] HTTP GET /lib/jquery-validation-unobtrusive/dist/jquery.validate.unobtrusive.min.js responded 304 in 0.4968 ms
[16:36:36 INF] HTTP GET /js/products-catalog-filter.js responded 304 in 0.4207 ms
[16:36:39 INF] HTTP GET /Inventory/Products responded 200 in 101.5756 ms
[16:36:39 INF] HTTP GET /lib/bootstrap/dist/css/bootstrap.min.css responded 200 in 0.8025 ms
[16:36:39 INF] HTTP GET /css/site.css responded 304 in 0.7966 ms
[16:36:39 INF] HTTP GET /Biktal.WebMVC.styles.css responded 304 in 0.4310 ms
[16:36:40 INF] HTTP GET /lib/jquery/dist/jquery.min.js responded 304 in 0.2544 ms
[16:36:40 INF] HTTP GET /lib/bootstrap/dist/js/bootstrap.bundle.min.js responded 304 in 0.4194 ms
[16:36:40 INF] HTTP GET /js/site.js responded 304 in 0.7009 ms
[16:36:40 INF] HTTP GET /lib/jquery-validation/dist/jquery.validate.min.js responded 304 in 0.4143 ms
[16:36:40 INF] HTTP GET /lib/jquery-validation-unobtrusive/dist/jquery.validate.unobtrusive.min.js responded 304 in 0.3274 ms
[16:36:40 INF] HTTP GET /js/products-catalog-filter.js responded 304 in 0.5237 ms
[16:36:42 INF] HTTP POST /Inventory/EditProduct responded 302 in 10.1645 ms
[16:36:42 INF] HTTP GET /Inventory/Products responded 200 in 44.4764 ms
[16:36:42 INF] HTTP GET /lib/bootstrap/dist/css/bootstrap.min.css responded 304 in 0.3809 ms
[16:36:42 INF] HTTP GET /css/site.css responded 304 in 0.3368 ms
[16:36:42 INF] HTTP GET /Biktal.WebMVC.styles.css responded 304 in 0.2830 ms
[16:36:43 INF] HTTP GET /lib/jquery/dist/jquery.min.js responded 304 in 0.4007 ms
[16:36:43 INF] HTTP GET /js/site.js responded 304 in 0.3233 ms
[16:36:43 INF] HTTP GET /lib/bootstrap/dist/js/bootstrap.bundle.min.js responded 304 in 0.4736 ms
[16:36:43 INF] HTTP GET /lib/jquery-validation-unobtrusive/dist/jquery.validate.unobtrusive.min.js responded 304 in 0.4204 ms
[16:36:43 INF] HTTP GET /lib/jquery-validation/dist/jquery.validate.min.js responded 304 in 1.0964 ms
[16:36:43 INF] HTTP GET /js/products-catalog-filter.js responded 304 in 0.4487 ms
[16:36:46 INF] HTTP GET /Inventory/Products responded 200 in 52.6934 ms
[16:36:46 INF] HTTP GET /lib/bootstrap/dist/css/bootstrap.min.css responded 200 in 1.9850 ms
[16:36:46 INF] HTTP GET /css/site.css responded 304 in 0.7341 ms
[16:36:46 INF] HTTP GET /Biktal.WebMVC.styles.css responded 304 in 0.4803 ms
[16:36:47 INF] HTTP GET /lib/jquery/dist/jquery.min.js responded 304 in 0.7268 ms
[16:36:47 INF] HTTP GET /lib/bootstrap/dist/js/bootstrap.bundle.min.js responded 304 in 1.4859 ms
[16:36:47 INF] HTTP GET /js/site.js responded 304 in 0.4910 ms
[16:36:47 INF] HTTP GET /lib/jquery-validation/dist/jquery.validate.min.js responded 304 in 0.3955 ms
[16:36:47 INF] HTTP GET /lib/jquery-validation-unobtrusive/dist/jquery.validate.unobtrusive.min.js responded 304 in 0.6905 ms
[16:36:47 INF] HTTP GET /js/products-catalog-filter.js responded 304 in 0.5201 ms
[16:36:50 INF] HTTP POST /Inventory/EditProduct responded 302 in 9.6778 ms
[16:36:50 INF] HTTP GET /Inventory/Products responded 200 in 44.3382 ms
[16:36:50 INF] HTTP GET /lib/bootstrap/dist/css/bootstrap.min.css responded 304 in 0.4802 ms
[16:36:50 INF] HTTP GET /css/site.css responded 304 in 0.3375 ms
[16:36:50 INF] HTTP GET /Biktal.WebMVC.styles.css responded 304 in 0.4203 ms
[16:36:51 INF] HTTP GET /lib/jquery/dist/jquery.min.js responded 304 in 0.2467 ms
[16:36:51 INF] HTTP GET /lib/bootstrap/dist/js/bootstrap.bundle.min.js responded 304 in 0.3608 ms
[16:36:51 INF] HTTP GET /js/site.js responded 304 in 0.3129 ms
[16:36:51 INF] HTTP GET /lib/jquery-validation/dist/jquery.validate.min.js responded 304 in 0.3476 ms
[16:36:51 INF] HTTP GET /js/products-catalog-filter.js responded 304 in 0.2265 ms
[16:36:51 INF] HTTP GET /lib/jquery-validation-unobtrusive/dist/jquery.validate.unobtrusive.min.js responded 304 in 0.2265 ms
[16:36:54 INF] HTTP GET /Inventory/Products responded 200 in 56.6965 ms
[16:36:54 INF] HTTP GET /css/site.css responded 304 in 0.3978 ms
[16:36:54 INF] HTTP GET /lib/bootstrap/dist/css/bootstrap.min.css responded 200 in 0.9626 ms
[16:36:54 INF] HTTP GET /Biktal.WebMVC.styles.css responded 304 in 0.5141 ms
[16:36:55 INF] HTTP GET /lib/jquery/dist/jquery.min.js responded 304 in 0.3887 ms
[16:36:55 INF] HTTP GET /lib/bootstrap/dist/js/bootstrap.bundle.min.js responded 304 in 1.5321 ms
[16:36:55 INF] HTTP GET /js/site.js responded 304 in 0.3916 ms
[16:36:55 INF] HTTP GET /lib/jquery-validation/dist/jquery.validate.min.js responded 304 in 0.4219 ms
[16:36:55 INF] HTTP GET /lib/jquery-validation-unobtrusive/dist/jquery.validate.unobtrusive.min.js responded 304 in 1.9813 ms
[16:36:55 INF] HTTP GET /js/products-catalog-filter.js responded 304 in 0.6142 ms
[16:36:58 INF] HTTP POST /Inventory/EditProduct responded 302 in 5.2609 ms
[16:36:58 INF] HTTP GET /Inventory/Products responded 200 in 38.6654 ms
[16:36:58 INF] HTTP GET /lib/bootstrap/dist/css/bootstrap.min.css responded 304 in 0.3562 ms
[16:36:58 INF] HTTP GET /Biktal.WebMVC.styles.css responded 304 in 0.3025 ms
[16:36:58 INF] HTTP GET /css/site.css responded 304 in 0.9661 ms
[16:36:59 INF] HTTP GET /lib/jquery/dist/jquery.min.js responded 304 in 0.2483 ms
[16:36:59 INF] HTTP GET /lib/bootstrap/dist/js/bootstrap.bundle.min.js responded 304 in 0.5356 ms
[16:36:59 INF] HTTP GET /js/site.js responded 304 in 0.2564 ms
[16:36:59 INF] HTTP GET /lib/jquery-validation/dist/jquery.validate.min.js responded 304 in 0.2425 ms
[16:36:59 INF] HTTP GET /lib/jquery-validation-unobtrusive/dist/jquery.validate.unobtrusive.min.js responded 304 in 0.1865 ms
[16:36:59 INF] HTTP GET /js/products-catalog-filter.js responded 304 in 0.2444 ms
[16:37:02 INF] HTTP GET /Inventory/Products responded 200 in 60.5367 ms
[16:37:02 INF] HTTP GET /lib/bootstrap/dist/css/bootstrap.min.css responded 200 in 1.0875 ms
[16:37:02 INF] HTTP GET /css/site.css responded 304 in 0.3723 ms
[16:37:02 INF] HTTP GET /Biktal.WebMVC.styles.css responded 304 in 1.5197 ms
[16:37:03 INF] HTTP GET /lib/jquery/dist/jquery.min.js responded 304 in 0.2600 ms
[16:37:03 INF] HTTP GET /lib/bootstrap/dist/js/bootstrap.bundle.min.js responded 304 in 0.3539 ms
[16:37:03 INF] HTTP GET /js/site.js responded 304 in 0.9078 ms
[16:37:03 INF] HTTP GET /lib/jquery-validation/dist/jquery.validate.min.js responded 304 in 0.6583 ms
[16:37:03 INF] HTTP GET /lib/jquery-validation-unobtrusive/dist/jquery.validate.unobtrusive.min.js responded 304 in 1.1149 ms
[16:37:03 INF] HTTP GET /js/products-catalog-filter.js responded 304 in 1.3244 ms
[16:37:06 INF] HTTP POST /Inventory/EditProduct responded 302 in 6.5335 ms
[16:37:06 INF] HTTP GET /Inventory/Products responded 200 in 33.1124 ms
[16:37:06 INF] HTTP GET /lib/bootstrap/dist/css/bootstrap.min.css responded 304 in 0.4522 ms
[16:37:06 INF] HTTP GET /css/site.css responded 304 in 0.2913 ms
[16:37:06 INF] HTTP GET /Biktal.WebMVC.styles.css responded 304 in 0.2429 ms
[16:37:07 INF] HTTP GET /lib/jquery/dist/jquery.min.js responded 304 in 0.6286 ms
[16:37:07 INF] HTTP GET /lib/bootstrap/dist/js/bootstrap.bundle.min.js responded 304 in 0.3858 ms
[16:37:07 INF] HTTP GET /js/site.js responded 304 in 0.3519 ms
[16:37:07 INF] HTTP GET /lib/jquery-validation/dist/jquery.validate.min.js responded 304 in 0.3733 ms
[16:37:07 INF] HTTP GET /lib/jquery-validation-unobtrusive/dist/jquery.validate.unobtrusive.min.js responded 304 in 0.6677 ms
[16:37:07 INF] HTTP GET /js/products-catalog-filter.js responded 304 in 0.7822 ms
[16:37:11 INF] HTTP GET /Inventory/Products responded 200 in 49.6378 ms
[16:37:11 INF] HTTP GET /lib/bootstrap/dist/css/bootstrap.min.css responded 200 in 1.7634 ms
[16:37:11 INF] HTTP GET /css/site.css responded 304 in 0.8566 ms
[16:37:11 INF] HTTP GET /Biktal.WebMVC.styles.css responded 304 in 1.0751 ms
[16:37:11 INF] HTTP GET /lib/jquery/dist/jquery.min.js responded 304 in 0.2576 ms
[16:37:11 INF] HTTP GET /lib/bootstrap/dist/js/bootstrap.bundle.min.js responded 304 in 0.3541 ms
[16:37:11 INF] HTTP GET /js/site.js responded 304 in 0.3729 ms
[16:37:11 INF] HTTP GET /lib/jquery-validation/dist/jquery.validate.min.js responded 304 in 0.3390 ms
[16:37:11 INF] HTTP GET /lib/jquery-validation-unobtrusive/dist/jquery.validate.unobtrusive.min.js responded 304 in 0.7094 ms
[16:37:11 INF] HTTP GET /js/products-catalog-filter.js responded 304 in 0.3890 ms
[16:37:14 INF] HTTP POST /Inventory/EditProduct responded 302 in 4.8893 ms
[16:37:14 INF] HTTP GET /Inventory/Products responded 200 in 37.3315 ms
[16:37:14 INF] HTTP GET /css/site.css responded 304 in 0.3411 ms
[16:37:14 INF] HTTP GET /lib/bootstrap/dist/css/bootstrap.min.css responded 304 in 0.3733 ms
[16:37:14 INF] HTTP GET /Biktal.WebMVC.styles.css responded 304 in 0.2310 ms
[16:37:15 INF] HTTP GET /lib/jquery/dist/jquery.min.js responded 304 in 0.2537 ms
[16:37:15 INF] HTTP GET /lib/bootstrap/dist/js/bootstrap.bundle.min.js responded 304 in 0.4079 ms
[16:37:15 INF] HTTP GET /js/site.js responded 304 in 0.6040 ms
[16:37:15 INF] HTTP GET /lib/jquery-validation/dist/jquery.validate.min.js responded 304 in 0.3032 ms
[16:37:15 INF] HTTP GET /lib/jquery-validation-unobtrusive/dist/jquery.validate.unobtrusive.min.js responded 304 in 0.5372 ms
[16:37:15 INF] HTTP GET /js/products-catalog-filter.js responded 304 in 0.8918 ms
[16:37:18 INF] HTTP GET /Inventory/Products responded 200 in 50.8240 ms
[16:37:18 INF] HTTP GET /lib/bootstrap/dist/css/bootstrap.min.css responded 200 in 1.1787 ms
[16:37:18 INF] HTTP GET /css/site.css responded 304 in 0.4486 ms
[16:37:18 INF] HTTP GET /Biktal.WebMVC.styles.css responded 304 in 0.4288 ms
[16:37:19 INF] HTTP GET /lib/jquery/dist/jquery.min.js responded 304 in 0.4908 ms
[16:37:19 INF] HTTP GET /lib/bootstrap/dist/js/bootstrap.bundle.min.js responded 304 in 1.0492 ms
[16:37:19 INF] HTTP GET /js/site.js responded 304 in 0.4084 ms
[16:37:19 INF] HTTP GET /lib/jquery-validation/dist/jquery.validate.min.js responded 304 in 0.4380 ms
[16:37:19 INF] HTTP GET /lib/jquery-validation-unobtrusive/dist/jquery.validate.unobtrusive.min.js responded 304 in 0.3925 ms
[16:37:19 INF] HTTP GET /js/products-catalog-filter.js responded 304 in 0.2699 ms
[16:37:22 INF] HTTP POST /Inventory/EditProduct responded 302 in 7.8836 ms
[16:37:22 INF] HTTP GET /Inventory/Products responded 200 in 35.8167 ms
[16:37:22 INF] HTTP GET /lib/bootstrap/dist/css/bootstrap.min.css responded 304 in 0.5263 ms
[16:37:22 INF] HTTP GET /Biktal.WebMVC.styles.css responded 304 in 0.3459 ms
[16:37:22 INF] HTTP GET /css/site.css responded 304 in 0.4452 ms
[16:37:23 INF] HTTP GET /lib/jquery/dist/jquery.min.js responded 304 in 0.3243 ms
[16:37:23 INF] HTTP GET /lib/bootstrap/dist/js/bootstrap.bundle.min.js responded 304 in 0.3858 ms
[16:37:23 INF] HTTP GET /js/site.js responded 304 in 0.5597 ms
[16:37:23 INF] HTTP GET /lib/jquery-validation/dist/jquery.validate.min.js responded 304 in 0.4059 ms
[16:37:23 INF] HTTP GET /lib/jquery-validation-unobtrusive/dist/jquery.validate.unobtrusive.min.js responded 304 in 0.3779 ms
[16:37:23 INF] HTTP GET /js/products-catalog-filter.js responded 304 in 0.7068 ms
[16:37:25 INF] HTTP GET /Inventory/Products responded 200 in 65.2209 ms
[16:37:25 INF] HTTP GET /Biktal.WebMVC.styles.css responded 304 in 0.4060 ms
[16:37:25 INF] HTTP GET /css/site.css responded 304 in 0.2561 ms
[16:37:25 INF] HTTP GET /lib/bootstrap/dist/css/bootstrap.min.css responded 200 in 1.4076 ms
[16:37:26 INF] HTTP GET /lib/jquery/dist/jquery.min.js responded 304 in 0.2553 ms
[16:37:26 INF] HTTP GET /lib/bootstrap/dist/js/bootstrap.bundle.min.js responded 304 in 0.5888 ms
[16:37:26 INF] HTTP GET /js/site.js responded 304 in 0.6180 ms
[16:37:26 INF] HTTP GET /lib/jquery-validation-unobtrusive/dist/jquery.validate.unobtrusive.min.js responded 304 in 0.6597 ms
[16:37:26 INF] HTTP GET /lib/jquery-validation/dist/jquery.validate.min.js responded 304 in 1.1224 ms
[16:37:26 INF] HTTP GET /js/products-catalog-filter.js responded 304 in 0.3366 ms
[16:37:29 INF] HTTP POST /Inventory/EditProduct responded 302 in 5.9241 ms
[16:37:29 INF] HTTP GET /Inventory/Products responded 200 in 32.6930 ms
[16:37:29 INF] HTTP GET /lib/bootstrap/dist/css/bootstrap.min.css responded 304 in 0.3680 ms
[16:37:29 INF] HTTP GET /css/site.css responded 304 in 0.2687 ms
[16:37:29 INF] HTTP GET /Biktal.WebMVC.styles.css responded 304 in 0.2299 ms
[16:37:30 INF] HTTP GET /lib/jquery/dist/jquery.min.js responded 304 in 0.4278 ms
[16:37:30 INF] HTTP GET /lib/bootstrap/dist/js/bootstrap.bundle.min.js responded 304 in 0.4165 ms
[16:37:30 INF] HTTP GET /js/site.js responded 304 in 1.1536 ms
[16:37:30 INF] HTTP GET /lib/jquery-validation/dist/jquery.validate.min.js responded 304 in 0.3402 ms
[16:37:30 INF] HTTP GET /lib/jquery-validation-unobtrusive/dist/jquery.validate.unobtrusive.min.js responded 304 in 0.3405 ms
[16:37:30 INF] HTTP GET /js/products-catalog-filter.js responded 304 in 0.5348 ms
[16:37:33 INF] HTTP GET /Inventory/Products responded 200 in 56.2099 ms
[16:37:34 INF] HTTP GET /lib/bootstrap/dist/css/bootstrap.min.css responded 200 in 4.0846 ms
[16:37:34 INF] HTTP GET /css/site.css responded 304 in 0.6533 ms
[16:37:34 INF] HTTP GET /Biktal.WebMVC.styles.css responded 304 in 0.4392 ms
[16:37:34 INF] HTTP GET /lib/jquery/dist/jquery.min.js responded 304 in 0.3239 ms
[16:37:34 INF] HTTP GET /lib/bootstrap/dist/js/bootstrap.bundle.min.js responded 304 in 0.3597 ms
[16:37:34 INF] HTTP GET /js/site.js responded 304 in 0.3450 ms
[16:37:34 INF] HTTP GET /js/products-catalog-filter.js responded 304 in 0.2135 ms
[16:37:34 INF] HTTP GET /lib/jquery-validation/dist/jquery.validate.min.js responded 304 in 0.3271 ms
[16:37:34 INF] HTTP GET /lib/jquery-validation-unobtrusive/dist/jquery.validate.unobtrusive.min.js responded 304 in 0.2134 ms
[16:37:37 INF] HTTP POST /Inventory/EditProduct responded 302 in 6.2190 ms
[16:37:37 INF] HTTP GET /Inventory/Products responded 200 in 37.6628 ms
[16:37:37 INF] HTTP GET /css/site.css responded 304 in 0.3797 ms
[16:37:37 INF] HTTP GET /lib/bootstrap/dist/css/bootstrap.min.css responded 304 in 0.4596 ms
[16:37:37 INF] HTTP GET /Biktal.WebMVC.styles.css responded 304 in 0.3532 ms
[16:37:38 INF] HTTP GET /lib/jquery/dist/jquery.min.js responded 304 in 0.2586 ms
[16:37:38 INF] HTTP GET /lib/bootstrap/dist/js/bootstrap.bundle.min.js responded 304 in 0.4147 ms
[16:37:38 INF] HTTP GET /js/site.js responded 304 in 0.3695 ms
[16:37:38 INF] HTTP GET /lib/jquery-validation/dist/jquery.validate.min.js responded 304 in 0.3510 ms
[16:37:38 INF] HTTP GET /lib/jquery-validation-unobtrusive/dist/jquery.validate.unobtrusive.min.js responded 304 in 0.4124 ms
[16:37:38 INF] HTTP GET /js/products-catalog-filter.js responded 304 in 0.7871 ms
[16:37:42 INF] HTTP GET /Inventory/Products responded 200 in 46.0224 ms
[16:37:42 INF] HTTP GET /Biktal.WebMVC.styles.css responded 304 in 0.3342 ms
[16:37:42 INF] HTTP GET /css/site.css responded 304 in 0.3342 ms
[16:37:42 INF] HTTP GET /lib/bootstrap/dist/css/bootstrap.min.css responded 200 in 2.4380 ms
[16:37:43 INF] HTTP GET /lib/jquery/dist/jquery.min.js responded 304 in 0.3144 ms
[16:37:43 INF] HTTP GET /lib/bootstrap/dist/js/bootstrap.bundle.min.js responded 304 in 0.4283 ms
[16:37:43 INF] HTTP GET /lib/jquery-validation/dist/jquery.validate.min.js responded 304 in 2.1273 ms
[16:37:43 INF] HTTP GET /js/site.js responded 304 in 2.3685 ms
[16:37:43 INF] HTTP GET /lib/jquery-validation-unobtrusive/dist/jquery.validate.unobtrusive.min.js responded 304 in 0.7133 ms
[16:37:43 INF] HTTP GET /js/products-catalog-filter.js responded 304 in 0.4696 ms
[16:37:45 INF] HTTP POST /Inventory/EditProduct responded 302 in 6.3233 ms
[16:37:45 INF] HTTP GET /Inventory/Products responded 200 in 37.6132 ms
[16:37:46 INF] HTTP GET /lib/bootstrap/dist/css/bootstrap.min.css responded 304 in 0.4083 ms
[16:37:46 INF] HTTP GET /css/site.css responded 304 in 0.3012 ms
[16:37:46 INF] HTTP GET /Biktal.WebMVC.styles.css responded 304 in 0.2055 ms
[16:37:47 INF] HTTP GET /lib/jquery/dist/jquery.min.js responded 304 in 0.2498 ms
[16:37:47 INF] HTTP GET /js/site.js responded 304 in 0.2041 ms
[16:37:47 INF] HTTP GET /lib/bootstrap/dist/js/bootstrap.bundle.min.js responded 304 in 0.3733 ms
[16:37:47 INF] HTTP GET /lib/jquery-validation-unobtrusive/dist/jquery.validate.unobtrusive.min.js responded 304 in 0.4579 ms
[16:37:47 INF] HTTP GET /lib/jquery-validation/dist/jquery.validate.min.js responded 304 in 1.4033 ms
[16:37:47 INF] HTTP GET /js/products-catalog-filter.js responded 304 in 1.7013 ms
[16:37:50 INF] HTTP GET /Inventory/Products responded 200 in 58.2458 ms
[16:37:50 INF] HTTP GET /lib/bootstrap/dist/css/bootstrap.min.css responded 200 in 3.0941 ms
[16:37:50 INF] HTTP GET /css/site.css responded 304 in 0.6878 ms
[16:37:50 INF] HTTP GET /Biktal.WebMVC.styles.css responded 304 in 0.3345 ms
[16:37:51 INF] HTTP GET /lib/jquery/dist/jquery.min.js responded 304 in 0.2613 ms
[16:37:51 INF] HTTP GET /lib/bootstrap/dist/js/bootstrap.bundle.min.js responded 304 in 0.4784 ms
[16:37:51 INF] HTTP GET /js/site.js responded 304 in 0.4314 ms
[16:37:51 INF] HTTP GET /lib/jquery-validation/dist/jquery.validate.min.js responded 304 in 0.3457 ms
[16:37:51 INF] HTTP GET /js/products-catalog-filter.js responded 304 in 0.6937 ms
[16:37:51 INF] HTTP GET /lib/jquery-validation-unobtrusive/dist/jquery.validate.unobtrusive.min.js responded 304 in 0.3771 ms
[16:37:54 INF] HTTP POST /Inventory/EditProduct responded 302 in 7.0958 ms
[16:37:54 INF] HTTP GET /Inventory/Products responded 200 in 32.2738 ms
[16:37:54 INF] HTTP GET /lib/bootstrap/dist/css/bootstrap.min.css responded 304 in 0.4087 ms
[16:37:54 INF] HTTP GET /css/site.css responded 304 in 0.4141 ms
[16:37:54 INF] HTTP GET /Biktal.WebMVC.styles.css responded 304 in 1.0614 ms
[16:37:55 INF] HTTP GET /lib/jquery/dist/jquery.min.js responded 304 in 0.2664 ms
[16:37:55 INF] HTTP GET /js/site.js responded 304 in 0.5288 ms
[16:37:55 INF] HTTP GET /lib/bootstrap/dist/js/bootstrap.bundle.min.js responded 304 in 0.8488 ms
[16:37:55 INF] HTTP GET /lib/jquery-validation/dist/jquery.validate.min.js responded 304 in 0.6015 ms
[16:37:55 INF] HTTP GET /lib/jquery-validation-unobtrusive/dist/jquery.validate.unobtrusive.min.js responded 304 in 0.4501 ms
[16:37:55 INF] HTTP GET /js/products-catalog-filter.js responded 304 in 0.5203 ms
[16:38:00 INF] HTTP GET /Inventory/Products responded 200 in 62.3672 ms
[16:38:00 INF] HTTP GET /lib/bootstrap/dist/css/bootstrap.min.css responded 200 in 0.9557 ms
[16:38:00 INF] HTTP GET /css/site.css responded 304 in 0.5704 ms
[16:38:00 INF] HTTP GET /Biktal.WebMVC.styles.css responded 304 in 0.3869 ms
[16:38:01 INF] HTTP GET /lib/jquery/dist/jquery.min.js responded 304 in 0.2564 ms
[16:38:01 INF] HTTP GET /lib/bootstrap/dist/js/bootstrap.bundle.min.js responded 304 in 0.4410 ms
[16:38:01 INF] HTTP GET /js/site.js responded 304 in 0.3999 ms
[16:38:01 INF] HTTP GET /lib/jquery-validation/dist/jquery.validate.min.js responded 304 in 0.4591 ms
[16:38:01 INF] HTTP GET /lib/jquery-validation-unobtrusive/dist/jquery.validate.unobtrusive.min.js responded 304 in 0.3758 ms
[16:38:01 INF] HTTP GET /js/products-catalog-filter.js responded 304 in 0.2460 ms
[16:38:23 INF] HTTP GET /Inventory/Products responded 200 in 49.8795 ms
[16:38:23 INF] HTTP GET /Biktal.WebMVC.styles.css responded 304 in 0.4245 ms
[16:38:23 INF] HTTP GET /lib/bootstrap/dist/css/bootstrap.min.css responded 200 in 1.0366 ms
[16:38:23 INF] HTTP GET /css/site.css responded 304 in 0.4374 ms
[16:38:24 INF] HTTP GET /lib/jquery/dist/jquery.min.js responded 304 in 0.2870 ms
[16:38:24 INF] HTTP GET /lib/bootstrap/dist/js/bootstrap.bundle.min.js responded 304 in 0.8836 ms
[16:38:24 INF] HTTP GET /js/site.js responded 304 in 0.4205 ms
[16:38:24 INF] HTTP GET /lib/jquery-validation/dist/jquery.validate.min.js responded 304 in 0.4781 ms
[16:38:24 INF] HTTP GET /lib/jquery-validation-unobtrusive/dist/jquery.validate.unobtrusive.min.js responded 304 in 0.4133 ms
[16:38:24 INF] HTTP GET /js/products-catalog-filter.js responded 304 in 0.6360 ms
[16:38:31 INF] HTTP GET /Inventory/Products responded 200 in 73.0214 ms
[16:38:31 INF] HTTP GET /lib/bootstrap/dist/css/bootstrap.min.css responded 304 in 0.4050 ms
[16:38:31 INF] HTTP GET /css/site.css responded 304 in 0.4372 ms
[16:38:31 INF] HTTP GET /Biktal.WebMVC.styles.css responded 304 in 0.3467 ms
[16:38:32 INF] HTTP GET /lib/jquery/dist/jquery.min.js responded 304 in 0.4659 ms
[16:38:32 INF] HTTP GET /lib/bootstrap/dist/js/bootstrap.bundle.min.js responded 304 in 0.5100 ms
[16:38:32 INF] HTTP GET /js/site.js responded 304 in 0.6314 ms
[16:38:32 INF] HTTP GET /lib/jquery-validation/dist/jquery.validate.min.js responded 304 in 1.0525 ms
[16:38:32 INF] HTTP GET /lib/jquery-validation-unobtrusive/dist/jquery.validate.unobtrusive.min.js responded 304 in 0.6395 ms
[16:38:32 INF] HTTP GET /js/products-catalog-filter.js responded 304 in 0.4698 ms
[16:40:48 INF] HTTP POST /Inventory/EditProduct responded 302 in 111.4541 ms
[16:40:48 INF] HTTP GET /Inventory/Products responded 200 in 68.3619 ms
[16:40:48 INF] HTTP GET /lib/bootstrap/dist/css/bootstrap.min.css responded 200 in 1.1315 ms
[16:40:48 INF] HTTP GET /css/site.css responded 200 in 0.6081 ms
[16:40:48 INF] HTTP GET /Biktal.WebMVC.styles.css responded 200 in 1.0422 ms
[16:40:49 INF] HTTP GET /lib/jquery/dist/jquery.min.js responded 200 in 0.9188 ms
[16:40:49 INF] HTTP GET /js/site.js responded 200 in 2.2476 ms
[16:40:49 INF] HTTP GET /js/products-catalog-filter.js responded 200 in 1.2530 ms
[16:40:49 INF] HTTP GET /lib/jquery-validation/dist/jquery.validate.min.js responded 200 in 1.2648 ms
[16:40:49 INF] HTTP GET /lib/jquery-validation-unobtrusive/dist/jquery.validate.unobtrusive.min.js responded 200 in 1.3115 ms
[16:40:49 INF] HTTP GET /lib/bootstrap/dist/js/bootstrap.bundle.min.js responded 200 in 2.0634 ms
[16:41:04 INF] HTTP GET /Inventory/Products responded 200 in 42.8056 ms
[16:41:04 INF] HTTP GET /css/site.css responded 200 in 0.8242 ms
[16:41:04 INF] HTTP GET /lib/bootstrap/dist/css/bootstrap.min.css responded 200 in 1.2674 ms
[16:41:04 INF] HTTP GET /Biktal.WebMVC.styles.css responded 200 in 4.7598 ms
[16:41:05 INF] HTTP GET /lib/jquery/dist/jquery.min.js responded 200 in 0.6604 ms
[16:41:05 INF] HTTP GET /js/site.js responded 200 in 1.0768 ms
[16:41:05 INF] HTTP GET /lib/bootstrap/dist/js/bootstrap.bundle.min.js responded 200 in 0.9013 ms
[16:41:05 INF] HTTP GET /lib/jquery-validation/dist/jquery.validate.min.js responded 200 in 3.2899 ms
[16:41:05 INF] HTTP GET /lib/jquery-validation-unobtrusive/dist/jquery.validate.unobtrusive.min.js responded 200 in 7.1784 ms
[16:41:05 INF] HTTP GET /js/products-catalog-filter.js responded 200 in 0.8309 ms
[16:41:08 INF] HTTP POST /Inventory/EditProduct responded 302 in 4.9548 ms
[16:41:08 INF] HTTP GET /Inventory/Products responded 200 in 32.9859 ms
[16:41:08 INF] HTTP GET /lib/bootstrap/dist/css/bootstrap.min.css responded 304 in 2.2136 ms
[16:41:08 INF] HTTP GET /css/site.css responded 304 in 0.4719 ms
[16:41:08 INF] HTTP GET /Biktal.WebMVC.styles.css responded 304 in 0.3305 ms
[16:41:08 INF] HTTP GET /lib/jquery/dist/jquery.min.js responded 304 in 0.3739 ms
[16:41:09 INF] HTTP GET /lib/bootstrap/dist/js/bootstrap.bundle.min.js responded 304 in 1.2445 ms
[16:41:09 INF] HTTP GET /js/site.js responded 304 in 0.4426 ms
[16:41:09 INF] HTTP GET /lib/jquery-validation-unobtrusive/dist/jquery.validate.unobtrusive.min.js responded 304 in 1.6397 ms
[16:41:09 INF] HTTP GET /lib/jquery-validation/dist/jquery.validate.min.js responded 304 in 0.4947 ms
[16:41:09 INF] HTTP GET /js/products-catalog-filter.js responded 304 in 1.4978 ms
[16:41:12 INF] HTTP GET /Inventory/Products responded 200 in 49.4452 ms
[16:41:12 INF] HTTP GET /lib/bootstrap/dist/css/bootstrap.min.css responded 304 in 1.1797 ms
[16:41:12 INF] HTTP GET /css/site.css responded 304 in 0.8345 ms
[16:41:12 INF] HTTP GET /Biktal.WebMVC.styles.css responded 304 in 0.4050 ms
[16:41:13 INF] HTTP GET /lib/jquery/dist/jquery.min.js responded 304 in 0.2481 ms
[16:41:13 INF] HTTP GET /js/site.js responded 304 in 0.2993 ms
[16:41:13 INF] HTTP GET /lib/bootstrap/dist/js/bootstrap.bundle.min.js responded 304 in 0.3916 ms
[16:41:13 INF] HTTP GET /lib/jquery-validation/dist/jquery.validate.min.js responded 304 in 0.9525 ms
[16:41:13 INF] HTTP GET /lib/jquery-validation-unobtrusive/dist/jquery.validate.unobtrusive.min.js responded 304 in 1.1470 ms
[16:41:13 INF] HTTP GET /js/products-catalog-filter.js responded 304 in 1.1773 ms
[16:41:17 INF] HTTP POST /Inventory/EditProduct responded 302 in 5.8778 ms
[16:41:17 INF] HTTP GET /Inventory/Products responded 200 in 39.0623 ms
[16:41:17 INF] HTTP GET /lib/bootstrap/dist/css/bootstrap.min.css responded 200 in 0.9108 ms
[16:41:17 INF] HTTP GET /css/site.css responded 304 in 0.5447 ms
[16:41:17 INF] HTTP GET /Biktal.WebMVC.styles.css responded 304 in 0.4016 ms
[16:41:18 INF] HTTP GET /lib/jquery/dist/jquery.min.js responded 304 in 0.2633 ms
[16:41:18 INF] HTTP GET /lib/bootstrap/dist/js/bootstrap.bundle.min.js responded 304 in 0.5693 ms
[16:41:18 INF] HTTP GET /js/site.js responded 304 in 0.4589 ms
[16:41:18 INF] HTTP GET /lib/jquery-validation/dist/jquery.validate.min.js responded 304 in 0.4187 ms
[16:41:18 INF] HTTP GET /lib/jquery-validation-unobtrusive/dist/jquery.validate.unobtrusive.min.js responded 304 in 0.6614 ms
[16:41:18 INF] HTTP GET /js/products-catalog-filter.js responded 304 in 0.6392 ms
[16:41:25 INF] HTTP GET /Inventory/Products responded 200 in 49.3504 ms
[16:41:25 INF] HTTP GET /lib/bootstrap/dist/css/bootstrap.min.css responded 304 in 0.4405 ms
[16:41:25 INF] HTTP GET /css/site.css responded 304 in 0.4032 ms
[16:41:25 INF] HTTP GET /Biktal.WebMVC.styles.css responded 304 in 0.3491 ms
[16:41:26 INF] HTTP GET /lib/jquery/dist/jquery.min.js responded 304 in 0.4325 ms
[16:41:26 INF] HTTP GET /lib/bootstrap/dist/js/bootstrap.bundle.min.js responded 304 in 0.5442 ms
[16:41:26 INF] HTTP GET /lib/jquery-validation/dist/jquery.validate.min.js responded 304 in 0.4211 ms
[16:41:26 INF] HTTP GET /js/site.js responded 304 in 1.3171 ms
[16:41:26 INF] HTTP GET /lib/jquery-validation-unobtrusive/dist/jquery.validate.unobtrusive.min.js responded 304 in 0.4982 ms
[16:41:26 INF] HTTP GET /js/products-catalog-filter.js responded 304 in 0.5504 ms
[16:41:28 INF] HTTP POST /Inventory/EditProduct responded 302 in 4.8824 ms
[16:41:28 INF] HTTP GET /Inventory/Products responded 200 in 38.8729 ms
[16:41:28 INF] HTTP GET /lib/bootstrap/dist/css/bootstrap.min.css responded 304 in 0.4269 ms
[16:41:28 INF] HTTP GET /css/site.css responded 304 in 0.3202 ms
[16:41:28 INF] HTTP GET /Biktal.WebMVC.styles.css responded 304 in 0.3091 ms
[16:41:29 INF] HTTP GET /lib/jquery/dist/jquery.min.js responded 304 in 0.2439 ms
[16:41:29 INF] HTTP GET /lib/bootstrap/dist/js/bootstrap.bundle.min.js responded 304 in 0.4083 ms
[16:41:29 INF] HTTP GET /js/site.js responded 304 in 0.3242 ms
[16:41:29 INF] HTTP GET /lib/jquery-validation/dist/jquery.validate.min.js responded 304 in 0.4463 ms
[16:41:29 INF] HTTP GET /lib/jquery-validation-unobtrusive/dist/jquery.validate.unobtrusive.min.js responded 304 in 0.4990 ms
[16:41:29 INF] HTTP GET /js/products-catalog-filter.js responded 304 in 0.5318 ms
[16:41:34 INF] HTTP GET /Inventory/Products responded 200 in 55.9347 ms
[16:41:34 INF] HTTP GET /lib/bootstrap/dist/css/bootstrap.min.css responded 304 in 0.7918 ms
[16:41:34 INF] HTTP GET /Biktal.WebMVC.styles.css responded 304 in 0.2966 ms
[16:41:34 INF] HTTP GET /css/site.css responded 304 in 0.3978 ms
[16:41:35 INF] HTTP GET /lib/jquery/dist/jquery.min.js responded 304 in 0.2566 ms
[16:41:35 INF] HTTP GET /lib/bootstrap/dist/js/bootstrap.bundle.min.js responded 304 in 0.8237 ms
[16:41:35 INF] HTTP GET /js/site.js responded 304 in 0.4181 ms
[16:41:35 INF] HTTP GET /lib/jquery-validation/dist/jquery.validate.min.js responded 304 in 0.8701 ms
[16:41:35 INF] HTTP GET /lib/jquery-validation-unobtrusive/dist/jquery.validate.unobtrusive.min.js responded 304 in 0.5030 ms
[16:41:35 INF] HTTP GET /js/products-catalog-filter.js responded 304 in 0.5516 ms
[16:41:38 INF] HTTP POST /Inventory/EditProduct responded 302 in 5.1699 ms
[16:41:38 INF] HTTP GET /Inventory/Products responded 200 in 34.4404 ms
[16:41:38 INF] HTTP GET /lib/bootstrap/dist/css/bootstrap.min.css responded 304 in 0.4011 ms
[16:41:38 INF] HTTP GET /css/site.css responded 304 in 0.4079 ms
[16:41:38 INF] HTTP GET /Biktal.WebMVC.styles.css responded 304 in 0.3607 ms
[16:41:39 INF] HTTP GET /lib/jquery/dist/jquery.min.js responded 304 in 0.2480 ms
[16:41:39 INF] HTTP GET /lib/bootstrap/dist/js/bootstrap.bundle.min.js responded 304 in 0.4442 ms
[16:41:39 INF] HTTP GET /js/site.js responded 304 in 0.2988 ms
[16:41:39 INF] HTTP GET /lib/jquery-validation/dist/jquery.validate.min.js responded 304 in 0.2439 ms
[16:41:39 INF] HTTP GET /js/products-catalog-filter.js responded 304 in 0.2390 ms
[16:41:39 INF] HTTP GET /lib/jquery-validation-unobtrusive/dist/jquery.validate.unobtrusive.min.js responded 304 in 0.2630 ms
[17:02:40 INF] Application is shutting down...
