[14:20:05 ERR] Failed executing DbCommand (6ms) [Parameters=[@p0='?' (DbType = Guid), @p1='?' (DbType = DateTime), @p2='?' (DbType = Guid), @p3='?', @p4='?' (DbType = DateTime), @p5='?' (DbType = Int32), @p6='?' (DbType = Int32), @p7='?', @p8='?', @p9='?' (DbType = Guid), @p10='?' (DbType = DateTime), @p11='?' (DbType = Guid), @p12='?', @p13='?' (DbType = DateTime), @p14='?' (DbType = Int32), @p15='?' (DbType = Int32), @p16='?', @p17='?'], CommandType='Text', CommandTimeout='30']
INSERT INTO "CrmSupportTickets" ("Id", "CreatedAtUtc", "CustomerId", "Description", "ModifiedAtUtc", "Priority", "Status", "Subject", "TicketNumber")
VALUES (@p0, @p1, @p2, @p3, @p4, @p5, @p6, @p7, @p8);
INSERT INTO "CrmSupportTickets" ("Id", "CreatedAtUtc", "CustomerId", "Description", "ModifiedAtUtc", "Priority", "Status", "Subject", "TicketNumber")
VALUES (@p9, @p10, @p11, @p12, @p13, @p14, @p15, @p16, @p17);
[14:20:05 ERR] An exception occurred in the database while saving changes for context type 'Biktal.Infrastructure.Persistence.ApplicationDbContext'.
Microsoft.EntityFrameworkCore.DbUpdateException: An error occurred while saving the entity changes. See the inner exception for details.
 ---> Npgsql.PostgresException (0x80004005): 23503: insert or update on table "CrmSupportTickets" violates foreign key constraint "FK_CrmSupportTickets_CrmCustomers_CustomerId"

DETAIL: Detail redacted as it may contain sensitive data. Specify 'Include Error Detail' in the connection string to include this information.
   at Npgsql.Internal.NpgsqlConnector.ReadMessageLong(Boolean async, DataRowLoadingMode dataRowLoadingMode, Boolean readingNotifications, Boolean isReadingPrependedMessage)
   at System.Runtime.CompilerServices.PoolingAsyncValueTaskMethodBuilder`1.StateMachineBox`1.System.Threading.Tasks.Sources.IValueTaskSource<TResult>.GetResult(Int16 token)
   at Npgsql.NpgsqlDataReader.NextResult(Boolean async, Boolean isConsuming, CancellationToken cancellationToken)
   at Npgsql.NpgsqlDataReader.NextResult(Boolean async, Boolean isConsuming, CancellationToken cancellationToken)
   at Npgsql.NpgsqlCommand.ExecuteReader(Boolean async, CommandBehavior behavior, CancellationToken cancellationToken)
   at Npgsql.NpgsqlCommand.ExecuteReader(Boolean async, CommandBehavior behavior, CancellationToken cancellationToken)
   at Npgsql.NpgsqlCommand.ExecuteDbDataReaderAsync(CommandBehavior behavior, CancellationToken cancellationToken)
   at Microsoft.EntityFrameworkCore.Storage.RelationalCommand.ExecuteReaderAsync(RelationalCommandParameterObject parameterObject, CancellationToken cancellationToken)
   at Microsoft.EntityFrameworkCore.Storage.RelationalCommand.ExecuteReaderAsync(RelationalCommandParameterObject parameterObject, CancellationToken cancellationToken)
   at Microsoft.EntityFrameworkCore.Update.ReaderModificationCommandBatch.ExecuteAsync(IRelationalConnection connection, CancellationToken cancellationToken)
  Exception data:
    Severity: ERROR
    SqlState: 23503
    MessageText: insert or update on table "CrmSupportTickets" violates foreign key constraint "FK_CrmSupportTickets_CrmCustomers_CustomerId"
    Detail: Detail redacted as it may contain sensitive data. Specify 'Include Error Detail' in the connection string to include this information.
    SchemaName: public
    TableName: CrmSupportTickets
    ConstraintName: FK_CrmSupportTickets_CrmCustomers_CustomerId
    File: ri_triggers.c
    Line: 2783
    Routine: ri_ReportViolation
   --- End of inner exception stack trace ---
   at Microsoft.EntityFrameworkCore.Update.ReaderModificationCommandBatch.ExecuteAsync(IRelationalConnection connection, CancellationToken cancellationToken)
   at Microsoft.EntityFrameworkCore.Update.Internal.BatchExecutor.ExecuteAsync(IEnumerable`1 commandBatches, IRelationalConnection connection, CancellationToken cancellationToken)
   at Microsoft.EntityFrameworkCore.Update.Internal.BatchExecutor.ExecuteAsync(IEnumerable`1 commandBatches, IRelationalConnection connection, CancellationToken cancellationToken)
   at Microsoft.EntityFrameworkCore.Update.Internal.BatchExecutor.ExecuteAsync(IEnumerable`1 commandBatches, IRelationalConnection connection, CancellationToken cancellationToken)
   at Microsoft.EntityFrameworkCore.Storage.RelationalDatabase.SaveChangesAsync(IList`1 entries, CancellationToken cancellationToken)
   at Microsoft.EntityFrameworkCore.ChangeTracking.Internal.StateManager.SaveChangesAsync(IList`1 entriesToSave, CancellationToken cancellationToken)
   at Microsoft.EntityFrameworkCore.ChangeTracking.Internal.StateManager.SaveChangesAsync(StateManager stateManager, Boolean acceptAllChangesOnSuccess, CancellationToken cancellationToken)
   at Npgsql.EntityFrameworkCore.PostgreSQL.Storage.Internal.NpgsqlExecutionStrategy.ExecuteAsync[TState,TResult](TState state, Func`4 operation, Func`4 verifySucceeded, CancellationToken cancellationToken)
   at Microsoft.EntityFrameworkCore.DbContext.SaveChangesAsync(Boolean acceptAllChangesOnSuccess, CancellationToken cancellationToken)
Microsoft.EntityFrameworkCore.DbUpdateException: An error occurred while saving the entity changes. See the inner exception for details.
 ---> Npgsql.PostgresException (0x80004005): 23503: insert or update on table "CrmSupportTickets" violates foreign key constraint "FK_CrmSupportTickets_CrmCustomers_CustomerId"

DETAIL: Detail redacted as it may contain sensitive data. Specify 'Include Error Detail' in the connection string to include this information.
   at Npgsql.Internal.NpgsqlConnector.ReadMessageLong(Boolean async, DataRowLoadingMode dataRowLoadingMode, Boolean readingNotifications, Boolean isReadingPrependedMessage)
   at System.Runtime.CompilerServices.PoolingAsyncValueTaskMethodBuilder`1.StateMachineBox`1.System.Threading.Tasks.Sources.IValueTaskSource<TResult>.GetResult(Int16 token)
   at Npgsql.NpgsqlDataReader.NextResult(Boolean async, Boolean isConsuming, CancellationToken cancellationToken)
   at Npgsql.NpgsqlDataReader.NextResult(Boolean async, Boolean isConsuming, CancellationToken cancellationToken)
   at Npgsql.NpgsqlCommand.ExecuteReader(Boolean async, CommandBehavior behavior, CancellationToken cancellationToken)
   at Npgsql.NpgsqlCommand.ExecuteReader(Boolean async, CommandBehavior behavior, CancellationToken cancellationToken)
   at Npgsql.NpgsqlCommand.ExecuteDbDataReaderAsync(CommandBehavior behavior, CancellationToken cancellationToken)
   at Microsoft.EntityFrameworkCore.Storage.RelationalCommand.ExecuteReaderAsync(RelationalCommandParameterObject parameterObject, CancellationToken cancellationToken)
   at Microsoft.EntityFrameworkCore.Storage.RelationalCommand.ExecuteReaderAsync(RelationalCommandParameterObject parameterObject, CancellationToken cancellationToken)
   at Microsoft.EntityFrameworkCore.Update.ReaderModificationCommandBatch.ExecuteAsync(IRelationalConnection connection, CancellationToken cancellationToken)
  Exception data:
    Severity: ERROR
    SqlState: 23503
    MessageText: insert or update on table "CrmSupportTickets" violates foreign key constraint "FK_CrmSupportTickets_CrmCustomers_CustomerId"
    Detail: Detail redacted as it may contain sensitive data. Specify 'Include Error Detail' in the connection string to include this information.
    SchemaName: public
    TableName: CrmSupportTickets
    ConstraintName: FK_CrmSupportTickets_CrmCustomers_CustomerId
    File: ri_triggers.c
    Line: 2783
    Routine: ri_ReportViolation
   --- End of inner exception stack trace ---
   at Microsoft.EntityFrameworkCore.Update.ReaderModificationCommandBatch.ExecuteAsync(IRelationalConnection connection, CancellationToken cancellationToken)
   at Microsoft.EntityFrameworkCore.Update.Internal.BatchExecutor.ExecuteAsync(IEnumerable`1 commandBatches, IRelationalConnection connection, CancellationToken cancellationToken)
   at Microsoft.EntityFrameworkCore.Update.Internal.BatchExecutor.ExecuteAsync(IEnumerable`1 commandBatches, IRelationalConnection connection, CancellationToken cancellationToken)
   at Microsoft.EntityFrameworkCore.Update.Internal.BatchExecutor.ExecuteAsync(IEnumerable`1 commandBatches, IRelationalConnection connection, CancellationToken cancellationToken)
   at Microsoft.EntityFrameworkCore.Storage.RelationalDatabase.SaveChangesAsync(IList`1 entries, CancellationToken cancellationToken)
   at Microsoft.EntityFrameworkCore.ChangeTracking.Internal.StateManager.SaveChangesAsync(IList`1 entriesToSave, CancellationToken cancellationToken)
   at Microsoft.EntityFrameworkCore.ChangeTracking.Internal.StateManager.SaveChangesAsync(StateManager stateManager, Boolean acceptAllChangesOnSuccess, CancellationToken cancellationToken)
   at Npgsql.EntityFrameworkCore.PostgreSQL.Storage.Internal.NpgsqlExecutionStrategy.ExecuteAsync[TState,TResult](TState state, Func`4 operation, Func`4 verifySucceeded, CancellationToken cancellationToken)
   at Microsoft.EntityFrameworkCore.DbContext.SaveChangesAsync(Boolean acceptAllChangesOnSuccess, CancellationToken cancellationToken)
[14:20:05 ERR] Database migration or seed failed. Check PostgreSQL is running and ConnectionStrings:DefaultConnection is correct.
Microsoft.EntityFrameworkCore.DbUpdateException: An error occurred while saving the entity changes. See the inner exception for details.
 ---> Npgsql.PostgresException (0x80004005): 23503: insert or update on table "CrmSupportTickets" violates foreign key constraint "FK_CrmSupportTickets_CrmCustomers_CustomerId"

DETAIL: Detail redacted as it may contain sensitive data. Specify 'Include Error Detail' in the connection string to include this information.
   at Npgsql.Internal.NpgsqlConnector.ReadMessageLong(Boolean async, DataRowLoadingMode dataRowLoadingMode, Boolean readingNotifications, Boolean isReadingPrependedMessage)
   at System.Runtime.CompilerServices.PoolingAsyncValueTaskMethodBuilder`1.StateMachineBox`1.System.Threading.Tasks.Sources.IValueTaskSource<TResult>.GetResult(Int16 token)
   at Npgsql.NpgsqlDataReader.NextResult(Boolean async, Boolean isConsuming, CancellationToken cancellationToken)
   at Npgsql.NpgsqlDataReader.NextResult(Boolean async, Boolean isConsuming, CancellationToken cancellationToken)
   at Npgsql.NpgsqlCommand.ExecuteReader(Boolean async, CommandBehavior behavior, CancellationToken cancellationToken)
   at Npgsql.NpgsqlCommand.ExecuteReader(Boolean async, CommandBehavior behavior, CancellationToken cancellationToken)
   at Npgsql.NpgsqlCommand.ExecuteDbDataReaderAsync(CommandBehavior behavior, CancellationToken cancellationToken)
   at Microsoft.EntityFrameworkCore.Storage.RelationalCommand.ExecuteReaderAsync(RelationalCommandParameterObject parameterObject, CancellationToken cancellationToken)
   at Microsoft.EntityFrameworkCore.Storage.RelationalCommand.ExecuteReaderAsync(RelationalCommandParameterObject parameterObject, CancellationToken cancellationToken)
   at Microsoft.EntityFrameworkCore.Update.ReaderModificationCommandBatch.ExecuteAsync(IRelationalConnection connection, CancellationToken cancellationToken)
  Exception data:
    Severity: ERROR
    SqlState: 23503
    MessageText: insert or update on table "CrmSupportTickets" violates foreign key constraint "FK_CrmSupportTickets_CrmCustomers_CustomerId"
    Detail: Detail redacted as it may contain sensitive data. Specify 'Include Error Detail' in the connection string to include this information.
    SchemaName: public
    TableName: CrmSupportTickets
    ConstraintName: FK_CrmSupportTickets_CrmCustomers_CustomerId
    File: ri_triggers.c
    Line: 2783
    Routine: ri_ReportViolation
   --- End of inner exception stack trace ---
   at Microsoft.EntityFrameworkCore.Update.ReaderModificationCommandBatch.ExecuteAsync(IRelationalConnection connection, CancellationToken cancellationToken)
   at Microsoft.EntityFrameworkCore.Update.Internal.BatchExecutor.ExecuteAsync(IEnumerable`1 commandBatches, IRelationalConnection connection, CancellationToken cancellationToken)
   at Microsoft.EntityFrameworkCore.Update.Internal.BatchExecutor.ExecuteAsync(IEnumerable`1 commandBatches, IRelationalConnection connection, CancellationToken cancellationToken)
   at Microsoft.EntityFrameworkCore.Update.Internal.BatchExecutor.ExecuteAsync(IEnumerable`1 commandBatches, IRelationalConnection connection, CancellationToken cancellationToken)
   at Microsoft.EntityFrameworkCore.Storage.RelationalDatabase.SaveChangesAsync(IList`1 entries, CancellationToken cancellationToken)
   at Microsoft.EntityFrameworkCore.ChangeTracking.Internal.StateManager.SaveChangesAsync(IList`1 entriesToSave, CancellationToken cancellationToken)
   at Microsoft.EntityFrameworkCore.ChangeTracking.Internal.StateManager.SaveChangesAsync(StateManager stateManager, Boolean acceptAllChangesOnSuccess, CancellationToken cancellationToken)
   at Npgsql.EntityFrameworkCore.PostgreSQL.Storage.Internal.NpgsqlExecutionStrategy.ExecuteAsync[TState,TResult](TState state, Func`4 operation, Func`4 verifySucceeded, CancellationToken cancellationToken)
   at Microsoft.EntityFrameworkCore.DbContext.SaveChangesAsync(Boolean acceptAllChangesOnSuccess, CancellationToken cancellationToken)
   at Microsoft.EntityFrameworkCore.DbContext.SaveChangesAsync(Boolean acceptAllChangesOnSuccess, CancellationToken cancellationToken)
   at Biktal.Infrastructure.Persistence.CrmDataSeeder.SeedIfEmptyAsync(ApplicationDbContext db, CancellationToken cancellationToken)
   at Program.<Main>$(String[] args) in d:\Systems\BiktalSystems\Program.cs:line 71
[14:20:05 WRN] Continuing without a successful migration/seed. Auth and data pages may fail until the database is available.
[14:20:05 WRN] Using an in-memory repository. Keys will not be persisted to storage.
[14:20:05 WRN] Neither user profile nor HKLM registry available. Using an ephemeral key repository. Protected data will be unavailable when application exits.
[14:20:05 WRN] No XML encryptor configured. Key {c74b98ac-0adf-421a-8229-42032619cd09} may be persisted to storage in unencrypted form.
[14:20:05 INF] Application started. Press Ctrl+C to shut down.
[14:20:05 INF] Hosting environment: Production
[14:20:05 INF] Content root path: D:\Systems\BiktalSystems\publish
[14:20:05 INF] HTTP GET /Inventory/Products responded 302 in 92.2195 ms
[14:20:05 INF] HTTP GET /Inventory/Products responded 302 in 91.8012 ms
[14:20:05 INF] HTTP GET /Inventory/Products responded 302 in 92.2358 ms
[14:20:05 ERR] An exception was thrown while deserializing the token.
Microsoft.AspNetCore.Antiforgery.AntiforgeryValidationException: The antiforgery token could not be decrypted.
 ---> System.Security.Cryptography.CryptographicException: The key {4a5b60ee-e625-4aa3-b315-02061de2dca5} was not found in the key ring. For more information go to https://aka.ms/aspnet/dataprotectionwarning
   at Microsoft.AspNetCore.DataProtection.KeyManagement.KeyRingBasedDataProtector.UnprotectCore(Byte[] protectedData, Boolean allowOperationsOnRevokedKeys, UnprotectStatus& status)
   at Microsoft.AspNetCore.DataProtection.KeyManagement.KeyRingBasedDataProtector.Unprotect(Byte[] protectedData)
   at Microsoft.AspNetCore.Antiforgery.DefaultAntiforgeryTokenSerializer.Deserialize(String serializedToken)
   --- End of inner exception stack trace ---
   at Microsoft.AspNetCore.Antiforgery.DefaultAntiforgeryTokenSerializer.Deserialize(String serializedToken)
   at Microsoft.AspNetCore.Antiforgery.DefaultAntiforgery.GetCookieTokenDoesNotThrow(HttpContext httpContext)
[14:20:05 INF] HTTP GET /Account/Login responded 200 in 226.7403 ms
[14:20:06 INF] HTTP GET /lib/jquery-validation-unobtrusive/dist/jquery.validate.unobtrusive.min.js responded 200 in 57.6604 ms
[14:20:06 INF] HTTP GET /js/site.js responded 200 in 73.8913 ms
[14:20:06 INF] HTTP GET /Biktal.WebMVC.styles.css responded 200 in 78.4661 ms
[14:20:06 INF] HTTP GET /lib/jquery-validation/dist/jquery.validate.min.js responded 200 in 73.7703 ms
[14:20:06 INF] HTTP GET /lib/bootstrap/dist/js/bootstrap.bundle.min.js responded 200 in 77.2844 ms
[14:20:06 INF] HTTP GET /lib/bootstrap/dist/css/bootstrap.min.css responded 200 in 82.4745 ms
[14:20:06 INF] HTTP GET /lib/jquery/dist/jquery.min.js responded 200 in 77.8164 ms
[14:20:06 INF] HTTP GET /css/site.css responded 200 in 82.2440 ms
[14:20:18 INF] HTTP POST /Account/Login responded 302 in 550.4171 ms
[14:20:19 INF] HTTP GET /Inventory/Products responded 200 in 490.6703 ms
[14:20:19 INF] HTTP GET /Biktal.WebMVC.styles.css responded 200 in 1.7778 ms
[14:20:19 INF] HTTP GET /css/site.css responded 200 in 5.3929 ms
[14:20:19 INF] HTTP GET /lib/bootstrap/dist/css/bootstrap.min.css responded 200 in 47.0339 ms
[14:20:19 INF] HTTP GET /lib/jquery/dist/jquery.min.js responded 304 in 43.7991 ms
[14:20:19 INF] HTTP GET /js/site.js responded 304 in 28.3534 ms
[14:20:19 INF] HTTP GET /js/products-catalog-filter.js responded 200 in 14.9628 ms
[14:20:19 INF] HTTP GET /lib/jquery-validation/dist/jquery.validate.min.js responded 304 in 31.4262 ms
[14:20:20 INF] HTTP GET /lib/jquery-validation-unobtrusive/dist/jquery.validate.unobtrusive.min.js responded 304 in 21.8275 ms
[14:20:20 INF] HTTP GET /lib/bootstrap/dist/js/bootstrap.bundle.min.js responded 304 in 113.1546 ms
[14:20:42 INF] HTTP POST /Inventory/EditProduct responded 302 in 141.0322 ms
[14:20:42 INF] HTTP GET /Inventory/Products responded 200 in 153.6141 ms
[14:20:42 INF] HTTP GET /lib/bootstrap/dist/css/bootstrap.min.css responded 200 in 5.4748 ms
[14:20:42 INF] HTTP GET /Biktal.WebMVC.styles.css responded 200 in 3.0186 ms
[14:20:42 INF] HTTP GET /css/site.css responded 200 in 2.4069 ms
[14:20:43 INF] HTTP GET /lib/jquery/dist/jquery.min.js responded 304 in 0.5620 ms
[14:20:43 INF] HTTP GET /lib/jquery-validation/dist/jquery.validate.min.js responded 304 in 0.6948 ms
[14:20:43 INF] HTTP GET /js/site.js responded 304 in 0.6960 ms
[14:20:43 INF] HTTP GET /lib/bootstrap/dist/js/bootstrap.bundle.min.js responded 304 in 0.9160 ms
[14:20:43 INF] HTTP GET /lib/jquery-validation-unobtrusive/dist/jquery.validate.unobtrusive.min.js responded 304 in 1.2222 ms
[14:20:43 INF] HTTP GET /js/products-catalog-filter.js responded 304 in 0.8176 ms
[14:20:57 INF] HTTP GET /Inventory/Products responded 200 in 57.3941 ms
[14:20:57 INF] HTTP GET /lib/bootstrap/dist/css/bootstrap.min.css responded 200 in 1.9737 ms
[14:20:57 INF] HTTP GET /Biktal.WebMVC.styles.css responded 200 in 2.9470 ms
[14:20:57 INF] HTTP GET /css/site.css responded 200 in 5.5906 ms
[14:20:57 INF] HTTP GET /lib/jquery/dist/jquery.min.js responded 304 in 0.5760 ms
[14:20:57 INF] HTTP GET /lib/bootstrap/dist/js/bootstrap.bundle.min.js responded 304 in 0.6013 ms
[14:20:57 INF] HTTP GET /js/site.js responded 304 in 0.4401 ms
[14:20:57 INF] HTTP GET /lib/jquery-validation-unobtrusive/dist/jquery.validate.unobtrusive.min.js responded 304 in 1.4077 ms
[14:20:57 INF] HTTP GET /lib/jquery-validation/dist/jquery.validate.min.js responded 304 in 3.9061 ms
[14:20:57 INF] HTTP GET /js/products-catalog-filter.js responded 304 in 0.9592 ms
[14:21:10 INF] HTTP POST /Inventory/EditProduct responded 302 in 17.2664 ms
[14:21:10 INF] HTTP GET /Inventory/Products responded 200 in 60.4624 ms
[14:21:10 INF] HTTP GET /Biktal.WebMVC.styles.css responded 200 in 1.9406 ms
[14:21:10 INF] HTTP GET /lib/bootstrap/dist/css/bootstrap.min.css responded 200 in 1.8315 ms
[14:21:10 INF] HTTP GET /css/site.css responded 200 in 3.3476 ms
[14:21:11 INF] HTTP GET /lib/jquery/dist/jquery.min.js responded 304 in 0.7364 ms
[14:21:11 INF] HTTP GET /js/site.js responded 304 in 0.4061 ms
[14:21:11 INF] HTTP GET /lib/bootstrap/dist/js/bootstrap.bundle.min.js responded 304 in 0.6450 ms
[14:21:11 INF] HTTP GET /lib/jquery-validation-unobtrusive/dist/jquery.validate.unobtrusive.min.js responded 304 in 0.4917 ms
[14:21:11 INF] HTTP GET /lib/jquery-validation/dist/jquery.validate.min.js responded 304 in 0.4248 ms
[14:21:11 INF] HTTP GET /js/products-catalog-filter.js responded 304 in 0.4767 ms
[14:22:00 INF] HTTP GET /Inventory/Products responded 200 in 63.5535 ms
[14:22:00 INF] HTTP GET /lib/bootstrap/dist/css/bootstrap.min.css responded 200 in 4.5476 ms
[14:22:00 INF] HTTP GET /Biktal.WebMVC.styles.css responded 200 in 1.5110 ms
[14:22:00 INF] HTTP GET /css/site.css responded 200 in 6.3757 ms
[14:22:01 INF] HTTP GET /lib/jquery/dist/jquery.min.js responded 304 in 0.5240 ms
[14:22:01 INF] HTTP GET /lib/bootstrap/dist/js/bootstrap.bundle.min.js responded 304 in 1.0045 ms
[14:22:01 INF] HTTP GET /js/site.js responded 304 in 1.1351 ms
[14:22:01 INF] HTTP GET /lib/jquery-validation-unobtrusive/dist/jquery.validate.unobtrusive.min.js responded 304 in 0.5956 ms
[14:22:01 INF] HTTP GET /lib/jquery-validation/dist/jquery.validate.min.js responded 304 in 0.6027 ms
[14:22:01 INF] HTTP GET /js/products-catalog-filter.js responded 304 in 0.7740 ms
[14:22:10 INF] HTTP POST /Inventory/EditProduct responded 302 in 17.1148 ms
[14:22:10 INF] HTTP GET /Inventory/Products responded 200 in 43.5056 ms
[14:22:10 INF] HTTP GET /lib/bootstrap/dist/css/bootstrap.min.css responded 304 in 1.1726 ms
[14:22:10 INF] HTTP GET /css/site.css responded 304 in 0.5880 ms
[14:22:10 INF] HTTP GET /Biktal.WebMVC.styles.css responded 304 in 0.4874 ms
[14:22:11 INF] HTTP GET /lib/jquery/dist/jquery.min.js responded 304 in 0.5397 ms
[14:22:11 INF] HTTP GET /lib/bootstrap/dist/js/bootstrap.bundle.min.js responded 304 in 0.5881 ms
[14:22:11 INF] HTTP GET /lib/jquery-validation/dist/jquery.validate.min.js responded 304 in 1.0649 ms
[14:22:11 INF] HTTP GET /js/site.js responded 304 in 1.1179 ms
[14:22:11 INF] HTTP GET /js/products-catalog-filter.js responded 304 in 0.8584 ms
[14:22:11 INF] HTTP GET /lib/jquery-validation-unobtrusive/dist/jquery.validate.unobtrusive.min.js responded 304 in 0.6136 ms
[14:22:20 INF] HTTP GET /Inventory/Products responded 200 in 66.8088 ms
[14:22:20 INF] HTTP GET /lib/bootstrap/dist/css/bootstrap.min.css responded 304 in 0.7815 ms
[14:22:20 INF] HTTP GET /css/site.css responded 304 in 1.1598 ms
[14:22:20 INF] HTTP GET /Biktal.WebMVC.styles.css responded 304 in 0.4683 ms
[14:22:21 INF] HTTP GET /lib/jquery/dist/jquery.min.js responded 304 in 0.3242 ms
[14:22:21 INF] HTTP GET /lib/bootstrap/dist/js/bootstrap.bundle.min.js responded 304 in 3.0213 ms
[14:22:21 INF] HTTP GET /js/site.js responded 304 in 33.9654 ms
[14:22:21 INF] HTTP GET /lib/jquery-validation/dist/jquery.validate.min.js responded 304 in 2.8299 ms
[14:22:21 INF] HTTP GET /lib/jquery-validation-unobtrusive/dist/jquery.validate.unobtrusive.min.js responded 304 in 0.3565 ms
[14:22:21 INF] HTTP GET /js/products-catalog-filter.js responded 304 in 0.7804 ms
[14:24:08 INF] HTTP GET /Inventory/Products responded 200 in 70.6861 ms
[14:24:08 INF] HTTP GET /lib/bootstrap/dist/css/bootstrap.min.css responded 200 in 1.6930 ms
[14:24:08 INF] HTTP GET /css/site.css responded 200 in 1.1912 ms
[14:24:08 INF] HTTP GET /Biktal.WebMVC.styles.css responded 200 in 1.3522 ms
[14:24:09 INF] HTTP GET /lib/jquery/dist/jquery.min.js responded 200 in 1.1902 ms
[14:24:09 INF] HTTP GET /lib/bootstrap/dist/js/bootstrap.bundle.min.js responded 200 in 0.9864 ms
[14:24:09 INF] HTTP GET /js/site.js responded 200 in 1.3913 ms
[14:24:09 INF] HTTP GET /lib/jquery-validation-unobtrusive/dist/jquery.validate.unobtrusive.min.js responded 200 in 2.3377 ms
[14:24:09 INF] HTTP GET /js/products-catalog-filter.js responded 200 in 1.0228 ms
[14:24:09 INF] HTTP GET /lib/jquery-validation/dist/jquery.validate.min.js responded 200 in 2.4466 ms
[14:24:34 INF] HTTP GET /Inventory/Products responded 200 in 61.8648 ms
[14:24:34 INF] HTTP GET /lib/bootstrap/dist/css/bootstrap.min.css responded 200 in 3.1252 ms
[14:24:34 INF] HTTP GET /css/site.css responded 200 in 5.6378 ms
[14:24:34 INF] HTTP GET /Biktal.WebMVC.styles.css responded 200 in 2.3623 ms
[14:24:35 INF] HTTP GET /lib/jquery/dist/jquery.min.js responded 304 in 0.2953 ms
[14:24:35 INF] HTTP GET /lib/bootstrap/dist/js/bootstrap.bundle.min.js responded 304 in 0.9795 ms
[14:24:35 INF] HTTP GET /js/site.js responded 304 in 0.6872 ms
[14:24:35 INF] HTTP GET /lib/jquery-validation/dist/jquery.validate.min.js responded 304 in 1.4130 ms
[14:24:35 INF] HTTP GET /lib/jquery-validation-unobtrusive/dist/jquery.validate.unobtrusive.min.js responded 304 in 0.4917 ms
[14:24:35 INF] HTTP GET /js/products-catalog-filter.js responded 304 in 0.7034 ms
[14:24:43 INF] HTTP POST /Inventory/EditProduct responded 302 in 15.9703 ms
[14:24:43 INF] HTTP GET /Inventory/Products responded 200 in 55.1973 ms
[14:24:43 INF] HTTP GET /lib/bootstrap/dist/css/bootstrap.min.css responded 304 in 0.5575 ms
[14:24:43 INF] HTTP GET /css/site.css responded 304 in 0.4352 ms
[14:24:43 INF] HTTP GET /Biktal.WebMVC.styles.css responded 304 in 0.2617 ms
[14:24:44 INF] HTTP GET /lib/jquery/dist/jquery.min.js responded 304 in 0.3900 ms
[14:24:44 INF] HTTP GET /lib/bootstrap/dist/js/bootstrap.bundle.min.js responded 304 in 0.8254 ms
[14:24:44 INF] HTTP GET /js/site.js responded 304 in 0.4999 ms
[14:24:44 INF] HTTP GET /lib/jquery-validation/dist/jquery.validate.min.js responded 304 in 0.4327 ms
[14:24:44 INF] HTTP GET /lib/jquery-validation-unobtrusive/dist/jquery.validate.unobtrusive.min.js responded 304 in 0.8759 ms
[14:24:44 INF] HTTP GET /js/products-catalog-filter.js responded 304 in 0.5466 ms
[14:24:55 INF] HTTP GET /Inventory/Products responded 200 in 57.4435 ms
[14:24:55 INF] HTTP GET /lib/bootstrap/dist/css/bootstrap.min.css responded 304 in 0.5343 ms
[14:24:55 INF] HTTP GET /Biktal.WebMVC.styles.css responded 304 in 0.4484 ms
[14:24:55 INF] HTTP GET /css/site.css responded 304 in 0.3920 ms
[14:24:56 INF] HTTP GET /lib/jquery/dist/jquery.min.js responded 304 in 0.2516 ms
[14:24:56 INF] HTTP GET /lib/bootstrap/dist/js/bootstrap.bundle.min.js responded 304 in 0.3725 ms
[14:24:56 INF] HTTP GET /js/site.js responded 304 in 0.4806 ms
[14:24:56 INF] HTTP GET /lib/jquery-validation-unobtrusive/dist/jquery.validate.unobtrusive.min.js responded 304 in 0.3091 ms
[14:24:56 INF] HTTP GET /js/products-catalog-filter.js responded 304 in 0.2514 ms
[14:24:56 INF] HTTP GET /lib/jquery-validation/dist/jquery.validate.min.js responded 304 in 0.6933 ms
[14:26:42 INF] HTTP POST /Inventory/EditProduct responded 302 in 199.8861 ms
[14:26:42 INF] HTTP GET /Inventory/Products responded 200 in 38.1530 ms
[14:26:42 INF] HTTP GET /lib/bootstrap/dist/css/bootstrap.min.css responded 200 in 2.3943 ms
[14:26:42 INF] HTTP GET /Biktal.WebMVC.styles.css responded 200 in 1.5649 ms
[14:26:42 INF] HTTP GET /css/site.css responded 200 in 5.5733 ms
[14:26:43 INF] HTTP GET /lib/jquery/dist/jquery.min.js responded 200 in 1.2616 ms
[14:26:43 INF] HTTP GET /js/site.js responded 200 in 0.8487 ms
[14:26:43 INF] HTTP GET /lib/bootstrap/dist/js/bootstrap.bundle.min.js responded 200 in 1.3948 ms
[14:26:43 INF] HTTP GET /lib/jquery-validation/dist/jquery.validate.min.js responded 200 in 1.0410 ms
[14:26:43 INF] HTTP GET /lib/jquery-validation-unobtrusive/dist/jquery.validate.unobtrusive.min.js responded 200 in 0.8246 ms
[14:26:43 INF] HTTP GET /js/products-catalog-filter.js responded 200 in 1.5703 ms
[14:26:53 INF] HTTP GET /Inventory/Products responded 200 in 58.5262 ms
[14:26:53 INF] HTTP GET /css/site.css responded 304 in 0.6336 ms
[14:26:53 INF] HTTP GET /Biktal.WebMVC.styles.css responded 304 in 0.3930 ms
[14:26:53 INF] HTTP GET /lib/bootstrap/dist/css/bootstrap.min.css responded 304 in 6.4518 ms
[14:26:54 INF] HTTP GET /lib/jquery/dist/jquery.min.js responded 304 in 0.2665 ms
[14:26:54 INF] HTTP GET /lib/bootstrap/dist/js/bootstrap.bundle.min.js responded 304 in 0.4134 ms
[14:26:54 INF] HTTP GET /js/site.js responded 304 in 1.6898 ms
[14:26:54 INF] HTTP GET /lib/jquery-validation-unobtrusive/dist/jquery.validate.unobtrusive.min.js responded 304 in 0.6689 ms
[14:26:54 INF] HTTP GET /js/products-catalog-filter.js responded 304 in 0.7840 ms
[14:26:54 INF] HTTP GET /lib/jquery-validation/dist/jquery.validate.min.js responded 304 in 0.7116 ms
[14:27:13 INF] HTTP POST /Inventory/EditProduct responded 302 in 14.4474 ms
[14:27:13 INF] HTTP GET /Inventory/Products responded 200 in 51.3005 ms
[14:27:13 INF] HTTP GET /lib/bootstrap/dist/css/bootstrap.min.css responded 200 in 1.1777 ms
[14:27:13 INF] HTTP GET /css/site.css responded 304 in 0.7246 ms
[14:27:13 INF] HTTP GET /Biktal.WebMVC.styles.css responded 304 in 0.4488 ms
[14:27:14 INF] HTTP GET /lib/jquery/dist/jquery.min.js responded 304 in 0.2741 ms
[14:27:14 INF] HTTP GET /lib/bootstrap/dist/js/bootstrap.bundle.min.js responded 304 in 0.7313 ms
[14:27:14 INF] HTTP GET /js/site.js responded 304 in 0.3793 ms
[14:27:14 INF] HTTP GET /lib/jquery-validation-unobtrusive/dist/jquery.validate.unobtrusive.min.js responded 304 in 0.3305 ms
[14:27:14 INF] HTTP GET /lib/jquery-validation/dist/jquery.validate.min.js responded 304 in 0.3305 ms
[14:27:14 INF] HTTP GET /js/products-catalog-filter.js responded 304 in 0.5296 ms
[14:27:24 INF] HTTP GET /Inventory/Products responded 200 in 47.6408 ms
[14:27:24 INF] HTTP GET /lib/bootstrap/dist/css/bootstrap.min.css responded 304 in 0.5076 ms
[14:27:24 INF] HTTP GET /Biktal.WebMVC.styles.css responded 304 in 0.3527 ms
[14:27:24 INF] HTTP GET /css/site.css responded 304 in 0.2992 ms
[14:27:25 INF] HTTP GET /lib/jquery/dist/jquery.min.js responded 304 in 0.2546 ms
[14:27:25 INF] HTTP GET /lib/bootstrap/dist/js/bootstrap.bundle.min.js responded 304 in 0.4570 ms
[14:27:25 INF] HTTP GET /js/site.js responded 304 in 0.3783 ms
[14:27:25 INF] HTTP GET /lib/jquery-validation/dist/jquery.validate.min.js responded 304 in 0.3120 ms
[14:27:25 INF] HTTP GET /lib/jquery-validation-unobtrusive/dist/jquery.validate.unobtrusive.min.js responded 304 in 0.3747 ms
[14:27:25 INF] HTTP GET /js/products-catalog-filter.js responded 304 in 0.2567 ms
[14:27:36 INF] HTTP POST /Inventory/EditProduct responded 302 in 13.8471 ms
[14:27:36 INF] HTTP GET /Inventory/Products responded 200 in 38.4799 ms
[14:27:36 INF] HTTP GET /lib/bootstrap/dist/css/bootstrap.min.css responded 200 in 1.1638 ms
[14:27:36 INF] HTTP GET /Biktal.WebMVC.styles.css responded 304 in 0.3920 ms
[14:27:36 INF] HTTP GET /css/site.css responded 304 in 0.4033 ms
[14:27:37 INF] HTTP GET /lib/jquery/dist/jquery.min.js responded 304 in 0.7995 ms
[14:27:37 INF] HTTP GET /lib/bootstrap/dist/js/bootstrap.bundle.min.js responded 304 in 0.3632 ms
[14:27:37 INF] HTTP GET /js/site.js responded 304 in 0.2816 ms
[14:27:37 INF] HTTP GET /lib/jquery-validation/dist/jquery.validate.min.js responded 304 in 0.6436 ms
[14:27:37 INF] HTTP GET /lib/jquery-validation-unobtrusive/dist/jquery.validate.unobtrusive.min.js responded 304 in 0.5374 ms
[14:27:37 INF] HTTP GET /js/products-catalog-filter.js responded 304 in 1.2041 ms
[14:27:47 INF] HTTP GET /Inventory/Products responded 200 in 51.2561 ms
[14:27:47 INF] HTTP GET /lib/bootstrap/dist/css/bootstrap.min.css responded 200 in 1.6794 ms
[14:27:47 INF] HTTP GET /css/site.css responded 304 in 0.5950 ms
[14:27:47 INF] HTTP GET /Biktal.WebMVC.styles.css responded 304 in 0.4832 ms
[14:27:48 INF] HTTP GET /lib/jquery/dist/jquery.min.js responded 304 in 0.2775 ms
[14:27:48 INF] HTTP GET /lib/bootstrap/dist/js/bootstrap.bundle.min.js responded 304 in 0.4925 ms
[14:27:48 INF] HTTP GET /js/site.js responded 304 in 0.6681 ms
[14:27:48 INF] HTTP GET /lib/jquery-validation/dist/jquery.validate.min.js responded 304 in 0.6269 ms
[14:27:48 INF] HTTP GET /lib/jquery-validation-unobtrusive/dist/jquery.validate.unobtrusive.min.js responded 304 in 0.6342 ms
[14:27:48 INF] HTTP GET /js/products-catalog-filter.js responded 304 in 0.5421 ms
[14:27:58 INF] HTTP POST /Inventory/EditProduct responded 302 in 10.2455 ms
[14:27:58 INF] HTTP GET /Inventory/Products responded 200 in 92.6161 ms
[14:27:58 INF] HTTP GET /lib/bootstrap/dist/css/bootstrap.min.css responded 200 in 1.3249 ms
[14:27:58 INF] HTTP GET /css/site.css responded 304 in 0.6366 ms
[14:27:58 INF] HTTP GET /Biktal.WebMVC.styles.css responded 304 in 0.8086 ms
[14:27:58 INF] HTTP GET /lib/jquery/dist/jquery.min.js responded 304 in 0.2836 ms
[14:27:59 INF] HTTP GET /lib/bootstrap/dist/js/bootstrap.bundle.min.js responded 304 in 0.4611 ms
[14:27:59 INF] HTTP GET /js/site.js responded 304 in 0.4221 ms
[14:27:59 INF] HTTP GET /lib/jquery-validation/dist/jquery.validate.min.js responded 304 in 1.2160 ms
[14:27:59 INF] HTTP GET /lib/jquery-validation-unobtrusive/dist/jquery.validate.unobtrusive.min.js responded 304 in 0.7028 ms
[14:27:59 INF] HTTP GET /js/products-catalog-filter.js responded 304 in 0.5839 ms
[14:29:59 INF] HTTP GET /Inventory/Products responded 200 in 71.8318 ms
[14:29:59 INF] HTTP GET /css/site.css responded 200 in 1.3865 ms
[14:29:59 INF] HTTP GET /lib/bootstrap/dist/css/bootstrap.min.css responded 200 in 1.2715 ms
[14:29:59 INF] HTTP GET /Biktal.WebMVC.styles.css responded 200 in 0.8256 ms
[14:30:00 INF] HTTP GET /lib/jquery/dist/jquery.min.js responded 200 in 0.6597 ms
[14:30:00 INF] HTTP GET /lib/bootstrap/dist/js/bootstrap.bundle.min.js responded 200 in 1.4913 ms
[14:30:00 INF] HTTP GET /js/site.js responded 200 in 1.0029 ms
[14:30:00 INF] HTTP GET /lib/jquery-validation/dist/jquery.validate.min.js responded 200 in 1.5157 ms
[14:30:00 INF] HTTP GET /lib/jquery-validation-unobtrusive/dist/jquery.validate.unobtrusive.min.js responded 200 in 4.5187 ms
[14:30:00 INF] HTTP GET /js/products-catalog-filter.js responded 200 in 0.9882 ms
[14:30:14 INF] HTTP POST /Inventory/EditProduct responded 302 in 15.1785 ms
[14:30:14 INF] HTTP GET /Inventory/Products responded 200 in 35.6170 ms
[14:30:14 INF] HTTP GET /lib/bootstrap/dist/css/bootstrap.min.css responded 304 in 2.5386 ms
[14:30:14 INF] HTTP GET /css/site.css responded 304 in 0.6346 ms
[14:30:14 INF] HTTP GET /Biktal.WebMVC.styles.css responded 304 in 0.6307 ms
[14:30:15 INF] HTTP GET /lib/jquery/dist/jquery.min.js responded 304 in 0.2729 ms
[14:30:15 INF] HTTP GET /lib/bootstrap/dist/js/bootstrap.bundle.min.js responded 304 in 0.4903 ms
[14:30:15 INF] HTTP GET /js/site.js responded 304 in 0.4009 ms
[14:30:15 INF] HTTP GET /lib/jquery-validation/dist/jquery.validate.min.js responded 304 in 1.9975 ms
[14:30:15 INF] HTTP GET /lib/jquery-validation-unobtrusive/dist/jquery.validate.unobtrusive.min.js responded 304 in 0.6298 ms
[14:30:15 INF] HTTP GET /js/products-catalog-filter.js responded 304 in 1.5935 ms
[14:35:02 INF] HTTP GET /Inventory/Products responded 200 in 250.4908 ms
[14:35:02 INF] HTTP GET /Biktal.WebMVC.styles.css responded 200 in 0.9970 ms
[14:35:02 INF] HTTP GET /css/site.css responded 200 in 0.9602 ms
[14:35:02 INF] HTTP GET /lib/bootstrap/dist/css/bootstrap.min.css responded 200 in 1.1048 ms
[14:35:03 INF] HTTP GET /lib/jquery/dist/jquery.min.js responded 200 in 0.8144 ms
[14:35:03 INF] HTTP GET /lib/bootstrap/dist/js/bootstrap.bundle.min.js responded 200 in 1.9364 ms
[14:35:03 INF] HTTP GET /lib/jquery-validation/dist/jquery.validate.min.js responded 200 in 0.9346 ms
[14:35:03 INF] HTTP GET /js/site.js responded 200 in 1.2814 ms
[14:35:03 INF] HTTP GET /lib/jquery-validation-unobtrusive/dist/jquery.validate.unobtrusive.min.js responded 200 in 2.0260 ms
[14:35:03 INF] HTTP GET /js/products-catalog-filter.js responded 200 in 0.9872 ms
[14:35:36 INF] HTTP POST /Inventory/EditProduct responded 302 in 25.9732 ms
[14:35:36 INF] HTTP GET /Inventory/Products responded 200 in 51.6533 ms
[14:35:36 INF] HTTP GET /lib/bootstrap/dist/css/bootstrap.min.css responded 200 in 1.6498 ms
[14:35:36 INF] HTTP GET /css/site.css responded 200 in 1.9734 ms
[14:35:36 INF] HTTP GET /Biktal.WebMVC.styles.css responded 200 in 1.3379 ms
[14:35:37 INF] HTTP GET /lib/jquery/dist/jquery.min.js responded 200 in 0.5931 ms
[14:35:37 INF] HTTP GET /js/site.js responded 200 in 0.8855 ms
[14:35:37 INF] HTTP GET /lib/bootstrap/dist/js/bootstrap.bundle.min.js responded 200 in 1.0358 ms
[14:35:37 INF] HTTP GET /lib/jquery-validation-unobtrusive/dist/jquery.validate.unobtrusive.min.js responded 200 in 1.5677 ms
[14:35:37 INF] HTTP GET /lib/jquery-validation/dist/jquery.validate.min.js responded 200 in 0.9232 ms
[14:35:37 INF] HTTP GET /js/products-catalog-filter.js responded 200 in 1.4949 ms
[14:37:21 INF] HTTP POST /Inventory/AddProduct responded 200 in 101.4732 ms
[14:37:21 INF] HTTP GET /css/site.css responded 200 in 1.1959 ms
[14:37:21 INF] HTTP GET /lib/bootstrap/dist/css/bootstrap.min.css responded 200 in 7.5215 ms
[14:37:21 INF] HTTP GET /Biktal.WebMVC.styles.css responded 200 in 4.1236 ms
[14:37:22 INF] HTTP GET /lib/jquery/dist/jquery.min.js responded 200 in 0.6804 ms
[14:37:22 INF] HTTP GET /js/site.js responded 200 in 0.6142 ms
[14:37:22 INF] HTTP GET /lib/bootstrap/dist/js/bootstrap.bundle.min.js responded 200 in 0.9031 ms
[14:37:22 INF] HTTP GET /lib/jquery-validation-unobtrusive/dist/jquery.validate.unobtrusive.min.js responded 200 in 0.6519 ms
[14:37:22 INF] HTTP GET /lib/jquery-validation/dist/jquery.validate.min.js responded 200 in 0.9104 ms
[14:37:22 INF] HTTP GET /js/products-catalog-filter.js responded 200 in 0.8827 ms
[14:38:01 INF] HTTP GET /Inventory/Products responded 200 in 44.4490 ms
[14:38:01 INF] HTTP GET /lib/bootstrap/dist/css/bootstrap.min.css responded 200 in 1.3486 ms
[14:38:01 INF] HTTP GET /Biktal.WebMVC.styles.css responded 200 in 3.5403 ms
[14:38:01 INF] HTTP GET /css/site.css responded 200 in 1.1935 ms
[14:38:02 INF] HTTP GET /lib/jquery/dist/jquery.min.js responded 200 in 0.6931 ms
[14:38:02 INF] HTTP GET /js/site.js responded 200 in 1.0971 ms
[14:38:02 INF] HTTP GET /lib/jquery-validation/dist/jquery.validate.min.js responded 200 in 5.0843 ms
[14:38:02 INF] HTTP GET /lib/jquery-validation-unobtrusive/dist/jquery.validate.unobtrusive.min.js responded 200 in 3.4734 ms
[14:38:02 INF] HTTP GET /js/products-catalog-filter.js responded 200 in 4.3873 ms
[14:38:02 INF] HTTP GET /lib/bootstrap/dist/js/bootstrap.bundle.min.js responded 200 in 6.6649 ms
[14:38:20 INF] HTTP POST /Inventory/EditProduct responded 302 in 24.9214 ms
[14:38:20 INF] HTTP GET /Inventory/Products responded 200 in 46.3674 ms
[14:38:20 INF] HTTP GET /lib/bootstrap/dist/css/bootstrap.min.css responded 200 in 1.1626 ms
[14:38:20 INF] HTTP GET /css/site.css responded 200 in 1.0556 ms
[14:38:20 INF] HTTP GET /Biktal.WebMVC.styles.css responded 200 in 1.0225 ms
[14:38:20 INF] HTTP GET /lib/jquery/dist/jquery.min.js responded 304 in 0.2504 ms
[14:38:20 INF] HTTP GET /lib/bootstrap/dist/js/bootstrap.bundle.min.js responded 304 in 0.4915 ms
[14:38:20 INF] HTTP GET /js/site.js responded 304 in 0.2476 ms
[14:38:20 INF] HTTP GET /lib/jquery-validation-unobtrusive/dist/jquery.validate.unobtrusive.min.js responded 304 in 0.2325 ms
[14:38:20 INF] HTTP GET /lib/jquery-validation/dist/jquery.validate.min.js responded 304 in 0.3156 ms
[14:38:20 INF] HTTP GET /js/products-catalog-filter.js responded 304 in 0.3859 ms
[14:38:34 INF] HTTP GET /Inventory/Products responded 200 in 46.2579 ms
[14:38:34 INF] HTTP GET /lib/bootstrap/dist/css/bootstrap.min.css responded 200 in 2.3137 ms
[14:38:34 INF] HTTP GET /css/site.css responded 200 in 1.1155 ms
[14:38:34 INF] HTTP GET /Biktal.WebMVC.styles.css responded 200 in 1.9893 ms
[14:38:34 INF] HTTP GET /lib/jquery/dist/jquery.min.js responded 304 in 0.2840 ms
[14:38:34 INF] HTTP GET /lib/bootstrap/dist/js/bootstrap.bundle.min.js responded 304 in 0.3828 ms
[14:38:34 INF] HTTP GET /js/site.js responded 304 in 0.4476 ms
[14:38:34 INF] HTTP GET /lib/jquery-validation/dist/jquery.validate.min.js responded 304 in 0.3371 ms
[14:38:34 INF] HTTP GET /lib/jquery-validation-unobtrusive/dist/jquery.validate.unobtrusive.min.js responded 304 in 0.2259 ms
[14:38:34 INF] HTTP GET /js/products-catalog-filter.js responded 304 in 0.3100 ms
[14:39:53 INF] HTTP POST /Inventory/EditProduct responded 302 in 14.8581 ms
[14:39:53 INF] HTTP GET /Inventory/Products responded 200 in 63.7566 ms
[14:39:53 INF] HTTP GET /lib/bootstrap/dist/css/bootstrap.min.css responded 200 in 1.7470 ms
[14:39:53 INF] HTTP GET /Biktal.WebMVC.styles.css responded 200 in 0.9200 ms
[14:39:53 INF] HTTP GET /css/site.css responded 200 in 1.3811 ms
[14:39:54 INF] HTTP GET /lib/jquery/dist/jquery.min.js responded 200 in 0.8263 ms
[14:39:54 INF] HTTP GET /lib/bootstrap/dist/js/bootstrap.bundle.min.js responded 200 in 1.5249 ms
[14:39:54 INF] HTTP GET /js/site.js responded 200 in 0.9336 ms
[14:39:54 INF] HTTP GET /lib/jquery-validation/dist/jquery.validate.min.js responded 200 in 1.0296 ms
[14:39:54 INF] HTTP GET /lib/jquery-validation-unobtrusive/dist/jquery.validate.unobtrusive.min.js responded 200 in 1.9511 ms
[14:39:54 INF] HTTP GET /js/products-catalog-filter.js responded 200 in 1.9911 ms
[14:40:02 INF] HTTP GET /Inventory/Products responded 200 in 102.1323 ms
[14:40:02 INF] HTTP GET /lib/bootstrap/dist/css/bootstrap.min.css responded 304 in 0.4217 ms
[14:40:02 INF] HTTP GET /css/site.css responded 304 in 0.5303 ms
[14:40:02 INF] HTTP GET /Biktal.WebMVC.styles.css responded 304 in 0.3452 ms
[14:40:03 INF] HTTP GET /lib/jquery/dist/jquery.min.js responded 304 in 0.5484 ms
[14:40:03 INF] HTTP GET /lib/bootstrap/dist/js/bootstrap.bundle.min.js responded 304 in 0.4992 ms
[14:40:03 INF] HTTP GET /js/site.js responded 304 in 0.3548 ms
[14:40:03 INF] HTTP GET /lib/jquery-validation/dist/jquery.validate.min.js responded 304 in 0.3591 ms
[14:40:03 INF] HTTP GET /lib/jquery-validation-unobtrusive/dist/jquery.validate.unobtrusive.min.js responded 304 in 0.6082 ms
[14:40:03 INF] HTTP GET /js/products-catalog-filter.js responded 304 in 0.4878 ms
[14:40:10 INF] HTTP POST /Inventory/EditProduct responded 302 in 226.6921 ms
[14:40:10 INF] HTTP GET /Inventory/Products responded 200 in 40.0932 ms
[14:40:10 INF] HTTP GET /lib/bootstrap/dist/css/bootstrap.min.css responded 200 in 3.1598 ms
[14:40:10 INF] HTTP GET /css/site.css responded 304 in 0.3839 ms
[14:40:10 INF] HTTP GET /Biktal.WebMVC.styles.css responded 304 in 0.4251 ms
[14:40:11 INF] HTTP GET /lib/jquery/dist/jquery.min.js responded 304 in 0.2483 ms
[14:40:11 INF] HTTP GET /lib/bootstrap/dist/js/bootstrap.bundle.min.js responded 304 in 0.5057 ms
[14:40:11 INF] HTTP GET /js/site.js responded 304 in 0.2651 ms
[14:40:11 INF] HTTP GET /lib/jquery-validation/dist/jquery.validate.min.js responded 304 in 0.4233 ms
[14:40:11 INF] HTTP GET /js/products-catalog-filter.js responded 304 in 0.4658 ms
[14:40:11 INF] HTTP GET /lib/jquery-validation-unobtrusive/dist/jquery.validate.unobtrusive.min.js responded 304 in 0.5036 ms
[14:40:22 INF] HTTP GET /Inventory/Products responded 200 in 57.1038 ms
[14:40:22 INF] HTTP GET /lib/bootstrap/dist/css/bootstrap.min.css responded 200 in 1.4868 ms
[14:40:22 INF] HTTP GET /css/site.css responded 304 in 0.4289 ms
[14:40:22 INF] HTTP GET /Biktal.WebMVC.styles.css responded 304 in 0.4082 ms
[14:40:22 INF] HTTP GET /lib/jquery/dist/jquery.min.js responded 304 in 0.2838 ms
[14:40:22 INF] HTTP GET /js/site.js responded 304 in 0.3210 ms
[14:40:22 INF] HTTP GET /lib/bootstrap/dist/js/bootstrap.bundle.min.js responded 304 in 0.3743 ms
[14:40:22 INF] HTTP GET /lib/jquery-validation/dist/jquery.validate.min.js responded 304 in 0.4901 ms
[14:40:22 INF] HTTP GET /lib/jquery-validation-unobtrusive/dist/jquery.validate.unobtrusive.min.js responded 304 in 0.3924 ms
[14:40:22 INF] HTTP GET /js/products-catalog-filter.js responded 304 in 0.4815 ms
[14:40:53 INF] HTTP POST /Inventory/EditProduct responded 302 in 15.4466 ms
[14:40:53 INF] HTTP GET /Inventory/Products responded 200 in 45.4485 ms
[14:40:54 INF] HTTP GET /css/site.css responded 304 in 0.4930 ms
[14:40:54 INF] HTTP GET /Biktal.WebMVC.styles.css responded 304 in 0.5629 ms
[14:40:54 INF] HTTP GET /lib/bootstrap/dist/css/bootstrap.min.css responded 200 in 2.1656 ms
[14:40:54 INF] HTTP GET /lib/jquery/dist/jquery.min.js responded 304 in 0.2515 ms
[14:40:54 INF] HTTP GET /lib/bootstrap/dist/js/bootstrap.bundle.min.js responded 304 in 0.3668 ms
[14:40:54 INF] HTTP GET /js/site.js responded 304 in 0.3929 ms
[14:40:54 INF] HTTP GET /lib/jquery-validation/dist/jquery.validate.min.js responded 304 in 0.2631 ms
[14:40:54 INF] HTTP GET /lib/jquery-validation-unobtrusive/dist/jquery.validate.unobtrusive.min.js responded 304 in 0.2472 ms
[14:40:54 INF] HTTP GET /js/products-catalog-filter.js responded 304 in 0.3474 ms
[14:41:03 INF] HTTP GET /Inventory/Products responded 200 in 56.1172 ms
[14:41:03 INF] HTTP GET /lib/bootstrap/dist/css/bootstrap.min.css responded 304 in 0.5028 ms
[14:41:03 INF] HTTP GET /Biktal.WebMVC.styles.css responded 304 in 0.4492 ms
[14:41:03 INF] HTTP GET /css/site.css responded 304 in 0.3771 ms
[14:41:04 INF] HTTP GET /lib/jquery/dist/jquery.min.js responded 304 in 0.3444 ms
[14:41:04 INF] HTTP GET /lib/bootstrap/dist/js/bootstrap.bundle.min.js responded 304 in 0.3566 ms
[14:41:04 INF] HTTP GET /js/site.js responded 304 in 0.2626 ms
[14:41:04 INF] HTTP GET /lib/jquery-validation/dist/jquery.validate.min.js responded 304 in 0.3841 ms
[14:41:04 INF] HTTP GET /js/products-catalog-filter.js responded 304 in 0.8043 ms
[14:41:04 INF] HTTP GET /lib/jquery-validation-unobtrusive/dist/jquery.validate.unobtrusive.min.js responded 304 in 0.3623 ms
[14:41:10 INF] HTTP POST /Inventory/EditProduct responded 302 in 9.4507 ms
[14:41:10 INF] HTTP GET /Inventory/Products responded 200 in 56.6960 ms
[14:41:10 INF] HTTP GET /lib/bootstrap/dist/css/bootstrap.min.css responded 304 in 0.4791 ms
[14:41:10 INF] HTTP GET /css/site.css responded 304 in 1.1273 ms
[14:41:10 INF] HTTP GET /Biktal.WebMVC.styles.css responded 304 in 0.4187 ms
[14:41:11 INF] HTTP GET /lib/jquery/dist/jquery.min.js responded 304 in 0.2799 ms
[14:41:11 INF] HTTP GET /lib/bootstrap/dist/js/bootstrap.bundle.min.js responded 304 in 0.6154 ms
[14:41:11 INF] HTTP GET /js/site.js responded 304 in 0.3650 ms
[14:41:11 INF] HTTP GET /lib/jquery-validation-unobtrusive/dist/jquery.validate.unobtrusive.min.js responded 304 in 0.6293 ms
[14:41:11 INF] HTTP GET /lib/jquery-validation/dist/jquery.validate.min.js responded 304 in 0.2955 ms
[14:41:11 INF] HTTP GET /js/products-catalog-filter.js responded 304 in 0.4719 ms
[14:41:18 INF] HTTP GET /Inventory/Products responded 200 in 44.4382 ms
[14:41:18 INF] HTTP GET /lib/bootstrap/dist/css/bootstrap.min.css responded 304 in 0.3708 ms
[14:41:18 INF] HTTP GET /css/site.css responded 304 in 3.3515 ms
[14:41:18 INF] HTTP GET /Biktal.WebMVC.styles.css responded 304 in 0.5067 ms
[14:41:19 INF] HTTP GET /lib/jquery/dist/jquery.min.js responded 304 in 0.2482 ms
[14:41:19 INF] HTTP GET /lib/bootstrap/dist/js/bootstrap.bundle.min.js responded 304 in 0.4593 ms
[14:41:19 INF] HTTP GET /js/site.js responded 304 in 0.4033 ms
[14:41:19 INF] HTTP GET /lib/jquery-validation/dist/jquery.validate.min.js responded 304 in 0.3576 ms
[14:41:19 INF] HTTP GET /lib/jquery-validation-unobtrusive/dist/jquery.validate.unobtrusive.min.js responded 304 in 0.5323 ms
[14:41:19 INF] HTTP GET /js/products-catalog-filter.js responded 304 in 0.5104 ms
[14:41:31 INF] HTTP POST /Inventory/EditProduct responded 302 in 9.9740 ms
[14:41:31 INF] HTTP GET /Inventory/Products responded 200 in 42.8770 ms
[14:41:31 INF] HTTP GET /lib/bootstrap/dist/css/bootstrap.min.css responded 304 in 1.0450 ms
[14:41:31 INF] HTTP GET /css/site.css responded 304 in 0.4770 ms
[14:41:31 INF] HTTP GET /Biktal.WebMVC.styles.css responded 304 in 0.8480 ms
[14:41:31 INF] HTTP GET /lib/jquery/dist/jquery.min.js responded 304 in 0.2839 ms
[14:41:31 INF] HTTP GET /lib/bootstrap/dist/js/bootstrap.bundle.min.js responded 304 in 0.3782 ms
[14:41:31 INF] HTTP GET /js/site.js responded 304 in 0.3445 ms
[14:41:31 INF] HTTP GET /js/products-catalog-filter.js responded 304 in 0.2971 ms
[14:41:31 INF] HTTP GET /lib/jquery-validation-unobtrusive/dist/jquery.validate.unobtrusive.min.js responded 304 in 0.3120 ms
[14:41:31 INF] HTTP GET /lib/jquery-validation/dist/jquery.validate.min.js responded 304 in 0.3072 ms
[14:41:41 INF] HTTP GET /Inventory/Products responded 200 in 48.4042 ms
[14:41:41 INF] HTTP GET /lib/bootstrap/dist/css/bootstrap.min.css responded 304 in 0.4730 ms
[14:41:41 INF] HTTP GET /css/site.css responded 304 in 0.5295 ms
[14:41:41 INF] HTTP GET /Biktal.WebMVC.styles.css responded 304 in 0.2918 ms
[14:41:41 INF] HTTP GET /lib/jquery/dist/jquery.min.js responded 304 in 0.2483 ms
[14:41:41 INF] HTTP GET /js/site.js responded 304 in 0.3093 ms
[14:41:41 INF] HTTP GET /lib/bootstrap/dist/js/bootstrap.bundle.min.js responded 304 in 0.3429 ms
[14:41:41 INF] HTTP GET /lib/jquery-validation/dist/jquery.validate.min.js responded 304 in 0.5155 ms
[14:41:41 INF] HTTP GET /lib/jquery-validation-unobtrusive/dist/jquery.validate.unobtrusive.min.js responded 304 in 0.4799 ms
[14:41:41 INF] HTTP GET /js/products-catalog-filter.js responded 304 in 0.4286 ms
[14:41:49 INF] HTTP POST /Inventory/EditProduct responded 302 in 9.9969 ms
[14:41:49 INF] HTTP GET /Inventory/Products responded 200 in 47.4126 ms
[14:41:49 INF] HTTP GET /lib/bootstrap/dist/css/bootstrap.min.css responded 304 in 0.8982 ms
[14:41:49 INF] HTTP GET /css/site.css responded 304 in 0.3040 ms
[14:41:49 INF] HTTP GET /Biktal.WebMVC.styles.css responded 304 in 0.4311 ms
[14:41:50 INF] HTTP GET /lib/jquery/dist/jquery.min.js responded 304 in 0.2625 ms
[14:41:50 INF] HTTP GET /js/site.js responded 304 in 0.3008 ms
[14:41:50 INF] HTTP GET /lib/bootstrap/dist/js/bootstrap.bundle.min.js responded 304 in 0.3238 ms
[14:41:50 INF] HTTP GET /lib/jquery-validation/dist/jquery.validate.min.js responded 304 in 0.4264 ms
[14:41:50 INF] HTTP GET /lib/jquery-validation-unobtrusive/dist/jquery.validate.unobtrusive.min.js responded 304 in 0.4705 ms
[14:41:50 INF] HTTP GET /js/products-catalog-filter.js responded 304 in 0.9105 ms
[14:42:01 INF] HTTP GET /Inventory/Products responded 200 in 43.2806 ms
[14:42:01 INF] HTTP GET /lib/bootstrap/dist/css/bootstrap.min.css responded 200 in 1.0601 ms
[14:42:01 INF] HTTP GET /css/site.css responded 304 in 0.3569 ms
[14:42:01 INF] HTTP GET /Biktal.WebMVC.styles.css responded 304 in 0.4169 ms
[14:42:02 INF] HTTP GET /lib/jquery/dist/jquery.min.js responded 304 in 0.2909 ms
[14:42:02 INF] HTTP GET /lib/bootstrap/dist/js/bootstrap.bundle.min.js responded 304 in 0.4534 ms
[14:42:02 INF] HTTP GET /js/site.js responded 304 in 0.5540 ms
[14:42:02 INF] HTTP GET /lib/jquery-validation/dist/jquery.validate.min.js responded 304 in 0.4746 ms
[14:42:02 INF] HTTP GET /lib/jquery-validation-unobtrusive/dist/jquery.validate.unobtrusive.min.js responded 304 in 0.9567 ms
[14:42:02 INF] HTTP GET /js/products-catalog-filter.js responded 304 in 0.7887 ms
[14:42:10 INF] HTTP GET /Inventory/Products responded 200 in 59.2996 ms
[14:42:10 INF] HTTP GET /lib/bootstrap/dist/css/bootstrap.min.css responded 200 in 1.4623 ms
[14:42:10 INF] HTTP GET /css/site.css responded 304 in 0.4630 ms
[14:42:10 INF] HTTP GET /Biktal.WebMVC.styles.css responded 304 in 0.4019 ms
[14:42:11 INF] HTTP GET /lib/jquery/dist/jquery.min.js responded 304 in 0.3626 ms
[14:42:11 INF] HTTP GET /lib/bootstrap/dist/js/bootstrap.bundle.min.js responded 304 in 0.6202 ms
[14:42:11 INF] HTTP GET /lib/jquery-validation-unobtrusive/dist/jquery.validate.unobtrusive.min.js responded 304 in 0.3605 ms
[14:42:11 INF] HTTP GET /js/site.js responded 304 in 0.6165 ms
[14:42:11 INF] HTTP GET /js/products-catalog-filter.js responded 304 in 0.3783 ms
[14:42:11 INF] HTTP GET /lib/jquery-validation/dist/jquery.validate.min.js responded 304 in 0.2732 ms
[14:42:19 INF] HTTP GET /Inventory/Products responded 200 in 42.5516 ms
[14:42:19 INF] HTTP GET /lib/bootstrap/dist/css/bootstrap.min.css responded 304 in 0.4893 ms
[14:42:19 INF] HTTP GET /css/site.css responded 304 in 0.3239 ms
[14:42:19 INF] HTTP GET /Biktal.WebMVC.styles.css responded 304 in 0.2868 ms
[14:42:20 INF] HTTP GET /lib/jquery/dist/jquery.min.js responded 304 in 1.4156 ms
[14:42:20 INF] HTTP GET /lib/bootstrap/dist/js/bootstrap.bundle.min.js responded 304 in 0.4527 ms
[14:42:20 INF] HTTP GET /js/site.js responded 304 in 0.3275 ms
[14:42:20 INF] HTTP GET /lib/jquery-validation/dist/jquery.validate.min.js responded 304 in 0.6155 ms
[14:42:20 INF] HTTP GET /js/products-catalog-filter.js responded 304 in 0.4030 ms
[14:42:20 INF] HTTP GET /lib/jquery-validation-unobtrusive/dist/jquery.validate.unobtrusive.min.js responded 304 in 0.5615 ms
[14:44:50 INF] HTTP POST /Inventory/EditProduct responded 302 in 10.0609 ms
[14:44:50 INF] HTTP GET /Inventory/Products responded 200 in 60.4769 ms
[14:44:50 INF] HTTP GET /css/site.css responded 200 in 0.8831 ms
[14:44:50 INF] HTTP GET /lib/bootstrap/dist/css/bootstrap.min.css responded 200 in 1.0371 ms
[14:44:50 INF] HTTP GET /Biktal.WebMVC.styles.css responded 200 in 1.3233 ms
[14:44:51 INF] HTTP GET /lib/jquery/dist/jquery.min.js responded 200 in 0.7581 ms
[14:44:51 INF] HTTP GET /js/site.js responded 200 in 0.8848 ms
[14:44:51 INF] HTTP GET /lib/bootstrap/dist/js/bootstrap.bundle.min.js responded 200 in 1.5193 ms
[14:44:51 INF] HTTP GET /lib/jquery-validation/dist/jquery.validate.min.js responded 200 in 0.7806 ms
[14:44:51 INF] HTTP GET /lib/jquery-validation-unobtrusive/dist/jquery.validate.unobtrusive.min.js responded 200 in 0.6137 ms
[14:44:51 INF] HTTP GET /js/products-catalog-filter.js responded 200 in 1.9776 ms
[14:45:07 INF] HTTP GET /Inventory/Products responded 200 in 44.5298 ms
[14:45:07 INF] HTTP GET /lib/bootstrap/dist/css/bootstrap.min.css responded 200 in 0.9234 ms
[14:45:07 INF] HTTP GET /css/site.css responded 200 in 1.5620 ms
[14:45:07 INF] HTTP GET /Biktal.WebMVC.styles.css responded 200 in 1.9495 ms
[14:45:08 INF] HTTP GET /lib/jquery/dist/jquery.min.js responded 304 in 0.2501 ms
[14:45:08 INF] HTTP GET /lib/bootstrap/dist/js/bootstrap.bundle.min.js responded 304 in 0.5083 ms
[14:45:08 INF] HTTP GET /js/site.js responded 304 in 0.4761 ms
[14:45:08 INF] HTTP GET /lib/jquery-validation/dist/jquery.validate.min.js responded 304 in 2.0001 ms
[14:45:08 INF] HTTP GET /lib/jquery-validation-unobtrusive/dist/jquery.validate.unobtrusive.min.js responded 304 in 1.2652 ms
[14:45:08 INF] HTTP GET /js/products-catalog-filter.js responded 304 in 0.8310 ms
[14:47:00 INF] HTTP POST /Inventory/EditProduct responded 302 in 88.5823 ms
[14:47:00 INF] HTTP GET /Inventory/Products responded 200 in 56.3317 ms
[14:47:00 INF] HTTP GET /lib/bootstrap/dist/css/bootstrap.min.css responded 200 in 1.3118 ms
[14:47:00 INF] HTTP GET /Biktal.WebMVC.styles.css responded 200 in 0.8993 ms
[14:47:00 INF] HTTP GET /css/site.css responded 200 in 1.7209 ms
[14:47:01 INF] HTTP GET /lib/jquery/dist/jquery.min.js responded 200 in 0.7571 ms
[14:47:01 INF] HTTP GET /lib/bootstrap/dist/js/bootstrap.bundle.min.js responded 200 in 1.7274 ms
[14:47:01 INF] HTTP GET /lib/jquery-validation-unobtrusive/dist/jquery.validate.unobtrusive.min.js responded 200 in 1.1881 ms
[14:47:01 INF] HTTP GET /lib/jquery-validation/dist/jquery.validate.min.js responded 200 in 2.3954 ms
[14:47:01 INF] HTTP GET /js/products-catalog-filter.js responded 200 in 0.6848 ms
[14:47:01 INF] HTTP GET /js/site.js responded 200 in 1.0596 ms
[14:49:07 INF] HTTP POST /Inventory/AddProduct responded 302 in 21.9621 ms
[14:49:07 INF] HTTP GET /Inventory/Products responded 200 in 56.2398 ms
[14:49:07 INF] HTTP GET /lib/bootstrap/dist/css/bootstrap.min.css responded 200 in 1.3827 ms
[14:49:07 INF] HTTP GET /Biktal.WebMVC.styles.css responded 200 in 3.2890 ms
[14:49:07 INF] HTTP GET /css/site.css responded 200 in 8.8556 ms
[14:49:08 INF] HTTP GET /lib/jquery/dist/jquery.min.js responded 200 in 0.6231 ms
[14:49:08 INF] HTTP GET /js/site.js responded 200 in 0.6998 ms
[14:49:08 INF] HTTP GET /lib/bootstrap/dist/js/bootstrap.bundle.min.js responded 200 in 1.4039 ms
[14:49:08 INF] HTTP GET /js/products-catalog-filter.js responded 200 in 0.8259 ms
[14:49:08 INF] HTTP GET /lib/jquery-validation-unobtrusive/dist/jquery.validate.unobtrusive.min.js responded 200 in 1.5677 ms
[14:49:08 INF] HTTP GET /lib/jquery-validation/dist/jquery.validate.min.js responded 200 in 3.2299 ms
[14:49:23 INF] HTTP GET /Inventory/Products responded 200 in 49.6241 ms
[14:49:23 INF] HTTP GET /Biktal.WebMVC.styles.css responded 200 in 1.8402 ms
[14:49:23 INF] HTTP GET /lib/bootstrap/dist/css/bootstrap.min.css responded 200 in 4.2229 ms
[14:49:23 INF] HTTP GET /css/site.css responded 200 in 3.1912 ms
[14:49:24 INF] HTTP GET /lib/jquery/dist/jquery.min.js responded 304 in 0.2669 ms
[14:49:24 INF] HTTP GET /lib/bootstrap/dist/js/bootstrap.bundle.min.js responded 304 in 0.6103 ms
[14:49:24 INF] HTTP GET /js/site.js responded 304 in 0.7638 ms
[14:49:24 INF] HTTP GET /lib/jquery-validation/dist/jquery.validate.min.js responded 304 in 0.5168 ms
[14:49:24 INF] HTTP GET /lib/jquery-validation-unobtrusive/dist/jquery.validate.unobtrusive.min.js responded 304 in 0.3630 ms
[14:49:24 INF] HTTP GET /js/products-catalog-filter.js responded 304 in 0.3630 ms
[14:49:32 INF] HTTP POST /Inventory/EditProduct responded 302 in 10.3913 ms
[14:49:32 INF] HTTP GET /Inventory/Products responded 200 in 48.1575 ms
[14:49:32 INF] HTTP GET /lib/bootstrap/dist/css/bootstrap.min.css responded 200 in 2.7043 ms
[14:49:32 INF] HTTP GET /css/site.css responded 200 in 0.7445 ms
[14:49:32 INF] HTTP GET /Biktal.WebMVC.styles.css responded 200 in 0.9368 ms
[14:49:33 INF] HTTP GET /lib/jquery/dist/jquery.min.js responded 304 in 0.3631 ms
[14:49:33 INF] HTTP GET /lib/bootstrap/dist/js/bootstrap.bundle.min.js responded 304 in 0.9182 ms
[14:49:33 INF] HTTP GET /js/site.js responded 304 in 0.4915 ms
[14:49:33 INF] HTTP GET /lib/jquery-validation/dist/jquery.validate.min.js responded 304 in 1.6349 ms
[14:49:33 INF] HTTP GET /lib/jquery-validation-unobtrusive/dist/jquery.validate.unobtrusive.min.js responded 304 in 0.5805 ms
[14:49:33 INF] HTTP GET /js/products-catalog-filter.js responded 304 in 2.6832 ms
[14:59:37 INF] HTTP POST /Inventory/AddProduct responded 302 in 186.3773 ms
[14:59:37 INF] HTTP GET /Inventory/Products responded 200 in 59.0768 ms
[14:59:37 INF] HTTP GET /lib/bootstrap/dist/css/bootstrap.min.css responded 200 in 2.2717 ms
[14:59:37 INF] HTTP GET /Biktal.WebMVC.styles.css responded 200 in 0.7923 ms
[14:59:37 INF] HTTP GET /css/site.css responded 200 in 2.4486 ms
[14:59:38 INF] HTTP GET /lib/jquery/dist/jquery.min.js responded 200 in 1.3688 ms
[14:59:38 INF] HTTP GET /lib/jquery-validation/dist/jquery.validate.min.js responded 200 in 0.8047 ms
[14:59:38 INF] HTTP GET /js/site.js responded 200 in 0.6244 ms
[14:59:38 INF] HTTP GET /lib/bootstrap/dist/js/bootstrap.bundle.min.js responded 200 in 0.9794 ms
[14:59:38 INF] HTTP GET /lib/jquery-validation-unobtrusive/dist/jquery.validate.unobtrusive.min.js responded 200 in 0.7254 ms
[14:59:38 INF] HTTP GET /js/products-catalog-filter.js responded 200 in 1.4696 ms
[15:01:24 INF] HTTP GET /Inventory/Products responded 200 in 52.4569 ms
[15:01:24 INF] HTTP GET /css/site.css responded 200 in 1.1798 ms
[15:01:24 INF] HTTP GET /lib/bootstrap/dist/css/bootstrap.min.css responded 200 in 1.2320 ms
[15:01:24 INF] HTTP GET /Biktal.WebMVC.styles.css responded 200 in 2.5706 ms
[15:01:25 INF] HTTP GET /lib/jquery/dist/jquery.min.js responded 200 in 0.6051 ms
[15:01:25 INF] HTTP GET /js/site.js responded 200 in 0.8529 ms
[15:01:25 INF] HTTP GET /lib/jquery-validation/dist/jquery.validate.min.js responded 200 in 3.3046 ms
[15:01:25 INF] HTTP GET /lib/bootstrap/dist/js/bootstrap.bundle.min.js responded 200 in 2.4218 ms
[15:01:25 INF] HTTP GET /lib/jquery-validation-unobtrusive/dist/jquery.validate.unobtrusive.min.js responded 200 in 1.2060 ms
[15:01:25 INF] HTTP GET /js/products-catalog-filter.js responded 200 in 6.7102 ms
[15:01:44 INF] HTTP POST /Inventory/EditProduct responded 302 in 10.3498 ms
[15:01:44 INF] HTTP GET /Inventory/Products responded 200 in 41.7865 ms
[15:01:44 INF] HTTP GET /Biktal.WebMVC.styles.css responded 200 in 1.6797 ms
[15:01:44 INF] HTTP GET /css/site.css responded 200 in 0.9752 ms
[15:01:44 INF] HTTP GET /lib/bootstrap/dist/css/bootstrap.min.css responded 200 in 1.9340 ms
[15:01:45 INF] HTTP GET /lib/jquery/dist/jquery.min.js responded 200 in 1.0183 ms
[15:01:45 INF] HTTP GET /js/site.js responded 200 in 0.9344 ms
[15:01:45 INF] HTTP GET /lib/bootstrap/dist/js/bootstrap.bundle.min.js responded 200 in 1.5110 ms
[15:01:45 INF] HTTP GET /lib/jquery-validation/dist/jquery.validate.min.js responded 200 in 0.8164 ms
[15:01:45 INF] HTTP GET /js/products-catalog-filter.js responded 200 in 1.3257 ms
[15:01:45 INF] HTTP GET /lib/jquery-validation-unobtrusive/dist/jquery.validate.unobtrusive.min.js responded 200 in 1.3558 ms
[15:03:01 INF] HTTP GET /Inventory/Products responded 200 in 46.7975 ms
[15:03:01 INF] HTTP GET /lib/bootstrap/dist/css/bootstrap.min.css responded 200 in 3.4521 ms
[15:03:01 INF] HTTP GET /css/site.css responded 200 in 0.9410 ms
[15:03:01 INF] HTTP GET /Biktal.WebMVC.styles.css responded 200 in 1.0675 ms
[15:03:01 INF] HTTP GET /lib/jquery/dist/jquery.min.js responded 304 in 0.3029 ms
[15:03:01 INF] HTTP GET /lib/bootstrap/dist/js/bootstrap.bundle.min.js responded 304 in 0.6839 ms
[15:03:01 INF] HTTP GET /js/site.js responded 304 in 0.5216 ms
[15:03:01 INF] HTTP GET /lib/jquery-validation-unobtrusive/dist/jquery.validate.unobtrusive.min.js responded 304 in 1.5892 ms
[15:03:01 INF] HTTP GET /lib/jquery-validation/dist/jquery.validate.min.js responded 304 in 0.4439 ms
[15:03:01 INF] HTTP GET /js/products-catalog-filter.js responded 304 in 1.3467 ms
[15:03:09 INF] HTTP POST /Inventory/EditProduct responded 302 in 16.9894 ms
[15:03:09 INF] HTTP GET /Inventory/Products responded 200 in 51.1050 ms
[15:03:09 INF] HTTP GET /Biktal.WebMVC.styles.css responded 200 in 0.8533 ms
[15:03:09 INF] HTTP GET /lib/bootstrap/dist/css/bootstrap.min.css responded 200 in 0.7902 ms
[15:03:09 INF] HTTP GET /css/site.css responded 200 in 1.0612 ms
[15:03:10 INF] HTTP GET /lib/jquery/dist/jquery.min.js responded 304 in 0.3340 ms
[15:03:10 INF] HTTP GET /lib/bootstrap/dist/js/bootstrap.bundle.min.js responded 304 in 0.6315 ms
[15:03:10 INF] HTTP GET /js/site.js responded 304 in 0.4682 ms
[15:03:10 INF] HTTP GET /lib/jquery-validation/dist/jquery.validate.min.js responded 304 in 0.2649 ms
[15:03:10 INF] HTTP GET /lib/jquery-validation-unobtrusive/dist/jquery.validate.unobtrusive.min.js responded 304 in 0.3553 ms
[15:03:10 INF] HTTP GET /js/products-catalog-filter.js responded 304 in 0.5805 ms
[15:03:29 INF] HTTP GET /Inventory/Products responded 200 in 46.4011 ms
[15:03:29 INF] HTTP GET /lib/bootstrap/dist/css/bootstrap.min.css responded 200 in 0.9917 ms
[15:03:29 INF] HTTP GET /css/site.css responded 200 in 1.1738 ms
[15:03:29 INF] HTTP GET /Biktal.WebMVC.styles.css responded 200 in 1.0513 ms
[15:03:30 INF] HTTP GET /lib/jquery/dist/jquery.min.js responded 304 in 0.2472 ms
[15:03:30 INF] HTTP GET /lib/bootstrap/dist/js/bootstrap.bundle.min.js responded 304 in 0.4032 ms
[15:03:30 INF] HTTP GET /lib/jquery-validation/dist/jquery.validate.min.js responded 304 in 0.7792 ms
[15:03:30 INF] HTTP GET /js/site.js responded 304 in 1.3804 ms
[15:03:30 INF] HTTP GET /lib/jquery-validation-unobtrusive/dist/jquery.validate.unobtrusive.min.js responded 304 in 0.3756 ms
[15:03:30 INF] HTTP GET /js/products-catalog-filter.js responded 304 in 0.6488 ms
[15:03:37 INF] HTTP POST /Inventory/EditProduct responded 302 in 24.6158 ms
[15:03:37 INF] HTTP GET /Inventory/Products responded 200 in 46.5092 ms
[15:03:37 INF] HTTP GET /css/site.css responded 200 in 0.8179 ms
[15:03:37 INF] HTTP GET /lib/bootstrap/dist/css/bootstrap.min.css responded 200 in 0.8222 ms
[15:03:37 INF] HTTP GET /Biktal.WebMVC.styles.css responded 200 in 0.9217 ms
[15:03:38 INF] HTTP GET /lib/jquery/dist/jquery.min.js responded 304 in 0.2678 ms
[15:03:38 INF] HTTP GET /lib/bootstrap/dist/js/bootstrap.bundle.min.js responded 304 in 0.3630 ms
[15:03:38 INF] HTTP GET /js/site.js responded 304 in 0.2368 ms
[15:03:38 INF] HTTP GET /lib/jquery-validation/dist/jquery.validate.min.js responded 304 in 0.3189 ms
[15:03:38 INF] HTTP GET /lib/jquery-validation-unobtrusive/dist/jquery.validate.unobtrusive.min.js responded 304 in 0.4498 ms
[15:03:38 INF] HTTP GET /js/products-catalog-filter.js responded 304 in 0.2992 ms
[15:03:49 INF] HTTP GET /Inventory/Products responded 200 in 50.7920 ms
[15:03:49 INF] HTTP GET /lib/bootstrap/dist/css/bootstrap.min.css responded 200 in 4.7046 ms
[15:03:49 INF] HTTP GET /css/site.css responded 200 in 3.7497 ms
[15:03:49 INF] HTTP GET /Biktal.WebMVC.styles.css responded 200 in 1.4990 ms
[15:03:49 INF] HTTP GET /lib/jquery/dist/jquery.min.js responded 304 in 0.2779 ms
[15:03:49 INF] HTTP GET /lib/bootstrap/dist/js/bootstrap.bundle.min.js responded 304 in 0.3678 ms
[15:03:49 INF] HTTP GET /js/site.js responded 304 in 0.4305 ms
[15:03:49 INF] HTTP GET /lib/jquery-validation/dist/jquery.validate.min.js responded 304 in 0.4766 ms
[15:03:49 INF] HTTP GET /js/products-catalog-filter.js responded 304 in 0.5708 ms
[15:03:49 INF] HTTP GET /lib/jquery-validation-unobtrusive/dist/jquery.validate.unobtrusive.min.js responded 304 in 0.6839 ms
[15:03:55 INF] HTTP POST /Inventory/EditProduct responded 302 in 11.3890 ms
[15:03:55 INF] HTTP GET /Inventory/Products responded 200 in 47.2107 ms
[15:03:55 INF] HTTP GET /lib/bootstrap/dist/css/bootstrap.min.css responded 304 in 0.7245 ms
[15:03:55 INF] HTTP GET /Biktal.WebMVC.styles.css responded 304 in 0.4309 ms
[15:03:55 INF] HTTP GET /css/site.css responded 304 in 1.6034 ms
[15:03:56 INF] HTTP GET /lib/jquery/dist/jquery.min.js responded 304 in 0.2574 ms
[15:03:56 INF] HTTP GET /lib/bootstrap/dist/js/bootstrap.bundle.min.js responded 304 in 0.9522 ms
[15:03:56 INF] HTTP GET /js/site.js responded 304 in 0.4803 ms
[15:03:56 INF] HTTP GET /lib/jquery-validation/dist/jquery.validate.min.js responded 304 in 0.5266 ms
[15:03:56 INF] HTTP GET /lib/jquery-validation-unobtrusive/dist/jquery.validate.unobtrusive.min.js responded 304 in 0.8066 ms
[15:03:56 INF] HTTP GET /js/products-catalog-filter.js responded 304 in 0.7578 ms
[15:05:43 INF] HTTP GET /Inventory/Products responded 200 in 250.9827 ms
[15:05:44 INF] HTTP GET /lib/bootstrap/dist/css/bootstrap.min.css responded 200 in 3.2200 ms
[15:05:44 INF] HTTP GET /Biktal.WebMVC.styles.css responded 200 in 3.5926 ms
[15:05:44 INF] HTTP GET /css/site.css responded 200 in 1.0290 ms
[15:05:45 INF] HTTP GET /lib/jquery/dist/jquery.min.js responded 200 in 1.4534 ms
[15:05:45 INF] HTTP GET /lib/bootstrap/dist/js/bootstrap.bundle.min.js responded 200 in 1.2516 ms
[15:05:45 INF] HTTP GET /js/site.js responded 200 in 2.4940 ms
[15:05:45 INF] HTTP GET /lib/jquery-validation/dist/jquery.validate.min.js responded 200 in 1.0454 ms
[15:05:45 INF] HTTP GET /js/products-catalog-filter.js responded 200 in 1.1851 ms
[15:05:45 INF] HTTP GET /lib/jquery-validation-unobtrusive/dist/jquery.validate.unobtrusive.min.js responded 200 in 3.9848 ms
[15:05:51 INF] HTTP POST /Inventory/EditProduct responded 302 in 14.6745 ms
[15:05:51 INF] HTTP GET /Inventory/Products responded 200 in 40.0109 ms
[15:05:51 INF] HTTP GET /Biktal.WebMVC.styles.css responded 200 in 0.5898 ms
[15:05:51 INF] HTTP GET /lib/bootstrap/dist/css/bootstrap.min.css responded 200 in 0.9988 ms
[15:05:51 INF] HTTP GET /css/site.css responded 200 in 0.7189 ms
[15:05:52 INF] HTTP GET /lib/jquery/dist/jquery.min.js responded 304 in 0.2726 ms
[15:05:52 INF] HTTP GET /js/site.js responded 304 in 0.3156 ms
[15:05:52 INF] HTTP GET /lib/bootstrap/dist/js/bootstrap.bundle.min.js responded 304 in 1.4031 ms
[15:05:52 INF] HTTP GET /lib/jquery-validation/dist/jquery.validate.min.js responded 304 in 0.3498 ms
[15:05:52 INF] HTTP GET /lib/jquery-validation-unobtrusive/dist/jquery.validate.unobtrusive.min.js responded 304 in 0.9038 ms
[15:05:52 INF] HTTP GET /js/products-catalog-filter.js responded 304 in 0.8125 ms
[15:08:14 INF] HTTP GET /Inventory/Products responded 200 in 63.9416 ms
[15:08:14 INF] HTTP GET /lib/bootstrap/dist/css/bootstrap.min.css responded 200 in 4.8961 ms
[15:08:14 INF] HTTP GET /css/site.css responded 200 in 3.7905 ms
[15:08:14 INF] HTTP GET /Biktal.WebMVC.styles.css responded 200 in 1.7551 ms
[15:08:15 INF] HTTP GET /lib/jquery/dist/jquery.min.js responded 200 in 0.6412 ms
[15:08:15 INF] HTTP GET /js/site.js responded 200 in 0.6893 ms
[15:08:15 INF] HTTP GET /lib/bootstrap/dist/js/bootstrap.bundle.min.js responded 200 in 1.1755 ms
[15:08:15 INF] HTTP GET /lib/jquery-validation/dist/jquery.validate.min.js responded 200 in 0.8050 ms
[15:08:15 INF] HTTP GET /lib/jquery-validation-unobtrusive/dist/jquery.validate.unobtrusive.min.js responded 200 in 0.8222 ms
[15:08:15 INF] HTTP GET /js/products-catalog-filter.js responded 200 in 1.6450 ms
[15:08:22 INF] HTTP POST /Inventory/EditProduct responded 302 in 12.1326 ms
[15:08:22 INF] HTTP GET /Inventory/Products responded 200 in 43.6634 ms
[15:08:22 INF] HTTP GET /lib/bootstrap/dist/css/bootstrap.min.css responded 200 in 2.9226 ms
[15:08:22 INF] HTTP GET /Biktal.WebMVC.styles.css responded 200 in 0.7136 ms
[15:08:22 INF] HTTP GET /css/site.css responded 200 in 1.3342 ms
[15:08:23 INF] HTTP GET /lib/jquery/dist/jquery.min.js responded 200 in 0.6203 ms
[15:08:23 INF] HTTP GET /lib/bootstrap/dist/js/bootstrap.bundle.min.js responded 200 in 1.4973 ms
[15:08:23 INF] HTTP GET /js/site.js responded 200 in 0.8831 ms
[15:08:23 INF] HTTP GET /lib/jquery-validation/dist/jquery.validate.min.js responded 200 in 1.0737 ms
[15:08:23 INF] HTTP GET /lib/jquery-validation-unobtrusive/dist/jquery.validate.unobtrusive.min.js responded 200 in 4.5836 ms
[15:08:23 INF] HTTP GET /js/products-catalog-filter.js responded 200 in 2.3265 ms
[15:08:33 INF] HTTP GET /Inventory/Products responded 200 in 59.8878 ms
[15:08:33 INF] HTTP GET /lib/bootstrap/dist/css/bootstrap.min.css responded 304 in 0.5756 ms
[15:08:33 INF] HTTP GET /Biktal.WebMVC.styles.css responded 304 in 0.4899 ms
[15:08:33 INF] HTTP GET /css/site.css responded 304 in 5.8484 ms
[15:08:34 INF] HTTP GET /lib/jquery/dist/jquery.min.js responded 304 in 0.2517 ms
[15:08:34 INF] HTTP GET /lib/bootstrap/dist/js/bootstrap.bundle.min.js responded 304 in 0.5980 ms
[15:08:34 INF] HTTP GET /js/site.js responded 304 in 0.3888 ms
[15:08:34 INF] HTTP GET /lib/jquery-validation/dist/jquery.validate.min.js responded 304 in 0.8418 ms
[15:08:34 INF] HTTP GET /js/products-catalog-filter.js responded 304 in 0.3347 ms
[15:08:34 INF] HTTP GET /lib/jquery-validation-unobtrusive/dist/jquery.validate.unobtrusive.min.js responded 304 in 0.3593 ms
[15:08:42 INF] HTTP POST /Inventory/EditProduct responded 302 in 14.5768 ms
[15:08:42 INF] HTTP GET /Inventory/Products responded 200 in 49.5642 ms
[15:08:42 INF] HTTP GET /Biktal.WebMVC.styles.css responded 304 in 0.8344 ms
[15:08:42 INF] HTTP GET /css/site.css responded 304 in 0.2503 ms
[15:08:42 INF] HTTP GET /lib/bootstrap/dist/css/bootstrap.min.css responded 200 in 0.8563 ms
[15:08:42 INF] HTTP GET /lib/jquery/dist/jquery.min.js responded 304 in 0.3146 ms
[15:08:42 INF] HTTP GET /lib/bootstrap/dist/js/bootstrap.bundle.min.js responded 304 in 0.6159 ms
[15:08:42 INF] HTTP GET /lib/jquery-validation/dist/jquery.validate.min.js responded 304 in 0.3214 ms
[15:08:42 INF] HTTP GET /lib/jquery-validation-unobtrusive/dist/jquery.validate.unobtrusive.min.js responded 304 in 4.5362 ms
[15:08:42 INF] HTTP GET /js/products-catalog-filter.js responded 304 in 4.7168 ms
[15:08:42 INF] HTTP GET /js/site.js responded 304 in 0.4099 ms
[15:08:51 INF] HTTP GET /Inventory/Products responded 200 in 49.4990 ms
[15:08:51 INF] HTTP GET /lib/bootstrap/dist/css/bootstrap.min.css responded 304 in 0.3888 ms
[15:08:51 INF] HTTP GET /css/site.css responded 304 in 0.6147 ms
[15:08:51 INF] HTTP GET /Biktal.WebMVC.styles.css responded 304 in 0.5293 ms
[15:08:52 INF] HTTP GET /lib/jquery/dist/jquery.min.js responded 304 in 0.2527 ms
[15:08:52 INF] HTTP GET /lib/bootstrap/dist/js/bootstrap.bundle.min.js responded 304 in 1.2988 ms
[15:08:52 INF] HTTP GET /js/site.js responded 304 in 0.4296 ms
[15:08:52 INF] HTTP GET /lib/jquery-validation-unobtrusive/dist/jquery.validate.unobtrusive.min.js responded 304 in 0.6903 ms
[15:08:52 INF] HTTP GET /lib/jquery-validation/dist/jquery.validate.min.js responded 304 in 1.3079 ms
[15:08:52 INF] HTTP GET /js/products-catalog-filter.js responded 304 in 0.9751 ms
[15:09:17 INF] HTTP POST /Inventory/EditProduct responded 302 in 8.3597 ms
[15:09:17 INF] HTTP GET /Inventory/Products responded 200 in 42.5232 ms
[15:09:17 INF] HTTP GET /css/site.css responded 304 in 0.4569 ms
[15:09:17 INF] HTTP GET /Biktal.WebMVC.styles.css responded 304 in 1.6905 ms
[15:09:17 INF] HTTP GET /lib/bootstrap/dist/css/bootstrap.min.css responded 200 in 3.5559 ms
[15:09:18 INF] HTTP GET /lib/jquery/dist/jquery.min.js responded 304 in 0.2679 ms
[15:09:18 INF] HTTP GET /lib/bootstrap/dist/js/bootstrap.bundle.min.js responded 304 in 1.4565 ms
[15:09:18 INF] HTTP GET /js/site.js responded 304 in 0.4495 ms
[15:09:18 INF] HTTP GET /lib/jquery-validation-unobtrusive/dist/jquery.validate.unobtrusive.min.js responded 304 in 0.8043 ms
[15:09:18 INF] HTTP GET /lib/jquery-validation/dist/jquery.validate.min.js responded 304 in 0.6216 ms
[15:09:18 INF] HTTP GET /js/products-catalog-filter.js responded 304 in 0.6895 ms
[15:09:35 INF] HTTP GET /Inventory/Products responded 200 in 50.2209 ms
[15:09:35 INF] HTTP GET /lib/bootstrap/dist/css/bootstrap.min.css responded 200 in 1.6645 ms
[15:09:35 INF] HTTP GET /css/site.css responded 304 in 1.2516 ms
[15:09:35 INF] HTTP GET /Biktal.WebMVC.styles.css responded 304 in 0.6477 ms
[15:09:36 INF] HTTP GET /lib/jquery/dist/jquery.min.js responded 304 in 0.2888 ms
[15:09:36 INF] HTTP GET /lib/bootstrap/dist/js/bootstrap.bundle.min.js responded 304 in 0.5030 ms
[15:09:36 INF] HTTP GET /js/site.js responded 304 in 1.1476 ms
[15:09:36 INF] HTTP GET /lib/jquery-validation/dist/jquery.validate.min.js responded 304 in 0.4041 ms
[15:09:36 INF] HTTP GET /lib/jquery-validation-unobtrusive/dist/jquery.validate.unobtrusive.min.js responded 304 in 0.5465 ms
[15:09:36 INF] HTTP GET /js/products-catalog-filter.js responded 304 in 0.3878 ms
[15:09:41 INF] HTTP POST /Inventory/EditProduct responded 302 in 15.6467 ms
[15:09:41 INF] HTTP GET /Inventory/Products responded 200 in 65.8501 ms
[15:09:41 INF] HTTP GET /lib/bootstrap/dist/css/bootstrap.min.css responded 304 in 0.4053 ms
[15:09:41 INF] HTTP GET /Biktal.WebMVC.styles.css responded 304 in 0.5358 ms
[15:09:41 INF] HTTP GET /css/site.css responded 304 in 0.4456 ms
[15:09:42 INF] HTTP GET /lib/jquery/dist/jquery.min.js responded 304 in 0.3285 ms
[15:09:42 INF] HTTP GET /lib/bootstrap/dist/js/bootstrap.bundle.min.js responded 304 in 0.3582 ms
[15:09:42 INF] HTTP GET /js/site.js responded 304 in 0.6853 ms
[15:09:42 INF] HTTP GET /lib/jquery-validation/dist/jquery.validate.min.js responded 304 in 0.9627 ms
[15:09:42 INF] HTTP GET /lib/jquery-validation-unobtrusive/dist/jquery.validate.unobtrusive.min.js responded 304 in 0.4733 ms
[15:09:42 INF] HTTP GET /js/products-catalog-filter.js responded 304 in 0.4843 ms
[15:11:34 INF] HTTP POST /Inventory/AddProduct responded 302 in 118.4856 ms
[15:11:34 INF] HTTP GET /Inventory/Products responded 200 in 62.6581 ms
[15:11:34 INF] HTTP GET /lib/bootstrap/dist/css/bootstrap.min.css responded 200 in 1.1867 ms
[15:11:34 INF] HTTP GET /Biktal.WebMVC.styles.css responded 200 in 1.1771 ms
[15:11:34 INF] HTTP GET /css/site.css responded 200 in 1.6860 ms
[15:11:35 INF] HTTP GET /lib/jquery/dist/jquery.min.js responded 200 in 0.6498 ms
[15:11:35 INF] HTTP GET /lib/bootstrap/dist/js/bootstrap.bundle.min.js responded 200 in 1.0660 ms
[15:11:35 INF] HTTP GET /js/site.js responded 200 in 1.2425 ms
[15:11:35 INF] HTTP GET /lib/jquery-validation/dist/jquery.validate.min.js responded 200 in 4.9631 ms
[15:11:35 INF] HTTP GET /lib/jquery-validation-unobtrusive/dist/jquery.validate.unobtrusive.min.js responded 200 in 0.7750 ms
[15:11:35 INF] HTTP GET /js/products-catalog-filter.js responded 200 in 5.2888 ms
[15:14:10 INF] HTTP GET /Inventory/Products responded 200 in 48.2941 ms
[15:14:10 INF] HTTP GET /Biktal.WebMVC.styles.css responded 200 in 1.1372 ms
[15:14:10 INF] HTTP GET /lib/bootstrap/dist/css/bootstrap.min.css responded 200 in 29.9795 ms
[15:14:10 INF] HTTP GET /css/site.css responded 200 in 0.9128 ms
[15:14:12 INF] HTTP GET /lib/jquery/dist/jquery.min.js responded 200 in 0.6542 ms
[15:14:12 INF] HTTP GET /lib/bootstrap/dist/js/bootstrap.bundle.min.js responded 200 in 1.4227 ms
[15:14:12 INF] HTTP GET /js/site.js responded 200 in 0.7543 ms
[15:14:12 INF] HTTP GET /lib/jquery-validation/dist/jquery.validate.min.js responded 200 in 3.0309 ms
[15:14:12 INF] HTTP GET /lib/jquery-validation-unobtrusive/dist/jquery.validate.unobtrusive.min.js responded 200 in 0.9684 ms
[15:14:12 INF] HTTP GET /js/products-catalog-filter.js responded 200 in 1.7207 ms
[15:14:19 INF] HTTP POST /Inventory/EditProduct responded 302 in 11.6340 ms
[15:14:19 INF] HTTP GET /Inventory/Products responded 200 in 32.9468 ms
[15:14:19 INF] HTTP GET /lib/bootstrap/dist/css/bootstrap.min.css responded 200 in 1.9172 ms
[15:14:19 INF] HTTP GET /Biktal.WebMVC.styles.css responded 200 in 1.3257 ms
[15:14:19 INF] HTTP GET /css/site.css responded 200 in 1.2841 ms
[15:14:20 INF] HTTP GET /lib/jquery/dist/jquery.min.js responded 200 in 0.7596 ms
[15:14:20 INF] HTTP GET /lib/bootstrap/dist/js/bootstrap.bundle.min.js responded 200 in 1.2670 ms
[15:14:20 INF] HTTP GET /js/site.js responded 200 in 0.9049 ms
[15:14:20 INF] HTTP GET /lib/jquery-validation-unobtrusive/dist/jquery.validate.unobtrusive.min.js responded 200 in 0.6349 ms
[15:14:20 INF] HTTP GET /lib/jquery-validation/dist/jquery.validate.min.js responded 200 in 0.5738 ms
[15:14:20 INF] HTTP GET /js/products-catalog-filter.js responded 200 in 1.1119 ms
[15:16:06 INF] HTTP GET /Inventory/Products responded 200 in 45.0731 ms
[15:16:06 INF] HTTP GET /lib/bootstrap/dist/css/bootstrap.min.css responded 200 in 1.2040 ms
[15:16:06 INF] HTTP GET /css/site.css responded 200 in 2.1476 ms
[15:16:06 INF] HTTP GET /Biktal.WebMVC.styles.css responded 200 in 1.5965 ms
[15:16:07 INF] HTTP GET /lib/jquery/dist/jquery.min.js responded 304 in 0.2702 ms
[15:16:07 INF] HTTP GET /lib/bootstrap/dist/js/bootstrap.bundle.min.js responded 304 in 0.3709 ms
[15:16:07 INF] HTTP GET /js/site.js responded 304 in 0.4002 ms
[15:16:07 INF] HTTP GET /lib/jquery-validation/dist/jquery.validate.min.js responded 304 in 0.2613 ms
[15:16:07 INF] HTTP GET /lib/jquery-validation-unobtrusive/dist/jquery.validate.unobtrusive.min.js responded 304 in 0.3031 ms
[15:16:07 INF] HTTP GET /js/products-catalog-filter.js responded 304 in 0.5172 ms
[15:16:17 INF] HTTP POST /Inventory/EditProduct responded 302 in 23.4175 ms
[15:16:17 INF] HTTP GET /Inventory/Products responded 200 in 57.4349 ms
[15:16:17 INF] HTTP GET /lib/bootstrap/dist/css/bootstrap.min.css responded 200 in 1.2153 ms
[15:16:17 INF] HTTP GET /css/site.css responded 200 in 0.8431 ms
[15:16:17 INF] HTTP GET /Biktal.WebMVC.styles.css responded 200 in 0.5779 ms
[15:16:18 INF] HTTP GET /lib/jquery/dist/jquery.min.js responded 304 in 0.4150 ms
[15:16:18 INF] HTTP GET /lib/bootstrap/dist/js/bootstrap.bundle.min.js responded 304 in 0.3556 ms
[15:16:18 INF] HTTP GET /js/site.js responded 304 in 0.2954 ms
[15:16:18 INF] HTTP GET /lib/jquery-validation/dist/jquery.validate.min.js responded 304 in 0.4662 ms
[15:16:18 INF] HTTP GET /lib/jquery-validation-unobtrusive/dist/jquery.validate.unobtrusive.min.js responded 304 in 0.5774 ms
[15:16:18 INF] HTTP GET /js/products-catalog-filter.js responded 304 in 0.3398 ms
[15:17:15 INF] HTTP GET /Inventory/Products responded 200 in 126.0546 ms
[15:17:15 INF] HTTP GET /css/site.css responded 200 in 2.7961 ms
[15:17:15 INF] HTTP GET /lib/bootstrap/dist/css/bootstrap.min.css responded 200 in 3.5392 ms
[15:17:15 INF] HTTP GET /Biktal.WebMVC.styles.css responded 200 in 1.7980 ms
[15:17:16 INF] HTTP GET /lib/jquery/dist/jquery.min.js responded 200 in 0.7336 ms
[15:17:16 INF] HTTP GET /lib/bootstrap/dist/js/bootstrap.bundle.min.js responded 200 in 0.7728 ms
[15:17:16 INF] HTTP GET /js/site.js responded 200 in 0.5067 ms
[15:17:16 INF] HTTP GET /lib/jquery-validation-unobtrusive/dist/jquery.validate.unobtrusive.min.js responded 200 in 0.6290 ms
[15:17:16 INF] HTTP GET /lib/jquery-validation/dist/jquery.validate.min.js responded 200 in 1.7439 ms
[15:17:16 INF] HTTP GET /js/products-catalog-filter.js responded 200 in 6.1274 ms
[15:19:47 INF] HTTP GET /Inventory/Products responded 200 in 46.3243 ms
[15:19:47 INF] HTTP GET /css/site.css responded 200 in 3.6231 ms
[15:19:47 INF] HTTP GET /lib/bootstrap/dist/css/bootstrap.min.css responded 200 in 2.4213 ms
[15:19:47 INF] HTTP GET /Biktal.WebMVC.styles.css responded 200 in 0.8882 ms
[15:19:48 INF] HTTP GET /lib/jquery/dist/jquery.min.js responded 200 in 1.6012 ms
[15:19:48 INF] HTTP GET /lib/bootstrap/dist/js/bootstrap.bundle.min.js responded 200 in 8.8154 ms
[15:19:48 INF] HTTP GET /lib/jquery-validation-unobtrusive/dist/jquery.validate.unobtrusive.min.js responded 200 in 8.8968 ms
[15:19:48 INF] HTTP GET /js/products-catalog-filter.js responded 200 in 5.6847 ms
[15:19:48 INF] HTTP GET /js/site.js responded 200 in 26.6801 ms
[15:19:48 INF] HTTP GET /lib/jquery-validation/dist/jquery.validate.min.js responded 200 in 1.4865 ms
[15:19:56 INF] HTTP GET /Inventory/Products responded 200 in 47.7964 ms
[15:19:56 INF] HTTP GET /lib/bootstrap/dist/css/bootstrap.min.css responded 304 in 0.6532 ms
[15:19:56 INF] HTTP GET /css/site.css responded 304 in 2.7379 ms
[15:19:56 INF] HTTP GET /Biktal.WebMVC.styles.css responded 304 in 2.4802 ms
[15:19:57 INF] HTTP GET /lib/jquery/dist/jquery.min.js responded 304 in 0.2688 ms
[15:19:57 INF] HTTP GET /js/site.js responded 304 in 0.4952 ms
[15:19:57 INF] HTTP GET /lib/bootstrap/dist/js/bootstrap.bundle.min.js responded 304 in 0.2712 ms
[15:19:57 INF] HTTP GET /lib/jquery-validation/dist/jquery.validate.min.js responded 304 in 0.1991 ms
[15:19:57 INF] HTTP GET /js/products-catalog-filter.js responded 304 in 0.2251 ms
[15:19:57 INF] HTTP GET /lib/jquery-validation-unobtrusive/dist/jquery.validate.unobtrusive.min.js responded 304 in 0.2295 ms
[15:20:12 INF] HTTP POST /Inventory/EditProduct responded 302 in 11.0768 ms
[15:20:12 INF] HTTP GET /Inventory/Products responded 200 in 34.2663 ms
[15:20:12 INF] HTTP GET /lib/bootstrap/dist/css/bootstrap.min.css responded 200 in 1.0085 ms
[15:20:12 INF] HTTP GET /css/site.css responded 304 in 1.0499 ms
[15:20:12 INF] HTTP GET /Biktal.WebMVC.styles.css responded 304 in 0.9960 ms
[15:20:13 INF] HTTP GET /lib/jquery/dist/jquery.min.js responded 304 in 1.8940 ms
[15:20:13 INF] HTTP GET /lib/bootstrap/dist/js/bootstrap.bundle.min.js responded 304 in 0.3782 ms
[15:20:13 INF] HTTP GET /js/site.js responded 304 in 0.3063 ms
[15:20:13 INF] HTTP GET /lib/jquery-validation-unobtrusive/dist/jquery.validate.unobtrusive.min.js responded 304 in 0.9944 ms
[15:20:13 INF] HTTP GET /lib/jquery-validation/dist/jquery.validate.min.js responded 304 in 1.7605 ms
[15:20:13 INF] HTTP GET /js/products-catalog-filter.js responded 304 in 0.6356 ms
[15:20:23 INF] HTTP GET /Inventory/Products responded 200 in 54.6532 ms
[15:20:23 INF] HTTP GET /lib/bootstrap/dist/css/bootstrap.min.css responded 200 in 1.1473 ms
[15:20:23 INF] HTTP GET /Biktal.WebMVC.styles.css responded 304 in 2.0732 ms
[15:20:23 INF] HTTP GET /css/site.css responded 304 in 2.1868 ms
[15:20:24 INF] HTTP GET /lib/jquery/dist/jquery.min.js responded 304 in 0.2455 ms
[15:20:24 INF] HTTP GET /js/site.js responded 304 in 0.4002 ms
[15:20:24 INF] HTTP GET /lib/bootstrap/dist/js/bootstrap.bundle.min.js responded 304 in 0.6263 ms
[15:20:24 INF] HTTP GET /lib/jquery-validation/dist/jquery.validate.min.js responded 304 in 0.3228 ms
[15:20:24 INF] HTTP GET /js/products-catalog-filter.js responded 304 in 0.8169 ms
[15:20:24 INF] HTTP GET /lib/jquery-validation-unobtrusive/dist/jquery.validate.unobtrusive.min.js responded 304 in 0.6973 ms
[15:20:28 INF] HTTP POST /Inventory/EditProduct responded 302 in 7.9609 ms
[15:20:28 INF] HTTP GET /Inventory/Products responded 200 in 30.3144 ms
[15:20:28 INF] HTTP GET /lib/bootstrap/dist/css/bootstrap.min.css responded 304 in 0.3841 ms
[15:20:28 INF] HTTP GET /css/site.css responded 304 in 0.6232 ms
[15:20:28 INF] HTTP GET /Biktal.WebMVC.styles.css responded 304 in 0.3522 ms
[15:20:29 INF] HTTP GET /lib/jquery/dist/jquery.min.js responded 304 in 0.2506 ms
[15:20:29 INF] HTTP GET /lib/bootstrap/dist/js/bootstrap.bundle.min.js responded 304 in 0.3381 ms
[15:20:29 INF] HTTP GET /js/site.js responded 304 in 0.3377 ms
[15:20:29 INF] HTTP GET /lib/jquery-validation/dist/jquery.validate.min.js responded 304 in 0.5824 ms
[15:20:29 INF] HTTP GET /lib/jquery-validation-unobtrusive/dist/jquery.validate.unobtrusive.min.js responded 304 in 0.4423 ms
[15:20:29 INF] HTTP GET /js/products-catalog-filter.js responded 304 in 0.4735 ms
[15:26:56 INF] HTTP POST /Inventory/AddProduct responded 302 in 77.6400 ms
[15:26:56 INF] HTTP GET /Inventory/Products responded 200 in 50.6177 ms
[15:26:56 INF] HTTP GET /lib/bootstrap/dist/css/bootstrap.min.css responded 200 in 8.5518 ms
[15:26:56 INF] HTTP GET /css/site.css responded 200 in 2.9209 ms
[15:26:56 INF] HTTP GET /Biktal.WebMVC.styles.css responded 200 in 1.9160 ms
[15:26:57 INF] HTTP GET /lib/jquery/dist/jquery.min.js responded 200 in 0.6193 ms
[15:26:57 INF] HTTP GET /lib/bootstrap/dist/js/bootstrap.bundle.min.js responded 200 in 1.4414 ms
[15:26:57 INF] HTTP GET /js/site.js responded 200 in 1.7689 ms
[15:26:57 INF] HTTP GET /lib/jquery-validation/dist/jquery.validate.min.js responded 200 in 1.5867 ms
[15:26:57 INF] HTTP GET /lib/jquery-validation-unobtrusive/dist/jquery.validate.unobtrusive.min.js responded 200 in 5.0628 ms
[15:26:57 INF] HTTP GET /js/products-catalog-filter.js responded 200 in 0.9626 ms
[15:27:07 INF] HTTP GET /Inventory/Products responded 200 in 40.9066 ms
[15:27:07 INF] HTTP GET /lib/bootstrap/dist/css/bootstrap.min.css responded 304 in 0.4799 ms
[15:27:07 INF] HTTP GET /css/site.css responded 304 in 2.6016 ms
[15:27:07 INF] HTTP GET /Biktal.WebMVC.styles.css responded 304 in 0.5293 ms
[15:27:07 INF] HTTP GET /lib/jquery/dist/jquery.min.js responded 304 in 0.2431 ms
[15:27:07 INF] HTTP GET /lib/bootstrap/dist/js/bootstrap.bundle.min.js responded 304 in 0.7360 ms
[15:27:07 INF] HTTP GET /lib/jquery-validation/dist/jquery.validate.min.js responded 304 in 0.4689 ms
[15:27:07 INF] HTTP GET /js/site.js responded 304 in 1.0046 ms
[15:27:07 INF] HTTP GET /js/products-catalog-filter.js responded 304 in 0.3532 ms
[15:27:07 INF] HTTP GET /lib/jquery-validation-unobtrusive/dist/jquery.validate.unobtrusive.min.js responded 304 in 0.4651 ms
[15:27:11 INF] HTTP POST /Inventory/EditProduct responded 302 in 9.7063 ms
[15:27:11 INF] HTTP GET /Inventory/Products responded 200 in 33.6750 ms
[15:27:11 INF] HTTP GET /lib/bootstrap/dist/css/bootstrap.min.css responded 304 in 0.3029 ms
[15:27:11 INF] HTTP GET /css/site.css responded 304 in 0.4074 ms
[15:27:11 INF] HTTP GET /Biktal.WebMVC.styles.css responded 304 in 0.4209 ms
[15:27:12 INF] HTTP GET /lib/jquery/dist/jquery.min.js responded 304 in 0.2484 ms
[15:27:12 INF] HTTP GET /lib/bootstrap/dist/js/bootstrap.bundle.min.js responded 304 in 2.1047 ms
[15:27:12 INF] HTTP GET /js/site.js responded 304 in 0.4433 ms
[15:27:12 INF] HTTP GET /lib/jquery-validation/dist/jquery.validate.min.js responded 304 in 0.2599 ms
[15:27:12 INF] HTTP GET /lib/jquery-validation-unobtrusive/dist/jquery.validate.unobtrusive.min.js responded 304 in 0.4934 ms
[15:27:12 INF] HTTP GET /js/products-catalog-filter.js responded 304 in 0.5765 ms
[15:27:34 INF] HTTP GET /Inventory/Products responded 200 in 41.1626 ms
[15:27:34 INF] HTTP GET /lib/bootstrap/dist/css/bootstrap.min.css responded 304 in 0.6615 ms
[15:27:34 INF] HTTP GET /css/site.css responded 304 in 0.5520 ms
[15:27:34 INF] HTTP GET /Biktal.WebMVC.styles.css responded 304 in 0.5439 ms
[15:27:35 INF] HTTP GET /lib/jquery/dist/jquery.min.js responded 304 in 0.3529 ms
[15:27:35 INF] HTTP GET /lib/bootstrap/dist/js/bootstrap.bundle.min.js responded 304 in 0.4475 ms
[15:27:35 INF] HTTP GET /js/site.js responded 304 in 0.4861 ms
[15:27:35 INF] HTTP GET /lib/jquery-validation/dist/jquery.validate.min.js responded 304 in 0.5805 ms
[15:27:35 INF] HTTP GET /lib/jquery-validation-unobtrusive/dist/jquery.validate.unobtrusive.min.js responded 304 in 0.6823 ms
[15:27:35 INF] HTTP GET /js/products-catalog-filter.js responded 304 in 0.5957 ms
[15:29:16 INF] HTTP POST /Inventory/EditProduct responded 302 in 15.8948 ms
[15:29:16 INF] HTTP GET /Inventory/Products responded 200 in 64.1466 ms
[15:29:16 INF] HTTP GET /lib/bootstrap/dist/css/bootstrap.min.css responded 200 in 1.5082 ms
[15:29:16 INF] HTTP GET /css/site.css responded 200 in 0.8991 ms
[15:29:16 INF] HTTP GET /Biktal.WebMVC.styles.css responded 200 in 0.7788 ms
[15:29:17 INF] HTTP GET /lib/jquery/dist/jquery.min.js responded 200 in 0.7191 ms
[15:29:17 INF] HTTP GET /lib/bootstrap/dist/js/bootstrap.bundle.min.js responded 200 in 1.2947 ms
[15:29:17 INF] HTTP GET /js/site.js responded 200 in 1.5139 ms
[15:29:17 INF] HTTP GET /lib/jquery-validation-unobtrusive/dist/jquery.validate.unobtrusive.min.js responded 200 in 2.0327 ms
[15:29:17 INF] HTTP GET /lib/jquery-validation/dist/jquery.validate.min.js responded 200 in 0.9049 ms
[15:29:17 INF] HTTP GET /js/products-catalog-filter.js responded 200 in 2.9515 ms
[15:29:23 INF] HTTP GET /Inventory/Products responded 200 in 52.4509 ms
[15:29:23 INF] HTTP GET /css/site.css responded 200 in 0.9685 ms
[15:29:23 INF] HTTP GET /lib/bootstrap/dist/css/bootstrap.min.css responded 200 in 1.9074 ms
[15:29:23 INF] HTTP GET /Biktal.WebMVC.styles.css responded 200 in 1.1966 ms
[15:29:24 INF] HTTP GET /lib/jquery/dist/jquery.min.js responded 200 in 0.6252 ms
[15:29:24 INF] HTTP GET /js/site.js responded 200 in 1.1128 ms
[15:29:24 INF] HTTP GET /lib/bootstrap/dist/js/bootstrap.bundle.min.js responded 200 in 1.0733 ms
[15:29:24 INF] HTTP GET /lib/jquery-validation/dist/jquery.validate.min.js responded 200 in 0.6096 ms
[15:29:24 INF] HTTP GET /js/products-catalog-filter.js responded 200 in 0.6471 ms
[15:29:24 INF] HTTP GET /lib/jquery-validation-unobtrusive/dist/jquery.validate.unobtrusive.min.js responded 200 in 0.6479 ms
[15:29:29 INF] HTTP POST /Inventory/EditProduct responded 302 in 21.2767 ms
[15:29:29 INF] HTTP GET /Inventory/Products responded 200 in 33.8870 ms
[15:29:29 INF] HTTP GET /lib/bootstrap/dist/css/bootstrap.min.css responded 200 in 1.0575 ms
[15:29:29 INF] HTTP GET /css/site.css responded 200 in 1.1224 ms
[15:29:29 INF] HTTP GET /Biktal.WebMVC.styles.css responded 200 in 2.7567 ms
[15:29:30 INF] HTTP GET /lib/jquery/dist/jquery.min.js responded 304 in 0.2703 ms
[15:29:30 INF] HTTP GET /js/site.js responded 304 in 0.4049 ms
[15:29:30 INF] HTTP GET /lib/bootstrap/dist/js/bootstrap.bundle.min.js responded 304 in 0.4171 ms
[15:29:30 INF] HTTP GET /lib/jquery-validation/dist/jquery.validate.min.js responded 304 in 0.4685 ms
[15:29:30 INF] HTTP GET /js/products-catalog-filter.js responded 304 in 0.5382 ms
[15:29:30 INF] HTTP GET /lib/jquery-validation-unobtrusive/dist/jquery.validate.unobtrusive.min.js responded 304 in 1.8939 ms
[15:29:37 INF] HTTP GET /Inventory/Products responded 200 in 56.2032 ms
[15:29:37 INF] HTTP GET /lib/bootstrap/dist/css/bootstrap.min.css responded 304 in 0.5705 ms
[15:29:37 INF] HTTP GET /css/site.css responded 304 in 1.3004 ms
[15:29:37 INF] HTTP GET /Biktal.WebMVC.styles.css responded 304 in 0.8578 ms
[15:29:38 INF] HTTP GET /lib/jquery/dist/jquery.min.js responded 304 in 0.3282 ms
[15:29:38 INF] HTTP GET /lib/bootstrap/dist/js/bootstrap.bundle.min.js responded 304 in 0.3979 ms
[15:29:38 INF] HTTP GET /js/site.js responded 304 in 0.5856 ms
[15:29:38 INF] HTTP GET /lib/jquery-validation/dist/jquery.validate.min.js responded 304 in 0.3234 ms
[15:29:38 INF] HTTP GET /lib/jquery-validation-unobtrusive/dist/jquery.validate.unobtrusive.min.js responded 304 in 0.4501 ms
[15:29:38 INF] HTTP GET /js/products-catalog-filter.js responded 304 in 0.8214 ms
[15:29:43 INF] HTTP POST /Inventory/EditProduct responded 302 in 8.9816 ms
[15:29:43 INF] HTTP GET /Inventory/Products responded 200 in 32.7234 ms
[15:29:43 INF] HTTP GET /lib/bootstrap/dist/css/bootstrap.min.css responded 304 in 0.5470 ms
[15:29:43 INF] HTTP GET /css/site.css responded 304 in 0.3230 ms
[15:29:43 INF] HTTP GET /Biktal.WebMVC.styles.css responded 304 in 1.4965 ms
[15:29:44 INF] HTTP GET /lib/jquery/dist/jquery.min.js responded 304 in 0.2761 ms
[15:29:44 INF] HTTP GET /lib/bootstrap/dist/js/bootstrap.bundle.min.js responded 304 in 0.4552 ms
[15:29:44 INF] HTTP GET /js/site.js responded 304 in 1.1058 ms
[15:29:44 INF] HTTP GET /lib/jquery-validation/dist/jquery.validate.min.js responded 304 in 0.7460 ms
[15:29:44 INF] HTTP GET /lib/jquery-validation-unobtrusive/dist/jquery.validate.unobtrusive.min.js responded 304 in 0.5467 ms
[15:29:44 INF] HTTP GET /js/products-catalog-filter.js responded 304 in 0.3455 ms
[15:30:05 INF] HTTP GET /Inventory/Products responded 200 in 51.6590 ms
[15:30:05 INF] HTTP GET /lib/bootstrap/dist/css/bootstrap.min.css responded 200 in 1.4699 ms
[15:30:05 INF] HTTP GET /css/site.css responded 304 in 0.8689 ms
[15:30:05 INF] HTTP GET /Biktal.WebMVC.styles.css responded 304 in 1.0827 ms
[15:30:05 INF] HTTP GET /lib/jquery/dist/jquery.min.js responded 304 in 0.2460 ms
[15:30:05 INF] HTTP GET /lib/bootstrap/dist/js/bootstrap.bundle.min.js responded 304 in 0.3721 ms
[15:30:05 INF] HTTP GET /js/site.js responded 304 in 0.3207 ms
[15:30:05 INF] HTTP GET /lib/jquery-validation-unobtrusive/dist/jquery.validate.unobtrusive.min.js responded 304 in 0.7996 ms
[15:30:05 INF] HTTP GET /lib/jquery-validation/dist/jquery.validate.min.js responded 304 in 2.0926 ms
[15:30:05 INF] HTTP GET /js/products-catalog-filter.js responded 304 in 0.5287 ms
[15:30:27 INF] HTTP POST /Inventory/EditProduct responded 302 in 11.8967 ms
[15:30:27 ERR] HTTP GET /Inventory/Products responded 500 in 99.0042 ms
System.OperationCanceledException: The operation was canceled.
   at System.Threading.CancellationToken.ThrowOperationCanceledException()
   at Npgsql.NpgsqlCommand.ExecuteReader(Boolean async, CommandBehavior behavior, CancellationToken cancellationToken)
   at Npgsql.NpgsqlCommand.ExecuteReader(Boolean async, CommandBehavior behavior, CancellationToken cancellationToken)
   at Npgsql.NpgsqlCommand.ExecuteDbDataReaderAsync(CommandBehavior behavior, CancellationToken cancellationToken)
   at Microsoft.EntityFrameworkCore.Storage.RelationalCommand.ExecuteReaderAsync(RelationalCommandParameterObject parameterObject, CancellationToken cancellationToken)
   at Microsoft.EntityFrameworkCore.Storage.RelationalCommand.ExecuteReaderAsync(RelationalCommandParameterObject parameterObject, CancellationToken cancellationToken)
   at Microsoft.EntityFrameworkCore.Query.Internal.SingleQueryingEnumerable`1.AsyncEnumerator.InitializeReaderAsync(AsyncEnumerator enumerator, CancellationToken cancellationToken)
   at Npgsql.EntityFrameworkCore.PostgreSQL.Storage.Internal.NpgsqlExecutionStrategy.ExecuteAsync[TState,TResult](TState state, Func`4 operation, Func`4 verifySucceeded, CancellationToken cancellationToken)
   at Microsoft.EntityFrameworkCore.Query.Internal.SingleQueryingEnumerable`1.AsyncEnumerator.MoveNextAsync()
   at Microsoft.EntityFrameworkCore.EntityFrameworkQueryableExtensions.ToListAsync[TSource](IQueryable`1 source, CancellationToken cancellationToken)
   at Microsoft.EntityFrameworkCore.EntityFrameworkQueryableExtensions.ToListAsync[TSource](IQueryable`1 source, CancellationToken cancellationToken)
   at Biktal.WebMVC.Controllers.InventoryController.LoadOrderedCategoriesAsync(CancellationToken cancellationToken) in d:\Systems\BiktalSystems\Controllers\InventoryController.cs:line 663
   at Biktal.WebMVC.Controllers.InventoryController.BuildProductsPageViewModelAsync(AddProductFormModel newProduct, Boolean openAddProductModal, EditProductFormModel editProduct, Boolean openEditProductModal, CancellationToken cancellationToken) in d:\Systems\BiktalSystems\Controllers\InventoryController.cs:line 721
   at Biktal.WebMVC.Controllers.InventoryController.Products(Nullable`1 editId, CancellationToken cancellationToken) in d:\Systems\BiktalSystems\Controllers\InventoryController.cs:line 114
   at Microsoft.AspNetCore.Mvc.Infrastructure.ActionMethodExecutor.TaskOfIActionResultExecutor.Execute(ActionContext actionContext, IActionResultTypeMapper mapper, ObjectMethodExecutor executor, Object controller, Object[] arguments)
   at Microsoft.AspNetCore.Mvc.Infrastructure.ControllerActionInvoker.<InvokeActionMethodAsync>g__Awaited|12_0(ControllerActionInvoker invoker, ValueTask`1 actionResultValueTask)
   at Microsoft.AspNetCore.Mvc.Infrastructure.ControllerActionInvoker.<InvokeNextActionFilterAsync>g__Awaited|10_0(ControllerActionInvoker invoker, Task lastTask, State next, Scope scope, Object state, Boolean isCompleted)
   at Microsoft.AspNetCore.Mvc.Infrastructure.ControllerActionInvoker.Rethrow(ActionExecutedContextSealed context)
   at Microsoft.AspNetCore.Mvc.Infrastructure.ControllerActionInvoker.Next(State& next, Scope& scope, Object& state, Boolean& isCompleted)
   at Microsoft.AspNetCore.Mvc.Infrastructure.ControllerActionInvoker.<InvokeInnerFilterAsync>g__Awaited|13_0(ControllerActionInvoker invoker, Task lastTask, State next, Scope scope, Object state, Boolean isCompleted)
   at Microsoft.AspNetCore.Mvc.Infrastructure.ResourceInvoker.<InvokeNextResourceFilter>g__Awaited|25_0(ResourceInvoker invoker, Task lastTask, State next, Scope scope, Object state, Boolean isCompleted)
   at Microsoft.AspNetCore.Mvc.Infrastructure.ResourceInvoker.Rethrow(ResourceExecutedContextSealed context)
   at Microsoft.AspNetCore.Mvc.Infrastructure.ResourceInvoker.Next(State& next, Scope& scope, Object& state, Boolean& isCompleted)
   at Microsoft.AspNetCore.Mvc.Infrastructure.ResourceInvoker.<InvokeFilterPipelineAsync>g__Awaited|20_0(ResourceInvoker invoker, Task lastTask, State next, Scope scope, Object state, Boolean isCompleted)
   at Microsoft.AspNetCore.Mvc.Infrastructure.ResourceInvoker.<InvokeAsync>g__Awaited|17_0(ResourceInvoker invoker, Task task, IDisposable scope)
   at Microsoft.AspNetCore.Mvc.Infrastructure.ResourceInvoker.<InvokeAsync>g__Awaited|17_0(ResourceInvoker invoker, Task task, IDisposable scope)
   at Microsoft.AspNetCore.Authorization.AuthorizationMiddleware.Invoke(HttpContext context)
   at Microsoft.AspNetCore.Authentication.AuthenticationMiddleware.Invoke(HttpContext context)
   at Serilog.AspNetCore.RequestLoggingMiddleware.Invoke(HttpContext httpContext)
[15:30:27 INF] HTTP POST /Inventory/EditProduct responded 302 in 72.5794 ms
[15:30:27 INF] HTTP GET /Inventory/Products responded 200 in 28.5870 ms
[15:30:27 INF] HTTP GET /css/site.css responded 304 in 0.4507 ms
[15:30:27 INF] HTTP GET /Biktal.WebMVC.styles.css responded 304 in 0.4124 ms
[15:30:27 INF] HTTP GET /lib/bootstrap/dist/css/bootstrap.min.css responded 200 in 0.9603 ms
[15:30:28 INF] HTTP GET /lib/jquery/dist/jquery.min.js responded 304 in 0.2964 ms
[15:30:28 INF] HTTP GET /lib/bootstrap/dist/js/bootstrap.bundle.min.js responded 304 in 0.4401 ms
[15:30:28 INF] HTTP GET /js/site.js responded 304 in 0.4135 ms
[15:30:28 INF] HTTP GET /lib/jquery-validation/dist/jquery.validate.min.js responded 304 in 0.4357 ms
[15:30:28 INF] HTTP GET /lib/jquery-validation-unobtrusive/dist/jquery.validate.unobtrusive.min.js responded 304 in 1.3651 ms
[15:30:28 INF] HTTP GET /js/products-catalog-filter.js responded 304 in 0.4602 ms
[15:30:57 INF] HTTP GET /Inventory/Products responded 200 in 51.7817 ms
[15:30:57 INF] HTTP GET /lib/bootstrap/dist/css/bootstrap.min.css responded 200 in 1.8649 ms
[15:30:57 INF] HTTP GET /css/site.css responded 304 in 0.4149 ms
[15:30:57 INF] HTTP GET /Biktal.WebMVC.styles.css responded 304 in 0.5909 ms
[15:30:57 INF] HTTP GET /lib/jquery/dist/jquery.min.js responded 304 in 0.3180 ms
[15:30:57 INF] HTTP GET /lib/bootstrap/dist/js/bootstrap.bundle.min.js responded 304 in 0.5667 ms
[15:30:57 INF] HTTP GET /js/site.js responded 304 in 0.4305 ms
[15:30:57 INF] HTTP GET /lib/jquery-validation/dist/jquery.validate.min.js responded 304 in 0.4413 ms
[15:30:57 INF] HTTP GET /lib/jquery-validation-unobtrusive/dist/jquery.validate.unobtrusive.min.js responded 304 in 0.7085 ms
[15:30:57 INF] HTTP GET /js/products-catalog-filter.js responded 304 in 0.5123 ms
[15:31:18 INF] HTTP POST /Inventory/EditProduct responded 302 in 16.0076 ms
[15:31:18 INF] HTTP GET /Inventory/Products responded 200 in 36.9422 ms
[15:31:18 INF] HTTP GET /lib/bootstrap/dist/css/bootstrap.min.css responded 200 in 0.8749 ms
[15:31:18 INF] HTTP GET /Biktal.WebMVC.styles.css responded 304 in 0.4005 ms
[15:31:18 INF] HTTP GET /css/site.css responded 304 in 0.5990 ms
[15:31:19 INF] HTTP GET /lib/jquery/dist/jquery.min.js responded 304 in 0.2636 ms
[15:31:19 INF] HTTP GET /js/site.js responded 304 in 0.3290 ms
[15:31:19 INF] HTTP GET /lib/bootstrap/dist/js/bootstrap.bundle.min.js responded 304 in 0.4292 ms
[15:31:19 INF] HTTP GET /lib/jquery-validation-unobtrusive/dist/jquery.validate.unobtrusive.min.js responded 304 in 0.3651 ms
[15:31:19 INF] HTTP GET /lib/jquery-validation/dist/jquery.validate.min.js responded 304 in 1.3630 ms
[15:31:19 INF] HTTP GET /js/products-catalog-filter.js responded 304 in 0.3824 ms
[15:31:38 INF] HTTP GET /Inventory/Products responded 200 in 37.1600 ms
[15:31:38 INF] HTTP GET /lib/bootstrap/dist/css/bootstrap.min.css responded 200 in 9.0433 ms
[15:31:38 INF] HTTP GET /css/site.css responded 304 in 0.4994 ms
[15:31:38 INF] HTTP GET /Biktal.WebMVC.styles.css responded 304 in 0.7762 ms
[15:31:39 INF] HTTP GET /lib/jquery/dist/jquery.min.js responded 304 in 0.2498 ms
[15:31:39 INF] HTTP GET /js/site.js responded 304 in 0.3172 ms
[15:31:39 INF] HTTP GET /lib/bootstrap/dist/js/bootstrap.bundle.min.js responded 304 in 0.3345 ms
[15:31:39 INF] HTTP GET /lib/jquery-validation/dist/jquery.validate.min.js responded 304 in 0.8473 ms
[15:31:39 INF] HTTP GET /lib/jquery-validation-unobtrusive/dist/jquery.validate.unobtrusive.min.js responded 304 in 0.5931 ms
[15:31:39 INF] HTTP GET /js/products-catalog-filter.js responded 304 in 1.0381 ms
[15:31:43 INF] HTTP POST /Inventory/EditProduct responded 302 in 9.2412 ms
[15:31:43 INF] HTTP GET /Inventory/Products responded 200 in 32.0906 ms
[15:31:43 INF] HTTP GET /lib/bootstrap/dist/css/bootstrap.min.css responded 304 in 0.4402 ms
[15:31:43 INF] HTTP GET /css/site.css responded 304 in 1.0660 ms
[15:31:43 INF] HTTP GET /Biktal.WebMVC.styles.css responded 304 in 0.8748 ms
[15:31:44 INF] HTTP GET /lib/jquery/dist/jquery.min.js responded 304 in 0.2603 ms
[15:31:44 INF] HTTP GET /lib/bootstrap/dist/js/bootstrap.bundle.min.js responded 304 in 0.6791 ms
[15:31:44 INF] HTTP GET /lib/jquery-validation/dist/jquery.validate.min.js responded 304 in 0.5297 ms
[15:31:44 INF] HTTP GET /js/site.js responded 304 in 0.9694 ms
[15:31:44 INF] HTTP GET /js/products-catalog-filter.js responded 304 in 0.6319 ms
[15:31:44 INF] HTTP GET /lib/jquery-validation-unobtrusive/dist/jquery.validate.unobtrusive.min.js responded 304 in 0.9892 ms
[15:37:06 INF] HTTP GET /Inventory/Products responded 200 in 110.3709 ms
[15:37:06 INF] HTTP GET /Biktal.WebMVC.styles.css responded 200 in 0.7780 ms
[15:37:06 INF] HTTP GET /css/site.css responded 200 in 1.2798 ms
[15:37:06 INF] HTTP GET /lib/bootstrap/dist/css/bootstrap.min.css responded 200 in 1.8026 ms
[15:37:07 INF] HTTP GET /lib/jquery/dist/jquery.min.js responded 200 in 0.6490 ms
[15:37:07 INF] HTTP GET /js/site.js responded 200 in 0.8315 ms
[15:37:07 INF] HTTP GET /lib/bootstrap/dist/js/bootstrap.bundle.min.js responded 200 in 0.9909 ms
[15:37:07 INF] HTTP GET /lib/jquery-validation/dist/jquery.validate.min.js responded 200 in 1.8278 ms
[15:37:07 INF] HTTP GET /js/products-catalog-filter.js responded 200 in 1.3312 ms
[15:37:07 INF] HTTP GET /lib/jquery-validation-unobtrusive/dist/jquery.validate.unobtrusive.min.js responded 200 in 1.9270 ms
[15:37:11 INF] HTTP POST /Inventory/EditProduct responded 302 in 13.7323 ms
[15:37:11 INF] HTTP GET /Inventory/Products responded 200 in 29.2471 ms
[15:37:11 INF] HTTP GET /css/site.css responded 200 in 0.8147 ms
[15:37:11 INF] HTTP GET /Biktal.WebMVC.styles.css responded 200 in 0.9936 ms
[15:37:11 INF] HTTP GET /lib/bootstrap/dist/css/bootstrap.min.css responded 200 in 1.4344 ms
[15:37:12 INF] HTTP GET /lib/jquery/dist/jquery.min.js responded 304 in 0.2561 ms
[15:37:12 INF] HTTP GET /lib/bootstrap/dist/js/bootstrap.bundle.min.js responded 304 in 0.6302 ms
[15:37:12 INF] HTTP GET /js/site.js responded 304 in 0.4453 ms
[15:37:12 INF] HTTP GET /lib/jquery-validation/dist/jquery.validate.min.js responded 304 in 0.4338 ms
[15:37:12 INF] HTTP GET /lib/jquery-validation-unobtrusive/dist/jquery.validate.unobtrusive.min.js responded 304 in 0.6787 ms
[15:37:12 INF] HTTP GET /js/products-catalog-filter.js responded 304 in 0.5405 ms
[15:58:04 INF] Application is shutting down...
