[13:54:58 ERR] Failed executing DbCommand (9ms) [Parameters=[@p0='?' (DbType = Guid), @p1='?' (DbType = DateTime), @p2='?' (DbType = Guid), @p3='?', @p4='?' (DbType = DateTime), @p5='?' (DbType = Int32), @p6='?' (DbType = Int32), @p7='?', @p8='?', @p9='?' (DbType = Guid), @p10='?' (DbType = DateTime), @p11='?' (DbType = Guid), @p12='?', @p13='?' (DbType = DateTime), @p14='?' (DbType = Int32), @p15='?' (DbType = Int32), @p16='?', @p17='?'], CommandType='Text', CommandTimeout='30']
INSERT INTO "CrmSupportTickets" ("Id", "CreatedAtUtc", "CustomerId", "Description", "ModifiedAtUtc", "Priority", "Status", "Subject", "TicketNumber")
VALUES (@p0, @p1, @p2, @p3, @p4, @p5, @p6, @p7, @p8);
INSERT INTO "CrmSupportTickets" ("Id", "CreatedAtUtc", "CustomerId", "Description", "ModifiedAtUtc", "Priority", "Status", "Subject", "TicketNumber")
VALUES (@p9, @p10, @p11, @p12, @p13, @p14, @p15, @p16, @p17);
[13:54:58 ERR] An exception occurred in the database while saving changes for context type 'Biktal.Infrastructure.Persistence.ApplicationDbContext'.
Microsoft.EntityFrameworkCore.DbUpdateException: An error occurred while saving the entity changes. See the inner exception for details.
 ---> Npgsql.PostgresException (0x80004005): 23503: insert or update on table "CrmSupportTickets" violates foreign key constraint "FK_CrmSupportTickets_CrmCustomers_CustomerId"

DETAIL: Detail redacted as it may contain sensitive data. Specify 'Include Error Detail' in the connection string to include this information.
   at Npgsql.Internal.NpgsqlConnector.ReadMessageLong(Boolean async, DataRowLoadingMode dataRowLoadingMode, Boolean readingNotifications, Boolean isReadingPrependedMessage)
   at System.Runtime.CompilerServices.PoolingAsyncValueTaskMethodBuilder`1.StateMachineBox`1.System.Threading.Tasks.Sources.IValueTaskSource<TResult>.GetResult(Int16 token)
   at Npgsql.NpgsqlDataReader.NextResult(Boolean async, Boolean isConsuming, CancellationToken cancellationToken)
   at Npgsql.NpgsqlDataReader.NextResult(Boolean async, Boolean isConsuming, CancellationToken cancellationToken)
   at Npgsql.NpgsqlCommand.ExecuteReader(Boolean async, CommandBehavior behavior, CancellationToken cancellationToken)
   at Npgsql.NpgsqlCommand.ExecuteReader(Boolean async, CommandBehavior behavior, CancellationToken cancellationToken)
   at Npgsql.NpgsqlCommand.ExecuteDbDataReaderAsync(CommandBehavior behavior, CancellationToken cancellationToken)
   at Microsoft.EntityFrameworkCore.Storage.RelationalCommand.ExecuteReaderAsync(RelationalCommandParameterObject parameterObject, CancellationToken cancellationToken)
   at Microsoft.EntityFrameworkCore.Storage.RelationalCommand.ExecuteReaderAsync(RelationalCommandParameterObject parameterObject, CancellationToken cancellationToken)
   at Microsoft.EntityFrameworkCore.Update.ReaderModificationCommandBatch.ExecuteAsync(IRelationalConnection connection, CancellationToken cancellationToken)
  Exception data:
    Severity: ERROR
    SqlState: 23503
    MessageText: insert or update on table "CrmSupportTickets" violates foreign key constraint "FK_CrmSupportTickets_CrmCustomers_CustomerId"
    Detail: Detail redacted as it may contain sensitive data. Specify 'Include Error Detail' in the connection string to include this information.
    SchemaName: public
    TableName: CrmSupportTickets
    ConstraintName: FK_CrmSupportTickets_CrmCustomers_CustomerId
    File: ri_triggers.c
    Line: 2783
    Routine: ri_ReportViolation
   --- End of inner exception stack trace ---
   at Microsoft.EntityFrameworkCore.Update.ReaderModificationCommandBatch.ExecuteAsync(IRelationalConnection connection, CancellationToken cancellationToken)
   at Microsoft.EntityFrameworkCore.Update.Internal.BatchExecutor.ExecuteAsync(IEnumerable`1 commandBatches, IRelationalConnection connection, CancellationToken cancellationToken)
   at Microsoft.EntityFrameworkCore.Update.Internal.BatchExecutor.ExecuteAsync(IEnumerable`1 commandBatches, IRelationalConnection connection, CancellationToken cancellationToken)
   at Microsoft.EntityFrameworkCore.Update.Internal.BatchExecutor.ExecuteAsync(IEnumerable`1 commandBatches, IRelationalConnection connection, CancellationToken cancellationToken)
   at Microsoft.EntityFrameworkCore.Storage.RelationalDatabase.SaveChangesAsync(IList`1 entries, CancellationToken cancellationToken)
   at Microsoft.EntityFrameworkCore.ChangeTracking.Internal.StateManager.SaveChangesAsync(IList`1 entriesToSave, CancellationToken cancellationToken)
   at Microsoft.EntityFrameworkCore.ChangeTracking.Internal.StateManager.SaveChangesAsync(StateManager stateManager, Boolean acceptAllChangesOnSuccess, CancellationToken cancellationToken)
   at Npgsql.EntityFrameworkCore.PostgreSQL.Storage.Internal.NpgsqlExecutionStrategy.ExecuteAsync[TState,TResult](TState state, Func`4 operation, Func`4 verifySucceeded, CancellationToken cancellationToken)
   at Microsoft.EntityFrameworkCore.DbContext.SaveChangesAsync(Boolean acceptAllChangesOnSuccess, CancellationToken cancellationToken)
Microsoft.EntityFrameworkCore.DbUpdateException: An error occurred while saving the entity changes. See the inner exception for details.
 ---> Npgsql.PostgresException (0x80004005): 23503: insert or update on table "CrmSupportTickets" violates foreign key constraint "FK_CrmSupportTickets_CrmCustomers_CustomerId"

DETAIL: Detail redacted as it may contain sensitive data. Specify 'Include Error Detail' in the connection string to include this information.
   at Npgsql.Internal.NpgsqlConnector.ReadMessageLong(Boolean async, DataRowLoadingMode dataRowLoadingMode, Boolean readingNotifications, Boolean isReadingPrependedMessage)
   at System.Runtime.CompilerServices.PoolingAsyncValueTaskMethodBuilder`1.StateMachineBox`1.System.Threading.Tasks.Sources.IValueTaskSource<TResult>.GetResult(Int16 token)
   at Npgsql.NpgsqlDataReader.NextResult(Boolean async, Boolean isConsuming, CancellationToken cancellationToken)
   at Npgsql.NpgsqlDataReader.NextResult(Boolean async, Boolean isConsuming, CancellationToken cancellationToken)
   at Npgsql.NpgsqlCommand.ExecuteReader(Boolean async, CommandBehavior behavior, CancellationToken cancellationToken)
   at Npgsql.NpgsqlCommand.ExecuteReader(Boolean async, CommandBehavior behavior, CancellationToken cancellationToken)
   at Npgsql.NpgsqlCommand.ExecuteDbDataReaderAsync(CommandBehavior behavior, CancellationToken cancellationToken)
   at Microsoft.EntityFrameworkCore.Storage.RelationalCommand.ExecuteReaderAsync(RelationalCommandParameterObject parameterObject, CancellationToken cancellationToken)
   at Microsoft.EntityFrameworkCore.Storage.RelationalCommand.ExecuteReaderAsync(RelationalCommandParameterObject parameterObject, CancellationToken cancellationToken)
   at Microsoft.EntityFrameworkCore.Update.ReaderModificationCommandBatch.ExecuteAsync(IRelationalConnection connection, CancellationToken cancellationToken)
  Exception data:
    Severity: ERROR
    SqlState: 23503
    MessageText: insert or update on table "CrmSupportTickets" violates foreign key constraint "FK_CrmSupportTickets_CrmCustomers_CustomerId"
    Detail: Detail redacted as it may contain sensitive data. Specify 'Include Error Detail' in the connection string to include this information.
    SchemaName: public
    TableName: CrmSupportTickets
    ConstraintName: FK_CrmSupportTickets_CrmCustomers_CustomerId
    File: ri_triggers.c
    Line: 2783
    Routine: ri_ReportViolation
   --- End of inner exception stack trace ---
   at Microsoft.EntityFrameworkCore.Update.ReaderModificationCommandBatch.ExecuteAsync(IRelationalConnection connection, CancellationToken cancellationToken)
   at Microsoft.EntityFrameworkCore.Update.Internal.BatchExecutor.ExecuteAsync(IEnumerable`1 commandBatches, IRelationalConnection connection, CancellationToken cancellationToken)
   at Microsoft.EntityFrameworkCore.Update.Internal.BatchExecutor.ExecuteAsync(IEnumerable`1 commandBatches, IRelationalConnection connection, CancellationToken cancellationToken)
   at Microsoft.EntityFrameworkCore.Update.Internal.BatchExecutor.ExecuteAsync(IEnumerable`1 commandBatches, IRelationalConnection connection, CancellationToken cancellationToken)
   at Microsoft.EntityFrameworkCore.Storage.RelationalDatabase.SaveChangesAsync(IList`1 entries, CancellationToken cancellationToken)
   at Microsoft.EntityFrameworkCore.ChangeTracking.Internal.StateManager.SaveChangesAsync(IList`1 entriesToSave, CancellationToken cancellationToken)
   at Microsoft.EntityFrameworkCore.ChangeTracking.Internal.StateManager.SaveChangesAsync(StateManager stateManager, Boolean acceptAllChangesOnSuccess, CancellationToken cancellationToken)
   at Npgsql.EntityFrameworkCore.PostgreSQL.Storage.Internal.NpgsqlExecutionStrategy.ExecuteAsync[TState,TResult](TState state, Func`4 operation, Func`4 verifySucceeded, CancellationToken cancellationToken)
   at Microsoft.EntityFrameworkCore.DbContext.SaveChangesAsync(Boolean acceptAllChangesOnSuccess, CancellationToken cancellationToken)
[13:54:58 ERR] Database migration or seed failed. Check PostgreSQL is running and ConnectionStrings:DefaultConnection is correct.
Microsoft.EntityFrameworkCore.DbUpdateException: An error occurred while saving the entity changes. See the inner exception for details.
 ---> Npgsql.PostgresException (0x80004005): 23503: insert or update on table "CrmSupportTickets" violates foreign key constraint "FK_CrmSupportTickets_CrmCustomers_CustomerId"

DETAIL: Detail redacted as it may contain sensitive data. Specify 'Include Error Detail' in the connection string to include this information.
   at Npgsql.Internal.NpgsqlConnector.ReadMessageLong(Boolean async, DataRowLoadingMode dataRowLoadingMode, Boolean readingNotifications, Boolean isReadingPrependedMessage)
   at System.Runtime.CompilerServices.PoolingAsyncValueTaskMethodBuilder`1.StateMachineBox`1.System.Threading.Tasks.Sources.IValueTaskSource<TResult>.GetResult(Int16 token)
   at Npgsql.NpgsqlDataReader.NextResult(Boolean async, Boolean isConsuming, CancellationToken cancellationToken)
   at Npgsql.NpgsqlDataReader.NextResult(Boolean async, Boolean isConsuming, CancellationToken cancellationToken)
   at Npgsql.NpgsqlCommand.ExecuteReader(Boolean async, CommandBehavior behavior, CancellationToken cancellationToken)
   at Npgsql.NpgsqlCommand.ExecuteReader(Boolean async, CommandBehavior behavior, CancellationToken cancellationToken)
   at Npgsql.NpgsqlCommand.ExecuteDbDataReaderAsync(CommandBehavior behavior, CancellationToken cancellationToken)
   at Microsoft.EntityFrameworkCore.Storage.RelationalCommand.ExecuteReaderAsync(RelationalCommandParameterObject parameterObject, CancellationToken cancellationToken)
   at Microsoft.EntityFrameworkCore.Storage.RelationalCommand.ExecuteReaderAsync(RelationalCommandParameterObject parameterObject, CancellationToken cancellationToken)
   at Microsoft.EntityFrameworkCore.Update.ReaderModificationCommandBatch.ExecuteAsync(IRelationalConnection connection, CancellationToken cancellationToken)
  Exception data:
    Severity: ERROR
    SqlState: 23503
    MessageText: insert or update on table "CrmSupportTickets" violates foreign key constraint "FK_CrmSupportTickets_CrmCustomers_CustomerId"
    Detail: Detail redacted as it may contain sensitive data. Specify 'Include Error Detail' in the connection string to include this information.
    SchemaName: public
    TableName: CrmSupportTickets
    ConstraintName: FK_CrmSupportTickets_CrmCustomers_CustomerId
    File: ri_triggers.c
    Line: 2783
    Routine: ri_ReportViolation
   --- End of inner exception stack trace ---
   at Microsoft.EntityFrameworkCore.Update.ReaderModificationCommandBatch.ExecuteAsync(IRelationalConnection connection, CancellationToken cancellationToken)
   at Microsoft.EntityFrameworkCore.Update.Internal.BatchExecutor.ExecuteAsync(IEnumerable`1 commandBatches, IRelationalConnection connection, CancellationToken cancellationToken)
   at Microsoft.EntityFrameworkCore.Update.Internal.BatchExecutor.ExecuteAsync(IEnumerable`1 commandBatches, IRelationalConnection connection, CancellationToken cancellationToken)
   at Microsoft.EntityFrameworkCore.Update.Internal.BatchExecutor.ExecuteAsync(IEnumerable`1 commandBatches, IRelationalConnection connection, CancellationToken cancellationToken)
   at Microsoft.EntityFrameworkCore.Storage.RelationalDatabase.SaveChangesAsync(IList`1 entries, CancellationToken cancellationToken)
   at Microsoft.EntityFrameworkCore.ChangeTracking.Internal.StateManager.SaveChangesAsync(IList`1 entriesToSave, CancellationToken cancellationToken)
   at Microsoft.EntityFrameworkCore.ChangeTracking.Internal.StateManager.SaveChangesAsync(StateManager stateManager, Boolean acceptAllChangesOnSuccess, CancellationToken cancellationToken)
   at Npgsql.EntityFrameworkCore.PostgreSQL.Storage.Internal.NpgsqlExecutionStrategy.ExecuteAsync[TState,TResult](TState state, Func`4 operation, Func`4 verifySucceeded, CancellationToken cancellationToken)
   at Microsoft.EntityFrameworkCore.DbContext.SaveChangesAsync(Boolean acceptAllChangesOnSuccess, CancellationToken cancellationToken)
   at Microsoft.EntityFrameworkCore.DbContext.SaveChangesAsync(Boolean acceptAllChangesOnSuccess, CancellationToken cancellationToken)
   at Biktal.Infrastructure.Persistence.CrmDataSeeder.SeedIfEmptyAsync(ApplicationDbContext db, CancellationToken cancellationToken)
   at Program.<Main>$(String[] args) in d:\Systems\BiktalSystems\Program.cs:line 71
[13:54:58 WRN] Continuing without a successful migration/seed. Auth and data pages may fail until the database is available.
[13:54:58 WRN] Using an in-memory repository. Keys will not be persisted to storage.
[13:54:58 WRN] Neither user profile nor HKLM registry available. Using an ephemeral key repository. Protected data will be unavailable when application exits.
[13:54:58 WRN] No XML encryptor configured. Key {79d40e90-9057-45e8-832a-9e5f17259149} may be persisted to storage in unencrypted form.
[13:54:58 INF] Application started. Press Ctrl+C to shut down.
[13:54:58 INF] Hosting environment: Production
[13:54:58 INF] Content root path: D:\Systems\BiktalSystems\publish
[13:54:58 INF] HTTP GET /Inventory/Products responded 302 in 96.8087 ms
[13:54:58 ERR] An exception was thrown while deserializing the token.
Microsoft.AspNetCore.Antiforgery.AntiforgeryValidationException: The antiforgery token could not be decrypted.
 ---> System.Security.Cryptography.CryptographicException: The key {83a054d5-31af-412b-8f26-172d00fd15b1} was not found in the key ring. For more information go to https://aka.ms/aspnet/dataprotectionwarning
   at Microsoft.AspNetCore.DataProtection.KeyManagement.KeyRingBasedDataProtector.UnprotectCore(Byte[] protectedData, Boolean allowOperationsOnRevokedKeys, UnprotectStatus& status)
   at Microsoft.AspNetCore.DataProtection.KeyManagement.KeyRingBasedDataProtector.Unprotect(Byte[] protectedData)
   at Microsoft.AspNetCore.Antiforgery.DefaultAntiforgeryTokenSerializer.Deserialize(String serializedToken)
   --- End of inner exception stack trace ---
   at Microsoft.AspNetCore.Antiforgery.DefaultAntiforgeryTokenSerializer.Deserialize(String serializedToken)
   at Microsoft.AspNetCore.Antiforgery.DefaultAntiforgery.GetCookieTokenDoesNotThrow(HttpContext httpContext)
[13:54:58 INF] HTTP GET /Account/Login responded 200 in 234.4794 ms
[13:54:58 INF] HTTP GET /js/site.js responded 200 in 90.7353 ms
[13:54:58 INF] HTTP GET /Biktal.WebMVC.styles.css responded 200 in 93.8216 ms
[13:54:58 INF] HTTP GET /lib/jquery-validation/dist/jquery.validate.min.js responded 200 in 90.1188 ms
[13:54:58 INF] HTTP GET /lib/jquery-validation-unobtrusive/dist/jquery.validate.unobtrusive.min.js responded 200 in 59.0814 ms
[13:54:58 INF] HTTP GET /lib/bootstrap/dist/js/bootstrap.bundle.min.js responded 200 in 91.6694 ms
[13:54:58 INF] HTTP GET /lib/jquery/dist/jquery.min.js responded 200 in 93.1198 ms
[13:54:58 INF] HTTP GET /lib/bootstrap/dist/css/bootstrap.min.css responded 200 in 100.8230 ms
[13:54:58 INF] HTTP GET /css/site.css responded 200 in 100.2857 ms
[13:55:14 INF] HTTP POST /Account/Login responded 200 in 397.4037 ms
[13:55:15 INF] HTTP GET /lib/jquery/dist/jquery.min.js responded 304 in 50.1585 ms
[13:55:15 INF] HTTP GET /js/site.js responded 304 in 35.3811 ms
[13:55:15 INF] HTTP GET /Biktal.WebMVC.styles.css responded 200 in 52.5431 ms
[13:55:15 INF] HTTP GET /lib/jquery-validation-unobtrusive/dist/jquery.validate.unobtrusive.min.js responded 304 in 19.2378 ms
[13:55:15 INF] HTTP GET /css/site.css responded 200 in 50.1534 ms
[13:55:15 INF] HTTP GET /lib/bootstrap/dist/css/bootstrap.min.css responded 200 in 68.6197 ms
[13:55:15 INF] HTTP GET /lib/jquery-validation/dist/jquery.validate.min.js responded 304 in 32.1238 ms
[13:55:15 INF] HTTP GET /lib/bootstrap/dist/js/bootstrap.bundle.min.js responded 304 in 158.2802 ms
[13:55:27 INF] HTTP POST /Account/Login responded 302 in 298.2958 ms
[13:55:27 INF] HTTP GET /Inventory/Products responded 200 in 486.5054 ms
[13:55:27 INF] HTTP GET /Biktal.WebMVC.styles.css responded 200 in 1.2255 ms
[13:55:27 INF] HTTP GET /lib/bootstrap/dist/css/bootstrap.min.css responded 200 in 2.3777 ms
[13:55:27 INF] HTTP GET /css/site.css responded 200 in 4.3251 ms
[13:55:28 INF] HTTP GET /lib/jquery/dist/jquery.min.js responded 304 in 3.0652 ms
[13:55:28 INF] HTTP GET /lib/bootstrap/dist/js/bootstrap.bundle.min.js responded 304 in 0.7872 ms
[13:55:28 INF] HTTP GET /js/site.js responded 304 in 0.5220 ms
[13:55:28 INF] HTTP GET /lib/jquery-validation/dist/jquery.validate.min.js responded 304 in 0.6904 ms
[13:55:28 INF] HTTP GET /lib/jquery-validation-unobtrusive/dist/jquery.validate.unobtrusive.min.js responded 304 in 0.4421 ms
[13:55:28 INF] HTTP GET /js/products-catalog-filter.js responded 200 in 1.2709 ms
[13:55:37 INF] HTTP POST /Inventory/EditProduct responded 302 in 109.0265 ms
[13:55:37 INF] HTTP GET /Inventory/Products responded 200 in 76.1415 ms
[13:55:37 INF] HTTP GET /lib/bootstrap/dist/css/bootstrap.min.css responded 304 in 1.1630 ms
[13:55:37 INF] HTTP GET /Biktal.WebMVC.styles.css responded 304 in 1.3486 ms
[13:55:37 INF] HTTP GET /css/site.css responded 304 in 1.1589 ms
[13:55:38 INF] HTTP GET /lib/jquery/dist/jquery.min.js responded 304 in 0.8180 ms
[13:55:38 INF] HTTP GET /lib/bootstrap/dist/js/bootstrap.bundle.min.js responded 304 in 0.6186 ms
[13:55:38 INF] HTTP GET /js/site.js responded 304 in 0.6020 ms
[13:55:38 INF] HTTP GET /lib/jquery-validation/dist/jquery.validate.min.js responded 304 in 0.4962 ms
[13:55:38 INF] HTTP GET /js/products-catalog-filter.js responded 304 in 0.5388 ms
[13:55:38 INF] HTTP GET /lib/jquery-validation-unobtrusive/dist/jquery.validate.unobtrusive.min.js responded 304 in 0.5542 ms
[13:56:10 INF] HTTP GET /Inventory/Products responded 200 in 183.4020 ms
[13:56:10 INF] HTTP GET /lib/bootstrap/dist/css/bootstrap.min.css responded 200 in 1.4014 ms
[13:56:10 INF] HTTP GET /Biktal.WebMVC.styles.css responded 200 in 1.5040 ms
[13:56:10 INF] HTTP GET /css/site.css responded 200 in 1.1451 ms
[13:56:11 INF] HTTP GET /lib/jquery/dist/jquery.min.js responded 200 in 1.3601 ms
[13:56:11 INF] HTTP GET /lib/jquery-validation/dist/jquery.validate.min.js responded 200 in 1.0881 ms
[13:56:11 INF] HTTP GET /lib/bootstrap/dist/js/bootstrap.bundle.min.js responded 200 in 1.4931 ms
[13:56:11 INF] HTTP GET /lib/jquery-validation-unobtrusive/dist/jquery.validate.unobtrusive.min.js responded 200 in 2.8938 ms
[13:56:11 INF] HTTP GET /js/products-catalog-filter.js responded 200 in 11.2925 ms
[13:56:11 INF] HTTP GET /js/site.js responded 200 in 10.7841 ms
[13:56:21 INF] HTTP POST /Inventory/EditProduct responded 302 in 13.8748 ms
[13:56:21 INF] HTTP GET /Inventory/Products responded 200 in 58.4478 ms
[13:56:21 INF] HTTP GET /lib/bootstrap/dist/css/bootstrap.min.css responded 304 in 0.9449 ms
[13:56:21 INF] HTTP GET /css/site.css responded 304 in 1.0299 ms
[13:56:21 INF] HTTP GET /Biktal.WebMVC.styles.css responded 304 in 3.2026 ms
[13:56:22 INF] HTTP GET /lib/jquery/dist/jquery.min.js responded 304 in 0.6114 ms
[13:56:22 INF] HTTP GET /lib/bootstrap/dist/js/bootstrap.bundle.min.js responded 304 in 0.8141 ms
[13:56:22 INF] HTTP GET /js/site.js responded 304 in 0.6482 ms
[13:56:22 INF] HTTP GET /lib/jquery-validation/dist/jquery.validate.min.js responded 304 in 0.4373 ms
[13:56:22 INF] HTTP GET /js/products-catalog-filter.js responded 304 in 0.3137 ms
[13:56:22 INF] HTTP GET /lib/jquery-validation-unobtrusive/dist/jquery.validate.unobtrusive.min.js responded 304 in 0.4807 ms
[13:56:25 INF] HTTP GET /Inventory/Products responded 200 in 104.5366 ms
[13:56:25 INF] HTTP GET /lib/bootstrap/dist/css/bootstrap.min.css responded 304 in 0.5948 ms
[13:56:25 INF] HTTP GET /Biktal.WebMVC.styles.css responded 304 in 1.6292 ms
[13:56:25 INF] HTTP GET /css/site.css responded 304 in 2.3987 ms
[13:56:25 INF] HTTP GET /lib/jquery/dist/jquery.min.js responded 304 in 0.6892 ms
[13:56:25 INF] HTTP GET /lib/bootstrap/dist/js/bootstrap.bundle.min.js responded 304 in 0.7060 ms
[13:56:25 INF] HTTP GET /js/site.js responded 304 in 0.6012 ms
[13:56:25 INF] HTTP GET /lib/jquery-validation/dist/jquery.validate.min.js responded 304 in 0.4409 ms
[13:56:25 INF] HTTP GET /js/products-catalog-filter.js responded 304 in 0.5348 ms
[13:56:25 INF] HTTP GET /lib/jquery-validation-unobtrusive/dist/jquery.validate.unobtrusive.min.js responded 304 in 1.6464 ms
[13:56:33 INF] HTTP POST /Inventory/EditProduct responded 302 in 15.9376 ms
[13:56:33 INF] HTTP GET /Inventory/Products responded 200 in 69.9866 ms
[13:56:33 INF] HTTP GET /css/site.css responded 304 in 0.5052 ms
[13:56:33 INF] HTTP GET /Biktal.WebMVC.styles.css responded 304 in 0.4746 ms
[13:56:33 INF] HTTP GET /lib/bootstrap/dist/css/bootstrap.min.css responded 304 in 0.3904 ms
[13:56:34 INF] HTTP GET /lib/jquery/dist/jquery.min.js responded 304 in 1.0612 ms
[13:56:34 INF] HTTP GET /lib/bootstrap/dist/js/bootstrap.bundle.min.js responded 304 in 0.4880 ms
[13:56:34 INF] HTTP GET /js/site.js responded 304 in 0.4855 ms
[13:56:34 INF] HTTP GET /lib/jquery-validation/dist/jquery.validate.min.js responded 304 in 0.7936 ms
[13:56:34 INF] HTTP GET /js/products-catalog-filter.js responded 304 in 0.3939 ms
[13:56:34 INF] HTTP GET /lib/jquery-validation-unobtrusive/dist/jquery.validate.unobtrusive.min.js responded 304 in 1.8847 ms
[13:56:37 INF] HTTP GET /Inventory/Products responded 200 in 89.8190 ms
[13:56:37 INF] HTTP GET /lib/bootstrap/dist/css/bootstrap.min.css responded 304 in 0.5658 ms
[13:56:37 INF] HTTP GET /Biktal.WebMVC.styles.css responded 304 in 0.9715 ms
[13:56:37 INF] HTTP GET /css/site.css responded 304 in 0.4673 ms
[13:56:37 INF] HTTP GET /lib/jquery/dist/jquery.min.js responded 304 in 0.3283 ms
[13:56:37 INF] HTTP GET /lib/bootstrap/dist/js/bootstrap.bundle.min.js responded 304 in 0.6617 ms
[13:56:37 INF] HTTP GET /lib/jquery-validation/dist/jquery.validate.min.js responded 304 in 0.3107 ms
[13:56:37 INF] HTTP GET /js/site.js responded 304 in 0.5696 ms
[13:56:37 INF] HTTP GET /js/products-catalog-filter.js responded 304 in 0.4615 ms
[13:56:37 INF] HTTP GET /lib/jquery-validation-unobtrusive/dist/jquery.validate.unobtrusive.min.js responded 304 in 0.4616 ms
[13:56:54 INF] HTTP POST /Inventory/EditProduct responded 302 in 14.2321 ms
[13:56:54 INF] HTTP GET /Inventory/Products responded 200 in 62.6514 ms
[13:56:54 INF] HTTP GET /Biktal.WebMVC.styles.css responded 304 in 0.7657 ms
[13:56:54 INF] HTTP GET /lib/bootstrap/dist/css/bootstrap.min.css responded 200 in 2.7672 ms
[13:56:54 INF] HTTP GET /css/site.css responded 304 in 1.0610 ms
[13:56:54 INF] HTTP GET /lib/jquery/dist/jquery.min.js responded 304 in 0.2830 ms
[13:56:54 INF] HTTP GET /js/site.js responded 304 in 0.4122 ms
[13:56:54 INF] HTTP GET /lib/jquery-validation/dist/jquery.validate.min.js responded 304 in 0.3646 ms
[13:56:54 INF] HTTP GET /lib/bootstrap/dist/js/bootstrap.bundle.min.js responded 304 in 1.6758 ms
[13:56:54 INF] HTTP GET /js/products-catalog-filter.js responded 304 in 0.6856 ms
[13:56:54 INF] HTTP GET /lib/jquery-validation-unobtrusive/dist/jquery.validate.unobtrusive.min.js responded 304 in 0.3961 ms
[13:56:59 INF] HTTP GET /Inventory/Products responded 200 in 127.0857 ms
[13:56:59 INF] HTTP GET /lib/bootstrap/dist/css/bootstrap.min.css responded 304 in 1.8407 ms
[13:56:59 INF] HTTP GET /css/site.css responded 304 in 0.3087 ms
[13:56:59 INF] HTTP GET /Biktal.WebMVC.styles.css responded 304 in 0.2839 ms
[13:57:00 INF] HTTP GET /lib/jquery/dist/jquery.min.js responded 304 in 0.3634 ms
[13:57:00 INF] HTTP GET /lib/bootstrap/dist/js/bootstrap.bundle.min.js responded 304 in 0.4180 ms
[13:57:00 INF] HTTP GET /js/site.js responded 304 in 0.3004 ms
[13:57:00 INF] HTTP GET /lib/jquery-validation/dist/jquery.validate.min.js responded 304 in 0.4821 ms
[13:57:00 INF] HTTP GET /lib/jquery-validation-unobtrusive/dist/jquery.validate.unobtrusive.min.js responded 304 in 1.1344 ms
[13:57:00 INF] HTTP GET /js/products-catalog-filter.js responded 304 in 0.5027 ms
[13:57:16 INF] HTTP POST /Inventory/EditProduct responded 302 in 11.6138 ms
[13:57:16 INF] HTTP GET /Inventory/Products responded 200 in 47.5338 ms
[13:57:16 INF] HTTP GET /Biktal.WebMVC.styles.css responded 304 in 0.4766 ms
[13:57:16 INF] HTTP GET /lib/bootstrap/dist/css/bootstrap.min.css responded 200 in 1.0037 ms
[13:57:16 INF] HTTP GET /css/site.css responded 304 in 2.4238 ms
[13:57:17 INF] HTTP GET /lib/jquery/dist/jquery.min.js responded 304 in 0.2516 ms
[13:57:17 INF] HTTP GET /lib/bootstrap/dist/js/bootstrap.bundle.min.js responded 304 in 0.4739 ms
[13:57:17 INF] HTTP GET /lib/jquery-validation/dist/jquery.validate.min.js responded 304 in 0.3129 ms
[13:57:17 INF] HTTP GET /js/site.js responded 304 in 0.7803 ms
[13:57:17 INF] HTTP GET /lib/jquery-validation-unobtrusive/dist/jquery.validate.unobtrusive.min.js responded 304 in 0.4559 ms
[13:57:17 INF] HTTP GET /js/products-catalog-filter.js responded 304 in 0.4614 ms
[13:57:21 INF] HTTP GET /Inventory/Products responded 200 in 87.9308 ms
[13:57:21 INF] HTTP GET /lib/bootstrap/dist/css/bootstrap.min.css responded 304 in 0.4193 ms
[13:57:21 INF] HTTP GET /css/site.css responded 304 in 0.4364 ms
[13:57:21 INF] HTTP GET /Biktal.WebMVC.styles.css responded 304 in 0.5125 ms
[13:57:22 INF] HTTP GET /lib/jquery/dist/jquery.min.js responded 304 in 0.2502 ms
[13:57:22 INF] HTTP GET /lib/bootstrap/dist/js/bootstrap.bundle.min.js responded 304 in 0.3710 ms
[13:57:22 INF] HTTP GET /js/site.js responded 304 in 0.4343 ms
[13:57:22 INF] HTTP GET /lib/jquery-validation/dist/jquery.validate.min.js responded 304 in 0.2514 ms
[13:57:22 INF] HTTP GET /lib/jquery-validation-unobtrusive/dist/jquery.validate.unobtrusive.min.js responded 304 in 0.1924 ms
[13:57:22 INF] HTTP GET /js/products-catalog-filter.js responded 304 in 0.3497 ms
[13:57:37 INF] HTTP POST /Inventory/EditProduct responded 302 in 11.7653 ms
[13:57:37 INF] HTTP GET /Inventory/Products responded 200 in 75.8603 ms
[13:57:37 INF] HTTP GET /css/site.css responded 304 in 0.4711 ms
[13:57:37 INF] HTTP GET /lib/bootstrap/dist/css/bootstrap.min.css responded 304 in 0.9021 ms
[13:57:37 INF] HTTP GET /Biktal.WebMVC.styles.css responded 304 in 0.7477 ms
[13:57:38 INF] HTTP GET /lib/jquery/dist/jquery.min.js responded 304 in 0.2604 ms
[13:57:38 INF] HTTP GET /lib/bootstrap/dist/js/bootstrap.bundle.min.js responded 304 in 0.3857 ms
[13:57:38 INF] HTTP GET /js/site.js responded 304 in 0.3288 ms
[13:57:38 INF] HTTP GET /lib/jquery-validation/dist/jquery.validate.min.js responded 304 in 0.5440 ms
[13:57:38 INF] HTTP GET /lib/jquery-validation-unobtrusive/dist/jquery.validate.unobtrusive.min.js responded 304 in 0.3064 ms
[13:57:38 INF] HTTP GET /js/products-catalog-filter.js responded 304 in 0.8064 ms
[13:57:42 INF] HTTP GET /Inventory/Products responded 200 in 76.8092 ms
[13:57:42 INF] HTTP GET /lib/bootstrap/dist/css/bootstrap.min.css responded 304 in 2.3132 ms
[13:57:42 INF] HTTP GET /css/site.css responded 304 in 0.5369 ms
[13:57:42 INF] HTTP GET /Biktal.WebMVC.styles.css responded 304 in 0.3793 ms
[13:57:43 INF] HTTP GET /lib/jquery/dist/jquery.min.js responded 304 in 0.2537 ms
[13:57:43 INF] HTTP GET /lib/bootstrap/dist/js/bootstrap.bundle.min.js responded 304 in 0.3042 ms
[13:57:43 INF] HTTP GET /js/site.js responded 304 in 0.4088 ms
[13:57:43 INF] HTTP GET /lib/jquery-validation/dist/jquery.validate.min.js responded 304 in 2.2022 ms
[13:57:43 INF] HTTP GET /lib/jquery-validation-unobtrusive/dist/jquery.validate.unobtrusive.min.js responded 304 in 0.5488 ms
[13:57:43 INF] HTTP GET /js/products-catalog-filter.js responded 304 in 0.5156 ms
[13:57:54 INF] HTTP POST /Inventory/EditProduct responded 302 in 12.0974 ms
[13:57:54 INF] HTTP GET /Inventory/Products responded 200 in 48.6960 ms
[13:57:54 INF] HTTP GET /lib/bootstrap/dist/css/bootstrap.min.css responded 304 in 0.4915 ms
[13:57:54 INF] HTTP GET /Biktal.WebMVC.styles.css responded 304 in 0.4153 ms
[13:57:54 INF] HTTP GET /css/site.css responded 304 in 0.3488 ms
[13:57:55 INF] HTTP GET /lib/jquery/dist/jquery.min.js responded 304 in 0.2488 ms
[13:57:55 INF] HTTP GET /lib/bootstrap/dist/js/bootstrap.bundle.min.js responded 304 in 0.3939 ms
[13:57:55 INF] HTTP GET /js/site.js responded 304 in 0.3189 ms
[13:57:55 INF] HTTP GET /lib/jquery-validation/dist/jquery.validate.min.js responded 304 in 0.3624 ms
[13:57:55 INF] HTTP GET /lib/jquery-validation-unobtrusive/dist/jquery.validate.unobtrusive.min.js responded 304 in 0.4904 ms
[13:57:55 INF] HTTP GET /js/products-catalog-filter.js responded 304 in 2.0535 ms
[13:58:00 INF] HTTP GET /Inventory/Products responded 200 in 84.5504 ms
[13:58:00 INF] HTTP GET /lib/bootstrap/dist/css/bootstrap.min.css responded 304 in 0.4349 ms
[13:58:00 INF] HTTP GET /css/site.css responded 304 in 0.3840 ms
[13:58:00 INF] HTTP GET /Biktal.WebMVC.styles.css responded 304 in 0.8739 ms
[13:58:00 INF] HTTP GET /lib/jquery/dist/jquery.min.js responded 304 in 0.2510 ms
[13:58:00 INF] HTTP GET /lib/bootstrap/dist/js/bootstrap.bundle.min.js responded 304 in 0.3519 ms
[13:58:00 INF] HTTP GET /js/site.js responded 304 in 0.3578 ms
[13:58:00 INF] HTTP GET /lib/jquery-validation/dist/jquery.validate.min.js responded 304 in 0.2855 ms
[13:58:00 INF] HTTP GET /js/products-catalog-filter.js responded 304 in 0.2300 ms
[13:58:00 INF] HTTP GET /lib/jquery-validation-unobtrusive/dist/jquery.validate.unobtrusive.min.js responded 304 in 0.2616 ms
[13:58:12 INF] HTTP POST /Inventory/EditProduct responded 302 in 8.9743 ms
[13:58:12 INF] HTTP GET /Inventory/Products responded 200 in 48.4427 ms
[13:58:12 INF] HTTP GET /lib/bootstrap/dist/css/bootstrap.min.css responded 200 in 1.6014 ms
[13:58:12 INF] HTTP GET /css/site.css responded 304 in 0.5629 ms
[13:58:12 INF] HTTP GET /Biktal.WebMVC.styles.css responded 304 in 0.5728 ms
[13:58:13 INF] HTTP GET /lib/jquery/dist/jquery.min.js responded 304 in 0.2478 ms
[13:58:13 INF] HTTP GET /lib/bootstrap/dist/js/bootstrap.bundle.min.js responded 304 in 0.3821 ms
[13:58:13 INF] HTTP GET /js/site.js responded 304 in 0.4034 ms
[13:58:13 INF] HTTP GET /lib/jquery-validation/dist/jquery.validate.min.js responded 304 in 0.5674 ms
[13:58:13 INF] HTTP GET /lib/jquery-validation-unobtrusive/dist/jquery.validate.unobtrusive.min.js responded 304 in 0.3940 ms
[13:58:13 INF] HTTP GET /js/products-catalog-filter.js responded 304 in 0.7490 ms
[13:58:19 INF] HTTP GET /Inventory/Products responded 200 in 95.4505 ms
[13:58:19 INF] HTTP GET /lib/bootstrap/dist/css/bootstrap.min.css responded 304 in 0.7219 ms
[13:58:19 INF] HTTP GET /css/site.css responded 304 in 0.2481 ms
[13:58:19 INF] HTTP GET /Biktal.WebMVC.styles.css responded 304 in 0.3669 ms
[13:58:19 INF] HTTP GET /lib/jquery/dist/jquery.min.js responded 304 in 0.3139 ms
[13:58:20 INF] HTTP GET /lib/bootstrap/dist/js/bootstrap.bundle.min.js responded 304 in 0.3909 ms
[13:58:20 INF] HTTP GET /js/site.js responded 304 in 0.3958 ms
[13:58:20 INF] HTTP GET /lib/jquery-validation/dist/jquery.validate.min.js responded 304 in 0.5000 ms
[13:58:20 INF] HTTP GET /js/products-catalog-filter.js responded 304 in 0.2920 ms
[13:58:20 INF] HTTP GET /lib/jquery-validation-unobtrusive/dist/jquery.validate.unobtrusive.min.js responded 304 in 0.6446 ms
[13:58:29 INF] HTTP POST /Inventory/EditProduct responded 302 in 49.1512 ms
[13:58:29 INF] HTTP GET /Inventory/Products responded 200 in 73.8107 ms
[13:58:29 INF] HTTP GET /css/site.css responded 304 in 0.9980 ms
[13:58:29 INF] HTTP GET /Biktal.WebMVC.styles.css responded 304 in 1.1508 ms
[13:58:29 INF] HTTP GET /lib/bootstrap/dist/css/bootstrap.min.css responded 200 in 2.8599 ms
[13:58:30 INF] HTTP GET /lib/jquery/dist/jquery.min.js responded 304 in 0.2468 ms
[13:58:30 INF] HTTP GET /lib/bootstrap/dist/js/bootstrap.bundle.min.js responded 304 in 0.3945 ms
[13:58:30 INF] HTTP GET /lib/jquery-validation/dist/jquery.validate.min.js responded 304 in 0.2176 ms
[13:58:30 INF] HTTP GET /js/site.js responded 304 in 0.3852 ms
[13:58:30 INF] HTTP GET /lib/jquery-validation-unobtrusive/dist/jquery.validate.unobtrusive.min.js responded 304 in 0.5222 ms
[13:58:30 INF] HTTP GET /js/products-catalog-filter.js responded 304 in 0.7851 ms
[13:58:39 INF] HTTP GET /Inventory/Products responded 200 in 104.9944 ms
[13:58:39 INF] HTTP GET /lib/bootstrap/dist/css/bootstrap.min.css responded 200 in 2.3457 ms
[13:58:39 INF] HTTP GET /Biktal.WebMVC.styles.css responded 304 in 0.5377 ms
[13:58:39 INF] HTTP GET /css/site.css responded 304 in 0.7821 ms
[13:58:40 INF] HTTP GET /lib/jquery/dist/jquery.min.js responded 304 in 0.2564 ms
[13:58:40 INF] HTTP GET /lib/bootstrap/dist/js/bootstrap.bundle.min.js responded 304 in 1.3856 ms
[13:58:40 INF] HTTP GET /js/site.js responded 304 in 1.6851 ms
[13:58:40 INF] HTTP GET /lib/jquery-validation/dist/jquery.validate.min.js responded 304 in 1.2633 ms
[13:58:40 INF] HTTP GET /lib/jquery-validation-unobtrusive/dist/jquery.validate.unobtrusive.min.js responded 304 in 0.7770 ms
[13:58:40 INF] HTTP GET /js/products-catalog-filter.js responded 304 in 0.5131 ms
[13:58:56 INF] HTTP POST /Inventory/EditProduct responded 302 in 10.3598 ms
[13:58:56 INF] HTTP GET /Inventory/Products responded 200 in 45.3896 ms
[13:58:56 INF] HTTP GET /css/site.css responded 304 in 0.4102 ms
[13:58:56 INF] HTTP GET /lib/bootstrap/dist/css/bootstrap.min.css responded 304 in 0.4572 ms
[13:58:56 INF] HTTP GET /Biktal.WebMVC.styles.css responded 304 in 2.4661 ms
[13:58:57 INF] HTTP GET /lib/jquery/dist/jquery.min.js responded 304 in 0.2494 ms
[13:58:57 INF] HTTP GET /lib/bootstrap/dist/js/bootstrap.bundle.min.js responded 304 in 0.3813 ms
[13:58:57 INF] HTTP GET /js/site.js responded 304 in 0.2770 ms
[13:58:57 INF] HTTP GET /lib/jquery-validation/dist/jquery.validate.min.js responded 304 in 0.7796 ms
[13:58:57 INF] HTTP GET /lib/jquery-validation-unobtrusive/dist/jquery.validate.unobtrusive.min.js responded 304 in 0.4049 ms
[13:58:57 INF] HTTP GET /js/products-catalog-filter.js responded 304 in 0.5081 ms
[13:59:03 INF] HTTP GET /Inventory/Products responded 200 in 76.8859 ms
[13:59:03 INF] HTTP GET /lib/bootstrap/dist/css/bootstrap.min.css responded 304 in 0.5749 ms
[13:59:03 INF] HTTP GET /css/site.css responded 304 in 0.5342 ms
[13:59:03 INF] HTTP GET /Biktal.WebMVC.styles.css responded 304 in 1.3668 ms
[13:59:04 INF] HTTP GET /lib/jquery/dist/jquery.min.js responded 304 in 0.2480 ms
[13:59:04 INF] HTTP GET /lib/bootstrap/dist/js/bootstrap.bundle.min.js responded 304 in 0.5115 ms
[13:59:04 INF] HTTP GET /js/site.js responded 304 in 1.0630 ms
[13:59:04 INF] HTTP GET /js/products-catalog-filter.js responded 304 in 0.2775 ms
[13:59:04 INF] HTTP GET /lib/jquery-validation-unobtrusive/dist/jquery.validate.unobtrusive.min.js responded 304 in 0.3885 ms
[13:59:04 INF] HTTP GET /lib/jquery-validation/dist/jquery.validate.min.js responded 304 in 0.2676 ms
[13:59:15 INF] HTTP POST /Inventory/EditProduct responded 302 in 7.9783 ms
[13:59:15 INF] HTTP GET /Inventory/Products responded 200 in 47.5647 ms
[13:59:16 INF] HTTP GET /lib/bootstrap/dist/css/bootstrap.min.css responded 304 in 0.7946 ms
[13:59:16 INF] HTTP GET /css/site.css responded 304 in 0.4151 ms
[13:59:16 INF] HTTP GET /Biktal.WebMVC.styles.css responded 304 in 0.5216 ms
[13:59:16 INF] HTTP GET /lib/jquery/dist/jquery.min.js responded 304 in 0.3909 ms
[13:59:16 INF] HTTP GET /lib/bootstrap/dist/js/bootstrap.bundle.min.js responded 304 in 0.3709 ms
[13:59:16 INF] HTTP GET /js/site.js responded 304 in 0.4637 ms
[13:59:16 INF] HTTP GET /lib/jquery-validation/dist/jquery.validate.min.js responded 304 in 0.3268 ms
[13:59:16 INF] HTTP GET /lib/jquery-validation-unobtrusive/dist/jquery.validate.unobtrusive.min.js responded 304 in 0.2312 ms
[13:59:16 INF] HTTP GET /js/products-catalog-filter.js responded 304 in 0.1787 ms
[13:59:22 INF] HTTP GET /Inventory/Products responded 200 in 84.7055 ms
[13:59:22 INF] HTTP GET /lib/bootstrap/dist/css/bootstrap.min.css responded 304 in 0.5805 ms
[13:59:22 INF] HTTP GET /css/site.css responded 304 in 0.7740 ms
[13:59:22 INF] HTTP GET /Biktal.WebMVC.styles.css responded 304 in 6.4467 ms
[13:59:23 INF] HTTP GET /lib/jquery/dist/jquery.min.js responded 304 in 0.2519 ms
[13:59:23 INF] HTTP GET /lib/bootstrap/dist/js/bootstrap.bundle.min.js responded 304 in 0.9570 ms
[13:59:23 INF] HTTP GET /js/site.js responded 304 in 0.5359 ms
[13:59:23 INF] HTTP GET /lib/jquery-validation/dist/jquery.validate.min.js responded 304 in 0.3588 ms
[13:59:23 INF] HTTP GET /lib/jquery-validation-unobtrusive/dist/jquery.validate.unobtrusive.min.js responded 304 in 0.4662 ms
[13:59:23 INF] HTTP GET /js/products-catalog-filter.js responded 304 in 0.4519 ms
[13:59:27 INF] HTTP POST /Inventory/EditProduct responded 302 in 12.6423 ms
[13:59:27 INF] HTTP GET /Inventory/Products responded 200 in 50.0350 ms
[13:59:27 INF] HTTP GET /lib/bootstrap/dist/css/bootstrap.min.css responded 304 in 0.4722 ms
[13:59:27 INF] HTTP GET /css/site.css responded 304 in 0.4360 ms
[13:59:27 INF] HTTP GET /Biktal.WebMVC.styles.css responded 304 in 1.9982 ms
[13:59:28 INF] HTTP GET /lib/jquery/dist/jquery.min.js responded 304 in 0.2499 ms
[13:59:28 INF] HTTP GET /js/site.js responded 304 in 0.2858 ms
[13:59:28 INF] HTTP GET /lib/bootstrap/dist/js/bootstrap.bundle.min.js responded 304 in 0.3549 ms
[13:59:28 INF] HTTP GET /lib/jquery-validation/dist/jquery.validate.min.js responded 304 in 0.7154 ms
[13:59:28 INF] HTTP GET /lib/jquery-validation-unobtrusive/dist/jquery.validate.unobtrusive.min.js responded 304 in 0.5571 ms
[13:59:28 INF] HTTP GET /js/products-catalog-filter.js responded 304 in 0.6582 ms
[13:59:33 INF] HTTP GET /Inventory/Products responded 200 in 84.5106 ms
[13:59:33 INF] HTTP GET /lib/bootstrap/dist/css/bootstrap.min.css responded 304 in 0.6646 ms
[13:59:33 INF] HTTP GET /Biktal.WebMVC.styles.css responded 304 in 0.4028 ms
[13:59:33 INF] HTTP GET /css/site.css responded 304 in 2.5905 ms
[13:59:33 INF] HTTP GET /lib/jquery/dist/jquery.min.js responded 304 in 0.2548 ms
[13:59:33 INF] HTTP GET /lib/bootstrap/dist/js/bootstrap.bundle.min.js responded 304 in 0.4041 ms
[13:59:33 INF] HTTP GET /js/site.js responded 304 in 0.6178 ms
[13:59:33 INF] HTTP GET /lib/jquery-validation/dist/jquery.validate.min.js responded 304 in 0.4256 ms
[13:59:33 INF] HTTP GET /lib/jquery-validation-unobtrusive/dist/jquery.validate.unobtrusive.min.js responded 304 in 0.3734 ms
[13:59:33 INF] HTTP GET /js/products-catalog-filter.js responded 304 in 1.0685 ms
[13:59:48 INF] HTTP POST /Inventory/EditProduct responded 302 in 9.2252 ms
[13:59:48 INF] HTTP GET /Inventory/Products responded 200 in 60.0852 ms
[13:59:48 INF] HTTP GET /lib/bootstrap/dist/css/bootstrap.min.css responded 304 in 0.8598 ms
[13:59:48 INF] HTTP GET /css/site.css responded 304 in 0.5911 ms
[13:59:48 INF] HTTP GET /Biktal.WebMVC.styles.css responded 304 in 1.4611 ms
[13:59:49 INF] HTTP GET /lib/jquery/dist/jquery.min.js responded 304 in 0.2607 ms
[13:59:49 INF] HTTP GET /lib/bootstrap/dist/js/bootstrap.bundle.min.js responded 304 in 2.5037 ms
[13:59:49 INF] HTTP GET /js/site.js responded 304 in 0.4706 ms
[13:59:49 INF] HTTP GET /lib/jquery-validation/dist/jquery.validate.min.js responded 304 in 0.6247 ms
[13:59:49 INF] HTTP GET /lib/jquery-validation-unobtrusive/dist/jquery.validate.unobtrusive.min.js responded 304 in 0.4547 ms
[13:59:49 INF] HTTP GET /js/products-catalog-filter.js responded 304 in 0.5106 ms
[14:03:17 INF] HTTP GET /Inventory/Products responded 200 in 193.3526 ms
[14:03:17 INF] HTTP GET /css/site.css responded 200 in 1.2767 ms
[14:03:17 INF] HTTP GET /lib/bootstrap/dist/css/bootstrap.min.css responded 200 in 2.3819 ms
[14:03:17 INF] HTTP GET /Biktal.WebMVC.styles.css responded 200 in 2.4596 ms
[14:03:18 INF] HTTP GET /lib/jquery/dist/jquery.min.js responded 200 in 0.8362 ms
[14:03:18 INF] HTTP GET /js/site.js responded 200 in 0.8863 ms
[14:03:18 INF] HTTP GET /lib/bootstrap/dist/js/bootstrap.bundle.min.js responded 200 in 1.0344 ms
[14:03:18 INF] HTTP GET /lib/jquery-validation-unobtrusive/dist/jquery.validate.unobtrusive.min.js responded 200 in 4.2911 ms
[14:03:18 INF] HTTP GET /js/products-catalog-filter.js responded 200 in 4.9377 ms
[14:03:18 INF] HTTP GET /lib/jquery-validation/dist/jquery.validate.min.js responded 200 in 1.0507 ms
[14:03:22 INF] HTTP POST /Inventory/EditProduct responded 302 in 10.8921 ms
[14:03:22 INF] HTTP GET /Inventory/Products responded 200 in 39.2464 ms
[14:03:22 INF] HTTP GET /css/site.css responded 304 in 0.4016 ms
[14:03:22 INF] HTTP GET /lib/bootstrap/dist/css/bootstrap.min.css responded 304 in 0.5195 ms
[14:03:22 INF] HTTP GET /Biktal.WebMVC.styles.css responded 304 in 0.9930 ms
[14:03:23 INF] HTTP GET /lib/jquery/dist/jquery.min.js responded 304 in 0.2490 ms
[14:03:23 INF] HTTP GET /js/site.js responded 304 in 0.3075 ms
[14:03:23 INF] HTTP GET /lib/bootstrap/dist/js/bootstrap.bundle.min.js responded 304 in 0.3866 ms
[14:03:23 INF] HTTP GET /lib/jquery-validation/dist/jquery.validate.min.js responded 304 in 0.3151 ms
[14:03:23 INF] HTTP GET /lib/jquery-validation-unobtrusive/dist/jquery.validate.unobtrusive.min.js responded 304 in 0.2286 ms
[14:03:23 INF] HTTP GET /js/products-catalog-filter.js responded 304 in 0.4582 ms
[14:16:03 INF] HTTP GET /Inventory/Products responded 200 in 116.2551 ms
[14:16:03 INF] HTTP GET /lib/bootstrap/dist/css/bootstrap.min.css responded 200 in 0.9627 ms
[14:16:03 INF] HTTP GET /css/site.css responded 200 in 0.8372 ms
[14:16:03 INF] HTTP GET /Biktal.WebMVC.styles.css responded 200 in 0.7059 ms
[14:16:04 INF] HTTP GET /lib/jquery/dist/jquery.min.js responded 200 in 0.7526 ms
[14:16:04 INF] HTTP GET /js/site.js responded 200 in 0.8167 ms
[14:16:04 INF] HTTP GET /lib/bootstrap/dist/js/bootstrap.bundle.min.js responded 200 in 0.7786 ms
[14:16:04 INF] HTTP GET /lib/jquery-validation-unobtrusive/dist/jquery.validate.unobtrusive.min.js responded 200 in 0.8630 ms
[14:16:04 INF] HTTP GET /lib/jquery-validation/dist/jquery.validate.min.js responded 200 in 0.7815 ms
[14:16:04 INF] HTTP GET /js/products-catalog-filter.js responded 200 in 1.1888 ms
[14:16:48 INF] HTTP POST /Inventory/EditProduct responded 302 in 25.3934 ms
[14:16:48 INF] HTTP GET /Inventory/Products responded 200 in 51.2029 ms
[14:16:48 INF] HTTP GET /Biktal.WebMVC.styles.css responded 200 in 0.7400 ms
[14:16:48 INF] HTTP GET /css/site.css responded 200 in 4.1583 ms
[14:16:48 INF] HTTP GET /lib/bootstrap/dist/css/bootstrap.min.css responded 200 in 5.1328 ms
[14:16:48 INF] HTTP GET /lib/jquery/dist/jquery.min.js responded 304 in 0.2478 ms
[14:16:48 INF] HTTP GET /lib/bootstrap/dist/js/bootstrap.bundle.min.js responded 304 in 0.3653 ms
[14:16:48 INF] HTTP GET /js/site.js responded 304 in 0.2346 ms
[14:16:48 INF] HTTP GET /lib/jquery-validation/dist/jquery.validate.min.js responded 304 in 0.6922 ms
[14:16:48 INF] HTTP GET /lib/jquery-validation-unobtrusive/dist/jquery.validate.unobtrusive.min.js responded 304 in 0.6549 ms
[14:16:48 INF] HTTP GET /js/products-catalog-filter.js responded 304 in 1.4737 ms
[14:25:47 INF] HTTP GET /Inventory/Products responded 200 in 225.1045 ms
[14:25:47 INF] HTTP GET /lib/bootstrap/dist/css/bootstrap.min.css responded 200 in 0.9534 ms
[14:25:47 INF] HTTP GET /css/site.css responded 200 in 0.8010 ms
[14:25:47 INF] HTTP GET /Biktal.WebMVC.styles.css responded 200 in 0.6522 ms
[14:25:48 INF] HTTP GET /lib/jquery/dist/jquery.min.js responded 200 in 0.8038 ms
[14:25:48 INF] HTTP GET /lib/bootstrap/dist/js/bootstrap.bundle.min.js responded 200 in 1.7520 ms
[14:25:48 INF] HTTP GET /js/site.js responded 200 in 0.7733 ms
[14:25:48 INF] HTTP GET /lib/jquery-validation/dist/jquery.validate.min.js responded 200 in 0.8490 ms
[14:25:48 INF] HTTP GET /js/products-catalog-filter.js responded 200 in 1.0217 ms
[14:25:48 INF] HTTP GET /lib/jquery-validation-unobtrusive/dist/jquery.validate.unobtrusive.min.js responded 200 in 0.8151 ms
[14:25:53 INF] HTTP POST /Inventory/EditProduct responded 302 in 25.9738 ms
[14:25:53 INF] HTTP GET /Inventory/Products responded 200 in 39.8505 ms
[14:25:53 INF] HTTP GET /css/site.css responded 200 in 0.8515 ms
[14:25:53 INF] HTTP GET /Biktal.WebMVC.styles.css responded 200 in 0.6928 ms
[14:25:53 INF] HTTP GET /lib/bootstrap/dist/css/bootstrap.min.css responded 200 in 1.2605 ms
[14:25:54 INF] HTTP GET /lib/jquery/dist/jquery.min.js responded 304 in 0.2480 ms
[14:25:54 INF] HTTP GET /lib/bootstrap/dist/js/bootstrap.bundle.min.js responded 304 in 0.4529 ms
[14:25:54 INF] HTTP GET /js/site.js responded 304 in 1.9249 ms
[14:25:54 INF] HTTP GET /lib/jquery-validation/dist/jquery.validate.min.js responded 304 in 0.3177 ms
[14:25:54 INF] HTTP GET /lib/jquery-validation-unobtrusive/dist/jquery.validate.unobtrusive.min.js responded 304 in 0.9142 ms
[14:25:54 INF] HTTP GET /js/products-catalog-filter.js responded 304 in 0.4433 ms
[14:26:30 INF] HTTP GET /Inventory/Products responded 200 in 131.4775 ms
[14:26:30 INF] HTTP GET /lib/bootstrap/dist/css/bootstrap.min.css responded 200 in 1.1127 ms
[14:26:30 INF] HTTP GET /css/site.css responded 200 in 1.0527 ms
[14:26:30 INF] HTTP GET /Biktal.WebMVC.styles.css responded 200 in 0.7726 ms
[14:26:31 INF] HTTP GET /lib/jquery/dist/jquery.min.js responded 200 in 0.6161 ms
[14:26:31 INF] HTTP GET /lib/bootstrap/dist/js/bootstrap.bundle.min.js responded 200 in 0.9130 ms
[14:26:31 INF] HTTP GET /js/site.js responded 200 in 0.8497 ms
[14:26:31 INF] HTTP GET /lib/jquery-validation-unobtrusive/dist/jquery.validate.unobtrusive.min.js responded 200 in 2.3247 ms
[14:26:31 INF] HTTP GET /js/products-catalog-filter.js responded 200 in 3.1905 ms
[14:26:31 INF] HTTP GET /lib/jquery-validation/dist/jquery.validate.min.js responded 200 in 0.8823 ms
[14:26:37 INF] HTTP POST /Inventory/EditProduct responded 302 in 11.4285 ms
[14:26:37 INF] HTTP GET /Inventory/Products responded 200 in 46.5354 ms
[14:26:37 INF] HTTP GET /css/site.css responded 200 in 2.4082 ms
[14:26:37 INF] HTTP GET /lib/bootstrap/dist/css/bootstrap.min.css responded 200 in 4.1042 ms
[14:26:37 INF] HTTP GET /Biktal.WebMVC.styles.css responded 200 in 1.5498 ms
[14:26:38 INF] HTTP GET /lib/jquery/dist/jquery.min.js responded 200 in 1.1744 ms
[14:26:38 INF] HTTP GET /js/site.js responded 200 in 0.8361 ms
[14:26:38 INF] HTTP GET /lib/bootstrap/dist/js/bootstrap.bundle.min.js responded 200 in 0.7691 ms
[14:26:38 INF] HTTP GET /lib/jquery-validation/dist/jquery.validate.min.js responded 200 in 1.2543 ms
[14:26:38 INF] HTTP GET /lib/jquery-validation-unobtrusive/dist/jquery.validate.unobtrusive.min.js responded 200 in 1.3781 ms
[14:26:38 INF] HTTP GET /js/products-catalog-filter.js responded 200 in 6.1362 ms
[14:27:09 INF] HTTP GET /Inventory/Products responded 200 in 108.2196 ms
[14:27:09 INF] HTTP GET /lib/bootstrap/dist/css/bootstrap.min.css responded 200 in 25.4678 ms
[14:27:09 INF] HTTP GET /Biktal.WebMVC.styles.css responded 200 in 2.8165 ms
[14:27:09 INF] HTTP GET /css/site.css responded 200 in 1.3175 ms
[14:27:10 INF] HTTP GET /lib/jquery/dist/jquery.min.js responded 200 in 0.5988 ms
[14:27:10 INF] HTTP GET /lib/bootstrap/dist/js/bootstrap.bundle.min.js responded 200 in 0.9552 ms
[14:27:10 INF] HTTP GET /js/site.js responded 200 in 0.6727 ms
[14:27:10 INF] HTTP GET /lib/jquery-validation/dist/jquery.validate.min.js responded 200 in 0.8075 ms
[14:27:10 INF] HTTP GET /lib/jquery-validation-unobtrusive/dist/jquery.validate.unobtrusive.min.js responded 200 in 0.9747 ms
[14:27:10 INF] HTTP GET /js/products-catalog-filter.js responded 200 in 0.9389 ms
[14:27:55 INF] HTTP POST /Inventory/EditProduct responded 302 in 14.6088 ms
[14:27:55 INF] HTTP GET /Inventory/Products responded 200 in 64.5672 ms
[14:27:55 INF] HTTP GET /lib/bootstrap/dist/css/bootstrap.min.css responded 200 in 1.1170 ms
[14:27:55 INF] HTTP GET /Biktal.WebMVC.styles.css responded 200 in 2.4047 ms
[14:27:55 INF] HTTP GET /css/site.css responded 200 in 2.0481 ms
[14:27:56 INF] HTTP GET /lib/jquery/dist/jquery.min.js responded 200 in 0.6360 ms
[14:27:56 INF] HTTP GET /lib/bootstrap/dist/js/bootstrap.bundle.min.js responded 200 in 0.9989 ms
[14:27:56 INF] HTTP GET /js/site.js responded 200 in 1.2169 ms
[14:27:56 INF] HTTP GET /js/products-catalog-filter.js responded 200 in 0.5958 ms
[14:27:56 INF] HTTP GET /lib/jquery-validation-unobtrusive/dist/jquery.validate.unobtrusive.min.js responded 200 in 1.3060 ms
[14:27:56 INF] HTTP GET /lib/jquery-validation/dist/jquery.validate.min.js responded 200 in 1.3829 ms
[14:28:05 INF] HTTP GET /Inventory/Products responded 200 in 83.4394 ms
[14:28:05 INF] HTTP GET /css/site.css responded 200 in 0.8295 ms
[14:28:05 INF] HTTP GET /Biktal.WebMVC.styles.css responded 200 in 1.1120 ms
[14:28:05 INF] HTTP GET /lib/bootstrap/dist/css/bootstrap.min.css responded 200 in 0.6790 ms
[14:28:06 INF] HTTP GET /lib/jquery/dist/jquery.min.js responded 304 in 0.2437 ms
[14:28:06 INF] HTTP GET /lib/bootstrap/dist/js/bootstrap.bundle.min.js responded 304 in 0.5126 ms
[14:28:06 INF] HTTP GET /js/site.js responded 304 in 0.2874 ms
[14:28:06 INF] HTTP GET /lib/jquery-validation/dist/jquery.validate.min.js responded 304 in 0.3554 ms
[14:28:06 INF] HTTP GET /js/products-catalog-filter.js responded 304 in 0.3096 ms
[14:28:06 INF] HTTP GET /lib/jquery-validation-unobtrusive/dist/jquery.validate.unobtrusive.min.js responded 304 in 0.3780 ms
[14:28:08 INF] HTTP GET /Inventory/Products responded 200 in 57.9833 ms
[14:28:08 INF] HTTP GET /lib/bootstrap/dist/css/bootstrap.min.css responded 304 in 0.6130 ms
[14:28:08 INF] HTTP GET /css/site.css responded 304 in 0.5032 ms
[14:28:08 INF] HTTP GET /Biktal.WebMVC.styles.css responded 304 in 0.6050 ms
[14:28:08 INF] HTTP GET /lib/jquery/dist/jquery.min.js responded 304 in 0.2467 ms
[14:28:08 INF] HTTP GET /js/site.js responded 304 in 0.3032 ms
[14:28:08 INF] HTTP GET /lib/bootstrap/dist/js/bootstrap.bundle.min.js responded 304 in 0.3485 ms
[14:28:08 INF] HTTP GET /lib/jquery-validation-unobtrusive/dist/jquery.validate.unobtrusive.min.js responded 304 in 0.3385 ms
[14:28:08 INF] HTTP GET /js/products-catalog-filter.js responded 304 in 0.2388 ms
[14:28:08 INF] HTTP GET /lib/jquery-validation/dist/jquery.validate.min.js responded 304 in 0.3899 ms
[14:28:13 INF] HTTP GET /Inventory/Products responded 200 in 93.3329 ms
[14:28:13 INF] HTTP GET /css/site.css responded 304 in 0.3607 ms
[14:28:13 INF] HTTP GET /lib/bootstrap/dist/css/bootstrap.min.css responded 304 in 0.4687 ms
[14:28:13 INF] HTTP GET /Biktal.WebMVC.styles.css responded 304 in 0.3269 ms
[14:28:13 INF] HTTP GET /lib/jquery/dist/jquery.min.js responded 304 in 1.2144 ms
[14:28:13 INF] HTTP GET /lib/bootstrap/dist/js/bootstrap.bundle.min.js responded 304 in 0.3437 ms
[14:28:13 INF] HTTP GET /js/site.js responded 304 in 0.5030 ms
[14:28:13 INF] HTTP GET /lib/jquery-validation/dist/jquery.validate.min.js responded 304 in 1.3134 ms
[14:28:13 INF] HTTP GET /lib/jquery-validation-unobtrusive/dist/jquery.validate.unobtrusive.min.js responded 304 in 0.4323 ms
[14:28:13 INF] HTTP GET /js/products-catalog-filter.js responded 304 in 0.9389 ms
[14:29:00 INF] HTTP POST /Inventory/EditProduct responded 302 in 13.1524 ms
[14:29:00 INF] HTTP GET /Inventory/Products responded 200 in 47.3404 ms
[14:29:00 INF] HTTP GET /css/site.css responded 304 in 0.3813 ms
[14:29:00 INF] HTTP GET /Biktal.WebMVC.styles.css responded 304 in 0.4394 ms
[14:29:00 INF] HTTP GET /lib/bootstrap/dist/css/bootstrap.min.css responded 200 in 0.9817 ms
[14:29:01 INF] HTTP GET /lib/jquery/dist/jquery.min.js responded 304 in 0.2537 ms
[14:29:01 INF] HTTP GET /lib/bootstrap/dist/js/bootstrap.bundle.min.js responded 304 in 0.4361 ms
[14:29:01 INF] HTTP GET /js/site.js responded 304 in 0.4589 ms
[14:29:01 INF] HTTP GET /lib/jquery-validation-unobtrusive/dist/jquery.validate.unobtrusive.min.js responded 304 in 1.1735 ms
[14:29:01 INF] HTTP GET /js/products-catalog-filter.js responded 304 in 0.3169 ms
[14:29:01 INF] HTTP GET /lib/jquery-validation/dist/jquery.validate.min.js responded 304 in 0.4632 ms
[14:29:18 INF] HTTP GET /Inventory/Products responded 200 in 107.4667 ms
[14:29:18 INF] HTTP GET /lib/bootstrap/dist/css/bootstrap.min.css responded 304 in 0.5181 ms
[14:29:18 INF] HTTP GET /css/site.css responded 304 in 1.8625 ms
[14:29:18 INF] HTTP GET /Biktal.WebMVC.styles.css responded 304 in 1.0156 ms
[14:29:19 INF] HTTP GET /lib/jquery/dist/jquery.min.js responded 304 in 0.2456 ms
[14:29:19 INF] HTTP GET /lib/bootstrap/dist/js/bootstrap.bundle.min.js responded 304 in 0.3813 ms
[14:29:19 INF] HTTP GET /js/site.js responded 304 in 0.2660 ms
[14:29:19 INF] HTTP GET /lib/jquery-validation/dist/jquery.validate.min.js responded 304 in 0.8148 ms
[14:29:19 INF] HTTP GET /lib/jquery-validation-unobtrusive/dist/jquery.validate.unobtrusive.min.js responded 304 in 1.2570 ms
[14:29:19 INF] HTTP GET /js/products-catalog-filter.js responded 304 in 1.3503 ms
[14:30:02 INF] HTTP POST /Inventory/EditProduct responded 302 in 13.2376 ms
[14:30:02 INF] HTTP GET /Inventory/Products responded 200 in 48.3379 ms
[14:30:02 INF] HTTP GET /css/site.css responded 304 in 0.3951 ms
[14:30:02 INF] HTTP GET /Biktal.WebMVC.styles.css responded 304 in 0.4108 ms
[14:30:02 INF] HTTP GET /lib/bootstrap/dist/css/bootstrap.min.css responded 200 in 2.0171 ms
[14:30:03 INF] HTTP GET /lib/jquery/dist/jquery.min.js responded 304 in 0.2486 ms
[14:30:03 INF] HTTP GET /js/site.js responded 304 in 0.3923 ms
[14:30:03 INF] HTTP GET /lib/bootstrap/dist/js/bootstrap.bundle.min.js responded 304 in 0.4490 ms
[14:30:03 INF] HTTP GET /js/products-catalog-filter.js responded 304 in 0.3386 ms
[14:30:03 INF] HTTP GET /lib/jquery-validation/dist/jquery.validate.min.js responded 304 in 0.2728 ms
[14:30:03 INF] HTTP GET /lib/jquery-validation-unobtrusive/dist/jquery.validate.unobtrusive.min.js responded 304 in 0.4936 ms
[14:30:06 INF] HTTP GET /Inventory/Products responded 200 in 68.9350 ms
[14:30:06 INF] HTTP GET /lib/bootstrap/dist/css/bootstrap.min.css responded 304 in 0.5643 ms
[14:30:06 INF] HTTP GET /css/site.css responded 304 in 0.4103 ms
[14:30:06 INF] HTTP GET /Biktal.WebMVC.styles.css responded 304 in 0.3938 ms
[14:30:07 INF] HTTP GET /lib/jquery/dist/jquery.min.js responded 304 in 0.2581 ms
[14:30:07 INF] HTTP GET /lib/bootstrap/dist/js/bootstrap.bundle.min.js responded 304 in 0.4295 ms
[14:30:07 INF] HTTP GET /js/site.js responded 304 in 0.3174 ms
[14:30:07 INF] HTTP GET /lib/jquery-validation/dist/jquery.validate.min.js responded 304 in 0.3876 ms
[14:30:07 INF] HTTP GET /lib/jquery-validation-unobtrusive/dist/jquery.validate.unobtrusive.min.js responded 304 in 0.4221 ms
[14:30:07 INF] HTTP GET /js/products-catalog-filter.js responded 304 in 0.2980 ms
[14:30:13 INF] HTTP POST /Inventory/EditProduct responded 302 in 13.2091 ms
[14:30:13 INF] HTTP GET /Inventory/Products responded 200 in 49.8248 ms
[14:30:13 INF] HTTP GET /lib/bootstrap/dist/css/bootstrap.min.css responded 304 in 1.0210 ms
[14:30:13 INF] HTTP GET /css/site.css responded 304 in 0.4401 ms
[14:30:13 INF] HTTP GET /Biktal.WebMVC.styles.css responded 304 in 1.3588 ms
[14:30:14 INF] HTTP GET /lib/jquery/dist/jquery.min.js responded 304 in 0.2538 ms
[14:30:14 INF] HTTP GET /lib/bootstrap/dist/js/bootstrap.bundle.min.js responded 304 in 0.3593 ms
[14:30:14 INF] HTTP GET /js/site.js responded 304 in 0.4109 ms
[14:30:14 INF] HTTP GET /lib/jquery-validation/dist/jquery.validate.min.js responded 304 in 0.2701 ms
[14:30:14 INF] HTTP GET /lib/jquery-validation-unobtrusive/dist/jquery.validate.unobtrusive.min.js responded 304 in 0.2896 ms
[14:30:14 INF] HTTP GET /js/products-catalog-filter.js responded 304 in 0.1958 ms
[14:30:40 INF] HTTP GET /Inventory/Products responded 200 in 69.1301 ms
[14:30:40 INF] HTTP GET /lib/bootstrap/dist/css/bootstrap.min.css responded 200 in 0.9429 ms
[14:30:40 INF] HTTP GET /Biktal.WebMVC.styles.css responded 304 in 0.4993 ms
[14:30:40 INF] HTTP GET /css/site.css responded 304 in 0.3494 ms
[14:30:41 INF] HTTP GET /lib/jquery/dist/jquery.min.js responded 304 in 0.5760 ms
[14:30:41 INF] HTTP GET /lib/bootstrap/dist/js/bootstrap.bundle.min.js responded 304 in 0.6012 ms
[14:30:41 INF] HTTP GET /js/site.js responded 304 in 0.2932 ms
[14:30:41 INF] HTTP GET /lib/jquery-validation-unobtrusive/dist/jquery.validate.unobtrusive.min.js responded 304 in 0.3184 ms
[14:30:41 INF] HTTP GET /lib/jquery-validation/dist/jquery.validate.min.js responded 304 in 1.2310 ms
[14:30:41 INF] HTTP GET /js/products-catalog-filter.js responded 304 in 0.5796 ms
[14:30:59 INF] HTTP POST /Inventory/EditProduct responded 302 in 85.2425 ms
[14:30:59 INF] HTTP GET /Inventory/Products responded 200 in 39.4833 ms
[14:30:59 INF] HTTP GET /lib/bootstrap/dist/css/bootstrap.min.css responded 304 in 0.9825 ms
[14:30:59 INF] HTTP GET /css/site.css responded 304 in 0.3338 ms
[14:30:59 INF] HTTP GET /Biktal.WebMVC.styles.css responded 304 in 0.3818 ms
[14:31:00 INF] HTTP GET /lib/jquery/dist/jquery.min.js responded 304 in 0.2494 ms
[14:31:00 INF] HTTP GET /lib/bootstrap/dist/js/bootstrap.bundle.min.js responded 304 in 0.4299 ms
[14:31:00 INF] HTTP GET /js/site.js responded 304 in 0.4689 ms
[14:31:00 INF] HTTP GET /lib/jquery-validation/dist/jquery.validate.min.js responded 304 in 0.4221 ms
[14:31:00 INF] HTTP GET /lib/jquery-validation-unobtrusive/dist/jquery.validate.unobtrusive.min.js responded 304 in 0.4752 ms
[14:31:00 INF] HTTP GET /js/products-catalog-filter.js responded 304 in 1.1034 ms
[14:31:41 INF] HTTP GET /Inventory/Products responded 200 in 96.6650 ms
[14:31:41 INF] HTTP GET /Biktal.WebMVC.styles.css responded 200 in 2.4222 ms
[14:31:41 INF] HTTP GET /lib/bootstrap/dist/css/bootstrap.min.css responded 200 in 2.7524 ms
[14:31:41 INF] HTTP GET /css/site.css responded 200 in 1.9861 ms
[14:31:42 INF] HTTP GET /lib/jquery/dist/jquery.min.js responded 200 in 0.6028 ms
[14:31:42 INF] HTTP GET /lib/bootstrap/dist/js/bootstrap.bundle.min.js responded 200 in 1.8043 ms
[14:31:42 INF] HTTP GET /lib/jquery-validation-unobtrusive/dist/jquery.validate.unobtrusive.min.js responded 200 in 0.5573 ms
[14:31:42 INF] HTTP GET /js/site.js responded 200 in 1.9060 ms
[14:31:42 INF] HTTP GET /js/products-catalog-filter.js responded 200 in 2.2793 ms
[14:31:42 INF] HTTP GET /lib/jquery-validation/dist/jquery.validate.min.js responded 200 in 0.8952 ms
[14:32:31 INF] HTTP POST /Inventory/EditProduct responded 302 in 12.6843 ms
[14:32:31 INF] HTTP GET /Inventory/Products responded 200 in 130.3042 ms
[14:32:31 INF] HTTP GET /Biktal.WebMVC.styles.css responded 200 in 1.0452 ms
[14:32:31 INF] HTTP GET /css/site.css responded 200 in 0.8241 ms
[14:32:31 INF] HTTP GET /lib/bootstrap/dist/css/bootstrap.min.css responded 200 in 0.8924 ms
[14:32:32 INF] HTTP GET /lib/jquery/dist/jquery.min.js responded 200 in 0.6817 ms
[14:32:32 INF] HTTP GET /js/site.js responded 200 in 0.7063 ms
[14:32:32 INF] HTTP GET /lib/bootstrap/dist/js/bootstrap.bundle.min.js responded 200 in 0.8406 ms
[14:32:32 INF] HTTP GET /lib/jquery-validation/dist/jquery.validate.min.js responded 200 in 0.5918 ms
[14:32:32 INF] HTTP GET /lib/jquery-validation-unobtrusive/dist/jquery.validate.unobtrusive.min.js responded 200 in 2.2859 ms
[14:32:32 INF] HTTP GET /js/products-catalog-filter.js responded 200 in 1.4810 ms
[14:32:41 INF] HTTP GET /Inventory/Products responded 200 in 74.2568 ms
[14:32:41 INF] HTTP GET /css/site.css responded 200 in 0.8516 ms
[14:32:41 INF] HTTP GET /lib/bootstrap/dist/css/bootstrap.min.css responded 200 in 1.1242 ms
[14:32:41 INF] HTTP GET /Biktal.WebMVC.styles.css responded 200 in 0.7892 ms
[14:32:42 INF] HTTP GET /lib/jquery/dist/jquery.min.js responded 200 in 0.7742 ms
[14:32:42 INF] HTTP GET /js/site.js responded 200 in 0.6688 ms
[14:32:42 INF] HTTP GET /lib/bootstrap/dist/js/bootstrap.bundle.min.js responded 200 in 1.0983 ms
[14:32:42 INF] HTTP GET /lib/jquery-validation/dist/jquery.validate.min.js responded 200 in 0.6007 ms
[14:32:42 INF] HTTP GET /lib/jquery-validation-unobtrusive/dist/jquery.validate.unobtrusive.min.js responded 200 in 0.6010 ms
[14:32:42 INF] HTTP GET /js/products-catalog-filter.js responded 200 in 1.1043 ms
[14:33:09 INF] HTTP POST /Inventory/EditProduct responded 302 in 7.8672 ms
[14:33:09 INF] HTTP GET /Inventory/Products responded 200 in 117.7779 ms
[14:33:09 INF] HTTP GET /css/site.css responded 200 in 1.2474 ms
[14:33:09 INF] HTTP GET /Biktal.WebMVC.styles.css responded 200 in 4.3395 ms
[14:33:09 INF] HTTP GET /lib/bootstrap/dist/css/bootstrap.min.css responded 200 in 6.0340 ms
[14:33:10 INF] HTTP GET /lib/jquery/dist/jquery.min.js responded 304 in 0.2661 ms
[14:33:10 INF] HTTP GET /lib/bootstrap/dist/js/bootstrap.bundle.min.js responded 304 in 0.3688 ms
[14:33:10 INF] HTTP GET /js/site.js responded 304 in 0.3837 ms
[14:33:10 INF] HTTP GET /lib/jquery-validation/dist/jquery.validate.min.js responded 304 in 0.2905 ms
[14:33:10 INF] HTTP GET /lib/jquery-validation-unobtrusive/dist/jquery.validate.unobtrusive.min.js responded 304 in 0.2021 ms
[14:33:10 INF] HTTP GET /js/products-catalog-filter.js responded 304 in 0.2285 ms
[14:33:17 INF] HTTP GET /Inventory/Products responded 200 in 50.4375 ms
[14:33:17 INF] HTTP GET /lib/bootstrap/dist/css/bootstrap.min.css responded 304 in 0.4305 ms
[14:33:17 INF] HTTP GET /Biktal.WebMVC.styles.css responded 304 in 0.2201 ms
[14:33:17 INF] HTTP GET /css/site.css responded 304 in 0.9864 ms
[14:33:18 INF] HTTP GET /lib/jquery/dist/jquery.min.js responded 304 in 0.2480 ms
[14:33:18 INF] HTTP GET /lib/bootstrap/dist/js/bootstrap.bundle.min.js responded 304 in 0.3616 ms
[14:33:18 INF] HTTP GET /js/site.js responded 304 in 0.4008 ms
[14:33:18 INF] HTTP GET /lib/jquery-validation-unobtrusive/dist/jquery.validate.unobtrusive.min.js responded 304 in 0.2281 ms
[14:33:18 INF] HTTP GET /lib/jquery-validation/dist/jquery.validate.min.js responded 304 in 0.3314 ms
[14:33:18 INF] HTTP GET /js/products-catalog-filter.js responded 304 in 0.1812 ms
[14:33:42 INF] HTTP POST /Inventory/EditProduct responded 302 in 14.6380 ms
[14:33:42 INF] HTTP GET /Inventory/Products responded 200 in 49.6176 ms
[14:33:42 INF] HTTP GET /css/site.css responded 304 in 0.5864 ms
[14:33:42 INF] HTTP GET /lib/bootstrap/dist/css/bootstrap.min.css responded 200 in 2.9429 ms
[14:33:42 INF] HTTP GET /Biktal.WebMVC.styles.css responded 304 in 0.7777 ms
[14:33:43 INF] HTTP GET /lib/jquery/dist/jquery.min.js responded 304 in 0.2676 ms
[14:33:43 INF] HTTP GET /lib/bootstrap/dist/js/bootstrap.bundle.min.js responded 304 in 0.3855 ms
[14:33:43 INF] HTTP GET /js/site.js responded 304 in 0.5305 ms
[14:33:43 INF] HTTP GET /lib/jquery-validation/dist/jquery.validate.min.js responded 304 in 0.3852 ms
[14:33:43 INF] HTTP GET /lib/jquery-validation-unobtrusive/dist/jquery.validate.unobtrusive.min.js responded 304 in 0.5044 ms
[14:33:43 INF] HTTP GET /js/products-catalog-filter.js responded 304 in 0.5733 ms
[14:33:56 INF] HTTP GET /Inventory/Products responded 200 in 72.6541 ms
[14:33:56 INF] HTTP GET /Biktal.WebMVC.styles.css responded 304 in 0.6850 ms
[14:33:56 INF] HTTP GET /lib/bootstrap/dist/css/bootstrap.min.css responded 304 in 0.4999 ms
[14:33:56 INF] HTTP GET /css/site.css responded 304 in 0.7253 ms
[14:33:56 INF] HTTP GET /lib/jquery/dist/jquery.min.js responded 304 in 0.2520 ms
[14:33:56 INF] HTTP GET /lib/bootstrap/dist/js/bootstrap.bundle.min.js responded 304 in 0.3682 ms
[14:33:56 INF] HTTP GET /js/site.js responded 304 in 0.2858 ms
[14:33:56 INF] HTTP GET /lib/jquery-validation/dist/jquery.validate.min.js responded 304 in 0.3075 ms
[14:33:56 INF] HTTP GET /lib/jquery-validation-unobtrusive/dist/jquery.validate.unobtrusive.min.js responded 304 in 0.2575 ms
[14:33:56 INF] HTTP GET /js/products-catalog-filter.js responded 304 in 0.4096 ms
[14:34:30 INF] HTTP POST /Inventory/EditProduct responded 302 in 12.4411 ms
[14:34:30 INF] HTTP GET /Inventory/Products responded 200 in 94.5185 ms
[14:34:30 INF] HTTP GET /lib/bootstrap/dist/css/bootstrap.min.css responded 200 in 1.8595 ms
[14:34:30 INF] HTTP GET /Biktal.WebMVC.styles.css responded 200 in 1.0273 ms
[14:34:30 INF] HTTP GET /css/site.css responded 200 in 1.0110 ms
[14:34:31 INF] HTTP GET /lib/jquery/dist/jquery.min.js responded 200 in 0.6311 ms
[14:34:31 INF] HTTP GET /lib/bootstrap/dist/js/bootstrap.bundle.min.js responded 200 in 3.0258 ms
[14:34:31 INF] HTTP GET /lib/jquery-validation/dist/jquery.validate.min.js responded 200 in 2.5708 ms
[14:34:31 INF] HTTP GET /js/site.js responded 200 in 5.1448 ms
[14:34:31 INF] HTTP GET /lib/jquery-validation-unobtrusive/dist/jquery.validate.unobtrusive.min.js responded 200 in 2.4665 ms
[14:34:31 INF] HTTP GET /js/products-catalog-filter.js responded 200 in 1.1568 ms
[14:34:48 INF] HTTP GET /Inventory/Products responded 200 in 74.6226 ms
[14:34:48 INF] HTTP GET /lib/bootstrap/dist/css/bootstrap.min.css responded 200 in 1.7039 ms
[14:34:48 INF] HTTP GET /Biktal.WebMVC.styles.css responded 200 in 6.7650 ms
[14:34:48 INF] HTTP GET /css/site.css responded 200 in 8.6634 ms
[14:34:49 INF] HTTP GET /lib/jquery/dist/jquery.min.js responded 200 in 0.6313 ms
[14:34:49 INF] HTTP GET /js/site.js responded 200 in 0.7333 ms
[14:34:49 INF] HTTP GET /lib/bootstrap/dist/js/bootstrap.bundle.min.js responded 200 in 0.9279 ms
[14:34:49 INF] HTTP GET /lib/jquery-validation/dist/jquery.validate.min.js responded 200 in 1.1472 ms
[14:34:49 INF] HTTP GET /lib/jquery-validation-unobtrusive/dist/jquery.validate.unobtrusive.min.js responded 200 in 2.1761 ms
[14:34:49 INF] HTTP GET /js/products-catalog-filter.js responded 200 in 0.7636 ms
[14:35:14 INF] HTTP POST /Inventory/EditProduct responded 302 in 15.2380 ms
[14:35:14 INF] HTTP GET /Inventory/Products responded 200 in 82.7361 ms
[14:35:14 INF] HTTP GET /lib/bootstrap/dist/css/bootstrap.min.css responded 200 in 1.1936 ms
[14:35:14 INF] HTTP GET /css/site.css responded 200 in 1.1564 ms
[14:35:14 INF] HTTP GET /Biktal.WebMVC.styles.css responded 200 in 1.1963 ms
[14:35:15 INF] HTTP GET /lib/jquery/dist/jquery.min.js responded 304 in 1.1900 ms
[14:35:15 INF] HTTP GET /lib/bootstrap/dist/js/bootstrap.bundle.min.js responded 304 in 0.5978 ms
[14:35:15 INF] HTTP GET /js/site.js responded 304 in 0.4201 ms
[14:35:15 INF] HTTP GET /lib/jquery-validation-unobtrusive/dist/jquery.validate.unobtrusive.min.js responded 304 in 0.3731 ms
[14:35:15 INF] HTTP GET /js/products-catalog-filter.js responded 304 in 0.3295 ms
[14:35:15 INF] HTTP GET /lib/jquery-validation/dist/jquery.validate.min.js responded 304 in 0.5453 ms
[14:35:36 INF] HTTP GET /Inventory/Products responded 200 in 65.9462 ms
[14:35:36 INF] HTTP GET /lib/bootstrap/dist/css/bootstrap.min.css responded 200 in 1.5294 ms
[14:35:36 INF] HTTP GET /css/site.css responded 200 in 0.9699 ms
[14:35:36 INF] HTTP GET /Biktal.WebMVC.styles.css responded 200 in 3.3117 ms
[14:35:37 INF] HTTP GET /lib/jquery/dist/jquery.min.js responded 304 in 0.2537 ms
[14:35:37 INF] HTTP GET /lib/bootstrap/dist/js/bootstrap.bundle.min.js responded 304 in 0.4235 ms
[14:35:37 INF] HTTP GET /js/site.js responded 304 in 0.4817 ms
[14:35:37 INF] HTTP GET /lib/jquery-validation-unobtrusive/dist/jquery.validate.unobtrusive.min.js responded 304 in 0.8777 ms
[14:35:37 INF] HTTP GET /js/products-catalog-filter.js responded 304 in 0.2596 ms
[14:35:37 INF] HTTP GET /lib/jquery-validation/dist/jquery.validate.min.js responded 304 in 0.3942 ms
[14:35:56 INF] HTTP POST /Inventory/EditProduct responded 302 in 9.1344 ms
[14:35:56 INF] HTTP GET /Inventory/Products responded 200 in 56.6332 ms
[14:35:56 INF] HTTP GET /css/site.css responded 200 in 1.5953 ms
[14:35:56 INF] HTTP GET /Biktal.WebMVC.styles.css responded 200 in 1.1012 ms
[14:35:56 INF] HTTP GET /lib/bootstrap/dist/css/bootstrap.min.css responded 200 in 0.8975 ms
[14:35:57 INF] HTTP GET /lib/jquery/dist/jquery.min.js responded 304 in 0.2458 ms
[14:35:57 INF] HTTP GET /lib/bootstrap/dist/js/bootstrap.bundle.min.js responded 304 in 0.3859 ms
[14:35:57 INF] HTTP GET /js/site.js responded 304 in 0.4198 ms
[14:35:57 INF] HTTP GET /lib/jquery-validation-unobtrusive/dist/jquery.validate.unobtrusive.min.js responded 304 in 0.2311 ms
[14:35:57 INF] HTTP GET /lib/jquery-validation/dist/jquery.validate.min.js responded 304 in 0.2840 ms
[14:35:57 INF] HTTP GET /js/products-catalog-filter.js responded 304 in 0.7697 ms
[14:36:16 INF] HTTP GET /Inventory/Products responded 200 in 213.3949 ms
[14:36:16 INF] HTTP GET /lib/bootstrap/dist/css/bootstrap.min.css responded 200 in 4.4180 ms
[14:36:16 INF] HTTP GET /css/site.css responded 200 in 1.0793 ms
[14:36:16 INF] HTTP GET /Biktal.WebMVC.styles.css responded 200 in 0.9320 ms
[14:36:16 INF] HTTP GET /lib/jquery/dist/jquery.min.js responded 304 in 0.2481 ms
[14:36:16 INF] HTTP GET /lib/bootstrap/dist/js/bootstrap.bundle.min.js responded 304 in 0.3922 ms
[14:36:16 INF] HTTP GET /js/site.js responded 304 in 0.4696 ms
[14:36:16 INF] HTTP GET /lib/jquery-validation/dist/jquery.validate.min.js responded 304 in 0.8871 ms
[14:36:16 INF] HTTP GET /lib/jquery-validation-unobtrusive/dist/jquery.validate.unobtrusive.min.js responded 304 in 0.4846 ms
[14:36:16 INF] HTTP GET /js/products-catalog-filter.js responded 304 in 0.4078 ms
[14:36:51 INF] HTTP POST /Inventory/EditProduct responded 302 in 17.2300 ms
[14:36:51 INF] HTTP GET /Inventory/Products responded 200 in 45.2398 ms
[14:36:51 INF] HTTP GET /lib/bootstrap/dist/css/bootstrap.min.css responded 200 in 7.2143 ms
[14:36:51 INF] HTTP GET /Biktal.WebMVC.styles.css responded 200 in 2.9318 ms
[14:36:52 INF] HTTP GET /css/site.css responded 200 in 3.0388 ms
[14:36:52 INF] HTTP GET /lib/jquery/dist/jquery.min.js responded 304 in 0.3215 ms
[14:36:52 INF] HTTP GET /lib/bootstrap/dist/js/bootstrap.bundle.min.js responded 304 in 0.3509 ms
[14:36:52 INF] HTTP GET /js/site.js responded 304 in 0.3843 ms
[14:36:52 INF] HTTP GET /js/products-catalog-filter.js responded 304 in 0.3138 ms
[14:36:52 INF] HTTP GET /lib/jquery-validation-unobtrusive/dist/jquery.validate.unobtrusive.min.js responded 304 in 0.3544 ms
[14:36:52 INF] HTTP GET /lib/jquery-validation/dist/jquery.validate.min.js responded 304 in 0.2273 ms
[14:40:14 INF] HTTP GET /Inventory/Products responded 200 in 76.2881 ms
[14:40:14 INF] HTTP GET /lib/bootstrap/dist/css/bootstrap.min.css responded 200 in 0.8676 ms
[14:40:14 INF] HTTP GET /css/site.css responded 200 in 0.9294 ms
[14:40:14 INF] HTTP GET /Biktal.WebMVC.styles.css responded 200 in 11.5711 ms
[14:40:15 INF] HTTP GET /lib/jquery/dist/jquery.min.js responded 200 in 0.8130 ms
[14:40:15 INF] HTTP GET /lib/bootstrap/dist/js/bootstrap.bundle.min.js responded 200 in 0.7622 ms
[14:40:15 INF] HTTP GET /js/site.js responded 200 in 1.2918 ms
[14:40:15 INF] HTTP GET /lib/jquery-validation-unobtrusive/dist/jquery.validate.unobtrusive.min.js responded 200 in 9.4433 ms
[14:40:15 INF] HTTP GET /lib/jquery-validation/dist/jquery.validate.min.js responded 200 in 3.9648 ms
[14:40:15 INF] HTTP GET /js/products-catalog-filter.js responded 200 in 2.9323 ms
[14:40:45 INF] HTTP POST /Inventory/EditProduct responded 302 in 16.8715 ms
[14:40:46 INF] HTTP GET /Inventory/Products responded 200 in 73.8911 ms
[14:40:46 INF] HTTP GET /Biktal.WebMVC.styles.css responded 200 in 1.0758 ms
[14:40:46 INF] HTTP GET /lib/bootstrap/dist/css/bootstrap.min.css responded 200 in 1.5968 ms
[14:40:46 INF] HTTP GET /css/site.css responded 200 in 1.2218 ms
[14:40:47 INF] HTTP GET /lib/jquery/dist/jquery.min.js responded 200 in 2.3187 ms
[14:40:47 INF] HTTP GET /js/site.js responded 200 in 0.7465 ms
[14:40:47 INF] HTTP GET /lib/bootstrap/dist/js/bootstrap.bundle.min.js responded 200 in 0.8573 ms
[14:40:47 INF] HTTP GET /lib/jquery-validation/dist/jquery.validate.min.js responded 200 in 0.7632 ms
[14:40:47 INF] HTTP GET /lib/jquery-validation-unobtrusive/dist/jquery.validate.unobtrusive.min.js responded 200 in 0.7159 ms
[14:40:47 INF] HTTP GET /js/products-catalog-filter.js responded 200 in 6.8506 ms
[14:40:59 INF] HTTP GET /Inventory/Products responded 200 in 49.6959 ms
[14:40:59 INF] HTTP GET /lib/bootstrap/dist/css/bootstrap.min.css responded 304 in 0.4922 ms
[14:40:59 INF] HTTP GET /css/site.css responded 304 in 0.4646 ms
[14:40:59 INF] HTTP GET /Biktal.WebMVC.styles.css responded 304 in 0.7807 ms
[14:41:00 INF] HTTP GET /lib/jquery/dist/jquery.min.js responded 304 in 0.3411 ms
[14:41:00 INF] HTTP GET /lib/bootstrap/dist/js/bootstrap.bundle.min.js responded 304 in 0.3181 ms
[14:41:00 INF] HTTP GET /js/site.js responded 304 in 0.3944 ms
[14:41:00 INF] HTTP GET /lib/jquery-validation/dist/jquery.validate.min.js responded 304 in 3.1472 ms
[14:41:00 INF] HTTP GET /lib/jquery-validation-unobtrusive/dist/jquery.validate.unobtrusive.min.js responded 304 in 0.3864 ms
[14:41:00 INF] HTTP GET /js/products-catalog-filter.js responded 304 in 0.6291 ms
[14:41:10 INF] HTTP POST /Inventory/EditProduct responded 302 in 24.0645 ms
[14:41:10 INF] HTTP GET /Inventory/Products responded 200 in 46.4431 ms
[14:41:11 INF] HTTP GET /lib/bootstrap/dist/css/bootstrap.min.css responded 304 in 0.5871 ms
[14:41:11 INF] HTTP GET /Biktal.WebMVC.styles.css responded 304 in 0.7481 ms
[14:41:11 INF] HTTP GET /css/site.css responded 304 in 0.6837 ms
[14:41:11 INF] HTTP GET /lib/jquery/dist/jquery.min.js responded 304 in 0.2547 ms
[14:41:11 INF] HTTP GET /js/site.js responded 304 in 0.2540 ms
[14:41:11 INF] HTTP GET /lib/bootstrap/dist/js/bootstrap.bundle.min.js responded 304 in 0.3608 ms
[14:41:11 INF] HTTP GET /lib/jquery-validation/dist/jquery.validate.min.js responded 304 in 0.3226 ms
[14:41:11 INF] HTTP GET /lib/jquery-validation-unobtrusive/dist/jquery.validate.unobtrusive.min.js responded 304 in 0.5764 ms
[14:41:12 INF] HTTP GET /js/products-catalog-filter.js responded 304 in 0.7160 ms
[14:41:24 INF] HTTP GET /Inventory/Products responded 200 in 105.9546 ms
[14:41:24 INF] HTTP GET /css/site.css responded 304 in 0.4011 ms
[14:41:24 INF] HTTP GET /Biktal.WebMVC.styles.css responded 304 in 0.4275 ms
[14:41:24 INF] HTTP GET /lib/bootstrap/dist/css/bootstrap.min.css responded 200 in 1.5318 ms
[14:41:25 INF] HTTP GET /lib/jquery/dist/jquery.min.js responded 304 in 0.2501 ms
[14:41:25 INF] HTTP GET /lib/bootstrap/dist/js/bootstrap.bundle.min.js responded 304 in 0.9358 ms
[14:41:25 INF] HTTP GET /js/site.js responded 304 in 0.7108 ms
[14:41:25 INF] HTTP GET /lib/jquery-validation/dist/jquery.validate.min.js responded 304 in 0.4661 ms
[14:41:25 INF] HTTP GET /lib/jquery-validation-unobtrusive/dist/jquery.validate.unobtrusive.min.js responded 304 in 0.4617 ms
[14:41:25 INF] HTTP GET /js/products-catalog-filter.js responded 304 in 0.6202 ms
[14:41:56 INF] HTTP POST /Inventory/EditProduct responded 302 in 13.8475 ms
[14:41:56 INF] HTTP GET /Inventory/Products responded 200 in 59.6751 ms
[14:41:56 INF] HTTP GET /Biktal.WebMVC.styles.css responded 304 in 0.4516 ms
[14:41:56 INF] HTTP GET /lib/bootstrap/dist/css/bootstrap.min.css responded 200 in 1.6823 ms
[14:41:56 INF] HTTP GET /css/site.css responded 304 in 0.6296 ms
[14:41:57 INF] HTTP GET /lib/jquery/dist/jquery.min.js responded 304 in 0.2477 ms
[14:41:57 INF] HTTP GET /lib/bootstrap/dist/js/bootstrap.bundle.min.js responded 304 in 0.3824 ms
[14:41:57 INF] HTTP GET /js/site.js responded 304 in 0.4817 ms
[14:41:57 INF] HTTP GET /lib/jquery-validation-unobtrusive/dist/jquery.validate.unobtrusive.min.js responded 304 in 0.2158 ms
[14:41:57 INF] HTTP GET /lib/jquery-validation/dist/jquery.validate.min.js responded 304 in 0.3305 ms
[14:41:57 INF] HTTP GET /js/products-catalog-filter.js responded 304 in 0.2480 ms
[14:42:04 INF] HTTP GET /Inventory/Products responded 200 in 52.3877 ms
[14:42:04 INF] HTTP GET /lib/bootstrap/dist/css/bootstrap.min.css responded 304 in 1.1337 ms
[14:42:04 INF] HTTP GET /Biktal.WebMVC.styles.css responded 304 in 0.3136 ms
[14:42:04 INF] HTTP GET /css/site.css responded 304 in 0.3493 ms
[14:42:05 INF] HTTP GET /lib/jquery/dist/jquery.min.js responded 304 in 0.2504 ms
[14:42:05 INF] HTTP GET /lib/bootstrap/dist/js/bootstrap.bundle.min.js responded 304 in 0.7794 ms
[14:42:05 INF] HTTP GET /js/site.js responded 304 in 0.7311 ms
[14:42:05 INF] HTTP GET /lib/jquery-validation/dist/jquery.validate.min.js responded 304 in 0.5014 ms
[14:42:05 INF] HTTP GET /lib/jquery-validation-unobtrusive/dist/jquery.validate.unobtrusive.min.js responded 304 in 0.6188 ms
[14:42:05 INF] HTTP GET /js/products-catalog-filter.js responded 304 in 0.7812 ms
[14:42:15 INF] HTTP POST /Inventory/EditProduct responded 302 in 7.8802 ms
[14:42:15 INF] HTTP GET /Inventory/Products responded 200 in 55.8196 ms
[14:42:15 INF] HTTP GET /Biktal.WebMVC.styles.css responded 304 in 0.5205 ms
[14:42:15 INF] HTTP GET /lib/bootstrap/dist/css/bootstrap.min.css responded 200 in 3.1470 ms
[14:42:15 INF] HTTP GET /css/site.css responded 304 in 0.7215 ms
[14:42:16 INF] HTTP GET /lib/jquery/dist/jquery.min.js responded 304 in 0.2607 ms
[14:42:16 INF] HTTP GET /lib/bootstrap/dist/js/bootstrap.bundle.min.js responded 304 in 0.3938 ms
[14:42:16 INF] HTTP GET /js/site.js responded 304 in 0.5087 ms
[14:42:16 INF] HTTP GET /lib/jquery-validation/dist/jquery.validate.min.js responded 304 in 0.2791 ms
[14:42:16 INF] HTTP GET /lib/jquery-validation-unobtrusive/dist/jquery.validate.unobtrusive.min.js responded 304 in 0.6256 ms
[14:42:16 INF] HTTP GET /js/products-catalog-filter.js responded 304 in 0.6618 ms
[14:42:23 INF] HTTP GET /Inventory/Products responded 200 in 49.7818 ms
[14:42:23 INF] HTTP GET /lib/bootstrap/dist/css/bootstrap.min.css responded 304 in 0.3908 ms
[14:42:23 INF] HTTP GET /css/site.css responded 304 in 0.3932 ms
[14:42:23 INF] HTTP GET /Biktal.WebMVC.styles.css responded 304 in 0.9124 ms
[14:42:24 INF] HTTP GET /lib/jquery/dist/jquery.min.js responded 304 in 0.4140 ms
[14:42:24 INF] HTTP GET /lib/bootstrap/dist/js/bootstrap.bundle.min.js responded 304 in 0.3695 ms
[14:42:24 INF] HTTP GET /js/site.js responded 304 in 0.3479 ms
[14:42:24 INF] HTTP GET /lib/jquery-validation/dist/jquery.validate.min.js responded 304 in 0.3287 ms
[14:42:24 INF] HTTP GET /js/products-catalog-filter.js responded 304 in 0.2194 ms
[14:42:24 INF] HTTP GET /lib/jquery-validation-unobtrusive/dist/jquery.validate.unobtrusive.min.js responded 304 in 0.2194 ms
[14:42:45 INF] HTTP POST /Inventory/EditProduct responded 302 in 15.6939 ms
[14:42:45 INF] HTTP GET /Inventory/Products responded 200 in 55.1334 ms
[14:42:45 INF] HTTP GET /css/site.css responded 304 in 0.4064 ms
[14:42:45 INF] HTTP GET /Biktal.WebMVC.styles.css responded 304 in 0.3316 ms
[14:42:45 INF] HTTP GET /lib/bootstrap/dist/css/bootstrap.min.css responded 200 in 1.1119 ms
[14:42:46 INF] HTTP GET /lib/jquery/dist/jquery.min.js responded 304 in 0.2449 ms
[14:42:46 INF] HTTP GET /js/site.js responded 304 in 0.3575 ms
[14:42:46 INF] HTTP GET /lib/bootstrap/dist/js/bootstrap.bundle.min.js responded 304 in 0.4005 ms
[14:42:46 INF] HTTP GET /lib/jquery-validation-unobtrusive/dist/jquery.validate.unobtrusive.min.js responded 304 in 0.6928 ms
[14:42:46 INF] HTTP GET /lib/jquery-validation/dist/jquery.validate.min.js responded 304 in 1.4204 ms
[14:42:46 INF] HTTP GET /js/products-catalog-filter.js responded 304 in 0.8742 ms
[14:42:53 INF] HTTP GET /Inventory/Products responded 200 in 47.3843 ms
[14:42:53 INF] HTTP GET /lib/bootstrap/dist/css/bootstrap.min.css responded 200 in 10.2673 ms
[14:42:53 INF] HTTP GET /css/site.css responded 304 in 0.4603 ms
[14:42:53 INF] HTTP GET /Biktal.WebMVC.styles.css responded 304 in 0.4122 ms
[14:42:54 INF] HTTP GET /lib/jquery/dist/jquery.min.js responded 304 in 0.2571 ms
[14:42:54 INF] HTTP GET /lib/bootstrap/dist/js/bootstrap.bundle.min.js responded 304 in 0.3638 ms
[14:42:54 INF] HTTP GET /js/site.js responded 304 in 0.5429 ms
[14:42:54 INF] HTTP GET /lib/jquery-validation/dist/jquery.validate.min.js responded 304 in 0.5351 ms
[14:42:54 INF] HTTP GET /lib/jquery-validation-unobtrusive/dist/jquery.validate.unobtrusive.min.js responded 304 in 0.3896 ms
[14:42:54 INF] HTTP GET /js/products-catalog-filter.js responded 304 in 0.3489 ms
[14:43:53 INF] HTTP POST /Inventory/EditProduct responded 302 in 14.8202 ms
[14:43:54 INF] HTTP GET /Inventory/Products responded 200 in 52.0571 ms
[14:43:54 INF] HTTP GET /lib/bootstrap/dist/css/bootstrap.min.css responded 200 in 1.8677 ms
[14:43:54 INF] HTTP GET /css/site.css responded 200 in 1.2675 ms
[14:43:54 INF] HTTP GET /Biktal.WebMVC.styles.css responded 200 in 2.4615 ms
[14:43:55 INF] HTTP GET /lib/jquery/dist/jquery.min.js responded 200 in 0.6399 ms
[14:43:55 INF] HTTP GET /js/site.js responded 200 in 1.3543 ms
[14:43:55 INF] HTTP GET /lib/bootstrap/dist/js/bootstrap.bundle.min.js responded 200 in 1.4683 ms
[14:43:55 INF] HTTP GET /lib/jquery-validation/dist/jquery.validate.min.js responded 200 in 0.7232 ms
[14:43:55 INF] HTTP GET /lib/jquery-validation-unobtrusive/dist/jquery.validate.unobtrusive.min.js responded 200 in 0.5418 ms
[14:43:55 INF] HTTP GET /js/products-catalog-filter.js responded 200 in 0.6866 ms
[14:44:01 INF] HTTP GET /Inventory/Products responded 200 in 88.7085 ms
[14:44:01 INF] HTTP GET /css/site.css responded 304 in 0.4217 ms
[14:44:01 INF] HTTP GET /lib/bootstrap/dist/css/bootstrap.min.css responded 304 in 0.6085 ms
[14:44:01 INF] HTTP GET /Biktal.WebMVC.styles.css responded 304 in 0.3055 ms
[14:44:01 INF] HTTP GET /Inventory/Products responded 200 in 59.8247 ms
[14:44:01 INF] HTTP GET /lib/bootstrap/dist/css/bootstrap.min.css responded 304 in 0.5035 ms
[14:44:01 INF] HTTP GET /Biktal.WebMVC.styles.css responded 304 in 0.4520 ms
[14:44:01 INF] HTTP GET /css/site.css responded 304 in 1.3281 ms
[14:44:02 INF] HTTP GET /lib/jquery/dist/jquery.min.js responded 304 in 0.2499 ms
[14:44:02 INF] HTTP GET /lib/bootstrap/dist/js/bootstrap.bundle.min.js responded 304 in 0.5855 ms
[14:44:02 INF] HTTP GET /js/site.js responded 304 in 0.4123 ms
[14:44:02 INF] HTTP GET /lib/jquery-validation-unobtrusive/dist/jquery.validate.unobtrusive.min.js responded 304 in 0.6769 ms
[14:44:02 INF] HTTP GET /lib/jquery-validation/dist/jquery.validate.min.js responded 304 in 0.5176 ms
[14:44:02 INF] HTTP GET /js/products-catalog-filter.js responded 304 in 0.7582 ms
[14:44:31 INF] HTTP GET /Inventory/Products responded 200 in 64.0440 ms
[14:44:31 INF] HTTP GET /lib/bootstrap/dist/css/bootstrap.min.css responded 200 in 1.2758 ms
[14:44:31 INF] HTTP GET /css/site.css responded 304 in 3.7544 ms
[14:44:31 INF] HTTP GET /Biktal.WebMVC.styles.css responded 304 in 0.4818 ms
[14:44:32 INF] HTTP GET /lib/jquery/dist/jquery.min.js responded 304 in 0.2446 ms
[14:44:32 INF] HTTP GET /js/site.js responded 304 in 0.3982 ms
[14:44:32 INF] HTTP GET /lib/bootstrap/dist/js/bootstrap.bundle.min.js responded 304 in 0.6304 ms
[14:44:32 INF] HTTP GET /lib/jquery-validation-unobtrusive/dist/jquery.validate.unobtrusive.min.js responded 304 in 2.2384 ms
[14:44:32 INF] HTTP GET /js/products-catalog-filter.js responded 304 in 0.6400 ms
[14:44:32 INF] HTTP GET /lib/jquery-validation/dist/jquery.validate.min.js responded 304 in 0.7593 ms
[14:44:42 INF] HTTP POST /Inventory/EditProduct responded 302 in 10.4759 ms
[14:44:42 INF] HTTP GET /Inventory/Products responded 200 in 47.5547 ms
[14:44:42 INF] HTTP GET /lib/bootstrap/dist/css/bootstrap.min.css responded 304 in 0.4099 ms
[14:44:42 INF] HTTP GET /css/site.css responded 304 in 0.7695 ms
[14:44:42 INF] HTTP GET /Biktal.WebMVC.styles.css responded 304 in 4.4275 ms
[14:44:42 INF] HTTP GET /lib/jquery/dist/jquery.min.js responded 304 in 0.2432 ms
[14:44:42 INF] HTTP GET /lib/bootstrap/dist/js/bootstrap.bundle.min.js responded 304 in 0.6766 ms
[14:44:42 INF] HTTP GET /js/site.js responded 304 in 0.3348 ms
[14:44:42 INF] HTTP GET /lib/jquery-validation/dist/jquery.validate.min.js responded 304 in 0.3737 ms
[14:44:42 INF] HTTP GET /lib/jquery-validation-unobtrusive/dist/jquery.validate.unobtrusive.min.js responded 304 in 0.8679 ms
[14:44:42 INF] HTTP GET /js/products-catalog-filter.js responded 304 in 0.6371 ms
[14:44:46 INF] HTTP GET /Inventory/Products responded 200 in 63.1374 ms
[14:44:46 INF] HTTP GET /lib/bootstrap/dist/css/bootstrap.min.css responded 304 in 0.8039 ms
[14:44:46 INF] HTTP GET /css/site.css responded 304 in 0.4114 ms
[14:44:46 INF] HTTP GET /Biktal.WebMVC.styles.css responded 304 in 0.5531 ms
[14:44:47 INF] HTTP GET /lib/jquery/dist/jquery.min.js responded 304 in 0.2537 ms
[14:44:47 INF] HTTP GET /lib/bootstrap/dist/js/bootstrap.bundle.min.js responded 304 in 0.9618 ms
[14:44:47 INF] HTTP GET /js/site.js responded 304 in 0.4158 ms
[14:44:47 INF] HTTP GET /lib/jquery-validation/dist/jquery.validate.min.js responded 304 in 0.4091 ms
[14:44:47 INF] HTTP GET /lib/jquery-validation-unobtrusive/dist/jquery.validate.unobtrusive.min.js responded 304 in 0.4857 ms
[14:44:47 INF] HTTP GET /js/products-catalog-filter.js responded 304 in 0.4754 ms
[14:45:56 INF] HTTP POST /Inventory/EditProduct responded 302 in 8.8507 ms
[14:45:56 INF] HTTP GET /Inventory/Products responded 200 in 50.4615 ms
[14:45:56 INF] HTTP GET /css/site.css responded 304 in 0.3394 ms
[14:45:56 INF] HTTP GET /lib/bootstrap/dist/css/bootstrap.min.css responded 200 in 0.7136 ms
[14:45:56 INF] HTTP GET /Biktal.WebMVC.styles.css responded 304 in 0.8527 ms
[14:45:56 INF] HTTP GET /lib/jquery/dist/jquery.min.js responded 304 in 0.2515 ms
[14:45:56 INF] HTTP GET /lib/bootstrap/dist/js/bootstrap.bundle.min.js responded 304 in 0.4679 ms
[14:45:56 INF] HTTP GET /js/site.js responded 304 in 0.3414 ms
[14:45:56 INF] HTTP GET /lib/jquery-validation/dist/jquery.validate.min.js responded 304 in 0.7446 ms
[14:45:56 INF] HTTP GET /lib/jquery-validation-unobtrusive/dist/jquery.validate.unobtrusive.min.js responded 304 in 0.5021 ms
[14:45:56 INF] HTTP GET /js/products-catalog-filter.js responded 304 in 0.8686 ms
[14:46:06 INF] HTTP GET /Inventory/Products responded 200 in 52.4830 ms
[14:46:06 INF] HTTP GET /css/site.css responded 304 in 0.4215 ms
[14:46:06 INF] HTTP GET /Biktal.WebMVC.styles.css responded 304 in 0.3803 ms
[14:46:06 INF] HTTP GET /lib/bootstrap/dist/css/bootstrap.min.css responded 304 in 0.7974 ms
[14:46:07 INF] HTTP GET /lib/jquery/dist/jquery.min.js responded 304 in 0.2495 ms
[14:46:07 INF] HTTP GET /lib/bootstrap/dist/js/bootstrap.bundle.min.js responded 304 in 0.3279 ms
[14:46:07 INF] HTTP GET /js/site.js responded 304 in 0.3191 ms
[14:46:07 INF] HTTP GET /lib/jquery-validation-unobtrusive/dist/jquery.validate.unobtrusive.min.js responded 304 in 0.2657 ms
[14:46:07 INF] HTTP GET /js/products-catalog-filter.js responded 304 in 0.3074 ms
[14:46:07 INF] HTTP GET /lib/jquery-validation/dist/jquery.validate.min.js responded 304 in 0.4360 ms
[14:46:36 INF] HTTP POST /Inventory/EditProduct responded 302 in 95.3390 ms
[14:46:36 INF] HTTP GET /Inventory/Products responded 200 in 45.3910 ms
[14:46:36 INF] HTTP GET /css/site.css responded 304 in 0.5922 ms
[14:46:36 INF] HTTP GET /Biktal.WebMVC.styles.css responded 304 in 0.4123 ms
[14:46:36 INF] HTTP GET /lib/bootstrap/dist/css/bootstrap.min.css responded 200 in 2.0488 ms
[14:46:37 INF] HTTP GET /lib/jquery/dist/jquery.min.js responded 304 in 0.2721 ms
[14:46:37 INF] HTTP GET /lib/bootstrap/dist/js/bootstrap.bundle.min.js responded 304 in 0.3887 ms
[14:46:37 INF] HTTP GET /js/site.js responded 304 in 0.3591 ms
[14:46:37 INF] HTTP GET /lib/jquery-validation/dist/jquery.validate.min.js responded 304 in 0.8982 ms
[14:46:37 INF] HTTP GET /lib/jquery-validation-unobtrusive/dist/jquery.validate.unobtrusive.min.js responded 304 in 0.5710 ms
[14:46:37 INF] HTTP GET /js/products-catalog-filter.js responded 304 in 0.5726 ms
[14:46:42 INF] HTTP GET /Inventory/Products responded 200 in 67.0187 ms
[14:46:42 INF] HTTP GET /lib/bootstrap/dist/css/bootstrap.min.css responded 304 in 0.3933 ms
[14:46:42 INF] HTTP GET /css/site.css responded 304 in 0.3792 ms
[14:46:42 INF] HTTP GET /Biktal.WebMVC.styles.css responded 304 in 0.3518 ms
[14:46:43 INF] HTTP GET /lib/jquery/dist/jquery.min.js responded 304 in 0.2494 ms
[14:46:43 INF] HTTP GET /lib/bootstrap/dist/js/bootstrap.bundle.min.js responded 304 in 0.6216 ms
[14:46:43 INF] HTTP GET /js/site.js responded 304 in 0.5751 ms
[14:46:43 INF] HTTP GET /lib/jquery-validation/dist/jquery.validate.min.js responded 304 in 0.2786 ms
[14:46:43 INF] HTTP GET /lib/jquery-validation-unobtrusive/dist/jquery.validate.unobtrusive.min.js responded 304 in 0.4091 ms
[14:46:43 INF] HTTP GET /js/products-catalog-filter.js responded 304 in 0.3857 ms
[14:46:51 INF] HTTP POST /Inventory/EditProduct responded 302 in 6.4178 ms
[14:46:51 INF] HTTP GET /Inventory/Products responded 200 in 54.3880 ms
[14:46:51 INF] HTTP GET /css/site.css responded 304 in 0.7863 ms
[14:46:51 INF] HTTP GET /lib/bootstrap/dist/css/bootstrap.min.css responded 304 in 0.3708 ms
[14:46:51 INF] HTTP GET /Biktal.WebMVC.styles.css responded 304 in 0.5735 ms
[14:46:52 INF] HTTP GET /lib/jquery/dist/jquery.min.js responded 304 in 0.2475 ms
[14:46:52 INF] HTTP GET /js/site.js responded 304 in 0.3114 ms
[14:46:52 INF] HTTP GET /lib/bootstrap/dist/js/bootstrap.bundle.min.js responded 304 in 0.3535 ms
[14:46:52 INF] HTTP GET /lib/jquery-validation/dist/jquery.validate.min.js responded 304 in 0.4604 ms
[14:46:52 INF] HTTP GET /lib/jquery-validation-unobtrusive/dist/jquery.validate.unobtrusive.min.js responded 304 in 0.5654 ms
[14:46:52 INF] HTTP GET /js/products-catalog-filter.js responded 304 in 0.5387 ms
[14:46:55 INF] HTTP GET /Inventory/Products responded 200 in 57.2637 ms
[14:46:55 INF] HTTP GET /Biktal.WebMVC.styles.css responded 304 in 0.4252 ms
[14:46:55 INF] HTTP GET /lib/bootstrap/dist/css/bootstrap.min.css responded 304 in 0.5257 ms
[14:46:55 INF] HTTP GET /css/site.css responded 304 in 2.0257 ms
[14:46:56 INF] HTTP GET /lib/jquery/dist/jquery.min.js responded 304 in 0.2489 ms
[14:46:56 INF] HTTP GET /js/site.js responded 304 in 0.2718 ms
[14:46:56 INF] HTTP GET /lib/bootstrap/dist/js/bootstrap.bundle.min.js responded 304 in 0.5157 ms
[14:46:56 INF] HTTP GET /js/products-catalog-filter.js responded 304 in 0.2715 ms
[14:46:56 INF] HTTP GET /lib/jquery-validation/dist/jquery.validate.min.js responded 304 in 0.4090 ms
[14:46:56 INF] HTTP GET /lib/jquery-validation-unobtrusive/dist/jquery.validate.unobtrusive.min.js responded 304 in 0.4858 ms
[14:47:05 INF] HTTP POST /Inventory/EditProduct responded 302 in 9.3197 ms
[14:47:05 INF] HTTP GET /Inventory/Products responded 200 in 51.8574 ms
[14:47:05 INF] HTTP GET /lib/bootstrap/dist/css/bootstrap.min.css responded 304 in 0.4226 ms
[14:47:05 INF] HTTP GET /Biktal.WebMVC.styles.css responded 304 in 0.5032 ms
[14:47:05 INF] HTTP GET /css/site.css responded 304 in 0.2993 ms
[14:47:06 INF] HTTP GET /lib/jquery/dist/jquery.min.js responded 304 in 0.2483 ms
[14:47:06 INF] HTTP GET /lib/bootstrap/dist/js/bootstrap.bundle.min.js responded 304 in 1.0750 ms
[14:47:06 INF] HTTP GET /js/site.js responded 304 in 0.9788 ms
[14:47:06 INF] HTTP GET /lib/jquery-validation/dist/jquery.validate.min.js responded 304 in 0.7667 ms
[14:47:06 INF] HTTP GET /lib/jquery-validation-unobtrusive/dist/jquery.validate.unobtrusive.min.js responded 304 in 0.4567 ms
[14:47:06 INF] HTTP GET /js/products-catalog-filter.js responded 304 in 0.4834 ms
[14:47:09 INF] HTTP GET /Inventory/Products responded 200 in 69.3635 ms
[14:47:09 INF] HTTP GET /lib/bootstrap/dist/css/bootstrap.min.css responded 304 in 0.4695 ms
[14:47:09 INF] HTTP GET /css/site.css responded 304 in 0.4198 ms
[14:47:09 INF] HTTP GET /Biktal.WebMVC.styles.css responded 304 in 0.2261 ms
[14:47:10 INF] HTTP GET /lib/jquery/dist/jquery.min.js responded 304 in 0.2575 ms
[14:47:10 INF] HTTP GET /lib/bootstrap/dist/js/bootstrap.bundle.min.js responded 304 in 0.3478 ms
[14:47:10 INF] HTTP GET /js/site.js responded 304 in 0.3293 ms
[14:47:10 INF] HTTP GET /lib/jquery-validation/dist/jquery.validate.min.js responded 304 in 0.7968 ms
[14:47:10 INF] HTTP GET /lib/jquery-validation-unobtrusive/dist/jquery.validate.unobtrusive.min.js responded 304 in 0.4411 ms
[14:47:10 INF] HTTP GET /js/products-catalog-filter.js responded 304 in 0.3583 ms
[14:47:33 INF] HTTP POST /Inventory/EditProduct responded 302 in 164.8187 ms
[14:47:33 INF] HTTP GET /Inventory/Products responded 200 in 44.3562 ms
[14:47:33 INF] HTTP GET /css/site.css responded 304 in 0.3983 ms
[14:47:33 INF] HTTP GET /lib/bootstrap/dist/css/bootstrap.min.css responded 200 in 4.7181 ms
[14:47:33 INF] HTTP GET /Biktal.WebMVC.styles.css responded 304 in 0.5707 ms
[14:47:34 INF] HTTP GET /lib/jquery/dist/jquery.min.js responded 304 in 0.2508 ms
[14:47:34 INF] HTTP GET /lib/bootstrap/dist/js/bootstrap.bundle.min.js responded 304 in 0.3822 ms
[14:47:34 INF] HTTP GET /js/site.js responded 304 in 0.4590 ms
[14:47:34 INF] HTTP GET /lib/jquery-validation/dist/jquery.validate.min.js responded 304 in 0.2705 ms
[14:47:34 INF] HTTP GET /lib/jquery-validation-unobtrusive/dist/jquery.validate.unobtrusive.min.js responded 304 in 0.2850 ms
[14:47:34 INF] HTTP GET /js/products-catalog-filter.js responded 304 in 0.2084 ms
[14:48:06 INF] HTTP GET /Inventory/Products responded 200 in 58.1981 ms
[14:48:06 INF] HTTP GET /css/site.css responded 304 in 0.3879 ms
[14:48:06 INF] HTTP GET /Biktal.WebMVC.styles.css responded 304 in 0.3756 ms
[14:48:06 INF] HTTP GET /lib/bootstrap/dist/css/bootstrap.min.css responded 200 in 10.0766 ms
[14:48:07 INF] HTTP GET /lib/jquery/dist/jquery.min.js responded 304 in 0.2547 ms
[14:48:07 INF] HTTP GET /js/site.js responded 304 in 0.3046 ms
[14:48:07 INF] HTTP GET /lib/bootstrap/dist/js/bootstrap.bundle.min.js responded 304 in 0.4586 ms
[14:48:07 INF] HTTP GET /lib/jquery-validation/dist/jquery.validate.min.js responded 304 in 0.6900 ms
[14:48:07 INF] HTTP GET /js/products-catalog-filter.js responded 304 in 0.6342 ms
[14:48:07 INF] HTTP GET /lib/jquery-validation-unobtrusive/dist/jquery.validate.unobtrusive.min.js responded 304 in 1.8568 ms
[14:48:16 INF] HTTP POST /Inventory/EditProduct responded 302 in 11.9733 ms
[14:48:16 INF] HTTP GET /Inventory/Products responded 200 in 45.3230 ms
[14:48:16 INF] HTTP GET /Biktal.WebMVC.styles.css responded 304 in 0.4704 ms
[14:48:16 INF] HTTP GET /lib/bootstrap/dist/css/bootstrap.min.css responded 200 in 1.0348 ms
[14:48:16 INF] HTTP GET /css/site.css responded 304 in 0.6269 ms
[14:48:17 INF] HTTP GET /lib/jquery/dist/jquery.min.js responded 304 in 0.2487 ms
[14:48:17 INF] HTTP GET /lib/bootstrap/dist/js/bootstrap.bundle.min.js responded 304 in 0.2804 ms
[14:48:17 INF] HTTP GET /js/site.js responded 304 in 0.5938 ms
[14:48:17 INF] HTTP GET /lib/jquery-validation/dist/jquery.validate.min.js responded 304 in 0.3469 ms
[14:48:17 INF] HTTP GET /lib/jquery-validation-unobtrusive/dist/jquery.validate.unobtrusive.min.js responded 304 in 0.5230 ms
[14:48:17 INF] HTTP GET /js/products-catalog-filter.js responded 304 in 0.4209 ms
[14:48:21 INF] HTTP GET /Inventory/Products responded 200 in 69.0796 ms
[14:48:21 INF] HTTP GET /lib/bootstrap/dist/css/bootstrap.min.css responded 304 in 0.4875 ms
[14:48:21 INF] HTTP GET /Biktal.WebMVC.styles.css responded 304 in 0.5251 ms
[14:48:21 INF] HTTP GET /css/site.css responded 304 in 0.3410 ms
[14:48:22 INF] HTTP GET /lib/jquery/dist/jquery.min.js responded 304 in 0.3265 ms
[14:48:22 INF] HTTP GET /lib/bootstrap/dist/js/bootstrap.bundle.min.js responded 304 in 0.4764 ms
[14:48:22 INF] HTTP GET /js/site.js responded 304 in 1.5184 ms
[14:48:22 INF] HTTP GET /lib/jquery-validation/dist/jquery.validate.min.js responded 304 in 0.8326 ms
[14:48:22 INF] HTTP GET /lib/jquery-validation-unobtrusive/dist/jquery.validate.unobtrusive.min.js responded 304 in 0.5318 ms
[14:48:22 INF] HTTP GET /js/products-catalog-filter.js responded 304 in 0.4145 ms
[14:48:31 INF] HTTP POST /Inventory/EditProduct responded 302 in 9.9933 ms
[14:48:31 INF] HTTP GET /Inventory/Products responded 200 in 48.2966 ms
[14:48:31 INF] HTTP GET /lib/bootstrap/dist/css/bootstrap.min.css responded 304 in 0.3889 ms
[14:48:31 INF] HTTP GET /Biktal.WebMVC.styles.css responded 304 in 0.3556 ms
[14:48:31 INF] HTTP GET /css/site.css responded 304 in 1.3318 ms
[14:48:32 INF] HTTP GET /lib/jquery/dist/jquery.min.js responded 304 in 0.2533 ms
[14:48:32 INF] HTTP GET /lib/bootstrap/dist/js/bootstrap.bundle.min.js responded 304 in 0.3839 ms
[14:48:32 INF] HTTP GET /js/site.js responded 304 in 0.4654 ms
[14:48:32 INF] HTTP GET /lib/jquery-validation/dist/jquery.validate.min.js responded 304 in 0.3899 ms
[14:48:32 INF] HTTP GET /js/products-catalog-filter.js responded 304 in 0.5400 ms
[14:48:32 INF] HTTP GET /lib/jquery-validation-unobtrusive/dist/jquery.validate.unobtrusive.min.js responded 304 in 1.5959 ms
[14:54:22 INF] HTTP GET /Inventory/Products responded 200 in 124.4247 ms
[14:54:23 INF] HTTP GET /css/site.css responded 200 in 0.8070 ms
[14:54:23 INF] HTTP GET /lib/bootstrap/dist/css/bootstrap.min.css responded 200 in 0.8690 ms
[14:54:23 INF] HTTP GET /Biktal.WebMVC.styles.css responded 200 in 4.2857 ms
[14:54:24 INF] HTTP GET /lib/jquery/dist/jquery.min.js responded 200 in 0.8045 ms
[14:54:24 INF] HTTP GET /lib/bootstrap/dist/js/bootstrap.bundle.min.js responded 200 in 1.0101 ms
[14:54:24 INF] HTTP GET /lib/jquery-validation/dist/jquery.validate.min.js responded 200 in 0.5929 ms
[14:54:24 INF] HTTP GET /js/site.js responded 200 in 0.7133 ms
[14:54:24 INF] HTTP GET /js/products-catalog-filter.js responded 200 in 4.9283 ms
[14:54:24 INF] HTTP GET /lib/jquery-validation-unobtrusive/dist/jquery.validate.unobtrusive.min.js responded 200 in 5.2918 ms
[14:58:56 INF] HTTP POST /Inventory/EditProduct responded 302 in 36.9993 ms
[14:58:56 INF] HTTP GET /Inventory/Products responded 200 in 51.5485 ms
[14:58:56 INF] HTTP GET /lib/bootstrap/dist/css/bootstrap.min.css responded 200 in 0.9264 ms
[14:58:56 INF] HTTP GET /css/site.css responded 200 in 0.9185 ms
[14:58:56 INF] HTTP GET /Biktal.WebMVC.styles.css responded 200 in 1.9957 ms
[14:58:57 INF] HTTP GET /lib/jquery/dist/jquery.min.js responded 200 in 0.6205 ms
[14:58:57 INF] HTTP GET /js/site.js responded 200 in 0.6549 ms
[14:58:57 INF] HTTP GET /lib/bootstrap/dist/js/bootstrap.bundle.min.js responded 200 in 0.7101 ms
[14:58:57 INF] HTTP GET /lib/jquery-validation/dist/jquery.validate.min.js responded 200 in 1.1883 ms
[14:58:57 INF] HTTP GET /lib/jquery-validation-unobtrusive/dist/jquery.validate.unobtrusive.min.js responded 200 in 2.1646 ms
[14:58:57 INF] HTTP GET /js/products-catalog-filter.js responded 200 in 7.2048 ms
[14:59:06 INF] HTTP GET /Inventory/Products responded 200 in 73.6715 ms
[14:59:06 INF] HTTP GET /lib/bootstrap/dist/css/bootstrap.min.css responded 200 in 2.1559 ms
[14:59:06 INF] HTTP GET /css/site.css responded 200 in 2.4571 ms
[14:59:06 INF] HTTP GET /Biktal.WebMVC.styles.css responded 200 in 3.2927 ms
[14:59:07 INF] HTTP GET /lib/jquery/dist/jquery.min.js responded 304 in 0.2652 ms
[14:59:07 INF] HTTP GET /lib/bootstrap/dist/js/bootstrap.bundle.min.js responded 304 in 0.4319 ms
[14:59:07 INF] HTTP GET /js/site.js responded 304 in 0.3268 ms
[14:59:07 INF] HTTP GET /lib/jquery-validation/dist/jquery.validate.min.js responded 304 in 0.3383 ms
[14:59:07 INF] HTTP GET /lib/jquery-validation-unobtrusive/dist/jquery.validate.unobtrusive.min.js responded 304 in 0.2191 ms
[14:59:07 INF] HTTP GET /js/products-catalog-filter.js responded 304 in 0.2190 ms
[14:59:10 INF] HTTP POST /Inventory/EditProduct responded 200 in 46.3975 ms
[14:59:10 INF] HTTP GET /lib/bootstrap/dist/css/bootstrap.min.css responded 304 in 0.6465 ms
[14:59:10 INF] HTTP GET /css/site.css responded 304 in 0.3708 ms
[14:59:10 INF] HTTP GET /Biktal.WebMVC.styles.css responded 304 in 0.5511 ms
[14:59:11 INF] HTTP GET /lib/jquery/dist/jquery.min.js responded 304 in 0.2582 ms
[14:59:11 INF] HTTP GET /lib/bootstrap/dist/js/bootstrap.bundle.min.js responded 304 in 0.9359 ms
[14:59:11 INF] HTTP GET /js/site.js responded 304 in 0.8847 ms
[14:59:11 INF] HTTP GET /lib/jquery-validation/dist/jquery.validate.min.js responded 304 in 0.3114 ms
[14:59:11 INF] HTTP GET /lib/jquery-validation-unobtrusive/dist/jquery.validate.unobtrusive.min.js responded 304 in 0.8123 ms
[14:59:11 INF] HTTP GET /js/products-catalog-filter.js responded 304 in 0.5371 ms
[14:59:24 INF] HTTP POST /Inventory/EditProduct responded 302 in 197.0642 ms
[14:59:24 INF] HTTP GET /Inventory/Products responded 200 in 42.9783 ms
[14:59:24 INF] HTTP GET /Biktal.WebMVC.styles.css responded 304 in 0.3150 ms
[14:59:24 INF] HTTP GET /lib/bootstrap/dist/css/bootstrap.min.css responded 200 in 1.2318 ms
[14:59:24 INF] HTTP GET /css/site.css responded 304 in 0.7897 ms
[14:59:25 INF] HTTP GET /lib/jquery/dist/jquery.min.js responded 304 in 0.3943 ms
[14:59:25 INF] HTTP GET /lib/bootstrap/dist/js/bootstrap.bundle.min.js responded 304 in 0.3556 ms
[14:59:25 INF] HTTP GET /js/site.js responded 304 in 0.7163 ms
[14:59:25 INF] HTTP GET /lib/jquery-validation/dist/jquery.validate.min.js responded 304 in 0.7491 ms
[14:59:25 INF] HTTP GET /lib/jquery-validation-unobtrusive/dist/jquery.validate.unobtrusive.min.js responded 304 in 0.3530 ms
[14:59:25 INF] HTTP GET /js/products-catalog-filter.js responded 304 in 0.2815 ms
[14:59:34 INF] HTTP GET /Inventory/Products responded 200 in 74.2511 ms
[14:59:34 INF] HTTP GET /Biktal.WebMVC.styles.css responded 304 in 0.3903 ms
[14:59:34 INF] HTTP GET /lib/bootstrap/dist/css/bootstrap.min.css responded 304 in 0.4355 ms
[14:59:34 INF] HTTP GET /css/site.css responded 304 in 0.3636 ms
[14:59:35 INF] HTTP GET /lib/jquery/dist/jquery.min.js responded 304 in 0.2566 ms
[14:59:35 INF] HTTP GET /lib/bootstrap/dist/js/bootstrap.bundle.min.js responded 304 in 0.7030 ms
[14:59:35 INF] HTTP GET /lib/jquery-validation/dist/jquery.validate.min.js responded 304 in 0.5222 ms
[14:59:35 INF] HTTP GET /js/site.js responded 304 in 0.5883 ms
[14:59:35 INF] HTTP GET /lib/jquery-validation-unobtrusive/dist/jquery.validate.unobtrusive.min.js responded 304 in 0.4368 ms
[14:59:35 INF] HTTP GET /js/products-catalog-filter.js responded 304 in 1.1441 ms
[14:59:38 INF] HTTP POST /Inventory/EditProduct responded 302 in 6.7700 ms
[14:59:38 INF] HTTP GET /Inventory/Products responded 200 in 33.3072 ms
[14:59:38 INF] HTTP GET /lib/bootstrap/dist/css/bootstrap.min.css responded 304 in 0.5553 ms
[14:59:38 INF] HTTP GET /Biktal.WebMVC.styles.css responded 304 in 0.8628 ms
[14:59:38 INF] HTTP GET /css/site.css responded 304 in 0.6440 ms
[14:59:39 INF] HTTP GET /lib/jquery/dist/jquery.min.js responded 304 in 0.2736 ms
[14:59:39 INF] HTTP GET /lib/bootstrap/dist/js/bootstrap.bundle.min.js responded 304 in 0.4083 ms
[14:59:39 INF] HTTP GET /js/site.js responded 304 in 1.6108 ms
[14:59:39 INF] HTTP GET /lib/jquery-validation/dist/jquery.validate.min.js responded 304 in 1.9411 ms
[14:59:39 INF] HTTP GET /lib/jquery-validation-unobtrusive/dist/jquery.validate.unobtrusive.min.js responded 304 in 0.4952 ms
[14:59:39 INF] HTTP GET /js/products-catalog-filter.js responded 304 in 0.4322 ms
[14:59:41 INF] HTTP GET /Inventory/Products responded 200 in 93.7210 ms
[14:59:41 INF] HTTP GET /lib/bootstrap/dist/css/bootstrap.min.css responded 304 in 0.3569 ms
[14:59:41 INF] HTTP GET /css/site.css responded 304 in 0.5594 ms
[14:59:41 INF] HTTP GET /Biktal.WebMVC.styles.css responded 304 in 0.8636 ms
[14:59:42 INF] HTTP GET /lib/jquery/dist/jquery.min.js responded 304 in 0.2481 ms
[14:59:42 INF] HTTP GET /lib/bootstrap/dist/js/bootstrap.bundle.min.js responded 304 in 0.3630 ms
[14:59:42 INF] HTTP GET /js/site.js responded 304 in 0.2246 ms
[14:59:42 INF] HTTP GET /lib/jquery-validation/dist/jquery.validate.min.js responded 304 in 0.3070 ms
[14:59:42 INF] HTTP GET /lib/jquery-validation-unobtrusive/dist/jquery.validate.unobtrusive.min.js responded 304 in 1.3168 ms
[14:59:42 INF] HTTP GET /js/products-catalog-filter.js responded 304 in 0.6888 ms
[14:59:46 INF] HTTP POST /Inventory/EditProduct responded 302 in 7.0105 ms
[14:59:46 INF] HTTP GET /Inventory/Products responded 200 in 33.6351 ms
[14:59:46 INF] HTTP GET /lib/bootstrap/dist/css/bootstrap.min.css responded 304 in 0.5490 ms
[14:59:46 INF] HTTP GET /css/site.css responded 304 in 0.4061 ms
[14:59:46 INF] HTTP GET /Biktal.WebMVC.styles.css responded 304 in 0.4771 ms
[14:59:47 INF] HTTP GET /lib/jquery/dist/jquery.min.js responded 304 in 0.2487 ms
[14:59:47 INF] HTTP GET /lib/bootstrap/dist/js/bootstrap.bundle.min.js responded 304 in 0.4984 ms
[14:59:47 INF] HTTP GET /js/site.js responded 304 in 0.3463 ms
[14:59:47 INF] HTTP GET /lib/jquery-validation/dist/jquery.validate.min.js responded 304 in 0.5628 ms
[14:59:47 INF] HTTP GET /lib/jquery-validation-unobtrusive/dist/jquery.validate.unobtrusive.min.js responded 304 in 0.4074 ms
[14:59:47 INF] HTTP GET /js/products-catalog-filter.js responded 304 in 0.5780 ms
[14:59:50 INF] HTTP GET /Inventory/Products responded 200 in 67.4213 ms
[14:59:50 INF] HTTP GET /lib/bootstrap/dist/css/bootstrap.min.css responded 304 in 0.4235 ms
[14:59:50 INF] HTTP GET /Biktal.WebMVC.styles.css responded 304 in 0.3005 ms
[14:59:50 INF] HTTP GET /css/site.css responded 304 in 1.1611 ms
[14:59:51 INF] HTTP GET /lib/jquery/dist/jquery.min.js responded 304 in 0.2482 ms
[14:59:51 INF] HTTP GET /lib/bootstrap/dist/js/bootstrap.bundle.min.js responded 304 in 0.3672 ms
[14:59:51 INF] HTTP GET /js/site.js responded 304 in 0.5103 ms
[14:59:51 INF] HTTP GET /lib/jquery-validation/dist/jquery.validate.min.js responded 304 in 0.4254 ms
[14:59:51 INF] HTTP GET /js/products-catalog-filter.js responded 304 in 0.4570 ms
[14:59:51 INF] HTTP GET /lib/jquery-validation-unobtrusive/dist/jquery.validate.unobtrusive.min.js responded 304 in 1.2890 ms
[14:59:54 INF] HTTP POST /Inventory/EditProduct responded 302 in 6.7338 ms
[14:59:54 INF] HTTP GET /Inventory/Products responded 200 in 33.6736 ms
[14:59:54 INF] HTTP GET /lib/bootstrap/dist/css/bootstrap.min.css responded 304 in 0.3886 ms
[14:59:54 INF] HTTP GET /css/site.css responded 304 in 1.4618 ms
[14:59:54 INF] HTTP GET /Biktal.WebMVC.styles.css responded 304 in 1.4327 ms
[14:59:55 INF] HTTP GET /lib/jquery/dist/jquery.min.js responded 304 in 0.3221 ms
[14:59:55 INF] HTTP GET /lib/bootstrap/dist/js/bootstrap.bundle.min.js responded 304 in 0.3590 ms
[14:59:55 INF] HTTP GET /js/site.js responded 304 in 0.2405 ms
[14:59:55 INF] HTTP GET /js/products-catalog-filter.js responded 304 in 0.7908 ms
[14:59:55 INF] HTTP GET /lib/jquery-validation/dist/jquery.validate.min.js responded 304 in 0.8483 ms
[14:59:55 INF] HTTP GET /lib/jquery-validation-unobtrusive/dist/jquery.validate.unobtrusive.min.js responded 304 in 3.7897 ms
[15:00:00 INF] HTTP GET /Inventory/Products responded 200 in 66.6623 ms
[15:00:00 INF] HTTP GET /css/site.css responded 304 in 0.4607 ms
[15:00:00 INF] HTTP GET /lib/bootstrap/dist/css/bootstrap.min.css responded 304 in 1.7029 ms
[15:00:00 INF] HTTP GET /Biktal.WebMVC.styles.css responded 304 in 1.1901 ms
[15:00:01 INF] HTTP GET /lib/jquery/dist/jquery.min.js responded 304 in 0.3284 ms
[15:00:01 INF] HTTP GET /lib/bootstrap/dist/js/bootstrap.bundle.min.js responded 304 in 0.3549 ms
[15:00:01 INF] HTTP GET /js/site.js responded 304 in 0.4021 ms
[15:00:01 INF] HTTP GET /js/products-catalog-filter.js responded 304 in 0.2019 ms
[15:00:01 INF] HTTP GET /lib/jquery-validation-unobtrusive/dist/jquery.validate.unobtrusive.min.js responded 304 in 0.2630 ms
[15:00:01 INF] HTTP GET /lib/jquery-validation/dist/jquery.validate.min.js responded 304 in 0.2686 ms
[15:00:04 INF] HTTP POST /Inventory/EditProduct responded 302 in 7.1067 ms
[15:00:04 INF] HTTP GET /Inventory/Products responded 200 in 32.2103 ms
[15:00:04 INF] HTTP GET /lib/bootstrap/dist/css/bootstrap.min.css responded 304 in 0.4178 ms
[15:00:04 INF] HTTP GET /css/site.css responded 304 in 1.2845 ms
[15:00:04 INF] HTTP GET /Biktal.WebMVC.styles.css responded 304 in 1.4030 ms
[15:00:05 INF] HTTP GET /lib/jquery/dist/jquery.min.js responded 304 in 0.5099 ms
[15:00:05 INF] HTTP GET /lib/bootstrap/dist/js/bootstrap.bundle.min.js responded 304 in 0.3630 ms
[15:00:05 INF] HTTP GET /js/site.js responded 304 in 0.3889 ms
[15:00:05 INF] HTTP GET /lib/jquery-validation-unobtrusive/dist/jquery.validate.unobtrusive.min.js responded 304 in 0.2383 ms
[15:00:05 INF] HTTP GET /lib/jquery-validation/dist/jquery.validate.min.js responded 304 in 0.2575 ms
[15:00:05 INF] HTTP GET /js/products-catalog-filter.js responded 304 in 0.2419 ms
[15:00:08 INF] HTTP GET /Inventory/Products responded 200 in 67.1721 ms
[15:00:08 INF] HTTP GET /css/site.css responded 304 in 0.3614 ms
[15:00:08 INF] HTTP GET /Biktal.WebMVC.styles.css responded 304 in 0.9501 ms
[15:00:08 INF] HTTP GET /lib/bootstrap/dist/css/bootstrap.min.css responded 200 in 6.0338 ms
[15:00:09 INF] HTTP GET /lib/jquery/dist/jquery.min.js responded 304 in 0.2486 ms
[15:00:09 INF] HTTP GET /js/site.js responded 304 in 0.2689 ms
[15:00:09 INF] HTTP GET /lib/bootstrap/dist/js/bootstrap.bundle.min.js responded 304 in 0.3550 ms
[15:00:09 INF] HTTP GET /lib/jquery-validation-unobtrusive/dist/jquery.validate.unobtrusive.min.js responded 304 in 0.3222 ms
[15:00:09 INF] HTTP GET /lib/jquery-validation/dist/jquery.validate.min.js responded 304 in 0.3059 ms
[15:00:09 INF] HTTP GET /js/products-catalog-filter.js responded 304 in 0.5127 ms
[15:00:12 INF] HTTP POST /Inventory/EditProduct responded 302 in 5.5246 ms
[15:00:12 INF] HTTP GET /Inventory/Products responded 200 in 35.3513 ms
[15:00:12 INF] HTTP GET /lib/bootstrap/dist/css/bootstrap.min.css responded 304 in 0.3830 ms
[15:00:12 INF] HTTP GET /css/site.css responded 304 in 0.6404 ms
[15:00:12 INF] HTTP GET /Biktal.WebMVC.styles.css responded 304 in 2.6482 ms
[15:00:13 INF] HTTP GET /lib/jquery/dist/jquery.min.js responded 304 in 0.2490 ms
[15:00:13 INF] HTTP GET /lib/bootstrap/dist/js/bootstrap.bundle.min.js responded 304 in 0.5312 ms
[15:00:13 INF] HTTP GET /js/site.js responded 304 in 0.3811 ms
[15:00:13 INF] HTTP GET /lib/jquery-validation/dist/jquery.validate.min.js responded 304 in 0.3293 ms
[15:00:13 INF] HTTP GET /js/products-catalog-filter.js responded 304 in 0.3558 ms
[15:00:13 INF] HTTP GET /lib/jquery-validation-unobtrusive/dist/jquery.validate.unobtrusive.min.js responded 304 in 0.6738 ms
[15:00:16 INF] HTTP GET /Inventory/Products responded 200 in 76.1711 ms
[15:00:16 INF] HTTP GET /Biktal.WebMVC.styles.css responded 304 in 0.5303 ms
[15:00:16 INF] HTTP GET /lib/bootstrap/dist/css/bootstrap.min.css responded 200 in 1.3571 ms
[15:00:16 INF] HTTP GET /css/site.css responded 304 in 0.3939 ms
[15:00:17 INF] HTTP GET /lib/jquery/dist/jquery.min.js responded 304 in 0.2842 ms
[15:00:17 INF] HTTP GET /lib/bootstrap/dist/js/bootstrap.bundle.min.js responded 304 in 0.4561 ms
[15:00:17 INF] HTTP GET /js/site.js responded 304 in 0.7172 ms
[15:00:17 INF] HTTP GET /lib/jquery-validation/dist/jquery.validate.min.js responded 304 in 0.4814 ms
[15:00:17 INF] HTTP GET /lib/jquery-validation-unobtrusive/dist/jquery.validate.unobtrusive.min.js responded 304 in 0.7311 ms
[15:00:17 INF] HTTP GET /js/products-catalog-filter.js responded 304 in 0.5531 ms
[15:00:19 INF] HTTP POST /Inventory/EditProduct responded 302 in 6.6349 ms
[15:00:19 INF] HTTP GET /Inventory/Products responded 200 in 37.5777 ms
[15:00:19 INF] HTTP GET /lib/bootstrap/dist/css/bootstrap.min.css responded 304 in 0.3892 ms
[15:00:19 INF] HTTP GET /css/site.css responded 304 in 1.8637 ms
[15:00:19 INF] HTTP GET /Biktal.WebMVC.styles.css responded 304 in 0.7882 ms
[15:00:20 INF] HTTP GET /lib/jquery/dist/jquery.min.js responded 304 in 0.2506 ms
[15:00:20 INF] HTTP GET /lib/bootstrap/dist/js/bootstrap.bundle.min.js responded 304 in 0.4706 ms
[15:00:20 INF] HTTP GET /js/site.js responded 304 in 0.2481 ms
[15:00:20 INF] HTTP GET /lib/jquery-validation/dist/jquery.validate.min.js responded 304 in 0.2567 ms
[15:00:20 INF] HTTP GET /lib/jquery-validation-unobtrusive/dist/jquery.validate.unobtrusive.min.js responded 304 in 1.8061 ms
[15:00:20 INF] HTTP GET /js/products-catalog-filter.js responded 304 in 0.5452 ms
[15:00:25 INF] HTTP GET /Inventory/Products responded 200 in 65.4501 ms
[15:00:25 INF] HTTP GET /lib/bootstrap/dist/css/bootstrap.min.css responded 200 in 3.5653 ms
[15:00:25 INF] HTTP GET /css/site.css responded 304 in 0.8898 ms
[15:00:25 INF] HTTP GET /Biktal.WebMVC.styles.css responded 304 in 0.4857 ms
[15:00:26 INF] HTTP GET /lib/jquery/dist/jquery.min.js responded 304 in 0.2544 ms
[15:00:26 INF] HTTP GET /js/site.js responded 304 in 0.3399 ms
[15:00:26 INF] HTTP GET /lib/bootstrap/dist/js/bootstrap.bundle.min.js responded 304 in 0.3607 ms
[15:00:26 INF] HTTP GET /js/products-catalog-filter.js responded 304 in 0.2291 ms
[15:00:26 INF] HTTP GET /lib/jquery-validation/dist/jquery.validate.min.js responded 304 in 0.3177 ms
[15:00:26 INF] HTTP GET /lib/jquery-validation-unobtrusive/dist/jquery.validate.unobtrusive.min.js responded 304 in 0.2290 ms
[15:00:39 INF] HTTP POST /Inventory/EditProduct responded 302 in 14.6356 ms
[15:00:39 INF] HTTP GET /Inventory/Products responded 200 in 57.6166 ms
[15:00:39 INF] HTTP GET /Biktal.WebMVC.styles.css responded 304 in 0.3987 ms
[15:00:39 INF] HTTP GET /lib/bootstrap/dist/css/bootstrap.min.css responded 200 in 1.1796 ms
[15:00:39 INF] HTTP GET /css/site.css responded 304 in 2.9826 ms
[15:00:40 INF] HTTP GET /lib/jquery/dist/jquery.min.js responded 304 in 0.8582 ms
[15:00:40 INF] HTTP GET /lib/bootstrap/dist/js/bootstrap.bundle.min.js responded 304 in 0.3577 ms
[15:00:40 INF] HTTP GET /js/site.js responded 304 in 0.3110 ms
[15:00:40 INF] HTTP GET /lib/jquery-validation/dist/jquery.validate.min.js responded 304 in 0.3820 ms
[15:00:40 INF] HTTP GET /lib/jquery-validation-unobtrusive/dist/jquery.validate.unobtrusive.min.js responded 304 in 0.4931 ms
[15:00:40 INF] HTTP GET /js/products-catalog-filter.js responded 304 in 0.5472 ms
[15:01:54 INF] HTTP GET /Inventory/Products responded 200 in 47.6199 ms
[15:01:54 INF] HTTP GET /css/site.css responded 200 in 0.8164 ms
[15:01:54 INF] HTTP GET /Biktal.WebMVC.styles.css responded 200 in 0.6786 ms
[15:01:54 INF] HTTP GET /lib/bootstrap/dist/css/bootstrap.min.css responded 200 in 5.8316 ms
[15:01:55 INF] HTTP GET /lib/jquery/dist/jquery.min.js responded 200 in 0.7633 ms
[15:01:55 INF] HTTP GET /lib/bootstrap/dist/js/bootstrap.bundle.min.js responded 200 in 2.5271 ms
[15:01:55 INF] HTTP GET /js/site.js responded 200 in 1.2198 ms
[15:01:55 INF] HTTP GET /lib/jquery-validation/dist/jquery.validate.min.js responded 200 in 5.2345 ms
[15:01:55 INF] HTTP GET /lib/jquery-validation-unobtrusive/dist/jquery.validate.unobtrusive.min.js responded 200 in 1.6578 ms
[15:01:55 INF] HTTP GET /js/products-catalog-filter.js responded 200 in 0.8395 ms
[15:01:59 INF] HTTP POST /Inventory/EditProduct responded 302 in 7.7667 ms
[15:01:59 INF] HTTP GET /Inventory/Products responded 200 in 33.1831 ms
[15:01:59 INF] HTTP GET /css/site.css responded 304 in 0.3535 ms
[15:01:59 INF] HTTP GET /lib/bootstrap/dist/css/bootstrap.min.css responded 304 in 0.4378 ms
[15:01:59 INF] HTTP GET /Biktal.WebMVC.styles.css responded 304 in 0.3635 ms
[15:02:00 INF] HTTP GET /lib/jquery/dist/jquery.min.js responded 304 in 0.2477 ms
[15:02:00 INF] HTTP GET /lib/bootstrap/dist/js/bootstrap.bundle.min.js responded 304 in 0.3981 ms
[15:02:00 INF] HTTP GET /lib/jquery-validation/dist/jquery.validate.min.js responded 304 in 0.2773 ms
[15:02:00 INF] HTTP GET /lib/jquery-validation-unobtrusive/dist/jquery.validate.unobtrusive.min.js responded 304 in 0.3194 ms
[15:02:00 INF] HTTP GET /js/products-catalog-filter.js responded 304 in 0.2459 ms
[15:02:00 INF] HTTP GET /js/site.js responded 304 in 0.2338 ms
[15:02:10 INF] HTTP GET /Inventory/Products responded 200 in 51.6634 ms
[15:02:10 INF] HTTP GET /lib/bootstrap/dist/css/bootstrap.min.css responded 200 in 10.5377 ms
[15:02:10 INF] HTTP GET /css/site.css responded 304 in 0.4316 ms
[15:02:10 INF] HTTP GET /Biktal.WebMVC.styles.css responded 304 in 1.3137 ms
[15:02:11 INF] HTTP GET /lib/jquery/dist/jquery.min.js responded 304 in 0.2643 ms
[15:02:11 INF] HTTP GET /lib/bootstrap/dist/js/bootstrap.bundle.min.js responded 304 in 0.6935 ms
[15:02:11 INF] HTTP GET /js/site.js responded 304 in 0.3643 ms
[15:02:11 INF] HTTP GET /lib/jquery-validation/dist/jquery.validate.min.js responded 304 in 0.3877 ms
[15:02:11 INF] HTTP GET /lib/jquery-validation-unobtrusive/dist/jquery.validate.unobtrusive.min.js responded 304 in 0.2738 ms
[15:02:11 INF] HTTP GET /js/products-catalog-filter.js responded 304 in 0.8179 ms
[15:02:19 INF] HTTP POST /Inventory/EditProduct responded 302 in 19.8766 ms
[15:02:20 INF] HTTP GET /Inventory/Products responded 200 in 55.8224 ms
[15:02:20 INF] HTTP GET /css/site.css responded 304 in 0.7948 ms
[15:02:20 INF] HTTP GET /lib/bootstrap/dist/css/bootstrap.min.css responded 304 in 0.5467 ms
[15:02:20 INF] HTTP GET /Biktal.WebMVC.styles.css responded 304 in 0.7446 ms
[15:02:21 INF] HTTP GET /lib/jquery/dist/jquery.min.js responded 304 in 0.2628 ms
[15:02:21 INF] HTTP GET /lib/bootstrap/dist/js/bootstrap.bundle.min.js responded 304 in 0.3731 ms
[15:02:21 INF] HTTP GET /js/site.js responded 304 in 0.4087 ms
[15:02:21 INF] HTTP GET /lib/jquery-validation/dist/jquery.validate.min.js responded 304 in 0.3147 ms
[15:02:21 INF] HTTP GET /lib/jquery-validation-unobtrusive/dist/jquery.validate.unobtrusive.min.js responded 304 in 0.1931 ms
[15:02:21 INF] HTTP GET /js/products-catalog-filter.js responded 304 in 0.2460 ms
[15:02:24 INF] HTTP GET /Inventory/Products responded 200 in 46.4586 ms
[15:02:24 INF] HTTP GET /lib/bootstrap/dist/css/bootstrap.min.css responded 304 in 0.6428 ms
[15:02:24 INF] HTTP GET /css/site.css responded 304 in 0.6042 ms
[15:02:24 INF] HTTP GET /Biktal.WebMVC.styles.css responded 304 in 1.8221 ms
[15:02:25 INF] HTTP GET /lib/jquery/dist/jquery.min.js responded 304 in 0.3414 ms
[15:02:25 INF] HTTP GET /lib/bootstrap/dist/js/bootstrap.bundle.min.js responded 304 in 0.2703 ms
[15:02:25 INF] HTTP GET /lib/jquery-validation/dist/jquery.validate.min.js responded 304 in 0.3098 ms
[15:02:25 INF] HTTP GET /js/site.js responded 304 in 0.4505 ms
[15:02:25 INF] HTTP GET /lib/jquery-validation-unobtrusive/dist/jquery.validate.unobtrusive.min.js responded 304 in 0.5414 ms
[15:02:25 INF] HTTP GET /js/products-catalog-filter.js responded 304 in 1.2742 ms
[15:02:30 INF] HTTP POST /Inventory/EditProduct responded 302 in 7.8843 ms
[15:02:30 INF] HTTP GET /Inventory/Products responded 200 in 32.1128 ms
[15:02:30 INF] HTTP GET /lib/bootstrap/dist/css/bootstrap.min.css responded 304 in 0.5596 ms
[15:02:30 INF] HTTP GET /css/site.css responded 304 in 0.8204 ms
[15:02:30 INF] HTTP GET /Biktal.WebMVC.styles.css responded 304 in 0.4799 ms
[15:02:31 INF] HTTP GET /lib/jquery/dist/jquery.min.js responded 304 in 0.2448 ms
[15:02:31 INF] HTTP GET /lib/bootstrap/dist/js/bootstrap.bundle.min.js responded 304 in 0.8325 ms
[15:02:31 INF] HTTP GET /js/site.js responded 304 in 0.4541 ms
[15:02:31 INF] HTTP GET /lib/jquery-validation/dist/jquery.validate.min.js responded 304 in 0.7340 ms
[15:02:31 INF] HTTP GET /lib/jquery-validation-unobtrusive/dist/jquery.validate.unobtrusive.min.js responded 304 in 0.9787 ms
[15:02:31 INF] HTTP GET /js/products-catalog-filter.js responded 304 in 0.4833 ms
[15:02:35 INF] HTTP GET /Inventory/Products responded 200 in 43.4717 ms
[15:02:35 INF] HTTP GET /lib/bootstrap/dist/css/bootstrap.min.css responded 304 in 3.3812 ms
[15:02:35 INF] HTTP GET /css/site.css responded 304 in 0.3784 ms
[15:02:35 INF] HTTP GET /Biktal.WebMVC.styles.css responded 304 in 0.3139 ms
[15:02:36 INF] HTTP GET /lib/jquery/dist/jquery.min.js responded 304 in 0.3651 ms
[15:02:36 INF] HTTP GET /lib/bootstrap/dist/js/bootstrap.bundle.min.js responded 304 in 0.5124 ms
[15:02:36 INF] HTTP GET /js/site.js responded 304 in 0.2190 ms
[15:02:36 INF] HTTP GET /js/products-catalog-filter.js responded 304 in 0.2190 ms
[15:02:36 INF] HTTP GET /lib/jquery-validation/dist/jquery.validate.min.js responded 304 in 0.3830 ms
[15:02:36 INF] HTTP GET /lib/jquery-validation-unobtrusive/dist/jquery.validate.unobtrusive.min.js responded 304 in 0.3208 ms
[15:02:40 INF] HTTP POST /Inventory/EditProduct responded 302 in 9.2678 ms
[15:02:40 INF] HTTP GET /Inventory/Products responded 200 in 57.9338 ms
[15:02:40 INF] HTTP GET /lib/bootstrap/dist/css/bootstrap.min.css responded 304 in 0.7485 ms
[15:02:40 INF] HTTP GET /Biktal.WebMVC.styles.css responded 304 in 0.3903 ms
[15:02:40 INF] HTTP GET /css/site.css responded 304 in 0.3485 ms
[15:02:41 INF] HTTP GET /lib/jquery/dist/jquery.min.js responded 304 in 0.2424 ms
[15:02:41 INF] HTTP GET /lib/bootstrap/dist/js/bootstrap.bundle.min.js responded 304 in 0.3911 ms
[15:02:41 INF] HTTP GET /js/site.js responded 304 in 0.3939 ms
[15:02:41 INF] HTTP GET /lib/jquery-validation/dist/jquery.validate.min.js responded 304 in 0.3174 ms
[15:02:41 INF] HTTP GET /lib/jquery-validation-unobtrusive/dist/jquery.validate.unobtrusive.min.js responded 304 in 0.2117 ms
[15:02:41 INF] HTTP GET /js/products-catalog-filter.js responded 304 in 0.2675 ms
[15:03:31 INF] HTTP GET /Inventory/Products responded 200 in 57.3556 ms
[15:03:31 INF] HTTP GET /lib/bootstrap/dist/css/bootstrap.min.css responded 200 in 1.3303 ms
[15:03:31 INF] HTTP GET /css/site.css responded 304 in 0.3926 ms
[15:03:31 INF] HTTP GET /Biktal.WebMVC.styles.css responded 304 in 0.5675 ms
[15:03:32 INF] HTTP GET /lib/jquery/dist/jquery.min.js responded 304 in 0.2470 ms
[15:03:32 INF] HTTP GET /lib/bootstrap/dist/js/bootstrap.bundle.min.js responded 304 in 0.5377 ms
[15:03:32 INF] HTTP GET /lib/jquery-validation-unobtrusive/dist/jquery.validate.unobtrusive.min.js responded 304 in 0.2518 ms
[15:03:32 INF] HTTP GET /js/site.js responded 304 in 0.3541 ms
[15:03:32 INF] HTTP GET /js/products-catalog-filter.js responded 304 in 0.2929 ms
[15:03:32 INF] HTTP GET /lib/jquery-validation/dist/jquery.validate.min.js responded 304 in 1.2316 ms
[15:03:49 INF] HTTP POST /Inventory/EditProduct responded 302 in 10.4548 ms
[15:03:49 INF] HTTP GET /Inventory/Products responded 200 in 75.6106 ms
[15:03:49 INF] HTTP GET /css/site.css responded 304 in 1.1864 ms
[15:03:49 INF] HTTP GET /Biktal.WebMVC.styles.css responded 304 in 0.4197 ms
[15:03:49 INF] HTTP GET /lib/bootstrap/dist/css/bootstrap.min.css responded 304 in 0.3541 ms
[15:03:50 INF] HTTP GET /lib/jquery/dist/jquery.min.js responded 304 in 0.2425 ms
[15:03:50 INF] HTTP GET /lib/bootstrap/dist/js/bootstrap.bundle.min.js responded 304 in 1.9303 ms
[15:03:50 INF] HTTP GET /js/products-catalog-filter.js responded 304 in 0.3283 ms
[15:03:50 INF] HTTP GET /lib/jquery-validation/dist/jquery.validate.min.js responded 304 in 0.3191 ms
[15:03:50 INF] HTTP GET /lib/jquery-validation-unobtrusive/dist/jquery.validate.unobtrusive.min.js responded 304 in 0.3362 ms
[15:03:50 INF] HTTP GET /js/site.js responded 304 in 0.6669 ms
[15:04:08 INF] HTTP GET /Inventory/Products responded 200 in 44.3742 ms
[15:04:08 INF] HTTP GET /lib/bootstrap/dist/css/bootstrap.min.css responded 304 in 10.9545 ms
[15:04:08 INF] HTTP GET /css/site.css responded 304 in 0.6951 ms
[15:04:08 INF] HTTP GET /Biktal.WebMVC.styles.css responded 304 in 0.5184 ms
[15:04:09 INF] HTTP GET /lib/jquery/dist/jquery.min.js responded 304 in 0.2458 ms
[15:04:09 INF] HTTP GET /lib/bootstrap/dist/js/bootstrap.bundle.min.js responded 304 in 0.5568 ms
[15:04:09 INF] HTTP GET /js/site.js responded 304 in 0.3793 ms
[15:04:09 INF] HTTP GET /lib/jquery-validation/dist/jquery.validate.min.js responded 304 in 0.9680 ms
[15:04:09 INF] HTTP GET /lib/jquery-validation-unobtrusive/dist/jquery.validate.unobtrusive.min.js responded 304 in 0.4374 ms
[15:04:09 INF] HTTP GET /js/products-catalog-filter.js responded 304 in 1.8768 ms
[15:04:21 INF] HTTP POST /Inventory/EditProduct responded 302 in 8.9329 ms
[15:04:21 INF] HTTP GET /Inventory/Products responded 200 in 60.2664 ms
[15:04:21 INF] HTTP GET /css/site.css responded 304 in 0.4037 ms
[15:04:21 INF] HTTP GET /Biktal.WebMVC.styles.css responded 304 in 0.3903 ms
[15:04:21 INF] HTTP GET /lib/bootstrap/dist/css/bootstrap.min.css responded 304 in 0.7429 ms
[15:04:22 INF] HTTP GET /lib/jquery/dist/jquery.min.js responded 304 in 0.2508 ms
[15:04:22 INF] HTTP GET /lib/bootstrap/dist/js/bootstrap.bundle.min.js responded 304 in 0.7191 ms
[15:04:22 INF] HTTP GET /js/site.js responded 304 in 0.4140 ms
[15:04:22 INF] HTTP GET /lib/jquery-validation/dist/jquery.validate.min.js responded 304 in 0.2667 ms
[15:04:22 INF] HTTP GET /lib/jquery-validation-unobtrusive/dist/jquery.validate.unobtrusive.min.js responded 304 in 0.5096 ms
[15:04:22 INF] HTTP GET /js/products-catalog-filter.js responded 304 in 0.5238 ms
[15:05:55 INF] HTTP GET /Inventory/Products responded 200 in 102.5600 ms
[15:05:55 INF] HTTP GET /css/site.css responded 200 in 0.8933 ms
[15:05:55 INF] HTTP GET /lib/bootstrap/dist/css/bootstrap.min.css responded 200 in 1.1500 ms
[15:05:55 INF] HTTP GET /Biktal.WebMVC.styles.css responded 200 in 0.8789 ms
[15:05:56 INF] HTTP GET /lib/jquery/dist/jquery.min.js responded 200 in 0.6164 ms
[15:05:56 INF] HTTP GET /js/site.js responded 200 in 0.6045 ms
[15:05:56 INF] HTTP GET /lib/bootstrap/dist/js/bootstrap.bundle.min.js responded 200 in 1.0749 ms
[15:05:56 INF] HTTP GET /lib/jquery-validation/dist/jquery.validate.min.js responded 200 in 0.7507 ms
[15:05:56 INF] HTTP GET /lib/jquery-validation-unobtrusive/dist/jquery.validate.unobtrusive.min.js responded 200 in 1.4963 ms
[15:05:56 INF] HTTP GET /js/products-catalog-filter.js responded 200 in 1.1215 ms
[15:06:27 INF] HTTP POST /Inventory/EditProduct responded 302 in 22.9171 ms
[15:06:27 INF] HTTP GET /Inventory/Products responded 200 in 72.8237 ms
[15:06:27 INF] HTTP GET /lib/bootstrap/dist/css/bootstrap.min.css responded 200 in 0.8780 ms
[15:06:27 INF] HTTP GET /Biktal.WebMVC.styles.css responded 200 in 0.6937 ms
[15:06:27 INF] HTTP GET /css/site.css responded 200 in 0.8694 ms
[15:06:28 INF] HTTP GET /lib/jquery/dist/jquery.min.js responded 200 in 0.8234 ms
[15:06:28 INF] HTTP GET /lib/bootstrap/dist/js/bootstrap.bundle.min.js responded 200 in 4.2416 ms
[15:06:28 INF] HTTP GET /lib/jquery-validation/dist/jquery.validate.min.js responded 200 in 3.4163 ms
[15:06:28 INF] HTTP GET /js/site.js responded 200 in 2.0913 ms
[15:06:28 INF] HTTP GET /js/products-catalog-filter.js responded 200 in 0.5444 ms
[15:06:28 INF] HTTP GET /lib/jquery-validation-unobtrusive/dist/jquery.validate.unobtrusive.min.js responded 200 in 0.6535 ms
[15:06:31 INF] HTTP GET /Inventory/Products responded 200 in 79.0241 ms
[15:06:31 INF] HTTP GET /css/site.css responded 200 in 0.9168 ms
[15:06:31 INF] HTTP GET /lib/bootstrap/dist/css/bootstrap.min.css responded 200 in 6.4811 ms
[15:06:31 INF] HTTP GET /Biktal.WebMVC.styles.css responded 200 in 5.3543 ms
[15:06:32 INF] HTTP GET /lib/jquery/dist/jquery.min.js responded 200 in 2.2163 ms
[15:06:32 INF] HTTP GET /lib/bootstrap/dist/js/bootstrap.bundle.min.js responded 200 in 1.1331 ms
[15:06:32 INF] HTTP GET /lib/jquery-validation/dist/jquery.validate.min.js responded 200 in 1.0421 ms
[15:06:32 INF] HTTP GET /js/site.js responded 200 in 0.9444 ms
[15:06:32 INF] HTTP GET /lib/jquery-validation-unobtrusive/dist/jquery.validate.unobtrusive.min.js responded 200 in 0.8478 ms
[15:06:32 INF] HTTP GET /js/products-catalog-filter.js responded 200 in 0.6932 ms
[15:06:38 INF] HTTP POST /Inventory/EditProduct responded 200 in 55.7644 ms
[15:06:38 INF] HTTP GET /lib/bootstrap/dist/css/bootstrap.min.css responded 304 in 0.4190 ms
[15:06:38 INF] HTTP GET /css/site.css responded 304 in 2.3220 ms
[15:06:38 INF] HTTP GET /Biktal.WebMVC.styles.css responded 304 in 1.6914 ms
[15:06:39 INF] HTTP GET /lib/jquery/dist/jquery.min.js responded 304 in 0.2419 ms
[15:06:39 INF] HTTP GET /lib/bootstrap/dist/js/bootstrap.bundle.min.js responded 304 in 0.3619 ms
[15:06:39 INF] HTTP GET /js/site.js responded 304 in 0.4484 ms
[15:06:39 INF] HTTP GET /lib/jquery-validation/dist/jquery.validate.min.js responded 304 in 2.1428 ms
[15:06:39 INF] HTTP GET /lib/jquery-validation-unobtrusive/dist/jquery.validate.unobtrusive.min.js responded 304 in 0.9168 ms
[15:06:39 INF] HTTP GET /js/products-catalog-filter.js responded 304 in 0.3722 ms
[15:06:54 INF] HTTP POST /Inventory/EditProduct responded 302 in 8.6896 ms
[15:06:54 INF] HTTP GET /Inventory/Products responded 200 in 52.1518 ms
[15:06:54 INF] HTTP GET /lib/bootstrap/dist/css/bootstrap.min.css responded 304 in 0.4222 ms
[15:06:54 INF] HTTP GET /css/site.css responded 304 in 0.5281 ms
[15:06:54 INF] HTTP GET /Biktal.WebMVC.styles.css responded 304 in 0.3167 ms
[15:06:55 INF] HTTP GET /lib/jquery/dist/jquery.min.js responded 304 in 0.2518 ms
[15:06:55 INF] HTTP GET /lib/bootstrap/dist/js/bootstrap.bundle.min.js responded 304 in 0.3747 ms
[15:06:55 INF] HTTP GET /js/site.js responded 304 in 0.4408 ms
[15:06:55 INF] HTTP GET /lib/jquery-validation/dist/jquery.validate.min.js responded 304 in 0.3347 ms
[15:06:55 INF] HTTP GET /lib/jquery-validation-unobtrusive/dist/jquery.validate.unobtrusive.min.js responded 304 in 0.3525 ms
[15:06:55 INF] HTTP GET /js/products-catalog-filter.js responded 304 in 1.1682 ms
[15:07:14 INF] HTTP GET /Inventory/Products responded 200 in 59.1927 ms
[15:07:14 INF] HTTP GET /Biktal.WebMVC.styles.css responded 304 in 0.3158 ms
[15:07:14 INF] HTTP GET /lib/bootstrap/dist/css/bootstrap.min.css responded 200 in 1.6213 ms
[15:07:14 INF] HTTP GET /css/site.css responded 304 in 0.5779 ms
[15:07:15 INF] HTTP GET /lib/jquery/dist/jquery.min.js responded 304 in 0.2493 ms
[15:07:15 INF] HTTP GET /lib/bootstrap/dist/js/bootstrap.bundle.min.js responded 304 in 0.4180 ms
[15:07:15 INF] HTTP GET /js/site.js responded 304 in 0.4365 ms
[15:07:15 INF] HTTP GET /lib/jquery-validation/dist/jquery.validate.min.js responded 304 in 0.4363 ms
[15:07:15 INF] HTTP GET /js/products-catalog-filter.js responded 304 in 0.4348 ms
[15:07:15 INF] HTTP GET /lib/jquery-validation-unobtrusive/dist/jquery.validate.unobtrusive.min.js responded 304 in 1.1426 ms
[15:07:22 INF] HTTP POST /Inventory/EditProduct responded 200 in 47.1292 ms
[15:07:22 INF] HTTP GET /lib/bootstrap/dist/css/bootstrap.min.css responded 304 in 0.5157 ms
[15:07:22 INF] HTTP GET /css/site.css responded 304 in 0.4618 ms
[15:07:22 INF] HTTP GET /Biktal.WebMVC.styles.css responded 304 in 3.0753 ms
[15:07:23 INF] HTTP GET /lib/jquery/dist/jquery.min.js responded 304 in 0.2510 ms
[15:07:23 INF] HTTP GET /js/site.js responded 304 in 0.3813 ms
[15:07:23 INF] HTTP GET /lib/bootstrap/dist/js/bootstrap.bundle.min.js responded 304 in 0.5708 ms
[15:07:23 INF] HTTP GET /js/products-catalog-filter.js responded 304 in 0.2654 ms
[15:07:23 INF] HTTP GET /lib/jquery-validation-unobtrusive/dist/jquery.validate.unobtrusive.min.js responded 304 in 0.3543 ms
[15:07:23 INF] HTTP GET /lib/jquery-validation/dist/jquery.validate.min.js responded 304 in 0.3183 ms
[15:07:26 INF] HTTP POST /Inventory/EditProduct responded 302 in 9.6326 ms
[15:07:26 INF] HTTP GET /Inventory/Products responded 200 in 42.6393 ms
[15:07:26 INF] HTTP GET /css/site.css responded 304 in 0.4991 ms
[15:07:26 INF] HTTP GET /Biktal.WebMVC.styles.css responded 304 in 1.5304 ms
[15:07:26 INF] HTTP GET /lib/bootstrap/dist/css/bootstrap.min.css responded 304 in 0.2754 ms
[15:07:27 INF] HTTP GET /lib/jquery/dist/jquery.min.js responded 304 in 0.2472 ms
[15:07:27 INF] HTTP GET /lib/bootstrap/dist/js/bootstrap.bundle.min.js responded 304 in 0.3830 ms
[15:07:27 INF] HTTP GET /js/site.js responded 304 in 0.3327 ms
[15:07:27 INF] HTTP GET /lib/jquery-validation/dist/jquery.validate.min.js responded 304 in 0.3243 ms
[15:07:27 INF] HTTP GET /lib/jquery-validation-unobtrusive/dist/jquery.validate.unobtrusive.min.js responded 304 in 0.3144 ms
[15:07:27 INF] HTTP GET /js/products-catalog-filter.js responded 304 in 0.4919 ms
[15:07:30 INF] HTTP GET /Inventory/Products responded 200 in 63.7002 ms
[15:07:30 INF] HTTP GET /lib/bootstrap/dist/css/bootstrap.min.css responded 304 in 0.4481 ms
[15:07:30 INF] HTTP GET /Biktal.WebMVC.styles.css responded 304 in 0.3505 ms
[15:07:30 INF] HTTP GET /css/site.css responded 304 in 0.4520 ms
[15:07:31 INF] HTTP GET /lib/jquery/dist/jquery.min.js responded 304 in 0.2650 ms
[15:07:31 INF] HTTP GET /lib/bootstrap/dist/js/bootstrap.bundle.min.js responded 304 in 0.4118 ms
[15:07:31 INF] HTTP GET /js/site.js responded 304 in 0.3740 ms
[15:07:31 INF] HTTP GET /lib/jquery-validation/dist/jquery.validate.min.js responded 304 in 0.3124 ms
[15:07:31 INF] HTTP GET /lib/jquery-validation-unobtrusive/dist/jquery.validate.unobtrusive.min.js responded 304 in 0.5659 ms
[15:07:31 INF] HTTP GET /js/products-catalog-filter.js responded 304 in 0.5218 ms
[15:07:34 INF] HTTP POST /Inventory/EditProduct responded 302 in 5.1015 ms
[15:07:34 INF] HTTP GET /Inventory/Products responded 200 in 34.8979 ms
[15:07:34 INF] HTTP GET /lib/bootstrap/dist/css/bootstrap.min.css responded 304 in 0.4185 ms
[15:07:34 INF] HTTP GET /css/site.css responded 304 in 0.5851 ms
[15:07:34 INF] HTTP GET /Biktal.WebMVC.styles.css responded 304 in 0.7175 ms
[15:07:35 INF] HTTP GET /lib/jquery/dist/jquery.min.js responded 304 in 0.7711 ms
[15:07:35 INF] HTTP GET /js/site.js responded 304 in 0.3214 ms
[15:07:35 INF] HTTP GET /lib/bootstrap/dist/js/bootstrap.bundle.min.js responded 304 in 0.4670 ms
[15:07:35 INF] HTTP GET /js/products-catalog-filter.js responded 304 in 0.2098 ms
[15:07:35 INF] HTTP GET /lib/jquery-validation/dist/jquery.validate.min.js responded 304 in 0.3435 ms
[15:07:35 INF] HTTP GET /lib/jquery-validation-unobtrusive/dist/jquery.validate.unobtrusive.min.js responded 304 in 0.2546 ms
[15:07:43 INF] HTTP GET /Inventory/Products responded 200 in 73.2603 ms
[15:07:43 INF] HTTP GET /lib/bootstrap/dist/css/bootstrap.min.css responded 304 in 0.4089 ms
[15:07:43 INF] HTTP GET /css/site.css responded 304 in 0.5090 ms
[15:07:43 INF] HTTP GET /Biktal.WebMVC.styles.css responded 304 in 0.5707 ms
[15:07:44 INF] HTTP GET /lib/jquery/dist/jquery.min.js responded 304 in 0.2466 ms
[15:07:44 INF] HTTP GET /lib/bootstrap/dist/js/bootstrap.bundle.min.js responded 304 in 0.3569 ms
[15:07:44 INF] HTTP GET /js/site.js responded 304 in 0.4823 ms
[15:07:44 INF] HTTP GET /lib/jquery-validation/dist/jquery.validate.min.js responded 304 in 0.4569 ms
[15:07:44 INF] HTTP GET /lib/jquery-validation-unobtrusive/dist/jquery.validate.unobtrusive.min.js responded 304 in 1.0529 ms
[15:07:44 INF] HTTP GET /js/products-catalog-filter.js responded 304 in 0.5559 ms
[15:07:47 INF] HTTP POST /Inventory/EditProduct responded 302 in 6.2361 ms
[15:07:47 INF] HTTP GET /Inventory/Products responded 200 in 32.4129 ms
[15:07:47 INF] HTTP GET /lib/bootstrap/dist/css/bootstrap.min.css responded 304 in 0.5295 ms
[15:07:47 INF] HTTP GET /css/site.css responded 304 in 0.5607 ms
[15:07:47 INF] HTTP GET /Biktal.WebMVC.styles.css responded 304 in 1.7030 ms
[15:07:48 INF] HTTP GET /lib/jquery/dist/jquery.min.js responded 304 in 0.2462 ms
[15:07:48 INF] HTTP GET /lib/bootstrap/dist/js/bootstrap.bundle.min.js responded 304 in 0.2813 ms
[15:07:48 INF] HTTP GET /js/site.js responded 304 in 0.3971 ms
[15:07:48 INF] HTTP GET /lib/jquery-validation/dist/jquery.validate.min.js responded 304 in 0.4086 ms
[15:07:48 INF] HTTP GET /lib/jquery-validation-unobtrusive/dist/jquery.validate.unobtrusive.min.js responded 304 in 1.0871 ms
[15:07:48 INF] HTTP GET /js/products-catalog-filter.js responded 304 in 0.2831 ms
[15:07:53 INF] HTTP GET /Inventory/Products responded 200 in 56.2001 ms
[15:07:53 INF] HTTP GET /lib/bootstrap/dist/css/bootstrap.min.css responded 200 in 4.7280 ms
[15:07:53 INF] HTTP GET /css/site.css responded 304 in 1.7556 ms
[15:07:53 INF] HTTP GET /Biktal.WebMVC.styles.css responded 304 in 1.2144 ms
[15:07:54 INF] HTTP GET /lib/jquery/dist/jquery.min.js responded 304 in 0.3422 ms
[15:07:54 INF] HTTP GET /lib/bootstrap/dist/js/bootstrap.bundle.min.js responded 304 in 0.4853 ms
[15:07:54 INF] HTTP GET /js/site.js responded 304 in 0.4746 ms
[15:07:54 INF] HTTP GET /lib/jquery-validation-unobtrusive/dist/jquery.validate.unobtrusive.min.js responded 304 in 0.3546 ms
[15:07:54 INF] HTTP GET /lib/jquery-validation/dist/jquery.validate.min.js responded 304 in 0.7213 ms
[15:07:54 INF] HTTP GET /js/products-catalog-filter.js responded 304 in 0.4567 ms
[15:08:00 INF] HTTP GET /Inventory/Products responded 200 in 75.0850 ms
[15:08:00 INF] HTTP GET /lib/bootstrap/dist/css/bootstrap.min.css responded 304 in 1.7370 ms
[15:08:00 INF] HTTP GET /css/site.css responded 304 in 0.4581 ms
[15:08:00 INF] HTTP GET /Biktal.WebMVC.styles.css responded 304 in 2.5216 ms
[15:08:01 INF] HTTP GET /lib/jquery/dist/jquery.min.js responded 304 in 0.2516 ms
[15:08:01 INF] HTTP GET /js/site.js responded 304 in 0.3242 ms
[15:08:01 INF] HTTP GET /lib/bootstrap/dist/js/bootstrap.bundle.min.js responded 304 in 0.3337 ms
[15:08:01 INF] HTTP GET /lib/jquery-validation/dist/jquery.validate.min.js responded 304 in 0.5953 ms
[15:08:01 INF] HTTP GET /lib/jquery-validation-unobtrusive/dist/jquery.validate.unobtrusive.min.js responded 304 in 0.6538 ms
[15:08:01 INF] HTTP GET /js/products-catalog-filter.js responded 304 in 0.4726 ms
[15:08:03 INF] HTTP POST /Inventory/EditProduct responded 302 in 5.5305 ms
[15:08:03 INF] HTTP GET /Inventory/Products responded 200 in 35.7773 ms
[15:08:03 INF] HTTP GET /css/site.css responded 304 in 0.5187 ms
[15:08:03 INF] HTTP GET /lib/bootstrap/dist/css/bootstrap.min.css responded 200 in 1.9841 ms
[15:08:03 INF] HTTP GET /Biktal.WebMVC.styles.css responded 304 in 0.5892 ms
[15:08:04 INF] HTTP GET /lib/jquery/dist/jquery.min.js responded 304 in 0.2588 ms
[15:08:04 INF] HTTP GET /lib/bootstrap/dist/js/bootstrap.bundle.min.js responded 304 in 0.4240 ms
[15:08:04 INF] HTTP GET /js/site.js responded 304 in 0.3925 ms
[15:08:04 INF] HTTP GET /lib/jquery-validation-unobtrusive/dist/jquery.validate.unobtrusive.min.js responded 304 in 0.2146 ms
[15:08:04 INF] HTTP GET /lib/jquery-validation/dist/jquery.validate.min.js responded 304 in 0.2411 ms
[15:08:04 INF] HTTP GET /js/products-catalog-filter.js responded 304 in 0.2714 ms
[15:08:07 INF] HTTP GET /Inventory/Products responded 200 in 69.4854 ms
[15:08:07 INF] HTTP GET /lib/bootstrap/dist/css/bootstrap.min.css responded 304 in 0.3217 ms
[15:08:07 INF] HTTP GET /css/site.css responded 304 in 0.3492 ms
[15:08:07 INF] HTTP GET /Biktal.WebMVC.styles.css responded 304 in 0.8685 ms
[15:08:08 INF] HTTP GET /lib/jquery/dist/jquery.min.js responded 304 in 0.2648 ms
[15:08:08 INF] HTTP GET /lib/bootstrap/dist/js/bootstrap.bundle.min.js responded 304 in 0.4264 ms
[15:08:08 INF] HTTP GET /js/site.js responded 304 in 0.3758 ms
[15:08:08 INF] HTTP GET /lib/jquery-validation-unobtrusive/dist/jquery.validate.unobtrusive.min.js responded 304 in 0.2596 ms
[15:08:08 INF] HTTP GET /js/products-catalog-filter.js responded 304 in 0.1844 ms
[15:08:08 INF] HTTP GET /lib/jquery-validation/dist/jquery.validate.min.js responded 304 in 0.3155 ms
[15:08:11 INF] HTTP POST /Inventory/EditProduct responded 302 in 4.9806 ms
[15:08:11 INF] HTTP GET /Inventory/Products responded 200 in 33.4004 ms
[15:08:11 INF] HTTP GET /lib/bootstrap/dist/css/bootstrap.min.css responded 304 in 0.9898 ms
[15:08:11 INF] HTTP GET /css/site.css responded 304 in 0.4562 ms
[15:08:11 INF] HTTP GET /Biktal.WebMVC.styles.css responded 304 in 1.9616 ms
[15:08:11 INF] HTTP GET /lib/jquery/dist/jquery.min.js responded 304 in 0.2473 ms
[15:08:11 INF] HTTP GET /lib/bootstrap/dist/js/bootstrap.bundle.min.js responded 304 in 0.3655 ms
[15:08:11 INF] HTTP GET /js/site.js responded 304 in 0.3789 ms
[15:08:11 INF] HTTP GET /lib/jquery-validation/dist/jquery.validate.min.js responded 304 in 0.3676 ms
[15:08:11 INF] HTTP GET /lib/jquery-validation-unobtrusive/dist/jquery.validate.unobtrusive.min.js responded 304 in 0.3153 ms
[15:08:11 INF] HTTP GET /js/products-catalog-filter.js responded 304 in 0.4617 ms
[15:08:16 INF] HTTP GET /Inventory/Products responded 200 in 61.3395 ms
[15:08:16 INF] HTTP GET /lib/bootstrap/dist/css/bootstrap.min.css responded 304 in 0.5136 ms
[15:08:16 INF] HTTP GET /css/site.css responded 304 in 0.3749 ms
[15:08:16 INF] HTTP GET /Biktal.WebMVC.styles.css responded 304 in 0.5162 ms
[15:08:16 INF] HTTP GET /lib/jquery/dist/jquery.min.js responded 304 in 0.2433 ms
[15:08:16 INF] HTTP GET /lib/bootstrap/dist/js/bootstrap.bundle.min.js responded 304 in 0.3831 ms
[15:08:16 INF] HTTP GET /js/site.js responded 304 in 0.3864 ms
[15:08:16 INF] HTTP GET /lib/jquery-validation/dist/jquery.validate.min.js responded 304 in 0.5424 ms
[15:08:16 INF] HTTP GET /lib/jquery-validation-unobtrusive/dist/jquery.validate.unobtrusive.min.js responded 304 in 0.6064 ms
[15:08:16 INF] HTTP GET /js/products-catalog-filter.js responded 304 in 0.4339 ms
[15:08:19 INF] HTTP POST /Inventory/EditProduct responded 302 in 6.7899 ms
[15:08:19 INF] HTTP GET /Inventory/Products responded 200 in 35.2776 ms
[15:08:19 INF] HTTP GET /Biktal.WebMVC.styles.css responded 304 in 0.2943 ms
[15:08:19 INF] HTTP GET /lib/bootstrap/dist/css/bootstrap.min.css responded 200 in 1.2404 ms
[15:08:19 INF] HTTP GET /css/site.css responded 304 in 0.4467 ms
[15:08:20 INF] HTTP GET /lib/jquery/dist/jquery.min.js responded 304 in 0.2526 ms
[15:08:20 INF] HTTP GET /lib/bootstrap/dist/js/bootstrap.bundle.min.js responded 304 in 0.3789 ms
[15:08:20 INF] HTTP GET /js/site.js responded 304 in 0.3982 ms
[15:08:20 INF] HTTP GET /lib/jquery-validation/dist/jquery.validate.min.js responded 304 in 0.5400 ms
[15:08:20 INF] HTTP GET /lib/jquery-validation-unobtrusive/dist/jquery.validate.unobtrusive.min.js responded 304 in 0.5217 ms
[15:08:20 INF] HTTP GET /js/products-catalog-filter.js responded 304 in 0.6445 ms
[15:08:25 INF] HTTP GET /Inventory/Products responded 200 in 63.7973 ms
[15:08:25 INF] HTTP GET /lib/bootstrap/dist/css/bootstrap.min.css responded 304 in 0.8454 ms
[15:08:25 INF] HTTP GET /css/site.css responded 304 in 0.5682 ms
[15:08:25 INF] HTTP GET /Biktal.WebMVC.styles.css responded 304 in 0.4625 ms
[15:08:25 INF] HTTP GET /lib/jquery/dist/jquery.min.js responded 304 in 0.2507 ms
[15:08:25 INF] HTTP GET /lib/bootstrap/dist/js/bootstrap.bundle.min.js responded 304 in 0.5820 ms
[15:08:25 INF] HTTP GET /js/site.js responded 304 in 0.5078 ms
[15:08:25 INF] HTTP GET /lib/jquery-validation/dist/jquery.validate.min.js responded 304 in 0.3316 ms
[15:08:25 INF] HTTP GET /lib/jquery-validation-unobtrusive/dist/jquery.validate.unobtrusive.min.js responded 304 in 0.5630 ms
[15:08:25 INF] HTTP GET /js/products-catalog-filter.js responded 304 in 1.9523 ms
[15:08:30 INF] HTTP POST /Inventory/EditProduct responded 302 in 4.8662 ms
[15:08:30 INF] HTTP GET /Inventory/Products responded 200 in 34.9180 ms
[15:08:30 INF] HTTP GET /lib/bootstrap/dist/css/bootstrap.min.css responded 200 in 1.1775 ms
[15:08:30 INF] HTTP GET /css/site.css responded 304 in 0.9274 ms
[15:08:30 INF] HTTP GET /Biktal.WebMVC.styles.css responded 304 in 1.4889 ms
[15:08:31 INF] HTTP GET /lib/jquery/dist/jquery.min.js responded 304 in 0.3830 ms
[15:08:31 INF] HTTP GET /lib/bootstrap/dist/js/bootstrap.bundle.min.js responded 304 in 0.4269 ms
[15:08:31 INF] HTTP GET /js/site.js responded 304 in 0.3533 ms
[15:08:31 INF] HTTP GET /lib/jquery-validation/dist/jquery.validate.min.js responded 304 in 0.4528 ms
[15:08:31 INF] HTTP GET /lib/jquery-validation-unobtrusive/dist/jquery.validate.unobtrusive.min.js responded 304 in 0.6778 ms
[15:08:31 INF] HTTP GET /js/products-catalog-filter.js responded 304 in 0.9584 ms
[15:08:36 INF] HTTP GET /Inventory/Products responded 200 in 75.3074 ms
[15:08:36 INF] HTTP GET /lib/bootstrap/dist/css/bootstrap.min.css responded 304 in 0.4440 ms
[15:08:36 INF] HTTP GET /css/site.css responded 304 in 0.4156 ms
[15:08:36 INF] HTTP GET /Biktal.WebMVC.styles.css responded 304 in 0.5371 ms
[15:08:36 INF] HTTP GET /lib/jquery/dist/jquery.min.js responded 304 in 0.5553 ms
[15:08:37 INF] HTTP GET /js/site.js responded 304 in 0.2913 ms
[15:08:37 INF] HTTP GET /lib/bootstrap/dist/js/bootstrap.bundle.min.js responded 304 in 0.4822 ms
[15:08:37 INF] HTTP GET /lib/jquery-validation/dist/jquery.validate.min.js responded 304 in 0.2930 ms
[15:08:37 INF] HTTP GET /lib/jquery-validation-unobtrusive/dist/jquery.validate.unobtrusive.min.js responded 304 in 0.2930 ms
[15:08:37 INF] HTTP GET /js/products-catalog-filter.js responded 304 in 0.2484 ms
[15:08:49 INF] HTTP POST /Inventory/EditProduct responded 302 in 7.8450 ms
[15:08:49 INF] HTTP GET /Inventory/Products responded 200 in 36.4620 ms
[15:08:49 INF] HTTP GET /lib/bootstrap/dist/css/bootstrap.min.css responded 200 in 1.2388 ms
[15:08:49 INF] HTTP GET /css/site.css responded 304 in 0.4559 ms
[15:08:49 INF] HTTP GET /Biktal.WebMVC.styles.css responded 304 in 0.5320 ms
[15:08:50 INF] HTTP GET /lib/jquery/dist/jquery.min.js responded 304 in 0.2448 ms
[15:08:50 INF] HTTP GET /lib/bootstrap/dist/js/bootstrap.bundle.min.js responded 304 in 0.4472 ms
[15:08:50 INF] HTTP GET /js/site.js responded 304 in 0.4358 ms
[15:08:50 INF] HTTP GET /lib/jquery-validation/dist/jquery.validate.min.js responded 304 in 0.6107 ms
[15:08:50 INF] HTTP GET /lib/jquery-validation-unobtrusive/dist/jquery.validate.unobtrusive.min.js responded 304 in 0.5522 ms
[15:08:50 INF] HTTP GET /js/products-catalog-filter.js responded 304 in 0.3717 ms
[15:10:49 INF] HTTP POST /Inventory/AddProduct responded 302 in 44.1402 ms
[15:10:49 INF] HTTP GET /Inventory/Products responded 200 in 86.1116 ms
[15:10:49 INF] HTTP GET /lib/bootstrap/dist/css/bootstrap.min.css responded 200 in 0.8606 ms
[15:10:49 INF] HTTP GET /Biktal.WebMVC.styles.css responded 200 in 0.5805 ms
[15:10:49 INF] HTTP GET /css/site.css responded 200 in 0.7550 ms
[15:10:50 INF] HTTP GET /lib/jquery/dist/jquery.min.js responded 200 in 0.5913 ms
[15:10:50 INF] HTTP GET /js/site.js responded 200 in 0.8019 ms
[15:10:50 INF] HTTP GET /lib/bootstrap/dist/js/bootstrap.bundle.min.js responded 200 in 0.7588 ms
[15:10:50 INF] HTTP GET /lib/jquery-validation-unobtrusive/dist/jquery.validate.unobtrusive.min.js responded 200 in 0.7613 ms
[15:10:50 INF] HTTP GET /lib/jquery-validation/dist/jquery.validate.min.js responded 200 in 1.6299 ms
[15:10:50 INF] HTTP GET /js/products-catalog-filter.js responded 200 in 2.6133 ms
[15:10:59 INF] HTTP GET /Inventory/Products responded 200 in 104.9297 ms
[15:10:59 INF] HTTP GET /lib/bootstrap/dist/css/bootstrap.min.css responded 304 in 3.8193 ms
[15:10:59 INF] HTTP GET /css/site.css responded 304 in 1.2573 ms
[15:10:59 INF] HTTP GET /Biktal.WebMVC.styles.css responded 304 in 1.4976 ms
[15:10:59 INF] HTTP GET /lib/jquery/dist/jquery.min.js responded 304 in 0.2811 ms
[15:10:59 INF] HTTP GET /lib/bootstrap/dist/js/bootstrap.bundle.min.js responded 304 in 0.5276 ms
[15:10:59 INF] HTTP GET /lib/jquery-validation/dist/jquery.validate.min.js responded 304 in 1.1389 ms
[15:10:59 INF] HTTP GET /js/site.js responded 304 in 1.4119 ms
[15:10:59 INF] HTTP GET /lib/jquery-validation-unobtrusive/dist/jquery.validate.unobtrusive.min.js responded 304 in 0.3797 ms
[15:10:59 INF] HTTP GET /js/products-catalog-filter.js responded 304 in 0.3504 ms
[15:11:05 INF] HTTP POST /Inventory/EditProduct responded 302 in 8.8401 ms
[15:11:05 INF] HTTP GET /Inventory/Products responded 200 in 37.7772 ms
[15:11:05 INF] HTTP GET /lib/bootstrap/dist/css/bootstrap.min.css responded 304 in 0.4022 ms
[15:11:05 INF] HTTP GET /Biktal.WebMVC.styles.css responded 304 in 0.3382 ms
[15:11:05 INF] HTTP GET /css/site.css responded 304 in 0.3845 ms
[15:11:06 INF] HTTP GET /lib/jquery/dist/jquery.min.js responded 304 in 0.2609 ms
[15:11:06 INF] HTTP GET /lib/bootstrap/dist/js/bootstrap.bundle.min.js responded 304 in 0.3511 ms
[15:11:06 INF] HTTP GET /js/site.js responded 304 in 0.3803 ms
[15:11:06 INF] HTTP GET /lib/jquery-validation/dist/jquery.validate.min.js responded 304 in 0.2318 ms
[15:11:06 INF] HTTP GET /lib/jquery-validation-unobtrusive/dist/jquery.validate.unobtrusive.min.js responded 304 in 0.3060 ms
[15:11:06 INF] HTTP GET /js/products-catalog-filter.js responded 304 in 0.2319 ms
[15:11:13 INF] HTTP GET /Inventory/Products responded 200 in 40.5990 ms
[15:11:13 INF] HTTP GET /lib/bootstrap/dist/css/bootstrap.min.css responded 200 in 2.7820 ms
[15:11:13 INF] HTTP GET /css/site.css responded 304 in 1.0056 ms
[15:11:13 INF] HTTP GET /Biktal.WebMVC.styles.css responded 304 in 0.4860 ms
[15:11:14 INF] HTTP GET /lib/jquery/dist/jquery.min.js responded 304 in 0.2502 ms
[15:11:14 INF] HTTP GET /lib/bootstrap/dist/js/bootstrap.bundle.min.js responded 304 in 0.4149 ms
[15:11:14 INF] HTTP GET /js/site.js responded 304 in 0.3173 ms
[15:11:14 INF] HTTP GET /lib/jquery-validation/dist/jquery.validate.min.js responded 304 in 0.2806 ms
[15:11:14 INF] HTTP GET /js/products-catalog-filter.js responded 304 in 0.9930 ms
[15:11:14 INF] HTTP GET /lib/jquery-validation-unobtrusive/dist/jquery.validate.unobtrusive.min.js responded 304 in 1.4886 ms
[15:11:16 INF] HTTP POST /Inventory/EditProduct responded 302 in 6.4416 ms
[15:11:16 INF] HTTP GET /Inventory/Products responded 200 in 34.8959 ms
[15:11:16 INF] HTTP GET /lib/bootstrap/dist/css/bootstrap.min.css responded 304 in 0.3984 ms
[15:11:16 INF] HTTP GET /Biktal.WebMVC.styles.css responded 304 in 0.2729 ms
[15:11:16 INF] HTTP GET /css/site.css responded 304 in 0.6045 ms
[15:11:17 INF] HTTP GET /lib/jquery/dist/jquery.min.js responded 304 in 0.2455 ms
[15:11:17 INF] HTTP GET /lib/bootstrap/dist/js/bootstrap.bundle.min.js responded 304 in 3.4342 ms
[15:11:17 INF] HTTP GET /js/site.js responded 304 in 0.3447 ms
[15:11:17 INF] HTTP GET /lib/jquery-validation/dist/jquery.validate.min.js responded 304 in 0.2441 ms
[15:11:17 INF] HTTP GET /lib/jquery-validation-unobtrusive/dist/jquery.validate.unobtrusive.min.js responded 304 in 0.4465 ms
[15:11:17 INF] HTTP GET /js/products-catalog-filter.js responded 304 in 0.3656 ms
[15:11:25 INF] HTTP GET /Inventory/Products responded 200 in 45.7488 ms
[15:11:25 INF] HTTP GET /lib/bootstrap/dist/css/bootstrap.min.css responded 200 in 1.2558 ms
[15:11:25 INF] HTTP GET /css/site.css responded 304 in 0.4910 ms
[15:11:25 INF] HTTP GET /Biktal.WebMVC.styles.css responded 304 in 1.8294 ms
[15:11:26 INF] HTTP GET /lib/jquery/dist/jquery.min.js responded 304 in 0.2498 ms
[15:11:26 INF] HTTP GET /lib/bootstrap/dist/js/bootstrap.bundle.min.js responded 304 in 0.4932 ms
[15:11:26 INF] HTTP GET /js/site.js responded 304 in 0.4398 ms
[15:11:26 INF] HTTP GET /lib/jquery-validation/dist/jquery.validate.min.js responded 304 in 0.4092 ms
[15:11:26 INF] HTTP GET /lib/jquery-validation-unobtrusive/dist/jquery.validate.unobtrusive.min.js responded 304 in 0.4364 ms
[15:11:26 INF] HTTP GET /js/products-catalog-filter.js responded 304 in 0.2728 ms
[15:11:30 INF] HTTP POST /Inventory/EditProduct responded 302 in 5.4019 ms
[15:11:30 INF] HTTP GET /Inventory/Products responded 200 in 47.2172 ms
[15:11:30 INF] HTTP GET /lib/bootstrap/dist/css/bootstrap.min.css responded 200 in 4.7364 ms
[15:11:30 INF] HTTP GET /css/site.css responded 304 in 0.7975 ms
[15:11:30 INF] HTTP GET /Biktal.WebMVC.styles.css responded 304 in 1.7264 ms
[15:11:31 INF] HTTP GET /lib/jquery/dist/jquery.min.js responded 304 in 0.2953 ms
[15:11:31 INF] HTTP GET /lib/bootstrap/dist/js/bootstrap.bundle.min.js responded 304 in 0.3656 ms
[15:11:31 INF] HTTP GET /js/site.js responded 304 in 0.3555 ms
[15:11:31 INF] HTTP GET /lib/jquery-validation/dist/jquery.validate.min.js responded 304 in 0.6559 ms
[15:11:31 INF] HTTP GET /lib/jquery-validation-unobtrusive/dist/jquery.validate.unobtrusive.min.js responded 304 in 0.3299 ms
[15:11:31 INF] HTTP GET /js/products-catalog-filter.js responded 304 in 0.6020 ms
[15:13:19 INF] HTTP GET /Inventory/Products responded 200 in 96.1455 ms
[15:13:19 INF] HTTP GET /Biktal.WebMVC.styles.css responded 200 in 0.7245 ms
[15:13:19 INF] HTTP GET /lib/bootstrap/dist/css/bootstrap.min.css responded 200 in 1.0887 ms
[15:13:19 INF] HTTP GET /css/site.css responded 200 in 0.9779 ms
[15:13:20 INF] HTTP GET /lib/jquery/dist/jquery.min.js responded 200 in 0.6707 ms
[15:13:20 INF] HTTP GET /js/site.js responded 200 in 0.7234 ms
[15:13:20 INF] HTTP GET /lib/jquery-validation/dist/jquery.validate.min.js responded 200 in 0.9911 ms
[15:13:20 INF] HTTP GET /lib/jquery-validation-unobtrusive/dist/jquery.validate.unobtrusive.min.js responded 200 in 0.8004 ms
[15:13:20 INF] HTTP GET /lib/bootstrap/dist/js/bootstrap.bundle.min.js responded 200 in 3.1629 ms
[15:13:20 INF] HTTP GET /js/products-catalog-filter.js responded 200 in 1.1445 ms
[15:13:40 INF] HTTP POST /Inventory/EditProduct responded 200 in 45.8158 ms
[15:13:40 INF] HTTP GET /css/site.css responded 200 in 1.7708 ms
[15:13:40 INF] HTTP GET /lib/bootstrap/dist/css/bootstrap.min.css responded 200 in 1.5686 ms
[15:13:40 INF] HTTP GET /Biktal.WebMVC.styles.css responded 200 in 3.7910 ms
[15:13:41 INF] HTTP GET /lib/jquery/dist/jquery.min.js responded 200 in 0.5973 ms
[15:13:41 INF] HTTP GET /js/site.js responded 200 in 0.6455 ms
[15:13:41 INF] HTTP GET /lib/bootstrap/dist/js/bootstrap.bundle.min.js responded 200 in 1.1144 ms
[15:13:41 INF] HTTP GET /lib/jquery-validation/dist/jquery.validate.min.js responded 200 in 0.8158 ms
[15:13:41 INF] HTTP GET /lib/jquery-validation-unobtrusive/dist/jquery.validate.unobtrusive.min.js responded 200 in 2.0260 ms
[15:13:41 INF] HTTP GET /js/products-catalog-filter.js responded 200 in 0.9908 ms
[15:13:45 INF] HTTP POST /Inventory/EditProduct responded 302 in 10.3092 ms
[15:13:45 INF] HTTP GET /Inventory/Products responded 200 in 33.0530 ms
[15:13:45 INF] HTTP GET /css/site.css responded 304 in 0.5745 ms
[15:13:45 INF] HTTP GET /lib/bootstrap/dist/css/bootstrap.min.css responded 304 in 1.4545 ms
[15:13:45 INF] HTTP GET /Biktal.WebMVC.styles.css responded 304 in 3.9805 ms
[15:13:46 INF] HTTP GET /lib/jquery/dist/jquery.min.js responded 304 in 0.6469 ms
[15:13:46 INF] HTTP GET /lib/bootstrap/dist/js/bootstrap.bundle.min.js responded 304 in 0.5355 ms
[15:13:46 INF] HTTP GET /js/site.js responded 304 in 0.3356 ms
[15:13:46 INF] HTTP GET /lib/jquery-validation/dist/jquery.validate.min.js responded 304 in 0.2749 ms
[15:13:46 INF] HTTP GET /lib/jquery-validation-unobtrusive/dist/jquery.validate.unobtrusive.min.js responded 304 in 1.0956 ms
[15:13:46 INF] HTTP GET /js/products-catalog-filter.js responded 304 in 1.2643 ms
[15:13:59 INF] HTTP GET /Inventory/Products responded 200 in 43.9625 ms
[15:13:59 INF] HTTP GET /css/site.css responded 304 in 0.8744 ms
[15:13:59 INF] HTTP GET /lib/bootstrap/dist/css/bootstrap.min.css responded 304 in 0.3951 ms
[15:13:59 INF] HTTP GET /Biktal.WebMVC.styles.css responded 304 in 0.7998 ms
[15:14:00 INF] HTTP GET /lib/jquery/dist/jquery.min.js responded 304 in 0.2481 ms
[15:14:00 INF] HTTP GET /lib/bootstrap/dist/js/bootstrap.bundle.min.js responded 304 in 0.4055 ms
[15:14:00 INF] HTTP GET /js/site.js responded 304 in 0.4789 ms
[15:14:00 INF] HTTP GET /lib/jquery-validation/dist/jquery.validate.min.js responded 304 in 0.2600 ms
[15:14:00 INF] HTTP GET /lib/jquery-validation-unobtrusive/dist/jquery.validate.unobtrusive.min.js responded 304 in 0.2663 ms
[15:14:00 INF] HTTP GET /js/products-catalog-filter.js responded 304 in 0.2011 ms
[15:14:09 INF] HTTP POST /Inventory/EditProduct responded 200 in 48.6373 ms
[15:14:09 INF] HTTP GET /lib/bootstrap/dist/css/bootstrap.min.css responded 304 in 0.4130 ms
[15:14:09 INF] HTTP GET /css/site.css responded 304 in 0.5473 ms
[15:14:09 INF] HTTP GET /Biktal.WebMVC.styles.css responded 304 in 1.8854 ms
[15:14:10 INF] HTTP GET /lib/jquery/dist/jquery.min.js responded 304 in 0.2504 ms
[15:14:10 INF] HTTP GET /lib/bootstrap/dist/js/bootstrap.bundle.min.js responded 304 in 0.4705 ms
[15:14:10 INF] HTTP GET /js/site.js responded 304 in 0.3923 ms
[15:14:10 INF] HTTP GET /lib/jquery-validation/dist/jquery.validate.min.js responded 304 in 0.4858 ms
[15:14:10 INF] HTTP GET /lib/jquery-validation-unobtrusive/dist/jquery.validate.unobtrusive.min.js responded 304 in 0.7266 ms
[15:14:10 INF] HTTP GET /js/products-catalog-filter.js responded 304 in 0.6943 ms
[15:14:13 INF] HTTP POST /Inventory/EditProduct responded 200 in 39.9885 ms
[15:14:13 INF] HTTP GET /css/site.css responded 304 in 0.5570 ms
[15:14:13 INF] HTTP GET /Biktal.WebMVC.styles.css responded 304 in 0.9108 ms
[15:14:13 INF] HTTP GET /lib/bootstrap/dist/css/bootstrap.min.css responded 304 in 1.5436 ms
[15:14:13 INF] HTTP GET /lib/jquery/dist/jquery.min.js responded 304 in 0.2409 ms
[15:14:13 INF] HTTP GET /lib/bootstrap/dist/js/bootstrap.bundle.min.js responded 304 in 0.4026 ms
[15:14:13 INF] HTTP GET /js/site.js responded 304 in 0.3796 ms
[15:14:13 INF] HTTP GET /lib/jquery-validation/dist/jquery.validate.min.js responded 304 in 0.5654 ms
[15:14:13 INF] HTTP GET /lib/jquery-validation-unobtrusive/dist/jquery.validate.unobtrusive.min.js responded 304 in 0.5708 ms
[15:14:13 INF] HTTP GET /js/products-catalog-filter.js responded 304 in 0.3736 ms
[15:14:17 INF] HTTP POST /Inventory/EditProduct responded 302 in 8.2733 ms
[15:14:17 INF] HTTP GET /Inventory/Products responded 200 in 56.5621 ms
[15:14:18 INF] HTTP GET /css/site.css responded 304 in 0.6012 ms
[15:14:18 INF] HTTP GET /lib/bootstrap/dist/css/bootstrap.min.css responded 200 in 4.8068 ms
[15:14:18 INF] HTTP GET /Biktal.WebMVC.styles.css responded 304 in 1.3001 ms
[15:14:18 INF] HTTP GET /lib/jquery/dist/jquery.min.js responded 304 in 0.2475 ms
[15:14:18 INF] HTTP GET /lib/bootstrap/dist/js/bootstrap.bundle.min.js responded 304 in 0.3787 ms
[15:14:18 INF] HTTP GET /js/site.js responded 304 in 0.5986 ms
[15:14:18 INF] HTTP GET /lib/jquery-validation/dist/jquery.validate.min.js responded 304 in 0.6512 ms
[15:14:18 INF] HTTP GET /lib/jquery-validation-unobtrusive/dist/jquery.validate.unobtrusive.min.js responded 304 in 1.0686 ms
[15:14:18 INF] HTTP GET /js/products-catalog-filter.js responded 304 in 0.2913 ms
[15:14:24 INF] HTTP GET /Inventory/Products responded 200 in 57.1656 ms
[15:14:24 INF] HTTP GET /Biktal.WebMVC.styles.css responded 304 in 0.4523 ms
[15:14:24 INF] HTTP GET /css/site.css responded 304 in 0.2718 ms
[15:14:24 INF] HTTP GET /lib/bootstrap/dist/css/bootstrap.min.css responded 200 in 1.6329 ms
[15:14:25 INF] HTTP GET /lib/jquery/dist/jquery.min.js responded 304 in 0.2451 ms
[15:14:25 INF] HTTP GET /lib/bootstrap/dist/js/bootstrap.bundle.min.js responded 304 in 0.4280 ms
[15:14:25 INF] HTTP GET /js/site.js responded 304 in 0.3176 ms
[15:14:25 INF] HTTP GET /lib/jquery-validation/dist/jquery.validate.min.js responded 304 in 0.7532 ms
[15:14:25 INF] HTTP GET /lib/jquery-validation-unobtrusive/dist/jquery.validate.unobtrusive.min.js responded 304 in 0.3892 ms
[15:14:25 INF] HTTP GET /js/products-catalog-filter.js responded 304 in 0.5692 ms
[15:14:28 INF] HTTP POST /Inventory/EditProduct responded 302 in 6.3528 ms
[15:14:29 INF] HTTP GET /Inventory/Products responded 200 in 48.1825 ms
[15:14:29 INF] HTTP GET /css/site.css responded 304 in 0.5172 ms
[15:14:29 INF] HTTP GET /lib/bootstrap/dist/css/bootstrap.min.css responded 200 in 1.4560 ms
[15:14:29 INF] HTTP GET /Biktal.WebMVC.styles.css responded 304 in 1.1147 ms
[15:14:29 INF] HTTP GET /lib/jquery/dist/jquery.min.js responded 304 in 0.4332 ms
[15:14:29 INF] HTTP GET /lib/bootstrap/dist/js/bootstrap.bundle.min.js responded 304 in 0.3528 ms
[15:14:29 INF] HTTP GET /js/site.js responded 304 in 0.3176 ms
[15:14:29 INF] HTTP GET /js/products-catalog-filter.js responded 304 in 0.1808 ms
[15:14:29 INF] HTTP GET /lib/jquery-validation/dist/jquery.validate.min.js responded 304 in 0.2873 ms
[15:14:29 INF] HTTP GET /lib/jquery-validation-unobtrusive/dist/jquery.validate.unobtrusive.min.js responded 304 in 0.2214 ms
[15:14:33 INF] HTTP GET /Inventory/Products responded 200 in 52.3539 ms
[15:14:33 INF] HTTP GET /lib/bootstrap/dist/css/bootstrap.min.css responded 200 in 1.3921 ms
[15:14:33 INF] HTTP GET /css/site.css responded 304 in 0.4961 ms
[15:14:33 INF] HTTP GET /Biktal.WebMVC.styles.css responded 304 in 0.4092 ms
[15:14:34 INF] HTTP GET /lib/jquery/dist/jquery.min.js responded 304 in 0.3498 ms
[15:14:34 INF] HTTP GET /js/site.js responded 304 in 0.4279 ms
[15:14:34 INF] HTTP GET /lib/bootstrap/dist/js/bootstrap.bundle.min.js responded 304 in 0.4926 ms
[15:14:34 INF] HTTP GET /lib/jquery-validation/dist/jquery.validate.min.js responded 304 in 0.4078 ms
[15:14:34 INF] HTTP GET /lib/jquery-validation-unobtrusive/dist/jquery.validate.unobtrusive.min.js responded 304 in 0.9079 ms
[15:14:34 INF] HTTP GET /js/products-catalog-filter.js responded 304 in 0.5865 ms
[15:14:37 INF] HTTP POST /Inventory/EditProduct responded 302 in 6.7002 ms
[15:14:37 INF] HTTP GET /Inventory/Products responded 200 in 51.1264 ms
[15:14:38 INF] HTTP GET /lib/bootstrap/dist/css/bootstrap.min.css responded 304 in 0.5769 ms
[15:14:38 INF] HTTP GET /css/site.css responded 304 in 0.6799 ms
[15:14:38 INF] HTTP GET /Biktal.WebMVC.styles.css responded 304 in 0.4650 ms
[15:14:38 INF] HTTP GET /lib/jquery/dist/jquery.min.js responded 304 in 0.2523 ms
[15:14:38 INF] HTTP GET /lib/bootstrap/dist/js/bootstrap.bundle.min.js responded 304 in 0.4166 ms
[15:14:38 INF] HTTP GET /js/site.js responded 304 in 0.4816 ms
[15:14:38 INF] HTTP GET /lib/jquery-validation/dist/jquery.validate.min.js responded 304 in 0.8097 ms
[15:14:38 INF] HTTP GET /lib/jquery-validation-unobtrusive/dist/jquery.validate.unobtrusive.min.js responded 304 in 0.5930 ms
[15:14:38 INF] HTTP GET /js/products-catalog-filter.js responded 304 in 0.4787 ms
[15:14:42 INF] HTTP GET /Inventory/Products responded 200 in 54.8887 ms
[15:14:42 INF] HTTP GET /lib/bootstrap/dist/css/bootstrap.min.css responded 200 in 12.1654 ms
[15:14:42 INF] HTTP GET /css/site.css responded 304 in 0.4244 ms
[15:14:42 INF] HTTP GET /Biktal.WebMVC.styles.css responded 304 in 3.2868 ms
[15:14:42 INF] HTTP GET /lib/jquery/dist/jquery.min.js responded 304 in 0.2485 ms
[15:14:42 INF] HTTP GET /js/site.js responded 304 in 0.3284 ms
[15:14:42 INF] HTTP GET /lib/bootstrap/dist/js/bootstrap.bundle.min.js responded 304 in 0.3544 ms
[15:14:42 INF] HTTP GET /lib/jquery-validation-unobtrusive/dist/jquery.validate.unobtrusive.min.js responded 304 in 0.3079 ms
[15:14:42 INF] HTTP GET /lib/jquery-validation/dist/jquery.validate.min.js responded 304 in 0.6833 ms
[15:14:42 INF] HTTP GET /js/products-catalog-filter.js responded 304 in 1.5772 ms
[15:14:46 INF] HTTP POST /Inventory/EditProduct responded 302 in 8.5704 ms
[15:14:46 INF] HTTP GET /Inventory/Products responded 200 in 59.6582 ms
[15:14:46 INF] HTTP GET /css/site.css responded 304 in 0.3529 ms
[15:14:46 INF] HTTP GET /lib/bootstrap/dist/css/bootstrap.min.css responded 304 in 0.3895 ms
[15:14:46 INF] HTTP GET /Biktal.WebMVC.styles.css responded 304 in 3.1326 ms
[15:14:47 INF] HTTP GET /lib/jquery/dist/jquery.min.js responded 304 in 0.3673 ms
[15:14:47 INF] HTTP GET /lib/bootstrap/dist/js/bootstrap.bundle.min.js responded 304 in 0.6156 ms
[15:14:47 INF] HTTP GET /js/site.js responded 304 in 0.3005 ms
[15:14:47 INF] HTTP GET /lib/jquery-validation/dist/jquery.validate.min.js responded 304 in 0.2577 ms
[15:14:47 INF] HTTP GET /lib/jquery-validation-unobtrusive/dist/jquery.validate.unobtrusive.min.js responded 304 in 0.2694 ms
[15:14:47 INF] HTTP GET /js/products-catalog-filter.js responded 304 in 0.2800 ms
[15:15:08 INF] HTTP GET /Inventory/Products responded 200 in 42.5361 ms
[15:15:08 INF] HTTP GET /lib/bootstrap/dist/css/bootstrap.min.css responded 200 in 2.3792 ms
[15:15:08 INF] HTTP GET /css/site.css responded 304 in 0.4666 ms
[15:15:08 INF] HTTP GET /Biktal.WebMVC.styles.css responded 304 in 0.5522 ms
[15:15:09 INF] HTTP GET /lib/jquery/dist/jquery.min.js responded 304 in 0.3134 ms
[15:15:09 INF] HTTP GET /lib/bootstrap/dist/js/bootstrap.bundle.min.js responded 304 in 0.5027 ms
[15:15:09 INF] HTTP GET /js/site.js responded 304 in 0.3661 ms
[15:15:09 INF] HTTP GET /lib/jquery-validation/dist/jquery.validate.min.js responded 304 in 0.6647 ms
[15:15:09 INF] HTTP GET /lib/jquery-validation-unobtrusive/dist/jquery.validate.unobtrusive.min.js responded 304 in 0.5438 ms
[15:15:09 INF] HTTP GET /js/products-catalog-filter.js responded 304 in 0.8029 ms
[15:15:39 INF] HTTP POST /Inventory/EditProduct responded 302 in 9.6278 ms
[15:15:39 INF] HTTP GET /Inventory/Products responded 200 in 72.8416 ms
[15:15:39 INF] HTTP GET /lib/bootstrap/dist/css/bootstrap.min.css responded 200 in 0.9300 ms
[15:15:39 INF] HTTP GET /css/site.css responded 304 in 0.5669 ms
[15:15:39 INF] HTTP GET /Biktal.WebMVC.styles.css responded 304 in 0.5765 ms
[15:15:40 INF] HTTP GET /lib/jquery/dist/jquery.min.js responded 304 in 0.7574 ms
[15:15:40 INF] HTTP GET /lib/bootstrap/dist/js/bootstrap.bundle.min.js responded 304 in 0.2713 ms
[15:15:40 INF] HTTP GET /js/site.js responded 304 in 0.4231 ms
[15:15:40 INF] HTTP GET /lib/jquery-validation-unobtrusive/dist/jquery.validate.unobtrusive.min.js responded 304 in 0.3248 ms
[15:15:40 INF] HTTP GET /lib/jquery-validation/dist/jquery.validate.min.js responded 304 in 1.0589 ms
[15:15:40 INF] HTTP GET /js/products-catalog-filter.js responded 304 in 0.7352 ms
[15:15:50 INF] HTTP GET /Inventory/Products responded 200 in 41.6378 ms
[15:15:51 INF] HTTP GET /css/site.css responded 304 in 0.4992 ms
[15:15:51 INF] HTTP GET /lib/bootstrap/dist/css/bootstrap.min.css responded 200 in 0.9443 ms
[15:15:51 INF] HTTP GET /Biktal.WebMVC.styles.css responded 304 in 0.5633 ms
[15:15:51 INF] HTTP GET /lib/jquery/dist/jquery.min.js responded 304 in 0.2470 ms
[15:15:51 INF] HTTP GET /js/site.js responded 304 in 0.3231 ms
[15:15:51 INF] HTTP GET /lib/bootstrap/dist/js/bootstrap.bundle.min.js responded 304 in 0.3529 ms
[15:15:51 INF] HTTP GET /lib/jquery-validation-unobtrusive/dist/jquery.validate.unobtrusive.min.js responded 304 in 0.3468 ms
[15:15:51 INF] HTTP GET /lib/jquery-validation/dist/jquery.validate.min.js responded 304 in 0.3944 ms
[15:15:51 INF] HTTP GET /js/products-catalog-filter.js responded 304 in 0.4284 ms
[15:15:55 INF] HTTP POST /Inventory/EditProduct responded 302 in 7.2611 ms
[15:15:55 INF] HTTP GET /Inventory/Products responded 200 in 44.3470 ms
[15:15:55 INF] HTTP GET /css/site.css responded 304 in 0.4206 ms
[15:15:55 INF] HTTP GET /lib/bootstrap/dist/css/bootstrap.min.css responded 304 in 0.3548 ms
[15:15:55 INF] HTTP GET /Biktal.WebMVC.styles.css responded 304 in 2.2030 ms
[15:15:56 INF] HTTP GET /lib/jquery/dist/jquery.min.js responded 304 in 0.2516 ms
[15:15:56 INF] HTTP GET /js/site.js responded 304 in 0.3010 ms
[15:15:56 INF] HTTP GET /lib/jquery-validation/dist/jquery.validate.min.js responded 304 in 0.3737 ms
[15:15:56 INF] HTTP GET /lib/jquery-validation-unobtrusive/dist/jquery.validate.unobtrusive.min.js responded 304 in 0.3908 ms
[15:15:56 INF] HTTP GET /lib/bootstrap/dist/js/bootstrap.bundle.min.js responded 304 in 1.4312 ms
[15:15:56 INF] HTTP GET /js/products-catalog-filter.js responded 304 in 0.3187 ms
[15:16:00 INF] HTTP GET /Inventory/Products responded 200 in 101.6751 ms
[15:16:00 INF] HTTP GET /lib/bootstrap/dist/css/bootstrap.min.css responded 200 in 5.8643 ms
[15:16:00 INF] HTTP GET /css/site.css responded 304 in 0.6073 ms
[15:16:00 INF] HTTP GET /Biktal.WebMVC.styles.css responded 304 in 1.6058 ms
[15:16:01 INF] HTTP GET /lib/jquery/dist/jquery.min.js responded 304 in 0.2505 ms
[15:16:01 INF] HTTP GET /lib/bootstrap/dist/js/bootstrap.bundle.min.js responded 304 in 0.2740 ms
[15:16:01 INF] HTTP GET /js/site.js responded 304 in 0.4836 ms
[15:16:01 INF] HTTP GET /lib/jquery-validation/dist/jquery.validate.min.js responded 304 in 0.3393 ms
[15:16:01 INF] HTTP GET /lib/jquery-validation-unobtrusive/dist/jquery.validate.unobtrusive.min.js responded 304 in 0.5040 ms
[15:16:01 INF] HTTP GET /js/products-catalog-filter.js responded 304 in 0.6568 ms
[15:16:05 INF] HTTP POST /Inventory/EditProduct responded 302 in 8.1634 ms
[15:16:05 INF] HTTP GET /Inventory/Products responded 200 in 47.7665 ms
[15:16:05 INF] HTTP GET /css/site.css responded 304 in 2.0627 ms
[15:16:05 INF] HTTP GET /lib/bootstrap/dist/css/bootstrap.min.css responded 200 in 1.7474 ms
[15:16:05 INF] HTTP GET /Biktal.WebMVC.styles.css responded 304 in 0.7314 ms
[15:16:06 INF] HTTP GET /lib/jquery/dist/jquery.min.js responded 304 in 0.2440 ms
[15:16:06 INF] HTTP GET /lib/bootstrap/dist/js/bootstrap.bundle.min.js responded 304 in 0.3511 ms
[15:16:06 INF] HTTP GET /js/site.js responded 304 in 0.3145 ms
[15:16:06 INF] HTTP GET /lib/jquery-validation/dist/jquery.validate.min.js responded 304 in 0.7866 ms
[15:16:06 INF] HTTP GET /lib/jquery-validation-unobtrusive/dist/jquery.validate.unobtrusive.min.js responded 304 in 0.5498 ms
[15:16:06 INF] HTTP GET /js/products-catalog-filter.js responded 304 in 0.5145 ms
[15:16:12 INF] HTTP GET /Inventory/Products responded 200 in 50.2917 ms
[15:16:12 INF] HTTP GET /lib/bootstrap/dist/css/bootstrap.min.css responded 200 in 3.2442 ms
[15:16:12 INF] HTTP GET /css/site.css responded 304 in 0.4394 ms
[15:16:12 INF] HTTP GET /Biktal.WebMVC.styles.css responded 304 in 0.4987 ms
[15:16:13 INF] HTTP GET /lib/jquery/dist/jquery.min.js responded 304 in 0.2894 ms
[15:16:13 INF] HTTP GET /lib/bootstrap/dist/js/bootstrap.bundle.min.js responded 304 in 0.7383 ms
[15:16:13 INF] HTTP GET /js/site.js responded 304 in 0.6474 ms
[15:16:13 INF] HTTP GET /lib/jquery-validation/dist/jquery.validate.min.js responded 304 in 0.4221 ms
[15:16:13 INF] HTTP GET /lib/jquery-validation-unobtrusive/dist/jquery.validate.unobtrusive.min.js responded 304 in 0.9426 ms
[15:16:13 INF] HTTP GET /js/products-catalog-filter.js responded 304 in 0.4600 ms
[15:16:15 INF] HTTP POST /Inventory/EditProduct responded 302 in 7.7619 ms
[15:16:16 INF] HTTP GET /Inventory/Products responded 200 in 60.1366 ms
[15:16:16 INF] HTTP GET /lib/bootstrap/dist/css/bootstrap.min.css responded 304 in 0.4474 ms
[15:16:16 INF] HTTP GET /css/site.css responded 304 in 0.3980 ms
[15:16:16 INF] HTTP GET /Biktal.WebMVC.styles.css responded 304 in 0.4830 ms
[15:16:16 INF] HTTP GET /lib/jquery/dist/jquery.min.js responded 304 in 0.2461 ms
[15:16:16 INF] HTTP GET /lib/bootstrap/dist/js/bootstrap.bundle.min.js responded 304 in 0.9459 ms
[15:16:16 INF] HTTP GET /lib/jquery-validation/dist/jquery.validate.min.js responded 304 in 0.3047 ms
[15:16:16 INF] HTTP GET /js/site.js responded 304 in 0.4922 ms
[15:16:16 INF] HTTP GET /lib/jquery-validation-unobtrusive/dist/jquery.validate.unobtrusive.min.js responded 304 in 0.7282 ms
[15:16:16 INF] HTTP GET /js/products-catalog-filter.js responded 304 in 1.1379 ms
[15:16:23 INF] HTTP GET /Inventory/Products responded 200 in 40.6069 ms
[15:16:23 INF] HTTP GET /lib/bootstrap/dist/css/bootstrap.min.css responded 200 in 9.0625 ms
[15:16:23 INF] HTTP GET /css/site.css responded 304 in 1.7623 ms
[15:16:23 INF] HTTP GET /Biktal.WebMVC.styles.css responded 304 in 0.7296 ms
[15:16:24 INF] HTTP GET /lib/jquery/dist/jquery.min.js responded 304 in 0.2585 ms
[15:16:24 INF] HTTP GET /lib/bootstrap/dist/js/bootstrap.bundle.min.js responded 304 in 0.3462 ms
[15:16:24 INF] HTTP GET /js/site.js responded 304 in 0.6338 ms
[15:16:24 INF] HTTP GET /lib/jquery-validation/dist/jquery.validate.min.js responded 304 in 0.3981 ms
[15:16:24 INF] HTTP GET /js/products-catalog-filter.js responded 304 in 2.5621 ms
[15:16:24 INF] HTTP GET /lib/jquery-validation-unobtrusive/dist/jquery.validate.unobtrusive.min.js responded 304 in 2.6618 ms
[15:16:28 INF] HTTP POST /Inventory/EditProduct responded 302 in 6.6154 ms
[15:16:28 INF] HTTP GET /Inventory/Products responded 200 in 49.5722 ms
[15:16:28 INF] HTTP GET /lib/bootstrap/dist/css/bootstrap.min.css responded 304 in 0.5669 ms
[15:16:28 INF] HTTP GET /Biktal.WebMVC.styles.css responded 304 in 0.3149 ms
[15:16:28 INF] HTTP GET /css/site.css responded 304 in 2.0569 ms
[15:16:29 INF] HTTP GET /lib/jquery/dist/jquery.min.js responded 304 in 0.2471 ms
[15:16:29 INF] HTTP GET /lib/bootstrap/dist/js/bootstrap.bundle.min.js responded 304 in 0.4026 ms
[15:16:29 INF] HTTP GET /js/site.js responded 304 in 0.4790 ms
[15:16:29 INF] HTTP GET /lib/jquery-validation-unobtrusive/dist/jquery.validate.unobtrusive.min.js responded 304 in 0.3706 ms
[15:16:29 INF] HTTP GET /lib/jquery-validation/dist/jquery.validate.min.js responded 304 in 0.6571 ms
[15:16:29 INF] HTTP GET /js/products-catalog-filter.js responded 304 in 0.6343 ms
[15:16:36 INF] HTTP GET /Inventory/Products responded 200 in 49.9186 ms
[15:16:36 INF] HTTP GET /lib/bootstrap/dist/css/bootstrap.min.css responded 200 in 2.0648 ms
[15:16:36 INF] HTTP GET /css/site.css responded 304 in 0.5285 ms
[15:16:36 INF] HTTP GET /Biktal.WebMVC.styles.css responded 304 in 2.7937 ms
[15:16:37 INF] HTTP GET /lib/jquery/dist/jquery.min.js responded 304 in 0.2451 ms
[15:16:37 INF] HTTP GET /lib/bootstrap/dist/js/bootstrap.bundle.min.js responded 304 in 0.4776 ms
[15:16:37 INF] HTTP GET /js/site.js responded 304 in 2.4700 ms
[15:16:37 INF] HTTP GET /lib/jquery-validation-unobtrusive/dist/jquery.validate.unobtrusive.min.js responded 304 in 0.5153 ms
[15:16:37 INF] HTTP GET /lib/jquery-validation/dist/jquery.validate.min.js responded 304 in 0.5295 ms
[15:16:37 INF] HTTP GET /js/products-catalog-filter.js responded 304 in 0.9197 ms
[15:16:40 INF] HTTP POST /Inventory/EditProduct responded 302 in 8.3624 ms
[15:16:40 INF] HTTP GET /Inventory/Products responded 200 in 52.1747 ms
[15:16:40 INF] HTTP GET /css/site.css responded 304 in 0.9615 ms
[15:16:40 INF] HTTP GET /lib/bootstrap/dist/css/bootstrap.min.css responded 304 in 0.7715 ms
[15:16:40 INF] HTTP GET /Biktal.WebMVC.styles.css responded 304 in 0.5154 ms
[15:16:41 INF] HTTP GET /lib/jquery/dist/jquery.min.js responded 304 in 0.2509 ms
[15:16:41 INF] HTTP GET /lib/bootstrap/dist/js/bootstrap.bundle.min.js responded 304 in 0.4004 ms
[15:16:41 INF] HTTP GET /js/site.js responded 304 in 0.2530 ms
[15:16:41 INF] HTTP GET /lib/jquery-validation/dist/jquery.validate.min.js responded 304 in 0.8017 ms
[15:16:41 INF] HTTP GET /lib/jquery-validation-unobtrusive/dist/jquery.validate.unobtrusive.min.js responded 304 in 0.5585 ms
[15:16:41 INF] HTTP GET /js/products-catalog-filter.js responded 304 in 0.7767 ms
[15:17:17 INF] HTTP GET /Inventory/Products responded 200 in 82.0554 ms
[15:17:18 INF] HTTP GET /lib/bootstrap/dist/css/bootstrap.min.css responded 200 in 2.0856 ms
[15:17:18 INF] HTTP GET /css/site.css responded 200 in 0.7265 ms
[15:17:18 INF] HTTP GET /Biktal.WebMVC.styles.css responded 200 in 0.7660 ms
[15:17:18 INF] HTTP GET /lib/jquery/dist/jquery.min.js responded 200 in 1.1765 ms
[15:17:18 INF] HTTP GET /js/site.js responded 200 in 0.6373 ms
[15:17:18 INF] HTTP GET /lib/bootstrap/dist/js/bootstrap.bundle.min.js responded 200 in 1.0393 ms
[15:17:18 INF] HTTP GET /lib/jquery-validation/dist/jquery.validate.min.js responded 200 in 2.6825 ms
[15:17:19 INF] HTTP GET /lib/jquery-validation-unobtrusive/dist/jquery.validate.unobtrusive.min.js responded 200 in 1.3859 ms
[15:17:19 INF] HTTP GET /js/products-catalog-filter.js responded 200 in 1.1673 ms
[15:17:27 INF] HTTP POST /Inventory/EditProduct responded 200 in 49.1453 ms
[15:17:27 INF] HTTP GET /lib/bootstrap/dist/css/bootstrap.min.css responded 200 in 0.9097 ms
[15:17:27 INF] HTTP GET /css/site.css responded 200 in 1.6827 ms
[15:17:27 INF] HTTP GET /Biktal.WebMVC.styles.css responded 200 in 2.8442 ms
[15:17:27 INF] HTTP GET /lib/jquery/dist/jquery.min.js responded 200 in 0.6194 ms
[15:17:28 INF] HTTP GET /js/site.js responded 200 in 0.7304 ms
[15:17:28 INF] HTTP GET /lib/jquery-validation/dist/jquery.validate.min.js responded 200 in 4.0728 ms
[15:17:28 INF] HTTP GET /lib/bootstrap/dist/js/bootstrap.bundle.min.js responded 200 in 5.1306 ms
[15:17:28 INF] HTTP GET /js/products-catalog-filter.js responded 200 in 2.5302 ms
[15:17:28 INF] HTTP GET /lib/jquery-validation-unobtrusive/dist/jquery.validate.unobtrusive.min.js responded 200 in 5.8353 ms
[15:17:36 INF] HTTP POST /Inventory/EditProduct responded 302 in 13.4594 ms
[15:17:36 INF] HTTP GET /Inventory/Products responded 200 in 59.3003 ms
[15:17:36 INF] HTTP GET /lib/bootstrap/dist/css/bootstrap.min.css responded 304 in 1.6389 ms
[15:17:36 INF] HTTP GET /Biktal.WebMVC.styles.css responded 304 in 0.8965 ms
[15:17:36 INF] HTTP GET /css/site.css responded 304 in 0.5817 ms
[15:17:37 INF] HTTP GET /lib/jquery/dist/jquery.min.js responded 304 in 0.2594 ms
[15:17:37 INF] HTTP GET /lib/jquery-validation/dist/jquery.validate.min.js responded 304 in 0.3293 ms
[15:17:37 INF] HTTP GET /lib/bootstrap/dist/js/bootstrap.bundle.min.js responded 304 in 0.4666 ms
[15:17:37 INF] HTTP GET /js/site.js responded 304 in 0.6131 ms
[15:17:37 INF] HTTP GET /js/products-catalog-filter.js responded 304 in 0.2560 ms
[15:17:37 INF] HTTP GET /lib/jquery-validation-unobtrusive/dist/jquery.validate.unobtrusive.min.js responded 304 in 0.2407 ms
[15:18:02 INF] HTTP GET /Inventory/Products responded 200 in 46.9620 ms
[15:18:02 INF] HTTP GET /lib/bootstrap/dist/css/bootstrap.min.css responded 200 in 2.6014 ms
[15:18:02 INF] HTTP GET /css/site.css responded 304 in 0.7927 ms
[15:18:02 INF] HTTP GET /Biktal.WebMVC.styles.css responded 304 in 3.0726 ms
[15:18:02 INF] HTTP GET /lib/jquery/dist/jquery.min.js responded 304 in 0.2529 ms
[15:18:02 INF] HTTP GET /lib/bootstrap/dist/js/bootstrap.bundle.min.js responded 304 in 0.4062 ms
[15:18:02 INF] HTTP GET /js/site.js responded 304 in 0.3494 ms
[15:18:02 INF] HTTP GET /lib/jquery-validation/dist/jquery.validate.min.js responded 304 in 0.3185 ms
[15:18:02 INF] HTTP GET /lib/jquery-validation-unobtrusive/dist/jquery.validate.unobtrusive.min.js responded 304 in 1.1175 ms
[15:18:02 INF] HTTP GET /js/products-catalog-filter.js responded 304 in 2.7668 ms
[15:18:10 INF] HTTP POST /Inventory/EditProduct responded 302 in 9.4382 ms
[15:18:10 INF] HTTP GET /Inventory/Products responded 200 in 54.9322 ms
[15:18:10 INF] HTTP GET /lib/bootstrap/dist/css/bootstrap.min.css responded 200 in 1.0831 ms
[15:18:10 INF] HTTP GET /css/site.css responded 304 in 0.7526 ms
[15:18:10 INF] HTTP GET /Biktal.WebMVC.styles.css responded 304 in 0.4645 ms
[15:18:10 INF] HTTP GET /lib/jquery/dist/jquery.min.js responded 304 in 0.2492 ms
[15:18:10 INF] HTTP GET /lib/bootstrap/dist/js/bootstrap.bundle.min.js responded 304 in 1.3801 ms
[15:18:10 INF] HTTP GET /js/site.js responded 304 in 0.3606 ms
[15:18:10 INF] HTTP GET /lib/jquery-validation/dist/jquery.validate.min.js responded 304 in 0.4546 ms
[15:18:10 INF] HTTP GET /lib/jquery-validation-unobtrusive/dist/jquery.validate.unobtrusive.min.js responded 304 in 0.7128 ms
[15:18:10 INF] HTTP GET /js/products-catalog-filter.js responded 304 in 0.7001 ms
[15:18:29 INF] HTTP GET /Inventory/Products responded 200 in 51.2749 ms
[15:18:29 INF] HTTP GET /lib/bootstrap/dist/css/bootstrap.min.css responded 200 in 1.1285 ms
[15:18:29 INF] HTTP GET /css/site.css responded 304 in 0.4090 ms
[15:18:29 INF] HTTP GET /Biktal.WebMVC.styles.css responded 304 in 0.5493 ms
[15:18:30 INF] HTTP GET /lib/jquery/dist/jquery.min.js responded 304 in 0.2599 ms
[15:18:30 INF] HTTP GET /js/site.js responded 304 in 0.3218 ms
[15:18:30 INF] HTTP GET /lib/bootstrap/dist/js/bootstrap.bundle.min.js responded 304 in 0.3569 ms
[15:18:30 INF] HTTP GET /lib/jquery-validation/dist/jquery.validate.min.js responded 304 in 0.4956 ms
[15:18:30 INF] HTTP GET /lib/jquery-validation-unobtrusive/dist/jquery.validate.unobtrusive.min.js responded 304 in 0.4556 ms
[15:18:30 INF] HTTP GET /js/products-catalog-filter.js responded 304 in 0.8939 ms
[15:18:35 INF] HTTP POST /Inventory/EditProduct responded 302 in 7.7379 ms
[15:18:35 INF] HTTP GET /Inventory/Products responded 200 in 52.3381 ms
[15:18:35 INF] HTTP GET /lib/bootstrap/dist/css/bootstrap.min.css responded 304 in 0.4871 ms
[15:18:35 INF] HTTP GET /Biktal.WebMVC.styles.css responded 304 in 0.3577 ms
[15:18:35 INF] HTTP GET /css/site.css responded 304 in 1.1028 ms
[15:18:36 INF] HTTP GET /lib/jquery/dist/jquery.min.js responded 304 in 0.2448 ms
[15:18:36 INF] HTTP GET /lib/bootstrap/dist/js/bootstrap.bundle.min.js responded 304 in 0.3806 ms
[15:18:36 INF] HTTP GET /js/site.js responded 304 in 2.0447 ms
[15:18:36 INF] HTTP GET /lib/jquery-validation/dist/jquery.validate.min.js responded 304 in 0.7457 ms
[15:18:36 INF] HTTP GET /lib/jquery-validation-unobtrusive/dist/jquery.validate.unobtrusive.min.js responded 304 in 0.4397 ms
[15:18:36 INF] HTTP GET /js/products-catalog-filter.js responded 304 in 0.4971 ms
[15:18:55 INF] HTTP GET /Inventory/Products responded 200 in 101.7316 ms
[15:18:55 INF] HTTP GET /Biktal.WebMVC.styles.css responded 304 in 0.3551 ms
[15:18:55 INF] HTTP GET /lib/bootstrap/dist/css/bootstrap.min.css responded 200 in 1.6379 ms
[15:18:55 INF] HTTP GET /css/site.css responded 304 in 0.3744 ms
[15:18:56 INF] HTTP GET /lib/jquery/dist/jquery.min.js responded 304 in 0.2462 ms
[15:18:56 INF] HTTP GET /lib/bootstrap/dist/js/bootstrap.bundle.min.js responded 304 in 0.3629 ms
[15:18:56 INF] HTTP GET /js/site.js responded 304 in 0.2570 ms
[15:18:56 INF] HTTP GET /lib/jquery-validation-unobtrusive/dist/jquery.validate.unobtrusive.min.js responded 304 in 0.2438 ms
[15:18:56 INF] HTTP GET /lib/jquery-validation/dist/jquery.validate.min.js responded 304 in 0.3347 ms
[15:18:56 INF] HTTP GET /js/products-catalog-filter.js responded 304 in 0.2752 ms
[15:18:59 INF] HTTP POST /Inventory/EditProduct responded 200 in 44.9594 ms
[15:18:59 INF] HTTP GET /lib/bootstrap/dist/css/bootstrap.min.css responded 304 in 0.3935 ms
[15:18:59 INF] HTTP GET /css/site.css responded 304 in 1.5901 ms
[15:18:59 INF] HTTP GET /Biktal.WebMVC.styles.css responded 304 in 2.4974 ms
[15:19:00 INF] HTTP GET /lib/jquery/dist/jquery.min.js responded 304 in 0.2580 ms
[15:19:00 INF] HTTP GET /lib/bootstrap/dist/js/bootstrap.bundle.min.js responded 304 in 0.3740 ms
[15:19:00 INF] HTTP GET /js/site.js responded 304 in 0.3664 ms
[15:19:00 INF] HTTP GET /lib/jquery-validation-unobtrusive/dist/jquery.validate.unobtrusive.min.js responded 304 in 0.1948 ms
[15:19:00 INF] HTTP GET /lib/jquery-validation/dist/jquery.validate.min.js responded 304 in 0.2995 ms
[15:19:00 INF] HTTP GET /js/products-catalog-filter.js responded 304 in 0.2801 ms
[15:19:04 INF] HTTP POST /Inventory/EditProduct responded 302 in 14.6089 ms
[15:19:04 INF] HTTP GET /Inventory/Products responded 200 in 53.3204 ms
[15:19:05 INF] HTTP GET /lib/bootstrap/dist/css/bootstrap.min.css responded 200 in 1.5207 ms
[15:19:05 INF] HTTP GET /css/site.css responded 304 in 0.5433 ms
[15:19:05 INF] HTTP GET /Biktal.WebMVC.styles.css responded 304 in 1.9112 ms
[15:19:05 INF] HTTP GET /lib/jquery/dist/jquery.min.js responded 304 in 0.2760 ms
[15:19:05 INF] HTTP GET /lib/bootstrap/dist/js/bootstrap.bundle.min.js responded 304 in 0.4732 ms
[15:19:05 INF] HTTP GET /js/site.js responded 304 in 0.4057 ms
[15:19:05 INF] HTTP GET /lib/jquery-validation/dist/jquery.validate.min.js responded 304 in 0.4780 ms
[15:19:05 INF] HTTP GET /lib/jquery-validation-unobtrusive/dist/jquery.validate.unobtrusive.min.js responded 304 in 0.7032 ms
[15:19:05 INF] HTTP GET /js/products-catalog-filter.js responded 304 in 0.7734 ms
[15:21:12 INF] HTTP GET /Inventory/Products responded 200 in 110.0230 ms
[15:21:12 INF] HTTP GET /Biktal.WebMVC.styles.css responded 200 in 0.8000 ms
[15:21:12 INF] HTTP GET /lib/bootstrap/dist/css/bootstrap.min.css responded 200 in 0.7087 ms
[15:21:12 INF] HTTP GET /css/site.css responded 200 in 0.9391 ms
[15:21:13 INF] HTTP GET /lib/jquery/dist/jquery.min.js responded 200 in 0.6206 ms
[15:21:13 INF] HTTP GET /js/site.js responded 200 in 0.9359 ms
[15:21:13 INF] HTTP GET /lib/bootstrap/dist/js/bootstrap.bundle.min.js responded 200 in 1.1848 ms
[15:21:13 INF] HTTP GET /lib/jquery-validation/dist/jquery.validate.min.js responded 200 in 9.3504 ms
[15:21:13 INF] HTTP GET /js/products-catalog-filter.js responded 200 in 1.2722 ms
[15:21:13 INF] HTTP GET /lib/jquery-validation-unobtrusive/dist/jquery.validate.unobtrusive.min.js responded 200 in 12.2901 ms
[15:21:16 INF] HTTP POST /Inventory/EditProduct responded 302 in 11.6274 ms
[15:21:16 INF] HTTP GET /Inventory/Products responded 200 in 33.0302 ms
[15:21:16 INF] HTTP GET /css/site.css responded 304 in 0.3898 ms
[15:21:16 INF] HTTP GET /Biktal.WebMVC.styles.css responded 304 in 0.4943 ms
[15:21:16 INF] HTTP GET /lib/bootstrap/dist/css/bootstrap.min.css responded 304 in 0.3188 ms
[15:21:17 INF] HTTP GET /lib/jquery/dist/jquery.min.js responded 304 in 0.3583 ms
[15:21:17 INF] HTTP GET /lib/bootstrap/dist/js/bootstrap.bundle.min.js responded 304 in 0.7332 ms
[15:21:17 INF] HTTP GET /js/site.js responded 304 in 0.4460 ms
[15:21:17 INF] HTTP GET /lib/jquery-validation/dist/jquery.validate.min.js responded 304 in 0.3779 ms
[15:21:17 INF] HTTP GET /js/products-catalog-filter.js responded 304 in 0.2475 ms
[15:21:17 INF] HTTP GET /lib/jquery-validation-unobtrusive/dist/jquery.validate.unobtrusive.min.js responded 304 in 0.6047 ms
[15:21:23 INF] HTTP GET /Inventory/Products responded 200 in 50.8655 ms
[15:21:23 INF] HTTP GET /lib/bootstrap/dist/css/bootstrap.min.css responded 304 in 0.5846 ms
[15:21:23 INF] HTTP GET /Biktal.WebMVC.styles.css responded 304 in 0.3922 ms
[15:21:23 INF] HTTP GET /css/site.css responded 304 in 0.3708 ms
[15:21:24 INF] HTTP GET /lib/jquery/dist/jquery.min.js responded 304 in 0.2597 ms
[15:21:24 INF] HTTP GET /lib/bootstrap/dist/js/bootstrap.bundle.min.js responded 304 in 0.3787 ms
[15:21:24 INF] HTTP GET /js/site.js responded 304 in 0.3796 ms
[15:21:24 INF] HTTP GET /lib/jquery-validation/dist/jquery.validate.min.js responded 304 in 0.2761 ms
[15:21:24 INF] HTTP GET /lib/jquery-validation-unobtrusive/dist/jquery.validate.unobtrusive.min.js responded 304 in 0.2648 ms
[15:21:24 INF] HTTP GET /js/products-catalog-filter.js responded 304 in 0.1944 ms
[15:21:29 INF] HTTP POST /Inventory/EditProduct responded 302 in 7.0564 ms
[15:21:29 INF] HTTP GET /Inventory/Products responded 200 in 50.1904 ms
[15:21:30 INF] HTTP GET /lib/bootstrap/dist/css/bootstrap.min.css responded 304 in 0.4464 ms
[15:21:30 INF] HTTP GET /Biktal.WebMVC.styles.css responded 304 in 0.5925 ms
[15:21:30 INF] HTTP GET /css/site.css responded 304 in 0.4942 ms
[15:21:31 INF] HTTP GET /lib/jquery/dist/jquery.min.js responded 304 in 0.2556 ms
[15:21:31 INF] HTTP GET /lib/bootstrap/dist/js/bootstrap.bundle.min.js responded 304 in 0.3795 ms
[15:21:31 INF] HTTP GET /js/site.js responded 304 in 0.6589 ms
[15:21:31 INF] HTTP GET /lib/jquery-validation/dist/jquery.validate.min.js responded 304 in 1.0380 ms
[15:21:31 INF] HTTP GET /lib/jquery-validation-unobtrusive/dist/jquery.validate.unobtrusive.min.js responded 304 in 0.6556 ms
[15:21:31 INF] HTTP GET /js/products-catalog-filter.js responded 304 in 0.3522 ms
[15:21:38 INF] HTTP GET /Inventory/Products responded 200 in 45.5197 ms
[15:21:38 INF] HTTP GET /lib/bootstrap/dist/css/bootstrap.min.css responded 304 in 0.3924 ms
[15:21:38 INF] HTTP GET /css/site.css responded 304 in 2.4349 ms
[15:21:38 INF] HTTP GET /Biktal.WebMVC.styles.css responded 304 in 0.6879 ms
[15:21:39 INF] HTTP GET /lib/jquery/dist/jquery.min.js responded 304 in 0.2541 ms
[15:21:39 INF] HTTP GET /lib/bootstrap/dist/js/bootstrap.bundle.min.js responded 304 in 1.0122 ms
[15:21:39 INF] HTTP GET /js/site.js responded 304 in 0.4401 ms
[15:21:39 INF] HTTP GET /lib/jquery-validation/dist/jquery.validate.min.js responded 304 in 0.4967 ms
[15:21:39 INF] HTTP GET /lib/jquery-validation-unobtrusive/dist/jquery.validate.unobtrusive.min.js responded 304 in 0.5996 ms
[15:21:39 INF] HTTP GET /js/products-catalog-filter.js responded 304 in 0.5135 ms
[15:21:47 INF] HTTP POST /Inventory/EditProduct responded 302 in 9.1529 ms
[15:21:47 INF] HTTP GET /Inventory/Products responded 200 in 42.0451 ms
[15:21:47 INF] HTTP GET /lib/bootstrap/dist/css/bootstrap.min.css responded 304 in 0.4962 ms
[15:21:47 INF] HTTP GET /css/site.css responded 304 in 0.7852 ms
[15:21:47 INF] HTTP GET /Biktal.WebMVC.styles.css responded 304 in 1.5031 ms
[15:21:48 INF] HTTP GET /lib/jquery/dist/jquery.min.js responded 304 in 0.2539 ms
[15:21:48 INF] HTTP GET /js/site.js responded 304 in 0.4706 ms
[15:21:48 INF] HTTP GET /lib/bootstrap/dist/js/bootstrap.bundle.min.js responded 304 in 0.3432 ms
[15:21:48 INF] HTTP GET /lib/jquery-validation/dist/jquery.validate.min.js responded 304 in 0.3524 ms
[15:21:48 INF] HTTP GET /lib/jquery-validation-unobtrusive/dist/jquery.validate.unobtrusive.min.js responded 304 in 0.5492 ms
[15:21:48 INF] HTTP GET /js/products-catalog-filter.js responded 304 in 0.3796 ms
[15:21:51 INF] HTTP GET /Inventory/Products responded 200 in 43.4782 ms
[15:21:51 INF] HTTP GET /lib/bootstrap/dist/css/bootstrap.min.css responded 200 in 1.1493 ms
[15:21:51 INF] HTTP GET /css/site.css responded 304 in 0.3794 ms
[15:21:51 INF] HTTP GET /Biktal.WebMVC.styles.css responded 304 in 0.5542 ms
[15:21:52 INF] HTTP GET /lib/jquery/dist/jquery.min.js responded 304 in 0.4615 ms
[15:21:52 INF] HTTP GET /lib/bootstrap/dist/js/bootstrap.bundle.min.js responded 304 in 0.9321 ms
[15:21:52 INF] HTTP GET /js/site.js responded 304 in 0.4778 ms
[15:21:52 INF] HTTP GET /lib/jquery-validation/dist/jquery.validate.min.js responded 304 in 0.4993 ms
[15:21:52 INF] HTTP GET /lib/jquery-validation-unobtrusive/dist/jquery.validate.unobtrusive.min.js responded 304 in 0.8528 ms
[15:21:52 INF] HTTP GET /js/products-catalog-filter.js responded 304 in 0.3994 ms
[15:21:55 INF] HTTP POST /Inventory/EditProduct responded 302 in 5.1436 ms
[15:21:55 INF] HTTP GET /Inventory/Products responded 200 in 36.7898 ms
[15:21:55 INF] HTTP GET /css/site.css responded 304 in 0.9123 ms
[15:21:55 INF] HTTP GET /lib/bootstrap/dist/css/bootstrap.min.css responded 304 in 0.6613 ms
[15:21:55 INF] HTTP GET /Biktal.WebMVC.styles.css responded 304 in 2.0040 ms
[15:21:56 INF] HTTP GET /lib/jquery/dist/jquery.min.js responded 304 in 0.2549 ms
[15:21:56 INF] HTTP GET /lib/bootstrap/dist/js/bootstrap.bundle.min.js responded 304 in 0.4751 ms
[15:21:56 INF] HTTP GET /js/site.js responded 304 in 0.3289 ms
[15:21:56 INF] HTTP GET /js/products-catalog-filter.js responded 304 in 0.3082 ms
[15:21:56 INF] HTTP GET /lib/jquery-validation/dist/jquery.validate.min.js responded 304 in 0.2609 ms
[15:21:56 INF] HTTP GET /lib/jquery-validation-unobtrusive/dist/jquery.validate.unobtrusive.min.js responded 304 in 0.5085 ms
[15:22:00 INF] HTTP GET /Inventory/Products responded 200 in 49.1384 ms
[15:22:00 INF] HTTP GET /css/site.css responded 304 in 0.3851 ms
[15:22:00 INF] HTTP GET /lib/bootstrap/dist/css/bootstrap.min.css responded 200 in 1.1215 ms
[15:22:00 INF] HTTP GET /Biktal.WebMVC.styles.css responded 304 in 0.7025 ms
[15:22:01 INF] HTTP GET /lib/jquery/dist/jquery.min.js responded 304 in 0.3991 ms
[15:22:01 INF] HTTP GET /lib/bootstrap/dist/js/bootstrap.bundle.min.js responded 304 in 0.4127 ms
[15:22:01 INF] HTTP GET /js/site.js responded 304 in 0.3872 ms
[15:22:01 INF] HTTP GET /lib/jquery-validation/dist/jquery.validate.min.js responded 304 in 0.9298 ms
[15:22:01 INF] HTTP GET /lib/jquery-validation-unobtrusive/dist/jquery.validate.unobtrusive.min.js responded 304 in 0.6704 ms
[15:22:01 INF] HTTP GET /js/products-catalog-filter.js responded 304 in 1.6244 ms
[15:22:04 INF] HTTP POST /Inventory/EditProduct responded 302 in 5.4220 ms
[15:22:04 INF] HTTP GET /Inventory/Products responded 200 in 53.6777 ms
[15:22:04 INF] HTTP GET /css/site.css responded 304 in 0.4230 ms
[15:22:04 INF] HTTP GET /lib/bootstrap/dist/css/bootstrap.min.css responded 304 in 0.4032 ms
[15:22:04 INF] HTTP GET /Biktal.WebMVC.styles.css responded 304 in 2.1777 ms
[15:22:05 INF] HTTP GET /lib/jquery/dist/jquery.min.js responded 304 in 0.2447 ms
[15:22:05 INF] HTTP GET /lib/bootstrap/dist/js/bootstrap.bundle.min.js responded 304 in 0.4919 ms
[15:22:05 INF] HTTP GET /js/site.js responded 304 in 0.3675 ms
[15:22:05 INF] HTTP GET /lib/jquery-validation/dist/jquery.validate.min.js responded 304 in 0.7843 ms
[15:22:05 INF] HTTP GET /lib/jquery-validation-unobtrusive/dist/jquery.validate.unobtrusive.min.js responded 304 in 0.7838 ms
[15:22:05 INF] HTTP GET /js/products-catalog-filter.js responded 304 in 0.8161 ms
[15:22:16 INF] HTTP GET /Inventory/Products responded 200 in 41.7421 ms
[15:22:16 INF] HTTP GET /css/site.css responded 304 in 0.3929 ms
[15:22:16 INF] HTTP GET /lib/bootstrap/dist/css/bootstrap.min.css responded 200 in 1.1229 ms
[15:22:16 INF] HTTP GET /Biktal.WebMVC.styles.css responded 304 in 0.3838 ms
[15:22:17 INF] HTTP GET /lib/jquery/dist/jquery.min.js responded 304 in 0.2455 ms
[15:22:17 INF] HTTP GET /lib/bootstrap/dist/js/bootstrap.bundle.min.js responded 304 in 0.3703 ms
[15:22:17 INF] HTTP GET /js/site.js responded 304 in 0.2681 ms
[15:22:17 INF] HTTP GET /lib/jquery-validation/dist/jquery.validate.min.js responded 304 in 0.2793 ms
[15:22:17 INF] HTTP GET /lib/jquery-validation-unobtrusive/dist/jquery.validate.unobtrusive.min.js responded 304 in 0.2854 ms
[15:22:17 INF] HTTP GET /js/products-catalog-filter.js responded 304 in 1.0431 ms
[15:22:20 INF] HTTP POST /Inventory/EditProduct responded 302 in 5.4531 ms
[15:22:20 INF] HTTP GET /Inventory/Products responded 200 in 50.3104 ms
[15:22:20 INF] HTTP GET /Biktal.WebMVC.styles.css responded 304 in 0.2786 ms
[15:22:20 INF] HTTP GET /lib/bootstrap/dist/css/bootstrap.min.css responded 304 in 0.5228 ms
[15:22:20 INF] HTTP GET /css/site.css responded 304 in 1.9494 ms
[15:22:21 INF] HTTP GET /lib/jquery/dist/jquery.min.js responded 304 in 0.3054 ms
[15:22:21 INF] HTTP GET /lib/bootstrap/dist/js/bootstrap.bundle.min.js responded 304 in 0.3808 ms
[15:22:21 INF] HTTP GET /lib/jquery-validation/dist/jquery.validate.min.js responded 304 in 0.3486 ms
[15:22:21 INF] HTTP GET /js/site.js responded 304 in 0.5885 ms
[15:22:21 INF] HTTP GET /lib/jquery-validation-unobtrusive/dist/jquery.validate.unobtrusive.min.js responded 304 in 0.3799 ms
[15:22:21 INF] HTTP GET /js/products-catalog-filter.js responded 304 in 0.5165 ms
[15:22:24 INF] HTTP GET /Inventory/Products responded 200 in 46.5760 ms
[15:22:24 INF] HTTP GET /css/site.css responded 304 in 0.3866 ms
[15:22:24 INF] HTTP GET /Biktal.WebMVC.styles.css responded 304 in 0.2603 ms
[15:22:24 INF] HTTP GET /lib/bootstrap/dist/css/bootstrap.min.css responded 200 in 5.3254 ms
[15:22:25 INF] HTTP GET /lib/jquery/dist/jquery.min.js responded 304 in 0.3348 ms
[15:22:25 INF] HTTP GET /lib/bootstrap/dist/js/bootstrap.bundle.min.js responded 304 in 0.6703 ms
[15:22:25 INF] HTTP GET /lib/jquery-validation/dist/jquery.validate.min.js responded 304 in 0.2829 ms
[15:22:25 INF] HTTP GET /js/site.js responded 304 in 0.7741 ms
[15:22:25 INF] HTTP GET /lib/jquery-validation-unobtrusive/dist/jquery.validate.unobtrusive.min.js responded 304 in 0.3973 ms
[15:22:25 INF] HTTP GET /js/products-catalog-filter.js responded 304 in 0.3788 ms
[15:22:28 INF] HTTP POST /Inventory/EditProduct responded 302 in 11.5114 ms
[15:22:28 INF] HTTP GET /Inventory/Products responded 200 in 51.8871 ms
[15:22:28 INF] HTTP GET /Biktal.WebMVC.styles.css responded 304 in 0.7400 ms
[15:22:28 INF] HTTP GET /lib/bootstrap/dist/css/bootstrap.min.css responded 304 in 0.5573 ms
[15:22:28 INF] HTTP GET /css/site.css responded 304 in 0.4022 ms
[15:22:29 INF] HTTP GET /lib/jquery/dist/jquery.min.js responded 304 in 0.2554 ms
[15:22:29 INF] HTTP GET /lib/bootstrap/dist/js/bootstrap.bundle.min.js responded 304 in 0.3710 ms
[15:22:29 INF] HTTP GET /js/site.js responded 304 in 0.5401 ms
[15:22:29 INF] HTTP GET /lib/jquery-validation/dist/jquery.validate.min.js responded 304 in 0.3475 ms
[15:22:29 INF] HTTP GET /lib/jquery-validation-unobtrusive/dist/jquery.validate.unobtrusive.min.js responded 304 in 0.3730 ms
[15:22:29 INF] HTTP GET /js/products-catalog-filter.js responded 304 in 0.5467 ms
[15:22:32 INF] HTTP GET /Inventory/Products responded 200 in 45.0368 ms
[15:22:32 INF] HTTP GET /lib/bootstrap/dist/css/bootstrap.min.css responded 304 in 6.0444 ms
[15:22:32 INF] HTTP GET /css/site.css responded 304 in 0.3505 ms
[15:22:32 INF] HTTP GET /Biktal.WebMVC.styles.css responded 304 in 0.2797 ms
[15:22:33 INF] HTTP GET /lib/jquery/dist/jquery.min.js responded 304 in 0.3728 ms
[15:22:33 INF] HTTP GET /lib/bootstrap/dist/js/bootstrap.bundle.min.js responded 304 in 0.3772 ms
[15:22:33 INF] HTTP GET /js/site.js responded 304 in 0.4569 ms
[15:22:33 INF] HTTP GET /lib/jquery-validation-unobtrusive/dist/jquery.validate.unobtrusive.min.js responded 304 in 0.2352 ms
[15:22:33 INF] HTTP GET /lib/jquery-validation/dist/jquery.validate.min.js responded 304 in 0.2746 ms
[15:22:33 INF] HTTP GET /js/products-catalog-filter.js responded 304 in 0.2344 ms
[15:22:36 INF] HTTP POST /Inventory/EditProduct responded 302 in 7.6325 ms
[15:22:36 INF] HTTP GET /Inventory/Products responded 200 in 57.0931 ms
[15:22:36 INF] HTTP GET /Biktal.WebMVC.styles.css responded 304 in 0.9408 ms
[15:22:36 INF] HTTP GET /css/site.css responded 304 in 1.7032 ms
[15:22:36 INF] HTTP GET /lib/bootstrap/dist/css/bootstrap.min.css responded 304 in 0.3538 ms
[15:22:37 INF] HTTP GET /lib/jquery/dist/jquery.min.js responded 304 in 0.2475 ms
[15:22:37 INF] HTTP GET /lib/bootstrap/dist/js/bootstrap.bundle.min.js responded 304 in 0.3738 ms
[15:22:37 INF] HTTP GET /js/site.js responded 304 in 0.4139 ms
[15:22:37 INF] HTTP GET /lib/jquery-validation/dist/jquery.validate.min.js responded 304 in 0.3250 ms
[15:22:37 INF] HTTP GET /lib/jquery-validation-unobtrusive/dist/jquery.validate.unobtrusive.min.js responded 304 in 0.2240 ms
[15:22:37 INF] HTTP GET /js/products-catalog-filter.js responded 304 in 0.1884 ms
[15:22:43 INF] HTTP GET /Inventory/Products responded 200 in 52.0513 ms
[15:22:43 INF] HTTP GET /lib/bootstrap/dist/css/bootstrap.min.css responded 200 in 5.0472 ms
[15:22:43 INF] HTTP GET /css/site.css responded 304 in 0.6984 ms
[15:22:43 INF] HTTP GET /Biktal.WebMVC.styles.css responded 304 in 0.4669 ms
[15:22:44 INF] HTTP GET /lib/jquery/dist/jquery.min.js responded 304 in 0.2370 ms
[15:22:44 INF] HTTP GET /lib/bootstrap/dist/js/bootstrap.bundle.min.js responded 304 in 0.3929 ms
[15:22:44 INF] HTTP GET /js/site.js responded 304 in 0.4553 ms
[15:22:44 INF] HTTP GET /lib/jquery-validation-unobtrusive/dist/jquery.validate.unobtrusive.min.js responded 304 in 0.5340 ms
[15:22:44 INF] HTTP GET /lib/jquery-validation/dist/jquery.validate.min.js responded 304 in 0.6114 ms
[15:22:44 INF] HTTP GET /js/products-catalog-filter.js responded 304 in 0.4416 ms
[15:22:50 INF] HTTP POST /Inventory/EditProduct responded 302 in 5.5355 ms
[15:22:50 INF] HTTP GET /Inventory/Products responded 200 in 37.3845 ms
[15:22:50 INF] HTTP GET /lib/bootstrap/dist/css/bootstrap.min.css responded 304 in 0.4687 ms
[15:22:50 INF] HTTP GET /Biktal.WebMVC.styles.css responded 304 in 0.7653 ms
[15:22:50 INF] HTTP GET /css/site.css responded 304 in 1.4175 ms
[15:22:51 INF] HTTP GET /lib/jquery/dist/jquery.min.js responded 304 in 0.3313 ms
[15:22:51 INF] HTTP GET /lib/bootstrap/dist/js/bootstrap.bundle.min.js responded 304 in 0.3510 ms
[15:22:51 INF] HTTP GET /js/site.js responded 304 in 2.4288 ms
[15:22:51 INF] HTTP GET /lib/jquery-validation/dist/jquery.validate.min.js responded 304 in 0.5962 ms
[15:22:51 INF] HTTP GET /lib/jquery-validation-unobtrusive/dist/jquery.validate.unobtrusive.min.js responded 304 in 0.4752 ms
[15:22:51 INF] HTTP GET /js/products-catalog-filter.js responded 304 in 1.1746 ms
[15:23:03 INF] HTTP GET /Inventory/Products responded 200 in 48.4317 ms
[15:23:03 INF] HTTP GET /lib/bootstrap/dist/css/bootstrap.min.css responded 200 in 10.2419 ms
[15:23:03 INF] HTTP GET /css/site.css responded 304 in 0.4255 ms
[15:23:03 INF] HTTP GET /Biktal.WebMVC.styles.css responded 304 in 0.5948 ms
[15:23:03 INF] HTTP GET /lib/jquery/dist/jquery.min.js responded 304 in 0.2475 ms
[15:23:03 INF] HTTP GET /lib/bootstrap/dist/js/bootstrap.bundle.min.js responded 304 in 0.3395 ms
[15:23:03 INF] HTTP GET /js/site.js responded 304 in 0.3907 ms
[15:23:03 INF] HTTP GET /js/products-catalog-filter.js responded 304 in 0.2681 ms
[15:23:03 INF] HTTP GET /lib/jquery-validation-unobtrusive/dist/jquery.validate.unobtrusive.min.js responded 304 in 0.2681 ms
[15:23:03 INF] HTTP GET /lib/jquery-validation/dist/jquery.validate.min.js responded 304 in 0.2622 ms
[15:23:07 INF] HTTP POST /Inventory/EditProduct responded 302 in 7.1408 ms
[15:23:07 INF] HTTP GET /Inventory/Products responded 200 in 46.8629 ms
[15:23:07 INF] HTTP GET /Biktal.WebMVC.styles.css responded 304 in 0.4716 ms
[15:23:07 INF] HTTP GET /lib/bootstrap/dist/css/bootstrap.min.css responded 200 in 1.3257 ms
[15:23:07 INF] HTTP GET /css/site.css responded 304 in 0.4193 ms
[15:23:08 INF] HTTP GET /lib/jquery/dist/jquery.min.js responded 304 in 0.2566 ms
[15:23:08 INF] HTTP GET /lib/bootstrap/dist/js/bootstrap.bundle.min.js responded 304 in 0.4888 ms
[15:23:08 INF] HTTP GET /js/site.js responded 304 in 0.3669 ms
[15:23:08 INF] HTTP GET /lib/jquery-validation/dist/jquery.validate.min.js responded 304 in 0.5283 ms
[15:23:08 INF] HTTP GET /js/products-catalog-filter.js responded 304 in 0.6286 ms
[15:23:08 INF] HTTP GET /lib/jquery-validation-unobtrusive/dist/jquery.validate.unobtrusive.min.js responded 304 in 0.5537 ms
[15:23:15 INF] HTTP GET /Inventory/Products responded 200 in 42.2554 ms
[15:23:15 INF] HTTP GET /lib/bootstrap/dist/css/bootstrap.min.css responded 304 in 5.0808 ms
[15:23:15 INF] HTTP GET /css/site.css responded 304 in 0.4623 ms
[15:23:15 INF] HTTP GET /Biktal.WebMVC.styles.css responded 304 in 0.4622 ms
[15:23:16 INF] HTTP GET /lib/jquery/dist/jquery.min.js responded 304 in 0.2461 ms
[15:23:16 INF] HTTP GET /lib/bootstrap/dist/js/bootstrap.bundle.min.js responded 304 in 0.3720 ms
[15:23:16 INF] HTTP GET /js/site.js responded 304 in 0.4486 ms
[15:23:16 INF] HTTP GET /lib/jquery-validation/dist/jquery.validate.min.js responded 304 in 0.2795 ms
[15:23:16 INF] HTTP GET /lib/jquery-validation-unobtrusive/dist/jquery.validate.unobtrusive.min.js responded 304 in 0.2657 ms
[15:23:16 INF] HTTP GET /js/products-catalog-filter.js responded 304 in 0.1906 ms
[15:23:19 INF] HTTP GET /Inventory/Products responded 200 in 54.2285 ms
[15:23:19 INF] HTTP GET /Biktal.WebMVC.styles.css responded 304 in 0.5772 ms
[15:23:19 INF] HTTP GET /css/site.css responded 304 in 3.0980 ms
[15:23:19 INF] HTTP GET /lib/bootstrap/dist/css/bootstrap.min.css responded 200 in 1.4510 ms
[15:23:19 INF] HTTP GET /lib/jquery/dist/jquery.min.js responded 304 in 0.2404 ms
[15:23:19 INF] HTTP GET /lib/bootstrap/dist/js/bootstrap.bundle.min.js responded 304 in 0.3989 ms
[15:23:19 INF] HTTP GET /js/site.js responded 304 in 0.3953 ms
[15:23:19 INF] HTTP GET /js/products-catalog-filter.js responded 304 in 0.1805 ms
[15:23:19 INF] HTTP GET /lib/jquery-validation-unobtrusive/dist/jquery.validate.unobtrusive.min.js responded 304 in 0.2187 ms
[15:23:19 INF] HTTP GET /lib/jquery-validation/dist/jquery.validate.min.js responded 304 in 0.3125 ms
[15:23:27 INF] HTTP GET /Inventory/Products responded 200 in 42.2761 ms
[15:23:27 INF] HTTP GET /lib/bootstrap/dist/css/bootstrap.min.css responded 200 in 10.9610 ms
[15:23:28 INF] HTTP GET /css/site.css responded 304 in 1.6762 ms
[15:23:28 INF] HTTP GET /Biktal.WebMVC.styles.css responded 304 in 0.9007 ms
[15:23:28 INF] HTTP GET /lib/jquery/dist/jquery.min.js responded 304 in 0.2422 ms
[15:23:28 INF] HTTP GET /lib/bootstrap/dist/js/bootstrap.bundle.min.js responded 304 in 0.5759 ms
[15:23:28 INF] HTTP GET /lib/jquery-validation/dist/jquery.validate.min.js responded 304 in 0.4460 ms
[15:23:28 INF] HTTP GET /js/site.js responded 304 in 1.3390 ms
[15:23:28 INF] HTTP GET /lib/jquery-validation-unobtrusive/dist/jquery.validate.unobtrusive.min.js responded 304 in 0.3982 ms
[15:23:28 INF] HTTP GET /js/products-catalog-filter.js responded 304 in 0.8263 ms
[15:23:32 INF] HTTP POST /Inventory/EditProduct responded 302 in 9.4453 ms
[15:23:32 INF] HTTP GET /Inventory/Products responded 200 in 45.4784 ms
[15:23:32 INF] HTTP GET /css/site.css responded 304 in 0.4459 ms
[15:23:32 INF] HTTP GET /lib/bootstrap/dist/css/bootstrap.min.css responded 200 in 1.5038 ms
[15:23:32 INF] HTTP GET /Biktal.WebMVC.styles.css responded 304 in 0.7220 ms
[15:23:33 INF] HTTP GET /lib/jquery/dist/jquery.min.js responded 304 in 0.2428 ms
[15:23:33 INF] HTTP GET /lib/bootstrap/dist/js/bootstrap.bundle.min.js responded 304 in 0.3642 ms
[15:23:33 INF] HTTP GET /js/site.js responded 304 in 0.3226 ms
[15:23:33 INF] HTTP GET /lib/jquery-validation/dist/jquery.validate.min.js responded 304 in 0.3209 ms
[15:23:33 INF] HTTP GET /js/products-catalog-filter.js responded 304 in 0.2049 ms
[15:23:33 INF] HTTP GET /lib/jquery-validation-unobtrusive/dist/jquery.validate.unobtrusive.min.js responded 304 in 0.2280 ms
[15:23:37 INF] HTTP GET /Inventory/Products responded 200 in 39.4856 ms
[15:23:37 INF] HTTP GET /lib/bootstrap/dist/css/bootstrap.min.css responded 304 in 5.2663 ms
[15:23:37 INF] HTTP GET /css/site.css responded 304 in 1.0356 ms
[15:23:37 INF] HTTP GET /Biktal.WebMVC.styles.css responded 304 in 0.3937 ms
[15:23:38 INF] HTTP GET /lib/jquery/dist/jquery.min.js responded 304 in 0.2520 ms
[15:23:38 INF] HTTP GET /lib/bootstrap/dist/js/bootstrap.bundle.min.js responded 304 in 0.3403 ms
[15:23:38 INF] HTTP GET /js/site.js responded 304 in 0.3246 ms
[15:23:38 INF] HTTP GET /lib/jquery-validation-unobtrusive/dist/jquery.validate.unobtrusive.min.js responded 304 in 0.2509 ms
[15:23:38 INF] HTTP GET /lib/jquery-validation/dist/jquery.validate.min.js responded 304 in 0.3114 ms
[15:23:38 INF] HTTP GET /js/products-catalog-filter.js responded 304 in 0.3517 ms
[15:23:41 INF] HTTP POST /Inventory/EditProduct responded 302 in 6.2675 ms
[15:23:41 INF] HTTP GET /Inventory/Products responded 200 in 47.4917 ms
[15:23:41 INF] HTTP GET /css/site.css responded 304 in 0.3785 ms
[15:23:41 INF] HTTP GET /Biktal.WebMVC.styles.css responded 304 in 0.8769 ms
[15:23:41 INF] HTTP GET /lib/bootstrap/dist/css/bootstrap.min.css responded 200 in 1.8157 ms
[15:23:42 INF] HTTP GET /lib/jquery/dist/jquery.min.js responded 304 in 0.2526 ms
[15:23:42 INF] HTTP GET /js/site.js responded 304 in 0.8409 ms
[15:23:42 INF] HTTP GET /lib/bootstrap/dist/js/bootstrap.bundle.min.js responded 304 in 1.2207 ms
[15:23:42 INF] HTTP GET /lib/jquery-validation/dist/jquery.validate.min.js responded 304 in 0.7347 ms
[15:23:42 INF] HTTP GET /lib/jquery-validation-unobtrusive/dist/jquery.validate.unobtrusive.min.js responded 304 in 0.5841 ms
[15:23:42 INF] HTTP GET /js/products-catalog-filter.js responded 304 in 0.4593 ms
[15:25:04 INF] HTTP GET /Inventory/Products responded 200 in 57.5791 ms
[15:25:04 INF] HTTP GET /css/site.css responded 200 in 1.8294 ms
[15:25:04 INF] HTTP GET /lib/bootstrap/dist/css/bootstrap.min.css responded 200 in 9.5822 ms
[15:25:04 INF] HTTP GET /Biktal.WebMVC.styles.css responded 200 in 3.3516 ms
[15:25:05 INF] HTTP GET /lib/jquery/dist/jquery.min.js responded 200 in 0.7268 ms
[15:25:05 INF] HTTP GET /lib/bootstrap/dist/js/bootstrap.bundle.min.js responded 200 in 0.9413 ms
[15:25:05 INF] HTTP GET /js/site.js responded 200 in 1.0887 ms
[15:25:05 INF] HTTP GET /lib/jquery-validation-unobtrusive/dist/jquery.validate.unobtrusive.min.js responded 200 in 0.9304 ms
[15:25:05 INF] HTTP GET /lib/jquery-validation/dist/jquery.validate.min.js responded 200 in 0.7286 ms
[15:25:05 INF] HTTP GET /js/products-catalog-filter.js responded 200 in 1.9587 ms
[15:25:08 INF] HTTP POST /Inventory/EditProduct responded 302 in 5.6885 ms
[15:25:08 INF] HTTP GET /Inventory/Products responded 200 in 49.0550 ms
[15:25:08 INF] HTTP GET /lib/bootstrap/dist/css/bootstrap.min.css responded 304 in 1.1390 ms
[15:25:08 INF] HTTP GET /css/site.css responded 304 in 0.5779 ms
[15:25:08 INF] HTTP GET /Biktal.WebMVC.styles.css responded 304 in 1.6016 ms
[15:25:09 INF] HTTP GET /lib/jquery/dist/jquery.min.js responded 304 in 0.2389 ms
[15:25:09 INF] HTTP GET /lib/bootstrap/dist/js/bootstrap.bundle.min.js responded 304 in 0.8665 ms
[15:25:09 INF] HTTP GET /js/site.js responded 304 in 0.3342 ms
[15:25:09 INF] HTTP GET /lib/jquery-validation-unobtrusive/dist/jquery.validate.unobtrusive.min.js responded 304 in 0.2881 ms
[15:25:09 INF] HTTP GET /lib/jquery-validation/dist/jquery.validate.min.js responded 304 in 0.3199 ms
[15:25:09 INF] HTTP GET /js/products-catalog-filter.js responded 304 in 0.8248 ms
[15:25:18 INF] HTTP GET /Inventory/Products responded 200 in 53.2614 ms
[15:25:18 INF] HTTP GET /lib/bootstrap/dist/css/bootstrap.min.css responded 304 in 0.4554 ms
[15:25:18 INF] HTTP GET /css/site.css responded 304 in 0.3732 ms
[15:25:18 INF] HTTP GET /Biktal.WebMVC.styles.css responded 304 in 0.6117 ms
[15:25:18 INF] HTTP GET /lib/jquery/dist/jquery.min.js responded 304 in 0.2475 ms
[15:25:18 INF] HTTP GET /lib/bootstrap/dist/js/bootstrap.bundle.min.js responded 304 in 0.4154 ms
[15:25:18 INF] HTTP GET /js/site.js responded 304 in 0.5569 ms
[15:25:18 INF] HTTP GET /lib/jquery-validation/dist/jquery.validate.min.js responded 304 in 1.0935 ms
[15:25:18 INF] HTTP GET /lib/jquery-validation-unobtrusive/dist/jquery.validate.unobtrusive.min.js responded 304 in 0.5040 ms
[15:25:18 INF] HTTP GET /js/products-catalog-filter.js responded 304 in 2.1748 ms
[15:25:24 INF] HTTP POST /Inventory/EditProduct responded 302 in 6.0204 ms
[15:25:24 INF] HTTP GET /Inventory/Products responded 200 in 57.0964 ms
[15:25:24 INF] HTTP GET /css/site.css responded 304 in 2.7249 ms
[15:25:24 INF] HTTP GET /Biktal.WebMVC.styles.css responded 304 in 0.5560 ms
[15:25:24 INF] HTTP GET /lib/bootstrap/dist/css/bootstrap.min.css responded 304 in 0.3907 ms
[15:25:25 INF] HTTP GET /lib/jquery/dist/jquery.min.js responded 304 in 0.2459 ms
[15:25:25 INF] HTTP GET /lib/bootstrap/dist/js/bootstrap.bundle.min.js responded 304 in 0.5992 ms
[15:25:25 INF] HTTP GET /js/site.js responded 304 in 0.7742 ms
[15:25:25 INF] HTTP GET /lib/jquery-validation-unobtrusive/dist/jquery.validate.unobtrusive.min.js responded 304 in 0.3359 ms
[15:25:25 INF] HTTP GET /lib/jquery-validation/dist/jquery.validate.min.js responded 304 in 0.4229 ms
[15:25:25 INF] HTTP GET /js/products-catalog-filter.js responded 304 in 1.0111 ms
[15:25:32 INF] HTTP GET /Inventory/Products responded 200 in 43.1988 ms
[15:25:32 INF] HTTP GET /lib/bootstrap/dist/css/bootstrap.min.css responded 304 in 0.4636 ms
[15:25:32 INF] HTTP GET /css/site.css responded 304 in 0.4445 ms
[15:25:32 INF] HTTP GET /Biktal.WebMVC.styles.css responded 304 in 0.4227 ms
[15:25:33 INF] HTTP GET /lib/jquery/dist/jquery.min.js responded 304 in 0.2446 ms
[15:25:33 INF] HTTP GET /lib/bootstrap/dist/js/bootstrap.bundle.min.js responded 304 in 0.6126 ms
[15:25:33 INF] HTTP GET /js/site.js responded 304 in 0.4613 ms
[15:25:33 INF] HTTP GET /lib/jquery-validation/dist/jquery.validate.min.js responded 304 in 0.4907 ms
[15:25:33 INF] HTTP GET /lib/jquery-validation-unobtrusive/dist/jquery.validate.unobtrusive.min.js responded 304 in 0.5006 ms
[15:25:33 INF] HTTP GET /js/products-catalog-filter.js responded 304 in 0.3941 ms
[15:25:36 INF] HTTP POST /Inventory/EditProduct responded 302 in 7.8667 ms
[15:25:36 INF] HTTP GET /Inventory/Products responded 200 in 47.3856 ms
[15:25:37 INF] HTTP GET /lib/bootstrap/dist/css/bootstrap.min.css responded 304 in 0.4962 ms
[15:25:37 INF] HTTP GET /css/site.css responded 304 in 0.3349 ms
[15:25:37 INF] HTTP GET /Biktal.WebMVC.styles.css responded 304 in 0.3453 ms
[15:25:37 INF] HTTP GET /lib/jquery/dist/jquery.min.js responded 304 in 0.2425 ms
[15:25:37 INF] HTTP GET /lib/bootstrap/dist/js/bootstrap.bundle.min.js responded 304 in 1.2365 ms
[15:25:37 INF] HTTP GET /js/site.js responded 304 in 0.3659 ms
[15:25:37 INF] HTTP GET /lib/jquery-validation/dist/jquery.validate.min.js responded 304 in 0.2818 ms
[15:25:37 INF] HTTP GET /js/products-catalog-filter.js responded 304 in 0.5518 ms
[15:25:37 INF] HTTP GET /lib/jquery-validation-unobtrusive/dist/jquery.validate.unobtrusive.min.js responded 304 in 0.5798 ms
[15:25:43 INF] HTTP GET /Inventory/Products responded 200 in 49.4515 ms
[15:25:43 INF] HTTP GET /lib/bootstrap/dist/css/bootstrap.min.css responded 304 in 0.9085 ms
[15:25:43 INF] HTTP GET /Biktal.WebMVC.styles.css responded 304 in 1.1837 ms
[15:25:43 INF] HTTP GET /css/site.css responded 304 in 0.3921 ms
[15:25:44 INF] HTTP GET /lib/jquery/dist/jquery.min.js responded 304 in 0.2582 ms
[15:25:44 INF] HTTP GET /lib/bootstrap/dist/js/bootstrap.bundle.min.js responded 304 in 0.5518 ms
[15:25:44 INF] HTTP GET /js/site.js responded 304 in 0.4298 ms
[15:25:44 INF] HTTP GET /lib/jquery-validation/dist/jquery.validate.min.js responded 304 in 0.6895 ms
[15:25:44 INF] HTTP GET /lib/jquery-validation-unobtrusive/dist/jquery.validate.unobtrusive.min.js responded 304 in 0.6892 ms
[15:25:44 INF] HTTP GET /js/products-catalog-filter.js responded 304 in 0.3907 ms
[15:25:47 INF] HTTP POST /Inventory/EditProduct responded 302 in 6.8709 ms
[15:25:47 INF] HTTP GET /Inventory/Products responded 200 in 46.4068 ms
[15:25:48 INF] HTTP GET /Biktal.WebMVC.styles.css responded 304 in 1.4687 ms
[15:25:48 INF] HTTP GET /css/site.css responded 304 in 0.3789 ms
[15:25:48 INF] HTTP GET /lib/bootstrap/dist/css/bootstrap.min.css responded 304 in 1.4622 ms
[15:25:48 INF] HTTP GET /lib/jquery/dist/jquery.min.js responded 304 in 0.2563 ms
[15:25:48 INF] HTTP GET /lib/bootstrap/dist/js/bootstrap.bundle.min.js responded 304 in 0.7277 ms
[15:25:48 INF] HTTP GET /js/site.js responded 304 in 1.9058 ms
[15:25:48 INF] HTTP GET /js/products-catalog-filter.js responded 304 in 0.2603 ms
[15:25:48 INF] HTTP GET /lib/jquery-validation-unobtrusive/dist/jquery.validate.unobtrusive.min.js responded 304 in 0.2603 ms
[15:25:48 INF] HTTP GET /lib/jquery-validation/dist/jquery.validate.min.js responded 304 in 0.4106 ms
[15:25:56 INF] HTTP GET /Inventory/Products responded 200 in 49.6483 ms
[15:25:56 INF] HTTP GET /lib/bootstrap/dist/css/bootstrap.min.css responded 304 in 10.5074 ms
[15:25:56 INF] HTTP GET /css/site.css responded 304 in 0.3867 ms
[15:25:56 INF] HTTP GET /Biktal.WebMVC.styles.css responded 304 in 0.3230 ms
[15:25:57 INF] HTTP GET /lib/jquery/dist/jquery.min.js responded 304 in 0.2492 ms
[15:25:57 INF] HTTP GET /js/site.js responded 304 in 0.3427 ms
[15:25:57 INF] HTTP GET /lib/bootstrap/dist/js/bootstrap.bundle.min.js responded 304 in 0.5147 ms
[15:25:57 INF] HTTP GET /lib/jquery-validation-unobtrusive/dist/jquery.validate.unobtrusive.min.js responded 304 in 0.2836 ms
[15:25:57 INF] HTTP GET /lib/jquery-validation/dist/jquery.validate.min.js responded 304 in 0.4570 ms
[15:25:57 INF] HTTP GET /js/products-catalog-filter.js responded 304 in 0.5861 ms
[15:26:00 INF] HTTP POST /Inventory/EditProduct responded 302 in 6.3293 ms
[15:26:00 INF] HTTP GET /Inventory/Products responded 200 in 52.4042 ms
[15:26:00 INF] HTTP GET /lib/bootstrap/dist/css/bootstrap.min.css responded 304 in 0.4657 ms
[15:26:00 INF] HTTP GET /css/site.css responded 304 in 2.2174 ms
[15:26:00 INF] HTTP GET /Biktal.WebMVC.styles.css responded 304 in 1.3305 ms
[15:26:01 INF] HTTP GET /lib/jquery/dist/jquery.min.js responded 304 in 0.2419 ms
[15:26:01 INF] HTTP GET /lib/bootstrap/dist/js/bootstrap.bundle.min.js responded 304 in 0.4277 ms
[15:26:01 INF] HTTP GET /lib/jquery-validation/dist/jquery.validate.min.js responded 304 in 0.4438 ms
[15:26:01 INF] HTTP GET /js/site.js responded 304 in 0.3379 ms
[15:26:01 INF] HTTP GET /lib/jquery-validation-unobtrusive/dist/jquery.validate.unobtrusive.min.js responded 304 in 0.5203 ms
[15:26:01 INF] HTTP GET /js/products-catalog-filter.js responded 304 in 0.8876 ms
[15:26:08 INF] HTTP GET /Inventory/Products responded 200 in 45.0842 ms
[15:26:08 INF] HTTP GET /lib/bootstrap/dist/css/bootstrap.min.css responded 304 in 0.6196 ms
[15:26:08 INF] HTTP GET /Biktal.WebMVC.styles.css responded 304 in 0.3566 ms
[15:26:08 INF] HTTP GET /css/site.css responded 304 in 0.3980 ms
[15:26:09 INF] HTTP GET /lib/jquery/dist/jquery.min.js responded 304 in 0.2486 ms
[15:26:09 INF] HTTP GET /lib/bootstrap/dist/js/bootstrap.bundle.min.js responded 304 in 0.3749 ms
[15:26:09 INF] HTTP GET /js/site.js responded 304 in 0.5680 ms
[15:26:09 INF] HTTP GET /lib/jquery-validation/dist/jquery.validate.min.js responded 304 in 0.4187 ms
[15:26:09 INF] HTTP GET /lib/jquery-validation-unobtrusive/dist/jquery.validate.unobtrusive.min.js responded 304 in 1.9578 ms
[15:26:09 INF] HTTP GET /js/products-catalog-filter.js responded 304 in 0.5976 ms
[15:26:13 INF] HTTP POST /Inventory/EditProduct responded 302 in 72.9030 ms
[15:26:13 INF] HTTP GET /Inventory/Products responded 200 in 31.0381 ms
[15:26:13 INF] HTTP GET /lib/bootstrap/dist/css/bootstrap.min.css responded 304 in 0.4033 ms
[15:26:13 INF] HTTP GET /Biktal.WebMVC.styles.css responded 304 in 0.4492 ms
[15:26:13 INF] HTTP GET /css/site.css responded 304 in 0.5690 ms
[15:26:14 INF] HTTP GET /lib/jquery/dist/jquery.min.js responded 304 in 0.2409 ms
[15:26:14 INF] HTTP GET /lib/bootstrap/dist/js/bootstrap.bundle.min.js responded 304 in 0.3967 ms
[15:26:14 INF] HTTP GET /js/site.js responded 304 in 0.4565 ms
[15:26:14 INF] HTTP GET /lib/jquery-validation-unobtrusive/dist/jquery.validate.unobtrusive.min.js responded 304 in 0.2806 ms
[15:26:14 INF] HTTP GET /lib/jquery-validation/dist/jquery.validate.min.js responded 304 in 0.2806 ms
[15:26:14 INF] HTTP GET /js/products-catalog-filter.js responded 304 in 0.2695 ms
[15:26:21 INF] HTTP GET /Inventory/Products responded 200 in 44.7252 ms
[15:26:21 INF] HTTP GET /lib/bootstrap/dist/css/bootstrap.min.css responded 304 in 1.0738 ms
[15:26:21 INF] HTTP GET /Biktal.WebMVC.styles.css responded 304 in 0.3965 ms
[15:26:21 INF] HTTP GET /css/site.css responded 304 in 1.7945 ms
[15:26:21 INF] HTTP GET /lib/jquery/dist/jquery.min.js responded 304 in 0.3291 ms
[15:26:21 INF] HTTP GET /lib/bootstrap/dist/js/bootstrap.bundle.min.js responded 304 in 0.3122 ms
[15:26:21 INF] HTTP GET /js/site.js responded 304 in 0.3919 ms
[15:26:21 INF] HTTP GET /lib/jquery-validation/dist/jquery.validate.min.js responded 304 in 0.4810 ms
[15:26:21 INF] HTTP GET /lib/jquery-validation-unobtrusive/dist/jquery.validate.unobtrusive.min.js responded 304 in 0.6527 ms
[15:26:21 INF] HTTP GET /js/products-catalog-filter.js responded 304 in 0.3993 ms
[15:26:26 INF] HTTP POST /Inventory/EditProduct responded 302 in 7.6942 ms
[15:26:26 INF] HTTP GET /Inventory/Products responded 200 in 33.1224 ms
[15:26:26 INF] HTTP GET /lib/bootstrap/dist/css/bootstrap.min.css responded 304 in 0.4903 ms
[15:26:26 INF] HTTP GET /Biktal.WebMVC.styles.css responded 304 in 0.2486 ms
[15:26:26 INF] HTTP GET /css/site.css responded 304 in 2.6011 ms
[15:26:27 INF] HTTP GET /lib/jquery/dist/jquery.min.js responded 304 in 0.2486 ms
[15:26:27 INF] HTTP GET /lib/bootstrap/dist/js/bootstrap.bundle.min.js responded 304 in 0.3993 ms
[15:26:27 INF] HTTP GET /js/site.js responded 304 in 0.2350 ms
[15:26:27 INF] HTTP GET /lib/jquery-validation/dist/jquery.validate.min.js responded 304 in 0.6109 ms
[15:26:27 INF] HTTP GET /lib/jquery-validation-unobtrusive/dist/jquery.validate.unobtrusive.min.js responded 304 in 0.4871 ms
[15:26:27 INF] HTTP GET /js/products-catalog-filter.js responded 304 in 0.5354 ms
[15:26:38 INF] HTTP GET /Inventory/Products responded 200 in 43.7911 ms
[15:26:38 INF] HTTP GET /lib/bootstrap/dist/css/bootstrap.min.css responded 200 in 2.5898 ms
[15:26:38 INF] HTTP GET /css/site.css responded 304 in 1.4553 ms
[15:26:38 INF] HTTP GET /Biktal.WebMVC.styles.css responded 304 in 0.5279 ms
[15:26:39 INF] HTTP GET /lib/jquery/dist/jquery.min.js responded 304 in 0.2480 ms
[15:26:39 INF] HTTP GET /lib/bootstrap/dist/js/bootstrap.bundle.min.js responded 304 in 0.4311 ms
[15:26:39 INF] HTTP GET /lib/jquery-validation/dist/jquery.validate.min.js responded 304 in 0.2739 ms
[15:26:39 INF] HTTP GET /js/site.js responded 304 in 0.7713 ms
[15:26:39 INF] HTTP GET /lib/jquery-validation-unobtrusive/dist/jquery.validate.unobtrusive.min.js responded 304 in 0.4057 ms
[15:26:39 INF] HTTP GET /js/products-catalog-filter.js responded 304 in 0.3849 ms
[15:26:47 INF] HTTP POST /Inventory/EditProduct responded 302 in 6.8838 ms
[15:26:47 INF] HTTP GET /Inventory/Products responded 200 in 52.8103 ms
[15:26:47 INF] HTTP GET /lib/bootstrap/dist/css/bootstrap.min.css responded 200 in 1.2497 ms
[15:26:47 INF] HTTP GET /css/site.css responded 304 in 0.4383 ms
[15:26:47 INF] HTTP GET /Biktal.WebMVC.styles.css responded 304 in 0.3790 ms
[15:26:48 INF] HTTP GET /lib/jquery/dist/jquery.min.js responded 304 in 0.3432 ms
[15:26:48 INF] HTTP GET /lib/bootstrap/dist/js/bootstrap.bundle.min.js responded 304 in 0.3929 ms
[15:26:48 INF] HTTP GET /js/site.js responded 304 in 0.3150 ms
[15:26:48 INF] HTTP GET /lib/jquery-validation/dist/jquery.validate.min.js responded 304 in 0.4704 ms
[15:26:48 INF] HTTP GET /lib/jquery-validation-unobtrusive/dist/jquery.validate.unobtrusive.min.js responded 304 in 0.7029 ms
[15:26:48 INF] HTTP GET /js/products-catalog-filter.js responded 304 in 0.3491 ms
[15:27:02 INF] HTTP GET /Inventory/Products responded 200 in 46.2982 ms
[15:27:02 INF] HTTP GET /lib/bootstrap/dist/css/bootstrap.min.css responded 200 in 3.2132 ms
[15:27:02 INF] HTTP GET /Biktal.WebMVC.styles.css responded 304 in 0.8688 ms
[15:27:02 INF] HTTP GET /css/site.css responded 304 in 1.0293 ms
[15:27:03 INF] HTTP GET /lib/jquery/dist/jquery.min.js responded 304 in 0.2703 ms
[15:27:03 INF] HTTP GET /lib/bootstrap/dist/js/bootstrap.bundle.min.js responded 304 in 0.3826 ms
[15:27:03 INF] HTTP GET /js/site.js responded 304 in 0.3797 ms
[15:27:03 INF] HTTP GET /lib/jquery-validation-unobtrusive/dist/jquery.validate.unobtrusive.min.js responded 304 in 0.1987 ms
[15:27:03 INF] HTTP GET /lib/jquery-validation/dist/jquery.validate.min.js responded 304 in 0.2989 ms
[15:27:03 INF] HTTP GET /js/products-catalog-filter.js responded 304 in 0.3051 ms
[15:27:07 INF] HTTP POST /Inventory/EditProduct responded 302 in 7.3335 ms
[15:27:07 INF] HTTP GET /Inventory/Products responded 200 in 34.3603 ms
[15:27:07 INF] HTTP GET /css/site.css responded 304 in 0.4875 ms
[15:27:07 INF] HTTP GET /lib/bootstrap/dist/css/bootstrap.min.css responded 304 in 1.0113 ms
[15:27:07 INF] HTTP GET /Biktal.WebMVC.styles.css responded 304 in 0.4488 ms
[15:27:08 INF] HTTP GET /lib/jquery/dist/jquery.min.js responded 304 in 0.2488 ms
[15:27:08 INF] HTTP GET /lib/bootstrap/dist/js/bootstrap.bundle.min.js responded 304 in 0.3649 ms
[15:27:08 INF] HTTP GET /js/site.js responded 304 in 0.4252 ms
[15:27:08 INF] HTTP GET /lib/jquery-validation/dist/jquery.validate.min.js responded 304 in 0.2534 ms
[15:27:08 INF] HTTP GET /lib/jquery-validation-unobtrusive/dist/jquery.validate.unobtrusive.min.js responded 304 in 0.2281 ms
[15:27:08 INF] HTTP GET /js/products-catalog-filter.js responded 304 in 0.3715 ms
[15:27:15 INF] HTTP GET /Inventory/Products responded 200 in 44.2668 ms
[15:27:15 INF] HTTP GET /lib/bootstrap/dist/css/bootstrap.min.css responded 304 in 0.4178 ms
[15:27:15 INF] HTTP GET /Biktal.WebMVC.styles.css responded 304 in 0.4765 ms
[15:27:15 INF] HTTP GET /css/site.css responded 304 in 0.4948 ms
[15:27:16 INF] HTTP GET /lib/jquery/dist/jquery.min.js responded 304 in 0.7816 ms
[15:27:16 INF] HTTP GET /js/site.js responded 304 in 0.3398 ms
[15:27:16 INF] HTTP GET /lib/bootstrap/dist/js/bootstrap.bundle.min.js responded 304 in 0.4063 ms
[15:27:16 INF] HTTP GET /lib/jquery-validation/dist/jquery.validate.min.js responded 304 in 0.4617 ms
[15:27:16 INF] HTTP GET /js/products-catalog-filter.js responded 304 in 0.2417 ms
[15:27:16 INF] HTTP GET /lib/jquery-validation-unobtrusive/dist/jquery.validate.unobtrusive.min.js responded 304 in 0.4320 ms
[15:27:19 INF] HTTP POST /Inventory/EditProduct responded 302 in 6.7521 ms
[15:27:19 INF] HTTP GET /Inventory/Products responded 200 in 51.1944 ms
[15:27:19 INF] HTTP GET /css/site.css responded 304 in 0.8817 ms
[15:27:19 INF] HTTP GET /lib/bootstrap/dist/css/bootstrap.min.css responded 200 in 1.2138 ms
[15:27:19 INF] HTTP GET /Biktal.WebMVC.styles.css responded 304 in 1.7050 ms
[15:27:20 INF] HTTP GET /lib/jquery/dist/jquery.min.js responded 304 in 0.2583 ms
[15:27:20 INF] HTTP GET /lib/bootstrap/dist/js/bootstrap.bundle.min.js responded 304 in 0.4648 ms
[15:27:20 INF] HTTP GET /js/site.js responded 304 in 0.2780 ms
[15:27:20 INF] HTTP GET /lib/jquery-validation/dist/jquery.validate.min.js responded 304 in 0.3620 ms
[15:27:20 INF] HTTP GET /lib/jquery-validation-unobtrusive/dist/jquery.validate.unobtrusive.min.js responded 304 in 0.6130 ms
[15:27:20 INF] HTTP GET /js/products-catalog-filter.js responded 304 in 1.1313 ms
[15:27:33 INF] HTTP GET /Inventory/Products responded 200 in 82.7960 ms
[15:27:33 INF] HTTP GET /css/site.css responded 304 in 0.5297 ms
[15:27:33 INF] HTTP GET /lib/bootstrap/dist/css/bootstrap.min.css responded 200 in 6.8800 ms
[15:27:33 INF] HTTP GET /Biktal.WebMVC.styles.css responded 304 in 1.3341 ms
[15:27:34 INF] HTTP GET /lib/jquery/dist/jquery.min.js responded 304 in 0.2586 ms
[15:27:34 INF] HTTP GET /lib/bootstrap/dist/js/bootstrap.bundle.min.js responded 304 in 0.5929 ms
[15:27:34 INF] HTTP GET /js/site.js responded 304 in 0.2464 ms
[15:27:34 INF] HTTP GET /lib/jquery-validation/dist/jquery.validate.min.js responded 304 in 0.3359 ms
[15:27:34 INF] HTTP GET /js/products-catalog-filter.js responded 304 in 0.2076 ms
[15:27:34 INF] HTTP GET /lib/jquery-validation-unobtrusive/dist/jquery.validate.unobtrusive.min.js responded 304 in 0.2506 ms
[15:27:37 INF] HTTP POST /Inventory/EditProduct responded 302 in 5.5716 ms
[15:27:37 INF] HTTP GET /Inventory/Products responded 200 in 48.7925 ms
[15:27:38 INF] HTTP GET /css/site.css responded 304 in 0.4641 ms
[15:27:38 INF] HTTP GET /Biktal.WebMVC.styles.css responded 304 in 0.2556 ms
[15:27:38 INF] HTTP GET /lib/bootstrap/dist/css/bootstrap.min.css responded 200 in 1.2957 ms
[15:27:38 INF] HTTP GET /lib/jquery/dist/jquery.min.js responded 304 in 0.2509 ms
[15:27:38 INF] HTTP GET /lib/bootstrap/dist/js/bootstrap.bundle.min.js responded 304 in 0.3714 ms
[15:27:38 INF] HTTP GET /js/site.js responded 304 in 0.4098 ms
[15:27:38 INF] HTTP GET /lib/jquery-validation-unobtrusive/dist/jquery.validate.unobtrusive.min.js responded 304 in 0.4437 ms
[15:27:38 INF] HTTP GET /lib/jquery-validation/dist/jquery.validate.min.js responded 304 in 0.8817 ms
[15:27:38 INF] HTTP GET /js/products-catalog-filter.js responded 304 in 0.6148 ms
[15:27:44 INF] HTTP GET /Inventory/Products responded 200 in 42.8517 ms
[15:27:44 INF] HTTP GET /css/site.css responded 304 in 0.3876 ms
[15:27:44 INF] HTTP GET /lib/bootstrap/dist/css/bootstrap.min.css responded 304 in 0.2702 ms
[15:27:44 INF] HTTP GET /Biktal.WebMVC.styles.css responded 304 in 4.7905 ms
[15:27:45 INF] HTTP GET /lib/jquery/dist/jquery.min.js responded 304 in 0.2501 ms
[15:27:45 INF] HTTP GET /js/site.js responded 304 in 0.3534 ms
[15:27:45 INF] HTTP GET /lib/bootstrap/dist/js/bootstrap.bundle.min.js responded 304 in 0.3854 ms
[15:27:45 INF] HTTP GET /lib/jquery-validation/dist/jquery.validate.min.js responded 304 in 0.3362 ms
[15:27:45 INF] HTTP GET /lib/jquery-validation-unobtrusive/dist/jquery.validate.unobtrusive.min.js responded 304 in 0.3887 ms
[15:27:45 INF] HTTP GET /js/products-catalog-filter.js responded 304 in 0.4624 ms
[15:27:49 INF] HTTP POST /Inventory/EditProduct responded 302 in 9.6668 ms
[15:27:49 INF] HTTP GET /Inventory/Products responded 200 in 54.5092 ms
[15:27:49 INF] HTTP GET /lib/bootstrap/dist/css/bootstrap.min.css responded 304 in 0.4562 ms
[15:27:49 INF] HTTP GET /css/site.css responded 304 in 1.4070 ms
[15:27:49 INF] HTTP GET /Biktal.WebMVC.styles.css responded 304 in 1.8039 ms
[15:27:50 INF] HTTP GET /lib/jquery/dist/jquery.min.js responded 304 in 0.2397 ms
[15:27:50 INF] HTTP GET /lib/bootstrap/dist/js/bootstrap.bundle.min.js responded 304 in 0.4210 ms
[15:27:50 INF] HTTP GET /js/site.js responded 304 in 0.4727 ms
[15:27:50 INF] HTTP GET /lib/jquery-validation/dist/jquery.validate.min.js responded 304 in 0.3417 ms
[15:27:50 INF] HTTP GET /lib/jquery-validation-unobtrusive/dist/jquery.validate.unobtrusive.min.js responded 304 in 0.6772 ms
[15:27:50 INF] HTTP GET /js/products-catalog-filter.js responded 304 in 0.4767 ms
[15:27:58 INF] HTTP GET /lib/bootstrap/dist/css/bootstrap.min.css responded 304 in 0.3475 ms
[15:27:58 INF] HTTP GET /css/site.css responded 304 in 0.3475 ms
[15:27:58 INF] HTTP GET /Biktal.WebMVC.styles.css responded 304 in 0.3655 ms
[15:27:59 INF] HTTP GET /lib/bootstrap/dist/js/bootstrap.bundle.min.js.map responded 200 in 21.2956 ms
[15:27:59 INF] HTTP GET /lib/bootstrap/dist/css/bootstrap.min.css.map responded 200 in 23.9571 ms
[15:28:12 INF] HTTP GET /Inventory/Products responded 200 in 45.2597 ms
[15:28:12 INF] HTTP GET /lib/bootstrap/dist/css/bootstrap.min.css responded 304 in 0.4143 ms
[15:28:12 INF] HTTP GET /Biktal.WebMVC.styles.css responded 304 in 0.4672 ms
[15:28:12 INF] HTTP GET /css/site.css responded 304 in 1.1821 ms
[15:28:13 INF] HTTP GET /lib/jquery/dist/jquery.min.js responded 304 in 0.2450 ms
[15:28:13 INF] HTTP GET /lib/bootstrap/dist/js/bootstrap.bundle.min.js responded 304 in 0.4555 ms
[15:28:13 INF] HTTP GET /js/site.js responded 304 in 0.4116 ms
[15:28:13 INF] HTTP GET /lib/jquery-validation/dist/jquery.validate.min.js responded 304 in 0.6138 ms
[15:28:13 INF] HTTP GET /lib/jquery-validation-unobtrusive/dist/jquery.validate.unobtrusive.min.js responded 304 in 0.8572 ms
[15:28:13 INF] HTTP GET /js/products-catalog-filter.js responded 304 in 1.2011 ms
[15:28:16 INF] HTTP POST /Inventory/EditProduct responded 302 in 5.8692 ms
[15:28:16 INF] HTTP GET /Inventory/Products responded 200 in 48.9386 ms
[15:28:16 INF] HTTP GET /css/site.css responded 304 in 0.6363 ms
[15:28:16 INF] HTTP GET /lib/bootstrap/dist/css/bootstrap.min.css responded 304 in 0.3323 ms
[15:28:16 INF] HTTP GET /Biktal.WebMVC.styles.css responded 304 in 0.4692 ms
[15:28:17 INF] HTTP GET /lib/jquery/dist/jquery.min.js responded 304 in 0.2469 ms
[15:28:17 INF] HTTP GET /lib/bootstrap/dist/js/bootstrap.bundle.min.js responded 304 in 0.3129 ms
[15:28:17 INF] HTTP GET /js/site.js responded 304 in 0.6418 ms
[15:28:17 INF] HTTP GET /lib/jquery-validation-unobtrusive/dist/jquery.validate.unobtrusive.min.js responded 304 in 0.6180 ms
[15:28:17 INF] HTTP GET /lib/jquery-validation/dist/jquery.validate.min.js responded 304 in 1.0476 ms
[15:28:17 INF] HTTP GET /js/products-catalog-filter.js responded 304 in 0.9203 ms
[15:31:06 INF] HTTP GET /Inventory/Products responded 200 in 79.1213 ms
[15:31:07 INF] HTTP GET /Biktal.WebMVC.styles.css responded 200 in 0.7407 ms
[15:31:07 INF] HTTP GET /lib/bootstrap/dist/css/bootstrap.min.css responded 200 in 1.0165 ms
[15:31:07 INF] HTTP GET /css/site.css responded 200 in 12.3837 ms
[15:31:08 INF] HTTP GET /lib/jquery/dist/jquery.min.js responded 200 in 0.7167 ms
[15:31:08 INF] HTTP GET /lib/bootstrap/dist/js/bootstrap.bundle.min.js responded 200 in 2.1462 ms
[15:31:08 INF] HTTP GET /js/site.js responded 200 in 1.0906 ms
[15:31:08 INF] HTTP GET /lib/jquery-validation/dist/jquery.validate.min.js responded 200 in 2.1084 ms
[15:31:08 INF] HTTP GET /js/products-catalog-filter.js responded 200 in 0.5638 ms
[15:31:08 INF] HTTP GET /lib/jquery-validation-unobtrusive/dist/jquery.validate.unobtrusive.min.js responded 200 in 0.6412 ms
[15:31:12 INF] HTTP POST /Inventory/EditProduct responded 302 in 7.5252 ms
[15:31:12 INF] HTTP GET /Inventory/Products responded 200 in 50.6086 ms
[15:31:12 INF] HTTP GET /css/site.css responded 304 in 0.6940 ms
[15:31:12 INF] HTTP GET /lib/bootstrap/dist/css/bootstrap.min.css responded 304 in 0.5367 ms
[15:31:12 INF] HTTP GET /Biktal.WebMVC.styles.css responded 304 in 1.0486 ms
[15:31:13 INF] HTTP GET /lib/jquery/dist/jquery.min.js responded 304 in 0.3133 ms
[15:31:13 INF] HTTP GET /lib/bootstrap/dist/js/bootstrap.bundle.min.js responded 304 in 0.7581 ms
[15:31:13 INF] HTTP GET /js/site.js responded 304 in 3.3091 ms
[15:31:13 INF] HTTP GET /lib/jquery-validation-unobtrusive/dist/jquery.validate.unobtrusive.min.js responded 304 in 0.3920 ms
[15:31:13 INF] HTTP GET /lib/jquery-validation/dist/jquery.validate.min.js responded 304 in 0.4932 ms
[15:31:13 INF] HTTP GET /js/products-catalog-filter.js responded 304 in 0.5153 ms
[15:31:20 INF] HTTP GET /Inventory/Products responded 200 in 105.1833 ms
[15:31:20 INF] HTTP GET /lib/bootstrap/dist/css/bootstrap.min.css responded 200 in 5.5602 ms
[15:31:20 INF] HTTP GET /Biktal.WebMVC.styles.css responded 304 in 0.3599 ms
[15:31:20 INF] HTTP GET /css/site.css responded 304 in 0.3923 ms
[15:31:21 INF] HTTP GET /lib/jquery/dist/jquery.min.js responded 304 in 0.4240 ms
[15:31:21 INF] HTTP GET /lib/bootstrap/dist/js/bootstrap.bundle.min.js responded 304 in 0.5327 ms
[15:31:21 INF] HTTP GET /lib/jquery-validation/dist/jquery.validate.min.js responded 304 in 0.2126 ms
[15:31:21 INF] HTTP GET /js/site.js responded 304 in 0.2560 ms
[15:31:21 INF] HTTP GET /js/products-catalog-filter.js responded 304 in 0.6224 ms
[15:31:21 INF] HTTP GET /lib/jquery-validation-unobtrusive/dist/jquery.validate.unobtrusive.min.js responded 304 in 0.4190 ms
[15:31:24 INF] HTTP POST /Inventory/EditProduct responded 302 in 8.3995 ms
[15:31:24 INF] HTTP GET /Inventory/Products responded 200 in 46.7333 ms
[15:31:24 INF] HTTP GET /css/site.css responded 304 in 0.4263 ms
[15:31:24 INF] HTTP GET /lib/bootstrap/dist/css/bootstrap.min.css responded 304 in 0.4577 ms
[15:31:24 INF] HTTP GET /Biktal.WebMVC.styles.css responded 304 in 1.3029 ms
[15:31:25 INF] HTTP GET /lib/jquery/dist/jquery.min.js responded 304 in 0.2468 ms
[15:31:25 INF] HTTP GET /lib/bootstrap/dist/js/bootstrap.bundle.min.js responded 304 in 0.4449 ms
[15:31:25 INF] HTTP GET /lib/jquery-validation/dist/jquery.validate.min.js responded 304 in 0.4402 ms
[15:31:25 INF] HTTP GET /js/site.js responded 304 in 0.7081 ms
[15:31:25 INF] HTTP GET /lib/jquery-validation-unobtrusive/dist/jquery.validate.unobtrusive.min.js responded 304 in 0.6584 ms
[15:31:25 INF] HTTP GET /js/products-catalog-filter.js responded 304 in 0.4209 ms
[15:31:43 INF] HTTP GET /Inventory/Products responded 200 in 41.2806 ms
[15:31:43 INF] HTTP GET /css/site.css responded 304 in 0.4814 ms
[15:31:43 INF] HTTP GET /lib/bootstrap/dist/css/bootstrap.min.css responded 200 in 1.3125 ms
[15:31:43 INF] HTTP GET /Biktal.WebMVC.styles.css responded 304 in 0.8401 ms
[15:31:43 INF] HTTP GET /lib/jquery/dist/jquery.min.js responded 304 in 0.2413 ms
[15:31:43 INF] HTTP GET /lib/bootstrap/dist/js/bootstrap.bundle.min.js responded 304 in 0.3721 ms
[15:31:43 INF] HTTP GET /js/site.js responded 304 in 0.2763 ms
[15:31:43 INF] HTTP GET /lib/jquery-validation-unobtrusive/dist/jquery.validate.unobtrusive.min.js responded 304 in 0.2892 ms
[15:31:43 INF] HTTP GET /lib/jquery-validation/dist/jquery.validate.min.js responded 304 in 0.2961 ms
[15:31:43 INF] HTTP GET /js/products-catalog-filter.js responded 304 in 0.4219 ms
[15:31:46 INF] HTTP POST /Inventory/EditProduct responded 302 in 4.9475 ms
[15:31:46 INF] HTTP GET /Inventory/Products responded 200 in 37.7335 ms
[15:31:46 INF] HTTP GET /css/site.css responded 304 in 0.7329 ms
[15:31:46 INF] HTTP GET /lib/bootstrap/dist/css/bootstrap.min.css responded 304 in 0.4927 ms
[15:31:46 INF] HTTP GET /Biktal.WebMVC.styles.css responded 304 in 2.2094 ms
[15:31:47 INF] HTTP GET /lib/jquery/dist/jquery.min.js responded 304 in 0.2527 ms
[15:31:47 INF] HTTP GET /lib/bootstrap/dist/js/bootstrap.bundle.min.js responded 304 in 0.3670 ms
[15:31:47 INF] HTTP GET /js/site.js responded 304 in 0.5373 ms
[15:31:47 INF] HTTP GET /lib/jquery-validation-unobtrusive/dist/jquery.validate.unobtrusive.min.js responded 304 in 0.6454 ms
[15:31:47 INF] HTTP GET /lib/jquery-validation/dist/jquery.validate.min.js responded 304 in 1.2122 ms
[15:31:47 INF] HTTP GET /js/products-catalog-filter.js responded 304 in 0.5056 ms
[15:31:55 INF] HTTP GET /Inventory/Products responded 200 in 61.1365 ms
[15:31:55 INF] HTTP GET /lib/bootstrap/dist/css/bootstrap.min.css responded 304 in 0.4067 ms
[15:31:55 INF] HTTP GET /css/site.css responded 304 in 0.3367 ms
[15:31:55 INF] HTTP GET /Biktal.WebMVC.styles.css responded 304 in 1.8944 ms
[15:31:57 INF] HTTP GET /lib/jquery/dist/jquery.min.js responded 304 in 0.2503 ms
[15:31:57 INF] HTTP GET /js/site.js responded 304 in 0.3540 ms
[15:31:57 INF] HTTP GET /lib/bootstrap/dist/js/bootstrap.bundle.min.js responded 304 in 0.7252 ms
[15:31:57 INF] HTTP GET /lib/jquery-validation/dist/jquery.validate.min.js responded 304 in 0.4055 ms
[15:31:57 INF] HTTP GET /lib/jquery-validation-unobtrusive/dist/jquery.validate.unobtrusive.min.js responded 304 in 0.3025 ms
[15:31:57 INF] HTTP GET /js/products-catalog-filter.js responded 304 in 0.4820 ms
[15:32:38 INF] HTTP POST /Inventory/AddProduct responded 302 in 5.8563 ms
[15:32:38 INF] HTTP GET /Inventory/Products responded 200 in 98.5146 ms
[15:32:38 INF] HTTP GET /lib/bootstrap/dist/css/bootstrap.min.css responded 200 in 5.3520 ms
[15:32:38 INF] HTTP GET /Biktal.WebMVC.styles.css responded 200 in 1.6407 ms
[15:32:38 INF] HTTP GET /css/site.css responded 200 in 1.0872 ms
[15:32:39 INF] HTTP GET /lib/jquery/dist/jquery.min.js responded 200 in 1.0062 ms
[15:32:40 INF] HTTP GET /lib/bootstrap/dist/js/bootstrap.bundle.min.js responded 200 in 0.8376 ms
[15:32:40 INF] HTTP GET /js/site.js responded 200 in 0.7245 ms
[15:32:40 INF] HTTP GET /lib/jquery-validation/dist/jquery.validate.min.js responded 200 in 0.5620 ms
[15:32:40 INF] HTTP GET /lib/jquery-validation-unobtrusive/dist/jquery.validate.unobtrusive.min.js responded 200 in 1.3642 ms
[15:32:40 INF] HTTP GET /js/products-catalog-filter.js responded 200 in 1.3536 ms
[15:32:50 INF] HTTP GET /Inventory/Products responded 200 in 44.1655 ms
[15:32:50 INF] HTTP GET /lib/bootstrap/dist/css/bootstrap.min.css responded 304 in 0.3681 ms
[15:32:50 INF] HTTP GET /Biktal.WebMVC.styles.css responded 304 in 0.4111 ms
[15:32:50 INF] HTTP GET /css/site.css responded 304 in 0.2876 ms
[15:32:51 INF] HTTP GET /lib/jquery/dist/jquery.min.js responded 304 in 0.2468 ms
[15:32:51 INF] HTTP GET /lib/bootstrap/dist/js/bootstrap.bundle.min.js responded 304 in 0.7878 ms
[15:32:51 INF] HTTP GET /js/site.js responded 304 in 0.7569 ms
[15:32:51 INF] HTTP GET /lib/jquery-validation/dist/jquery.validate.min.js responded 304 in 0.6526 ms
[15:32:51 INF] HTTP GET /js/products-catalog-filter.js responded 304 in 0.8958 ms
[15:32:51 INF] HTTP GET /lib/jquery-validation-unobtrusive/dist/jquery.validate.unobtrusive.min.js responded 304 in 1.8797 ms
[15:32:54 INF] HTTP POST /Inventory/EditProduct responded 302 in 6.1982 ms
[15:32:54 INF] HTTP GET /Inventory/Products responded 200 in 35.4140 ms
[15:32:55 INF] HTTP GET /lib/bootstrap/dist/css/bootstrap.min.css responded 304 in 0.4413 ms
[15:32:55 INF] HTTP GET /css/site.css responded 304 in 0.5554 ms
[15:32:55 INF] HTTP GET /Biktal.WebMVC.styles.css responded 304 in 0.4787 ms
[15:32:55 INF] HTTP GET /lib/jquery/dist/jquery.min.js responded 304 in 0.2580 ms
[15:32:55 INF] HTTP GET /lib/bootstrap/dist/js/bootstrap.bundle.min.js responded 304 in 0.3696 ms
[15:32:55 INF] HTTP GET /js/site.js responded 304 in 0.4133 ms
[15:32:55 INF] HTTP GET /lib/jquery-validation-unobtrusive/dist/jquery.validate.unobtrusive.min.js responded 304 in 0.2572 ms
[15:32:55 INF] HTTP GET /lib/jquery-validation/dist/jquery.validate.min.js responded 304 in 0.2572 ms
[15:32:55 INF] HTTP GET /js/products-catalog-filter.js responded 304 in 0.2580 ms
[15:33:23 INF] HTTP POST /Inventory/AddProduct responded 302 in 6.6551 ms
[15:33:23 INF] HTTP GET /Inventory/Products responded 200 in 36.8462 ms
[15:33:23 INF] HTTP GET /css/site.css responded 304 in 0.3917 ms
[15:33:23 INF] HTTP GET /lib/bootstrap/dist/css/bootstrap.min.css responded 200 in 1.7500 ms
[15:33:23 INF] HTTP GET /Biktal.WebMVC.styles.css responded 304 in 2.2382 ms
[15:33:24 INF] HTTP GET /lib/jquery/dist/jquery.min.js responded 304 in 0.2490 ms
[15:33:24 INF] HTTP GET /lib/bootstrap/dist/js/bootstrap.bundle.min.js responded 304 in 0.3826 ms
[15:33:24 INF] HTTP GET /js/site.js responded 304 in 0.5144 ms
[15:33:24 INF] HTTP GET /lib/jquery-validation/dist/jquery.validate.min.js responded 304 in 0.3380 ms
[15:33:24 INF] HTTP GET /lib/jquery-validation-unobtrusive/dist/jquery.validate.unobtrusive.min.js responded 304 in 0.3381 ms
[15:33:24 INF] HTTP GET /js/products-catalog-filter.js responded 304 in 1.0183 ms
[15:33:37 INF] HTTP GET /Inventory/Products responded 200 in 39.5558 ms
[15:33:37 INF] HTTP GET /lib/bootstrap/dist/css/bootstrap.min.css responded 304 in 0.5419 ms
[15:33:37 INF] HTTP GET /css/site.css responded 304 in 0.4500 ms
[15:33:37 INF] HTTP GET /Biktal.WebMVC.styles.css responded 304 in 0.4567 ms
[15:33:38 INF] HTTP GET /lib/jquery/dist/jquery.min.js responded 304 in 0.3797 ms
[15:33:38 INF] HTTP GET /js/site.js responded 304 in 0.5011 ms
[15:33:38 INF] HTTP GET /lib/bootstrap/dist/js/bootstrap.bundle.min.js responded 304 in 0.6155 ms
[15:33:38 INF] HTTP GET /lib/jquery-validation-unobtrusive/dist/jquery.validate.unobtrusive.min.js responded 304 in 0.6498 ms
[15:33:38 INF] HTTP GET /js/products-catalog-filter.js responded 304 in 0.3913 ms
[15:33:38 INF] HTTP GET /lib/jquery-validation/dist/jquery.validate.min.js responded 304 in 1.3750 ms
[15:33:42 INF] HTTP POST /Inventory/EditProduct responded 302 in 8.6355 ms
[15:33:42 INF] HTTP GET /Inventory/Products responded 200 in 45.7606 ms
[15:33:42 INF] HTTP GET /css/site.css responded 304 in 1.1591 ms
[15:33:42 INF] HTTP GET /lib/bootstrap/dist/css/bootstrap.min.css responded 304 in 0.6018 ms
[15:33:42 INF] HTTP GET /Biktal.WebMVC.styles.css responded 304 in 0.5944 ms
[15:33:43 INF] HTTP GET /lib/jquery/dist/jquery.min.js responded 304 in 0.2436 ms
[15:33:43 INF] HTTP GET /lib/bootstrap/dist/js/bootstrap.bundle.min.js responded 304 in 0.4519 ms
[15:33:43 INF] HTTP GET /js/site.js responded 304 in 0.3114 ms
[15:33:43 INF] HTTP GET /lib/jquery-validation/dist/jquery.validate.min.js responded 304 in 0.2771 ms
[15:33:43 INF] HTTP GET /lib/jquery-validation-unobtrusive/dist/jquery.validate.unobtrusive.min.js responded 304 in 0.8579 ms
[15:33:43 INF] HTTP GET /js/products-catalog-filter.js responded 304 in 0.4241 ms
[15:33:48 INF] HTTP GET /Inventory/Products responded 200 in 49.2269 ms
[15:33:48 INF] HTTP GET /lib/bootstrap/dist/css/bootstrap.min.css responded 304 in 1.2096 ms
[15:33:48 INF] HTTP GET /Biktal.WebMVC.styles.css responded 304 in 0.3642 ms
[15:33:48 INF] HTTP GET /css/site.css responded 304 in 0.3643 ms
[15:33:49 INF] HTTP GET /lib/jquery/dist/jquery.min.js responded 304 in 0.6512 ms
[15:33:49 INF] HTTP GET /lib/bootstrap/dist/js/bootstrap.bundle.min.js responded 304 in 0.4089 ms
[15:33:49 INF] HTTP GET /js/site.js responded 304 in 0.2753 ms
[15:33:49 INF] HTTP GET /lib/jquery-validation-unobtrusive/dist/jquery.validate.unobtrusive.min.js responded 304 in 0.3010 ms
[15:33:49 INF] HTTP GET /lib/jquery-validation/dist/jquery.validate.min.js responded 304 in 0.3281 ms
[15:33:49 INF] HTTP GET /js/products-catalog-filter.js responded 304 in 0.8832 ms
[15:33:52 INF] HTTP POST /Inventory/EditProduct responded 302 in 6.8086 ms
[15:33:52 INF] HTTP GET /Inventory/Products responded 200 in 35.9335 ms
[15:33:52 INF] HTTP GET /lib/bootstrap/dist/css/bootstrap.min.css responded 304 in 0.5901 ms
[15:33:52 INF] HTTP GET /Biktal.WebMVC.styles.css responded 304 in 0.3213 ms
[15:33:52 INF] HTTP GET /css/site.css responded 304 in 1.8381 ms
[15:33:53 INF] HTTP GET /lib/jquery/dist/jquery.min.js responded 304 in 0.2509 ms
[15:33:53 INF] HTTP GET /lib/bootstrap/dist/js/bootstrap.bundle.min.js responded 304 in 0.5437 ms
[15:33:53 INF] HTTP GET /lib/jquery-validation/dist/jquery.validate.min.js responded 304 in 0.4206 ms
[15:33:53 INF] HTTP GET /js/site.js responded 304 in 1.0411 ms
[15:33:53 INF] HTTP GET /lib/jquery-validation-unobtrusive/dist/jquery.validate.unobtrusive.min.js responded 304 in 0.5960 ms
[15:33:53 INF] HTTP GET /js/products-catalog-filter.js responded 304 in 2.1748 ms
[15:33:59 INF] HTTP GET /Inventory/Products responded 200 in 49.1902 ms
[15:33:59 INF] HTTP GET /lib/bootstrap/dist/css/bootstrap.min.css responded 304 in 0.4196 ms
[15:33:59 INF] HTTP GET /css/site.css responded 304 in 0.6144 ms
[15:33:59 INF] HTTP GET /Biktal.WebMVC.styles.css responded 304 in 0.3379 ms
[15:34:00 INF] HTTP GET /lib/jquery/dist/jquery.min.js responded 304 in 0.2554 ms
[15:34:00 INF] HTTP GET /js/site.js responded 304 in 0.2603 ms
[15:34:00 INF] HTTP GET /lib/bootstrap/dist/js/bootstrap.bundle.min.js responded 304 in 0.4063 ms
[15:34:00 INF] HTTP GET /js/products-catalog-filter.js responded 304 in 0.2470 ms
[15:34:00 INF] HTTP GET /lib/jquery-validation-unobtrusive/dist/jquery.validate.unobtrusive.min.js responded 304 in 0.2919 ms
[15:34:00 INF] HTTP GET /lib/jquery-validation/dist/jquery.validate.min.js responded 304 in 0.2240 ms
[15:34:02 INF] HTTP POST /Inventory/EditProduct responded 302 in 11.0829 ms
[15:34:02 INF] HTTP GET /Inventory/Products responded 200 in 52.8687 ms
[15:34:02 INF] HTTP GET /css/site.css responded 304 in 0.8180 ms
[15:34:02 INF] HTTP GET /lib/bootstrap/dist/css/bootstrap.min.css responded 304 in 0.2855 ms
[15:34:02 INF] HTTP GET /Biktal.WebMVC.styles.css responded 304 in 2.3411 ms
[15:34:03 INF] HTTP GET /lib/jquery/dist/jquery.min.js responded 304 in 0.2985 ms
[15:34:03 INF] HTTP GET /js/site.js responded 304 in 0.3434 ms
[15:34:03 INF] HTTP GET /lib/bootstrap/dist/js/bootstrap.bundle.min.js responded 304 in 0.3436 ms
[15:34:03 INF] HTTP GET /lib/jquery-validation-unobtrusive/dist/jquery.validate.unobtrusive.min.js responded 304 in 0.2312 ms
[15:34:03 INF] HTTP GET /js/products-catalog-filter.js responded 304 in 0.2289 ms
[15:34:03 INF] HTTP GET /lib/jquery-validation/dist/jquery.validate.min.js responded 304 in 0.3690 ms
[15:34:11 INF] HTTP GET /Inventory/Products responded 200 in 45.8413 ms
[15:34:11 INF] HTTP GET /lib/bootstrap/dist/css/bootstrap.min.css responded 304 in 0.6579 ms
[15:34:11 INF] HTTP GET /css/site.css responded 304 in 1.1073 ms
[15:34:11 INF] HTTP GET /Biktal.WebMVC.styles.css responded 304 in 0.3934 ms
[15:34:12 INF] HTTP GET /lib/jquery/dist/jquery.min.js responded 304 in 0.2505 ms
[15:34:12 INF] HTTP GET /lib/bootstrap/dist/js/bootstrap.bundle.min.js responded 304 in 0.3822 ms
[15:34:12 INF] HTTP GET /lib/jquery-validation/dist/jquery.validate.min.js responded 304 in 0.2465 ms
[15:34:12 INF] HTTP GET /js/site.js responded 304 in 0.5297 ms
[15:34:12 INF] HTTP GET /lib/jquery-validation-unobtrusive/dist/jquery.validate.unobtrusive.min.js responded 304 in 0.4150 ms
[15:34:12 INF] HTTP GET /js/products-catalog-filter.js responded 304 in 0.3895 ms
[15:34:15 INF] HTTP POST /Inventory/EditProduct responded 302 in 4.9491 ms
[15:34:15 INF] HTTP GET /Inventory/Products responded 200 in 35.6883 ms
[15:34:16 INF] HTTP GET /lib/bootstrap/dist/css/bootstrap.min.css responded 304 in 0.4024 ms
[15:34:16 INF] HTTP GET /css/site.css responded 304 in 0.5708 ms
[15:34:16 INF] HTTP GET /Biktal.WebMVC.styles.css responded 304 in 0.4947 ms
[15:34:16 INF] HTTP GET /lib/jquery/dist/jquery.min.js responded 304 in 0.2435 ms
[15:34:16 INF] HTTP GET /lib/bootstrap/dist/js/bootstrap.bundle.min.js responded 304 in 1.2255 ms
[15:34:16 INF] HTTP GET /js/site.js responded 304 in 0.3972 ms
[15:34:16 INF] HTTP GET /lib/jquery-validation/dist/jquery.validate.min.js responded 304 in 0.4490 ms
[15:34:16 INF] HTTP GET /lib/jquery-validation-unobtrusive/dist/jquery.validate.unobtrusive.min.js responded 304 in 0.3814 ms
[15:34:16 INF] HTTP GET /js/products-catalog-filter.js responded 304 in 0.7390 ms
[15:34:39 INF] HTTP GET /Inventory/Products responded 200 in 49.4360 ms
[15:34:39 INF] HTTP GET /Biktal.WebMVC.styles.css responded 304 in 0.9718 ms
[15:34:39 INF] HTTP GET /css/site.css responded 304 in 1.6296 ms
[15:34:39 INF] HTTP GET /lib/bootstrap/dist/css/bootstrap.min.css responded 200 in 10.1476 ms
[15:34:40 INF] HTTP GET /lib/jquery/dist/jquery.min.js responded 304 in 0.2430 ms
[15:34:40 INF] HTTP GET /lib/bootstrap/dist/js/bootstrap.bundle.min.js responded 304 in 0.6092 ms
[15:34:40 INF] HTTP GET /lib/jquery-validation/dist/jquery.validate.min.js responded 304 in 0.2869 ms
[15:34:40 INF] HTTP GET /js/site.js responded 304 in 0.4597 ms
[15:34:40 INF] HTTP GET /lib/jquery-validation-unobtrusive/dist/jquery.validate.unobtrusive.min.js responded 304 in 0.7211 ms
[15:34:40 INF] HTTP GET /js/products-catalog-filter.js responded 304 in 0.8503 ms
[15:34:49 INF] HTTP POST /Inventory/EditProduct responded 302 in 8.0235 ms
[15:34:49 INF] HTTP GET /Inventory/Products responded 200 in 57.4611 ms
[15:34:49 INF] HTTP GET /lib/bootstrap/dist/css/bootstrap.min.css responded 304 in 2.6207 ms
[15:34:49 INF] HTTP GET /css/site.css responded 304 in 0.4191 ms
[15:34:49 INF] HTTP GET /Biktal.WebMVC.styles.css responded 304 in 0.4058 ms
[15:34:50 INF] HTTP GET /lib/jquery/dist/jquery.min.js responded 304 in 0.2485 ms
[15:34:50 INF] HTTP GET /lib/bootstrap/dist/js/bootstrap.bundle.min.js responded 304 in 0.9271 ms
[15:34:50 INF] HTTP GET /js/site.js responded 304 in 0.5342 ms
[15:34:50 INF] HTTP GET /lib/jquery-validation/dist/jquery.validate.min.js responded 304 in 0.3544 ms
[15:34:50 INF] HTTP GET /lib/jquery-validation-unobtrusive/dist/jquery.validate.unobtrusive.min.js responded 304 in 0.7489 ms
[15:34:50 INF] HTTP GET /js/products-catalog-filter.js responded 304 in 1.1034 ms
[15:41:49 INF] HTTP GET /Inventory/Products responded 200 in 101.6245 ms
[15:41:49 INF] HTTP GET /lib/bootstrap/dist/css/bootstrap.min.css responded 200 in 6.5725 ms
[15:41:49 INF] HTTP GET /Biktal.WebMVC.styles.css responded 200 in 4.0811 ms
[15:41:49 INF] HTTP GET /css/site.css responded 200 in 1.3804 ms
[15:41:51 INF] HTTP GET /lib/jquery/dist/jquery.min.js responded 200 in 0.7721 ms
[15:41:51 INF] HTTP GET /js/site.js responded 200 in 1.1439 ms
[15:41:51 INF] HTTP GET /lib/bootstrap/dist/js/bootstrap.bundle.min.js responded 200 in 1.3512 ms
[15:41:51 INF] HTTP GET /lib/jquery-validation-unobtrusive/dist/jquery.validate.unobtrusive.min.js responded 200 in 0.7192 ms
[15:41:51 INF] HTTP GET /lib/jquery-validation/dist/jquery.validate.min.js responded 200 in 1.8299 ms
[15:41:51 INF] HTTP GET /js/products-catalog-filter.js responded 200 in 1.1481 ms
[15:41:54 INF] HTTP POST /Inventory/EditProduct responded 302 in 13.6212 ms
[15:41:54 INF] HTTP GET /Inventory/Products responded 200 in 54.3466 ms
[15:41:54 INF] HTTP GET /css/site.css responded 200 in 2.0564 ms
[15:41:54 INF] HTTP GET /lib/bootstrap/dist/css/bootstrap.min.css responded 200 in 1.9846 ms
[15:41:54 INF] HTTP GET /Biktal.WebMVC.styles.css responded 200 in 1.5097 ms
[15:41:55 INF] HTTP GET /lib/jquery/dist/jquery.min.js responded 304 in 0.2469 ms
[15:41:55 INF] HTTP GET /lib/bootstrap/dist/js/bootstrap.bundle.min.js responded 304 in 0.4158 ms
[15:41:55 INF] HTTP GET /js/site.js responded 304 in 0.4433 ms
[15:41:55 INF] HTTP GET /lib/jquery-validation/dist/jquery.validate.min.js responded 304 in 0.8988 ms
[15:41:55 INF] HTTP GET /lib/jquery-validation-unobtrusive/dist/jquery.validate.unobtrusive.min.js responded 304 in 1.0655 ms
[15:41:55 INF] HTTP GET /js/products-catalog-filter.js responded 304 in 1.0853 ms
[15:42:01 INF] HTTP GET /Inventory/Products responded 200 in 52.4951 ms
[15:42:01 INF] HTTP GET /lib/bootstrap/dist/css/bootstrap.min.css responded 304 in 0.4300 ms
[15:42:01 INF] HTTP GET /Biktal.WebMVC.styles.css responded 304 in 0.4198 ms
[15:42:01 INF] HTTP GET /css/site.css responded 304 in 0.3394 ms
[15:42:02 INF] HTTP GET /lib/jquery/dist/jquery.min.js responded 304 in 0.2433 ms
[15:42:02 INF] HTTP GET /lib/bootstrap/dist/js/bootstrap.bundle.min.js responded 304 in 0.3781 ms
[15:42:02 INF] HTTP GET /js/site.js responded 304 in 1.3340 ms
[15:42:02 INF] HTTP GET /lib/jquery-validation/dist/jquery.validate.min.js responded 304 in 0.7799 ms
[15:42:02 INF] HTTP GET /js/products-catalog-filter.js responded 304 in 0.6819 ms
[15:42:02 INF] HTTP GET /lib/jquery-validation-unobtrusive/dist/jquery.validate.unobtrusive.min.js responded 304 in 0.6253 ms
[15:42:06 INF] HTTP POST /Inventory/EditProduct responded 302 in 6.0854 ms
[15:42:06 INF] HTTP GET /Inventory/Products responded 200 in 34.2976 ms
[15:42:06 INF] HTTP GET /lib/bootstrap/dist/css/bootstrap.min.css responded 200 in 1.5722 ms
[15:42:06 INF] HTTP GET /css/site.css responded 304 in 1.1531 ms
[15:42:06 INF] HTTP GET /Biktal.WebMVC.styles.css responded 304 in 1.8089 ms
[15:42:06 INF] HTTP GET /lib/jquery/dist/jquery.min.js responded 304 in 0.2491 ms
[15:42:06 INF] HTTP GET /lib/bootstrap/dist/js/bootstrap.bundle.min.js responded 304 in 0.3714 ms
[15:42:06 INF] HTTP GET /js/site.js responded 304 in 0.2722 ms
[15:42:06 INF] HTTP GET /lib/jquery-validation/dist/jquery.validate.min.js responded 304 in 0.2934 ms
[15:42:06 INF] HTTP GET /lib/jquery-validation-unobtrusive/dist/jquery.validate.unobtrusive.min.js responded 304 in 0.2874 ms
[15:42:06 INF] HTTP GET /js/products-catalog-filter.js responded 304 in 0.5726 ms
[15:42:42 INF] HTTP GET /Inventory/Products responded 200 in 50.1111 ms
[15:42:43 INF] HTTP GET /Biktal.WebMVC.styles.css responded 200 in 2.2627 ms
[15:42:43 INF] HTTP GET /css/site.css responded 200 in 1.8654 ms
[15:42:43 INF] HTTP GET /lib/bootstrap/dist/css/bootstrap.min.css responded 200 in 5.5738 ms
[15:42:43 INF] HTTP GET /lib/jquery/dist/jquery.min.js responded 200 in 0.6015 ms
[15:42:43 INF] HTTP GET /lib/jquery-validation/dist/jquery.validate.min.js responded 200 in 0.5612 ms
[15:42:43 INF] HTTP GET /lib/bootstrap/dist/js/bootstrap.bundle.min.js responded 200 in 1.7024 ms
[15:42:43 INF] HTTP GET /js/products-catalog-filter.js responded 200 in 1.5388 ms
[15:42:43 INF] HTTP GET /lib/jquery-validation-unobtrusive/dist/jquery.validate.unobtrusive.min.js responded 200 in 0.7664 ms
[15:42:43 INF] HTTP GET /js/site.js responded 200 in 1.1136 ms
[15:44:34 INF] HTTP POST /Inventory/EditProduct responded 302 in 6.7884 ms
[15:44:34 INF] HTTP GET /Inventory/Products responded 200 in 118.1119 ms
[15:44:35 INF] HTTP GET /Biktal.WebMVC.styles.css responded 200 in 0.6955 ms
[15:44:35 INF] HTTP GET /css/site.css responded 200 in 0.6155 ms
[15:44:35 INF] HTTP GET /lib/bootstrap/dist/css/bootstrap.min.css responded 200 in 0.9392 ms
[15:44:36 INF] HTTP GET /lib/jquery/dist/jquery.min.js responded 200 in 0.5945 ms
[15:44:36 INF] HTTP GET /lib/bootstrap/dist/js/bootstrap.bundle.min.js responded 200 in 1.3653 ms
[15:44:36 INF] HTTP GET /lib/jquery-validation-unobtrusive/dist/jquery.validate.unobtrusive.min.js responded 200 in 0.6901 ms
[15:44:36 INF] HTTP GET /js/products-catalog-filter.js responded 200 in 0.6288 ms
[15:44:36 INF] HTTP GET /js/site.js responded 200 in 0.4951 ms
[15:44:36 INF] HTTP GET /lib/jquery-validation/dist/jquery.validate.min.js responded 200 in 0.6518 ms
[15:45:00 INF] HTTP GET /Inventory/Products responded 200 in 60.1912 ms
[15:45:00 INF] HTTP GET /Biktal.WebMVC.styles.css responded 200 in 0.7643 ms
[15:45:00 INF] HTTP GET /lib/bootstrap/dist/css/bootstrap.min.css responded 200 in 3.6676 ms
[15:45:00 INF] HTTP GET /css/site.css responded 200 in 2.5172 ms
[15:45:01 INF] HTTP GET /lib/jquery/dist/jquery.min.js responded 304 in 0.2465 ms
[15:45:01 INF] HTTP GET /lib/bootstrap/dist/js/bootstrap.bundle.min.js responded 304 in 0.3513 ms
[15:45:01 INF] HTTP GET /js/site.js responded 304 in 1.4181 ms
[15:45:01 INF] HTTP GET /lib/jquery-validation/dist/jquery.validate.min.js responded 304 in 1.7422 ms
[15:45:01 INF] HTTP GET /lib/jquery-validation-unobtrusive/dist/jquery.validate.unobtrusive.min.js responded 304 in 0.3655 ms
[15:45:01 INF] HTTP GET /js/products-catalog-filter.js responded 304 in 0.4292 ms
[15:45:04 INF] HTTP POST /Inventory/EditProduct responded 302 in 6.2769 ms
[15:45:04 INF] HTTP GET /Inventory/Products responded 200 in 34.6937 ms
[15:45:04 INF] HTTP GET /lib/bootstrap/dist/css/bootstrap.min.css responded 304 in 0.4719 ms
[15:45:04 INF] HTTP GET /Biktal.WebMVC.styles.css responded 304 in 0.2079 ms
[15:45:04 INF] HTTP GET /css/site.css responded 304 in 0.5055 ms
[15:45:05 INF] HTTP GET /lib/jquery/dist/jquery.min.js responded 304 in 0.2457 ms
[15:45:05 INF] HTTP GET /lib/bootstrap/dist/js/bootstrap.bundle.min.js responded 304 in 0.4270 ms
[15:45:05 INF] HTTP GET /js/site.js responded 304 in 0.4998 ms
[15:45:05 INF] HTTP GET /lib/jquery-validation/dist/jquery.validate.min.js responded 304 in 0.5000 ms
[15:45:05 INF] HTTP GET /lib/jquery-validation-unobtrusive/dist/jquery.validate.unobtrusive.min.js responded 304 in 1.9979 ms
[15:45:05 INF] HTTP GET /js/products-catalog-filter.js responded 304 in 0.6135 ms
[15:45:11 INF] HTTP GET /Inventory/Products responded 200 in 55.5982 ms
[15:45:11 INF] HTTP GET /css/site.css responded 304 in 0.5319 ms
[15:45:11 INF] HTTP GET /lib/bootstrap/dist/css/bootstrap.min.css responded 304 in 0.2747 ms
[15:45:11 INF] HTTP GET /Biktal.WebMVC.styles.css responded 304 in 3.3995 ms
[15:45:12 INF] HTTP GET /lib/jquery/dist/jquery.min.js responded 304 in 0.2498 ms
[15:45:12 INF] HTTP GET /js/site.js responded 304 in 0.3014 ms
[15:45:12 INF] HTTP GET /lib/bootstrap/dist/js/bootstrap.bundle.min.js responded 304 in 0.3533 ms
[15:45:12 INF] HTTP GET /lib/jquery-validation-unobtrusive/dist/jquery.validate.unobtrusive.min.js responded 304 in 0.2848 ms
[15:45:12 INF] HTTP GET /lib/jquery-validation/dist/jquery.validate.min.js responded 304 in 0.4262 ms
[15:45:12 INF] HTTP GET /js/products-catalog-filter.js responded 304 in 0.4909 ms
[15:45:16 INF] HTTP POST /Inventory/EditProduct responded 302 in 6.1795 ms
[15:45:16 INF] HTTP GET /Inventory/Products responded 200 in 39.4986 ms
[15:45:16 INF] HTTP GET /lib/bootstrap/dist/css/bootstrap.min.css responded 304 in 0.7211 ms
[15:45:16 INF] HTTP GET /css/site.css responded 304 in 0.3966 ms
[15:45:16 INF] HTTP GET /Biktal.WebMVC.styles.css responded 304 in 0.4395 ms
[15:45:17 INF] HTTP GET /lib/jquery/dist/jquery.min.js responded 304 in 0.5562 ms
[15:45:17 INF] HTTP GET /lib/bootstrap/dist/js/bootstrap.bundle.min.js responded 304 in 0.3705 ms
[15:45:17 INF] HTTP GET /js/site.js responded 304 in 0.3542 ms
[15:45:17 INF] HTTP GET /lib/jquery-validation/dist/jquery.validate.min.js responded 304 in 0.6164 ms
[15:45:17 INF] HTTP GET /lib/jquery-validation-unobtrusive/dist/jquery.validate.unobtrusive.min.js responded 304 in 0.4778 ms
[15:45:17 INF] HTTP GET /js/products-catalog-filter.js responded 304 in 0.9215 ms
[15:45:25 INF] HTTP GET /Inventory/Products responded 200 in 69.7836 ms
[15:45:26 INF] HTTP GET /lib/bootstrap/dist/css/bootstrap.min.css responded 304 in 0.3749 ms
[15:45:26 INF] HTTP GET /css/site.css responded 304 in 0.3043 ms
[15:45:26 INF] HTTP GET /Biktal.WebMVC.styles.css responded 304 in 3.3226 ms
[15:45:26 INF] HTTP GET /lib/jquery/dist/jquery.min.js responded 304 in 0.2432 ms
[15:45:26 INF] HTTP GET /js/site.js responded 304 in 0.2686 ms
[15:45:26 INF] HTTP GET /lib/bootstrap/dist/js/bootstrap.bundle.min.js responded 304 in 0.3708 ms
[15:45:26 INF] HTTP GET /lib/jquery-validation/dist/jquery.validate.min.js responded 304 in 0.7685 ms
[15:45:26 INF] HTTP GET /lib/jquery-validation-unobtrusive/dist/jquery.validate.unobtrusive.min.js responded 304 in 0.5874 ms
[15:45:26 INF] HTTP GET /js/products-catalog-filter.js responded 304 in 0.7632 ms
[15:48:22 INF] HTTP POST /Inventory/EditProduct responded 302 in 89.2777 ms
[15:48:22 INF] HTTP GET /Inventory/Products responded 200 in 61.4747 ms
[15:48:22 INF] HTTP GET /lib/bootstrap/dist/css/bootstrap.min.css responded 200 in 0.9840 ms
[15:48:22 INF] HTTP GET /css/site.css responded 200 in 0.7751 ms
[15:48:22 INF] HTTP GET /Biktal.WebMVC.styles.css responded 200 in 1.4675 ms
[15:48:23 INF] HTTP GET /lib/jquery/dist/jquery.min.js responded 200 in 2.2624 ms
[15:48:23 INF] HTTP GET /js/site.js responded 200 in 0.5332 ms
[15:48:23 INF] HTTP GET /lib/bootstrap/dist/js/bootstrap.bundle.min.js responded 200 in 0.8944 ms
[15:48:23 INF] HTTP GET /js/products-catalog-filter.js responded 200 in 0.7157 ms
[15:48:23 INF] HTTP GET /lib/jquery-validation-unobtrusive/dist/jquery.validate.unobtrusive.min.js responded 200 in 0.6382 ms
[15:48:23 INF] HTTP GET /lib/jquery-validation/dist/jquery.validate.min.js responded 200 in 0.7389 ms
[15:48:38 INF] HTTP GET /Inventory/Products responded 200 in 55.9361 ms
[15:48:38 INF] HTTP GET /css/site.css responded 200 in 1.8164 ms
[15:48:38 INF] HTTP GET /Biktal.WebMVC.styles.css responded 200 in 0.9849 ms
[15:48:38 INF] HTTP GET /lib/bootstrap/dist/css/bootstrap.min.css responded 200 in 3.0322 ms
[15:48:39 INF] HTTP GET /lib/jquery/dist/jquery.min.js responded 304 in 0.2435 ms
[15:48:39 INF] HTTP GET /lib/bootstrap/dist/js/bootstrap.bundle.min.js responded 304 in 0.3554 ms
[15:48:39 INF] HTTP GET /js/site.js responded 304 in 0.3928 ms
[15:48:39 INF] HTTP GET /lib/jquery-validation/dist/jquery.validate.min.js responded 304 in 0.3335 ms
[15:48:39 INF] HTTP GET /lib/jquery-validation-unobtrusive/dist/jquery.validate.unobtrusive.min.js responded 304 in 0.2739 ms
[15:48:39 INF] HTTP GET /js/products-catalog-filter.js responded 304 in 0.4304 ms
[15:48:46 INF] HTTP POST /Inventory/EditProduct responded 302 in 6.3847 ms
[15:48:46 INF] HTTP GET /Inventory/Products responded 200 in 37.2288 ms
[15:48:46 INF] HTTP GET /Biktal.WebMVC.styles.css responded 304 in 0.4736 ms
[15:48:46 INF] HTTP GET /lib/bootstrap/dist/css/bootstrap.min.css responded 304 in 0.4526 ms
[15:48:46 INF] HTTP GET /css/site.css responded 304 in 1.7375 ms
[15:48:47 INF] HTTP GET /lib/jquery/dist/jquery.min.js responded 304 in 0.2470 ms
[15:48:47 INF] HTTP GET /lib/bootstrap/dist/js/bootstrap.bundle.min.js responded 304 in 0.5067 ms
[15:48:47 INF] HTTP GET /lib/jquery-validation/dist/jquery.validate.min.js responded 304 in 0.3072 ms
[15:48:47 INF] HTTP GET /js/site.js responded 304 in 0.7320 ms
[15:48:47 INF] HTTP GET /lib/jquery-validation-unobtrusive/dist/jquery.validate.unobtrusive.min.js responded 304 in 0.3831 ms
[15:48:47 INF] HTTP GET /js/products-catalog-filter.js responded 304 in 0.4896 ms
[15:48:56 INF] HTTP GET /Inventory/Products responded 200 in 65.2106 ms
[15:48:56 INF] HTTP GET /css/site.css responded 304 in 0.4170 ms
[15:48:56 INF] HTTP GET /Biktal.WebMVC.styles.css responded 304 in 0.3100 ms
[15:48:56 INF] HTTP GET /lib/bootstrap/dist/css/bootstrap.min.css responded 200 in 8.6863 ms
[15:48:57 INF] HTTP GET /lib/jquery/dist/jquery.min.js responded 304 in 0.2514 ms
[15:48:57 INF] HTTP GET /lib/bootstrap/dist/js/bootstrap.bundle.min.js responded 304 in 0.5768 ms
[15:48:57 INF] HTTP GET /js/site.js responded 304 in 0.9371 ms
[15:48:57 INF] HTTP GET /lib/jquery-validation/dist/jquery.validate.min.js responded 304 in 0.3278 ms
[15:48:57 INF] HTTP GET /lib/jquery-validation-unobtrusive/dist/jquery.validate.unobtrusive.min.js responded 304 in 2.1638 ms
[15:48:57 INF] HTTP GET /js/products-catalog-filter.js responded 304 in 0.6467 ms
[15:49:08 INF] HTTP POST /Inventory/EditProduct responded 302 in 38.1766 ms
[15:49:08 INF] HTTP GET /Inventory/Products responded 200 in 51.1710 ms
[15:49:08 INF] HTTP GET /css/site.css responded 304 in 0.3558 ms
[15:49:08 INF] HTTP GET /lib/bootstrap/dist/css/bootstrap.min.css responded 200 in 1.1392 ms
[15:49:08 INF] HTTP GET /Biktal.WebMVC.styles.css responded 304 in 0.6222 ms
[15:49:09 INF] HTTP GET /lib/jquery/dist/jquery.min.js responded 304 in 0.2468 ms
[15:49:09 INF] HTTP GET /lib/bootstrap/dist/js/bootstrap.bundle.min.js responded 304 in 0.4279 ms
[15:49:09 INF] HTTP GET /js/site.js responded 304 in 0.5856 ms
[15:49:09 INF] HTTP GET /lib/jquery-validation/dist/jquery.validate.min.js responded 304 in 2.2608 ms
[15:49:09 INF] HTTP GET /lib/jquery-validation-unobtrusive/dist/jquery.validate.unobtrusive.min.js responded 304 in 0.4222 ms
[15:49:09 INF] HTTP GET /js/products-catalog-filter.js responded 304 in 0.9251 ms
[15:52:11 INF] HTTP POST /Inventory/AddProduct responded 302 in 6.6251 ms
[15:52:11 INF] HTTP GET /Inventory/Products responded 200 in 110.6665 ms
[15:52:11 INF] HTTP GET /css/site.css responded 200 in 1.0998 ms
[15:52:11 INF] HTTP GET /Biktal.WebMVC.styles.css responded 200 in 0.7620 ms
[15:52:11 INF] HTTP GET /lib/bootstrap/dist/css/bootstrap.min.css responded 200 in 1.1521 ms
[15:52:12 INF] HTTP GET /lib/jquery/dist/jquery.min.js responded 200 in 0.5935 ms
[15:52:12 INF] HTTP GET /js/site.js responded 200 in 0.7979 ms
[15:52:12 INF] HTTP GET /lib/jquery-validation/dist/jquery.validate.min.js responded 200 in 0.7470 ms
[15:52:12 INF] HTTP GET /lib/bootstrap/dist/js/bootstrap.bundle.min.js responded 200 in 0.9272 ms
[15:52:12 INF] HTTP GET /js/products-catalog-filter.js responded 200 in 0.6628 ms
[15:52:12 INF] HTTP GET /lib/jquery-validation-unobtrusive/dist/jquery.validate.unobtrusive.min.js responded 200 in 0.6262 ms
[15:52:25 INF] HTTP GET /Inventory/Products responded 200 in 69.5708 ms
[15:52:25 INF] HTTP GET /css/site.css responded 200 in 0.9567 ms
[15:52:25 INF] HTTP GET /lib/bootstrap/dist/css/bootstrap.min.css responded 200 in 3.9428 ms
[15:52:25 INF] HTTP GET /Biktal.WebMVC.styles.css responded 200 in 1.9619 ms
[15:52:26 INF] HTTP GET /lib/jquery/dist/jquery.min.js responded 304 in 0.2556 ms
[15:52:26 INF] HTTP GET /lib/bootstrap/dist/js/bootstrap.bundle.min.js responded 304 in 0.5191 ms
[15:52:26 INF] HTTP GET /js/site.js responded 304 in 0.6353 ms
[15:52:26 INF] HTTP GET /lib/jquery-validation/dist/jquery.validate.min.js responded 304 in 0.9545 ms
[15:52:26 INF] HTTP GET /lib/jquery-validation-unobtrusive/dist/jquery.validate.unobtrusive.min.js responded 304 in 1.0243 ms
[15:52:26 INF] HTTP GET /js/products-catalog-filter.js responded 304 in 0.9157 ms
[15:52:30 INF] HTTP POST /Inventory/EditProduct responded 302 in 5.6315 ms
[15:52:30 INF] HTTP GET /Inventory/Products responded 200 in 37.1410 ms
[15:52:30 INF] HTTP GET /lib/bootstrap/dist/css/bootstrap.min.css responded 304 in 0.4262 ms
[15:52:30 INF] HTTP GET /Biktal.WebMVC.styles.css responded 304 in 0.7722 ms
[15:52:30 INF] HTTP GET /css/site.css responded 304 in 2.0959 ms
[15:52:31 INF] HTTP GET /lib/jquery/dist/jquery.min.js responded 304 in 0.2435 ms
[15:52:31 INF] HTTP GET /lib/bootstrap/dist/js/bootstrap.bundle.min.js responded 304 in 0.3583 ms
[15:52:31 INF] HTTP GET /js/site.js responded 304 in 1.4232 ms
[15:52:31 INF] HTTP GET /lib/jquery-validation/dist/jquery.validate.min.js responded 304 in 0.2824 ms
[15:52:31 INF] HTTP GET /lib/jquery-validation-unobtrusive/dist/jquery.validate.unobtrusive.min.js responded 304 in 0.4683 ms
[15:52:31 INF] HTTP GET /js/products-catalog-filter.js responded 304 in 0.4141 ms
[15:52:45 INF] HTTP GET /Inventory/Products responded 200 in 63.3301 ms
[15:52:50 INF] HTTP POST /Inventory/EditProduct responded 302 in 11.1679 ms
[15:52:50 INF] HTTP GET /Inventory/Products responded 200 in 61.3081 ms
[15:52:50 INF] HTTP GET /css/site.css responded 304 in 0.6633 ms
[15:52:50 INF] HTTP GET /lib/bootstrap/dist/css/bootstrap.min.css responded 200 in 2.0153 ms
[15:52:50 INF] HTTP GET /Biktal.WebMVC.styles.css responded 304 in 0.3180 ms
[15:52:51 INF] HTTP GET /lib/jquery/dist/jquery.min.js responded 304 in 0.3476 ms
[15:52:51 INF] HTTP GET /lib/bootstrap/dist/js/bootstrap.bundle.min.js responded 304 in 0.5719 ms
[15:52:51 INF] HTTP GET /js/site.js responded 304 in 0.3516 ms
[15:52:51 INF] HTTP GET /lib/jquery-validation/dist/jquery.validate.min.js responded 304 in 0.7315 ms
[15:52:51 INF] HTTP GET /lib/jquery-validation-unobtrusive/dist/jquery.validate.unobtrusive.min.js responded 304 in 2.5346 ms
[15:52:51 INF] HTTP GET /js/products-catalog-filter.js responded 304 in 0.5808 ms
[15:52:58 INF] HTTP GET /Inventory/Products responded 200 in 63.0232 ms
[15:52:58 INF] HTTP GET /lib/bootstrap/dist/css/bootstrap.min.css responded 304 in 2.9219 ms
[15:52:58 INF] HTTP GET /css/site.css responded 304 in 4.5370 ms
[15:52:58 INF] HTTP GET /Biktal.WebMVC.styles.css responded 304 in 0.5018 ms
[15:52:59 INF] HTTP GET /lib/jquery/dist/jquery.min.js responded 304 in 0.2532 ms
[15:52:59 INF] HTTP GET /lib/bootstrap/dist/js/bootstrap.bundle.min.js responded 304 in 0.5315 ms
[15:52:59 INF] HTTP GET /js/site.js responded 304 in 0.2927 ms
[15:52:59 INF] HTTP GET /lib/jquery-validation/dist/jquery.validate.min.js responded 304 in 0.4111 ms
[15:52:59 INF] HTTP GET /lib/jquery-validation-unobtrusive/dist/jquery.validate.unobtrusive.min.js responded 304 in 0.3642 ms
[15:52:59 INF] HTTP GET /js/products-catalog-filter.js responded 304 in 0.9103 ms
[15:53:05 INF] HTTP POST /Inventory/EditProduct responded 302 in 8.3508 ms
[15:53:05 INF] HTTP GET /Inventory/Products responded 200 in 53.6264 ms
[15:53:05 INF] HTTP GET /lib/bootstrap/dist/css/bootstrap.min.css responded 304 in 0.4231 ms
[15:53:05 INF] HTTP GET /css/site.css responded 304 in 0.3867 ms
[15:53:05 INF] HTTP GET /Biktal.WebMVC.styles.css responded 304 in 0.2676 ms
[15:53:06 INF] HTTP GET /lib/jquery/dist/jquery.min.js responded 304 in 0.2453 ms
[15:53:06 INF] HTTP GET /lib/bootstrap/dist/js/bootstrap.bundle.min.js responded 304 in 0.3659 ms
[15:53:06 INF] HTTP GET /js/site.js responded 304 in 0.3113 ms
[15:53:06 INF] HTTP GET /lib/jquery-validation/dist/jquery.validate.min.js responded 304 in 0.3998 ms
[15:53:06 INF] HTTP GET /lib/jquery-validation-unobtrusive/dist/jquery.validate.unobtrusive.min.js responded 304 in 0.2738 ms
[15:53:06 INF] HTTP GET /js/products-catalog-filter.js responded 304 in 0.1801 ms
[15:56:01 INF] HTTP POST /Inventory/AddProduct responded 302 in 67.6305 ms
[15:56:01 INF] HTTP GET /Inventory/Products responded 200 in 71.8224 ms
[15:56:01 INF] HTTP GET /lib/bootstrap/dist/css/bootstrap.min.css responded 200 in 0.8762 ms
[15:56:01 INF] HTTP GET /css/site.css responded 200 in 0.6868 ms
[15:56:01 INF] HTTP GET /Biktal.WebMVC.styles.css responded 200 in 1.4636 ms
[15:56:02 INF] HTTP GET /lib/jquery/dist/jquery.min.js responded 200 in 0.5849 ms
[15:56:02 INF] HTTP GET /js/site.js responded 200 in 0.7259 ms
[15:56:02 INF] HTTP GET /lib/jquery-validation-unobtrusive/dist/jquery.validate.unobtrusive.min.js responded 200 in 0.6296 ms
[15:56:02 INF] HTTP GET /js/products-catalog-filter.js responded 200 in 0.6605 ms
[15:56:02 INF] HTTP GET /lib/jquery-validation/dist/jquery.validate.min.js responded 200 in 0.5796 ms
[15:56:02 INF] HTTP GET /lib/bootstrap/dist/js/bootstrap.bundle.min.js responded 200 in 1.3275 ms
[15:56:30 INF] HTTP GET /Finance responded 200 in 103.5743 ms
[15:56:30 INF] HTTP GET /lib/bootstrap/dist/css/bootstrap.min.css responded 200 in 5.9497 ms
[15:56:30 INF] HTTP GET /Biktal.WebMVC.styles.css responded 200 in 1.3789 ms
[15:56:30 INF] HTTP GET /css/site.css responded 200 in 7.4003 ms
[15:56:30 INF] HTTP GET /lib/jquery/dist/jquery.min.js responded 304 in 1.7951 ms
[15:56:30 INF] HTTP GET /js/site.js responded 304 in 0.3537 ms
[15:56:30 INF] HTTP GET /lib/bootstrap/dist/js/bootstrap.bundle.min.js responded 304 in 2.9937 ms
[15:56:33 INF] HTTP GET /Finance/Cashbox responded 200 in 316.8005 ms
[15:56:33 INF] HTTP GET /lib/bootstrap/dist/css/bootstrap.min.css responded 200 in 7.5258 ms
[15:56:33 INF] HTTP GET /css/site.css responded 200 in 2.7513 ms
[15:56:33 INF] HTTP GET /Biktal.WebMVC.styles.css responded 200 in 0.7931 ms
[15:56:33 INF] HTTP GET /lib/bootstrap/dist/js/bootstrap.bundle.min.js responded 304 in 0.2455 ms
[15:56:33 INF] HTTP GET /lib/jquery/dist/jquery.min.js responded 304 in 0.5040 ms
[15:56:33 INF] HTTP GET /js/site.js responded 304 in 0.4957 ms
[15:56:33 INF] HTTP GET /lib/jquery-validation/dist/jquery.validate.min.js responded 304 in 0.2555 ms
[15:56:33 INF] HTTP GET /lib/jquery-validation-unobtrusive/dist/jquery.validate.unobtrusive.min.js responded 304 in 0.5914 ms
[15:57:05 INF] HTTP POST /Finance/CloseCashboxSession responded 302 in 124.2553 ms
[15:57:05 INF] HTTP GET /Finance/Cashbox responded 200 in 30.7265 ms
[15:57:05 INF] HTTP GET /lib/bootstrap/dist/css/bootstrap.min.css responded 200 in 1.4025 ms
[15:57:05 INF] HTTP GET /lib/jquery/dist/jquery.min.js responded 304 in 0.4315 ms
[15:57:05 INF] HTTP GET /js/site.js responded 304 in 0.5743 ms
[15:57:05 INF] HTTP GET /Biktal.WebMVC.styles.css responded 200 in 5.8462 ms
[15:57:05 INF] HTTP GET /css/site.css responded 200 in 10.4945 ms
[15:57:05 INF] HTTP GET /lib/bootstrap/dist/js/bootstrap.bundle.min.js responded 304 in 0.4324 ms
[15:57:05 INF] HTTP GET /lib/jquery-validation/dist/jquery.validate.min.js responded 304 in 1.3879 ms
[15:57:05 INF] HTTP GET /lib/jquery-validation-unobtrusive/dist/jquery.validate.unobtrusive.min.js responded 304 in 0.9887 ms
[15:57:36 INF] HTTP POST /Finance/OpenCashboxSession responded 302 in 52.5114 ms
[15:57:36 INF] HTTP GET /Finance/Cashbox responded 200 in 51.1612 ms
[15:57:36 INF] HTTP GET /css/site.css responded 200 in 1.8798 ms
[15:57:36 INF] HTTP GET /lib/bootstrap/dist/css/bootstrap.min.css responded 200 in 20.1754 ms
[15:57:36 INF] HTTP GET /Biktal.WebMVC.styles.css responded 200 in 17.7073 ms
[15:57:36 INF] HTTP GET /js/site.js responded 200 in 9.3359 ms
[15:57:36 INF] HTTP GET /lib/jquery-validation/dist/jquery.validate.min.js responded 200 in 7.1150 ms
[15:57:36 INF] HTTP GET /lib/jquery-validation-unobtrusive/dist/jquery.validate.unobtrusive.min.js responded 200 in 1.8676 ms
[15:57:36 INF] HTTP GET /lib/bootstrap/dist/js/bootstrap.bundle.min.js responded 200 in 16.6468 ms
[15:57:36 INF] HTTP GET /lib/jquery/dist/jquery.min.js responded 200 in 18.5348 ms
[15:57:57 INF] HTTP GET /Inventory responded 200 in 111.6315 ms
[15:57:57 INF] HTTP GET /css/site.css responded 200 in 1.6947 ms
[15:57:57 INF] HTTP GET /lib/bootstrap/dist/css/bootstrap.min.css responded 200 in 5.2491 ms
[15:57:57 INF] HTTP GET /Biktal.WebMVC.styles.css responded 200 in 1.0771 ms
[15:57:57 INF] HTTP GET /lib/jquery/dist/jquery.min.js responded 200 in 2.6577 ms
[15:57:57 INF] HTTP GET /js/site.js responded 200 in 0.6860 ms
[15:57:57 INF] HTTP GET /lib/bootstrap/dist/js/bootstrap.bundle.min.js responded 200 in 6.3359 ms
[15:58:00 INF] HTTP GET /Inventory/Products responded 200 in 52.1046 ms
[15:58:00 INF] HTTP GET /lib/bootstrap/dist/css/bootstrap.min.css responded 200 in 4.6498 ms
[15:58:00 INF] HTTP GET /css/site.css responded 200 in 1.4359 ms
[15:58:00 INF] HTTP GET /Biktal.WebMVC.styles.css responded 200 in 1.6186 ms
[15:58:01 INF] HTTP GET /lib/jquery/dist/jquery.min.js responded 304 in 0.4091 ms
[15:58:01 INF] HTTP GET /lib/bootstrap/dist/js/bootstrap.bundle.min.js responded 304 in 0.4365 ms
[15:58:01 INF] HTTP GET /js/site.js responded 304 in 0.4786 ms
[15:58:01 INF] HTTP GET /lib/jquery-validation/dist/jquery.validate.min.js responded 200 in 1.4585 ms
[15:58:01 INF] HTTP GET /lib/jquery-validation-unobtrusive/dist/jquery.validate.unobtrusive.min.js responded 200 in 1.4707 ms
[15:58:01 INF] HTTP GET /js/products-catalog-filter.js responded 200 in 1.6079 ms
[15:58:22 INF] HTTP POST /Inventory/AddProduct responded 302 in 10.2484 ms
[15:58:22 INF] HTTP GET /Inventory/Products responded 200 in 42.9883 ms
[15:58:22 INF] HTTP GET /lib/bootstrap/dist/css/bootstrap.min.css responded 200 in 1.1718 ms
[15:58:22 INF] HTTP GET /css/site.css responded 200 in 1.1544 ms
[15:58:22 INF] HTTP GET /Biktal.WebMVC.styles.css responded 200 in 1.4692 ms
[15:58:23 INF] HTTP GET /lib/jquery/dist/jquery.min.js responded 304 in 0.2501 ms
[15:58:23 INF] HTTP GET /js/site.js responded 304 in 0.2901 ms
[15:58:23 INF] HTTP GET /lib/bootstrap/dist/js/bootstrap.bundle.min.js responded 304 in 0.3407 ms
[15:58:23 INF] HTTP GET /lib/jquery-validation-unobtrusive/dist/jquery.validate.unobtrusive.min.js responded 304 in 0.3291 ms
[15:58:23 INF] HTTP GET /js/products-catalog-filter.js responded 304 in 0.2614 ms
[15:58:23 INF] HTTP GET /lib/jquery-validation/dist/jquery.validate.min.js responded 304 in 0.4275 ms
[15:59:42 INF] HTTP GET /Inventory/Products responded 200 in 96.5162 ms
[15:59:42 INF] HTTP GET /lib/bootstrap/dist/css/bootstrap.min.css responded 200 in 5.9853 ms
[15:59:42 INF] HTTP GET /css/site.css responded 200 in 2.5355 ms
[15:59:42 INF] HTTP GET /Biktal.WebMVC.styles.css responded 200 in 1.2788 ms
[15:59:43 INF] HTTP GET /lib/jquery/dist/jquery.min.js responded 200 in 0.6042 ms
[15:59:43 INF] HTTP GET /lib/bootstrap/dist/js/bootstrap.bundle.min.js responded 200 in 0.7414 ms
[15:59:43 INF] HTTP GET /js/site.js responded 200 in 0.8083 ms
[15:59:43 INF] HTTP GET /lib/jquery-validation/dist/jquery.validate.min.js responded 200 in 0.7643 ms
[15:59:43 INF] HTTP GET /lib/jquery-validation-unobtrusive/dist/jquery.validate.unobtrusive.min.js responded 200 in 0.9996 ms
[15:59:43 INF] HTTP GET /js/products-catalog-filter.js responded 200 in 0.8175 ms
[15:59:46 INF] HTTP POST /Inventory/EditProduct responded 302 in 5.6085 ms
[15:59:46 INF] HTTP GET /Inventory/Products responded 200 in 35.1599 ms
[15:59:46 INF] HTTP GET /lib/bootstrap/dist/css/bootstrap.min.css responded 304 in 0.4493 ms
[15:59:46 INF] HTTP GET /css/site.css responded 304 in 0.4601 ms
[15:59:46 INF] HTTP GET /Biktal.WebMVC.styles.css responded 304 in 0.4985 ms
[15:59:47 INF] HTTP GET /lib/jquery/dist/jquery.min.js responded 304 in 0.2518 ms
[15:59:47 INF] HTTP GET /lib/bootstrap/dist/js/bootstrap.bundle.min.js responded 304 in 0.3406 ms
[15:59:47 INF] HTTP GET /js/site.js responded 304 in 0.3537 ms
[15:59:47 INF] HTTP GET /lib/jquery-validation/dist/jquery.validate.min.js responded 304 in 0.7709 ms
[15:59:47 INF] HTTP GET /lib/jquery-validation-unobtrusive/dist/jquery.validate.unobtrusive.min.js responded 304 in 0.4817 ms
[15:59:47 INF] HTTP GET /js/products-catalog-filter.js responded 304 in 0.7083 ms
[16:00:24 INF] HTTP POST /Inventory/AddProduct responded 302 in 8.2466 ms
[16:00:24 INF] HTTP GET /Inventory/Products responded 200 in 102.9948 ms
[16:00:24 INF] HTTP GET /css/site.css responded 200 in 1.9042 ms
[16:00:24 INF] HTTP GET /lib/bootstrap/dist/css/bootstrap.min.css responded 200 in 5.8083 ms
[16:00:24 INF] HTTP GET /Biktal.WebMVC.styles.css responded 200 in 0.7254 ms
[16:00:25 INF] HTTP GET /lib/jquery/dist/jquery.min.js responded 200 in 1.3174 ms
[16:00:25 INF] HTTP GET /lib/jquery-validation/dist/jquery.validate.min.js responded 200 in 1.1648 ms
[16:00:25 INF] HTTP GET /lib/bootstrap/dist/js/bootstrap.bundle.min.js responded 200 in 1.3675 ms
[16:00:25 INF] HTTP GET /js/site.js responded 200 in 1.7215 ms
[16:00:25 INF] HTTP GET /lib/jquery-validation-unobtrusive/dist/jquery.validate.unobtrusive.min.js responded 200 in 0.9314 ms
[16:00:25 INF] HTTP GET /js/products-catalog-filter.js responded 200 in 0.8409 ms
[16:00:30 INF] HTTP GET /Inventory/Products responded 200 in 91.2634 ms
[16:00:30 INF] HTTP GET /lib/bootstrap/dist/css/bootstrap.min.css responded 200 in 4.8517 ms
[16:00:30 INF] HTTP GET /Biktal.WebMVC.styles.css responded 200 in 2.3054 ms
[16:00:30 INF] HTTP GET /css/site.css responded 200 in 1.4673 ms
[16:00:31 INF] HTTP GET /lib/jquery/dist/jquery.min.js responded 200 in 0.6785 ms
[16:00:31 INF] HTTP GET /lib/jquery-validation/dist/jquery.validate.min.js responded 200 in 0.7137 ms
[16:00:31 INF] HTTP GET /lib/bootstrap/dist/js/bootstrap.bundle.min.js responded 200 in 0.8312 ms
[16:00:31 INF] HTTP GET /js/site.js responded 200 in 1.5529 ms
[16:00:31 INF] HTTP GET /lib/jquery-validation-unobtrusive/dist/jquery.validate.unobtrusive.min.js responded 200 in 0.6810 ms
[16:00:31 INF] HTTP GET /js/products-catalog-filter.js responded 200 in 0.6277 ms
[16:00:35 INF] HTTP POST /Inventory/EditProduct responded 302 in 5.1630 ms
[16:00:35 INF] HTTP GET /Inventory/Products responded 200 in 51.4890 ms
[16:00:35 INF] HTTP GET /Biktal.WebMVC.styles.css responded 304 in 0.9617 ms
[16:00:35 INF] HTTP GET /lib/bootstrap/dist/css/bootstrap.min.css responded 304 in 1.3492 ms
[16:00:35 INF] HTTP GET /css/site.css responded 304 in 2.4035 ms
[16:00:35 INF] HTTP GET /lib/jquery/dist/jquery.min.js responded 304 in 0.2541 ms
[16:00:35 INF] HTTP GET /js/site.js responded 304 in 0.3320 ms
[16:00:35 INF] HTTP GET /lib/bootstrap/dist/js/bootstrap.bundle.min.js responded 304 in 0.4537 ms
[16:00:35 INF] HTTP GET /lib/jquery-validation-unobtrusive/dist/jquery.validate.unobtrusive.min.js responded 304 in 0.2554 ms
[16:00:35 INF] HTTP GET /js/products-catalog-filter.js responded 304 in 0.2554 ms
[16:00:35 INF] HTTP GET /lib/jquery-validation/dist/jquery.validate.min.js responded 304 in 0.2589 ms
[16:00:43 INF] HTTP GET /Inventory/Products responded 200 in 69.1074 ms
[16:00:43 INF] HTTP GET /lib/bootstrap/dist/css/bootstrap.min.css responded 304 in 0.4409 ms
[16:00:43 INF] HTTP GET /css/site.css responded 304 in 2.6409 ms
[16:00:43 INF] HTTP GET /Biktal.WebMVC.styles.css responded 304 in 1.6354 ms
[16:00:44 INF] HTTP GET /lib/jquery/dist/jquery.min.js responded 304 in 0.2532 ms
[16:00:44 INF] HTTP GET /js/site.js responded 304 in 0.3015 ms
[16:00:44 INF] HTTP GET /lib/bootstrap/dist/js/bootstrap.bundle.min.js responded 304 in 0.3718 ms
[16:00:44 INF] HTTP GET /lib/jquery-validation-unobtrusive/dist/jquery.validate.unobtrusive.min.js responded 304 in 0.3092 ms
[16:00:44 INF] HTTP GET /lib/jquery-validation/dist/jquery.validate.min.js responded 304 in 0.2984 ms
[16:00:44 INF] HTTP GET /js/products-catalog-filter.js responded 304 in 0.4371 ms
[16:00:48 INF] HTTP POST /Inventory/EditProduct responded 302 in 8.5877 ms
[16:00:48 INF] HTTP GET /Inventory/Products responded 200 in 48.5597 ms
[16:00:48 INF] HTTP GET /css/site.css responded 304 in 0.5419 ms
[16:00:48 INF] HTTP GET /lib/bootstrap/dist/css/bootstrap.min.css responded 200 in 0.8869 ms
[16:00:48 INF] HTTP GET /Biktal.WebMVC.styles.css responded 304 in 2.7697 ms
[16:00:49 INF] HTTP GET /lib/jquery/dist/jquery.min.js responded 304 in 0.2431 ms
[16:00:49 INF] HTTP GET /js/site.js responded 304 in 0.2097 ms
[16:00:49 INF] HTTP GET /lib/bootstrap/dist/js/bootstrap.bundle.min.js responded 304 in 0.3916 ms
[16:00:49 INF] HTTP GET /lib/jquery-validation/dist/jquery.validate.min.js responded 304 in 0.4874 ms
[16:00:49 INF] HTTP GET /lib/jquery-validation-unobtrusive/dist/jquery.validate.unobtrusive.min.js responded 304 in 0.7090 ms
[16:00:49 INF] HTTP GET /js/products-catalog-filter.js responded 304 in 0.5682 ms
[16:02:04 INF] HTTP GET /Inventory/Products responded 200 in 150.8854 ms
[16:02:04 INF] HTTP GET /css/site.css responded 304 in 0.4028 ms
[16:02:04 INF] HTTP GET /Biktal.WebMVC.styles.css responded 304 in 0.6424 ms
[16:02:04 INF] HTTP GET /lib/bootstrap/dist/css/bootstrap.min.css responded 200 in 9.0606 ms
[16:02:05 INF] HTTP GET /lib/jquery/dist/jquery.min.js responded 304 in 0.2501 ms
[16:02:05 INF] HTTP GET /lib/bootstrap/dist/js/bootstrap.bundle.min.js responded 304 in 0.4848 ms
[16:02:05 INF] HTTP GET /js/site.js responded 304 in 0.3863 ms
[16:02:05 INF] HTTP GET /lib/jquery-validation/dist/jquery.validate.min.js responded 304 in 1.1167 ms
[16:02:05 INF] HTTP GET /js/products-catalog-filter.js responded 304 in 0.5379 ms
[16:02:05 INF] HTTP GET /lib/jquery-validation-unobtrusive/dist/jquery.validate.unobtrusive.min.js responded 304 in 0.5180 ms
[16:02:09 INF] HTTP POST /Inventory/EditProduct responded 302 in 8.7488 ms
[16:02:09 INF] HTTP GET /Inventory/Products responded 200 in 34.8739 ms
[16:02:09 INF] HTTP GET /lib/bootstrap/dist/css/bootstrap.min.css responded 304 in 0.5120 ms
[16:02:09 INF] HTTP GET /Biktal.WebMVC.styles.css responded 304 in 0.3621 ms
[16:02:09 INF] HTTP GET /css/site.css responded 304 in 0.3413 ms
[16:02:09 INF] HTTP GET /lib/jquery/dist/jquery.min.js responded 304 in 0.2459 ms
[16:02:09 INF] HTTP GET /lib/bootstrap/dist/js/bootstrap.bundle.min.js responded 304 in 0.5080 ms
[16:02:09 INF] HTTP GET /js/products-catalog-filter.js responded 304 in 0.2901 ms
[16:02:09 INF] HTTP GET /js/site.js responded 304 in 0.2621 ms
[16:02:09 INF] HTTP GET /lib/jquery-validation/dist/jquery.validate.min.js responded 304 in 0.2708 ms
[16:02:09 INF] HTTP GET /lib/jquery-validation-unobtrusive/dist/jquery.validate.unobtrusive.min.js responded 304 in 1.9277 ms
[16:02:33 INF] HTTP GET /Inventory/Products responded 200 in 54.8873 ms
[16:02:33 INF] HTTP GET /css/site.css responded 304 in 0.4338 ms
[16:02:33 INF] HTTP GET /Biktal.WebMVC.styles.css responded 304 in 0.3673 ms
[16:02:33 INF] HTTP GET /lib/bootstrap/dist/css/bootstrap.min.css responded 200 in 3.3472 ms
[16:02:34 INF] HTTP GET /lib/jquery/dist/jquery.min.js responded 304 in 0.2564 ms
[16:02:34 INF] HTTP GET /lib/bootstrap/dist/js/bootstrap.bundle.min.js responded 304 in 0.4320 ms
[16:02:34 INF] HTTP GET /js/site.js responded 304 in 0.4390 ms
[16:02:34 INF] HTTP GET /lib/jquery-validation/dist/jquery.validate.min.js responded 304 in 1.1028 ms
[16:02:34 INF] HTTP GET /lib/jquery-validation-unobtrusive/dist/jquery.validate.unobtrusive.min.js responded 304 in 0.9914 ms
[16:02:34 INF] HTTP GET /js/products-catalog-filter.js responded 304 in 0.4415 ms
[16:02:36 INF] HTTP POST /Inventory/EditProduct responded 302 in 5.7654 ms
[16:02:37 INF] HTTP GET /Inventory/Products responded 200 in 34.6390 ms
[16:02:37 INF] HTTP GET /lib/bootstrap/dist/css/bootstrap.min.css responded 304 in 0.9215 ms
[16:02:37 INF] HTTP GET /css/site.css responded 304 in 1.9417 ms
[16:02:37 INF] HTTP GET /Biktal.WebMVC.styles.css responded 304 in 1.5420 ms
[16:02:37 INF] HTTP GET /lib/jquery/dist/jquery.min.js responded 304 in 0.2412 ms
[16:02:37 INF] HTTP GET /lib/bootstrap/dist/js/bootstrap.bundle.min.js responded 304 in 0.5451 ms
[16:02:37 INF] HTTP GET /js/site.js responded 304 in 0.4280 ms
[16:02:37 INF] HTTP GET /lib/jquery-validation/dist/jquery.validate.min.js responded 304 in 0.2772 ms
[16:02:37 INF] HTTP GET /lib/jquery-validation-unobtrusive/dist/jquery.validate.unobtrusive.min.js responded 304 in 0.3538 ms
[16:02:37 INF] HTTP GET /js/products-catalog-filter.js responded 304 in 0.4081 ms
[16:05:03 INF] HTTP GET /Inventory/Products responded 200 in 111.9505 ms
[16:05:03 INF] HTTP GET /css/site.css responded 200 in 1.2523 ms
[16:05:03 INF] HTTP GET /Biktal.WebMVC.styles.css responded 200 in 0.7893 ms
[16:05:03 INF] HTTP GET /lib/bootstrap/dist/css/bootstrap.min.css responded 200 in 1.9139 ms
[16:05:05 INF] HTTP GET /lib/jquery/dist/jquery.min.js responded 200 in 0.5991 ms
[16:05:05 INF] HTTP GET /js/site.js responded 200 in 1.5674 ms
[16:05:05 INF] HTTP GET /lib/bootstrap/dist/js/bootstrap.bundle.min.js responded 200 in 1.0114 ms
[16:05:05 INF] HTTP GET /lib/jquery-validation-unobtrusive/dist/jquery.validate.unobtrusive.min.js responded 200 in 2.8307 ms
[16:05:05 INF] HTTP GET /lib/jquery-validation/dist/jquery.validate.min.js responded 200 in 1.3326 ms
[16:05:05 INF] HTTP GET /js/products-catalog-filter.js responded 200 in 0.7059 ms
[16:05:09 INF] HTTP POST /Inventory/EditProduct responded 302 in 5.0464 ms
[16:05:09 INF] HTTP GET /Inventory/Products responded 200 in 35.7902 ms
[16:05:09 INF] HTTP GET /lib/bootstrap/dist/css/bootstrap.min.css responded 200 in 1.0071 ms
[16:05:09 INF] HTTP GET /css/site.css responded 200 in 1.5302 ms
[16:05:09 INF] HTTP GET /Biktal.WebMVC.styles.css responded 200 in 0.8598 ms
[16:05:10 INF] HTTP GET /lib/jquery/dist/jquery.min.js responded 304 in 0.2407 ms
[16:05:10 INF] HTTP GET /lib/bootstrap/dist/js/bootstrap.bundle.min.js responded 304 in 0.5179 ms
[16:05:10 INF] HTTP GET /js/site.js responded 304 in 0.3217 ms
[16:05:10 INF] HTTP GET /lib/jquery-validation/dist/jquery.validate.min.js responded 304 in 0.4673 ms
[16:05:10 INF] HTTP GET /js/products-catalog-filter.js responded 304 in 0.3844 ms
[16:05:10 INF] HTTP GET /lib/jquery-validation-unobtrusive/dist/jquery.validate.unobtrusive.min.js responded 304 in 0.6015 ms
[16:05:34 INF] HTTP GET /Inventory/Products responded 200 in 41.6684 ms
[16:05:34 INF] HTTP GET /lib/bootstrap/dist/css/bootstrap.min.css responded 200 in 4.2393 ms
[16:05:34 INF] HTTP GET /css/site.css responded 200 in 1.0482 ms
[16:05:34 INF] HTTP GET /Biktal.WebMVC.styles.css responded 200 in 0.8909 ms
[16:05:35 INF] HTTP GET /lib/jquery/dist/jquery.min.js responded 304 in 0.2768 ms
[16:05:35 INF] HTTP GET /lib/bootstrap/dist/js/bootstrap.bundle.min.js responded 304 in 0.8418 ms
[16:05:35 INF] HTTP GET /js/site.js responded 304 in 0.6723 ms
[16:05:35 INF] HTTP GET /lib/jquery-validation-unobtrusive/dist/jquery.validate.unobtrusive.min.js responded 304 in 0.4146 ms
[16:05:35 INF] HTTP GET /lib/jquery-validation/dist/jquery.validate.min.js responded 304 in 0.3479 ms
[16:05:35 INF] HTTP GET /js/products-catalog-filter.js responded 304 in 2.0557 ms
[16:06:50 INF] HTTP POST /Inventory/EditProduct responded 302 in 8.2192 ms
[16:06:50 INF] HTTP GET /Inventory/Products responded 200 in 43.9536 ms
[16:06:50 INF] HTTP GET /lib/bootstrap/dist/css/bootstrap.min.css responded 200 in 1.1633 ms
[16:06:50 INF] HTTP GET /Biktal.WebMVC.styles.css responded 200 in 1.1177 ms
[16:06:50 INF] HTTP GET /css/site.css responded 200 in 1.4967 ms
[16:06:51 INF] HTTP GET /lib/jquery/dist/jquery.min.js responded 200 in 0.7124 ms
[16:06:51 INF] HTTP GET /js/site.js responded 200 in 1.1258 ms
[16:06:51 INF] HTTP GET /lib/bootstrap/dist/js/bootstrap.bundle.min.js responded 200 in 1.4594 ms
[16:06:51 INF] HTTP GET /lib/jquery-validation/dist/jquery.validate.min.js responded 200 in 1.0888 ms
[16:06:51 INF] HTTP GET /lib/jquery-validation-unobtrusive/dist/jquery.validate.unobtrusive.min.js responded 200 in 1.6343 ms
[16:06:51 INF] HTTP GET /js/products-catalog-filter.js responded 200 in 1.7175 ms
[16:10:56 INF] HTTP GET /Inventory/Products responded 200 in 118.9949 ms
[16:10:57 INF] HTTP GET /lib/bootstrap/dist/css/bootstrap.min.css responded 200 in 0.8720 ms
[16:10:57 INF] HTTP GET /Biktal.WebMVC.styles.css responded 200 in 0.6959 ms
[16:10:57 INF] HTTP GET /css/site.css responded 200 in 8.8938 ms
[16:10:58 INF] HTTP GET /lib/jquery/dist/jquery.min.js responded 200 in 0.6386 ms
[16:10:58 INF] HTTP GET /js/site.js responded 200 in 0.7507 ms
[16:10:58 INF] HTTP GET /lib/jquery-validation/dist/jquery.validate.min.js responded 200 in 0.8649 ms
[16:10:58 INF] HTTP GET /lib/bootstrap/dist/js/bootstrap.bundle.min.js responded 200 in 3.4122 ms
[16:10:58 INF] HTTP GET /lib/jquery-validation-unobtrusive/dist/jquery.validate.unobtrusive.min.js responded 200 in 2.9709 ms
[16:10:58 INF] HTTP GET /js/products-catalog-filter.js responded 200 in 1.8622 ms
[16:11:02 INF] HTTP POST /Inventory/EditProduct responded 302 in 10.5055 ms
[16:11:02 INF] HTTP GET /Inventory/Products responded 200 in 48.2371 ms
[16:11:02 INF] HTTP GET /lib/bootstrap/dist/css/bootstrap.min.css responded 304 in 0.4051 ms
[16:11:02 INF] HTTP GET /Biktal.WebMVC.styles.css responded 304 in 0.3375 ms
[16:11:02 INF] HTTP GET /css/site.css responded 304 in 1.1856 ms
[16:11:03 INF] HTTP GET /lib/jquery/dist/jquery.min.js responded 304 in 0.2538 ms
[16:11:03 INF] HTTP GET /lib/bootstrap/dist/js/bootstrap.bundle.min.js responded 304 in 0.3694 ms
[16:11:03 INF] HTTP GET /lib/jquery-validation/dist/jquery.validate.min.js responded 304 in 0.3453 ms
[16:11:03 INF] HTTP GET /js/site.js responded 304 in 0.7300 ms
[16:11:03 INF] HTTP GET /lib/jquery-validation-unobtrusive/dist/jquery.validate.unobtrusive.min.js responded 304 in 0.4616 ms
[16:11:03 INF] HTTP GET /js/products-catalog-filter.js responded 304 in 0.8985 ms
[16:11:13 INF] HTTP GET /Inventory/Products responded 200 in 46.8534 ms
[16:11:13 INF] HTTP GET /css/site.css responded 304 in 0.3743 ms
[16:11:13 INF] HTTP GET /lib/bootstrap/dist/css/bootstrap.min.css responded 200 in 1.1395 ms
[16:11:13 INF] HTTP GET /Biktal.WebMVC.styles.css responded 304 in 0.3881 ms
[16:11:13 INF] HTTP GET /lib/jquery/dist/jquery.min.js responded 304 in 0.2492 ms
[16:11:13 INF] HTTP GET /lib/bootstrap/dist/js/bootstrap.bundle.min.js responded 304 in 0.4185 ms
[16:11:13 INF] HTTP GET /js/site.js responded 304 in 0.2407 ms
[16:11:13 INF] HTTP GET /lib/jquery-validation/dist/jquery.validate.min.js responded 304 in 0.4006 ms
[16:11:13 INF] HTTP GET /lib/jquery-validation-unobtrusive/dist/jquery.validate.unobtrusive.min.js responded 304 in 3.2254 ms
[16:11:13 INF] HTTP GET /js/products-catalog-filter.js responded 304 in 0.5542 ms
[16:11:17 INF] HTTP POST /Inventory/EditProduct responded 302 in 4.8912 ms
[16:11:17 INF] HTTP GET /Inventory/Products responded 200 in 50.8696 ms
[16:11:17 INF] HTTP GET /lib/bootstrap/dist/css/bootstrap.min.css responded 304 in 0.3677 ms
[16:11:17 INF] HTTP GET /css/site.css responded 304 in 0.4422 ms
[16:11:17 INF] HTTP GET /Biktal.WebMVC.styles.css responded 304 in 0.8322 ms
[16:11:18 INF] HTTP GET /lib/jquery/dist/jquery.min.js responded 304 in 0.2512 ms
[16:11:18 INF] HTTP GET /lib/bootstrap/dist/js/bootstrap.bundle.min.js responded 304 in 1.0959 ms
[16:11:18 INF] HTTP GET /js/site.js responded 304 in 0.8768 ms
[16:11:18 INF] HTTP GET /lib/jquery-validation/dist/jquery.validate.min.js responded 304 in 1.3008 ms
[16:11:18 INF] HTTP GET /lib/jquery-validation-unobtrusive/dist/jquery.validate.unobtrusive.min.js responded 304 in 0.4284 ms
[16:11:18 INF] HTTP GET /js/products-catalog-filter.js responded 304 in 1.0502 ms
[16:11:21 INF] HTTP GET /Inventory/Products responded 200 in 42.4426 ms
[16:11:21 INF] HTTP GET /lib/bootstrap/dist/css/bootstrap.min.css responded 304 in 0.4187 ms
[16:11:21 INF] HTTP GET /css/site.css responded 304 in 0.3931 ms
[16:11:21 INF] HTTP GET /Biktal.WebMVC.styles.css responded 304 in 0.3415 ms
[16:11:22 INF] HTTP GET /lib/jquery/dist/jquery.min.js responded 304 in 0.2615 ms
[16:11:22 INF] HTTP GET /lib/bootstrap/dist/js/bootstrap.bundle.min.js responded 304 in 0.4466 ms
[16:11:22 INF] HTTP GET /js/site.js responded 304 in 0.3108 ms
[16:11:22 INF] HTTP GET /lib/jquery-validation-unobtrusive/dist/jquery.validate.unobtrusive.min.js responded 304 in 0.4441 ms
[16:11:22 INF] HTTP GET /lib/jquery-validation/dist/jquery.validate.min.js responded 304 in 0.7046 ms
[16:11:22 INF] HTTP GET /js/products-catalog-filter.js responded 304 in 1.1047 ms
[16:11:26 INF] HTTP POST /Inventory/EditProduct responded 302 in 5.9186 ms
[16:11:26 INF] HTTP GET /Inventory/Products responded 200 in 48.9512 ms
[16:11:26 INF] HTTP GET /Biktal.WebMVC.styles.css responded 304 in 0.3402 ms
[16:11:26 INF] HTTP GET /css/site.css responded 304 in 0.3446 ms
[16:11:26 INF] HTTP GET /lib/bootstrap/dist/css/bootstrap.min.css responded 304 in 0.5922 ms
[16:11:27 INF] HTTP GET /lib/jquery/dist/jquery.min.js responded 304 in 0.2475 ms
[16:11:27 INF] HTTP GET /lib/bootstrap/dist/js/bootstrap.bundle.min.js responded 304 in 0.4179 ms
[16:11:27 INF] HTTP GET /js/site.js responded 304 in 0.4113 ms
[16:11:27 INF] HTTP GET /lib/jquery-validation/dist/jquery.validate.min.js responded 304 in 0.3251 ms
[16:11:27 INF] HTTP GET /lib/jquery-validation-unobtrusive/dist/jquery.validate.unobtrusive.min.js responded 304 in 0.4174 ms
[16:11:27 INF] HTTP GET /js/products-catalog-filter.js responded 304 in 0.4008 ms
[16:13:14 INF] HTTP GET /Inventory/Products responded 200 in 81.4258 ms
[16:13:14 INF] HTTP GET /css/site.css responded 200 in 1.2681 ms
[16:13:14 INF] HTTP GET /Biktal.WebMVC.styles.css responded 200 in 5.8216 ms
[16:13:14 INF] HTTP GET /lib/bootstrap/dist/css/bootstrap.min.css responded 200 in 6.8931 ms
[16:13:15 INF] HTTP GET /lib/jquery/dist/jquery.min.js responded 200 in 0.6245 ms
[16:13:15 INF] HTTP GET /js/site.js responded 200 in 0.8161 ms
[16:13:15 INF] HTTP GET /lib/jquery-validation/dist/jquery.validate.min.js responded 200 in 0.5720 ms
[16:13:15 INF] HTTP GET /lib/bootstrap/dist/js/bootstrap.bundle.min.js responded 200 in 0.4932 ms
[16:13:15 INF] HTTP GET /lib/jquery-validation-unobtrusive/dist/jquery.validate.unobtrusive.min.js responded 200 in 1.2117 ms
[16:13:15 INF] HTTP GET /js/products-catalog-filter.js responded 200 in 0.7430 ms
[16:13:19 INF] HTTP POST /Inventory/EditProduct responded 302 in 7.7419 ms
[16:13:19 INF] HTTP GET /Inventory/Products responded 200 in 53.6882 ms
[16:13:19 INF] HTTP GET /css/site.css responded 200 in 1.5208 ms
[16:13:19 INF] HTTP GET /lib/bootstrap/dist/css/bootstrap.min.css responded 200 in 2.3806 ms
[16:13:19 INF] HTTP GET /Biktal.WebMVC.styles.css responded 200 in 2.9844 ms
[16:13:20 INF] HTTP GET /lib/jquery/dist/jquery.min.js responded 200 in 0.6170 ms
[16:13:20 INF] HTTP GET /js/site.js responded 200 in 0.6843 ms
[16:13:20 INF] HTTP GET /lib/bootstrap/dist/js/bootstrap.bundle.min.js responded 200 in 0.6558 ms
[16:13:20 INF] HTTP GET /lib/jquery-validation/dist/jquery.validate.min.js responded 200 in 0.6331 ms
[16:13:20 INF] HTTP GET /lib/jquery-validation-unobtrusive/dist/jquery.validate.unobtrusive.min.js responded 200 in 0.5863 ms
[16:13:20 INF] HTTP GET /js/products-catalog-filter.js responded 200 in 3.9456 ms
[16:13:30 INF] HTTP GET /Inventory/Products responded 200 in 47.7547 ms
[16:13:30 INF] HTTP GET /lib/bootstrap/dist/css/bootstrap.min.css responded 304 in 0.3834 ms
[16:13:30 INF] HTTP GET /Biktal.WebMVC.styles.css responded 304 in 1.4901 ms
[16:13:30 INF] HTTP GET /css/site.css responded 304 in 2.6987 ms
[16:13:31 INF] HTTP GET /lib/jquery/dist/jquery.min.js responded 304 in 0.2429 ms
[16:13:31 INF] HTTP GET /lib/bootstrap/dist/js/bootstrap.bundle.min.js responded 304 in 0.4787 ms
[16:13:31 INF] HTTP GET /js/site.js responded 304 in 0.2631 ms
[16:13:31 INF] HTTP GET /lib/jquery-validation/dist/jquery.validate.min.js responded 304 in 0.7616 ms
[16:13:31 INF] HTTP GET /lib/jquery-validation-unobtrusive/dist/jquery.validate.unobtrusive.min.js responded 304 in 0.5855 ms
[16:13:31 INF] HTTP GET /js/products-catalog-filter.js responded 304 in 1.4095 ms
[16:13:46 INF] HTTP POST /Inventory/EditProduct responded 302 in 8.3362 ms
[16:13:46 INF] HTTP GET /Inventory/Products responded 200 in 60.4836 ms
[16:13:47 INF] HTTP GET /css/site.css responded 304 in 0.3707 ms
[16:13:47 INF] HTTP GET /Biktal.WebMVC.styles.css responded 304 in 0.3568 ms
[16:13:47 INF] HTTP GET /lib/bootstrap/dist/css/bootstrap.min.css responded 200 in 1.2130 ms
[16:13:47 INF] HTTP GET /lib/jquery/dist/jquery.min.js responded 304 in 0.2504 ms
[16:13:47 INF] HTTP GET /js/site.js responded 304 in 0.3365 ms
[16:13:47 INF] HTTP GET /lib/bootstrap/dist/js/bootstrap.bundle.min.js responded 304 in 0.3950 ms
[16:13:47 INF] HTTP GET /lib/jquery-validation-unobtrusive/dist/jquery.validate.unobtrusive.min.js responded 304 in 0.3064 ms
[16:13:47 INF] HTTP GET /js/products-catalog-filter.js responded 304 in 0.3066 ms
[16:13:47 INF] HTTP GET /lib/jquery-validation/dist/jquery.validate.min.js responded 304 in 0.3422 ms
[16:13:56 INF] HTTP GET /Inventory/Products responded 200 in 41.8633 ms
[16:13:56 INF] HTTP GET /lib/bootstrap/dist/css/bootstrap.min.css responded 304 in 0.7016 ms
[16:13:56 INF] HTTP GET /css/site.css responded 304 in 2.4142 ms
[16:13:56 INF] HTTP GET /Biktal.WebMVC.styles.css responded 304 in 0.8641 ms
[16:13:57 INF] HTTP GET /lib/jquery/dist/jquery.min.js responded 304 in 0.2467 ms
[16:13:57 INF] HTTP GET /lib/bootstrap/dist/js/bootstrap.bundle.min.js responded 304 in 0.4523 ms
[16:13:57 INF] HTTP GET /js/site.js responded 304 in 0.2650 ms
[16:13:57 INF] HTTP GET /lib/jquery-validation/dist/jquery.validate.min.js responded 304 in 0.3089 ms
[16:13:57 INF] HTTP GET /lib/jquery-validation-unobtrusive/dist/jquery.validate.unobtrusive.min.js responded 304 in 0.2496 ms
[16:13:57 INF] HTTP GET /js/products-catalog-filter.js responded 304 in 0.4173 ms
[16:14:01 INF] HTTP POST /Inventory/EditProduct responded 302 in 5.4812 ms
[16:14:01 INF] HTTP GET /Inventory/Products responded 200 in 47.8412 ms
[16:14:01 INF] HTTP GET /Biktal.WebMVC.styles.css responded 304 in 0.6515 ms
[16:14:01 INF] HTTP GET /css/site.css responded 304 in 0.9335 ms
[16:14:01 INF] HTTP GET /lib/bootstrap/dist/css/bootstrap.min.css responded 304 in 0.5734 ms
[16:14:02 INF] HTTP GET /lib/jquery/dist/jquery.min.js responded 304 in 0.3389 ms
[16:14:02 INF] HTTP GET /lib/bootstrap/dist/js/bootstrap.bundle.min.js responded 304 in 0.6007 ms
[16:14:02 INF] HTTP GET /js/site.js responded 304 in 0.4076 ms
[16:14:02 INF] HTTP GET /lib/jquery-validation/dist/jquery.validate.min.js responded 304 in 0.4985 ms
[16:14:02 INF] HTTP GET /js/products-catalog-filter.js responded 304 in 0.6298 ms
[16:14:02 INF] HTTP GET /lib/jquery-validation-unobtrusive/dist/jquery.validate.unobtrusive.min.js responded 304 in 0.5475 ms
[16:14:13 INF] HTTP GET /Inventory/Products responded 200 in 44.7657 ms
[16:14:13 INF] HTTP GET /css/site.css responded 304 in 0.3472 ms
[16:14:13 INF] HTTP GET /Biktal.WebMVC.styles.css responded 304 in 0.4049 ms
[16:14:13 INF] HTTP GET /lib/bootstrap/dist/css/bootstrap.min.css responded 200 in 1.7307 ms
[16:14:14 INF] HTTP GET /lib/jquery/dist/jquery.min.js responded 304 in 0.2517 ms
[16:14:14 INF] HTTP GET /lib/bootstrap/dist/js/bootstrap.bundle.min.js responded 304 in 0.3840 ms
[16:14:14 INF] HTTP GET /js/site.js responded 304 in 0.3156 ms
[16:14:14 INF] HTTP GET /lib/jquery-validation-unobtrusive/dist/jquery.validate.unobtrusive.min.js responded 304 in 0.2469 ms
[16:14:14 INF] HTTP GET /lib/jquery-validation/dist/jquery.validate.min.js responded 304 in 0.3909 ms
[16:14:14 INF] HTTP GET /js/products-catalog-filter.js responded 304 in 0.3918 ms
[16:14:16 INF] HTTP GET /Inventory/Products responded 200 in 45.0056 ms
[16:14:16 INF] HTTP GET /lib/bootstrap/dist/css/bootstrap.min.css responded 304 in 0.4047 ms
[16:14:16 INF] HTTP GET /css/site.css responded 304 in 0.2687 ms
[16:14:16 INF] HTTP GET /Biktal.WebMVC.styles.css responded 304 in 0.5884 ms
[16:14:16 INF] HTTP GET /lib/jquery/dist/jquery.min.js responded 304 in 0.4141 ms
[16:14:17 INF] HTTP GET /lib/bootstrap/dist/js/bootstrap.bundle.min.js responded 304 in 0.3535 ms
[16:14:17 INF] HTTP GET /js/site.js responded 304 in 0.4630 ms
[16:14:17 INF] HTTP GET /lib/jquery-validation/dist/jquery.validate.min.js responded 304 in 0.5689 ms
[16:14:17 INF] HTTP GET /lib/jquery-validation-unobtrusive/dist/jquery.validate.unobtrusive.min.js responded 304 in 1.0760 ms
[16:14:17 INF] HTTP GET /js/products-catalog-filter.js responded 304 in 0.6242 ms
[16:14:35 INF] HTTP GET /Inventory/Products responded 200 in 46.2125 ms
[16:14:35 INF] HTTP GET /lib/bootstrap/dist/css/bootstrap.min.css responded 200 in 1.1218 ms
[16:14:35 INF] HTTP GET /css/site.css responded 304 in 0.4907 ms
[16:14:35 INF] HTTP GET /Biktal.WebMVC.styles.css responded 304 in 3.7397 ms
[16:14:36 INF] HTTP GET /lib/jquery/dist/jquery.min.js responded 304 in 0.2451 ms
[16:14:36 INF] HTTP GET /lib/bootstrap/dist/js/bootstrap.bundle.min.js responded 304 in 0.3598 ms
[16:14:36 INF] HTTP GET /js/site.js responded 304 in 0.4083 ms
[16:14:36 INF] HTTP GET /lib/jquery-validation/dist/jquery.validate.min.js responded 304 in 0.4282 ms
[16:14:36 INF] HTTP GET /lib/jquery-validation-unobtrusive/dist/jquery.validate.unobtrusive.min.js responded 304 in 0.3876 ms
[16:14:36 INF] HTTP GET /js/products-catalog-filter.js responded 304 in 0.4084 ms
[16:14:39 INF] HTTP POST /Inventory/EditProduct responded 302 in 5.2627 ms
[16:14:39 INF] HTTP GET /Inventory/Products responded 200 in 50.0711 ms
[16:14:39 INF] HTTP GET /lib/bootstrap/dist/css/bootstrap.min.css responded 304 in 0.4310 ms
[16:14:39 INF] HTTP GET /css/site.css responded 304 in 0.2735 ms
[16:14:39 INF] HTTP GET /Biktal.WebMVC.styles.css responded 304 in 1.0203 ms
[16:14:40 INF] HTTP GET /lib/jquery/dist/jquery.min.js responded 304 in 0.2539 ms
[16:14:40 INF] HTTP GET /js/site.js responded 304 in 0.5152 ms
[16:14:40 INF] HTTP GET /lib/bootstrap/dist/js/bootstrap.bundle.min.js responded 304 in 1.0285 ms
[16:14:40 INF] HTTP GET /lib/jquery-validation-unobtrusive/dist/jquery.validate.unobtrusive.min.js responded 304 in 0.4407 ms
[16:14:40 INF] HTTP GET /lib/jquery-validation/dist/jquery.validate.min.js responded 304 in 1.5024 ms
[16:14:40 INF] HTTP GET /js/products-catalog-filter.js responded 304 in 0.4758 ms
[16:15:31 INF] HTTP POST /Inventory/AddProduct responded 302 in 8.3006 ms
[16:15:31 INF] HTTP GET /Inventory/Products responded 200 in 110.7823 ms
[16:15:32 INF] HTTP GET /css/site.css responded 200 in 2.1146 ms
[16:15:32 INF] HTTP GET /Biktal.WebMVC.styles.css responded 200 in 0.8652 ms
[16:15:32 INF] HTTP GET /lib/bootstrap/dist/css/bootstrap.min.css responded 200 in 1.7531 ms
[16:15:33 INF] HTTP GET /lib/jquery/dist/jquery.min.js responded 200 in 0.6053 ms
[16:15:33 INF] HTTP GET /js/site.js responded 200 in 0.6996 ms
[16:15:33 INF] HTTP GET /lib/bootstrap/dist/js/bootstrap.bundle.min.js responded 200 in 0.6978 ms
[16:15:33 INF] HTTP GET /lib/jquery-validation/dist/jquery.validate.min.js responded 200 in 1.0079 ms
[16:15:33 INF] HTTP GET /lib/jquery-validation-unobtrusive/dist/jquery.validate.unobtrusive.min.js responded 200 in 1.7256 ms
[16:15:33 INF] HTTP GET /js/products-catalog-filter.js responded 200 in 0.8699 ms
[16:15:38 INF] HTTP GET /Inventory/Products responded 200 in 42.2130 ms
[16:15:38 INF] HTTP GET /css/site.css responded 200 in 2.0100 ms
[16:15:38 INF] HTTP GET /lib/bootstrap/dist/css/bootstrap.min.css responded 200 in 3.6663 ms
[16:15:38 INF] HTTP GET /Biktal.WebMVC.styles.css responded 200 in 3.5376 ms
[16:15:39 INF] HTTP GET /lib/jquery/dist/jquery.min.js responded 200 in 0.6155 ms
[16:15:39 INF] HTTP GET /js/site.js responded 200 in 0.8789 ms
[16:15:39 INF] HTTP GET /js/products-catalog-filter.js responded 200 in 0.5079 ms
[16:15:39 INF] HTTP GET /lib/bootstrap/dist/js/bootstrap.bundle.min.js responded 200 in 0.6247 ms
[16:15:39 INF] HTTP GET /lib/jquery-validation-unobtrusive/dist/jquery.validate.unobtrusive.min.js responded 200 in 0.7910 ms
[16:15:39 INF] HTTP GET /lib/jquery-validation/dist/jquery.validate.min.js responded 200 in 0.9429 ms
[16:15:42 INF] HTTP POST /Inventory/EditProduct responded 302 in 5.8417 ms
[16:15:42 INF] HTTP GET /Inventory/Products responded 200 in 35.3669 ms
[16:15:42 INF] HTTP GET /lib/bootstrap/dist/css/bootstrap.min.css responded 200 in 1.7163 ms
[16:15:42 INF] HTTP GET /css/site.css responded 200 in 1.3928 ms
[16:15:42 INF] HTTP GET /Biktal.WebMVC.styles.css responded 200 in 1.5973 ms
[16:15:43 INF] HTTP GET /lib/jquery/dist/jquery.min.js responded 304 in 0.2463 ms
[16:15:43 INF] HTTP GET /lib/bootstrap/dist/js/bootstrap.bundle.min.js responded 304 in 0.3696 ms
[16:15:43 INF] HTTP GET /js/site.js responded 304 in 0.4450 ms
[16:15:43 INF] HTTP GET /lib/jquery-validation-unobtrusive/dist/jquery.validate.unobtrusive.min.js responded 304 in 0.2185 ms
[16:15:43 INF] HTTP GET /lib/jquery-validation/dist/jquery.validate.min.js responded 304 in 0.3107 ms
[16:15:43 INF] HTTP GET /js/products-catalog-filter.js responded 304 in 0.3082 ms
[16:15:52 INF] HTTP GET /Inventory/Products responded 200 in 51.2917 ms
[16:15:52 INF] HTTP GET /lib/bootstrap/dist/css/bootstrap.min.css responded 200 in 7.0462 ms
[16:15:52 INF] HTTP GET /css/site.css responded 200 in 1.0193 ms
[16:15:52 INF] HTTP GET /Biktal.WebMVC.styles.css responded 200 in 3.3448 ms
[16:15:53 INF] HTTP GET /lib/jquery/dist/jquery.min.js responded 304 in 0.2523 ms
[16:15:53 INF] HTTP GET /lib/bootstrap/dist/js/bootstrap.bundle.min.js responded 304 in 0.6021 ms
[16:15:53 INF] HTTP GET /js/site.js responded 304 in 0.3448 ms
[16:15:53 INF] HTTP GET /lib/jquery-validation/dist/jquery.validate.min.js responded 304 in 0.3968 ms
[16:15:53 INF] HTTP GET /lib/jquery-validation-unobtrusive/dist/jquery.validate.unobtrusive.min.js responded 304 in 0.5647 ms
[16:15:53 INF] HTTP GET /js/products-catalog-filter.js responded 304 in 0.4070 ms
[16:15:56 INF] HTTP POST /Inventory/EditProduct responded 302 in 5.9869 ms
[16:15:56 INF] HTTP GET /Inventory/Products responded 200 in 35.7351 ms
[16:15:56 INF] HTTP GET /Biktal.WebMVC.styles.css responded 200 in 0.8107 ms
[16:15:56 INF] HTTP GET /css/site.css responded 200 in 1.1588 ms
[16:15:56 INF] HTTP GET /lib/bootstrap/dist/css/bootstrap.min.css responded 200 in 3.3304 ms
[16:15:57 INF] HTTP GET /lib/jquery/dist/jquery.min.js responded 304 in 0.2578 ms
[16:15:57 INF] HTTP GET /lib/bootstrap/dist/js/bootstrap.bundle.min.js responded 304 in 0.4113 ms
[16:15:57 INF] HTTP GET /js/site.js responded 304 in 0.3474 ms
[16:15:57 INF] HTTP GET /lib/jquery-validation/dist/jquery.validate.min.js responded 304 in 1.2803 ms
[16:15:57 INF] HTTP GET /lib/jquery-validation-unobtrusive/dist/jquery.validate.unobtrusive.min.js responded 304 in 0.4170 ms
[16:15:57 INF] HTTP GET /js/products-catalog-filter.js responded 304 in 0.5234 ms
[16:16:02 INF] HTTP GET /Inventory/Products responded 200 in 107.4469 ms
[16:16:02 INF] HTTP GET /lib/bootstrap/dist/css/bootstrap.min.css responded 304 in 1.0618 ms
[16:16:02 INF] HTTP GET /css/site.css responded 304 in 0.6260 ms
[16:16:02 INF] HTTP GET /Biktal.WebMVC.styles.css responded 304 in 0.5608 ms
[16:16:03 INF] HTTP GET /lib/jquery/dist/jquery.min.js responded 304 in 0.2646 ms
[16:16:03 INF] HTTP GET /lib/bootstrap/dist/js/bootstrap.bundle.min.js responded 304 in 0.4029 ms
[16:16:03 INF] HTTP GET /js/site.js responded 304 in 0.5045 ms
[16:16:03 INF] HTTP GET /lib/jquery-validation/dist/jquery.validate.min.js responded 304 in 0.4438 ms
[16:16:03 INF] HTTP GET /lib/jquery-validation-unobtrusive/dist/jquery.validate.unobtrusive.min.js responded 304 in 0.8566 ms
[16:16:03 INF] HTTP GET /js/products-catalog-filter.js responded 304 in 0.5117 ms
[16:16:07 INF] HTTP POST /Inventory/EditProduct responded 302 in 10.0900 ms
[16:16:07 INF] HTTP GET /Inventory/Products responded 200 in 33.3787 ms
[16:16:07 INF] HTTP GET /lib/bootstrap/dist/css/bootstrap.min.css responded 304 in 0.3832 ms
[16:16:07 INF] HTTP GET /css/site.css responded 304 in 0.3745 ms
[16:16:07 INF] HTTP GET /Biktal.WebMVC.styles.css responded 304 in 2.4816 ms
[16:16:08 INF] HTTP GET /lib/jquery/dist/jquery.min.js responded 304 in 0.2466 ms
[16:16:08 INF] HTTP GET /lib/bootstrap/dist/js/bootstrap.bundle.min.js responded 304 in 0.4689 ms
[16:16:08 INF] HTTP GET /js/site.js responded 304 in 0.3305 ms
[16:16:08 INF] HTTP GET /lib/jquery-validation/dist/jquery.validate.min.js responded 304 in 0.4372 ms
[16:16:08 INF] HTTP GET /lib/jquery-validation-unobtrusive/dist/jquery.validate.unobtrusive.min.js responded 304 in 0.6413 ms
[16:16:08 INF] HTTP GET /js/products-catalog-filter.js responded 304 in 0.4008 ms
[16:16:18 INF] HTTP GET /Inventory/Products responded 200 in 45.4378 ms
[16:16:18 INF] HTTP GET /lib/bootstrap/dist/css/bootstrap.min.css responded 304 in 2.5626 ms
[16:16:18 INF] HTTP GET /css/site.css responded 304 in 0.4787 ms
[16:16:18 INF] HTTP GET /Biktal.WebMVC.styles.css responded 304 in 0.4823 ms
[16:16:19 INF] HTTP GET /lib/jquery/dist/jquery.min.js responded 304 in 0.3011 ms
[16:16:19 INF] HTTP GET /lib/bootstrap/dist/js/bootstrap.bundle.min.js responded 304 in 0.5936 ms
[16:16:19 INF] HTTP GET /lib/jquery-validation/dist/jquery.validate.min.js responded 304 in 0.2691 ms
[16:16:19 INF] HTTP GET /js/site.js responded 304 in 0.2691 ms
[16:16:19 INF] HTTP GET /lib/jquery-validation-unobtrusive/dist/jquery.validate.unobtrusive.min.js responded 304 in 0.3581 ms
[16:16:19 INF] HTTP GET /js/products-catalog-filter.js responded 304 in 0.3786 ms
[16:16:30 INF] HTTP POST /Inventory/EditProduct responded 302 in 6.5515 ms
[16:16:30 INF] HTTP GET /Inventory/Products responded 200 in 52.5911 ms
[16:16:30 INF] HTTP GET /lib/bootstrap/dist/css/bootstrap.min.css responded 304 in 0.4442 ms
[16:16:30 INF] HTTP GET /css/site.css responded 304 in 0.5280 ms
[16:16:30 INF] HTTP GET /Biktal.WebMVC.styles.css responded 304 in 0.6198 ms
[16:16:31 INF] HTTP GET /lib/jquery/dist/jquery.min.js responded 304 in 0.2526 ms
[16:16:31 INF] HTTP GET /lib/bootstrap/dist/js/bootstrap.bundle.min.js responded 304 in 0.5203 ms
[16:16:31 INF] HTTP GET /js/site.js responded 304 in 0.3911 ms
[16:16:31 INF] HTTP GET /lib/jquery-validation/dist/jquery.validate.min.js responded 304 in 0.4776 ms
[16:16:31 INF] HTTP GET /js/products-catalog-filter.js responded 304 in 0.2102 ms
[16:16:31 INF] HTTP GET /lib/jquery-validation-unobtrusive/dist/jquery.validate.unobtrusive.min.js responded 304 in 0.3820 ms
[16:17:12 INF] HTTP GET /Inventory/Products responded 200 in 99.1392 ms
[16:17:12 INF] HTTP GET /css/site.css responded 200 in 1.7687 ms
[16:17:12 INF] HTTP GET /lib/bootstrap/dist/css/bootstrap.min.css responded 200 in 4.8344 ms
[16:17:12 INF] HTTP GET /Biktal.WebMVC.styles.css responded 200 in 2.4639 ms
[16:17:13 INF] HTTP GET /lib/jquery/dist/jquery.min.js responded 200 in 0.6547 ms
[16:17:13 INF] HTTP GET /lib/bootstrap/dist/js/bootstrap.bundle.min.js responded 200 in 0.9789 ms
[16:17:13 INF] HTTP GET /lib/jquery-validation-unobtrusive/dist/jquery.validate.unobtrusive.min.js responded 200 in 0.8840 ms
[16:17:13 INF] HTTP GET /js/site.js responded 200 in 1.1327 ms
[16:17:13 INF] HTTP GET /js/products-catalog-filter.js responded 200 in 0.5195 ms
[16:17:13 INF] HTTP GET /lib/jquery-validation/dist/jquery.validate.min.js responded 200 in 0.8205 ms
[16:17:16 INF] HTTP POST /Inventory/EditProduct responded 302 in 8.1759 ms
[16:17:16 INF] HTTP GET /Inventory/Products responded 200 in 47.0823 ms
[16:17:16 INF] HTTP GET /lib/bootstrap/dist/css/bootstrap.min.css responded 200 in 0.6943 ms
[16:17:16 INF] HTTP GET /css/site.css responded 200 in 1.6344 ms
[16:17:16 INF] HTTP GET /Biktal.WebMVC.styles.css responded 200 in 3.2068 ms
[16:17:17 INF] HTTP GET /lib/jquery/dist/jquery.min.js responded 200 in 0.5952 ms
[16:17:17 INF] HTTP GET /lib/bootstrap/dist/js/bootstrap.bundle.min.js responded 200 in 0.8187 ms
[16:17:17 INF] HTTP GET /js/site.js responded 200 in 0.7405 ms
[16:17:17 INF] HTTP GET /lib/jquery-validation/dist/jquery.validate.min.js responded 200 in 1.2146 ms
[16:17:17 INF] HTTP GET /lib/jquery-validation-unobtrusive/dist/jquery.validate.unobtrusive.min.js responded 200 in 3.0542 ms
[16:17:17 INF] HTTP GET /js/products-catalog-filter.js responded 200 in 1.8768 ms
[16:17:55 INF] HTTP GET /Inventory/Products responded 200 in 51.3727 ms
[16:17:55 INF] HTTP GET /css/site.css responded 200 in 0.9281 ms
[16:17:55 INF] HTTP GET /Biktal.WebMVC.styles.css responded 200 in 9.7911 ms
[16:17:55 INF] HTTP GET /lib/bootstrap/dist/css/bootstrap.min.css responded 200 in 4.9044 ms
[16:17:55 INF] HTTP GET /lib/jquery/dist/jquery.min.js responded 304 in 0.2446 ms
[16:17:56 INF] HTTP GET /lib/bootstrap/dist/js/bootstrap.bundle.min.js responded 304 in 0.2854 ms
[16:17:56 INF] HTTP GET /js/site.js responded 304 in 0.3407 ms
[16:17:56 INF] HTTP GET /lib/jquery-validation/dist/jquery.validate.min.js responded 304 in 0.2477 ms
[16:17:56 INF] HTTP GET /lib/jquery-validation-unobtrusive/dist/jquery.validate.unobtrusive.min.js responded 304 in 0.3091 ms
[16:17:56 INF] HTTP GET /js/products-catalog-filter.js responded 304 in 0.4959 ms
[16:17:59 INF] HTTP POST /Inventory/EditProduct responded 302 in 7.8915 ms
[16:17:59 INF] HTTP GET /Inventory/Products responded 200 in 46.9167 ms
[16:18:00 INF] HTTP GET /lib/bootstrap/dist/css/bootstrap.min.css responded 304 in 0.6635 ms
[16:18:00 INF] HTTP GET /css/site.css responded 304 in 0.8203 ms
[16:18:00 INF] HTTP GET /Biktal.WebMVC.styles.css responded 304 in 0.3964 ms
[16:18:00 INF] HTTP GET /lib/jquery/dist/jquery.min.js responded 304 in 0.3090 ms
[16:18:00 INF] HTTP GET /js/site.js responded 304 in 0.7936 ms
[16:18:00 INF] HTTP GET /lib/bootstrap/dist/js/bootstrap.bundle.min.js responded 304 in 0.8443 ms
[16:18:00 INF] HTTP GET /lib/jquery-validation/dist/jquery.validate.min.js responded 304 in 0.3204 ms
[16:18:00 INF] HTTP GET /lib/jquery-validation-unobtrusive/dist/jquery.validate.unobtrusive.min.js responded 304 in 0.2101 ms
[16:18:00 INF] HTTP GET /js/products-catalog-filter.js responded 304 in 0.2319 ms
[16:18:08 INF] HTTP GET /Inventory/Products responded 200 in 39.0599 ms
[16:18:08 INF] HTTP GET /lib/bootstrap/dist/css/bootstrap.min.css responded 304 in 1.6530 ms
[16:18:08 INF] HTTP GET /Biktal.WebMVC.styles.css responded 304 in 0.5148 ms
[16:18:08 INF] HTTP GET /css/site.css responded 304 in 1.3927 ms
[16:18:09 INF] HTTP GET /lib/jquery/dist/jquery.min.js responded 304 in 0.2438 ms
[16:18:09 INF] HTTP GET /lib/bootstrap/dist/js/bootstrap.bundle.min.js responded 304 in 0.5483 ms
[16:18:09 INF] HTTP GET /js/site.js responded 304 in 0.4607 ms
[16:18:09 INF] HTTP GET /lib/jquery-validation/dist/jquery.validate.min.js responded 304 in 0.2537 ms
[16:18:09 INF] HTTP GET /lib/jquery-validation-unobtrusive/dist/jquery.validate.unobtrusive.min.js responded 304 in 0.3281 ms
[16:18:09 INF] HTTP GET /js/products-catalog-filter.js responded 304 in 0.4348 ms
[16:18:11 INF] HTTP POST /Inventory/EditProduct responded 302 in 7.5624 ms
[16:18:11 INF] HTTP GET /Inventory/Products responded 200 in 51.1699 ms
[16:18:11 INF] HTTP GET /lib/bootstrap/dist/css/bootstrap.min.css responded 304 in 0.4480 ms
[16:18:11 INF] HTTP GET /css/site.css responded 304 in 0.3338 ms
[16:18:11 INF] HTTP GET /Biktal.WebMVC.styles.css responded 304 in 0.9846 ms
[16:18:12 INF] HTTP GET /lib/jquery/dist/jquery.min.js responded 304 in 0.2454 ms
[16:18:12 INF] HTTP GET /js/site.js responded 304 in 0.3511 ms
[16:18:12 INF] HTTP GET /lib/bootstrap/dist/js/bootstrap.bundle.min.js responded 304 in 0.5690 ms
[16:18:12 INF] HTTP GET /lib/jquery-validation-unobtrusive/dist/jquery.validate.unobtrusive.min.js responded 304 in 0.2278 ms
[16:18:12 INF] HTTP GET /lib/jquery-validation/dist/jquery.validate.min.js responded 304 in 0.3143 ms
[16:18:12 INF] HTTP GET /js/products-catalog-filter.js responded 304 in 0.1925 ms
[16:18:52 INF] HTTP GET /Inventory/Products responded 200 in 85.8159 ms
[16:18:52 INF] HTTP GET /css/site.css responded 304 in 0.5935 ms
[16:18:52 INF] HTTP GET /Biktal.WebMVC.styles.css responded 304 in 0.3930 ms
[16:18:52 INF] HTTP GET /lib/bootstrap/dist/css/bootstrap.min.css responded 200 in 8.5147 ms
[16:18:54 INF] HTTP GET /lib/jquery/dist/jquery.min.js responded 304 in 0.3475 ms
[16:18:54 INF] HTTP GET /lib/bootstrap/dist/js/bootstrap.bundle.min.js responded 304 in 0.6713 ms
[16:18:54 INF] HTTP GET /js/site.js responded 304 in 0.3270 ms
[16:18:54 INF] HTTP GET /lib/jquery-validation/dist/jquery.validate.min.js responded 304 in 0.8243 ms
[16:18:54 INF] HTTP GET /js/products-catalog-filter.js responded 304 in 1.0283 ms
[16:18:54 INF] HTTP GET /lib/jquery-validation-unobtrusive/dist/jquery.validate.unobtrusive.min.js responded 304 in 0.5498 ms
[16:19:01 INF] HTTP POST /Inventory/EditProduct responded 302 in 8.6168 ms
[16:19:01 INF] HTTP GET /Inventory/Products responded 200 in 54.1367 ms
[16:19:01 INF] HTTP GET /lib/bootstrap/dist/css/bootstrap.min.css responded 304 in 0.5077 ms
[16:19:01 INF] HTTP GET /css/site.css responded 304 in 0.8623 ms
[16:19:01 INF] HTTP GET /Biktal.WebMVC.styles.css responded 304 in 1.4715 ms
[16:19:01 INF] HTTP GET /lib/jquery/dist/jquery.min.js responded 304 in 0.2453 ms
[16:19:01 INF] HTTP GET /lib/bootstrap/dist/js/bootstrap.bundle.min.js responded 304 in 0.7035 ms
[16:19:01 INF] HTTP GET /js/site.js responded 304 in 0.2992 ms
[16:19:01 INF] HTTP GET /lib/jquery-validation/dist/jquery.validate.min.js responded 304 in 0.2997 ms
[16:19:01 INF] HTTP GET /js/products-catalog-filter.js responded 304 in 0.2071 ms
[16:19:01 INF] HTTP GET /lib/jquery-validation-unobtrusive/dist/jquery.validate.unobtrusive.min.js responded 304 in 0.3313 ms
[16:22:20 INF] HTTP GET /Inventory/Products responded 200 in 184.9378 ms
[16:22:20 INF] HTTP GET /Inventory/Products responded 200 in 61.1063 ms
[16:22:20 INF] HTTP GET /lib/bootstrap/dist/css/bootstrap.min.css responded 200 in 0.9734 ms
[16:22:20 INF] HTTP GET /css/site.css responded 200 in 1.4274 ms
[16:22:20 INF] HTTP GET /Biktal.WebMVC.styles.css responded 200 in 1.0518 ms
[16:22:21 INF] HTTP GET /lib/jquery/dist/jquery.min.js responded 200 in 0.7882 ms
[16:22:21 INF] HTTP GET /js/site.js responded 200 in 0.7200 ms
[16:22:21 INF] HTTP GET /lib/jquery-validation/dist/jquery.validate.min.js responded 200 in 3.1816 ms
[16:22:21 INF] HTTP GET /lib/bootstrap/dist/js/bootstrap.bundle.min.js responded 200 in 2.6511 ms
[16:22:21 INF] HTTP GET /js/products-catalog-filter.js responded 200 in 0.6687 ms
[16:22:21 INF] HTTP GET /lib/jquery-validation-unobtrusive/dist/jquery.validate.unobtrusive.min.js responded 200 in 2.3133 ms
[16:22:35 INF] HTTP POST /Inventory/EditProduct responded 302 in 15.6828 ms
[16:22:35 INF] HTTP GET /Inventory/Products responded 200 in 63.3175 ms
[16:22:35 INF] HTTP GET /lib/bootstrap/dist/css/bootstrap.min.css responded 200 in 1.3839 ms
[16:22:35 INF] HTTP GET /css/site.css responded 200 in 1.9467 ms
[16:22:35 INF] HTTP GET /Biktal.WebMVC.styles.css responded 200 in 0.8802 ms
[16:22:36 INF] HTTP GET /lib/jquery/dist/jquery.min.js responded 304 in 0.7863 ms
[16:22:36 INF] HTTP GET /lib/bootstrap/dist/js/bootstrap.bundle.min.js responded 304 in 0.3568 ms
[16:22:36 INF] HTTP GET /lib/jquery-validation/dist/jquery.validate.min.js responded 304 in 0.3164 ms
[16:22:36 INF] HTTP GET /js/site.js responded 304 in 0.2173 ms
[16:22:36 INF] HTTP GET /js/products-catalog-filter.js responded 304 in 0.2416 ms
[16:22:36 INF] HTTP GET /lib/jquery-validation-unobtrusive/dist/jquery.validate.unobtrusive.min.js responded 304 in 0.2091 ms
[16:22:48 INF] HTTP GET /Inventory/Products responded 200 in 47.3365 ms
[16:22:48 INF] HTTP GET /lib/bootstrap/dist/css/bootstrap.min.css responded 200 in 5.9471 ms
[16:22:48 INF] HTTP GET /css/site.css responded 200 in 1.5311 ms
[16:22:48 INF] HTTP GET /Biktal.WebMVC.styles.css responded 200 in 1.0854 ms
[16:22:48 INF] HTTP GET /lib/jquery/dist/jquery.min.js responded 304 in 0.2502 ms
[16:22:48 INF] HTTP GET /lib/bootstrap/dist/js/bootstrap.bundle.min.js responded 304 in 0.3763 ms
[16:22:48 INF] HTTP GET /js/site.js responded 304 in 0.3511 ms
[16:22:48 INF] HTTP GET /lib/jquery-validation-unobtrusive/dist/jquery.validate.unobtrusive.min.js responded 304 in 0.2018 ms
[16:22:48 INF] HTTP GET /lib/jquery-validation/dist/jquery.validate.min.js responded 304 in 0.3026 ms
[16:22:48 INF] HTTP GET /js/products-catalog-filter.js responded 304 in 0.2888 ms
[16:22:52 INF] HTTP POST /Inventory/EditProduct responded 302 in 5.0188 ms
[16:22:52 INF] HTTP GET /Inventory/Products responded 200 in 37.9424 ms
[16:22:52 INF] HTTP GET /lib/bootstrap/dist/css/bootstrap.min.css responded 304 in 1.1317 ms
[16:22:52 INF] HTTP GET /css/site.css responded 304 in 1.5749 ms
[16:22:52 INF] HTTP GET /Biktal.WebMVC.styles.css responded 304 in 1.9386 ms
[16:22:53 INF] HTTP GET /lib/jquery/dist/jquery.min.js responded 304 in 0.2555 ms
[16:22:53 INF] HTTP GET /lib/bootstrap/dist/js/bootstrap.bundle.min.js responded 304 in 0.9057 ms
[16:22:53 INF] HTTP GET /js/site.js responded 304 in 0.4261 ms
[16:22:53 INF] HTTP GET /lib/jquery-validation-unobtrusive/dist/jquery.validate.unobtrusive.min.js responded 304 in 0.6730 ms
[16:22:53 INF] HTTP GET /lib/jquery-validation/dist/jquery.validate.min.js responded 304 in 0.4782 ms
[16:22:53 INF] HTTP GET /js/products-catalog-filter.js responded 304 in 0.4993 ms
[16:23:07 INF] HTTP GET /Inventory/Products responded 200 in 60.2571 ms
[16:23:07 INF] HTTP GET /lib/bootstrap/dist/css/bootstrap.min.css responded 200 in 11.5437 ms
[16:23:07 INF] HTTP GET /css/site.css responded 304 in 0.4468 ms
[16:23:07 INF] HTTP GET /Biktal.WebMVC.styles.css responded 304 in 1.6025 ms
[16:23:08 INF] HTTP GET /lib/jquery/dist/jquery.min.js responded 304 in 0.5328 ms
[16:23:08 INF] HTTP GET /lib/bootstrap/dist/js/bootstrap.bundle.min.js responded 304 in 0.3846 ms
[16:23:08 INF] HTTP GET /js/site.js responded 304 in 0.4781 ms
[16:23:08 INF] HTTP GET /lib/jquery-validation-unobtrusive/dist/jquery.validate.unobtrusive.min.js responded 304 in 0.1950 ms
[16:23:08 INF] HTTP GET /lib/jquery-validation/dist/jquery.validate.min.js responded 304 in 0.2725 ms
[16:23:08 INF] HTTP GET /js/products-catalog-filter.js responded 304 in 0.3566 ms
[16:23:12 INF] HTTP POST /Inventory/EditProduct responded 302 in 5.1283 ms
[16:23:12 INF] HTTP GET /Inventory/Products responded 200 in 37.5306 ms
[16:23:12 INF] HTTP GET /lib/bootstrap/dist/css/bootstrap.min.css responded 304 in 0.3904 ms
[16:23:12 INF] HTTP GET /css/site.css responded 304 in 0.2883 ms
[16:23:12 INF] HTTP GET /Biktal.WebMVC.styles.css responded 304 in 3.5423 ms
[16:23:13 INF] HTTP GET /lib/jquery/dist/jquery.min.js responded 304 in 0.2496 ms
[16:23:13 INF] HTTP GET /lib/bootstrap/dist/js/bootstrap.bundle.min.js responded 304 in 0.3520 ms
[16:23:13 INF] HTTP GET /lib/jquery-validation/dist/jquery.validate.min.js responded 304 in 0.4854 ms
[16:23:13 INF] HTTP GET /js/site.js responded 304 in 0.3336 ms
[16:23:13 INF] HTTP GET /js/products-catalog-filter.js responded 304 in 0.3305 ms
[16:23:13 INF] HTTP GET /lib/jquery-validation-unobtrusive/dist/jquery.validate.unobtrusive.min.js responded 304 in 0.3204 ms
[16:23:19 INF] HTTP GET /Inventory/Products responded 200 in 54.0373 ms
[16:23:19 INF] HTTP GET /Biktal.WebMVC.styles.css responded 304 in 0.4265 ms
[16:23:19 INF] HTTP GET /lib/bootstrap/dist/css/bootstrap.min.css responded 200 in 1.7487 ms
[16:23:19 INF] HTTP GET /css/site.css responded 304 in 2.9253 ms
[16:23:20 INF] HTTP GET /lib/jquery/dist/jquery.min.js responded 304 in 0.2438 ms
[16:23:20 INF] HTTP GET /lib/bootstrap/dist/js/bootstrap.bundle.min.js responded 304 in 0.2759 ms
[16:23:20 INF] HTTP GET /js/site.js responded 304 in 0.4016 ms
[16:23:20 INF] HTTP GET /lib/jquery-validation/dist/jquery.validate.min.js responded 304 in 0.4479 ms
[16:23:20 INF] HTTP GET /lib/jquery-validation-unobtrusive/dist/jquery.validate.unobtrusive.min.js responded 304 in 0.4063 ms
[16:23:20 INF] HTTP GET /js/products-catalog-filter.js responded 304 in 1.3362 ms
[16:23:24 INF] HTTP POST /Inventory/EditProduct responded 302 in 8.9439 ms
[16:23:24 INF] HTTP GET /Inventory/Products responded 200 in 49.4134 ms
[16:23:24 INF] HTTP GET /lib/bootstrap/dist/css/bootstrap.min.css responded 304 in 0.4697 ms
[16:23:24 INF] HTTP GET /css/site.css responded 304 in 0.5294 ms
[16:23:24 INF] HTTP GET /Biktal.WebMVC.styles.css responded 304 in 1.3537 ms
[16:23:25 INF] HTTP GET /lib/jquery/dist/jquery.min.js responded 304 in 0.2427 ms
[16:23:25 INF] HTTP GET /lib/bootstrap/dist/js/bootstrap.bundle.min.js responded 304 in 0.4688 ms
[16:23:25 INF] HTTP GET /js/site.js responded 304 in 0.7907 ms
[16:23:25 INF] HTTP GET /lib/jquery-validation-unobtrusive/dist/jquery.validate.unobtrusive.min.js responded 304 in 0.3755 ms
[16:23:25 INF] HTTP GET /lib/jquery-validation/dist/jquery.validate.min.js responded 304 in 0.9268 ms
[16:23:25 INF] HTTP GET /js/products-catalog-filter.js responded 304 in 0.7876 ms
[16:23:36 INF] HTTP GET /Inventory/Products responded 200 in 64.7306 ms
[16:23:36 INF] HTTP GET /lib/bootstrap/dist/css/bootstrap.min.css responded 304 in 0.4625 ms
[16:23:36 INF] HTTP GET /css/site.css responded 304 in 0.4222 ms
[16:23:36 INF] HTTP GET /Biktal.WebMVC.styles.css responded 304 in 1.7218 ms
[16:23:37 INF] HTTP GET /lib/jquery/dist/jquery.min.js responded 304 in 0.2571 ms
[16:23:37 INF] HTTP GET /lib/bootstrap/dist/js/bootstrap.bundle.min.js responded 304 in 0.4789 ms
[16:23:37 INF] HTTP GET /js/site.js responded 304 in 0.3859 ms
[16:23:37 INF] HTTP GET /lib/jquery-validation/dist/jquery.validate.min.js responded 304 in 0.4539 ms
[16:23:37 INF] HTTP GET /lib/jquery-validation-unobtrusive/dist/jquery.validate.unobtrusive.min.js responded 304 in 0.7030 ms
[16:23:37 INF] HTTP GET /js/products-catalog-filter.js responded 304 in 0.4607 ms
[16:23:41 INF] HTTP POST /Inventory/EditProduct responded 302 in 5.3718 ms
[16:23:41 INF] HTTP GET /Inventory/Products responded 200 in 48.3297 ms
[16:23:41 INF] HTTP GET /css/site.css responded 304 in 0.7120 ms
[16:23:41 INF] HTTP GET /lib/bootstrap/dist/css/bootstrap.min.css responded 304 in 0.3865 ms
[16:23:41 INF] HTTP GET /Biktal.WebMVC.styles.css responded 304 in 0.5832 ms
[16:23:42 INF] HTTP GET /lib/jquery/dist/jquery.min.js responded 304 in 0.2492 ms
[16:23:42 INF] HTTP GET /lib/bootstrap/dist/js/bootstrap.bundle.min.js responded 304 in 0.5372 ms
[16:23:42 INF] HTTP GET /js/site.js responded 304 in 0.4048 ms
[16:23:42 INF] HTTP GET /lib/jquery-validation/dist/jquery.validate.min.js responded 304 in 0.7014 ms
[16:23:42 INF] HTTP GET /lib/jquery-validation-unobtrusive/dist/jquery.validate.unobtrusive.min.js responded 304 in 0.4220 ms
[16:23:42 INF] HTTP GET /js/products-catalog-filter.js responded 304 in 0.6046 ms
[16:23:57 INF] HTTP GET /Inventory/Products responded 200 in 63.2032 ms
[16:23:57 INF] HTTP GET /lib/bootstrap/dist/css/bootstrap.min.css responded 304 in 0.4613 ms
[16:23:57 INF] HTTP GET /css/site.css responded 304 in 0.4948 ms
[16:23:57 INF] HTTP GET /Biktal.WebMVC.styles.css responded 304 in 0.2215 ms
[16:23:58 INF] HTTP GET /lib/jquery/dist/jquery.min.js responded 304 in 0.2458 ms
[16:23:58 INF] HTTP GET /lib/bootstrap/dist/js/bootstrap.bundle.min.js responded 304 in 0.3533 ms
[16:23:58 INF] HTTP GET /js/site.js responded 304 in 0.2095 ms
[16:23:58 INF] HTTP GET /lib/jquery-validation/dist/jquery.validate.min.js responded 304 in 0.3597 ms
[16:23:58 INF] HTTP GET /lib/jquery-validation-unobtrusive/dist/jquery.validate.unobtrusive.min.js responded 304 in 0.6835 ms
[16:23:58 INF] HTTP GET /js/products-catalog-filter.js responded 304 in 0.5081 ms
[16:24:02 INF] HTTP POST /Inventory/EditProduct responded 302 in 5.1100 ms
[16:24:02 INF] HTTP GET /Inventory/Products responded 200 in 34.2636 ms
[16:24:02 INF] HTTP GET /lib/bootstrap/dist/css/bootstrap.min.css responded 304 in 0.4159 ms
[16:24:02 INF] HTTP GET /css/site.css responded 304 in 0.3712 ms
[16:24:02 INF] HTTP GET /Biktal.WebMVC.styles.css responded 304 in 1.6130 ms
[16:24:03 INF] HTTP GET /lib/jquery/dist/jquery.min.js responded 304 in 0.2427 ms
[16:24:03 INF] HTTP GET /js/site.js responded 304 in 0.2696 ms
[16:24:03 INF] HTTP GET /lib/bootstrap/dist/js/bootstrap.bundle.min.js responded 304 in 0.3350 ms
[16:24:03 INF] HTTP GET /lib/jquery-validation-unobtrusive/dist/jquery.validate.unobtrusive.min.js responded 304 in 0.2753 ms
[16:24:03 INF] HTTP GET /lib/jquery-validation/dist/jquery.validate.min.js responded 304 in 0.2754 ms
[16:24:03 INF] HTTP GET /js/products-catalog-filter.js responded 304 in 0.4034 ms
[16:24:21 INF] HTTP GET /Inventory/Products responded 200 in 58.2623 ms
[16:24:21 INF] HTTP GET /lib/bootstrap/dist/css/bootstrap.min.css responded 200 in 1.7756 ms
[16:24:21 INF] HTTP GET /css/site.css responded 304 in 1.9575 ms
[16:24:21 INF] HTTP GET /Biktal.WebMVC.styles.css responded 304 in 3.1856 ms
[16:24:22 INF] HTTP GET /lib/jquery/dist/jquery.min.js responded 304 in 0.2435 ms
[16:24:22 INF] HTTP GET /lib/bootstrap/dist/js/bootstrap.bundle.min.js responded 304 in 0.4706 ms
[16:24:22 INF] HTTP GET /js/site.js responded 304 in 0.3458 ms
[16:24:22 INF] HTTP GET /lib/jquery-validation/dist/jquery.validate.min.js responded 304 in 0.2565 ms
[16:24:22 INF] HTTP GET /lib/jquery-validation-unobtrusive/dist/jquery.validate.unobtrusive.min.js responded 304 in 0.2404 ms
[16:24:22 INF] HTTP GET /js/products-catalog-filter.js responded 304 in 0.2818 ms
[16:24:29 INF] HTTP POST /Inventory/EditProduct responded 302 in 5.6626 ms
[16:24:29 INF] HTTP GET /Inventory/Products responded 200 in 37.7344 ms
[16:24:29 INF] HTTP GET /css/site.css responded 304 in 0.4416 ms
[16:24:29 INF] HTTP GET /lib/bootstrap/dist/css/bootstrap.min.css responded 200 in 1.4307 ms
[16:24:29 INF] HTTP GET /Biktal.WebMVC.styles.css responded 304 in 0.4465 ms
[16:24:30 INF] HTTP GET /lib/jquery/dist/jquery.min.js responded 304 in 0.2458 ms
[16:24:30 INF] HTTP GET /lib/bootstrap/dist/js/bootstrap.bundle.min.js responded 304 in 0.9495 ms
[16:24:30 INF] HTTP GET /js/site.js responded 304 in 0.5134 ms
[16:24:30 INF] HTTP GET /lib/jquery-validation/dist/jquery.validate.min.js responded 304 in 0.3352 ms
[16:24:30 INF] HTTP GET /lib/jquery-validation-unobtrusive/dist/jquery.validate.unobtrusive.min.js responded 304 in 0.5058 ms
[16:24:30 INF] HTTP GET /js/products-catalog-filter.js responded 304 in 0.3575 ms
[16:24:44 INF] HTTP GET /Inventory/Products responded 200 in 46.6894 ms
[16:24:44 INF] HTTP GET /lib/bootstrap/dist/css/bootstrap.min.css responded 304 in 0.4239 ms
[16:24:44 INF] HTTP GET /css/site.css responded 304 in 0.4578 ms
[16:24:44 INF] HTTP GET /Biktal.WebMVC.styles.css responded 304 in 2.6231 ms
[16:24:45 INF] HTTP GET /lib/jquery/dist/jquery.min.js responded 304 in 0.2396 ms
[16:24:45 INF] HTTP GET /js/site.js responded 304 in 0.2488 ms
[16:24:45 INF] HTTP GET /lib/bootstrap/dist/js/bootstrap.bundle.min.js responded 304 in 0.4015 ms
[16:24:45 INF] HTTP GET /lib/jquery-validation/dist/jquery.validate.min.js responded 304 in 0.4399 ms
[16:24:45 INF] HTTP GET /lib/jquery-validation-unobtrusive/dist/jquery.validate.unobtrusive.min.js responded 304 in 0.3766 ms
[16:24:45 INF] HTTP GET /js/products-catalog-filter.js responded 304 in 0.7278 ms
[16:24:50 INF] HTTP POST /Inventory/EditProduct responded 302 in 5.1897 ms
[16:24:50 INF] HTTP GET /Inventory/Products responded 200 in 45.7876 ms
[16:24:50 INF] HTTP GET /css/site.css responded 304 in 1.3805 ms
[16:24:50 INF] HTTP GET /Biktal.WebMVC.styles.css responded 304 in 0.4525 ms
[16:24:50 INF] HTTP GET /lib/bootstrap/dist/css/bootstrap.min.css responded 304 in 0.3837 ms
[16:24:51 INF] HTTP GET /lib/jquery/dist/jquery.min.js responded 304 in 0.2488 ms
[16:24:51 INF] HTTP GET /lib/bootstrap/dist/js/bootstrap.bundle.min.js responded 304 in 0.4008 ms
[16:24:51 INF] HTTP GET /js/site.js responded 304 in 0.5950 ms
[16:24:51 INF] HTTP GET /lib/jquery-validation/dist/jquery.validate.min.js responded 304 in 0.3158 ms
[16:24:51 INF] HTTP GET /js/products-catalog-filter.js responded 304 in 0.3108 ms
[16:24:51 INF] HTTP GET /lib/jquery-validation-unobtrusive/dist/jquery.validate.unobtrusive.min.js responded 304 in 0.3926 ms
[16:25:01 INF] HTTP GET /Inventory/Products responded 200 in 46.8866 ms
[16:25:01 INF] HTTP GET /Biktal.WebMVC.styles.css responded 304 in 1.2902 ms
[16:25:01 INF] HTTP GET /lib/bootstrap/dist/css/bootstrap.min.css responded 200 in 2.7008 ms
[16:25:01 INF] HTTP GET /css/site.css responded 304 in 0.5309 ms
[16:25:02 INF] HTTP GET /lib/jquery/dist/jquery.min.js responded 304 in 0.2523 ms
[16:25:02 INF] HTTP GET /lib/bootstrap/dist/js/bootstrap.bundle.min.js responded 304 in 0.3485 ms
[16:25:02 INF] HTTP GET /js/site.js responded 304 in 0.4620 ms
[16:25:02 INF] HTTP GET /lib/jquery-validation/dist/jquery.validate.min.js responded 304 in 0.6582 ms
[16:25:02 INF] HTTP GET /lib/jquery-validation-unobtrusive/dist/jquery.validate.unobtrusive.min.js responded 304 in 0.3314 ms
[16:25:02 INF] HTTP GET /js/products-catalog-filter.js responded 304 in 0.4041 ms
[16:25:04 INF] HTTP POST /Inventory/EditProduct responded 302 in 5.0331 ms
[16:25:04 INF] HTTP GET /Inventory/Products responded 200 in 32.4947 ms
[16:25:05 INF] HTTP GET /css/site.css responded 304 in 0.4049 ms
[16:25:05 INF] HTTP GET /lib/bootstrap/dist/css/bootstrap.min.css responded 200 in 1.0308 ms
[16:25:05 INF] HTTP GET /Biktal.WebMVC.styles.css responded 304 in 0.8271 ms
[16:25:05 INF] HTTP GET /lib/jquery/dist/jquery.min.js responded 304 in 0.2476 ms
[16:25:05 INF] HTTP GET /lib/bootstrap/dist/js/bootstrap.bundle.min.js responded 304 in 0.3689 ms
[16:25:05 INF] HTTP GET /js/site.js responded 304 in 0.4812 ms
[16:25:05 INF] HTTP GET /lib/jquery-validation-unobtrusive/dist/jquery.validate.unobtrusive.min.js responded 304 in 0.6129 ms
[16:25:05 INF] HTTP GET /js/products-catalog-filter.js responded 304 in 0.8904 ms
[16:25:05 INF] HTTP GET /lib/jquery-validation/dist/jquery.validate.min.js responded 304 in 2.5466 ms
[16:26:28 INF] HTTP GET /Inventory/Products responded 200 in 110.7938 ms
[16:26:28 INF] HTTP GET /lib/bootstrap/dist/css/bootstrap.min.css responded 200 in 1.9559 ms
[16:26:28 INF] HTTP GET /Biktal.WebMVC.styles.css responded 200 in 0.7681 ms
[16:26:28 INF] HTTP GET /css/site.css responded 200 in 0.7982 ms
[16:26:29 INF] HTTP GET /lib/jquery/dist/jquery.min.js responded 200 in 1.0073 ms
[16:26:29 INF] HTTP GET /js/site.js responded 200 in 0.8061 ms
[16:26:29 INF] HTTP GET /lib/bootstrap/dist/js/bootstrap.bundle.min.js responded 200 in 0.8144 ms
[16:26:29 INF] HTTP GET /lib/jquery-validation/dist/jquery.validate.min.js responded 200 in 1.1661 ms
[16:26:29 INF] HTTP GET /js/products-catalog-filter.js responded 200 in 4.8778 ms
[16:26:29 INF] HTTP GET /lib/jquery-validation-unobtrusive/dist/jquery.validate.unobtrusive.min.js responded 200 in 3.3025 ms
[16:26:33 INF] HTTP POST /Inventory/EditProduct responded 302 in 6.4251 ms
[16:26:33 INF] HTTP GET /Inventory/Products responded 200 in 40.1730 ms
[16:26:33 INF] HTTP GET /css/site.css responded 200 in 0.8141 ms
[16:26:33 INF] HTTP GET /Biktal.WebMVC.styles.css responded 200 in 0.6564 ms
[16:26:33 INF] HTTP GET /lib/bootstrap/dist/css/bootstrap.min.css responded 200 in 1.0777 ms
[16:26:35 INF] HTTP GET /lib/jquery/dist/jquery.min.js responded 200 in 0.6020 ms
[16:26:35 INF] HTTP GET /js/site.js responded 200 in 0.7256 ms
[16:26:35 INF] HTTP GET /lib/bootstrap/dist/js/bootstrap.bundle.min.js responded 200 in 1.7034 ms
[16:26:35 INF] HTTP GET /lib/jquery-validation/dist/jquery.validate.min.js responded 200 in 1.2448 ms
[16:26:35 INF] HTTP GET /lib/jquery-validation-unobtrusive/dist/jquery.validate.unobtrusive.min.js responded 200 in 1.8458 ms
[16:26:35 INF] HTTP GET /js/products-catalog-filter.js responded 200 in 1.6617 ms
[16:26:43 INF] HTTP GET /Inventory/Products responded 200 in 55.1288 ms
[16:26:43 INF] HTTP GET /css/site.css responded 304 in 0.4343 ms
[16:26:43 INF] HTTP GET /lib/bootstrap/dist/css/bootstrap.min.css responded 304 in 0.4265 ms
[16:26:43 INF] HTTP GET /Biktal.WebMVC.styles.css responded 304 in 0.9345 ms
[16:26:43 INF] HTTP GET /lib/jquery/dist/jquery.min.js responded 304 in 0.2580 ms
[16:26:43 INF] HTTP GET /lib/bootstrap/dist/js/bootstrap.bundle.min.js responded 304 in 0.7407 ms
[16:26:43 INF] HTTP GET /js/site.js responded 304 in 0.5661 ms
[16:26:43 INF] HTTP GET /lib/jquery-validation/dist/jquery.validate.min.js responded 304 in 0.4634 ms
[16:26:43 INF] HTTP GET /lib/jquery-validation-unobtrusive/dist/jquery.validate.unobtrusive.min.js responded 304 in 0.2337 ms
[16:26:43 INF] HTTP GET /js/products-catalog-filter.js responded 304 in 0.5911 ms
[16:26:47 INF] HTTP POST /Inventory/EditProduct responded 302 in 4.9297 ms
[16:26:47 INF] HTTP GET /Inventory/Products responded 200 in 38.9028 ms
[16:26:47 INF] HTTP GET /lib/bootstrap/dist/css/bootstrap.min.css responded 304 in 0.9997 ms
[16:26:47 INF] HTTP GET /css/site.css responded 304 in 0.4751 ms
[16:26:47 INF] HTTP GET /Biktal.WebMVC.styles.css responded 304 in 1.2318 ms
[16:26:47 INF] HTTP GET /lib/jquery/dist/jquery.min.js responded 304 in 0.2529 ms
[16:26:48 INF] HTTP GET /lib/bootstrap/dist/js/bootstrap.bundle.min.js responded 304 in 0.2878 ms
[16:26:48 INF] HTTP GET /js/site.js responded 304 in 0.4182 ms
[16:26:48 INF] HTTP GET /lib/jquery-validation/dist/jquery.validate.min.js responded 304 in 0.3566 ms
[16:26:48 INF] HTTP GET /lib/jquery-validation-unobtrusive/dist/jquery.validate.unobtrusive.min.js responded 304 in 0.7979 ms
[16:26:48 INF] HTTP GET /js/products-catalog-filter.js responded 304 in 0.3535 ms
[16:26:58 INF] HTTP GET /Inventory/Products responded 200 in 83.6759 ms
[16:26:59 INF] HTTP GET /css/site.css responded 304 in 0.4603 ms
[16:26:59 INF] HTTP GET /lib/bootstrap/dist/css/bootstrap.min.css responded 304 in 0.8380 ms
[16:26:59 INF] HTTP GET /Biktal.WebMVC.styles.css responded 304 in 2.4113 ms
[16:26:59 INF] HTTP GET /lib/jquery/dist/jquery.min.js responded 304 in 0.2518 ms
[16:26:59 INF] HTTP GET /lib/bootstrap/dist/js/bootstrap.bundle.min.js responded 304 in 0.4211 ms
[16:26:59 INF] HTTP GET /js/site.js responded 304 in 0.3346 ms
[16:26:59 INF] HTTP GET /lib/jquery-validation/dist/jquery.validate.min.js responded 304 in 0.2620 ms
[16:26:59 INF] HTTP GET /lib/jquery-validation-unobtrusive/dist/jquery.validate.unobtrusive.min.js responded 304 in 0.4456 ms
[16:26:59 INF] HTTP GET /js/products-catalog-filter.js responded 304 in 0.3566 ms
[16:27:04 INF] HTTP POST /Inventory/EditProduct responded 302 in 4.9762 ms
[16:27:04 INF] HTTP GET /Inventory/Products responded 200 in 36.8611 ms
[16:27:04 INF] HTTP GET /lib/bootstrap/dist/css/bootstrap.min.css responded 200 in 3.1015 ms
[16:27:04 INF] HTTP GET /css/site.css responded 304 in 1.0320 ms
[16:27:04 INF] HTTP GET /Biktal.WebMVC.styles.css responded 304 in 1.8253 ms
[16:27:05 INF] HTTP GET /lib/jquery/dist/jquery.min.js responded 304 in 0.2646 ms
[16:27:05 INF] HTTP GET /lib/bootstrap/dist/js/bootstrap.bundle.min.js responded 304 in 0.2763 ms
[16:27:05 INF] HTTP GET /js/site.js responded 304 in 0.4596 ms
[16:27:05 INF] HTTP GET /lib/jquery-validation/dist/jquery.validate.min.js responded 304 in 0.5292 ms
[16:27:05 INF] HTTP GET /lib/jquery-validation-unobtrusive/dist/jquery.validate.unobtrusive.min.js responded 304 in 0.6930 ms
[16:27:05 INF] HTTP GET /js/products-catalog-filter.js responded 304 in 0.4242 ms
[16:27:09 INF] HTTP GET /Inventory/Products responded 200 in 71.7697 ms
[16:27:10 INF] HTTP GET /lib/bootstrap/dist/css/bootstrap.min.css responded 304 in 0.4300 ms
[16:27:10 INF] HTTP GET /css/site.css responded 304 in 0.4385 ms
[16:27:10 INF] HTTP GET /Biktal.WebMVC.styles.css responded 304 in 0.4021 ms
[16:27:10 INF] HTTP GET /lib/jquery/dist/jquery.min.js responded 304 in 0.2437 ms
[16:27:10 INF] HTTP GET /lib/bootstrap/dist/js/bootstrap.bundle.min.js responded 304 in 0.7415 ms
[16:27:10 INF] HTTP GET /js/site.js responded 304 in 0.3492 ms
[16:27:10 INF] HTTP GET /lib/jquery-validation-unobtrusive/dist/jquery.validate.unobtrusive.min.js responded 304 in 0.5460 ms
[16:27:10 INF] HTTP GET /lib/jquery-validation/dist/jquery.validate.min.js responded 304 in 0.4457 ms
[16:27:10 INF] HTTP GET /js/products-catalog-filter.js responded 304 in 0.4903 ms
[16:27:15 INF] HTTP POST /Inventory/EditProduct responded 302 in 7.5807 ms
[16:27:15 INF] HTTP GET /Inventory/Products responded 200 in 36.1746 ms
[16:27:15 INF] HTTP GET /lib/bootstrap/dist/css/bootstrap.min.css responded 304 in 0.5075 ms
[16:27:15 INF] HTTP GET /css/site.css responded 304 in 0.7902 ms
[16:27:15 INF] HTTP GET /Biktal.WebMVC.styles.css responded 304 in 0.4542 ms
[16:27:16 INF] HTTP GET /lib/jquery/dist/jquery.min.js responded 304 in 0.2452 ms
[16:27:16 INF] HTTP GET /lib/bootstrap/dist/js/bootstrap.bundle.min.js responded 304 in 0.3680 ms
[16:27:16 INF] HTTP GET /js/site.js responded 304 in 0.3232 ms
[16:27:16 INF] HTTP GET /lib/jquery-validation-unobtrusive/dist/jquery.validate.unobtrusive.min.js responded 304 in 0.2731 ms
[16:27:16 INF] HTTP GET /lib/jquery-validation/dist/jquery.validate.min.js responded 304 in 0.3581 ms
[16:27:16 INF] HTTP GET /js/products-catalog-filter.js responded 304 in 0.2254 ms
[16:27:37 INF] HTTP GET /Inventory/Products responded 200 in 126.1345 ms
[16:27:37 INF] HTTP GET /css/site.css responded 304 in 0.3390 ms
[16:27:37 INF] HTTP GET /Biktal.WebMVC.styles.css responded 304 in 2.6195 ms
[16:27:37 INF] HTTP GET /lib/bootstrap/dist/css/bootstrap.min.css responded 200 in 4.0090 ms
[16:27:37 INF] HTTP GET /lib/jquery/dist/jquery.min.js responded 304 in 0.2518 ms
[16:27:37 INF] HTTP GET /lib/bootstrap/dist/js/bootstrap.bundle.min.js responded 304 in 0.3894 ms
[16:27:37 INF] HTTP GET /js/site.js responded 304 in 0.4356 ms
[16:27:37 INF] HTTP GET /lib/jquery-validation/dist/jquery.validate.min.js responded 304 in 0.4549 ms
[16:27:37 INF] HTTP GET /lib/jquery-validation-unobtrusive/dist/jquery.validate.unobtrusive.min.js responded 304 in 0.4382 ms
[16:27:37 INF] HTTP GET /js/products-catalog-filter.js responded 304 in 0.5578 ms
[16:27:42 INF] HTTP POST /Inventory/EditProduct responded 302 in 10.9671 ms
[16:27:42 INF] HTTP GET /Inventory/Products responded 200 in 37.7204 ms
[16:27:42 INF] HTTP GET /lib/bootstrap/dist/css/bootstrap.min.css responded 200 in 2.5939 ms
[16:27:42 INF] HTTP GET /css/site.css responded 304 in 0.5827 ms
[16:27:42 INF] HTTP GET /Biktal.WebMVC.styles.css responded 304 in 1.7544 ms
[16:27:43 INF] HTTP GET /lib/jquery/dist/jquery.min.js responded 304 in 0.5547 ms
[16:27:43 INF] HTTP GET /lib/bootstrap/dist/js/bootstrap.bundle.min.js responded 304 in 0.3823 ms
[16:27:43 INF] HTTP GET /js/site.js responded 304 in 0.2133 ms
[16:27:43 INF] HTTP GET /lib/jquery-validation/dist/jquery.validate.min.js responded 304 in 0.2961 ms
[16:27:43 INF] HTTP GET /lib/jquery-validation-unobtrusive/dist/jquery.validate.unobtrusive.min.js responded 304 in 0.2593 ms
[16:27:43 INF] HTTP GET /js/products-catalog-filter.js responded 304 in 0.3603 ms
[16:28:15 INF] HTTP GET /Inventory/Products responded 200 in 108.7031 ms
[16:28:15 INF] HTTP GET /css/site.css responded 200 in 0.9914 ms
[16:28:15 INF] HTTP GET /lib/bootstrap/dist/css/bootstrap.min.css responded 200 in 1.9603 ms
[16:28:15 INF] HTTP GET /Biktal.WebMVC.styles.css responded 200 in 2.7619 ms
[16:28:16 INF] HTTP GET /lib/jquery/dist/jquery.min.js responded 200 in 1.1042 ms
[16:28:16 INF] HTTP GET /js/site.js responded 200 in 0.7337 ms
[16:28:16 INF] HTTP GET /lib/bootstrap/dist/js/bootstrap.bundle.min.js responded 200 in 1.1856 ms
[16:28:16 INF] HTTP GET /lib/jquery-validation-unobtrusive/dist/jquery.validate.unobtrusive.min.js responded 200 in 0.6594 ms
[16:28:16 INF] HTTP GET /js/products-catalog-filter.js responded 200 in 0.5288 ms
[16:28:16 INF] HTTP GET /lib/jquery-validation/dist/jquery.validate.min.js responded 200 in 1.3471 ms
[16:28:19 INF] HTTP POST /Inventory/EditProduct responded 302 in 5.4319 ms
[16:28:19 INF] HTTP GET /Inventory/Products responded 200 in 38.8052 ms
[16:28:19 INF] HTTP GET /Biktal.WebMVC.styles.css responded 200 in 1.0913 ms
[16:28:19 INF] HTTP GET /lib/bootstrap/dist/css/bootstrap.min.css responded 200 in 1.7613 ms
[16:28:19 INF] HTTP GET /css/site.css responded 200 in 3.4162 ms
[16:28:20 INF] HTTP GET /lib/jquery/dist/jquery.min.js responded 200 in 0.6724 ms
[16:28:20 INF] HTTP GET /lib/bootstrap/dist/js/bootstrap.bundle.min.js responded 200 in 0.9716 ms
[16:28:20 INF] HTTP GET /js/site.js responded 200 in 5.6257 ms
[16:28:20 INF] HTTP GET /lib/jquery-validation-unobtrusive/dist/jquery.validate.unobtrusive.min.js responded 200 in 3.4678 ms
[16:28:20 INF] HTTP GET /js/products-catalog-filter.js responded 200 in 0.7234 ms
[16:28:20 INF] HTTP GET /lib/jquery-validation/dist/jquery.validate.min.js responded 200 in 2.5147 ms
[16:29:26 INF] HTTP GET /Inventory/Products responded 200 in 95.2282 ms
[16:29:26 INF] HTTP GET /lib/bootstrap/dist/css/bootstrap.min.css responded 200 in 0.8810 ms
[16:29:26 INF] HTTP GET /css/site.css responded 200 in 0.6901 ms
[16:29:26 INF] HTTP GET /Biktal.WebMVC.styles.css responded 200 in 0.7938 ms
[16:29:27 INF] HTTP GET /lib/jquery/dist/jquery.min.js responded 200 in 0.5967 ms
[16:29:27 INF] HTTP GET /js/site.js responded 200 in 0.6916 ms
[16:29:27 INF] HTTP GET /lib/bootstrap/dist/js/bootstrap.bundle.min.js responded 200 in 0.5498 ms
[16:29:27 INF] HTTP GET /lib/jquery-validation/dist/jquery.validate.min.js responded 200 in 1.2172 ms
[16:29:27 INF] HTTP GET /lib/jquery-validation-unobtrusive/dist/jquery.validate.unobtrusive.min.js responded 200 in 2.6318 ms
[16:29:27 INF] HTTP GET /js/products-catalog-filter.js responded 200 in 1.3686 ms
[16:29:31 INF] HTTP POST /Inventory/EditProduct responded 302 in 6.5795 ms
[16:29:31 INF] HTTP GET /Inventory/Products responded 200 in 35.7898 ms
[16:29:31 INF] HTTP GET /lib/bootstrap/dist/css/bootstrap.min.css responded 200 in 2.1278 ms
[16:29:31 INF] HTTP GET /css/site.css responded 200 in 1.5010 ms
[16:29:31 INF] HTTP GET /Biktal.WebMVC.styles.css responded 200 in 2.1353 ms
[16:29:32 INF] HTTP GET /lib/jquery/dist/jquery.min.js responded 200 in 0.6027 ms
[16:29:32 INF] HTTP GET /lib/bootstrap/dist/js/bootstrap.bundle.min.js responded 200 in 1.5444 ms
[16:29:32 INF] HTTP GET /js/site.js responded 200 in 0.8495 ms
[16:29:32 INF] HTTP GET /js/products-catalog-filter.js responded 200 in 3.9375 ms
[16:29:32 INF] HTTP GET /lib/jquery-validation-unobtrusive/dist/jquery.validate.unobtrusive.min.js responded 200 in 3.6237 ms
[16:29:32 INF] HTTP GET /lib/jquery-validation/dist/jquery.validate.min.js responded 200 in 1.0828 ms
[16:31:59 INF] HTTP GET /Inventory/Products responded 200 in 44.2967 ms
[16:32:00 INF] HTTP GET /lib/bootstrap/dist/css/bootstrap.min.css responded 200 in 1.4997 ms
[16:32:00 INF] HTTP GET /css/site.css responded 200 in 0.9733 ms
[16:32:00 INF] HTTP GET /Biktal.WebMVC.styles.css responded 200 in 0.7576 ms
[16:32:01 INF] HTTP GET /lib/jquery/dist/jquery.min.js responded 200 in 0.6195 ms
[16:32:01 INF] HTTP GET /js/site.js responded 200 in 1.1242 ms
[16:32:01 INF] HTTP GET /lib/jquery-validation-unobtrusive/dist/jquery.validate.unobtrusive.min.js responded 200 in 0.4821 ms
[16:32:01 INF] HTTP GET /js/products-catalog-filter.js responded 200 in 0.6711 ms
[16:32:01 INF] HTTP GET /lib/bootstrap/dist/js/bootstrap.bundle.min.js responded 200 in 1.8261 ms
[16:32:01 INF] HTTP GET /lib/jquery-validation/dist/jquery.validate.min.js responded 200 in 1.1260 ms
[16:33:12 INF] HTTP POST /Inventory/EditProduct responded 302 in 139.6971 ms
[16:33:12 INF] HTTP GET /Inventory/Products responded 200 in 60.5682 ms
[16:33:12 INF] HTTP GET /lib/bootstrap/dist/css/bootstrap.min.css responded 200 in 1.4751 ms
[16:33:12 INF] HTTP GET /css/site.css responded 200 in 1.3704 ms
[16:33:12 INF] HTTP GET /Biktal.WebMVC.styles.css responded 200 in 1.0093 ms
[16:33:13 INF] HTTP GET /lib/jquery/dist/jquery.min.js responded 200 in 0.9683 ms
[16:33:13 INF] HTTP GET /lib/bootstrap/dist/js/bootstrap.bundle.min.js responded 200 in 1.3965 ms
[16:33:13 INF] HTTP GET /js/site.js responded 200 in 0.6764 ms
[16:33:13 INF] HTTP GET /lib/jquery-validation/dist/jquery.validate.min.js responded 200 in 0.6079 ms
[16:33:13 INF] HTTP GET /lib/jquery-validation-unobtrusive/dist/jquery.validate.unobtrusive.min.js responded 200 in 1.0034 ms
[16:33:13 INF] HTTP GET /js/products-catalog-filter.js responded 200 in 1.5035 ms
[16:40:50 INF] HTTP GET /Inventory/Products responded 200 in 127.5557 ms
[16:40:50 INF] HTTP GET /lib/bootstrap/dist/css/bootstrap.min.css responded 200 in 1.4935 ms
[16:40:50 INF] HTTP GET /css/site.css responded 200 in 1.4533 ms
[16:40:50 INF] HTTP GET /Biktal.WebMVC.styles.css responded 200 in 0.7897 ms
[16:40:51 INF] HTTP GET /lib/jquery/dist/jquery.min.js responded 200 in 0.9782 ms
[16:40:51 INF] HTTP GET /lib/bootstrap/dist/js/bootstrap.bundle.min.js responded 200 in 0.8257 ms
[16:40:51 INF] HTTP GET /js/site.js responded 200 in 0.6208 ms
[16:40:51 INF] HTTP GET /js/products-catalog-filter.js responded 200 in 0.6919 ms
[16:40:51 INF] HTTP GET /lib/jquery-validation/dist/jquery.validate.min.js responded 200 in 0.8923 ms
[16:40:51 INF] HTTP GET /lib/jquery-validation-unobtrusive/dist/jquery.validate.unobtrusive.min.js responded 200 in 1.1453 ms
[16:40:54 INF] HTTP POST /Inventory/EditProduct responded 302 in 10.9367 ms
[16:40:54 INF] HTTP GET /Inventory/Products responded 200 in 32.1149 ms
[16:40:54 INF] HTTP GET /lib/bootstrap/dist/css/bootstrap.min.css responded 304 in 0.4414 ms
[16:40:54 INF] HTTP GET /css/site.css responded 304 in 2.0312 ms
[16:40:54 INF] HTTP GET /Biktal.WebMVC.styles.css responded 304 in 0.5116 ms
[16:40:55 INF] HTTP GET /lib/jquery/dist/jquery.min.js responded 304 in 0.2569 ms
[16:40:55 INF] HTTP GET /lib/bootstrap/dist/js/bootstrap.bundle.min.js responded 304 in 0.3896 ms
[16:40:55 INF] HTTP GET /js/site.js responded 304 in 0.4810 ms
[16:40:55 INF] HTTP GET /js/products-catalog-filter.js responded 304 in 0.2446 ms
[16:40:55 INF] HTTP GET /lib/jquery-validation/dist/jquery.validate.min.js responded 304 in 0.3224 ms
[16:40:55 INF] HTTP GET /lib/jquery-validation-unobtrusive/dist/jquery.validate.unobtrusive.min.js responded 304 in 0.2109 ms
[16:43:56 INF] HTTP GET /Inventory/Products responded 200 in 57.3229 ms
[16:43:56 INF] HTTP GET /lib/bootstrap/dist/css/bootstrap.min.css responded 200 in 0.9943 ms
[16:43:56 INF] HTTP GET /css/site.css responded 200 in 0.8594 ms
[16:43:56 INF] HTTP GET /Biktal.WebMVC.styles.css responded 200 in 1.0283 ms
[16:43:57 INF] HTTP GET /lib/jquery/dist/jquery.min.js responded 200 in 0.5924 ms
[16:43:57 INF] HTTP GET /lib/bootstrap/dist/js/bootstrap.bundle.min.js responded 200 in 1.3828 ms
[16:43:57 INF] HTTP GET /js/site.js responded 200 in 0.7437 ms
[16:43:57 INF] HTTP GET /lib/jquery-validation/dist/jquery.validate.min.js responded 200 in 0.7581 ms
[16:43:57 INF] HTTP GET /js/products-catalog-filter.js responded 200 in 0.5749 ms
[16:43:57 INF] HTTP GET /lib/jquery-validation-unobtrusive/dist/jquery.validate.unobtrusive.min.js responded 200 in 1.0232 ms
[16:44:05 INF] HTTP POST /Inventory/EditProduct responded 302 in 15.1168 ms
[16:44:05 INF] HTTP GET /Inventory/Products responded 200 in 41.3594 ms
[16:44:05 INF] HTTP GET /css/site.css responded 200 in 0.8887 ms
[16:44:05 INF] HTTP GET /Biktal.WebMVC.styles.css responded 200 in 1.1247 ms
[16:44:05 INF] HTTP GET /lib/bootstrap/dist/css/bootstrap.min.css responded 200 in 6.4897 ms
[16:44:06 INF] HTTP GET /lib/jquery/dist/jquery.min.js responded 304 in 0.2494 ms
[16:44:06 INF] HTTP GET /lib/bootstrap/dist/js/bootstrap.bundle.min.js responded 304 in 0.6160 ms
[16:44:06 INF] HTTP GET /js/site.js responded 304 in 0.4003 ms
[16:44:06 INF] HTTP GET /lib/jquery-validation/dist/jquery.validate.min.js responded 304 in 0.4385 ms
[16:44:06 INF] HTTP GET /lib/jquery-validation-unobtrusive/dist/jquery.validate.unobtrusive.min.js responded 304 in 0.4552 ms
[16:44:06 INF] HTTP GET /js/products-catalog-filter.js responded 304 in 0.3050 ms
[16:46:42 INF] HTTP POST /Inventory/AddProduct responded 302 in 65.2288 ms
[16:46:42 INF] HTTP GET /Inventory/Products responded 200 in 41.7201 ms
[16:46:42 INF] HTTP GET /Biktal.WebMVC.styles.css responded 200 in 0.8563 ms
[16:46:42 INF] HTTP GET /css/site.css responded 200 in 10.5413 ms
[16:46:42 INF] HTTP GET /lib/bootstrap/dist/css/bootstrap.min.css responded 200 in 10.7596 ms
[16:46:43 INF] HTTP GET /lib/jquery/dist/jquery.min.js responded 200 in 0.5909 ms
[16:46:43 INF] HTTP GET /lib/bootstrap/dist/js/bootstrap.bundle.min.js responded 200 in 1.3541 ms
[16:46:43 INF] HTTP GET /js/site.js responded 200 in 0.6415 ms
[16:46:43 INF] HTTP GET /lib/jquery-validation/dist/jquery.validate.min.js responded 200 in 1.1156 ms
[16:46:43 INF] HTTP GET /lib/jquery-validation-unobtrusive/dist/jquery.validate.unobtrusive.min.js responded 200 in 2.2303 ms
[16:46:43 INF] HTTP GET /js/products-catalog-filter.js responded 200 in 5.7247 ms
[16:47:37 INF] HTTP POST /Inventory/AddProduct responded 302 in 14.2080 ms
[16:47:38 INF] HTTP GET /Inventory/Products responded 200 in 69.6055 ms
[16:47:38 INF] HTTP GET /css/site.css responded 200 in 0.7362 ms
[16:47:38 INF] HTTP GET /lib/bootstrap/dist/css/bootstrap.min.css responded 200 in 1.4275 ms
[16:47:38 INF] HTTP GET /Biktal.WebMVC.styles.css responded 200 in 1.4207 ms
[16:47:39 INF] HTTP GET /lib/jquery/dist/jquery.min.js responded 200 in 0.6101 ms
[16:47:39 INF] HTTP GET /lib/bootstrap/dist/js/bootstrap.bundle.min.js responded 200 in 1.2016 ms
[16:47:39 INF] HTTP GET /js/site.js responded 200 in 1.2800 ms
[16:47:39 INF] HTTP GET /lib/jquery-validation/dist/jquery.validate.min.js responded 200 in 0.5936 ms
[16:47:39 INF] HTTP GET /lib/jquery-validation-unobtrusive/dist/jquery.validate.unobtrusive.min.js responded 200 in 0.6831 ms
[16:47:39 INF] HTTP GET /js/products-catalog-filter.js responded 200 in 0.7311 ms
[16:48:35 INF] HTTP GET /Inventory/Products responded 200 in 75.4205 ms
[16:48:36 INF] HTTP GET /css/site.css responded 200 in 0.8852 ms
[16:48:36 INF] HTTP GET /lib/bootstrap/dist/css/bootstrap.min.css responded 200 in 2.6077 ms
[16:48:36 INF] HTTP GET /Biktal.WebMVC.styles.css responded 200 in 5.0957 ms
[16:48:37 INF] HTTP GET /lib/jquery/dist/jquery.min.js responded 200 in 0.5892 ms
[16:48:37 INF] HTTP GET /js/site.js responded 200 in 1.1486 ms
[16:48:37 INF] HTTP GET /lib/bootstrap/dist/js/bootstrap.bundle.min.js responded 200 in 2.0988 ms
[16:48:37 INF] HTTP GET /lib/jquery-validation/dist/jquery.validate.min.js responded 200 in 0.5907 ms
[16:48:37 INF] HTTP GET /lib/jquery-validation-unobtrusive/dist/jquery.validate.unobtrusive.min.js responded 200 in 0.7566 ms
[16:48:37 INF] HTTP GET /js/products-catalog-filter.js responded 200 in 0.7277 ms
[16:48:41 INF] HTTP POST /Inventory/EditProduct responded 302 in 8.7542 ms
[16:48:41 INF] HTTP GET /Inventory/Products responded 200 in 41.3129 ms
[16:48:41 INF] HTTP GET /css/site.css responded 200 in 0.9776 ms
[16:48:41 INF] HTTP GET /Biktal.WebMVC.styles.css responded 200 in 0.7847 ms
[16:48:41 INF] HTTP GET /lib/bootstrap/dist/css/bootstrap.min.css responded 200 in 1.6809 ms
[16:48:42 INF] HTTP GET /lib/jquery/dist/jquery.min.js responded 304 in 0.2481 ms
[16:48:42 INF] HTTP GET /lib/bootstrap/dist/js/bootstrap.bundle.min.js responded 304 in 0.3594 ms
[16:48:42 INF] HTTP GET /js/site.js responded 304 in 0.3022 ms
[16:48:42 INF] HTTP GET /lib/jquery-validation/dist/jquery.validate.min.js responded 304 in 0.3703 ms
[16:48:42 INF] HTTP GET /lib/jquery-validation-unobtrusive/dist/jquery.validate.unobtrusive.min.js responded 304 in 0.6487 ms
[16:48:42 INF] HTTP GET /js/products-catalog-filter.js responded 304 in 1.8827 ms
[16:48:48 INF] HTTP GET /Inventory/Products responded 200 in 70.4807 ms
[16:48:48 INF] HTTP GET /lib/bootstrap/dist/css/bootstrap.min.css responded 304 in 0.4366 ms
[16:48:48 INF] HTTP GET /css/site.css responded 304 in 0.3910 ms
[16:48:48 INF] HTTP GET /Biktal.WebMVC.styles.css responded 304 in 0.6193 ms
[16:48:49 INF] HTTP GET /lib/jquery/dist/jquery.min.js responded 304 in 0.2500 ms
[16:48:49 INF] HTTP GET /lib/bootstrap/dist/js/bootstrap.bundle.min.js responded 304 in 0.3402 ms
[16:48:49 INF] HTTP GET /lib/jquery-validation/dist/jquery.validate.min.js responded 304 in 0.2804 ms
[16:48:49 INF] HTTP GET /js/site.js responded 304 in 0.5064 ms
[16:48:49 INF] HTTP GET /lib/jquery-validation-unobtrusive/dist/jquery.validate.unobtrusive.min.js responded 304 in 0.5972 ms
[16:48:49 INF] HTTP GET /js/products-catalog-filter.js responded 304 in 1.6806 ms
[16:50:18 INF] HTTP POST /Inventory/EditProduct responded 302 in 14.5368 ms
[16:50:18 INF] HTTP GET /Inventory/Products responded 200 in 65.3301 ms
[16:50:18 INF] HTTP GET /css/site.css responded 200 in 0.9449 ms
[16:50:18 INF] HTTP GET /Biktal.WebMVC.styles.css responded 200 in 0.7349 ms
[16:50:18 INF] HTTP GET /lib/bootstrap/dist/css/bootstrap.min.css responded 200 in 0.9405 ms
[16:50:19 INF] HTTP GET /lib/jquery/dist/jquery.min.js responded 200 in 0.6184 ms
[16:50:19 INF] HTTP GET /js/site.js responded 200 in 0.8516 ms
[16:50:19 INF] HTTP GET /lib/bootstrap/dist/js/bootstrap.bundle.min.js responded 200 in 0.9038 ms
[16:50:19 INF] HTTP GET /lib/jquery-validation/dist/jquery.validate.min.js responded 200 in 1.1335 ms
[16:50:19 INF] HTTP GET /lib/jquery-validation-unobtrusive/dist/jquery.validate.unobtrusive.min.js responded 200 in 1.4335 ms
[16:50:19 INF] HTTP GET /js/products-catalog-filter.js responded 200 in 1.2975 ms
[16:53:50 INF] HTTP POST /Inventory/AddProduct responded 302 in 109.1911 ms
[16:53:50 INF] HTTP GET /Inventory/Products responded 200 in 70.0271 ms
[16:53:51 INF] HTTP GET /css/site.css responded 200 in 3.3540 ms
[16:53:51 INF] HTTP GET /lib/bootstrap/dist/css/bootstrap.min.css responded 200 in 3.2248 ms
[16:53:51 INF] HTTP GET /Biktal.WebMVC.styles.css responded 200 in 4.1458 ms
[16:53:52 INF] HTTP GET /lib/jquery/dist/jquery.min.js responded 200 in 0.5930 ms
[16:53:52 INF] HTTP GET /js/site.js responded 200 in 0.6655 ms
[16:53:52 INF] HTTP GET /lib/bootstrap/dist/js/bootstrap.bundle.min.js responded 200 in 4.1360 ms
[16:53:52 INF] HTTP GET /lib/jquery-validation/dist/jquery.validate.min.js responded 200 in 1.7165 ms
[16:53:52 INF] HTTP GET /js/products-catalog-filter.js responded 200 in 1.1007 ms
[16:53:52 INF] HTTP GET /lib/jquery-validation-unobtrusive/dist/jquery.validate.unobtrusive.min.js responded 200 in 0.9672 ms
[16:55:44 INF] HTTP GET /Inventory/Products responded 200 in 45.5677 ms
[16:55:44 INF] HTTP GET /Biktal.WebMVC.styles.css responded 200 in 3.4048 ms
[16:55:44 INF] HTTP GET /lib/bootstrap/dist/css/bootstrap.min.css responded 200 in 3.6393 ms
[16:55:44 INF] HTTP GET /css/site.css responded 200 in 3.0353 ms
[16:55:45 INF] HTTP GET /lib/jquery/dist/jquery.min.js responded 200 in 0.8291 ms
[16:55:45 INF] HTTP GET /js/site.js responded 200 in 1.5184 ms
[16:55:45 INF] HTTP GET /lib/bootstrap/dist/js/bootstrap.bundle.min.js responded 200 in 2.0967 ms
[16:55:45 INF] HTTP GET /lib/jquery-validation/dist/jquery.validate.min.js responded 200 in 0.8334 ms
[16:55:45 INF] HTTP GET /lib/jquery-validation-unobtrusive/dist/jquery.validate.unobtrusive.min.js responded 200 in 0.9536 ms
[16:55:45 INF] HTTP GET /js/products-catalog-filter.js responded 200 in 0.8382 ms
[16:56:29 INF] HTTP POST /Inventory/EditProduct responded 302 in 8.5801 ms
[16:56:29 INF] HTTP GET /Inventory/Products responded 200 in 78.1718 ms
[16:56:29 INF] HTTP GET /css/site.css responded 200 in 1.2205 ms
[16:56:29 INF] HTTP GET /lib/bootstrap/dist/css/bootstrap.min.css responded 200 in 1.9775 ms
[16:56:29 INF] HTTP GET /Biktal.WebMVC.styles.css responded 200 in 1.6156 ms
[16:56:30 INF] HTTP GET /lib/jquery/dist/jquery.min.js responded 200 in 0.6187 ms
[16:56:30 INF] HTTP GET /lib/bootstrap/dist/js/bootstrap.bundle.min.js responded 200 in 1.2286 ms
[16:56:30 INF] HTTP GET /js/site.js responded 200 in 1.4569 ms
[16:56:30 INF] HTTP GET /js/products-catalog-filter.js responded 200 in 0.5334 ms
[16:56:30 INF] HTTP GET /lib/jquery-validation/dist/jquery.validate.min.js responded 200 in 0.7818 ms
[16:56:30 INF] HTTP GET /lib/jquery-validation-unobtrusive/dist/jquery.validate.unobtrusive.min.js responded 200 in 0.9775 ms
[16:57:09 INF] HTTP GET /Inventory/Products responded 200 in 44.0747 ms
[16:57:09 INF] HTTP GET /css/site.css responded 200 in 1.6491 ms
[16:57:09 INF] HTTP GET /Biktal.WebMVC.styles.css responded 200 in 1.2355 ms
[16:57:09 INF] HTTP GET /lib/bootstrap/dist/css/bootstrap.min.css responded 200 in 1.3046 ms
[16:57:10 INF] HTTP GET /lib/jquery/dist/jquery.min.js responded 200 in 1.9063 ms
[16:57:10 INF] HTTP GET /lib/bootstrap/dist/js/bootstrap.bundle.min.js responded 200 in 1.1755 ms
[16:57:10 INF] HTTP GET /js/site.js responded 200 in 1.3723 ms
[16:57:10 INF] HTTP GET /lib/jquery-validation/dist/jquery.validate.min.js responded 200 in 1.1328 ms
[16:57:10 INF] HTTP GET /js/products-catalog-filter.js responded 200 in 0.6092 ms
[16:57:10 INF] HTTP GET /lib/jquery-validation-unobtrusive/dist/jquery.validate.unobtrusive.min.js responded 200 in 0.7119 ms
[16:57:26 INF] HTTP POST /Inventory/EditProduct responded 302 in 16.8171 ms
[16:57:26 INF] HTTP GET /Inventory/Products responded 200 in 48.0548 ms
[16:57:26 INF] HTTP GET /css/site.css responded 200 in 0.8950 ms
[16:57:26 INF] HTTP GET /lib/bootstrap/dist/css/bootstrap.min.css responded 200 in 2.9526 ms
[16:57:26 INF] HTTP GET /Biktal.WebMVC.styles.css responded 200 in 1.5427 ms
[16:57:26 INF] HTTP GET /lib/jquery/dist/jquery.min.js responded 304 in 0.2568 ms
[16:57:26 INF] HTTP GET /js/site.js responded 304 in 0.2887 ms
[16:57:26 INF] HTTP GET /lib/bootstrap/dist/js/bootstrap.bundle.min.js responded 304 in 0.4927 ms
[16:57:26 INF] HTTP GET /lib/jquery-validation/dist/jquery.validate.min.js responded 304 in 0.8249 ms
[16:57:26 INF] HTTP GET /js/products-catalog-filter.js responded 304 in 0.9405 ms
[16:57:26 INF] HTTP GET /lib/jquery-validation-unobtrusive/dist/jquery.validate.unobtrusive.min.js responded 304 in 0.4570 ms
[17:02:12 INF] HTTP GET /Inventory/Products responded 200 in 145.0773 ms
[17:02:13 INF] HTTP GET /lib/bootstrap/dist/css/bootstrap.min.css responded 200 in 0.9398 ms
[17:02:13 INF] HTTP GET /css/site.css responded 200 in 0.7939 ms
[17:02:13 INF] HTTP GET /Biktal.WebMVC.styles.css responded 200 in 7.1647 ms
[17:02:14 INF] HTTP GET /lib/jquery/dist/jquery.min.js responded 200 in 0.6152 ms
[17:02:14 INF] HTTP GET /js/site.js responded 200 in 0.7056 ms
[17:02:14 INF] HTTP GET /lib/bootstrap/dist/js/bootstrap.bundle.min.js responded 200 in 1.1012 ms
[17:02:14 INF] HTTP GET /lib/jquery-validation/dist/jquery.validate.min.js responded 200 in 0.9726 ms
[17:02:14 INF] HTTP GET /js/products-catalog-filter.js responded 200 in 4.2577 ms
[17:02:14 INF] HTTP GET /lib/jquery-validation-unobtrusive/dist/jquery.validate.unobtrusive.min.js responded 200 in 5.6680 ms
[17:02:19 INF] HTTP POST /Inventory/EditProduct responded 302 in 13.8507 ms
[17:02:19 INF] HTTP GET /Inventory/Products responded 200 in 49.7916 ms
[17:02:19 INF] HTTP GET /lib/bootstrap/dist/css/bootstrap.min.css responded 200 in 0.9066 ms
[17:02:19 INF] HTTP GET /css/site.css responded 200 in 1.0388 ms
[17:02:19 INF] HTTP GET /Biktal.WebMVC.styles.css responded 200 in 2.8057 ms
[17:02:20 INF] HTTP GET /lib/jquery/dist/jquery.min.js responded 304 in 0.2485 ms
[17:02:20 INF] HTTP GET /lib/bootstrap/dist/js/bootstrap.bundle.min.js responded 304 in 0.5311 ms
[17:02:20 INF] HTTP GET /js/site.js responded 304 in 0.3689 ms
[17:02:20 INF] HTTP GET /lib/jquery-validation/dist/jquery.validate.min.js responded 304 in 0.3445 ms
[17:02:20 INF] HTTP GET /lib/jquery-validation-unobtrusive/dist/jquery.validate.unobtrusive.min.js responded 304 in 0.4907 ms
[17:02:20 INF] HTTP GET /js/products-catalog-filter.js responded 304 in 0.5023 ms
[17:12:55 INF] HTTP GET /Finance responded 200 in 105.4228 ms
[17:12:55 INF] HTTP GET /css/site.css responded 200 in 0.7643 ms
[17:12:55 INF] HTTP GET /Biktal.WebMVC.styles.css responded 200 in 0.7272 ms
[17:12:55 INF] HTTP GET /lib/bootstrap/dist/css/bootstrap.min.css responded 200 in 1.2010 ms
[17:12:55 INF] HTTP GET /lib/jquery/dist/jquery.min.js responded 200 in 8.1877 ms
[17:12:55 INF] HTTP GET /js/site.js responded 200 in 1.2667 ms
[17:12:55 INF] HTTP GET /lib/bootstrap/dist/js/bootstrap.bundle.min.js responded 200 in 1.2385 ms
[17:12:57 INF] HTTP GET /Finance/Expenses responded 200 in 69.9511 ms
[17:12:57 INF] HTTP GET /lib/bootstrap/dist/css/bootstrap.min.css responded 304 in 0.9720 ms
[17:12:57 INF] HTTP GET /css/site.css responded 304 in 3.8951 ms
[17:12:57 INF] HTTP GET /Biktal.WebMVC.styles.css responded 304 in 0.6179 ms
[17:12:57 INF] HTTP GET /lib/jquery/dist/jquery.min.js responded 304 in 3.3556 ms
[17:12:57 INF] HTTP GET /js/site.js responded 304 in 0.3085 ms
[17:12:57 INF] HTTP GET /lib/bootstrap/dist/js/bootstrap.bundle.min.js responded 304 in 0.3087 ms
[17:12:57 INF] HTTP GET /lib/jquery-validation/dist/jquery.validate.min.js responded 200 in 0.7676 ms
[17:12:57 INF] HTTP GET /lib/jquery-validation-unobtrusive/dist/jquery.validate.unobtrusive.min.js responded 200 in 0.8861 ms
[17:14:06 INF] HTTP POST /Finance/CreateExpense responded 302 in 68.0202 ms
[17:14:06 INF] HTTP GET /Finance/Expenses responded 200 in 2.8275 ms
[17:14:06 INF] HTTP GET /lib/bootstrap/dist/css/bootstrap.min.css responded 200 in 1.9304 ms
[17:14:06 INF] HTTP GET /css/site.css responded 200 in 1.2310 ms
[17:14:06 INF] HTTP GET /Biktal.WebMVC.styles.css responded 200 in 0.6938 ms
[17:14:06 INF] HTTP GET /lib/jquery/dist/jquery.min.js responded 200 in 0.6712 ms
[17:14:06 INF] HTTP GET /js/site.js responded 200 in 0.8163 ms
[17:14:06 INF] HTTP GET /lib/jquery-validation/dist/jquery.validate.min.js responded 200 in 0.7185 ms
[17:14:06 INF] HTTP GET /lib/bootstrap/dist/js/bootstrap.bundle.min.js responded 200 in 2.1844 ms
[17:14:06 INF] HTTP GET /lib/jquery-validation-unobtrusive/dist/jquery.validate.unobtrusive.min.js responded 200 in 4.8215 ms
[17:23:31 INF] HTTP GET /Inventory responded 200 in 139.5024 ms
[17:23:31 INF] HTTP GET /lib/bootstrap/dist/css/bootstrap.min.css responded 200 in 0.8091 ms
[17:23:31 INF] HTTP GET /css/site.css responded 200 in 0.6563 ms
[17:23:31 INF] HTTP GET /Biktal.WebMVC.styles.css responded 200 in 0.7066 ms
[17:23:31 INF] HTTP GET /lib/jquery/dist/jquery.min.js responded 200 in 1.2808 ms
[17:23:31 INF] HTTP GET /lib/bootstrap/dist/js/bootstrap.bundle.min.js responded 200 in 0.8723 ms
[17:23:31 INF] HTTP GET /js/site.js responded 200 in 0.6086 ms
[17:23:33 INF] HTTP GET /Inventory/Products responded 200 in 65.4021 ms
[17:23:33 INF] HTTP GET /lib/bootstrap/dist/css/bootstrap.min.css responded 304 in 0.4479 ms
[17:23:33 INF] HTTP GET /css/site.css responded 304 in 0.4284 ms
[17:23:33 INF] HTTP GET /Biktal.WebMVC.styles.css responded 304 in 0.3363 ms
[17:23:34 INF] HTTP GET /lib/jquery/dist/jquery.min.js responded 304 in 0.2616 ms
[17:23:34 INF] HTTP GET /js/site.js responded 304 in 0.2484 ms
[17:23:34 INF] HTTP GET /lib/bootstrap/dist/js/bootstrap.bundle.min.js responded 304 in 0.3583 ms
[17:23:34 INF] HTTP GET /lib/jquery-validation-unobtrusive/dist/jquery.validate.unobtrusive.min.js responded 200 in 1.3313 ms
[17:23:34 INF] HTTP GET /lib/jquery-validation/dist/jquery.validate.min.js responded 200 in 1.4830 ms
[17:23:34 INF] HTTP GET /js/products-catalog-filter.js responded 200 in 4.6183 ms
[17:26:25 INF] HTTP GET /Finance responded 200 in 15.3549 ms
[17:26:26 INF] HTTP GET /css/site.css responded 200 in 3.8759 ms
[17:26:26 INF] HTTP GET /Biktal.WebMVC.styles.css responded 200 in 1.4409 ms
[17:26:26 INF] HTTP GET /lib/bootstrap/dist/css/bootstrap.min.css responded 200 in 2.5824 ms
[17:26:26 INF] HTTP GET /lib/jquery/dist/jquery.min.js responded 200 in 2.0920 ms
[17:26:26 INF] HTTP GET /lib/bootstrap/dist/js/bootstrap.bundle.min.js responded 200 in 3.0148 ms
[17:26:26 INF] HTTP GET /js/site.js responded 200 in 1.2598 ms
[17:26:28 INF] HTTP GET /Finance/Expenses responded 200 in 5.2260 ms
[17:26:28 INF] HTTP GET /css/site.css responded 200 in 2.4731 ms
[17:26:28 INF] HTTP GET /lib/bootstrap/dist/css/bootstrap.min.css responded 200 in 1.0192 ms
[17:26:28 INF] HTTP GET /Biktal.WebMVC.styles.css responded 200 in 3.6175 ms
[17:26:28 INF] HTTP GET /lib/jquery/dist/jquery.min.js responded 200 in 3.1511 ms
[17:26:28 INF] HTTP GET /lib/bootstrap/dist/js/bootstrap.bundle.min.js responded 200 in 0.8563 ms
[17:26:28 INF] HTTP GET /js/site.js responded 200 in 1.2564 ms
[17:26:28 INF] HTTP GET /lib/jquery-validation/dist/jquery.validate.min.js responded 200 in 0.8783 ms
[17:26:28 INF] HTTP GET /lib/jquery-validation-unobtrusive/dist/jquery.validate.unobtrusive.min.js responded 200 in 2.3624 ms
[17:27:39 INF] HTTP GET /Repairs responded 200 in 38.2466 ms
[17:27:39 INF] HTTP GET /lib/bootstrap/dist/css/bootstrap.min.css responded 200 in 2.0405 ms
[17:27:39 INF] HTTP GET /css/site.css responded 200 in 1.1944 ms
[17:27:39 INF] HTTP GET /Biktal.WebMVC.styles.css responded 200 in 0.9125 ms
[17:27:39 INF] HTTP GET /lib/jquery/dist/jquery.min.js responded 304 in 1.1078 ms
[17:27:39 INF] HTTP GET /lib/bootstrap/dist/js/bootstrap.bundle.min.js responded 304 in 1.3852 ms
[17:27:39 INF] HTTP GET /js/site.js responded 304 in 1.9189 ms
[17:27:42 INF] HTTP GET /Repairs responded 200 in 4.6107 ms
[17:27:42 INF] HTTP GET /lib/bootstrap/dist/css/bootstrap.min.css responded 304 in 1.7451 ms
[17:27:42 INF] HTTP GET /css/site.css responded 304 in 0.8615 ms
[17:27:42 INF] HTTP GET /Biktal.WebMVC.styles.css responded 304 in 1.2645 ms
[17:27:42 INF] HTTP GET /lib/jquery/dist/jquery.min.js responded 304 in 1.0772 ms
[17:27:42 INF] HTTP GET /lib/bootstrap/dist/js/bootstrap.bundle.min.js responded 304 in 3.7440 ms
[17:27:42 INF] HTTP GET /js/site.js responded 304 in 1.1608 ms
[17:47:53 INF] Application is shutting down...
