[15:03:00 ERR] Failed executing DbCommand (16ms) [Parameters=[@p0='?' (DbType = Guid), @p1='?' (DbType = DateTime), @p2='?' (DbType = Guid), @p3='?', @p4='?' (DbType = DateTime), @p5='?' (DbType = Int32), @p6='?' (DbType = Int32), @p7='?', @p8='?', @p9='?' (DbType = Guid), @p10='?' (DbType = DateTime), @p11='?' (DbType = Guid), @p12='?', @p13='?' (DbType = DateTime), @p14='?' (DbType = Int32), @p15='?' (DbType = Int32), @p16='?', @p17='?'], CommandType='Text', CommandTimeout='30']
INSERT INTO "CrmSupportTickets" ("Id", "CreatedAtUtc", "CustomerId", "Description", "ModifiedAtUtc", "Priority", "Status", "Subject", "TicketNumber")
VALUES (@p0, @p1, @p2, @p3, @p4, @p5, @p6, @p7, @p8);
INSERT INTO "CrmSupportTickets" ("Id", "CreatedAtUtc", "CustomerId", "Description", "ModifiedAtUtc", "Priority", "Status", "Subject", "TicketNumber")
VALUES (@p9, @p10, @p11, @p12, @p13, @p14, @p15, @p16, @p17);
[15:03:00 ERR] An exception occurred in the database while saving changes for context type 'Biktal.Infrastructure.Persistence.ApplicationDbContext'.
Microsoft.EntityFrameworkCore.DbUpdateException: An error occurred while saving the entity changes. See the inner exception for details.
 ---> Npgsql.PostgresException (0x80004005): 23503: insert or update on table "CrmSupportTickets" violates foreign key constraint "FK_CrmSupportTickets_CrmCustomers_CustomerId"

DETAIL: Detail redacted as it may contain sensitive data. Specify 'Include Error Detail' in the connection string to include this information.
   at Npgsql.Internal.NpgsqlConnector.ReadMessageLong(Boolean async, DataRowLoadingMode dataRowLoadingMode, Boolean readingNotifications, Boolean isReadingPrependedMessage)
   at System.Runtime.CompilerServices.PoolingAsyncValueTaskMethodBuilder`1.StateMachineBox`1.System.Threading.Tasks.Sources.IValueTaskSource<TResult>.GetResult(Int16 token)
   at Npgsql.NpgsqlDataReader.NextResult(Boolean async, Boolean isConsuming, CancellationToken cancellationToken)
   at Npgsql.NpgsqlDataReader.NextResult(Boolean async, Boolean isConsuming, CancellationToken cancellationToken)
   at Npgsql.NpgsqlCommand.ExecuteReader(Boolean async, CommandBehavior behavior, CancellationToken cancellationToken)
   at Npgsql.NpgsqlCommand.ExecuteReader(Boolean async, CommandBehavior behavior, CancellationToken cancellationToken)
   at Npgsql.NpgsqlCommand.ExecuteDbDataReaderAsync(CommandBehavior behavior, CancellationToken cancellationToken)
   at Microsoft.EntityFrameworkCore.Storage.RelationalCommand.ExecuteReaderAsync(RelationalCommandParameterObject parameterObject, CancellationToken cancellationToken)
   at Microsoft.EntityFrameworkCore.Storage.RelationalCommand.ExecuteReaderAsync(RelationalCommandParameterObject parameterObject, CancellationToken cancellationToken)
   at Microsoft.EntityFrameworkCore.Update.ReaderModificationCommandBatch.ExecuteAsync(IRelationalConnection connection, CancellationToken cancellationToken)
  Exception data:
    Severity: ERROR
    SqlState: 23503
    MessageText: insert or update on table "CrmSupportTickets" violates foreign key constraint "FK_CrmSupportTickets_CrmCustomers_CustomerId"
    Detail: Detail redacted as it may contain sensitive data. Specify 'Include Error Detail' in the connection string to include this information.
    SchemaName: public
    TableName: CrmSupportTickets
    ConstraintName: FK_CrmSupportTickets_CrmCustomers_CustomerId
    File: ri_triggers.c
    Line: 2783
    Routine: ri_ReportViolation
   --- End of inner exception stack trace ---
   at Microsoft.EntityFrameworkCore.Update.ReaderModificationCommandBatch.ExecuteAsync(IRelationalConnection connection, CancellationToken cancellationToken)
   at Microsoft.EntityFrameworkCore.Update.Internal.BatchExecutor.ExecuteAsync(IEnumerable`1 commandBatches, IRelationalConnection connection, CancellationToken cancellationToken)
   at Microsoft.EntityFrameworkCore.Update.Internal.BatchExecutor.ExecuteAsync(IEnumerable`1 commandBatches, IRelationalConnection connection, CancellationToken cancellationToken)
   at Microsoft.EntityFrameworkCore.Update.Internal.BatchExecutor.ExecuteAsync(IEnumerable`1 commandBatches, IRelationalConnection connection, CancellationToken cancellationToken)
   at Microsoft.EntityFrameworkCore.Storage.RelationalDatabase.SaveChangesAsync(IList`1 entries, CancellationToken cancellationToken)
   at Microsoft.EntityFrameworkCore.ChangeTracking.Internal.StateManager.SaveChangesAsync(IList`1 entriesToSave, CancellationToken cancellationToken)
   at Microsoft.EntityFrameworkCore.ChangeTracking.Internal.StateManager.SaveChangesAsync(StateManager stateManager, Boolean acceptAllChangesOnSuccess, CancellationToken cancellationToken)
   at Npgsql.EntityFrameworkCore.PostgreSQL.Storage.Internal.NpgsqlExecutionStrategy.ExecuteAsync[TState,TResult](TState state, Func`4 operation, Func`4 verifySucceeded, CancellationToken cancellationToken)
   at Microsoft.EntityFrameworkCore.DbContext.SaveChangesAsync(Boolean acceptAllChangesOnSuccess, CancellationToken cancellationToken)
Microsoft.EntityFrameworkCore.DbUpdateException: An error occurred while saving the entity changes. See the inner exception for details.
 ---> Npgsql.PostgresException (0x80004005): 23503: insert or update on table "CrmSupportTickets" violates foreign key constraint "FK_CrmSupportTickets_CrmCustomers_CustomerId"

DETAIL: Detail redacted as it may contain sensitive data. Specify 'Include Error Detail' in the connection string to include this information.
   at Npgsql.Internal.NpgsqlConnector.ReadMessageLong(Boolean async, DataRowLoadingMode dataRowLoadingMode, Boolean readingNotifications, Boolean isReadingPrependedMessage)
   at System.Runtime.CompilerServices.PoolingAsyncValueTaskMethodBuilder`1.StateMachineBox`1.System.Threading.Tasks.Sources.IValueTaskSource<TResult>.GetResult(Int16 token)
   at Npgsql.NpgsqlDataReader.NextResult(Boolean async, Boolean isConsuming, CancellationToken cancellationToken)
   at Npgsql.NpgsqlDataReader.NextResult(Boolean async, Boolean isConsuming, CancellationToken cancellationToken)
   at Npgsql.NpgsqlCommand.ExecuteReader(Boolean async, CommandBehavior behavior, CancellationToken cancellationToken)
   at Npgsql.NpgsqlCommand.ExecuteReader(Boolean async, CommandBehavior behavior, CancellationToken cancellationToken)
   at Npgsql.NpgsqlCommand.ExecuteDbDataReaderAsync(CommandBehavior behavior, CancellationToken cancellationToken)
   at Microsoft.EntityFrameworkCore.Storage.RelationalCommand.ExecuteReaderAsync(RelationalCommandParameterObject parameterObject, CancellationToken cancellationToken)
   at Microsoft.EntityFrameworkCore.Storage.RelationalCommand.ExecuteReaderAsync(RelationalCommandParameterObject parameterObject, CancellationToken cancellationToken)
   at Microsoft.EntityFrameworkCore.Update.ReaderModificationCommandBatch.ExecuteAsync(IRelationalConnection connection, CancellationToken cancellationToken)
  Exception data:
    Severity: ERROR
    SqlState: 23503
    MessageText: insert or update on table "CrmSupportTickets" violates foreign key constraint "FK_CrmSupportTickets_CrmCustomers_CustomerId"
    Detail: Detail redacted as it may contain sensitive data. Specify 'Include Error Detail' in the connection string to include this information.
    SchemaName: public
    TableName: CrmSupportTickets
    ConstraintName: FK_CrmSupportTickets_CrmCustomers_CustomerId
    File: ri_triggers.c
    Line: 2783
    Routine: ri_ReportViolation
   --- End of inner exception stack trace ---
   at Microsoft.EntityFrameworkCore.Update.ReaderModificationCommandBatch.ExecuteAsync(IRelationalConnection connection, CancellationToken cancellationToken)
   at Microsoft.EntityFrameworkCore.Update.Internal.BatchExecutor.ExecuteAsync(IEnumerable`1 commandBatches, IRelationalConnection connection, CancellationToken cancellationToken)
   at Microsoft.EntityFrameworkCore.Update.Internal.BatchExecutor.ExecuteAsync(IEnumerable`1 commandBatches, IRelationalConnection connection, CancellationToken cancellationToken)
   at Microsoft.EntityFrameworkCore.Update.Internal.BatchExecutor.ExecuteAsync(IEnumerable`1 commandBatches, IRelationalConnection connection, CancellationToken cancellationToken)
   at Microsoft.EntityFrameworkCore.Storage.RelationalDatabase.SaveChangesAsync(IList`1 entries, CancellationToken cancellationToken)
   at Microsoft.EntityFrameworkCore.ChangeTracking.Internal.StateManager.SaveChangesAsync(IList`1 entriesToSave, CancellationToken cancellationToken)
   at Microsoft.EntityFrameworkCore.ChangeTracking.Internal.StateManager.SaveChangesAsync(StateManager stateManager, Boolean acceptAllChangesOnSuccess, CancellationToken cancellationToken)
   at Npgsql.EntityFrameworkCore.PostgreSQL.Storage.Internal.NpgsqlExecutionStrategy.ExecuteAsync[TState,TResult](TState state, Func`4 operation, Func`4 verifySucceeded, CancellationToken cancellationToken)
   at Microsoft.EntityFrameworkCore.DbContext.SaveChangesAsync(Boolean acceptAllChangesOnSuccess, CancellationToken cancellationToken)
[15:03:00 ERR] Database migration or seed failed. Check PostgreSQL is running and ConnectionStrings:DefaultConnection is correct.
Microsoft.EntityFrameworkCore.DbUpdateException: An error occurred while saving the entity changes. See the inner exception for details.
 ---> Npgsql.PostgresException (0x80004005): 23503: insert or update on table "CrmSupportTickets" violates foreign key constraint "FK_CrmSupportTickets_CrmCustomers_CustomerId"

DETAIL: Detail redacted as it may contain sensitive data. Specify 'Include Error Detail' in the connection string to include this information.
   at Npgsql.Internal.NpgsqlConnector.ReadMessageLong(Boolean async, DataRowLoadingMode dataRowLoadingMode, Boolean readingNotifications, Boolean isReadingPrependedMessage)
   at System.Runtime.CompilerServices.PoolingAsyncValueTaskMethodBuilder`1.StateMachineBox`1.System.Threading.Tasks.Sources.IValueTaskSource<TResult>.GetResult(Int16 token)
   at Npgsql.NpgsqlDataReader.NextResult(Boolean async, Boolean isConsuming, CancellationToken cancellationToken)
   at Npgsql.NpgsqlDataReader.NextResult(Boolean async, Boolean isConsuming, CancellationToken cancellationToken)
   at Npgsql.NpgsqlCommand.ExecuteReader(Boolean async, CommandBehavior behavior, CancellationToken cancellationToken)
   at Npgsql.NpgsqlCommand.ExecuteReader(Boolean async, CommandBehavior behavior, CancellationToken cancellationToken)
   at Npgsql.NpgsqlCommand.ExecuteDbDataReaderAsync(CommandBehavior behavior, CancellationToken cancellationToken)
   at Microsoft.EntityFrameworkCore.Storage.RelationalCommand.ExecuteReaderAsync(RelationalCommandParameterObject parameterObject, CancellationToken cancellationToken)
   at Microsoft.EntityFrameworkCore.Storage.RelationalCommand.ExecuteReaderAsync(RelationalCommandParameterObject parameterObject, CancellationToken cancellationToken)
   at Microsoft.EntityFrameworkCore.Update.ReaderModificationCommandBatch.ExecuteAsync(IRelationalConnection connection, CancellationToken cancellationToken)
  Exception data:
    Severity: ERROR
    SqlState: 23503
    MessageText: insert or update on table "CrmSupportTickets" violates foreign key constraint "FK_CrmSupportTickets_CrmCustomers_CustomerId"
    Detail: Detail redacted as it may contain sensitive data. Specify 'Include Error Detail' in the connection string to include this information.
    SchemaName: public
    TableName: CrmSupportTickets
    ConstraintName: FK_CrmSupportTickets_CrmCustomers_CustomerId
    File: ri_triggers.c
    Line: 2783
    Routine: ri_ReportViolation
   --- End of inner exception stack trace ---
   at Microsoft.EntityFrameworkCore.Update.ReaderModificationCommandBatch.ExecuteAsync(IRelationalConnection connection, CancellationToken cancellationToken)
   at Microsoft.EntityFrameworkCore.Update.Internal.BatchExecutor.ExecuteAsync(IEnumerable`1 commandBatches, IRelationalConnection connection, CancellationToken cancellationToken)
   at Microsoft.EntityFrameworkCore.Update.Internal.BatchExecutor.ExecuteAsync(IEnumerable`1 commandBatches, IRelationalConnection connection, CancellationToken cancellationToken)
   at Microsoft.EntityFrameworkCore.Update.Internal.BatchExecutor.ExecuteAsync(IEnumerable`1 commandBatches, IRelationalConnection connection, CancellationToken cancellationToken)
   at Microsoft.EntityFrameworkCore.Storage.RelationalDatabase.SaveChangesAsync(IList`1 entries, CancellationToken cancellationToken)
   at Microsoft.EntityFrameworkCore.ChangeTracking.Internal.StateManager.SaveChangesAsync(IList`1 entriesToSave, CancellationToken cancellationToken)
   at Microsoft.EntityFrameworkCore.ChangeTracking.Internal.StateManager.SaveChangesAsync(StateManager stateManager, Boolean acceptAllChangesOnSuccess, CancellationToken cancellationToken)
   at Npgsql.EntityFrameworkCore.PostgreSQL.Storage.Internal.NpgsqlExecutionStrategy.ExecuteAsync[TState,TResult](TState state, Func`4 operation, Func`4 verifySucceeded, CancellationToken cancellationToken)
   at Microsoft.EntityFrameworkCore.DbContext.SaveChangesAsync(Boolean acceptAllChangesOnSuccess, CancellationToken cancellationToken)
   at Microsoft.EntityFrameworkCore.DbContext.SaveChangesAsync(Boolean acceptAllChangesOnSuccess, CancellationToken cancellationToken)
   at Biktal.Infrastructure.Persistence.CrmDataSeeder.SeedIfEmptyAsync(ApplicationDbContext db, CancellationToken cancellationToken)
   at Program.<Main>$(String[] args) in d:\Systems\BiktalSystems\Program.cs:line 71
[15:03:00 WRN] Continuing without a successful migration/seed. Auth and data pages may fail until the database is available.
[15:03:00 WRN] Using an in-memory repository. Keys will not be persisted to storage.
[15:03:00 WRN] Neither user profile nor HKLM registry available. Using an ephemeral key repository. Protected data will be unavailable when application exits.
[15:03:00 WRN] No XML encryptor configured. Key {3f819ea8-2104-4737-88e9-de188092212e} may be persisted to storage in unencrypted form.
[15:03:00 INF] Application started. Press Ctrl+C to shut down.
[15:03:00 INF] Hosting environment: Production
[15:03:00 INF] Content root path: D:\Systems\BiktalSystems\publish
[15:03:01 INF] HTTP GET /lib/jquery-validation/dist/jquery.validate.min.js responded 200 in 232.2413 ms
[15:03:01 INF] HTTP GET /js/products-catalog-filter.js responded 200 in 242.8374 ms
[15:03:01 INF] HTTP GET /Biktal.WebMVC.styles.css responded 200 in 242.8290 ms
[15:03:01 INF] HTTP GET /css/site.css responded 200 in 277.1675 ms
[15:03:01 INF] HTTP GET /lib/bootstrap/dist/css/bootstrap.min.css responded 200 in 278.3455 ms
[15:03:01 INF] HTTP GET /lib/jquery-validation-unobtrusive/dist/jquery.validate.unobtrusive.min.js responded 200 in 268.0474 ms
[15:03:01 INF] HTTP GET /lib/bootstrap/dist/js/bootstrap.bundle.min.js responded 200 in 268.3708 ms
[15:03:01 INF] HTTP GET /lib/jquery/dist/jquery.min.js responded 200 in 298.6505 ms
[15:03:01 INF] HTTP GET /js/site.js responded 200 in 320.2761 ms
[15:03:01 INF] HTTP GET /Pos responded 302 in 326.1293 ms
[15:03:01 ERR] An exception was thrown while deserializing the token.
Microsoft.AspNetCore.Antiforgery.AntiforgeryValidationException: The antiforgery token could not be decrypted.
 ---> System.Security.Cryptography.CryptographicException: The key {4e9eb3ff-30ef-4e7c-9853-2ffdfe7eb7a3} was not found in the key ring. For more information go to https://aka.ms/aspnet/dataprotectionwarning
   at Microsoft.AspNetCore.DataProtection.KeyManagement.KeyRingBasedDataProtector.UnprotectCore(Byte[] protectedData, Boolean allowOperationsOnRevokedKeys, UnprotectStatus& status)
   at Microsoft.AspNetCore.DataProtection.KeyManagement.KeyRingBasedDataProtector.Unprotect(Byte[] protectedData)
   at Microsoft.AspNetCore.Antiforgery.DefaultAntiforgeryTokenSerializer.Deserialize(String serializedToken)
   --- End of inner exception stack trace ---
   at Microsoft.AspNetCore.Antiforgery.DefaultAntiforgeryTokenSerializer.Deserialize(String serializedToken)
   at Microsoft.AspNetCore.Antiforgery.DefaultAntiforgery.GetCookieTokenDoesNotThrow(HttpContext httpContext)
[15:03:01 INF] HTTP GET /Account/Login responded 200 in 517.4592 ms
[15:03:01 INF] HTTP GET /lib/bootstrap/dist/css/bootstrap.min.css responded 200 in 1.9560 ms
[15:03:02 INF] HTTP GET /css/site.css responded 200 in 4.3019 ms
[15:03:03 INF] HTTP GET /lib/jquery-validation/dist/jquery.validate.min.js responded 200 in 32.9987 ms
[15:03:03 INF] HTTP GET /Biktal.WebMVC.styles.css responded 200 in 54.5088 ms
[15:03:03 INF] HTTP GET /js/site.js responded 200 in 16.2342 ms
[15:03:03 INF] HTTP GET /lib/jquery/dist/jquery.min.js responded 200 in 88.0812 ms
[15:03:03 INF] HTTP GET /lib/jquery-validation-unobtrusive/dist/jquery.validate.unobtrusive.min.js responded 200 in 14.0756 ms
[15:03:03 INF] HTTP GET /lib/bootstrap/dist/js/bootstrap.bundle.min.js responded 200 in 171.5124 ms
[15:03:22 INF] HTTP GET /Finance responded 302 in 9.3082 ms
[15:03:22 INF] HTTP GET /Account/Login responded 200 in 109.3214 ms
[15:03:22 INF] HTTP GET /lib/bootstrap/dist/css/bootstrap.min.css responded 200 in 6.9093 ms
[15:03:22 INF] HTTP GET /css/site.css responded 200 in 6.0675 ms
[15:03:22 INF] HTTP GET /Biktal.WebMVC.styles.css responded 200 in 2.4302 ms
[15:03:22 INF] HTTP GET /lib/jquery/dist/jquery.min.js responded 200 in 5.6946 ms
[15:03:22 INF] HTTP GET /lib/bootstrap/dist/js/bootstrap.bundle.min.js responded 200 in 6.4825 ms
[15:03:22 INF] HTTP GET /lib/jquery-validation-unobtrusive/dist/jquery.validate.unobtrusive.min.js responded 200 in 5.1822 ms
[15:03:22 INF] HTTP GET /js/site.js responded 200 in 6.6631 ms
[15:03:22 INF] HTTP GET /lib/jquery-validation/dist/jquery.validate.min.js responded 200 in 6.7187 ms
[15:03:42 INF] HTTP POST /Account/Login responded 302 in 492.9914 ms
[15:03:42 INF] HTTP GET /Finance responded 200 in 131.0849 ms
[15:03:42 INF] HTTP GET /Biktal.WebMVC.styles.css responded 200 in 7.1236 ms
[15:03:42 INF] HTTP GET /css/site.css responded 200 in 23.6410 ms
[15:03:42 INF] HTTP GET /js/site.js responded 304 in 1.7241 ms
[15:03:42 INF] HTTP GET /lib/bootstrap/dist/js/bootstrap.bundle.min.js responded 304 in 0.8376 ms
[15:03:42 INF] HTTP GET /lib/jquery/dist/jquery.min.js responded 304 in 28.0938 ms
[15:03:42 INF] HTTP GET /lib/bootstrap/dist/css/bootstrap.min.css responded 200 in 24.3121 ms
[15:03:45 INF] HTTP GET /Finance responded 200 in 15.3373 ms
[15:03:45 INF] HTTP GET /css/site.css responded 200 in 1.2438 ms
[15:03:45 INF] HTTP GET /lib/bootstrap/dist/css/bootstrap.min.css responded 200 in 2.1518 ms
[15:03:45 INF] HTTP GET /lib/bootstrap/dist/js/bootstrap.bundle.min.js responded 304 in 0.7135 ms
[15:03:45 INF] HTTP GET /lib/jquery/dist/jquery.min.js responded 304 in 0.9141 ms
[15:03:45 INF] HTTP GET /js/site.js responded 304 in 2.6553 ms
[15:03:45 INF] HTTP GET /Biktal.WebMVC.styles.css responded 200 in 4.2748 ms
[15:04:04 INF] HTTP GET /Finance/Cashbox responded 200 in 575.8423 ms
[15:04:04 INF] HTTP GET /lib/bootstrap/dist/css/bootstrap.min.css responded 200 in 19.8809 ms
[15:04:04 INF] HTTP GET /css/site.css responded 200 in 3.4359 ms
[15:04:04 INF] HTTP GET /Biktal.WebMVC.styles.css responded 200 in 3.5878 ms
[15:04:04 INF] HTTP GET /lib/bootstrap/dist/js/bootstrap.bundle.min.js responded 304 in 0.6659 ms
[15:04:04 INF] HTTP GET /lib/jquery/dist/jquery.min.js responded 304 in 0.9753 ms
[15:04:04 INF] HTTP GET /js/site.js responded 304 in 0.5774 ms
[15:04:04 INF] HTTP GET /lib/jquery-validation/dist/jquery.validate.min.js responded 304 in 1.0670 ms
[15:04:04 INF] HTTP GET /lib/jquery-validation-unobtrusive/dist/jquery.validate.unobtrusive.min.js responded 304 in 2.3873 ms
[15:08:17 INF] HTTP GET /Finance/Expenses responded 200 in 145.3230 ms
[15:08:17 INF] HTTP GET /css/site.css responded 200 in 1.6215 ms
[15:08:17 INF] HTTP GET /lib/bootstrap/dist/css/bootstrap.min.css responded 200 in 2.0063 ms
[15:08:17 INF] HTTP GET /lib/jquery-validation-unobtrusive/dist/jquery.validate.unobtrusive.min.js responded 200 in 35.8032 ms
[15:08:17 INF] HTTP GET /lib/jquery/dist/jquery.min.js responded 200 in 39.7081 ms
[15:08:17 INF] HTTP GET /Biktal.WebMVC.styles.css responded 200 in 2.2037 ms
[15:08:17 INF] HTTP GET /lib/bootstrap/dist/js/bootstrap.bundle.min.js responded 200 in 51.4792 ms
[15:08:17 INF] HTTP GET /js/site.js responded 200 in 37.0239 ms
[15:08:17 INF] HTTP GET /lib/jquery-validation/dist/jquery.validate.min.js responded 200 in 42.0512 ms
[15:10:27 INF] HTTP GET /Staff responded 200 in 110.7618 ms
[15:10:27 INF] HTTP GET /lib/bootstrap/dist/css/bootstrap.min.css responded 200 in 2.7917 ms
[15:10:27 INF] HTTP GET /lib/jquery/dist/jquery.min.js responded 200 in 1.1223 ms
[15:10:27 INF] HTTP GET /css/site.css responded 200 in 1.7044 ms
[15:10:27 INF] HTTP GET /Biktal.WebMVC.styles.css responded 200 in 0.9483 ms
[15:10:27 INF] HTTP GET /lib/bootstrap/dist/js/bootstrap.bundle.min.js responded 200 in 25.8775 ms
[15:10:27 INF] HTTP GET /js/site.js responded 200 in 2.1882 ms
[15:10:50 INF] HTTP GET /Staff/Team responded 200 in 38.4062 ms
[15:10:50 INF] HTTP GET /lib/bootstrap/dist/css/bootstrap.min.css responded 200 in 12.3392 ms
[15:10:50 INF] HTTP GET /css/site.css responded 200 in 3.2899 ms
[15:10:50 INF] HTTP GET /Biktal.WebMVC.styles.css responded 200 in 2.8531 ms
[15:10:50 INF] HTTP GET /lib/jquery/dist/jquery.min.js responded 304 in 1.1521 ms
[15:10:50 INF] HTTP GET /js/site.js responded 304 in 0.6303 ms
[15:10:50 INF] HTTP GET /lib/bootstrap/dist/js/bootstrap.bundle.min.js responded 304 in 1.4855 ms
[15:11:16 INF] HTTP GET /Staff/Attendance responded 200 in 76.9228 ms
[15:11:16 INF] HTTP GET /lib/bootstrap/dist/css/bootstrap.min.css responded 200 in 3.1914 ms
[15:11:16 INF] HTTP GET /css/site.css responded 200 in 1.7081 ms
[15:11:16 INF] HTTP GET /lib/jquery/dist/jquery.min.js responded 304 in 1.5781 ms
[15:11:16 INF] HTTP GET /lib/bootstrap/dist/js/bootstrap.bundle.min.js responded 304 in 1.1980 ms
[15:11:16 INF] HTTP GET /js/site.js responded 304 in 0.6213 ms
[15:11:16 INF] HTTP GET /lib/jquery-validation/dist/jquery.validate.min.js responded 200 in 1.2744 ms
[15:11:16 INF] HTTP GET /Biktal.WebMVC.styles.css responded 200 in 5.0480 ms
[15:11:16 INF] HTTP GET /lib/jquery-validation-unobtrusive/dist/jquery.validate.unobtrusive.min.js responded 200 in 1.0633 ms
[15:12:08 INF] HTTP GET /Staff/Attendance responded 200 in 14.8877 ms
[15:12:08 INF] HTTP GET /lib/bootstrap/dist/css/bootstrap.min.css responded 200 in 2.8898 ms
[15:12:08 INF] HTTP GET /css/site.css responded 200 in 2.1303 ms
[15:12:08 INF] HTTP GET /Biktal.WebMVC.styles.css responded 200 in 1.0133 ms
[15:12:08 INF] HTTP GET /lib/jquery/dist/jquery.min.js responded 200 in 1.2010 ms
[15:12:08 INF] HTTP GET /lib/bootstrap/dist/js/bootstrap.bundle.min.js responded 200 in 1.1916 ms
[15:12:08 INF] HTTP GET /js/site.js responded 200 in 1.0813 ms
[15:12:08 INF] HTTP GET /lib/jquery-validation/dist/jquery.validate.min.js responded 200 in 1.7582 ms
[15:12:09 INF] HTTP GET /lib/jquery-validation-unobtrusive/dist/jquery.validate.unobtrusive.min.js responded 200 in 1.2988 ms
[15:12:17 INF] HTTP POST /Staff/ClockIn responded 302 in 158.3772 ms
[15:12:17 INF] HTTP GET /Staff/Attendance responded 200 in 8.8557 ms
[15:12:17 INF] HTTP GET /lib/bootstrap/dist/css/bootstrap.min.css responded 200 in 4.8372 ms
[15:12:17 INF] HTTP GET /css/site.css responded 200 in 1.3789 ms
[15:12:17 INF] HTTP GET /Biktal.WebMVC.styles.css responded 200 in 1.0029 ms
[15:12:17 INF] HTTP GET /lib/jquery/dist/jquery.min.js responded 304 in 1.8191 ms
[15:12:17 INF] HTTP GET /lib/bootstrap/dist/js/bootstrap.bundle.min.js responded 304 in 0.8055 ms
[15:12:17 INF] HTTP GET /lib/jquery-validation/dist/jquery.validate.min.js responded 304 in 0.4785 ms
[15:12:17 INF] HTTP GET /lib/jquery-validation-unobtrusive/dist/jquery.validate.unobtrusive.min.js responded 304 in 2.0287 ms
[15:12:17 INF] HTTP GET /js/site.js responded 304 in 0.4627 ms
[15:12:45 INF] HTTP GET /Inventory responded 200 in 143.9130 ms
[15:12:45 INF] HTTP GET /lib/bootstrap/dist/css/bootstrap.min.css responded 200 in 4.1613 ms
[15:12:45 INF] HTTP GET /css/site.css responded 200 in 1.2862 ms
[15:12:45 INF] HTTP GET /lib/jquery/dist/jquery.min.js responded 304 in 1.0024 ms
[15:12:45 INF] HTTP GET /Biktal.WebMVC.styles.css responded 200 in 0.9579 ms
[15:12:45 INF] HTTP GET /lib/bootstrap/dist/js/bootstrap.bundle.min.js responded 304 in 0.5770 ms
[15:12:45 INF] HTTP GET /js/site.js responded 304 in 0.4091 ms
[15:12:48 INF] HTTP GET /Dashboard responded 200 in 87.1031 ms
[15:12:48 INF] HTTP GET /lib/bootstrap/dist/css/bootstrap.min.css responded 200 in 1.6865 ms
[15:12:48 INF] HTTP GET /css/site.css responded 200 in 2.0000 ms
[15:12:48 INF] HTTP GET /Biktal.WebMVC.styles.css responded 200 in 0.8561 ms
[15:12:48 INF] HTTP GET /lib/jquery/dist/jquery.min.js responded 304 in 0.4479 ms
[15:12:48 INF] HTTP GET /js/site.js responded 304 in 0.4336 ms
[15:12:48 INF] HTTP GET /lib/bootstrap/dist/js/bootstrap.bundle.min.js responded 304 in 0.4070 ms
[15:13:04 WRN] The query uses the 'First'/'FirstOrDefault' operator without 'OrderBy' and filter operators. This may lead to unpredictable results.
[15:13:04 INF] HTTP GET /Pos responded 200 in 156.6714 ms
[15:13:04 INF] HTTP GET /css/site.css responded 200 in 4.0089 ms
[15:13:04 INF] HTTP GET /lib/bootstrap/dist/css/bootstrap.min.css responded 200 in 12.0365 ms
[15:13:04 INF] HTTP GET /lib/jquery/dist/jquery.min.js responded 304 in 1.8720 ms
[15:13:04 INF] HTTP GET /lib/bootstrap/dist/js/bootstrap.bundle.min.js responded 304 in 0.6926 ms
[15:13:04 INF] HTTP GET /js/site.js responded 304 in 0.4319 ms
[15:13:04 INF] HTTP GET /Biktal.WebMVC.styles.css responded 200 in 1.0090 ms
[15:13:04 INF] HTTP GET /js/pos.js responded 200 in 24.2031 ms
[15:13:49 INF] HTTP GET /Inventory responded 200 in 130.1507 ms
[15:13:49 INF] HTTP GET /lib/bootstrap/dist/css/bootstrap.min.css responded 200 in 41.7792 ms
[15:13:49 INF] HTTP GET /js/site.js responded 304 in 0.4002 ms
[15:13:49 INF] HTTP GET /lib/jquery/dist/jquery.min.js responded 304 in 0.5241 ms
[15:13:49 INF] HTTP GET /css/site.css responded 200 in 31.4136 ms
[15:13:49 INF] HTTP GET /Biktal.WebMVC.styles.css responded 200 in 27.0849 ms
[15:13:49 INF] HTTP GET /lib/bootstrap/dist/js/bootstrap.bundle.min.js responded 304 in 0.4996 ms
[15:14:30 INF] HTTP GET /Inventory/Stock responded 200 in 213.2518 ms
[15:14:30 INF] HTTP GET /Biktal.WebMVC.styles.css responded 200 in 1.9218 ms
[15:14:30 INF] HTTP GET /css/site.css responded 200 in 1.2106 ms
[15:14:30 INF] HTTP GET /lib/bootstrap/dist/css/bootstrap.min.css responded 200 in 3.7354 ms
[15:14:31 INF] HTTP GET /lib/jquery/dist/jquery.min.js responded 200 in 33.4027 ms
[15:14:31 INF] HTTP GET /js/stock-catalog-filter.js responded 200 in 18.4922 ms
[15:14:31 INF] HTTP GET /js/site.js responded 200 in 28.6662 ms
[15:14:31 INF] HTTP GET /lib/bootstrap/dist/js/bootstrap.bundle.min.js responded 200 in 29.1458 ms
[15:14:36 INF] HTTP GET /Inventory responded 200 in 18.1793 ms
[15:14:36 INF] HTTP GET /lib/bootstrap/dist/css/bootstrap.min.css responded 304 in 6.9892 ms
[15:14:36 INF] HTTP GET /css/site.css responded 304 in 0.6177 ms
[15:14:36 INF] HTTP GET /Biktal.WebMVC.styles.css responded 304 in 0.4414 ms
[15:14:36 INF] HTTP GET /lib/bootstrap/dist/js/bootstrap.bundle.min.js responded 304 in 0.9101 ms
[15:14:36 INF] HTTP GET /js/site.js responded 304 in 0.4362 ms
[15:14:36 INF] HTTP GET /lib/jquery/dist/jquery.min.js responded 304 in 3.9766 ms
[15:14:40 INF] HTTP GET /Inventory/Products responded 200 in 218.2917 ms
[15:14:40 INF] HTTP GET /Biktal.WebMVC.styles.css responded 304 in 1.0178 ms
[15:14:40 INF] HTTP GET /lib/bootstrap/dist/css/bootstrap.min.css responded 200 in 1.6127 ms
[15:14:40 INF] HTTP GET /css/site.css responded 304 in 0.5947 ms
[15:14:41 INF] HTTP GET /lib/jquery/dist/jquery.min.js responded 304 in 0.3758 ms
[15:14:41 INF] HTTP GET /lib/bootstrap/dist/js/bootstrap.bundle.min.js responded 304 in 0.5004 ms
[15:14:41 INF] HTTP GET /js/site.js responded 304 in 0.4769 ms
[15:14:41 INF] HTTP GET /lib/jquery-validation/dist/jquery.validate.min.js responded 200 in 20.4865 ms
[15:14:41 INF] HTTP GET /lib/jquery-validation-unobtrusive/dist/jquery.validate.unobtrusive.min.js responded 200 in 21.5463 ms
[15:14:41 INF] HTTP GET /js/products-catalog-filter.js responded 200 in 21.7916 ms
[15:28:23 INF] HTTP GET /Biktal.WebMVC.styles.css responded 200 in 1.5346 ms
[15:28:23 INF] HTTP GET /lib/bootstrap/dist/css/bootstrap.min.css responded 200 in 2.0052 ms
[15:28:23 INF] HTTP GET /css/site.css responded 200 in 1.1903 ms
[15:28:23 INF] HTTP GET /lib/bootstrap/dist/js/bootstrap.bundle.min.js.map responded 200 in 72.6328 ms
[15:28:23 INF] HTTP GET /lib/bootstrap/dist/css/bootstrap.min.css.map responded 200 in 26.2033 ms
[15:38:14 INF] HTTP POST /Inventory/AddProduct responded 302 in 261.1447 ms
[15:38:14 INF] HTTP GET /Inventory/Products responded 200 in 48.8373 ms
[15:38:14 INF] HTTP GET /lib/bootstrap/dist/css/bootstrap.min.css responded 200 in 2.2344 ms
[15:38:14 INF] HTTP GET /css/site.css responded 200 in 1.5135 ms
[15:38:14 INF] HTTP GET /Biktal.WebMVC.styles.css responded 200 in 1.8774 ms
[15:38:15 INF] HTTP GET /lib/jquery/dist/jquery.min.js responded 200 in 0.7489 ms
[15:38:15 INF] HTTP GET /js/site.js responded 200 in 1.0898 ms
[15:38:15 INF] HTTP GET /lib/bootstrap/dist/js/bootstrap.bundle.min.js responded 200 in 1.2597 ms
[15:38:15 INF] HTTP GET /lib/jquery-validation-unobtrusive/dist/jquery.validate.unobtrusive.min.js responded 200 in 0.8182 ms
[15:38:15 INF] HTTP GET /js/products-catalog-filter.js responded 200 in 1.0849 ms
[15:38:15 INF] HTTP GET /lib/jquery-validation/dist/jquery.validate.min.js responded 200 in 1.1404 ms
[15:39:57 INF] HTTP GET /Pos responded 200 in 27.8731 ms
[15:39:57 INF] HTTP GET /lib/bootstrap/dist/css/bootstrap.min.css responded 200 in 4.4933 ms
[15:39:57 INF] HTTP GET /Biktal.WebMVC.styles.css responded 200 in 1.2540 ms
[15:39:57 INF] HTTP GET /css/site.css responded 200 in 3.5885 ms
[15:39:57 INF] HTTP GET /lib/jquery/dist/jquery.min.js responded 200 in 4.3867 ms
[15:39:57 INF] HTTP GET /js/site.js responded 200 in 1.4326 ms
[15:39:57 INF] HTTP GET /lib/bootstrap/dist/js/bootstrap.bundle.min.js responded 200 in 0.9141 ms
[15:39:57 INF] HTTP GET /js/pos.js responded 200 in 134.9663 ms
[15:46:17 INF] HTTP POST /Pos/CompleteSale responded 400 in 125.3675 ms
[15:46:21 INF] HTTP POST /Pos/CompleteSale responded 400 in 6.5674 ms
[15:48:12 INF] HTTP POST /Pos/CompleteSale responded 400 in 15.0399 ms
[15:48:27 INF] HTTP POST /Pos/CompleteSale responded 200 in 364.9859 ms
[15:50:10 INF] HTTP GET /Inventory responded 200 in 36.1269 ms
[15:50:10 INF] HTTP GET /css/site.css responded 200 in 1.1766 ms
[15:50:10 INF] HTTP GET /lib/bootstrap/dist/css/bootstrap.min.css responded 200 in 1.3869 ms
[15:50:10 INF] HTTP GET /Biktal.WebMVC.styles.css responded 200 in 1.1612 ms
[15:50:10 INF] HTTP GET /lib/jquery/dist/jquery.min.js responded 200 in 1.5007 ms
[15:50:10 INF] HTTP GET /lib/bootstrap/dist/js/bootstrap.bundle.min.js responded 200 in 2.3160 ms
[15:50:10 INF] HTTP GET /js/site.js responded 200 in 1.8110 ms
[15:50:26 INF] HTTP GET /Inventory/Products responded 200 in 65.7609 ms
[15:50:26 INF] HTTP GET /lib/bootstrap/dist/css/bootstrap.min.css responded 304 in 0.4696 ms
[15:50:26 INF] HTTP GET /css/site.css responded 304 in 0.6917 ms
[15:50:26 INF] HTTP GET /Biktal.WebMVC.styles.css responded 304 in 0.3681 ms
[15:50:27 INF] HTTP GET /lib/jquery/dist/jquery.min.js responded 304 in 0.3333 ms
[15:50:27 INF] HTTP GET /lib/bootstrap/dist/js/bootstrap.bundle.min.js responded 304 in 1.2759 ms
[15:50:27 INF] HTTP GET /js/site.js responded 304 in 0.4285 ms
[15:50:27 INF] HTTP GET /lib/jquery-validation/dist/jquery.validate.min.js responded 200 in 1.8961 ms
[15:50:27 INF] HTTP GET /lib/jquery-validation-unobtrusive/dist/jquery.validate.unobtrusive.min.js responded 200 in 1.5532 ms
[15:50:27 INF] HTTP GET /js/products-catalog-filter.js responded 200 in 1.2403 ms
[15:51:40 INF] HTTP POST /Inventory/DeleteProduct responded 302 in 172.0275 ms
[15:51:40 INF] HTTP GET /Inventory/Products responded 200 in 42.8344 ms
[15:51:40 INF] HTTP GET /lib/bootstrap/dist/css/bootstrap.min.css responded 200 in 1.1396 ms
[15:51:40 INF] HTTP GET /css/site.css responded 200 in 0.8781 ms
[15:51:40 INF] HTTP GET /Biktal.WebMVC.styles.css responded 200 in 1.2727 ms
[15:51:41 INF] HTTP GET /lib/jquery/dist/jquery.min.js responded 200 in 0.7162 ms
[15:51:41 INF] HTTP GET /lib/bootstrap/dist/js/bootstrap.bundle.min.js responded 200 in 0.9709 ms
[15:51:41 INF] HTTP GET /js/site.js responded 200 in 1.0040 ms
[15:51:41 INF] HTTP GET /lib/jquery-validation/dist/jquery.validate.min.js responded 200 in 0.6963 ms
[15:51:41 INF] HTTP GET /lib/jquery-validation-unobtrusive/dist/jquery.validate.unobtrusive.min.js responded 200 in 1.1571 ms
[15:51:41 INF] HTTP GET /js/products-catalog-filter.js responded 200 in 0.8111 ms
[15:53:14 INF] HTTP GET /Pos responded 200 in 17.5070 ms
[15:53:14 INF] HTTP GET /lib/bootstrap/dist/css/bootstrap.min.css responded 200 in 0.9152 ms
[15:53:14 INF] HTTP GET /Biktal.WebMVC.styles.css responded 200 in 1.0082 ms
[15:53:14 INF] HTTP GET /css/site.css responded 200 in 1.8746 ms
[15:53:14 INF] HTTP GET /lib/jquery/dist/jquery.min.js responded 200 in 1.3271 ms
[15:53:14 INF] HTTP GET /js/pos.js responded 200 in 0.7992 ms
[15:53:14 INF] HTTP GET /lib/bootstrap/dist/js/bootstrap.bundle.min.js responded 200 in 10.6201 ms
[15:53:14 INF] HTTP GET /js/site.js responded 200 in 1.4692 ms
[15:53:41 INF] HTTP GET /Crm responded 200 in 86.8191 ms
[15:53:41 INF] HTTP GET /lib/bootstrap/dist/css/bootstrap.min.css responded 200 in 39.4091 ms
[15:53:41 INF] HTTP GET /css/site.css responded 200 in 0.8601 ms
[15:53:41 INF] HTTP GET /Biktal.WebMVC.styles.css responded 200 in 0.8646 ms
[15:53:41 INF] HTTP GET /lib/bootstrap/dist/js/bootstrap.bundle.min.js responded 304 in 0.3763 ms
[15:53:41 INF] HTTP GET /lib/jquery/dist/jquery.min.js responded 304 in 0.3671 ms
[15:53:41 INF] HTTP GET /js/site.js responded 304 in 0.3192 ms
[15:53:44 INF] HTTP GET /Inventory responded 200 in 24.9750 ms
[15:53:44 INF] HTTP GET /lib/bootstrap/dist/css/bootstrap.min.css responded 200 in 13.2252 ms
[15:53:44 INF] HTTP GET /css/site.css responded 200 in 0.9679 ms
[15:53:44 INF] HTTP GET /lib/bootstrap/dist/js/bootstrap.bundle.min.js responded 304 in 0.7630 ms
[15:53:44 INF] HTTP GET /Biktal.WebMVC.styles.css responded 200 in 2.2837 ms
[15:53:44 INF] HTTP GET /lib/jquery/dist/jquery.min.js responded 304 in 3.1762 ms
[15:53:44 INF] HTTP GET /js/site.js responded 304 in 0.4138 ms
[15:54:02 INF] HTTP GET /Inventory/Stock responded 200 in 32.6167 ms
[15:54:02 INF] HTTP GET /css/site.css responded 200 in 1.0958 ms
[15:54:02 INF] HTTP GET /lib/bootstrap/dist/css/bootstrap.min.css responded 200 in 2.1799 ms
[15:54:02 INF] HTTP GET /Biktal.WebMVC.styles.css responded 200 in 1.8611 ms
[15:54:02 INF] HTTP GET /lib/jquery/dist/jquery.min.js responded 304 in 0.4073 ms
[15:54:02 INF] HTTP GET /lib/bootstrap/dist/js/bootstrap.bundle.min.js responded 304 in 0.4396 ms
[15:54:02 INF] HTTP GET /js/site.js responded 304 in 0.3492 ms
[15:54:02 INF] HTTP GET /js/stock-catalog-filter.js responded 200 in 1.1824 ms
[15:54:30 INF] HTTP GET /Inventory/Categories responded 200 in 46.9609 ms
[15:54:30 INF] HTTP GET /lib/bootstrap/dist/css/bootstrap.min.css responded 200 in 1.4438 ms
[15:54:30 INF] HTTP GET /css/site.css responded 200 in 1.7466 ms
[15:54:30 INF] HTTP GET /Biktal.WebMVC.styles.css responded 200 in 4.3159 ms
[15:54:30 INF] HTTP GET /lib/jquery/dist/jquery.min.js responded 304 in 0.5524 ms
[15:54:30 INF] HTTP GET /lib/bootstrap/dist/js/bootstrap.bundle.min.js responded 304 in 2.2632 ms
[15:54:30 INF] HTTP GET /js/site.js responded 304 in 0.3860 ms
[15:54:30 INF] HTTP GET /lib/jquery-validation-unobtrusive/dist/jquery.validate.unobtrusive.min.js responded 200 in 0.9602 ms
[15:54:30 INF] HTTP GET /lib/jquery-validation/dist/jquery.validate.min.js responded 200 in 0.8714 ms
[15:54:53 INF] HTTP GET /Inventory/Products responded 200 in 56.5022 ms
[15:54:53 INF] HTTP GET /lib/bootstrap/dist/css/bootstrap.min.css responded 200 in 7.3354 ms
[15:54:53 INF] HTTP GET /Biktal.WebMVC.styles.css responded 200 in 1.2672 ms
[15:54:53 INF] HTTP GET /css/site.css responded 200 in 1.1168 ms
[15:54:54 INF] HTTP GET /lib/jquery/dist/jquery.min.js responded 304 in 0.3012 ms
[15:54:54 INF] HTTP GET /lib/bootstrap/dist/js/bootstrap.bundle.min.js responded 304 in 0.5928 ms
[15:54:54 INF] HTTP GET /js/site.js responded 304 in 0.4126 ms
[15:54:54 INF] HTTP GET /lib/jquery-validation/dist/jquery.validate.min.js responded 304 in 0.3699 ms
[15:54:54 INF] HTTP GET /lib/jquery-validation-unobtrusive/dist/jquery.validate.unobtrusive.min.js responded 304 in 0.8862 ms
[15:54:54 INF] HTTP GET /js/products-catalog-filter.js responded 200 in 1.8309 ms
[15:55:06 INF] HTTP GET /Repairs responded 200 in 31.6380 ms
[15:55:06 INF] HTTP GET /lib/bootstrap/dist/css/bootstrap.min.css responded 304 in 0.4690 ms
[15:55:06 INF] HTTP GET /css/site.css responded 304 in 0.8371 ms
[15:55:06 INF] HTTP GET /Biktal.WebMVC.styles.css responded 304 in 0.4383 ms
[15:55:06 INF] HTTP GET /lib/jquery/dist/jquery.min.js responded 304 in 0.4552 ms
[15:55:06 INF] HTTP GET /lib/bootstrap/dist/js/bootstrap.bundle.min.js responded 304 in 0.2844 ms
[15:55:06 INF] HTTP GET /js/site.js responded 304 in 0.5282 ms
[15:55:10 INF] HTTP GET /Finance responded 200 in 18.5244 ms
[15:55:10 INF] HTTP GET /lib/bootstrap/dist/css/bootstrap.min.css responded 304 in 0.6666 ms
[15:55:10 INF] HTTP GET /css/site.css responded 304 in 0.3960 ms
[15:55:10 INF] HTTP GET /Biktal.WebMVC.styles.css responded 304 in 0.3942 ms
[15:55:10 INF] HTTP GET /lib/jquery/dist/jquery.min.js responded 304 in 1.8846 ms
[15:55:10 INF] HTTP GET /lib/bootstrap/dist/js/bootstrap.bundle.min.js responded 304 in 0.3936 ms
[15:55:10 INF] HTTP GET /js/site.js responded 304 in 0.3922 ms
[15:55:11 INF] HTTP GET /Crm responded 200 in 7.2792 ms
[15:55:11 INF] HTTP GET /lib/bootstrap/dist/css/bootstrap.min.css responded 304 in 11.6454 ms
[15:55:11 INF] HTTP GET /css/site.css responded 304 in 0.4785 ms
[15:55:11 INF] HTTP GET /Biktal.WebMVC.styles.css responded 304 in 2.1256 ms
[15:55:11 INF] HTTP GET /lib/jquery/dist/jquery.min.js responded 304 in 1.1104 ms
[15:55:11 INF] HTTP GET /lib/bootstrap/dist/js/bootstrap.bundle.min.js responded 304 in 4.3302 ms
[15:55:11 INF] HTTP GET /js/site.js responded 304 in 0.8534 ms
[15:55:13 WRN] The query uses the 'First'/'FirstOrDefault' operator without 'OrderBy' and filter operators. This may lead to unpredictable results.
[15:55:13 WRN] The query uses the 'First'/'FirstOrDefault' operator without 'OrderBy' and filter operators. This may lead to unpredictable results.
[15:55:13 INF] HTTP GET /Operations responded 200 in 63.1767 ms
[15:55:13 INF] HTTP GET /lib/bootstrap/dist/css/bootstrap.min.css responded 304 in 0.4409 ms
[15:55:13 INF] HTTP GET /css/site.css responded 304 in 0.7264 ms
[15:55:13 INF] HTTP GET /Biktal.WebMVC.styles.css responded 304 in 2.5844 ms
[15:55:13 INF] HTTP GET /lib/jquery/dist/jquery.min.js responded 304 in 1.1044 ms
[15:55:13 INF] HTTP GET /lib/bootstrap/dist/js/bootstrap.bundle.min.js responded 304 in 9.1005 ms
[15:55:13 INF] HTTP GET /js/site.js responded 304 in 8.8727 ms
[15:55:31 INF] HTTP GET /Inventory responded 200 in 15.0013 ms
[15:55:31 INF] HTTP GET /lib/bootstrap/dist/css/bootstrap.min.css responded 200 in 8.4610 ms
[15:55:31 INF] HTTP GET /css/site.css responded 304 in 0.4276 ms
[15:55:31 INF] HTTP GET /Biktal.WebMVC.styles.css responded 304 in 0.3141 ms
[15:55:31 INF] HTTP GET /lib/jquery/dist/jquery.min.js responded 304 in 1.1196 ms
[15:55:31 INF] HTTP GET /js/site.js responded 304 in 2.6073 ms
[15:55:31 INF] HTTP GET /lib/bootstrap/dist/js/bootstrap.bundle.min.js responded 304 in 2.1769 ms
[15:55:36 INF] HTTP GET /Inventory/Products responded 200 in 56.8186 ms
[15:55:36 INF] HTTP GET /css/site.css responded 304 in 1.0061 ms
[15:55:36 INF] HTTP GET /lib/bootstrap/dist/css/bootstrap.min.css responded 304 in 0.4971 ms
[15:55:36 INF] HTTP GET /Biktal.WebMVC.styles.css responded 304 in 0.8999 ms
[15:55:37 INF] HTTP GET /lib/jquery/dist/jquery.min.js responded 304 in 0.3137 ms
[15:55:37 INF] HTTP GET /lib/bootstrap/dist/js/bootstrap.bundle.min.js responded 304 in 0.3879 ms
[15:55:37 INF] HTTP GET /js/site.js responded 304 in 0.6681 ms
[15:55:37 INF] HTTP GET /lib/jquery-validation/dist/jquery.validate.min.js responded 304 in 0.6033 ms
[15:55:37 INF] HTTP GET /lib/jquery-validation-unobtrusive/dist/jquery.validate.unobtrusive.min.js responded 304 in 1.1373 ms
[15:55:37 INF] HTTP GET /js/products-catalog-filter.js responded 304 in 0.6308 ms
[15:56:27 INF] HTTP GET /lib/bootstrap/dist/css/bootstrap.min.css responded 200 in 2.5071 ms
[15:56:27 INF] HTTP GET /Biktal.WebMVC.styles.css responded 200 in 1.6518 ms
[15:56:27 INF] HTTP GET /css/site.css responded 200 in 2.1282 ms
[15:56:28 INF] HTTP GET /lib/bootstrap/dist/js/bootstrap.bundle.min.js.map responded 200 in 2.1623 ms
[15:56:28 INF] HTTP GET /lib/bootstrap/dist/css/bootstrap.min.css.map responded 200 in 1.4856 ms
[15:57:12 INF] HTTP GET /Operations responded 200 in 148.2169 ms
[15:57:13 INF] HTTP GET /css/site.css responded 200 in 3.7756 ms
[15:57:13 INF] HTTP GET /Biktal.WebMVC.styles.css responded 200 in 2.0447 ms
[15:57:13 INF] HTTP GET /lib/jquery/dist/jquery.min.js responded 200 in 0.9448 ms
[15:57:13 INF] HTTP GET /lib/bootstrap/dist/js/bootstrap.bundle.min.js responded 200 in 0.9488 ms
[15:57:13 INF] HTTP GET /js/site.js responded 200 in 0.7525 ms
[15:57:13 INF] HTTP GET /lib/bootstrap/dist/css/bootstrap.min.css responded 200 in 1.4574 ms
[15:57:23 INF] HTTP GET /Operations/Inventory responded 200 in 75.7665 ms
[15:57:24 INF] HTTP GET /lib/bootstrap/dist/css/bootstrap.min.css responded 200 in 7.9290 ms
[15:57:24 INF] HTTP GET /css/site.css responded 200 in 2.8360 ms
[15:57:24 INF] HTTP GET /Biktal.WebMVC.styles.css responded 200 in 2.5746 ms
[15:57:24 INF] HTTP GET /lib/bootstrap/dist/js/bootstrap.bundle.min.js responded 304 in 0.4034 ms
[15:57:24 INF] HTTP GET /lib/jquery/dist/jquery.min.js responded 304 in 0.6851 ms
[15:57:24 INF] HTTP GET /js/site.js responded 304 in 0.4246 ms
[15:57:54 INF] HTTP GET /Inventory responded 200 in 32.0935 ms
[15:57:54 INF] HTTP GET /lib/bootstrap/dist/css/bootstrap.min.css responded 200 in 2.9966 ms
[15:57:54 INF] HTTP GET /css/site.css responded 200 in 1.8280 ms
[15:57:54 INF] HTTP GET /Biktal.WebMVC.styles.css responded 200 in 1.4954 ms
[15:57:54 INF] HTTP GET /lib/bootstrap/dist/js/bootstrap.bundle.min.js responded 304 in 0.5081 ms
[15:57:54 INF] HTTP GET /lib/jquery/dist/jquery.min.js responded 304 in 1.1042 ms
[15:57:54 INF] HTTP GET /js/site.js responded 304 in 7.9667 ms
[15:58:29 INF] HTTP GET /Inventory/Import responded 200 in 17.7634 ms
[15:58:29 INF] HTTP GET /lib/bootstrap/dist/css/bootstrap.min.css responded 200 in 4.5814 ms
[15:58:29 INF] HTTP GET /css/site.css responded 200 in 2.7103 ms
[15:58:29 INF] HTTP GET /Biktal.WebMVC.styles.css responded 200 in 37.0925 ms
[15:58:29 INF] HTTP GET /lib/jquery/dist/jquery.min.js responded 304 in 0.6044 ms
[15:58:30 INF] HTTP GET /lib/bootstrap/dist/js/bootstrap.bundle.min.js responded 304 in 0.4025 ms
[15:58:30 INF] HTTP GET /js/site.js responded 304 in 0.3555 ms
[15:58:34 INF] HTTP GET /Inventory/Products responded 200 in 66.1519 ms
[15:58:34 INF] HTTP GET /lib/bootstrap/dist/css/bootstrap.min.css responded 304 in 0.5019 ms
[15:58:34 INF] HTTP GET /css/site.css responded 304 in 0.9123 ms
[15:58:34 INF] HTTP GET /Biktal.WebMVC.styles.css responded 304 in 0.3932 ms
[15:58:34 INF] HTTP GET /lib/jquery/dist/jquery.min.js responded 304 in 0.2858 ms
[15:58:34 INF] HTTP GET /lib/bootstrap/dist/js/bootstrap.bundle.min.js responded 304 in 0.4603 ms
[15:58:34 INF] HTTP GET /js/site.js responded 304 in 0.4335 ms
[15:58:34 INF] HTTP GET /lib/jquery-validation-unobtrusive/dist/jquery.validate.unobtrusive.min.js responded 200 in 1.4972 ms
[15:58:34 INF] HTTP GET /lib/jquery-validation/dist/jquery.validate.min.js responded 200 in 1.6116 ms
[15:58:34 INF] HTTP GET /js/products-catalog-filter.js responded 200 in 1.8485 ms
[15:59:23 INF] HTTP GET /Inventory responded 200 in 15.0610 ms
[15:59:23 INF] HTTP GET /css/site.css responded 200 in 0.8583 ms
[15:59:23 INF] HTTP GET /lib/bootstrap/dist/css/bootstrap.min.css responded 200 in 7.1838 ms
[15:59:23 INF] HTTP GET /Biktal.WebMVC.styles.css responded 200 in 3.4680 ms
[15:59:23 INF] HTTP GET /js/site.js responded 200 in 1.2641 ms
[15:59:23 INF] HTTP GET /lib/bootstrap/dist/js/bootstrap.bundle.min.js responded 200 in 1.6656 ms
[15:59:23 INF] HTTP GET /lib/jquery/dist/jquery.min.js responded 200 in 2.5693 ms
[16:00:21 INF] HTTP GET /Inventory/Products responded 200 in 97.3363 ms
[16:00:21 INF] HTTP GET /Biktal.WebMVC.styles.css responded 200 in 0.9387 ms
[16:00:21 INF] HTTP GET /lib/bootstrap/dist/css/bootstrap.min.css responded 200 in 0.9966 ms
[16:00:21 INF] HTTP GET /css/site.css responded 200 in 1.0413 ms
[16:00:22 INF] HTTP GET /lib/jquery/dist/jquery.min.js responded 200 in 0.8705 ms
[16:00:22 INF] HTTP GET /js/site.js responded 200 in 1.2078 ms
[16:00:22 INF] HTTP GET /lib/bootstrap/dist/js/bootstrap.bundle.min.js responded 200 in 5.9009 ms
[16:00:22 INF] HTTP GET /lib/jquery-validation/dist/jquery.validate.min.js responded 200 in 5.1454 ms
[16:00:22 INF] HTTP GET /lib/jquery-validation-unobtrusive/dist/jquery.validate.unobtrusive.min.js responded 200 in 0.8898 ms
[16:00:22 INF] HTTP GET /js/products-catalog-filter.js responded 200 in 1.1944 ms
[16:00:27 INF] HTTP GET /Inventory/Movements responded 200 in 144.5709 ms
[16:00:27 INF] HTTP GET /css/site.css responded 304 in 0.7010 ms
[16:00:27 INF] HTTP GET /lib/bootstrap/dist/css/bootstrap.min.css responded 304 in 2.9411 ms
[16:00:28 INF] HTTP GET /Biktal.WebMVC.styles.css responded 304 in 0.7823 ms
[16:00:28 INF] HTTP GET /lib/bootstrap/dist/js/bootstrap.bundle.min.js responded 304 in 1.1135 ms
[16:00:28 INF] HTTP GET /lib/jquery/dist/jquery.min.js responded 304 in 0.3623 ms
[16:00:28 INF] HTTP GET /js/site.js responded 304 in 0.6558 ms
[16:00:28 INF] HTTP GET /lib/jquery-validation/dist/jquery.validate.min.js responded 304 in 0.5922 ms
[16:00:28 INF] HTTP GET /lib/jquery-validation-unobtrusive/dist/jquery.validate.unobtrusive.min.js responded 304 in 29.9469 ms
[16:00:29 INF] HTTP GET /Inventory/Stock responded 200 in 37.5182 ms
[16:00:29 INF] HTTP GET /css/site.css responded 304 in 0.4997 ms
[16:00:29 INF] HTTP GET /Biktal.WebMVC.styles.css responded 304 in 0.7233 ms
[16:00:29 INF] HTTP GET /lib/bootstrap/dist/css/bootstrap.min.css responded 304 in 3.1864 ms
[16:00:30 INF] HTTP GET /lib/jquery/dist/jquery.min.js responded 304 in 0.3068 ms
[16:00:30 INF] HTTP GET /lib/bootstrap/dist/js/bootstrap.bundle.min.js responded 304 in 0.4524 ms
[16:00:30 INF] HTTP GET /js/site.js responded 304 in 0.4123 ms
[16:00:30 INF] HTTP GET /js/stock-catalog-filter.js responded 200 in 1.1212 ms
[16:00:58 INF] HTTP GET /Inventory/Products responded 200 in 97.0509 ms
[16:00:58 INF] HTTP GET /css/site.css responded 304 in 0.7717 ms
[16:00:58 INF] HTTP GET /Biktal.WebMVC.styles.css responded 304 in 1.2634 ms
[16:00:58 INF] HTTP GET /lib/bootstrap/dist/css/bootstrap.min.css responded 200 in 2.2777 ms
[16:00:59 INF] HTTP GET /lib/jquery/dist/jquery.min.js responded 304 in 0.2671 ms
[16:00:59 INF] HTTP GET /lib/bootstrap/dist/js/bootstrap.bundle.min.js responded 304 in 0.5621 ms
[16:00:59 INF] HTTP GET /js/site.js responded 304 in 0.7364 ms
[16:00:59 INF] HTTP GET /lib/jquery-validation/dist/jquery.validate.min.js responded 304 in 1.3433 ms
[16:00:59 INF] HTTP GET /lib/jquery-validation-unobtrusive/dist/jquery.validate.unobtrusive.min.js responded 304 in 0.7016 ms
[16:00:59 INF] HTTP GET /js/products-catalog-filter.js responded 304 in 0.4507 ms
[16:01:35 INF] HTTP GET /Inventory/Products responded 200 in 91.5991 ms
[16:01:35 INF] HTTP GET /lib/bootstrap/dist/css/bootstrap.min.css responded 200 in 14.5780 ms
[16:01:35 INF] HTTP GET /css/site.css responded 304 in 0.9230 ms
[16:01:35 INF] HTTP GET /Biktal.WebMVC.styles.css responded 304 in 1.9540 ms
[16:01:36 INF] HTTP GET /lib/jquery/dist/jquery.min.js responded 304 in 0.3529 ms
[16:01:36 INF] HTTP GET /lib/bootstrap/dist/js/bootstrap.bundle.min.js responded 304 in 0.3938 ms
[16:01:36 INF] HTTP GET /js/site.js responded 304 in 0.6580 ms
[16:01:36 INF] HTTP GET /lib/jquery-validation-unobtrusive/dist/jquery.validate.unobtrusive.min.js responded 304 in 1.0726 ms
[16:01:36 INF] HTTP GET /lib/jquery-validation/dist/jquery.validate.min.js responded 304 in 1.6675 ms
[16:01:36 INF] HTTP GET /js/products-catalog-filter.js responded 304 in 0.3896 ms
[16:01:49 INF] HTTP POST /Inventory/EditProduct responded 302 in 163.2840 ms
[16:01:49 INF] HTTP GET /Inventory/Products responded 200 in 54.8191 ms
[16:01:49 INF] HTTP GET /Biktal.WebMVC.styles.css responded 304 in 0.5215 ms
[16:01:49 INF] HTTP GET /lib/bootstrap/dist/css/bootstrap.min.css responded 200 in 1.0531 ms
[16:01:49 INF] HTTP GET /css/site.css responded 304 in 0.4636 ms
[16:01:50 INF] HTTP GET /lib/jquery/dist/jquery.min.js responded 304 in 0.3836 ms
[16:01:50 INF] HTTP GET /lib/bootstrap/dist/js/bootstrap.bundle.min.js responded 304 in 0.4458 ms
[16:01:50 INF] HTTP GET /js/site.js responded 304 in 0.7920 ms
[16:01:50 INF] HTTP GET /lib/jquery-validation/dist/jquery.validate.min.js responded 304 in 0.4500 ms
[16:01:50 INF] HTTP GET /lib/jquery-validation-unobtrusive/dist/jquery.validate.unobtrusive.min.js responded 304 in 0.5990 ms
[16:01:50 INF] HTTP GET /js/products-catalog-filter.js responded 304 in 1.6118 ms
[16:02:22 INF] HTTP GET /Inventory/Products responded 200 in 187.1031 ms
[16:02:22 INF] HTTP GET /css/site.css responded 304 in 1.0467 ms
[16:02:22 INF] HTTP GET /Biktal.WebMVC.styles.css responded 304 in 0.5427 ms
[16:02:22 INF] HTTP GET /lib/bootstrap/dist/css/bootstrap.min.css responded 200 in 11.8179 ms
[16:02:23 INF] HTTP GET /lib/jquery/dist/jquery.min.js responded 304 in 0.2710 ms
[16:02:23 INF] HTTP GET /lib/bootstrap/dist/js/bootstrap.bundle.min.js responded 304 in 0.3994 ms
[16:02:23 INF] HTTP GET /js/site.js responded 304 in 0.5873 ms
[16:02:23 INF] HTTP GET /lib/jquery-validation/dist/jquery.validate.min.js responded 304 in 0.4929 ms
[16:02:23 INF] HTTP GET /lib/jquery-validation-unobtrusive/dist/jquery.validate.unobtrusive.min.js responded 304 in 0.3880 ms
[16:02:23 INF] HTTP GET /js/products-catalog-filter.js responded 304 in 0.5567 ms
[16:04:22 INF] HTTP POST /Inventory/EditProduct responded 302 in 20.3071 ms
[16:04:22 INF] HTTP GET /Inventory/Products responded 200 in 96.6660 ms
[16:04:22 INF] HTTP GET /lib/bootstrap/dist/css/bootstrap.min.css responded 200 in 0.9790 ms
[16:04:22 INF] HTTP GET /css/site.css responded 200 in 0.9674 ms
[16:04:22 INF] HTTP GET /Biktal.WebMVC.styles.css responded 200 in 0.5830 ms
[16:04:23 INF] HTTP GET /lib/jquery/dist/jquery.min.js responded 200 in 0.9955 ms
[16:04:23 INF] HTTP GET /js/site.js responded 200 in 1.6161 ms
[16:04:23 INF] HTTP GET /lib/bootstrap/dist/js/bootstrap.bundle.min.js responded 200 in 1.6557 ms
[16:04:23 INF] HTTP GET /lib/jquery-validation/dist/jquery.validate.min.js responded 200 in 0.9625 ms
[16:04:23 INF] HTTP GET /lib/jquery-validation-unobtrusive/dist/jquery.validate.unobtrusive.min.js responded 200 in 1.4574 ms
[16:04:23 INF] HTTP GET /js/products-catalog-filter.js responded 200 in 5.3539 ms
[16:06:45 INF] HTTP GET /Inventory/Products responded 200 in 60.7302 ms
[16:06:45 INF] HTTP GET /Biktal.WebMVC.styles.css responded 200 in 1.2439 ms
[16:06:45 INF] HTTP GET /lib/bootstrap/dist/css/bootstrap.min.css responded 200 in 1.2384 ms
[16:06:45 INF] HTTP GET /css/site.css responded 200 in 0.8345 ms
[16:06:47 INF] HTTP GET /lib/jquery/dist/jquery.min.js responded 200 in 4.1935 ms
[16:06:47 INF] HTTP GET /js/site.js responded 200 in 0.8347 ms
[16:06:47 INF] HTTP GET /lib/jquery-validation/dist/jquery.validate.min.js responded 200 in 0.6611 ms
[16:06:47 INF] HTTP GET /lib/bootstrap/dist/js/bootstrap.bundle.min.js responded 200 in 0.9280 ms
[16:06:47 INF] HTTP GET /lib/jquery-validation-unobtrusive/dist/jquery.validate.unobtrusive.min.js responded 200 in 1.7325 ms
[16:06:47 INF] HTTP GET /js/products-catalog-filter.js responded 200 in 7.4174 ms
[16:06:53 INF] HTTP POST /Inventory/EditProduct responded 200 in 57.8013 ms
[16:06:53 INF] HTTP GET /css/site.css responded 304 in 0.4250 ms
[16:06:53 INF] HTTP GET /lib/bootstrap/dist/css/bootstrap.min.css responded 304 in 1.8300 ms
[16:06:53 INF] HTTP GET /Biktal.WebMVC.styles.css responded 304 in 2.0150 ms
[16:06:54 INF] HTTP GET /lib/jquery/dist/jquery.min.js responded 304 in 0.2540 ms
[16:06:54 INF] HTTP GET /lib/bootstrap/dist/js/bootstrap.bundle.min.js responded 304 in 0.4252 ms
[16:06:54 INF] HTTP GET /js/site.js responded 304 in 0.9541 ms
[16:06:54 INF] HTTP GET /lib/jquery-validation-unobtrusive/dist/jquery.validate.unobtrusive.min.js responded 304 in 0.3007 ms
[16:06:54 INF] HTTP GET /lib/jquery-validation/dist/jquery.validate.min.js responded 304 in 0.4308 ms
[16:06:54 INF] HTTP GET /js/products-catalog-filter.js responded 304 in 0.6842 ms
[16:09:20 INF] HTTP GET /Inventory/Products responded 200 in 216.8783 ms
[16:09:20 INF] HTTP GET /css/site.css responded 200 in 1.3344 ms
[16:09:20 INF] HTTP GET /lib/bootstrap/dist/css/bootstrap.min.css responded 200 in 1.3432 ms
[16:09:20 INF] HTTP GET /Biktal.WebMVC.styles.css responded 200 in 1.2853 ms
[16:09:21 INF] HTTP GET /lib/jquery/dist/jquery.min.js responded 200 in 1.3693 ms
[16:09:21 INF] HTTP GET /lib/bootstrap/dist/js/bootstrap.bundle.min.js responded 200 in 1.7180 ms
[16:09:21 INF] HTTP GET /js/site.js responded 200 in 2.8263 ms
[16:09:21 INF] HTTP GET /lib/jquery-validation/dist/jquery.validate.min.js responded 200 in 1.6017 ms
[16:09:21 INF] HTTP GET /js/products-catalog-filter.js responded 200 in 0.5435 ms
[16:09:21 INF] HTTP GET /lib/jquery-validation-unobtrusive/dist/jquery.validate.unobtrusive.min.js responded 200 in 0.7268 ms
[16:09:34 INF] HTTP POST /Inventory/EditProduct responded 302 in 13.6030 ms
[16:09:34 INF] HTTP GET /Inventory/Products responded 200 in 64.5709 ms
[16:09:34 INF] HTTP GET /css/site.css responded 200 in 1.1108 ms
[16:09:34 INF] HTTP GET /lib/bootstrap/dist/css/bootstrap.min.css responded 200 in 1.5657 ms
[16:09:34 INF] HTTP GET /Biktal.WebMVC.styles.css responded 200 in 0.9118 ms
[16:09:35 INF] HTTP GET /lib/jquery/dist/jquery.min.js responded 304 in 0.2712 ms
[16:09:35 INF] HTTP GET /js/site.js responded 304 in 0.4480 ms
[16:09:35 INF] HTTP GET /lib/bootstrap/dist/js/bootstrap.bundle.min.js responded 304 in 0.3068 ms
[16:09:35 INF] HTTP GET /lib/jquery-validation/dist/jquery.validate.min.js responded 304 in 0.3520 ms
[16:09:35 INF] HTTP GET /lib/jquery-validation-unobtrusive/dist/jquery.validate.unobtrusive.min.js responded 304 in 0.3521 ms
[16:09:35 INF] HTTP GET /js/products-catalog-filter.js responded 304 in 0.3942 ms
[16:10:23 INF] HTTP GET /Inventory/Products responded 200 in 106.6713 ms
[16:10:23 INF] HTTP GET /lib/bootstrap/dist/css/bootstrap.min.css responded 200 in 13.5098 ms
[16:10:23 INF] HTTP GET /css/site.css responded 200 in 1.8407 ms
[16:10:23 INF] HTTP GET /Biktal.WebMVC.styles.css responded 200 in 2.5965 ms
[16:10:24 INF] HTTP GET /lib/jquery/dist/jquery.min.js responded 304 in 0.2618 ms
[16:10:24 INF] HTTP GET /lib/bootstrap/dist/js/bootstrap.bundle.min.js responded 304 in 0.8561 ms
[16:10:24 INF] HTTP GET /js/products-catalog-filter.js responded 304 in 1.1263 ms
[16:10:24 INF] HTTP GET /js/site.js responded 304 in 2.9228 ms
[16:10:24 INF] HTTP GET /lib/jquery-validation-unobtrusive/dist/jquery.validate.unobtrusive.min.js responded 304 in 0.4282 ms
[16:10:24 INF] HTTP GET /lib/jquery-validation/dist/jquery.validate.min.js responded 304 in 0.4260 ms
[16:10:29 INF] HTTP POST /Inventory/EditProduct responded 302 in 14.8206 ms
[16:10:29 INF] HTTP GET /Inventory/Products responded 200 in 70.5859 ms
[16:10:29 INF] HTTP GET /css/site.css responded 304 in 0.6086 ms
[16:10:29 INF] HTTP GET /lib/bootstrap/dist/css/bootstrap.min.css responded 304 in 0.4251 ms
[16:10:29 INF] HTTP GET /Biktal.WebMVC.styles.css responded 304 in 0.3752 ms
[16:10:30 INF] HTTP GET /lib/jquery/dist/jquery.min.js responded 304 in 0.2529 ms
[16:10:30 INF] HTTP GET /lib/bootstrap/dist/js/bootstrap.bundle.min.js responded 304 in 0.3366 ms
[16:10:30 INF] HTTP GET /js/site.js responded 304 in 1.1874 ms
[16:10:30 INF] HTTP GET /lib/jquery-validation/dist/jquery.validate.min.js responded 304 in 0.4535 ms
[16:10:30 INF] HTTP GET /lib/jquery-validation-unobtrusive/dist/jquery.validate.unobtrusive.min.js responded 304 in 0.3953 ms
[16:10:30 INF] HTTP GET /js/products-catalog-filter.js responded 304 in 0.4792 ms
[16:11:22 INF] HTTP GET /Inventory/Products responded 200 in 57.5064 ms
[16:11:22 INF] HTTP GET /css/site.css responded 304 in 0.4911 ms
[16:11:22 INF] HTTP GET /Biktal.WebMVC.styles.css responded 304 in 0.4639 ms
[16:11:22 INF] HTTP GET /lib/bootstrap/dist/css/bootstrap.min.css responded 200 in 15.6858 ms
[16:11:23 INF] HTTP GET /lib/jquery/dist/jquery.min.js responded 304 in 0.3765 ms
[16:11:23 INF] HTTP GET /lib/bootstrap/dist/js/bootstrap.bundle.min.js responded 304 in 0.6597 ms
[16:11:23 INF] HTTP GET /js/site.js responded 304 in 0.3541 ms
[16:11:23 INF] HTTP GET /lib/jquery-validation/dist/jquery.validate.min.js responded 304 in 0.2988 ms
[16:11:23 INF] HTTP GET /js/products-catalog-filter.js responded 304 in 0.2987 ms
[16:11:23 INF] HTTP GET /lib/jquery-validation-unobtrusive/dist/jquery.validate.unobtrusive.min.js responded 304 in 0.8635 ms
[16:11:34 INF] HTTP GET /Inventory/Products responded 200 in 58.2492 ms
[16:11:34 INF] HTTP GET /lib/bootstrap/dist/css/bootstrap.min.css responded 304 in 0.4542 ms
[16:11:34 INF] HTTP GET /Biktal.WebMVC.styles.css responded 304 in 2.2322 ms
[16:11:34 INF] HTTP GET /css/site.css responded 304 in 0.6527 ms
[16:11:35 INF] HTTP GET /lib/jquery/dist/jquery.min.js responded 304 in 1.8315 ms
[16:11:35 INF] HTTP GET /lib/bootstrap/dist/js/bootstrap.bundle.min.js responded 304 in 0.5043 ms
[16:11:35 INF] HTTP GET /js/site.js responded 304 in 0.3467 ms
[16:11:35 INF] HTTP GET /lib/jquery-validation/dist/jquery.validate.min.js responded 304 in 0.4668 ms
[16:11:35 INF] HTTP GET /lib/jquery-validation-unobtrusive/dist/jquery.validate.unobtrusive.min.js responded 304 in 0.5717 ms
[16:11:35 INF] HTTP GET /js/products-catalog-filter.js responded 304 in 0.5876 ms
[16:12:39 INF] HTTP GET /Inventory/Products responded 200 in 81.6394 ms
[16:12:39 INF] HTTP GET /css/site.css responded 304 in 0.9331 ms
[16:12:39 INF] HTTP GET /lib/bootstrap/dist/css/bootstrap.min.css responded 200 in 2.4148 ms
[16:12:39 INF] HTTP GET /lib/jquery/dist/jquery.min.js responded 200 in 6.9841 ms
[16:12:39 INF] HTTP GET /js/site.js responded 200 in 0.7067 ms
[16:12:39 INF] HTTP GET /lib/bootstrap/dist/js/bootstrap.bundle.min.js responded 200 in 1.4968 ms
[16:12:39 INF] HTTP GET /lib/jquery-validation/dist/jquery.validate.min.js responded 200 in 1.1951 ms
[16:12:39 INF] HTTP GET /Biktal.WebMVC.styles.css responded 304 in 0.3420 ms
[16:12:39 INF] HTTP GET /js/products-catalog-filter.js responded 200 in 0.8420 ms
[16:12:39 INF] HTTP GET /lib/jquery-validation-unobtrusive/dist/jquery.validate.unobtrusive.min.js responded 200 in 0.8189 ms
[16:12:54 INF] HTTP POST /Inventory/EditProduct responded 302 in 12.9037 ms
[16:12:54 INF] HTTP GET /Inventory/Products responded 200 in 52.1750 ms
[16:12:54 INF] HTTP GET /lib/bootstrap/dist/css/bootstrap.min.css responded 200 in 2.1516 ms
[16:12:54 INF] HTTP GET /css/site.css responded 200 in 2.4361 ms
[16:12:54 INF] HTTP GET /Biktal.WebMVC.styles.css responded 200 in 2.3925 ms
[16:12:55 INF] HTTP GET /lib/jquery/dist/jquery.min.js responded 200 in 0.6899 ms
[16:12:55 INF] HTTP GET /js/site.js responded 200 in 0.7541 ms
[16:12:55 INF] HTTP GET /lib/jquery-validation/dist/jquery.validate.min.js responded 200 in 0.5023 ms
[16:12:55 INF] HTTP GET /lib/bootstrap/dist/js/bootstrap.bundle.min.js responded 200 in 0.9685 ms
[16:12:55 INF] HTTP GET /lib/jquery-validation-unobtrusive/dist/jquery.validate.unobtrusive.min.js responded 200 in 0.7311 ms
[16:12:55 INF] HTTP GET /js/products-catalog-filter.js responded 200 in 2.1409 ms
[16:15:01 INF] HTTP GET /Inventory/Products responded 200 in 101.9470 ms
[16:15:01 INF] HTTP GET /lib/bootstrap/dist/css/bootstrap.min.css responded 200 in 0.8303 ms
[16:15:01 INF] HTTP GET /css/site.css responded 200 in 0.7247 ms
[16:15:01 INF] HTTP GET /Biktal.WebMVC.styles.css responded 200 in 0.8470 ms
[16:15:02 INF] HTTP GET /lib/jquery/dist/jquery.min.js responded 200 in 1.4443 ms
[16:15:02 INF] HTTP GET /js/site.js responded 200 in 0.7908 ms
[16:15:02 INF] HTTP GET /lib/jquery-validation/dist/jquery.validate.min.js responded 200 in 0.6877 ms
[16:15:02 INF] HTTP GET /js/products-catalog-filter.js responded 200 in 0.7397 ms
[16:15:02 INF] HTTP GET /lib/bootstrap/dist/js/bootstrap.bundle.min.js responded 200 in 0.7785 ms
[16:15:02 INF] HTTP GET /lib/jquery-validation-unobtrusive/dist/jquery.validate.unobtrusive.min.js responded 200 in 0.6775 ms
[16:15:10 INF] HTTP POST /Inventory/EditProduct responded 302 in 16.5366 ms
[16:15:11 INF] HTTP GET /Inventory/Products responded 200 in 79.3078 ms
[16:15:11 INF] HTTP GET /css/site.css responded 304 in 0.3731 ms
[16:15:11 INF] HTTP GET /Biktal.WebMVC.styles.css responded 304 in 0.6522 ms
[16:15:11 INF] HTTP GET /lib/bootstrap/dist/css/bootstrap.min.css responded 304 in 0.3626 ms
[16:15:12 INF] HTTP GET /lib/jquery/dist/jquery.min.js responded 304 in 0.2513 ms
[16:15:12 INF] HTTP GET /lib/bootstrap/dist/js/bootstrap.bundle.min.js responded 304 in 0.4047 ms
[16:15:12 INF] HTTP GET /js/site.js responded 304 in 0.3469 ms
[16:15:12 INF] HTTP GET /lib/jquery-validation/dist/jquery.validate.min.js responded 304 in 0.3168 ms
[16:15:12 INF] HTTP GET /lib/jquery-validation-unobtrusive/dist/jquery.validate.unobtrusive.min.js responded 304 in 0.2411 ms
[16:15:12 INF] HTTP GET /js/products-catalog-filter.js responded 304 in 0.2766 ms
[16:15:30 INF] HTTP GET /Inventory/Products responded 200 in 44.4246 ms
[16:15:30 INF] HTTP GET /lib/bootstrap/dist/css/bootstrap.min.css responded 200 in 7.3382 ms
[16:15:30 INF] HTTP GET /Biktal.WebMVC.styles.css responded 304 in 0.3680 ms
[16:15:30 INF] HTTP GET /css/site.css responded 304 in 0.5581 ms
[16:15:31 INF] HTTP GET /lib/jquery/dist/jquery.min.js responded 304 in 0.2557 ms
[16:15:31 INF] HTTP GET /lib/bootstrap/dist/js/bootstrap.bundle.min.js responded 304 in 0.4723 ms
[16:15:31 INF] HTTP GET /js/site.js responded 304 in 0.2775 ms
[16:15:31 INF] HTTP GET /lib/jquery-validation-unobtrusive/dist/jquery.validate.unobtrusive.min.js responded 304 in 0.2365 ms
[16:15:31 INF] HTTP GET /js/products-catalog-filter.js responded 304 in 0.2537 ms
[16:15:31 INF] HTTP GET /lib/jquery-validation/dist/jquery.validate.min.js responded 304 in 0.6634 ms
[16:15:42 INF] HTTP POST /Inventory/EditProduct responded 302 in 11.8101 ms
[16:15:43 INF] HTTP GET /Inventory/Products responded 200 in 105.3446 ms
[16:15:43 INF] HTTP GET /lib/bootstrap/dist/css/bootstrap.min.css responded 200 in 1.4959 ms
[16:15:43 INF] HTTP GET /css/site.css responded 304 in 0.3973 ms
[16:15:43 INF] HTTP GET /Biktal.WebMVC.styles.css responded 304 in 0.6673 ms
[16:15:44 INF] HTTP GET /lib/jquery/dist/jquery.min.js responded 304 in 0.2532 ms
[16:15:44 INF] HTTP GET /lib/bootstrap/dist/js/bootstrap.bundle.min.js responded 304 in 0.4462 ms
[16:15:44 INF] HTTP GET /js/site.js responded 304 in 0.4705 ms
[16:15:44 INF] HTTP GET /lib/jquery-validation-unobtrusive/dist/jquery.validate.unobtrusive.min.js responded 304 in 0.2609 ms
[16:15:44 INF] HTTP GET /lib/jquery-validation/dist/jquery.validate.min.js responded 304 in 0.3462 ms
[16:15:44 INF] HTTP GET /js/products-catalog-filter.js responded 304 in 0.2738 ms
[16:16:15 INF] HTTP GET /Inventory/Products responded 200 in 50.2683 ms
[16:16:15 INF] HTTP GET /lib/bootstrap/dist/css/bootstrap.min.css responded 200 in 13.7305 ms
[16:16:15 INF] HTTP GET /css/site.css responded 304 in 0.4500 ms
[16:16:15 INF] HTTP GET /Biktal.WebMVC.styles.css responded 304 in 0.6033 ms
[16:16:16 INF] HTTP GET /lib/jquery/dist/jquery.min.js responded 304 in 0.2562 ms
[16:16:16 INF] HTTP GET /lib/bootstrap/dist/js/bootstrap.bundle.min.js responded 304 in 0.4395 ms
[16:16:16 INF] HTTP GET /js/site.js responded 304 in 0.5848 ms
[16:16:16 INF] HTTP GET /lib/jquery-validation-unobtrusive/dist/jquery.validate.unobtrusive.min.js responded 304 in 0.4013 ms
[16:16:16 INF] HTTP GET /js/products-catalog-filter.js responded 304 in 0.3156 ms
[16:16:16 INF] HTTP GET /lib/jquery-validation/dist/jquery.validate.min.js responded 304 in 1.4907 ms
[16:17:25 INF] HTTP POST /Inventory/EditProduct responded 302 in 16.6576 ms
[16:17:25 INF] HTTP GET /Inventory/Products responded 200 in 54.1653 ms
[16:17:25 INF] HTTP GET /lib/bootstrap/dist/css/bootstrap.min.css responded 200 in 0.9286 ms
[16:17:25 INF] HTTP GET /css/site.css responded 200 in 1.0442 ms
[16:17:25 INF] HTTP GET /Biktal.WebMVC.styles.css responded 200 in 1.8465 ms
[16:17:26 INF] HTTP GET /lib/jquery/dist/jquery.min.js responded 200 in 1.2480 ms
[16:17:26 INF] HTTP GET /lib/bootstrap/dist/js/bootstrap.bundle.min.js responded 200 in 1.4908 ms
[16:17:26 INF] HTTP GET /js/site.js responded 200 in 1.9931 ms
[16:17:26 INF] HTTP GET /lib/jquery-validation/dist/jquery.validate.min.js responded 200 in 1.7016 ms
[16:17:26 INF] HTTP GET /js/products-catalog-filter.js responded 200 in 2.6986 ms
[16:17:26 INF] HTTP GET /lib/jquery-validation-unobtrusive/dist/jquery.validate.unobtrusive.min.js responded 200 in 2.3159 ms
[16:17:43 INF] HTTP GET /Inventory/Products responded 200 in 47.5687 ms
[16:17:43 INF] HTTP GET /lib/bootstrap/dist/css/bootstrap.min.css responded 200 in 2.7370 ms
[16:17:43 INF] HTTP GET /css/site.css responded 200 in 0.7938 ms
[16:17:43 INF] HTTP GET /Biktal.WebMVC.styles.css responded 200 in 0.8467 ms
[16:17:44 INF] HTTP GET /lib/jquery/dist/jquery.min.js responded 304 in 0.2821 ms
[16:17:44 INF] HTTP GET /lib/bootstrap/dist/js/bootstrap.bundle.min.js responded 304 in 0.5943 ms
[16:17:44 INF] HTTP GET /js/site.js responded 304 in 0.8764 ms
[16:17:44 INF] HTTP GET /lib/jquery-validation/dist/jquery.validate.min.js responded 304 in 2.4402 ms
[16:17:44 INF] HTTP GET /lib/jquery-validation-unobtrusive/dist/jquery.validate.unobtrusive.min.js responded 304 in 0.5081 ms
[16:17:44 INF] HTTP GET /js/products-catalog-filter.js responded 304 in 0.4192 ms
[16:18:14 INF] HTTP POST /Inventory/EditProduct responded 302 in 13.6821 ms
[16:18:14 INF] HTTP GET /Inventory/Products responded 200 in 56.0516 ms
[16:18:14 INF] HTTP GET /lib/bootstrap/dist/css/bootstrap.min.css responded 200 in 1.0714 ms
[16:18:14 INF] HTTP GET /css/site.css responded 200 in 1.3983 ms
[16:18:14 INF] HTTP GET /Biktal.WebMVC.styles.css responded 200 in 0.9638 ms
[16:18:15 INF] HTTP GET /lib/jquery/dist/jquery.min.js responded 304 in 0.2735 ms
[16:18:15 INF] HTTP GET /lib/bootstrap/dist/js/bootstrap.bundle.min.js responded 304 in 0.5648 ms
[16:18:15 INF] HTTP GET /js/site.js responded 304 in 0.4456 ms
[16:18:15 INF] HTTP GET /lib/jquery-validation/dist/jquery.validate.min.js responded 304 in 0.4607 ms
[16:18:15 INF] HTTP GET /lib/jquery-validation-unobtrusive/dist/jquery.validate.unobtrusive.min.js responded 304 in 0.4635 ms
[16:18:15 INF] HTTP GET /js/products-catalog-filter.js responded 304 in 0.4082 ms
[16:18:29 INF] HTTP GET /Inventory/Products responded 200 in 47.8816 ms
[16:18:29 INF] HTTP GET /css/site.css responded 200 in 0.9753 ms
[16:18:29 INF] HTTP GET /lib/bootstrap/dist/css/bootstrap.min.css responded 200 in 1.0843 ms
[16:18:29 INF] HTTP GET /Biktal.WebMVC.styles.css responded 200 in 1.5092 ms
[16:18:30 INF] HTTP GET /lib/jquery/dist/jquery.min.js responded 304 in 0.2761 ms
[16:18:30 INF] HTTP GET /lib/bootstrap/dist/js/bootstrap.bundle.min.js responded 304 in 0.4614 ms
[16:18:30 INF] HTTP GET /js/site.js responded 304 in 0.4059 ms
[16:18:30 INF] HTTP GET /lib/jquery-validation-unobtrusive/dist/jquery.validate.unobtrusive.min.js responded 304 in 0.8829 ms
[16:18:30 INF] HTTP GET /lib/jquery-validation/dist/jquery.validate.min.js responded 304 in 0.4574 ms
[16:18:30 INF] HTTP GET /js/products-catalog-filter.js responded 304 in 0.5136 ms
[16:18:38 INF] HTTP POST /Inventory/EditProduct responded 302 in 21.4228 ms
[16:18:38 INF] HTTP GET /Inventory/Products responded 200 in 100.1236 ms
[16:18:39 INF] HTTP GET /lib/bootstrap/dist/css/bootstrap.min.css responded 200 in 1.4479 ms
[16:18:39 INF] HTTP GET /css/site.css responded 200 in 2.0302 ms
[16:18:39 INF] HTTP GET /Biktal.WebMVC.styles.css responded 200 in 1.9738 ms
[16:18:40 INF] HTTP GET /lib/jquery/dist/jquery.min.js responded 304 in 0.3563 ms
[16:18:40 INF] HTTP GET /js/site.js responded 304 in 1.1304 ms
[16:18:40 INF] HTTP GET /lib/bootstrap/dist/js/bootstrap.bundle.min.js responded 304 in 2.1546 ms
[16:18:40 INF] HTTP GET /lib/jquery-validation/dist/jquery.validate.min.js responded 304 in 0.9558 ms
[16:18:40 INF] HTTP GET /lib/jquery-validation-unobtrusive/dist/jquery.validate.unobtrusive.min.js responded 304 in 0.3717 ms
[16:18:40 INF] HTTP GET /js/products-catalog-filter.js responded 304 in 0.5211 ms
[16:19:20 INF] HTTP GET /Inventory/Products responded 200 in 48.9014 ms
[16:19:20 INF] HTTP GET /css/site.css responded 200 in 1.4419 ms
[16:19:20 INF] HTTP GET /Biktal.WebMVC.styles.css responded 200 in 2.9583 ms
[16:19:20 INF] HTTP GET /lib/bootstrap/dist/css/bootstrap.min.css responded 200 in 1.3291 ms
[16:19:21 INF] HTTP GET /lib/jquery/dist/jquery.min.js responded 304 in 0.2598 ms
[16:19:21 INF] HTTP GET /js/site.js responded 304 in 0.5088 ms
[16:19:21 INF] HTTP GET /lib/bootstrap/dist/js/bootstrap.bundle.min.js responded 304 in 0.4100 ms
[16:19:21 INF] HTTP GET /lib/jquery-validation/dist/jquery.validate.min.js responded 304 in 0.9692 ms
[16:19:21 INF] HTTP GET /lib/jquery-validation-unobtrusive/dist/jquery.validate.unobtrusive.min.js responded 304 in 1.1728 ms
[16:19:21 INF] HTTP GET /js/products-catalog-filter.js responded 304 in 0.8674 ms
[16:19:31 INF] HTTP POST /Inventory/EditProduct responded 302 in 18.5805 ms
[16:19:31 INF] HTTP GET /Inventory/Products responded 200 in 67.4416 ms
[16:19:31 INF] HTTP GET /css/site.css responded 304 in 0.5693 ms
[16:19:31 INF] HTTP GET /lib/bootstrap/dist/css/bootstrap.min.css responded 304 in 0.6890 ms
[16:19:31 INF] HTTP GET /Biktal.WebMVC.styles.css responded 304 in 3.1836 ms
[16:19:32 INF] HTTP GET /lib/jquery/dist/jquery.min.js responded 304 in 0.2486 ms
[16:19:32 INF] HTTP GET /lib/bootstrap/dist/js/bootstrap.bundle.min.js responded 304 in 0.7749 ms
[16:19:32 INF] HTTP GET /js/site.js responded 304 in 1.2917 ms
[16:19:32 INF] HTTP GET /lib/jquery-validation/dist/jquery.validate.min.js responded 304 in 1.3132 ms
[16:19:32 INF] HTTP GET /lib/jquery-validation-unobtrusive/dist/jquery.validate.unobtrusive.min.js responded 304 in 2.2499 ms
[16:19:32 INF] HTTP GET /js/products-catalog-filter.js responded 304 in 0.5474 ms
[16:19:46 INF] HTTP GET /Inventory/Products responded 200 in 55.0101 ms
[16:19:46 INF] HTTP GET /css/site.css responded 304 in 0.6920 ms
[16:19:46 INF] HTTP GET /Biktal.WebMVC.styles.css responded 304 in 1.0907 ms
[16:19:46 INF] HTTP GET /lib/bootstrap/dist/css/bootstrap.min.css responded 304 in 2.1682 ms
[16:19:47 INF] HTTP GET /lib/jquery/dist/jquery.min.js responded 304 in 0.2538 ms
[16:19:47 INF] HTTP GET /lib/bootstrap/dist/js/bootstrap.bundle.min.js responded 304 in 0.6076 ms
[16:19:47 INF] HTTP GET /js/site.js responded 304 in 0.5698 ms
[16:19:47 INF] HTTP GET /lib/jquery-validation/dist/jquery.validate.min.js responded 304 in 0.4353 ms
[16:19:47 INF] HTTP GET /lib/jquery-validation-unobtrusive/dist/jquery.validate.unobtrusive.min.js responded 304 in 0.3918 ms
[16:19:47 INF] HTTP GET /js/products-catalog-filter.js responded 304 in 0.3391 ms
[16:19:55 INF] HTTP POST /Inventory/EditProduct responded 302 in 21.9654 ms
[16:19:55 INF] HTTP GET /Inventory/Products responded 200 in 61.8488 ms
[16:19:55 INF] HTTP GET /lib/bootstrap/dist/css/bootstrap.min.css responded 304 in 0.9597 ms
[16:19:55 INF] HTTP GET /Biktal.WebMVC.styles.css responded 304 in 1.6743 ms
[16:19:55 INF] HTTP GET /css/site.css responded 304 in 0.9495 ms
[16:19:57 INF] HTTP GET /lib/jquery/dist/jquery.min.js responded 304 in 0.4405 ms
[16:19:57 INF] HTTP GET /lib/bootstrap/dist/js/bootstrap.bundle.min.js responded 304 in 0.5160 ms
[16:19:57 INF] HTTP GET /js/site.js responded 304 in 0.4099 ms
[16:19:57 INF] HTTP GET /lib/jquery-validation/dist/jquery.validate.min.js responded 304 in 0.5939 ms
[16:19:57 INF] HTTP GET /lib/jquery-validation-unobtrusive/dist/jquery.validate.unobtrusive.min.js responded 304 in 1.2023 ms
[16:19:57 INF] HTTP GET /js/products-catalog-filter.js responded 304 in 1.3824 ms
[16:20:14 INF] HTTP GET /Inventory/Products responded 200 in 102.5549 ms
[16:20:14 INF] HTTP GET /css/site.css responded 304 in 0.3580 ms
[16:20:14 INF] HTTP GET /lib/bootstrap/dist/css/bootstrap.min.css responded 200 in 3.5914 ms
[16:20:14 INF] HTTP GET /Biktal.WebMVC.styles.css responded 304 in 0.4666 ms
[16:20:15 INF] HTTP GET /lib/jquery/dist/jquery.min.js responded 304 in 0.2796 ms
[16:20:15 INF] HTTP GET /lib/bootstrap/dist/js/bootstrap.bundle.min.js responded 304 in 0.4973 ms
[16:20:15 INF] HTTP GET /js/site.js responded 304 in 0.8641 ms
[16:20:15 INF] HTTP GET /lib/jquery-validation/dist/jquery.validate.min.js responded 304 in 0.6092 ms
[16:20:15 INF] HTTP GET /lib/jquery-validation-unobtrusive/dist/jquery.validate.unobtrusive.min.js responded 304 in 0.4818 ms
[16:20:15 INF] HTTP GET /js/products-catalog-filter.js responded 304 in 1.1787 ms
[16:20:39 INF] HTTP GET /Inventory/Products responded 200 in 62.1960 ms
[16:20:39 INF] HTTP GET /lib/bootstrap/dist/css/bootstrap.min.css responded 200 in 1.2775 ms
[16:20:39 INF] HTTP GET /Biktal.WebMVC.styles.css responded 304 in 0.3912 ms
[16:20:39 INF] HTTP GET /css/site.css responded 304 in 2.6912 ms
[16:20:40 INF] HTTP GET /lib/jquery/dist/jquery.min.js responded 304 in 0.2557 ms
[16:20:40 INF] HTTP GET /lib/bootstrap/dist/js/bootstrap.bundle.min.js responded 304 in 0.9701 ms
[16:20:40 INF] HTTP GET /js/site.js responded 304 in 0.3457 ms
[16:20:40 INF] HTTP GET /lib/jquery-validation/dist/jquery.validate.min.js responded 304 in 1.6007 ms
[16:20:40 INF] HTTP GET /lib/jquery-validation-unobtrusive/dist/jquery.validate.unobtrusive.min.js responded 304 in 0.6686 ms
[16:20:40 INF] HTTP GET /js/products-catalog-filter.js responded 304 in 0.4587 ms
[16:21:01 INF] HTTP GET /Inventory/Products responded 200 in 44.4347 ms
[16:21:01 INF] HTTP GET /lib/bootstrap/dist/css/bootstrap.min.css responded 304 in 11.6684 ms
[16:21:01 INF] HTTP GET /Biktal.WebMVC.styles.css responded 304 in 0.6158 ms
[16:21:01 INF] HTTP GET /css/site.css responded 304 in 0.6484 ms
[16:21:02 INF] HTTP GET /lib/jquery/dist/jquery.min.js responded 304 in 0.2702 ms
[16:21:02 INF] HTTP GET /js/site.js responded 304 in 0.3289 ms
[16:21:02 INF] HTTP GET /lib/bootstrap/dist/js/bootstrap.bundle.min.js responded 304 in 0.5652 ms
[16:21:02 INF] HTTP GET /js/products-catalog-filter.js responded 304 in 0.3168 ms
[16:21:02 INF] HTTP GET /lib/jquery-validation-unobtrusive/dist/jquery.validate.unobtrusive.min.js responded 304 in 0.3168 ms
[16:21:02 INF] HTTP GET /lib/jquery-validation/dist/jquery.validate.min.js responded 304 in 0.3568 ms
[16:21:15 INF] HTTP POST /Inventory/EditProduct responded 302 in 17.9296 ms
[16:21:15 INF] HTTP GET /Inventory/Products responded 200 in 45.5502 ms
[16:21:15 INF] HTTP GET /lib/bootstrap/dist/css/bootstrap.min.css responded 304 in 0.4262 ms
[16:21:15 INF] HTTP GET /css/site.css responded 304 in 0.4015 ms
[16:21:15 INF] HTTP GET /Biktal.WebMVC.styles.css responded 304 in 0.4443 ms
[16:21:16 INF] HTTP GET /lib/jquery/dist/jquery.min.js responded 304 in 0.4291 ms
[16:21:16 INF] HTTP GET /lib/bootstrap/dist/js/bootstrap.bundle.min.js responded 304 in 0.4772 ms
[16:21:16 INF] HTTP GET /js/site.js responded 304 in 0.5113 ms
[16:21:16 INF] HTTP GET /lib/jquery-validation/dist/jquery.validate.min.js responded 304 in 0.6182 ms
[16:21:16 INF] HTTP GET /lib/jquery-validation-unobtrusive/dist/jquery.validate.unobtrusive.min.js responded 304 in 0.4873 ms
[16:21:16 INF] HTTP GET /js/products-catalog-filter.js responded 304 in 0.8137 ms
[16:21:36 INF] HTTP GET /Inventory/Products responded 200 in 50.8999 ms
[16:21:36 INF] HTTP GET /lib/bootstrap/dist/css/bootstrap.min.css responded 200 in 6.5747 ms
[16:21:36 INF] HTTP GET /css/site.css responded 304 in 0.4602 ms
[16:21:36 INF] HTTP GET /Biktal.WebMVC.styles.css responded 304 in 0.4896 ms
[16:21:38 INF] HTTP GET /lib/jquery/dist/jquery.min.js responded 304 in 0.3597 ms
[16:21:38 INF] HTTP GET /lib/bootstrap/dist/js/bootstrap.bundle.min.js responded 304 in 0.6212 ms
[16:21:38 INF] HTTP GET /js/site.js responded 304 in 2.8379 ms
[16:21:38 INF] HTTP GET /lib/jquery-validation/dist/jquery.validate.min.js responded 304 in 0.4288 ms
[16:21:38 INF] HTTP GET /lib/jquery-validation-unobtrusive/dist/jquery.validate.unobtrusive.min.js responded 304 in 1.8766 ms
[16:21:38 INF] HTTP GET /js/products-catalog-filter.js responded 304 in 0.6514 ms
[16:21:46 INF] HTTP POST /Inventory/EditProduct responded 302 in 13.2186 ms
[16:21:46 INF] HTTP GET /Inventory/Products responded 200 in 57.5814 ms
[16:21:46 INF] HTTP GET /lib/bootstrap/dist/css/bootstrap.min.css responded 304 in 0.4417 ms
[16:21:46 INF] HTTP GET /Biktal.WebMVC.styles.css responded 304 in 0.3347 ms
[16:21:46 INF] HTTP GET /css/site.css responded 304 in 1.1556 ms
[16:21:47 INF] HTTP GET /lib/jquery/dist/jquery.min.js responded 304 in 0.3626 ms
[16:21:48 INF] HTTP GET /lib/bootstrap/dist/js/bootstrap.bundle.min.js responded 304 in 0.4918 ms
[16:21:48 INF] HTTP GET /js/site.js responded 304 in 0.3757 ms
[16:21:48 INF] HTTP GET /lib/jquery-validation-unobtrusive/dist/jquery.validate.unobtrusive.min.js responded 304 in 0.8617 ms
[16:21:48 INF] HTTP GET /lib/jquery-validation/dist/jquery.validate.min.js responded 304 in 0.7930 ms
[16:21:48 INF] HTTP GET /js/products-catalog-filter.js responded 304 in 0.4485 ms
[16:22:08 INF] HTTP GET /Inventory/Products responded 200 in 45.4800 ms
[16:22:08 INF] HTTP GET /lib/bootstrap/dist/css/bootstrap.min.css responded 304 in 1.9760 ms
[16:22:08 INF] HTTP GET /css/site.css responded 304 in 2.0413 ms
[16:22:08 INF] HTTP GET /Biktal.WebMVC.styles.css responded 304 in 0.8924 ms
[16:22:09 INF] HTTP GET /lib/jquery/dist/jquery.min.js responded 304 in 0.2608 ms
[16:22:09 INF] HTTP GET /lib/bootstrap/dist/js/bootstrap.bundle.min.js responded 304 in 0.6209 ms
[16:22:09 INF] HTTP GET /js/site.js responded 304 in 0.3329 ms
[16:22:09 INF] HTTP GET /lib/jquery-validation/dist/jquery.validate.min.js responded 304 in 0.3627 ms
[16:22:09 INF] HTTP GET /js/products-catalog-filter.js responded 304 in 0.7935 ms
[16:22:09 INF] HTTP GET /lib/jquery-validation-unobtrusive/dist/jquery.validate.unobtrusive.min.js responded 304 in 2.6628 ms
[16:22:58 INF] HTTP POST /Inventory/EditProduct responded 302 in 12.4623 ms
[16:22:58 INF] HTTP GET /Inventory/Products responded 200 in 63.2542 ms
[16:22:59 INF] HTTP GET /lib/bootstrap/dist/css/bootstrap.min.css responded 200 in 0.9601 ms
[16:22:59 INF] HTTP GET /css/site.css responded 200 in 0.7621 ms
[16:22:59 INF] HTTP GET /Biktal.WebMVC.styles.css responded 200 in 0.7139 ms
[16:23:00 INF] HTTP GET /lib/jquery/dist/jquery.min.js responded 200 in 0.6113 ms
[16:23:00 INF] HTTP GET /js/site.js responded 200 in 0.7764 ms
[16:23:00 INF] HTTP GET /lib/bootstrap/dist/js/bootstrap.bundle.min.js responded 200 in 1.0152 ms
[16:23:00 INF] HTTP GET /lib/jquery-validation/dist/jquery.validate.min.js responded 200 in 0.9765 ms
[16:23:00 INF] HTTP GET /lib/jquery-validation-unobtrusive/dist/jquery.validate.unobtrusive.min.js responded 200 in 1.1891 ms
[16:23:00 INF] HTTP GET /js/products-catalog-filter.js responded 200 in 6.5499 ms
[16:23:25 INF] HTTP GET /Inventory/Products responded 200 in 46.9454 ms
[16:23:25 INF] HTTP GET /lib/bootstrap/dist/css/bootstrap.min.css responded 304 in 0.4175 ms
[16:23:25 INF] HTTP GET /css/site.css responded 304 in 0.4952 ms
[16:23:25 INF] HTTP GET /Biktal.WebMVC.styles.css responded 304 in 1.7365 ms
[16:23:26 INF] HTTP GET /lib/jquery/dist/jquery.min.js responded 304 in 0.2569 ms
[16:23:26 INF] HTTP GET /lib/bootstrap/dist/js/bootstrap.bundle.min.js responded 304 in 0.4018 ms
[16:23:26 INF] HTTP GET /js/site.js responded 304 in 0.4160 ms
[16:23:26 INF] HTTP GET /lib/jquery-validation-unobtrusive/dist/jquery.validate.unobtrusive.min.js responded 304 in 0.3896 ms
[16:23:26 INF] HTTP GET /js/products-catalog-filter.js responded 304 in 0.5435 ms
[16:23:26 INF] HTTP GET /lib/jquery-validation/dist/jquery.validate.min.js responded 304 in 2.0844 ms
[16:24:02 INF] HTTP POST /Inventory/EditProduct responded 302 in 14.1810 ms
[16:24:02 INF] HTTP GET /Inventory/Products responded 200 in 53.2181 ms
[16:24:02 INF] HTTP GET /Biktal.WebMVC.styles.css responded 304 in 0.7988 ms
[16:24:02 INF] HTTP GET /lib/bootstrap/dist/css/bootstrap.min.css responded 200 in 2.1053 ms
[16:24:02 INF] HTTP GET /css/site.css responded 304 in 3.5339 ms
[16:24:03 INF] HTTP GET /lib/jquery/dist/jquery.min.js responded 304 in 0.3495 ms
[16:24:03 INF] HTTP GET /lib/bootstrap/dist/js/bootstrap.bundle.min.js responded 304 in 0.8402 ms
[16:24:03 INF] HTTP GET /js/site.js responded 304 in 2.8307 ms
[16:24:03 INF] HTTP GET /lib/jquery-validation/dist/jquery.validate.min.js responded 304 in 0.5709 ms
[16:24:03 INF] HTTP GET /lib/jquery-validation-unobtrusive/dist/jquery.validate.unobtrusive.min.js responded 304 in 2.7699 ms
[16:24:03 INF] HTTP GET /js/products-catalog-filter.js responded 304 in 0.5477 ms
[16:24:23 INF] HTTP GET /Inventory/Products responded 200 in 40.1485 ms
[16:24:23 INF] HTTP GET /css/site.css responded 304 in 0.4117 ms
[16:24:23 INF] HTTP GET /lib/bootstrap/dist/css/bootstrap.min.css responded 200 in 1.2570 ms
[16:24:23 INF] HTTP GET /Biktal.WebMVC.styles.css responded 304 in 0.4113 ms
[16:24:25 INF] HTTP GET /lib/jquery/dist/jquery.min.js responded 304 in 0.4273 ms
[16:24:25 INF] HTTP GET /lib/bootstrap/dist/js/bootstrap.bundle.min.js responded 304 in 0.3671 ms
[16:24:25 INF] HTTP GET /js/site.js responded 304 in 0.4776 ms
[16:24:25 INF] HTTP GET /lib/jquery-validation/dist/jquery.validate.min.js responded 304 in 1.3960 ms
[16:24:25 INF] HTTP GET /lib/jquery-validation-unobtrusive/dist/jquery.validate.unobtrusive.min.js responded 304 in 0.6354 ms
[16:24:25 INF] HTTP GET /js/products-catalog-filter.js responded 304 in 0.3947 ms
[16:25:13 INF] HTTP POST /Inventory/EditProduct responded 302 in 10.8507 ms
[16:25:13 INF] HTTP GET /Inventory/Products responded 200 in 45.0956 ms
[16:25:14 INF] HTTP GET /lib/bootstrap/dist/css/bootstrap.min.css responded 200 in 1.4243 ms
[16:25:14 INF] HTTP GET /css/site.css responded 304 in 3.3285 ms
[16:25:14 INF] HTTP GET /Biktal.WebMVC.styles.css responded 304 in 0.5806 ms
[16:25:15 INF] HTTP GET /lib/jquery/dist/jquery.min.js responded 304 in 0.2509 ms
[16:25:15 INF] HTTP GET /lib/bootstrap/dist/js/bootstrap.bundle.min.js responded 304 in 0.4142 ms
[16:25:15 INF] HTTP GET /js/site.js responded 304 in 0.3810 ms
[16:25:15 INF] HTTP GET /lib/jquery-validation/dist/jquery.validate.min.js responded 304 in 0.3600 ms
[16:25:15 INF] HTTP GET /lib/jquery-validation-unobtrusive/dist/jquery.validate.unobtrusive.min.js responded 304 in 0.3040 ms
[16:25:15 INF] HTTP GET /js/products-catalog-filter.js responded 304 in 0.3449 ms
[16:26:19 INF] HTTP GET /Inventory/Products responded 200 in 104.1533 ms
[16:26:19 INF] HTTP GET /lib/bootstrap/dist/css/bootstrap.min.css responded 200 in 0.9861 ms
[16:26:19 INF] HTTP GET /css/site.css responded 200 in 0.9807 ms
[16:26:19 INF] HTTP GET /Biktal.WebMVC.styles.css responded 200 in 3.3462 ms
[16:26:20 INF] HTTP GET /lib/jquery/dist/jquery.min.js responded 200 in 0.6423 ms
[16:26:20 INF] HTTP GET /js/site.js responded 200 in 0.8189 ms
[16:26:20 INF] HTTP GET /lib/bootstrap/dist/js/bootstrap.bundle.min.js responded 200 in 1.4806 ms
[16:26:20 INF] HTTP GET /lib/jquery-validation/dist/jquery.validate.min.js responded 200 in 0.9812 ms
[16:26:20 INF] HTTP GET /lib/jquery-validation-unobtrusive/dist/jquery.validate.unobtrusive.min.js responded 200 in 1.0236 ms
[16:26:20 INF] HTTP GET /js/products-catalog-filter.js responded 200 in 1.7699 ms
[16:26:25 INF] HTTP POST /Inventory/EditProduct responded 302 in 16.6085 ms
[16:26:25 INF] HTTP GET /Inventory/Products responded 200 in 49.5427 ms
[16:26:26 INF] HTTP GET /lib/bootstrap/dist/css/bootstrap.min.css responded 304 in 0.4844 ms
[16:26:26 INF] HTTP GET /css/site.css responded 304 in 0.5564 ms
[16:26:26 INF] HTTP GET /Biktal.WebMVC.styles.css responded 304 in 0.5773 ms
[16:26:26 INF] HTTP GET /lib/jquery/dist/jquery.min.js responded 304 in 0.2812 ms
[16:26:26 INF] HTTP GET /lib/bootstrap/dist/js/bootstrap.bundle.min.js responded 304 in 0.5615 ms
[16:26:26 INF] HTTP GET /js/site.js responded 304 in 0.3803 ms
[16:26:26 INF] HTTP GET /lib/jquery-validation/dist/jquery.validate.min.js responded 304 in 1.3321 ms
[16:26:26 INF] HTTP GET /lib/jquery-validation-unobtrusive/dist/jquery.validate.unobtrusive.min.js responded 304 in 4.5269 ms
[16:26:26 INF] HTTP GET /js/products-catalog-filter.js responded 304 in 0.5466 ms
[16:27:26 INF] HTTP GET /Inventory/Products responded 200 in 57.1576 ms
[16:27:26 INF] HTTP GET /css/site.css responded 304 in 0.3876 ms
[16:27:26 INF] HTTP GET /lib/bootstrap/dist/css/bootstrap.min.css responded 200 in 5.8146 ms
[16:27:26 INF] HTTP GET /Biktal.WebMVC.styles.css responded 304 in 1.6792 ms
[16:27:27 INF] HTTP GET /lib/jquery/dist/jquery.min.js responded 304 in 0.2478 ms
[16:27:27 INF] HTTP GET /js/site.js responded 304 in 0.4708 ms
[16:27:27 INF] HTTP GET /lib/bootstrap/dist/js/bootstrap.bundle.min.js responded 304 in 0.5312 ms
[16:27:27 INF] HTTP GET /lib/jquery-validation/dist/jquery.validate.min.js responded 304 in 2.8150 ms
[16:27:27 INF] HTTP GET /lib/jquery-validation-unobtrusive/dist/jquery.validate.unobtrusive.min.js responded 304 in 0.6129 ms
[16:27:27 INF] HTTP GET /js/products-catalog-filter.js responded 304 in 0.5177 ms
[16:27:34 INF] HTTP POST /Inventory/EditProduct responded 302 in 11.1956 ms
[16:27:35 INF] HTTP GET /Inventory/Products responded 200 in 42.4233 ms
[16:27:35 INF] HTTP GET /lib/bootstrap/dist/css/bootstrap.min.css responded 304 in 0.4862 ms
[16:27:35 INF] HTTP GET /css/site.css responded 304 in 1.5155 ms
[16:27:35 INF] HTTP GET /Biktal.WebMVC.styles.css responded 304 in 0.5251 ms
[16:27:35 INF] HTTP GET /lib/jquery/dist/jquery.min.js responded 304 in 0.7810 ms
[16:27:35 INF] HTTP GET /lib/bootstrap/dist/js/bootstrap.bundle.min.js responded 304 in 0.3756 ms
[16:27:35 INF] HTTP GET /js/site.js responded 304 in 0.3102 ms
[16:27:35 INF] HTTP GET /lib/jquery-validation/dist/jquery.validate.min.js responded 304 in 1.8451 ms
[16:27:35 INF] HTTP GET /lib/jquery-validation-unobtrusive/dist/jquery.validate.unobtrusive.min.js responded 304 in 1.8598 ms
[16:27:35 INF] HTTP GET /js/products-catalog-filter.js responded 304 in 0.5708 ms
[16:27:49 INF] HTTP GET /Inventory/Products responded 200 in 43.2774 ms
[16:27:49 INF] HTTP GET /css/site.css responded 304 in 1.1918 ms
[16:27:49 INF] HTTP GET /lib/bootstrap/dist/css/bootstrap.min.css responded 200 in 0.9792 ms
[16:27:49 INF] HTTP GET /Biktal.WebMVC.styles.css responded 304 in 0.5399 ms
[16:27:50 INF] HTTP GET /lib/jquery/dist/jquery.min.js responded 304 in 0.2624 ms
[16:27:50 INF] HTTP GET /lib/bootstrap/dist/js/bootstrap.bundle.min.js responded 304 in 4.1900 ms
[16:27:50 INF] HTTP GET /js/site.js responded 304 in 4.1510 ms
[16:27:50 INF] HTTP GET /js/products-catalog-filter.js responded 304 in 0.3765 ms
[16:27:50 INF] HTTP GET /lib/jquery-validation/dist/jquery.validate.min.js responded 304 in 0.4017 ms
[16:27:50 INF] HTTP GET /lib/jquery-validation-unobtrusive/dist/jquery.validate.unobtrusive.min.js responded 304 in 0.9300 ms
[16:27:58 INF] HTTP POST /Inventory/EditProduct responded 302 in 10.3631 ms
[16:27:58 INF] HTTP GET /Inventory/Products responded 200 in 46.2788 ms
[16:27:58 INF] HTTP GET /lib/bootstrap/dist/css/bootstrap.min.css responded 304 in 0.5337 ms
[16:27:58 INF] HTTP GET /Biktal.WebMVC.styles.css responded 304 in 0.4209 ms
[16:27:58 INF] HTTP GET /css/site.css responded 304 in 4.5183 ms
[16:27:59 INF] HTTP GET /lib/jquery/dist/jquery.min.js responded 304 in 0.2729 ms
[16:27:59 INF] HTTP GET /lib/bootstrap/dist/js/bootstrap.bundle.min.js responded 304 in 0.5114 ms
[16:27:59 INF] HTTP GET /js/site.js responded 304 in 0.3671 ms
[16:27:59 INF] HTTP GET /lib/jquery-validation/dist/jquery.validate.min.js responded 304 in 1.2158 ms
[16:27:59 INF] HTTP GET /js/products-catalog-filter.js responded 304 in 0.4247 ms
[16:27:59 INF] HTTP GET /lib/jquery-validation-unobtrusive/dist/jquery.validate.unobtrusive.min.js responded 304 in 1.9613 ms
[16:28:26 INF] HTTP GET /Inventory/Products responded 200 in 42.0444 ms
[16:28:26 INF] HTTP GET /lib/bootstrap/dist/css/bootstrap.min.css responded 200 in 3.0353 ms
[16:28:26 INF] HTTP GET /css/site.css responded 304 in 0.4543 ms
[16:28:26 INF] HTTP GET /Biktal.WebMVC.styles.css responded 304 in 1.9409 ms
[16:28:27 INF] HTTP GET /lib/jquery/dist/jquery.min.js responded 304 in 0.2658 ms
[16:28:28 INF] HTTP GET /lib/bootstrap/dist/js/bootstrap.bundle.min.js responded 304 in 0.3120 ms
[16:28:28 INF] HTTP GET /js/site.js responded 304 in 1.6231 ms
[16:28:28 INF] HTTP GET /lib/jquery-validation/dist/jquery.validate.min.js responded 304 in 0.4660 ms
[16:28:28 INF] HTTP GET /js/products-catalog-filter.js responded 304 in 0.6932 ms
[16:28:28 INF] HTTP GET /lib/jquery-validation-unobtrusive/dist/jquery.validate.unobtrusive.min.js responded 304 in 3.1846 ms
[16:28:35 INF] HTTP POST /Inventory/EditProduct responded 302 in 13.2849 ms
[16:28:35 INF] HTTP GET /Inventory/Products responded 200 in 47.3533 ms
[16:28:35 INF] HTTP GET /lib/bootstrap/dist/css/bootstrap.min.css responded 304 in 0.5262 ms
[16:28:35 INF] HTTP GET /Biktal.WebMVC.styles.css responded 304 in 0.2584 ms
[16:28:35 INF] HTTP GET /css/site.css responded 304 in 0.8870 ms
[16:28:37 INF] HTTP GET /lib/jquery/dist/jquery.min.js responded 304 in 0.6714 ms
[16:28:37 INF] HTTP GET /lib/bootstrap/dist/js/bootstrap.bundle.min.js responded 304 in 0.4451 ms
[16:28:37 INF] HTTP GET /js/site.js responded 304 in 1.0922 ms
[16:28:37 INF] HTTP GET /lib/jquery-validation/dist/jquery.validate.min.js responded 304 in 0.9630 ms
[16:28:37 INF] HTTP GET /lib/jquery-validation-unobtrusive/dist/jquery.validate.unobtrusive.min.js responded 304 in 2.1540 ms
[16:28:37 INF] HTTP GET /js/products-catalog-filter.js responded 304 in 2.5045 ms
[16:29:36 INF] HTTP GET /Inventory/Products responded 200 in 68.9694 ms
[16:29:37 INF] HTTP GET /css/site.css responded 200 in 0.6527 ms
[16:29:37 INF] HTTP GET /lib/bootstrap/dist/css/bootstrap.min.css responded 200 in 1.3634 ms
[16:29:37 INF] HTTP GET /Biktal.WebMVC.styles.css responded 200 in 2.3555 ms
[16:29:38 INF] HTTP GET /lib/jquery/dist/jquery.min.js responded 200 in 0.7878 ms
[16:29:38 INF] HTTP GET /lib/bootstrap/dist/js/bootstrap.bundle.min.js responded 200 in 1.1475 ms
[16:29:38 INF] HTTP GET /js/site.js responded 200 in 1.3751 ms
[16:29:38 INF] HTTP GET /lib/jquery-validation/dist/jquery.validate.min.js responded 200 in 0.8434 ms
[16:29:38 INF] HTTP GET /lib/jquery-validation-unobtrusive/dist/jquery.validate.unobtrusive.min.js responded 200 in 0.8644 ms
[16:29:38 INF] HTTP GET /js/products-catalog-filter.js responded 200 in 0.5538 ms
[16:29:44 INF] HTTP POST /Inventory/EditProduct responded 302 in 11.8518 ms
[16:29:45 INF] HTTP GET /Inventory/Products responded 200 in 63.5929 ms
[16:29:45 INF] HTTP GET /lib/bootstrap/dist/css/bootstrap.min.css responded 200 in 2.8901 ms
[16:29:45 INF] HTTP GET /Biktal.WebMVC.styles.css responded 200 in 1.1695 ms
[16:29:45 INF] HTTP GET /css/site.css responded 200 in 0.9685 ms
[16:29:46 INF] HTTP GET /lib/jquery/dist/jquery.min.js responded 200 in 0.6587 ms
[16:29:46 INF] HTTP GET /js/site.js responded 200 in 0.5806 ms
[16:29:46 INF] HTTP GET /lib/bootstrap/dist/js/bootstrap.bundle.min.js responded 200 in 0.7433 ms
[16:29:46 INF] HTTP GET /lib/jquery-validation/dist/jquery.validate.min.js responded 200 in 0.6238 ms
[16:29:46 INF] HTTP GET /js/products-catalog-filter.js responded 200 in 2.1608 ms
[16:29:46 INF] HTTP GET /lib/jquery-validation-unobtrusive/dist/jquery.validate.unobtrusive.min.js responded 200 in 1.5706 ms
[16:30:33 INF] HTTP GET /Inventory/Products responded 200 in 66.8978 ms
[16:30:34 INF] HTTP GET /lib/bootstrap/dist/css/bootstrap.min.css responded 200 in 0.9200 ms
[16:30:34 INF] HTTP GET /css/site.css responded 200 in 0.7548 ms
[16:30:34 INF] HTTP GET /Biktal.WebMVC.styles.css responded 200 in 2.3406 ms
[16:30:35 INF] HTTP GET /lib/jquery/dist/jquery.min.js responded 200 in 0.7815 ms
[16:30:35 INF] HTTP GET /js/site.js responded 200 in 0.6812 ms
[16:30:35 INF] HTTP GET /lib/bootstrap/dist/js/bootstrap.bundle.min.js responded 200 in 0.8121 ms
[16:30:35 INF] HTTP GET /lib/jquery-validation/dist/jquery.validate.min.js responded 200 in 4.9647 ms
[16:30:35 INF] HTTP GET /lib/jquery-validation-unobtrusive/dist/jquery.validate.unobtrusive.min.js responded 200 in 0.9628 ms
[16:30:35 INF] HTTP GET /js/products-catalog-filter.js responded 200 in 1.0219 ms
[16:31:24 INF] HTTP POST /Inventory/EditProduct responded 302 in 96.4243 ms
[16:31:24 INF] HTTP GET /Inventory/Products responded 200 in 50.2731 ms
[16:31:24 INF] HTTP GET /lib/bootstrap/dist/css/bootstrap.min.css responded 200 in 18.0661 ms
[16:31:24 INF] HTTP GET /css/site.css responded 200 in 7.4229 ms
[16:31:24 INF] HTTP GET /Biktal.WebMVC.styles.css responded 200 in 2.0746 ms
[16:31:25 INF] HTTP GET /lib/jquery/dist/jquery.min.js responded 200 in 0.6350 ms
[16:31:25 INF] HTTP GET /js/site.js responded 200 in 0.6829 ms
[16:31:25 INF] HTTP GET /lib/bootstrap/dist/js/bootstrap.bundle.min.js responded 200 in 1.1585 ms
[16:31:25 INF] HTTP GET /lib/jquery-validation/dist/jquery.validate.min.js responded 200 in 0.6137 ms
[16:31:25 INF] HTTP GET /js/products-catalog-filter.js responded 200 in 0.7353 ms
[16:31:25 INF] HTTP GET /lib/jquery-validation-unobtrusive/dist/jquery.validate.unobtrusive.min.js responded 200 in 1.9765 ms
[16:31:48 INF] HTTP GET /Inventory/Products responded 200 in 46.2315 ms
[16:31:48 INF] HTTP GET /lib/bootstrap/dist/css/bootstrap.min.css responded 200 in 14.1557 ms
[16:31:48 INF] HTTP GET /css/site.css responded 200 in 1.4836 ms
[16:31:48 INF] HTTP GET /Biktal.WebMVC.styles.css responded 200 in 1.6225 ms
[16:31:49 INF] HTTP GET /lib/jquery/dist/jquery.min.js responded 304 in 0.2743 ms
[16:31:49 INF] HTTP GET /lib/bootstrap/dist/js/bootstrap.bundle.min.js responded 304 in 0.6291 ms
[16:31:49 INF] HTTP GET /lib/jquery-validation/dist/jquery.validate.min.js responded 304 in 0.6441 ms
[16:31:49 INF] HTTP GET /js/site.js responded 304 in 2.2661 ms
[16:31:49 INF] HTTP GET /lib/jquery-validation-unobtrusive/dist/jquery.validate.unobtrusive.min.js responded 304 in 1.2161 ms
[16:31:49 INF] HTTP GET /js/products-catalog-filter.js responded 304 in 0.4131 ms
[16:31:57 INF] HTTP POST /Inventory/EditProduct responded 302 in 16.9011 ms
[16:31:57 INF] HTTP GET /Inventory/Products responded 200 in 60.4077 ms
[16:31:57 INF] HTTP GET /lib/bootstrap/dist/css/bootstrap.min.css responded 304 in 0.8341 ms
[16:31:57 INF] HTTP GET /css/site.css responded 304 in 1.9401 ms
[16:31:57 INF] HTTP GET /Biktal.WebMVC.styles.css responded 304 in 0.4622 ms
[16:31:58 INF] HTTP GET /lib/jquery/dist/jquery.min.js responded 304 in 0.2799 ms
[16:31:58 INF] HTTP GET /lib/bootstrap/dist/js/bootstrap.bundle.min.js responded 304 in 0.8101 ms
[16:31:58 INF] HTTP GET /js/site.js responded 304 in 0.4886 ms
[16:31:58 INF] HTTP GET /lib/jquery-validation/dist/jquery.validate.min.js responded 304 in 0.4970 ms
[16:31:58 INF] HTTP GET /lib/jquery-validation-unobtrusive/dist/jquery.validate.unobtrusive.min.js responded 304 in 0.9262 ms
[16:31:58 INF] HTTP GET /js/products-catalog-filter.js responded 304 in 0.4290 ms
[16:32:32 INF] HTTP GET /Inventory/Products responded 200 in 59.8478 ms
[16:32:33 INF] HTTP GET /css/site.css responded 200 in 1.2968 ms
[16:32:33 INF] HTTP GET /lib/bootstrap/dist/css/bootstrap.min.css responded 200 in 1.6685 ms
[16:32:33 INF] HTTP GET /Biktal.WebMVC.styles.css responded 200 in 1.1927 ms
[16:32:35 INF] HTTP GET /lib/jquery/dist/jquery.min.js responded 200 in 1.0260 ms
[16:32:35 INF] HTTP GET /lib/bootstrap/dist/js/bootstrap.bundle.min.js responded 200 in 0.9055 ms
[16:32:35 INF] HTTP GET /js/site.js responded 200 in 0.9060 ms
[16:32:35 INF] HTTP GET /lib/jquery-validation/dist/jquery.validate.min.js responded 200 in 0.7689 ms
[16:32:35 INF] HTTP GET /lib/jquery-validation-unobtrusive/dist/jquery.validate.unobtrusive.min.js responded 200 in 9.0812 ms
[16:32:35 INF] HTTP GET /js/products-catalog-filter.js responded 200 in 0.8043 ms
[16:32:39 INF] HTTP POST /Inventory/EditProduct responded 302 in 15.5499 ms
[16:32:39 INF] HTTP GET /Inventory/Products responded 200 in 59.4584 ms
[16:32:39 INF] HTTP GET /css/site.css responded 200 in 1.7895 ms
[16:32:39 INF] HTTP GET /lib/bootstrap/dist/css/bootstrap.min.css responded 200 in 0.9050 ms
[16:32:39 INF] HTTP GET /Biktal.WebMVC.styles.css responded 200 in 5.5061 ms
[16:32:40 INF] HTTP GET /lib/jquery/dist/jquery.min.js responded 200 in 0.6956 ms
[16:32:40 INF] HTTP GET /lib/bootstrap/dist/js/bootstrap.bundle.min.js responded 200 in 1.2605 ms
[16:32:40 INF] HTTP GET /js/site.js responded 200 in 1.1408 ms
[16:32:40 INF] HTTP GET /lib/jquery-validation/dist/jquery.validate.min.js responded 200 in 1.0379 ms
[16:32:40 INF] HTTP GET /lib/jquery-validation-unobtrusive/dist/jquery.validate.unobtrusive.min.js responded 200 in 0.8677 ms
[16:32:40 INF] HTTP GET /js/products-catalog-filter.js responded 200 in 0.5818 ms
[16:33:12 INF] HTTP GET /Inventory/Products responded 200 in 51.9402 ms
[16:33:12 INF] HTTP GET /css/site.css responded 200 in 0.9683 ms
[16:33:12 INF] HTTP GET /lib/bootstrap/dist/css/bootstrap.min.css responded 200 in 1.4058 ms
[16:33:12 INF] HTTP GET /Biktal.WebMVC.styles.css responded 200 in 2.1297 ms
[16:33:13 INF] HTTP GET /lib/jquery/dist/jquery.min.js responded 304 in 0.3404 ms
[16:33:13 INF] HTTP GET /lib/bootstrap/dist/js/bootstrap.bundle.min.js responded 304 in 0.4495 ms
[16:33:13 INF] HTTP GET /js/site.js responded 304 in 0.2774 ms
[16:33:13 INF] HTTP GET /lib/jquery-validation/dist/jquery.validate.min.js responded 304 in 0.5509 ms
[16:33:13 INF] HTTP GET /lib/jquery-validation-unobtrusive/dist/jquery.validate.unobtrusive.min.js responded 304 in 0.6727 ms
[16:33:13 INF] HTTP GET /js/products-catalog-filter.js responded 304 in 0.4020 ms
[16:33:19 INF] HTTP POST /Inventory/EditProduct responded 302 in 15.0206 ms
[16:33:19 INF] HTTP GET /Inventory/Products responded 200 in 55.6092 ms
[16:33:19 INF] HTTP GET /lib/bootstrap/dist/css/bootstrap.min.css responded 304 in 0.4889 ms
[16:33:19 INF] HTTP GET /Biktal.WebMVC.styles.css responded 304 in 0.8388 ms
[16:33:19 INF] HTTP GET /css/site.css responded 304 in 0.5363 ms
[16:33:20 INF] HTTP GET /lib/jquery/dist/jquery.min.js responded 304 in 0.4171 ms
[16:33:20 INF] HTTP GET /lib/bootstrap/dist/js/bootstrap.bundle.min.js responded 304 in 0.5305 ms
[16:33:20 INF] HTTP GET /js/site.js responded 304 in 0.3251 ms
[16:33:20 INF] HTTP GET /lib/jquery-validation/dist/jquery.validate.min.js responded 304 in 0.5222 ms
[16:33:20 INF] HTTP GET /js/products-catalog-filter.js responded 304 in 0.3146 ms
[16:33:20 INF] HTTP GET /lib/jquery-validation-unobtrusive/dist/jquery.validate.unobtrusive.min.js responded 304 in 1.3108 ms
[16:33:33 INF] HTTP GET /Inventory/Products responded 200 in 48.9650 ms
[16:33:34 INF] HTTP GET /lib/bootstrap/dist/css/bootstrap.min.css responded 200 in 1.0296 ms
[16:33:34 INF] HTTP GET /css/site.css responded 304 in 0.4623 ms
[16:33:34 INF] HTTP GET /Biktal.WebMVC.styles.css responded 304 in 0.4165 ms
[16:33:34 INF] HTTP GET /lib/jquery/dist/jquery.min.js responded 304 in 0.2771 ms
[16:33:34 INF] HTTP GET /lib/bootstrap/dist/js/bootstrap.bundle.min.js responded 304 in 0.4062 ms
[16:33:34 INF] HTTP GET /js/site.js responded 304 in 0.6011 ms
[16:33:34 INF] HTTP GET /lib/jquery-validation/dist/jquery.validate.min.js responded 304 in 0.6385 ms
[16:33:34 INF] HTTP GET /lib/jquery-validation-unobtrusive/dist/jquery.validate.unobtrusive.min.js responded 304 in 0.7575 ms
[16:33:34 INF] HTTP GET /js/products-catalog-filter.js responded 304 in 0.4855 ms
[16:33:40 INF] HTTP POST /Inventory/EditProduct responded 302 in 12.4408 ms
[16:33:40 INF] HTTP GET /Inventory/Products responded 200 in 42.4053 ms
[16:33:40 INF] HTTP GET /css/site.css responded 304 in 0.3958 ms
[16:33:40 INF] HTTP GET /Biktal.WebMVC.styles.css responded 304 in 0.4072 ms
[16:33:40 INF] HTTP GET /lib/bootstrap/dist/css/bootstrap.min.css responded 304 in 0.8166 ms
[16:33:42 INF] HTTP GET /lib/jquery/dist/jquery.min.js responded 304 in 0.2585 ms
[16:33:42 INF] HTTP GET /lib/bootstrap/dist/js/bootstrap.bundle.min.js responded 304 in 0.6440 ms
[16:33:42 INF] HTTP GET /js/site.js responded 304 in 0.3649 ms
[16:33:42 INF] HTTP GET /lib/jquery-validation/dist/jquery.validate.min.js responded 304 in 0.2967 ms
[16:33:42 INF] HTTP GET /lib/jquery-validation-unobtrusive/dist/jquery.validate.unobtrusive.min.js responded 304 in 3.2612 ms
[16:33:42 INF] HTTP GET /js/products-catalog-filter.js responded 304 in 0.4549 ms
[16:34:21 INF] HTTP GET /Inventory/Products responded 200 in 50.1013 ms
[16:34:21 INF] HTTP GET /lib/bootstrap/dist/css/bootstrap.min.css responded 200 in 2.4082 ms
[16:34:21 INF] HTTP GET /Biktal.WebMVC.styles.css responded 304 in 1.4180 ms
[16:34:21 INF] HTTP GET /css/site.css responded 304 in 2.0175 ms
[16:34:22 INF] HTTP GET /lib/jquery/dist/jquery.min.js responded 304 in 0.4000 ms
[16:34:23 INF] HTTP GET /lib/bootstrap/dist/js/bootstrap.bundle.min.js responded 304 in 0.3645 ms
[16:34:23 INF] HTTP GET /js/site.js responded 304 in 0.3506 ms
[16:34:23 INF] HTTP GET /lib/jquery-validation/dist/jquery.validate.min.js responded 304 in 0.2666 ms
[16:34:23 INF] HTTP GET /lib/jquery-validation-unobtrusive/dist/jquery.validate.unobtrusive.min.js responded 304 in 0.2417 ms
[16:34:23 INF] HTTP GET /js/products-catalog-filter.js responded 304 in 0.2570 ms
[16:34:41 INF] HTTP POST /Inventory/EditProduct responded 302 in 10.8402 ms
[16:34:41 INF] HTTP GET /Inventory/Products responded 200 in 58.1446 ms
[16:34:41 INF] HTTP GET /lib/bootstrap/dist/css/bootstrap.min.css responded 304 in 0.4925 ms
[16:34:41 INF] HTTP GET /Biktal.WebMVC.styles.css responded 304 in 0.3866 ms
[16:34:41 INF] HTTP GET /css/site.css responded 304 in 0.4333 ms
[16:34:42 INF] HTTP GET /lib/jquery/dist/jquery.min.js responded 304 in 0.2811 ms
[16:34:42 INF] HTTP GET /lib/bootstrap/dist/js/bootstrap.bundle.min.js responded 304 in 0.4702 ms
[16:34:42 INF] HTTP GET /js/site.js responded 304 in 0.4223 ms
[16:34:42 INF] HTTP GET /lib/jquery-validation/dist/jquery.validate.min.js responded 304 in 0.5704 ms
[16:34:42 INF] HTTP GET /lib/jquery-validation-unobtrusive/dist/jquery.validate.unobtrusive.min.js responded 304 in 0.4079 ms
[16:34:42 INF] HTTP GET /js/products-catalog-filter.js responded 304 in 0.6194 ms
[16:35:03 INF] HTTP GET /Inventory/Products responded 200 in 49.2496 ms
[16:35:03 INF] HTTP GET /lib/bootstrap/dist/css/bootstrap.min.css responded 200 in 1.6639 ms
[16:35:03 INF] HTTP GET /css/site.css responded 304 in 0.6578 ms
[16:35:03 INF] HTTP GET /Biktal.WebMVC.styles.css responded 304 in 0.5180 ms
[16:35:04 INF] HTTP GET /lib/jquery/dist/jquery.min.js responded 304 in 0.2842 ms
[16:35:04 INF] HTTP GET /lib/bootstrap/dist/js/bootstrap.bundle.min.js responded 304 in 0.4362 ms
[16:35:04 INF] HTTP GET /js/site.js responded 304 in 0.4412 ms
[16:35:04 INF] HTTP GET /lib/jquery-validation/dist/jquery.validate.min.js responded 304 in 0.3122 ms
[16:35:04 INF] HTTP GET /lib/jquery-validation-unobtrusive/dist/jquery.validate.unobtrusive.min.js responded 304 in 0.2545 ms
[16:35:04 INF] HTTP GET /js/products-catalog-filter.js responded 304 in 0.2498 ms
[16:35:27 INF] HTTP POST /Inventory/EditProduct responded 302 in 9.7351 ms
[16:35:27 INF] HTTP GET /Inventory/Products responded 200 in 60.0526 ms
[16:35:27 INF] HTTP GET /css/site.css responded 304 in 0.4592 ms
[16:35:27 INF] HTTP GET /Biktal.WebMVC.styles.css responded 304 in 0.3801 ms
[16:35:27 INF] HTTP GET /lib/bootstrap/dist/css/bootstrap.min.css responded 200 in 6.3111 ms
[16:35:28 INF] HTTP GET /lib/jquery/dist/jquery.min.js responded 304 in 0.3169 ms
[16:35:29 INF] HTTP GET /lib/bootstrap/dist/js/bootstrap.bundle.min.js responded 304 in 0.3761 ms
[16:35:29 INF] HTTP GET /js/site.js responded 304 in 0.4350 ms
[16:35:29 INF] HTTP GET /lib/jquery-validation-unobtrusive/dist/jquery.validate.unobtrusive.min.js responded 304 in 0.3099 ms
[16:35:29 INF] HTTP GET /js/products-catalog-filter.js responded 304 in 0.2605 ms
[16:35:29 INF] HTTP GET /lib/jquery-validation/dist/jquery.validate.min.js responded 304 in 0.4304 ms
[16:35:45 INF] HTTP GET /Inventory/Products responded 200 in 46.1524 ms
[16:35:45 INF] HTTP GET /lib/bootstrap/dist/css/bootstrap.min.css responded 304 in 1.6642 ms
[16:35:45 INF] HTTP GET /css/site.css responded 304 in 0.6116 ms
[16:35:45 INF] HTTP GET /Biktal.WebMVC.styles.css responded 304 in 0.4126 ms
[16:35:46 INF] HTTP GET /lib/jquery/dist/jquery.min.js responded 304 in 0.3522 ms
[16:35:46 INF] HTTP GET /lib/bootstrap/dist/js/bootstrap.bundle.min.js responded 304 in 0.3749 ms
[16:35:46 INF] HTTP GET /js/site.js responded 304 in 0.3999 ms
[16:35:46 INF] HTTP GET /lib/jquery-validation/dist/jquery.validate.min.js responded 304 in 0.4000 ms
[16:35:46 INF] HTTP GET /lib/jquery-validation-unobtrusive/dist/jquery.validate.unobtrusive.min.js responded 304 in 0.9998 ms
[16:35:46 INF] HTTP GET /js/products-catalog-filter.js responded 304 in 1.2095 ms
[16:36:08 INF] HTTP POST /Inventory/EditProduct responded 302 in 10.7101 ms
[16:36:08 INF] HTTP GET /Inventory/Products responded 200 in 48.5513 ms
[16:36:08 INF] HTTP GET /css/site.css responded 304 in 0.4401 ms
[16:36:08 INF] HTTP GET /lib/bootstrap/dist/css/bootstrap.min.css responded 200 in 3.9353 ms
[16:36:08 INF] HTTP GET /Biktal.WebMVC.styles.css responded 304 in 0.6283 ms
[16:36:09 INF] HTTP GET /lib/jquery/dist/jquery.min.js responded 304 in 0.2489 ms
[16:36:09 INF] HTTP GET /lib/bootstrap/dist/js/bootstrap.bundle.min.js responded 304 in 0.4055 ms
[16:36:09 INF] HTTP GET /js/site.js responded 304 in 0.6062 ms
[16:36:09 INF] HTTP GET /lib/jquery-validation/dist/jquery.validate.min.js responded 304 in 0.3587 ms
[16:36:09 INF] HTTP GET /lib/jquery-validation-unobtrusive/dist/jquery.validate.unobtrusive.min.js responded 304 in 0.5134 ms
[16:36:09 INF] HTTP GET /js/products-catalog-filter.js responded 304 in 1.7574 ms
[16:36:24 INF] HTTP GET /Inventory/Products responded 200 in 104.4244 ms
[16:36:24 INF] HTTP GET /lib/bootstrap/dist/css/bootstrap.min.css responded 200 in 11.5524 ms
[16:36:24 INF] HTTP GET /css/site.css responded 304 in 0.7305 ms
[16:36:24 INF] HTTP GET /Biktal.WebMVC.styles.css responded 304 in 0.5307 ms
[16:36:25 INF] HTTP GET /lib/jquery/dist/jquery.min.js responded 304 in 0.3353 ms
[16:36:25 INF] HTTP GET /lib/bootstrap/dist/js/bootstrap.bundle.min.js responded 304 in 0.5190 ms
[16:36:25 INF] HTTP GET /js/site.js responded 304 in 0.4057 ms
[16:36:25 INF] HTTP GET /lib/jquery-validation/dist/jquery.validate.min.js responded 304 in 0.3686 ms
[16:36:25 INF] HTTP GET /js/products-catalog-filter.js responded 304 in 0.3593 ms
[16:36:25 INF] HTTP GET /lib/jquery-validation-unobtrusive/dist/jquery.validate.unobtrusive.min.js responded 304 in 0.3589 ms
[16:37:05 INF] HTTP POST /Inventory/EditProduct responded 302 in 17.4134 ms
[16:37:05 INF] HTTP GET /Inventory/Products responded 200 in 44.0911 ms
[16:37:05 INF] HTTP GET /css/site.css responded 304 in 0.3914 ms
[16:37:06 INF] HTTP GET /Biktal.WebMVC.styles.css responded 304 in 0.5229 ms
[16:37:06 INF] HTTP GET /lib/bootstrap/dist/css/bootstrap.min.css responded 200 in 2.4978 ms
[16:37:06 INF] HTTP GET /lib/jquery/dist/jquery.min.js responded 304 in 0.2521 ms
[16:37:06 INF] HTTP GET /lib/bootstrap/dist/js/bootstrap.bundle.min.js responded 304 in 0.4362 ms
[16:37:06 INF] HTTP GET /js/site.js responded 304 in 0.4662 ms
[16:37:06 INF] HTTP GET /lib/jquery-validation/dist/jquery.validate.min.js responded 304 in 1.0676 ms
[16:37:06 INF] HTTP GET /lib/jquery-validation-unobtrusive/dist/jquery.validate.unobtrusive.min.js responded 304 in 0.5361 ms
[16:37:06 INF] HTTP GET /js/products-catalog-filter.js responded 304 in 0.4259 ms
[16:38:19 INF] HTTP GET /Inventory/Products responded 200 in 45.9759 ms
[16:38:19 INF] HTTP GET /lib/bootstrap/dist/css/bootstrap.min.css responded 200 in 3.7210 ms
[16:38:19 INF] HTTP GET /Biktal.WebMVC.styles.css responded 200 in 0.8868 ms
[16:38:19 INF] HTTP GET /css/site.css responded 200 in 1.0710 ms
[16:38:20 INF] HTTP GET /lib/jquery/dist/jquery.min.js responded 200 in 2.1367 ms
[16:38:20 INF] HTTP GET /lib/bootstrap/dist/js/bootstrap.bundle.min.js responded 200 in 1.1392 ms
[16:38:20 INF] HTTP GET /js/site.js responded 200 in 1.2470 ms
[16:38:20 INF] HTTP GET /lib/jquery-validation/dist/jquery.validate.min.js responded 200 in 2.8620 ms
[16:38:20 INF] HTTP GET /lib/jquery-validation-unobtrusive/dist/jquery.validate.unobtrusive.min.js responded 200 in 5.1564 ms
[16:38:20 INF] HTTP GET /js/products-catalog-filter.js responded 200 in 1.5287 ms
[16:39:35 INF] HTTP POST /Inventory/EditProduct responded 302 in 34.6205 ms
[16:39:35 INF] HTTP GET /Inventory/Products responded 200 in 50.0403 ms
[16:39:35 INF] HTTP GET /Biktal.WebMVC.styles.css responded 200 in 1.4609 ms
[16:39:35 INF] HTTP GET /lib/bootstrap/dist/css/bootstrap.min.css responded 200 in 1.6059 ms
[16:39:35 INF] HTTP GET /css/site.css responded 200 in 0.9061 ms
[16:39:36 INF] HTTP GET /lib/jquery/dist/jquery.min.js responded 200 in 0.7302 ms
[16:39:36 INF] HTTP GET /js/site.js responded 200 in 0.7630 ms
[16:39:36 INF] HTTP GET /lib/bootstrap/dist/js/bootstrap.bundle.min.js responded 200 in 0.9296 ms
[16:39:36 INF] HTTP GET /js/products-catalog-filter.js responded 200 in 0.7657 ms
[16:39:36 INF] HTTP GET /lib/jquery-validation/dist/jquery.validate.min.js responded 200 in 0.9856 ms
[16:39:36 INF] HTTP GET /lib/jquery-validation-unobtrusive/dist/jquery.validate.unobtrusive.min.js responded 200 in 0.8064 ms
[16:40:08 INF] HTTP GET /Inventory/Products responded 200 in 53.5565 ms
[16:40:08 INF] HTTP GET /lib/bootstrap/dist/css/bootstrap.min.css responded 200 in 11.0234 ms
[16:40:08 INF] HTTP GET /Biktal.WebMVC.styles.css responded 200 in 1.0896 ms
[16:40:08 INF] HTTP GET /css/site.css responded 200 in 1.0797 ms
[16:40:09 INF] HTTP GET /lib/jquery/dist/jquery.min.js responded 304 in 0.2591 ms
[16:40:09 INF] HTTP GET /lib/bootstrap/dist/js/bootstrap.bundle.min.js responded 304 in 1.7341 ms
[16:40:09 INF] HTTP GET /js/site.js responded 304 in 0.4882 ms
[16:40:09 INF] HTTP GET /lib/jquery-validation/dist/jquery.validate.min.js responded 304 in 1.8399 ms
[16:40:09 INF] HTTP GET /lib/jquery-validation-unobtrusive/dist/jquery.validate.unobtrusive.min.js responded 304 in 0.5418 ms
[16:40:09 INF] HTTP GET /js/products-catalog-filter.js responded 304 in 0.8281 ms
[16:42:28 INF] HTTP GET /Inventory/Products responded 200 in 134.1215 ms
[16:42:28 INF] HTTP GET /css/site.css responded 200 in 1.1590 ms
[16:42:28 INF] HTTP GET /Biktal.WebMVC.styles.css responded 200 in 1.4013 ms
[16:42:28 INF] HTTP GET /lib/bootstrap/dist/css/bootstrap.min.css responded 200 in 3.3285 ms
[16:42:30 INF] HTTP GET /lib/jquery/dist/jquery.min.js responded 200 in 1.6707 ms
[16:42:30 INF] HTTP GET /js/site.js responded 200 in 0.9374 ms
[16:42:30 INF] HTTP GET /lib/jquery-validation/dist/jquery.validate.min.js responded 200 in 4.1909 ms
[16:42:30 INF] HTTP GET /lib/jquery-validation-unobtrusive/dist/jquery.validate.unobtrusive.min.js responded 200 in 6.3200 ms
[16:42:30 INF] HTTP GET /js/products-catalog-filter.js responded 200 in 1.5996 ms
[16:42:30 INF] HTTP GET /lib/bootstrap/dist/js/bootstrap.bundle.min.js responded 200 in 7.7097 ms
[16:42:53 INF] HTTP GET /Inventory/Products responded 200 in 47.4508 ms
[16:42:53 INF] HTTP GET /lib/bootstrap/dist/css/bootstrap.min.css responded 200 in 1.7068 ms
[16:42:53 INF] HTTP GET /css/site.css responded 200 in 0.8430 ms
[16:42:53 INF] HTTP GET /Biktal.WebMVC.styles.css responded 200 in 2.7848 ms
[16:42:54 INF] HTTP GET /lib/jquery/dist/jquery.min.js responded 304 in 0.2551 ms
[16:42:54 INF] HTTP GET /lib/bootstrap/dist/js/bootstrap.bundle.min.js responded 304 in 0.3872 ms
[16:42:54 INF] HTTP GET /js/site.js responded 304 in 0.4536 ms
[16:42:54 INF] HTTP GET /lib/jquery-validation/dist/jquery.validate.min.js responded 304 in 0.3022 ms
[16:42:54 INF] HTTP GET /lib/jquery-validation-unobtrusive/dist/jquery.validate.unobtrusive.min.js responded 304 in 0.2611 ms
[16:42:54 INF] HTTP GET /js/products-catalog-filter.js responded 304 in 0.3107 ms
[16:43:14 INF] HTTP POST /Inventory/EditProduct responded 302 in 18.2734 ms
[16:43:14 INF] HTTP GET /Inventory/Products responded 200 in 45.0521 ms
[16:43:14 INF] HTTP GET /css/site.css responded 200 in 1.3086 ms
[16:43:14 INF] HTTP GET /lib/bootstrap/dist/css/bootstrap.min.css responded 200 in 1.1752 ms
[16:43:14 INF] HTTP GET /Biktal.WebMVC.styles.css responded 200 in 3.9725 ms
[16:43:15 INF] HTTP GET /lib/jquery/dist/jquery.min.js responded 304 in 0.6101 ms
[16:43:15 INF] HTTP GET /lib/bootstrap/dist/js/bootstrap.bundle.min.js responded 304 in 0.7654 ms
[16:43:15 INF] HTTP GET /js/site.js responded 304 in 0.4401 ms
[16:43:15 INF] HTTP GET /lib/jquery-validation/dist/jquery.validate.min.js responded 304 in 2.7700 ms
[16:43:15 INF] HTTP GET /lib/jquery-validation-unobtrusive/dist/jquery.validate.unobtrusive.min.js responded 304 in 0.5075 ms
[16:43:15 INF] HTTP GET /js/products-catalog-filter.js responded 304 in 0.6501 ms
[16:43:33 INF] HTTP GET /Inventory/Products responded 200 in 38.4850 ms
[16:43:33 INF] HTTP GET /lib/bootstrap/dist/css/bootstrap.min.css responded 200 in 14.3933 ms
[16:43:33 INF] HTTP GET /css/site.css responded 200 in 3.0682 ms
[16:43:33 INF] HTTP GET /Biktal.WebMVC.styles.css responded 200 in 1.9365 ms
[16:43:33 INF] HTTP GET /lib/jquery/dist/jquery.min.js responded 304 in 1.0371 ms
[16:43:33 INF] HTTP GET /lib/bootstrap/dist/js/bootstrap.bundle.min.js responded 304 in 0.4857 ms
[16:43:33 INF] HTTP GET /js/site.js responded 304 in 0.3328 ms
[16:43:33 INF] HTTP GET /lib/jquery-validation/dist/jquery.validate.min.js responded 304 in 1.0492 ms
[16:43:33 INF] HTTP GET /lib/jquery-validation-unobtrusive/dist/jquery.validate.unobtrusive.min.js responded 304 in 0.5391 ms
[16:43:33 INF] HTTP GET /js/products-catalog-filter.js responded 304 in 1.1194 ms
[16:43:48 INF] HTTP POST /Inventory/EditProduct responded 302 in 32.8236 ms
[16:43:48 INF] HTTP GET /Inventory/Products responded 200 in 74.9519 ms
[16:43:48 INF] HTTP GET /css/site.css responded 200 in 2.1419 ms
[16:43:48 INF] HTTP GET /lib/bootstrap/dist/css/bootstrap.min.css responded 200 in 1.1872 ms
[16:43:48 INF] HTTP GET /Biktal.WebMVC.styles.css responded 200 in 1.2909 ms
[16:43:49 INF] HTTP GET /lib/jquery/dist/jquery.min.js responded 304 in 0.2585 ms
[16:43:49 INF] HTTP GET /lib/bootstrap/dist/js/bootstrap.bundle.min.js responded 304 in 0.4637 ms
[16:43:49 INF] HTTP GET /js/site.js responded 304 in 0.4370 ms
[16:43:49 INF] HTTP GET /js/products-catalog-filter.js responded 304 in 0.2097 ms
[16:43:49 INF] HTTP GET /lib/jquery-validation/dist/jquery.validate.min.js responded 304 in 0.2825 ms
[16:43:49 INF] HTTP GET /lib/jquery-validation-unobtrusive/dist/jquery.validate.unobtrusive.min.js responded 304 in 0.2916 ms
[16:45:29 INF] HTTP GET /Inventory/Products responded 200 in 88.6834 ms
[16:45:29 INF] HTTP GET /lib/bootstrap/dist/css/bootstrap.min.css responded 200 in 1.3204 ms
[16:45:29 INF] HTTP GET /css/site.css responded 200 in 3.9235 ms
[16:45:29 INF] HTTP GET /Biktal.WebMVC.styles.css responded 200 in 2.1084 ms
[16:45:30 INF] HTTP GET /lib/jquery/dist/jquery.min.js responded 200 in 1.5004 ms
[16:45:30 INF] HTTP GET /lib/bootstrap/dist/js/bootstrap.bundle.min.js responded 200 in 1.1289 ms
[16:45:30 INF] HTTP GET /js/site.js responded 200 in 0.9173 ms
[16:45:30 INF] HTTP GET /lib/jquery-validation/dist/jquery.validate.min.js responded 200 in 0.9582 ms
[16:45:30 INF] HTTP GET /lib/jquery-validation-unobtrusive/dist/jquery.validate.unobtrusive.min.js responded 200 in 1.5088 ms
[16:45:30 INF] HTTP GET /js/products-catalog-filter.js responded 200 in 0.8037 ms
[16:45:45 INF] HTTP POST /Inventory/EditProduct responded 302 in 12.4198 ms
[16:45:45 INF] HTTP GET /Inventory/Products responded 200 in 50.4323 ms
[16:45:45 INF] HTTP GET /css/site.css responded 200 in 3.2723 ms
[16:45:45 INF] HTTP GET /lib/bootstrap/dist/css/bootstrap.min.css responded 200 in 2.7276 ms
[16:45:45 INF] HTTP GET /Biktal.WebMVC.styles.css responded 200 in 0.8101 ms
[16:45:46 INF] HTTP GET /lib/jquery/dist/jquery.min.js responded 200 in 0.7158 ms
[16:45:46 INF] HTTP GET /js/site.js responded 200 in 0.8703 ms
[16:45:46 INF] HTTP GET /lib/bootstrap/dist/js/bootstrap.bundle.min.js responded 200 in 0.8682 ms
[16:45:46 INF] HTTP GET /lib/jquery-validation/dist/jquery.validate.min.js responded 200 in 0.7570 ms
[16:45:46 INF] HTTP GET /lib/jquery-validation-unobtrusive/dist/jquery.validate.unobtrusive.min.js responded 200 in 0.8041 ms
[16:45:46 INF] HTTP GET /js/products-catalog-filter.js responded 200 in 8.4897 ms
[16:46:53 INF] HTTP GET /Inventory/Products responded 200 in 47.0867 ms
[16:46:54 INF] HTTP GET /lib/bootstrap/dist/css/bootstrap.min.css responded 200 in 2.2667 ms
[16:46:54 INF] HTTP GET /css/site.css responded 200 in 4.6133 ms
[16:46:54 INF] HTTP GET /Biktal.WebMVC.styles.css responded 200 in 4.3357 ms
[16:46:54 INF] HTTP GET /lib/jquery/dist/jquery.min.js responded 304 in 0.4191 ms
[16:46:54 INF] HTTP GET /js/site.js responded 304 in 0.4712 ms
[16:46:54 INF] HTTP GET /lib/bootstrap/dist/js/bootstrap.bundle.min.js responded 304 in 0.3146 ms
[16:46:54 INF] HTTP GET /lib/jquery-validation/dist/jquery.validate.min.js responded 304 in 0.3829 ms
[16:46:54 INF] HTTP GET /js/products-catalog-filter.js responded 304 in 0.6320 ms
[16:46:54 INF] HTTP GET /lib/jquery-validation-unobtrusive/dist/jquery.validate.unobtrusive.min.js responded 304 in 0.6022 ms
[16:47:36 INF] HTTP POST /Inventory/EditProduct responded 302 in 146.7464 ms
[16:47:36 INF] HTTP GET /Inventory/Products responded 200 in 83.6620 ms
[16:47:37 INF] HTTP GET /lib/bootstrap/dist/css/bootstrap.min.css responded 200 in 2.1998 ms
[16:47:37 INF] HTTP GET /Biktal.WebMVC.styles.css responded 200 in 6.0241 ms
[16:47:37 INF] HTTP GET /css/site.css responded 200 in 8.0322 ms
[16:47:38 INF] HTTP GET /lib/jquery/dist/jquery.min.js responded 200 in 1.6447 ms
[16:47:38 INF] HTTP GET /js/products-catalog-filter.js responded 200 in 0.5605 ms
[16:47:38 INF] HTTP GET /lib/jquery-validation/dist/jquery.validate.min.js responded 200 in 0.7481 ms
[16:47:38 INF] HTTP GET /js/site.js responded 200 in 1.1589 ms
[16:47:38 INF] HTTP GET /lib/bootstrap/dist/js/bootstrap.bundle.min.js responded 200 in 1.5495 ms
[16:47:38 INF] HTTP GET /lib/jquery-validation-unobtrusive/dist/jquery.validate.unobtrusive.min.js responded 200 in 1.6003 ms
[16:47:51 INF] HTTP GET /Inventory/Products responded 200 in 57.7121 ms
[16:47:51 INF] HTTP GET /lib/bootstrap/dist/css/bootstrap.min.css responded 304 in 2.0569 ms
[16:47:51 INF] HTTP GET /css/site.css responded 304 in 2.8695 ms
[16:47:51 INF] HTTP GET /Biktal.WebMVC.styles.css responded 304 in 3.1365 ms
[16:47:52 INF] HTTP GET /lib/jquery/dist/jquery.min.js responded 304 in 0.3491 ms
[16:47:52 INF] HTTP GET /js/site.js responded 304 in 0.5564 ms
[16:47:52 INF] HTTP GET /lib/bootstrap/dist/js/bootstrap.bundle.min.js responded 304 in 0.5691 ms
[16:47:52 INF] HTTP GET /lib/jquery-validation/dist/jquery.validate.min.js responded 304 in 0.4507 ms
[16:47:52 INF] HTTP GET /lib/jquery-validation-unobtrusive/dist/jquery.validate.unobtrusive.min.js responded 304 in 0.2556 ms
[16:47:52 INF] HTTP GET /js/products-catalog-filter.js responded 304 in 0.2503 ms
[16:50:06 INF] HTTP POST /Inventory/EditProduct responded 302 in 9.5983 ms
[16:50:06 INF] HTTP GET /Inventory/Products responded 200 in 43.1155 ms
[16:50:06 INF] HTTP GET /lib/bootstrap/dist/css/bootstrap.min.css responded 200 in 1.5991 ms
[16:50:06 INF] HTTP GET /Biktal.WebMVC.styles.css responded 200 in 0.7159 ms
[16:50:06 INF] HTTP GET /css/site.css responded 200 in 0.7779 ms
[16:50:07 INF] HTTP GET /lib/jquery/dist/jquery.min.js responded 200 in 0.6688 ms
[16:50:07 INF] HTTP GET /js/site.js responded 200 in 0.9427 ms
[16:50:07 INF] HTTP GET /js/products-catalog-filter.js responded 200 in 0.6864 ms
[16:50:07 INF] HTTP GET /lib/jquery-validation/dist/jquery.validate.min.js responded 200 in 0.9447 ms
[16:50:07 INF] HTTP GET /lib/bootstrap/dist/js/bootstrap.bundle.min.js responded 200 in 1.0450 ms
[16:50:07 INF] HTTP GET /lib/jquery-validation-unobtrusive/dist/jquery.validate.unobtrusive.min.js responded 200 in 1.1201 ms
[16:50:21 INF] HTTP GET /Inventory/Products responded 200 in 62.2480 ms
[16:50:21 INF] HTTP GET /lib/bootstrap/dist/css/bootstrap.min.css responded 304 in 0.4432 ms
[16:50:21 INF] HTTP GET /css/site.css responded 304 in 3.8760 ms
[16:50:21 INF] HTTP GET /Biktal.WebMVC.styles.css responded 304 in 0.5426 ms
[16:50:22 INF] HTTP GET /lib/jquery/dist/jquery.min.js responded 304 in 0.2655 ms
[16:50:22 INF] HTTP GET /lib/bootstrap/dist/js/bootstrap.bundle.min.js responded 304 in 1.3656 ms
[16:50:22 INF] HTTP GET /js/site.js responded 304 in 0.3892 ms
[16:50:22 INF] HTTP GET /lib/jquery-validation/dist/jquery.validate.min.js responded 304 in 0.4951 ms
[16:50:22 INF] HTTP GET /lib/jquery-validation-unobtrusive/dist/jquery.validate.unobtrusive.min.js responded 304 in 0.8431 ms
[16:50:22 INF] HTTP GET /js/products-catalog-filter.js responded 304 in 1.6164 ms
[16:50:27 INF] HTTP POST /Inventory/EditProduct responded 302 in 9.8529 ms
[16:50:27 INF] HTTP GET /Inventory/Products responded 200 in 44.4932 ms
[16:50:27 INF] HTTP GET /lib/bootstrap/dist/css/bootstrap.min.css responded 304 in 0.3760 ms
[16:50:27 INF] HTTP GET /css/site.css responded 304 in 3.0376 ms
[16:50:27 INF] HTTP GET /Biktal.WebMVC.styles.css responded 304 in 2.7122 ms
[16:50:28 INF] HTTP GET /lib/jquery/dist/jquery.min.js responded 304 in 0.2768 ms
[16:50:28 INF] HTTP GET /lib/bootstrap/dist/js/bootstrap.bundle.min.js responded 304 in 0.9562 ms
[16:50:28 INF] HTTP GET /js/site.js responded 304 in 0.6635 ms
[16:50:28 INF] HTTP GET /lib/jquery-validation-unobtrusive/dist/jquery.validate.unobtrusive.min.js responded 304 in 0.5232 ms
[16:50:28 INF] HTTP GET /js/products-catalog-filter.js responded 304 in 0.6525 ms
[16:50:28 INF] HTTP GET /lib/jquery-validation/dist/jquery.validate.min.js responded 304 in 0.4710 ms
[16:50:49 INF] HTTP GET /Inventory/Products responded 200 in 58.5449 ms
[16:50:49 INF] HTTP GET /css/site.css responded 304 in 0.7199 ms
[16:50:49 INF] HTTP GET /lib/bootstrap/dist/css/bootstrap.min.css responded 200 in 1.3312 ms
[16:50:49 INF] HTTP GET /Biktal.WebMVC.styles.css responded 304 in 0.7977 ms
[16:50:50 INF] HTTP GET /lib/jquery/dist/jquery.min.js responded 304 in 0.2563 ms
[16:50:50 INF] HTTP GET /lib/bootstrap/dist/js/bootstrap.bundle.min.js responded 304 in 0.4894 ms
[16:50:50 INF] HTTP GET /js/site.js responded 304 in 0.4640 ms
[16:50:50 INF] HTTP GET /lib/jquery-validation/dist/jquery.validate.min.js responded 304 in 1.0822 ms
[16:50:50 INF] HTTP GET /lib/jquery-validation-unobtrusive/dist/jquery.validate.unobtrusive.min.js responded 304 in 1.4415 ms
[16:50:50 INF] HTTP GET /js/products-catalog-filter.js responded 304 in 0.7264 ms
[16:50:55 INF] HTTP POST /Inventory/EditProduct responded 302 in 13.0761 ms
[16:50:55 INF] HTTP GET /Inventory/Products responded 200 in 43.7263 ms
[16:50:55 INF] HTTP GET /lib/bootstrap/dist/css/bootstrap.min.css responded 304 in 0.4858 ms
[16:50:55 INF] HTTP GET /Biktal.WebMVC.styles.css responded 304 in 0.3637 ms
[16:50:55 INF] HTTP GET /css/site.css responded 304 in 0.3637 ms
[16:50:56 INF] HTTP GET /lib/jquery/dist/jquery.min.js responded 304 in 0.4532 ms
[16:50:56 INF] HTTP GET /js/site.js responded 304 in 0.3017 ms
[16:50:56 INF] HTTP GET /lib/bootstrap/dist/js/bootstrap.bundle.min.js responded 304 in 0.3836 ms
[16:50:56 INF] HTTP GET /lib/jquery-validation/dist/jquery.validate.min.js responded 304 in 0.8470 ms
[16:50:56 INF] HTTP GET /lib/jquery-validation-unobtrusive/dist/jquery.validate.unobtrusive.min.js responded 304 in 0.5934 ms
[16:50:56 INF] HTTP GET /js/products-catalog-filter.js responded 304 in 0.8405 ms
[16:52:06 INF] HTTP GET /Inventory/Products responded 200 in 53.3518 ms
[16:52:06 INF] HTTP GET /Biktal.WebMVC.styles.css responded 200 in 1.2653 ms
[16:52:06 INF] HTTP GET /lib/bootstrap/dist/css/bootstrap.min.css responded 200 in 3.3066 ms
[16:52:06 INF] HTTP GET /css/site.css responded 200 in 0.8454 ms
[16:52:07 INF] HTTP GET /lib/jquery/dist/jquery.min.js responded 200 in 0.6053 ms
[16:52:07 INF] HTTP GET /lib/bootstrap/dist/js/bootstrap.bundle.min.js responded 200 in 1.1330 ms
[16:52:07 INF] HTTP GET /js/site.js responded 200 in 1.0197 ms
[16:52:07 INF] HTTP GET /js/products-catalog-filter.js responded 200 in 0.8774 ms
[16:52:07 INF] HTTP GET /lib/jquery-validation/dist/jquery.validate.min.js responded 200 in 2.1543 ms
[16:52:07 INF] HTTP GET /lib/jquery-validation-unobtrusive/dist/jquery.validate.unobtrusive.min.js responded 200 in 0.8627 ms
[16:52:16 INF] HTTP POST /Inventory/EditProduct responded 302 in 10.5546 ms
[16:52:16 INF] HTTP GET /Inventory/Products responded 200 in 45.3675 ms
[16:52:16 INF] HTTP GET /lib/bootstrap/dist/css/bootstrap.min.css responded 304 in 0.5888 ms
[16:52:16 INF] HTTP GET /Biktal.WebMVC.styles.css responded 304 in 0.5348 ms
[16:52:16 INF] HTTP GET /css/site.css responded 304 in 1.4631 ms
[16:52:17 INF] HTTP GET /lib/jquery/dist/jquery.min.js responded 304 in 0.2542 ms
[16:52:17 INF] HTTP GET /lib/bootstrap/dist/js/bootstrap.bundle.min.js responded 304 in 0.3811 ms
[16:52:17 INF] HTTP GET /js/site.js responded 304 in 1.0980 ms
[16:52:17 INF] HTTP GET /lib/jquery-validation/dist/jquery.validate.min.js responded 304 in 1.5548 ms
[16:52:17 INF] HTTP GET /lib/jquery-validation-unobtrusive/dist/jquery.validate.unobtrusive.min.js responded 304 in 0.4294 ms
[16:52:17 INF] HTTP GET /js/products-catalog-filter.js responded 304 in 0.5043 ms
[16:52:36 INF] HTTP GET /Inventory/Products responded 200 in 50.9139 ms
[16:52:36 INF] HTTP GET /css/site.css responded 304 in 0.4181 ms
[16:52:36 INF] HTTP GET /lib/bootstrap/dist/css/bootstrap.min.css responded 200 in 1.0106 ms
[16:52:36 INF] HTTP GET /Biktal.WebMVC.styles.css responded 304 in 0.3865 ms
[16:52:37 INF] HTTP GET /lib/jquery/dist/jquery.min.js responded 304 in 0.2732 ms
[16:52:37 INF] HTTP GET /lib/bootstrap/dist/js/bootstrap.bundle.min.js responded 304 in 0.3982 ms
[16:52:37 INF] HTTP GET /js/site.js responded 304 in 0.4571 ms
[16:52:37 INF] HTTP GET /lib/jquery-validation-unobtrusive/dist/jquery.validate.unobtrusive.min.js responded 304 in 0.3474 ms
[16:52:37 INF] HTTP GET /js/products-catalog-filter.js responded 304 in 0.3373 ms
[16:52:37 INF] HTTP GET /lib/jquery-validation/dist/jquery.validate.min.js responded 304 in 0.4910 ms
[16:52:44 INF] HTTP POST /Inventory/EditProduct responded 302 in 84.3115 ms
[16:52:44 INF] HTTP GET /Inventory/Products responded 200 in 42.6553 ms
[16:52:44 INF] HTTP GET /lib/bootstrap/dist/css/bootstrap.min.css responded 304 in 0.5263 ms
[16:52:44 INF] HTTP GET /css/site.css responded 304 in 1.0190 ms
[16:52:44 INF] HTTP GET /Biktal.WebMVC.styles.css responded 304 in 0.5601 ms
[16:52:45 INF] HTTP GET /lib/jquery/dist/jquery.min.js responded 304 in 0.2665 ms
[16:52:45 INF] HTTP GET /lib/bootstrap/dist/js/bootstrap.bundle.min.js responded 304 in 0.4742 ms
[16:52:45 INF] HTTP GET /js/site.js responded 304 in 0.4338 ms
[16:52:45 INF] HTTP GET /lib/jquery-validation/dist/jquery.validate.min.js responded 304 in 0.3401 ms
[16:52:45 INF] HTTP GET /lib/jquery-validation-unobtrusive/dist/jquery.validate.unobtrusive.min.js responded 304 in 0.4995 ms
[16:52:45 INF] HTTP GET /js/products-catalog-filter.js responded 304 in 0.5020 ms
[16:52:56 INF] HTTP GET /Inventory/Products responded 200 in 42.2681 ms
[16:52:56 INF] HTTP GET /lib/bootstrap/dist/css/bootstrap.min.css responded 304 in 2.4383 ms
[16:52:56 INF] HTTP GET /css/site.css responded 304 in 0.4858 ms
[16:52:56 INF] HTTP GET /Biktal.WebMVC.styles.css responded 304 in 0.8380 ms
[16:52:57 INF] HTTP GET /lib/jquery/dist/jquery.min.js responded 304 in 0.2456 ms
[16:52:57 INF] HTTP GET /lib/bootstrap/dist/js/bootstrap.bundle.min.js responded 304 in 0.5174 ms
[16:52:57 INF] HTTP GET /js/site.js responded 304 in 0.5006 ms
[16:52:57 INF] HTTP GET /lib/jquery-validation/dist/jquery.validate.min.js responded 304 in 1.1263 ms
[16:52:57 INF] HTTP GET /lib/jquery-validation-unobtrusive/dist/jquery.validate.unobtrusive.min.js responded 304 in 0.6340 ms
[16:52:57 INF] HTTP GET /js/products-catalog-filter.js responded 304 in 1.0028 ms
[16:53:53 INF] HTTP POST /Inventory/EditProduct responded 302 in 10.9984 ms
[16:53:53 INF] HTTP GET /Inventory/Products responded 200 in 44.2140 ms
[16:53:53 INF] HTTP GET /css/site.css responded 304 in 1.3364 ms
[16:53:53 INF] HTTP GET /lib/bootstrap/dist/css/bootstrap.min.css responded 200 in 3.8088 ms
[16:53:53 INF] HTTP GET /Biktal.WebMVC.styles.css responded 304 in 1.4440 ms
[16:53:54 INF] HTTP GET /lib/jquery/dist/jquery.min.js responded 304 in 0.2747 ms
[16:53:54 INF] HTTP GET /lib/bootstrap/dist/js/bootstrap.bundle.min.js responded 304 in 0.3881 ms
[16:53:54 INF] HTTP GET /lib/jquery-validation-unobtrusive/dist/jquery.validate.unobtrusive.min.js responded 304 in 0.4562 ms
[16:53:54 INF] HTTP GET /js/site.js responded 304 in 0.2996 ms
[16:53:54 INF] HTTP GET /lib/jquery-validation/dist/jquery.validate.min.js responded 304 in 0.5512 ms
[16:53:54 INF] HTTP GET /js/products-catalog-filter.js responded 304 in 0.5515 ms
[16:54:33 INF] HTTP GET /Inventory/Products responded 200 in 71.1168 ms
[16:54:33 INF] HTTP GET /css/site.css responded 200 in 2.0945 ms
[16:54:33 INF] HTTP GET /Biktal.WebMVC.styles.css responded 200 in 1.8644 ms
[16:54:33 INF] HTTP GET /lib/bootstrap/dist/css/bootstrap.min.css responded 200 in 2.0205 ms
[16:54:35 INF] HTTP GET /lib/jquery/dist/jquery.min.js responded 200 in 0.6321 ms
[16:54:35 INF] HTTP GET /js/site.js responded 200 in 0.8046 ms
[16:54:35 INF] HTTP GET /lib/bootstrap/dist/js/bootstrap.bundle.min.js responded 200 in 1.0495 ms
[16:54:35 INF] HTTP GET /lib/jquery-validation-unobtrusive/dist/jquery.validate.unobtrusive.min.js responded 200 in 0.5882 ms
[16:54:35 INF] HTTP GET /lib/jquery-validation/dist/jquery.validate.min.js responded 200 in 0.8909 ms
[16:54:35 INF] HTTP GET /js/products-catalog-filter.js responded 200 in 1.1704 ms
[16:54:53 INF] HTTP POST /Inventory/EditProduct responded 302 in 10.7908 ms
[16:54:53 INF] HTTP GET /Inventory/Products responded 200 in 46.5957 ms
[16:54:53 INF] HTTP GET /css/site.css responded 200 in 1.2980 ms
[16:54:53 INF] HTTP GET /lib/bootstrap/dist/css/bootstrap.min.css responded 200 in 3.9685 ms
[16:54:53 INF] HTTP GET /Biktal.WebMVC.styles.css responded 200 in 2.9438 ms
[16:54:55 INF] HTTP GET /lib/jquery/dist/jquery.min.js responded 200 in 0.9006 ms
[16:54:55 INF] HTTP GET /js/site.js responded 200 in 0.7041 ms
[16:54:55 INF] HTTP GET /lib/bootstrap/dist/js/bootstrap.bundle.min.js responded 200 in 1.1500 ms
[16:54:55 INF] HTTP GET /lib/jquery-validation-unobtrusive/dist/jquery.validate.unobtrusive.min.js responded 200 in 0.7130 ms
[16:54:55 INF] HTTP GET /lib/jquery-validation/dist/jquery.validate.min.js responded 200 in 0.8671 ms
[16:54:55 INF] HTTP GET /js/products-catalog-filter.js responded 200 in 2.6776 ms
[16:55:45 INF] HTTP GET /Inventory/Products responded 200 in 101.1421 ms
[16:55:45 INF] HTTP GET /lib/bootstrap/dist/css/bootstrap.min.css responded 200 in 1.5865 ms
[16:55:45 INF] HTTP GET /Biktal.WebMVC.styles.css responded 200 in 2.3753 ms
[16:55:45 INF] HTTP GET /css/site.css responded 200 in 3.3604 ms
[16:55:46 INF] HTTP GET /lib/jquery/dist/jquery.min.js responded 200 in 0.6592 ms
[16:55:46 INF] HTTP GET /lib/bootstrap/dist/js/bootstrap.bundle.min.js responded 200 in 1.0703 ms
[16:55:46 INF] HTTP GET /js/site.js responded 200 in 0.7025 ms
[16:55:46 INF] HTTP GET /lib/jquery-validation-unobtrusive/dist/jquery.validate.unobtrusive.min.js responded 200 in 1.7415 ms
[16:55:46 INF] HTTP GET /js/products-catalog-filter.js responded 200 in 2.2471 ms
[16:55:46 INF] HTTP GET /lib/jquery-validation/dist/jquery.validate.min.js responded 200 in 0.8433 ms
[16:55:56 INF] HTTP GET /Inventory/Products responded 200 in 71.3277 ms
[16:55:56 INF] HTTP GET /css/site.css responded 200 in 1.2357 ms
[16:55:56 INF] HTTP GET /lib/bootstrap/dist/css/bootstrap.min.css responded 200 in 4.6908 ms
[16:55:56 INF] HTTP GET /Biktal.WebMVC.styles.css responded 200 in 1.5568 ms
[16:55:57 INF] HTTP GET /lib/jquery/dist/jquery.min.js responded 200 in 0.7402 ms
[16:55:57 INF] HTTP GET /js/site.js responded 200 in 33.7229 ms
[16:55:57 INF] HTTP GET /lib/bootstrap/dist/js/bootstrap.bundle.min.js responded 200 in 0.7592 ms
[16:55:57 INF] HTTP GET /js/products-catalog-filter.js responded 200 in 0.6284 ms
[16:55:57 INF] HTTP GET /lib/jquery-validation/dist/jquery.validate.min.js responded 200 in 35.5511 ms
[16:55:57 INF] HTTP GET /lib/jquery-validation-unobtrusive/dist/jquery.validate.unobtrusive.min.js responded 200 in 0.6525 ms
[16:56:13 INF] HTTP GET /Inventory/Products responded 200 in 42.6218 ms
[16:56:13 INF] HTTP GET /lib/bootstrap/dist/css/bootstrap.min.css responded 304 in 1.0063 ms
[16:56:13 INF] HTTP GET /Biktal.WebMVC.styles.css responded 304 in 0.4447 ms
[16:56:13 INF] HTTP GET /css/site.css responded 304 in 0.3977 ms
[16:56:14 INF] HTTP GET /lib/jquery/dist/jquery.min.js responded 304 in 0.4079 ms
[16:56:14 INF] HTTP GET /lib/bootstrap/dist/js/bootstrap.bundle.min.js responded 304 in 0.5615 ms
[16:56:14 INF] HTTP GET /js/site.js responded 304 in 0.7718 ms
[16:56:14 INF] HTTP GET /lib/jquery-validation/dist/jquery.validate.min.js responded 304 in 0.8837 ms
[16:56:14 INF] HTTP GET /lib/jquery-validation-unobtrusive/dist/jquery.validate.unobtrusive.min.js responded 304 in 2.5475 ms
[16:56:14 INF] HTTP GET /js/products-catalog-filter.js responded 304 in 0.4443 ms
[16:56:20 INF] HTTP POST /Inventory/EditProduct responded 302 in 18.0614 ms
[16:56:20 INF] HTTP GET /Inventory/Products responded 200 in 56.0957 ms
[16:56:20 INF] HTTP GET /css/site.css responded 304 in 0.4475 ms
[16:56:20 INF] HTTP GET /Biktal.WebMVC.styles.css responded 304 in 0.4839 ms
[16:56:20 INF] HTTP GET /lib/bootstrap/dist/css/bootstrap.min.css responded 200 in 1.2829 ms
[16:56:21 INF] HTTP GET /lib/jquery/dist/jquery.min.js responded 304 in 0.2727 ms
[16:56:21 INF] HTTP GET /lib/bootstrap/dist/js/bootstrap.bundle.min.js responded 304 in 0.3726 ms
[16:56:21 INF] HTTP GET /js/site.js responded 304 in 0.2844 ms
[16:56:21 INF] HTTP GET /lib/jquery-validation-unobtrusive/dist/jquery.validate.unobtrusive.min.js responded 304 in 0.3142 ms
[16:56:21 INF] HTTP GET /lib/jquery-validation/dist/jquery.validate.min.js responded 304 in 1.0020 ms
[16:56:21 INF] HTTP GET /js/products-catalog-filter.js responded 304 in 1.1847 ms
[17:17:19 INF] Application is shutting down...
