[12:02:25 ERR] Failed executing DbCommand (8ms) [Parameters=[@p0='?' (DbType = Guid), @p1='?' (DbType = DateTime), @p2='?' (DbType = Guid), @p3='?', @p4='?' (DbType = DateTime), @p5='?' (DbType = Int32), @p6='?' (DbType = Int32), @p7='?', @p8='?', @p9='?' (DbType = Guid), @p10='?' (DbType = DateTime), @p11='?' (DbType = Guid), @p12='?', @p13='?' (DbType = DateTime), @p14='?' (DbType = Int32), @p15='?' (DbType = Int32), @p16='?', @p17='?'], CommandType='Text', CommandTimeout='30']
INSERT INTO "CrmSupportTickets" ("Id", "CreatedAtUtc", "CustomerId", "Description", "ModifiedAtUtc", "Priority", "Status", "Subject", "TicketNumber")
VALUES (@p0, @p1, @p2, @p3, @p4, @p5, @p6, @p7, @p8);
INSERT INTO "CrmSupportTickets" ("Id", "CreatedAtUtc", "CustomerId", "Description", "ModifiedAtUtc", "Priority", "Status", "Subject", "TicketNumber")
VALUES (@p9, @p10, @p11, @p12, @p13, @p14, @p15, @p16, @p17);
[12:02:25 ERR] An exception occurred in the database while saving changes for context type 'Biktal.Infrastructure.Persistence.ApplicationDbContext'.
Microsoft.EntityFrameworkCore.DbUpdateException: An error occurred while saving the entity changes. See the inner exception for details.
 ---> Npgsql.PostgresException (0x80004005): 23503: insert or update on table "CrmSupportTickets" violates foreign key constraint "FK_CrmSupportTickets_CrmCustomers_CustomerId"

DETAIL: Detail redacted as it may contain sensitive data. Specify 'Include Error Detail' in the connection string to include this information.
   at Npgsql.Internal.NpgsqlConnector.ReadMessageLong(Boolean async, DataRowLoadingMode dataRowLoadingMode, Boolean readingNotifications, Boolean isReadingPrependedMessage)
   at System.Runtime.CompilerServices.PoolingAsyncValueTaskMethodBuilder`1.StateMachineBox`1.System.Threading.Tasks.Sources.IValueTaskSource<TResult>.GetResult(Int16 token)
   at Npgsql.NpgsqlDataReader.NextResult(Boolean async, Boolean isConsuming, CancellationToken cancellationToken)
   at Npgsql.NpgsqlDataReader.NextResult(Boolean async, Boolean isConsuming, CancellationToken cancellationToken)
   at Npgsql.NpgsqlCommand.ExecuteReader(Boolean async, CommandBehavior behavior, CancellationToken cancellationToken)
   at Npgsql.NpgsqlCommand.ExecuteReader(Boolean async, CommandBehavior behavior, CancellationToken cancellationToken)
   at Npgsql.NpgsqlCommand.ExecuteDbDataReaderAsync(CommandBehavior behavior, CancellationToken cancellationToken)
   at Microsoft.EntityFrameworkCore.Storage.RelationalCommand.ExecuteReaderAsync(RelationalCommandParameterObject parameterObject, CancellationToken cancellationToken)
   at Microsoft.EntityFrameworkCore.Storage.RelationalCommand.ExecuteReaderAsync(RelationalCommandParameterObject parameterObject, CancellationToken cancellationToken)
   at Microsoft.EntityFrameworkCore.Update.ReaderModificationCommandBatch.ExecuteAsync(IRelationalConnection connection, CancellationToken cancellationToken)
  Exception data:
    Severity: ERROR
    SqlState: 23503
    MessageText: insert or update on table "CrmSupportTickets" violates foreign key constraint "FK_CrmSupportTickets_CrmCustomers_CustomerId"
    Detail: Detail redacted as it may contain sensitive data. Specify 'Include Error Detail' in the connection string to include this information.
    SchemaName: public
    TableName: CrmSupportTickets
    ConstraintName: FK_CrmSupportTickets_CrmCustomers_CustomerId
    File: ri_triggers.c
    Line: 2783
    Routine: ri_ReportViolation
   --- End of inner exception stack trace ---
   at Microsoft.EntityFrameworkCore.Update.ReaderModificationCommandBatch.ExecuteAsync(IRelationalConnection connection, CancellationToken cancellationToken)
   at Microsoft.EntityFrameworkCore.Update.Internal.BatchExecutor.ExecuteAsync(IEnumerable`1 commandBatches, IRelationalConnection connection, CancellationToken cancellationToken)
   at Microsoft.EntityFrameworkCore.Update.Internal.BatchExecutor.ExecuteAsync(IEnumerable`1 commandBatches, IRelationalConnection connection, CancellationToken cancellationToken)
   at Microsoft.EntityFrameworkCore.Update.Internal.BatchExecutor.ExecuteAsync(IEnumerable`1 commandBatches, IRelationalConnection connection, CancellationToken cancellationToken)
   at Microsoft.EntityFrameworkCore.Storage.RelationalDatabase.SaveChangesAsync(IList`1 entries, CancellationToken cancellationToken)
   at Microsoft.EntityFrameworkCore.ChangeTracking.Internal.StateManager.SaveChangesAsync(IList`1 entriesToSave, CancellationToken cancellationToken)
   at Microsoft.EntityFrameworkCore.ChangeTracking.Internal.StateManager.SaveChangesAsync(StateManager stateManager, Boolean acceptAllChangesOnSuccess, CancellationToken cancellationToken)
   at Npgsql.EntityFrameworkCore.PostgreSQL.Storage.Internal.NpgsqlExecutionStrategy.ExecuteAsync[TState,TResult](TState state, Func`4 operation, Func`4 verifySucceeded, CancellationToken cancellationToken)
   at Microsoft.EntityFrameworkCore.DbContext.SaveChangesAsync(Boolean acceptAllChangesOnSuccess, CancellationToken cancellationToken)
Microsoft.EntityFrameworkCore.DbUpdateException: An error occurred while saving the entity changes. See the inner exception for details.
 ---> Npgsql.PostgresException (0x80004005): 23503: insert or update on table "CrmSupportTickets" violates foreign key constraint "FK_CrmSupportTickets_CrmCustomers_CustomerId"

DETAIL: Detail redacted as it may contain sensitive data. Specify 'Include Error Detail' in the connection string to include this information.
   at Npgsql.Internal.NpgsqlConnector.ReadMessageLong(Boolean async, DataRowLoadingMode dataRowLoadingMode, Boolean readingNotifications, Boolean isReadingPrependedMessage)
   at System.Runtime.CompilerServices.PoolingAsyncValueTaskMethodBuilder`1.StateMachineBox`1.System.Threading.Tasks.Sources.IValueTaskSource<TResult>.GetResult(Int16 token)
   at Npgsql.NpgsqlDataReader.NextResult(Boolean async, Boolean isConsuming, CancellationToken cancellationToken)
   at Npgsql.NpgsqlDataReader.NextResult(Boolean async, Boolean isConsuming, CancellationToken cancellationToken)
   at Npgsql.NpgsqlCommand.ExecuteReader(Boolean async, CommandBehavior behavior, CancellationToken cancellationToken)
   at Npgsql.NpgsqlCommand.ExecuteReader(Boolean async, CommandBehavior behavior, CancellationToken cancellationToken)
   at Npgsql.NpgsqlCommand.ExecuteDbDataReaderAsync(CommandBehavior behavior, CancellationToken cancellationToken)
   at Microsoft.EntityFrameworkCore.Storage.RelationalCommand.ExecuteReaderAsync(RelationalCommandParameterObject parameterObject, CancellationToken cancellationToken)
   at Microsoft.EntityFrameworkCore.Storage.RelationalCommand.ExecuteReaderAsync(RelationalCommandParameterObject parameterObject, CancellationToken cancellationToken)
   at Microsoft.EntityFrameworkCore.Update.ReaderModificationCommandBatch.ExecuteAsync(IRelationalConnection connection, CancellationToken cancellationToken)
  Exception data:
    Severity: ERROR
    SqlState: 23503
    MessageText: insert or update on table "CrmSupportTickets" violates foreign key constraint "FK_CrmSupportTickets_CrmCustomers_CustomerId"
    Detail: Detail redacted as it may contain sensitive data. Specify 'Include Error Detail' in the connection string to include this information.
    SchemaName: public
    TableName: CrmSupportTickets
    ConstraintName: FK_CrmSupportTickets_CrmCustomers_CustomerId
    File: ri_triggers.c
    Line: 2783
    Routine: ri_ReportViolation
   --- End of inner exception stack trace ---
   at Microsoft.EntityFrameworkCore.Update.ReaderModificationCommandBatch.ExecuteAsync(IRelationalConnection connection, CancellationToken cancellationToken)
   at Microsoft.EntityFrameworkCore.Update.Internal.BatchExecutor.ExecuteAsync(IEnumerable`1 commandBatches, IRelationalConnection connection, CancellationToken cancellationToken)
   at Microsoft.EntityFrameworkCore.Update.Internal.BatchExecutor.ExecuteAsync(IEnumerable`1 commandBatches, IRelationalConnection connection, CancellationToken cancellationToken)
   at Microsoft.EntityFrameworkCore.Update.Internal.BatchExecutor.ExecuteAsync(IEnumerable`1 commandBatches, IRelationalConnection connection, CancellationToken cancellationToken)
   at Microsoft.EntityFrameworkCore.Storage.RelationalDatabase.SaveChangesAsync(IList`1 entries, CancellationToken cancellationToken)
   at Microsoft.EntityFrameworkCore.ChangeTracking.Internal.StateManager.SaveChangesAsync(IList`1 entriesToSave, CancellationToken cancellationToken)
   at Microsoft.EntityFrameworkCore.ChangeTracking.Internal.StateManager.SaveChangesAsync(StateManager stateManager, Boolean acceptAllChangesOnSuccess, CancellationToken cancellationToken)
   at Npgsql.EntityFrameworkCore.PostgreSQL.Storage.Internal.NpgsqlExecutionStrategy.ExecuteAsync[TState,TResult](TState state, Func`4 operation, Func`4 verifySucceeded, CancellationToken cancellationToken)
   at Microsoft.EntityFrameworkCore.DbContext.SaveChangesAsync(Boolean acceptAllChangesOnSuccess, CancellationToken cancellationToken)
[12:02:25 ERR] Database migration or seed failed. Check PostgreSQL is running and ConnectionStrings:DefaultConnection is correct.
Microsoft.EntityFrameworkCore.DbUpdateException: An error occurred while saving the entity changes. See the inner exception for details.
 ---> Npgsql.PostgresException (0x80004005): 23503: insert or update on table "CrmSupportTickets" violates foreign key constraint "FK_CrmSupportTickets_CrmCustomers_CustomerId"

DETAIL: Detail redacted as it may contain sensitive data. Specify 'Include Error Detail' in the connection string to include this information.
   at Npgsql.Internal.NpgsqlConnector.ReadMessageLong(Boolean async, DataRowLoadingMode dataRowLoadingMode, Boolean readingNotifications, Boolean isReadingPrependedMessage)
   at System.Runtime.CompilerServices.PoolingAsyncValueTaskMethodBuilder`1.StateMachineBox`1.System.Threading.Tasks.Sources.IValueTaskSource<TResult>.GetResult(Int16 token)
   at Npgsql.NpgsqlDataReader.NextResult(Boolean async, Boolean isConsuming, CancellationToken cancellationToken)
   at Npgsql.NpgsqlDataReader.NextResult(Boolean async, Boolean isConsuming, CancellationToken cancellationToken)
   at Npgsql.NpgsqlCommand.ExecuteReader(Boolean async, CommandBehavior behavior, CancellationToken cancellationToken)
   at Npgsql.NpgsqlCommand.ExecuteReader(Boolean async, CommandBehavior behavior, CancellationToken cancellationToken)
   at Npgsql.NpgsqlCommand.ExecuteDbDataReaderAsync(CommandBehavior behavior, CancellationToken cancellationToken)
   at Microsoft.EntityFrameworkCore.Storage.RelationalCommand.ExecuteReaderAsync(RelationalCommandParameterObject parameterObject, CancellationToken cancellationToken)
   at Microsoft.EntityFrameworkCore.Storage.RelationalCommand.ExecuteReaderAsync(RelationalCommandParameterObject parameterObject, CancellationToken cancellationToken)
   at Microsoft.EntityFrameworkCore.Update.ReaderModificationCommandBatch.ExecuteAsync(IRelationalConnection connection, CancellationToken cancellationToken)
  Exception data:
    Severity: ERROR
    SqlState: 23503
    MessageText: insert or update on table "CrmSupportTickets" violates foreign key constraint "FK_CrmSupportTickets_CrmCustomers_CustomerId"
    Detail: Detail redacted as it may contain sensitive data. Specify 'Include Error Detail' in the connection string to include this information.
    SchemaName: public
    TableName: CrmSupportTickets
    ConstraintName: FK_CrmSupportTickets_CrmCustomers_CustomerId
    File: ri_triggers.c
    Line: 2783
    Routine: ri_ReportViolation
   --- End of inner exception stack trace ---
   at Microsoft.EntityFrameworkCore.Update.ReaderModificationCommandBatch.ExecuteAsync(IRelationalConnection connection, CancellationToken cancellationToken)
   at Microsoft.EntityFrameworkCore.Update.Internal.BatchExecutor.ExecuteAsync(IEnumerable`1 commandBatches, IRelationalConnection connection, CancellationToken cancellationToken)
   at Microsoft.EntityFrameworkCore.Update.Internal.BatchExecutor.ExecuteAsync(IEnumerable`1 commandBatches, IRelationalConnection connection, CancellationToken cancellationToken)
   at Microsoft.EntityFrameworkCore.Update.Internal.BatchExecutor.ExecuteAsync(IEnumerable`1 commandBatches, IRelationalConnection connection, CancellationToken cancellationToken)
   at Microsoft.EntityFrameworkCore.Storage.RelationalDatabase.SaveChangesAsync(IList`1 entries, CancellationToken cancellationToken)
   at Microsoft.EntityFrameworkCore.ChangeTracking.Internal.StateManager.SaveChangesAsync(IList`1 entriesToSave, CancellationToken cancellationToken)
   at Microsoft.EntityFrameworkCore.ChangeTracking.Internal.StateManager.SaveChangesAsync(StateManager stateManager, Boolean acceptAllChangesOnSuccess, CancellationToken cancellationToken)
   at Npgsql.EntityFrameworkCore.PostgreSQL.Storage.Internal.NpgsqlExecutionStrategy.ExecuteAsync[TState,TResult](TState state, Func`4 operation, Func`4 verifySucceeded, CancellationToken cancellationToken)
   at Microsoft.EntityFrameworkCore.DbContext.SaveChangesAsync(Boolean acceptAllChangesOnSuccess, CancellationToken cancellationToken)
   at Microsoft.EntityFrameworkCore.DbContext.SaveChangesAsync(Boolean acceptAllChangesOnSuccess, CancellationToken cancellationToken)
   at Biktal.Infrastructure.Persistence.CrmDataSeeder.SeedIfEmptyAsync(ApplicationDbContext db, CancellationToken cancellationToken)
   at Program.<Main>$(String[] args) in d:\Systems\BiktalSystems\Program.cs:line 71
[12:02:25 WRN] Continuing without a successful migration/seed. Auth and data pages may fail until the database is available.
[12:02:25 WRN] Using an in-memory repository. Keys will not be persisted to storage.
[12:02:25 WRN] Neither user profile nor HKLM registry available. Using an ephemeral key repository. Protected data will be unavailable when application exits.
[12:02:25 WRN] No XML encryptor configured. Key {125fb8be-bf37-446d-bd51-de142c75e1b9} may be persisted to storage in unencrypted form.
[12:02:25 INF] Application started. Press Ctrl+C to shut down.
[12:02:25 INF] Hosting environment: Production
[12:02:25 INF] Content root path: D:\Systems\BiktalSystems\publish
[12:02:26 INF] HTTP GET /Inventory/Products responded 302 in 91.2418 ms
[12:02:26 ERR] An exception was thrown while deserializing the token.
Microsoft.AspNetCore.Antiforgery.AntiforgeryValidationException: The antiforgery token could not be decrypted.
 ---> System.Security.Cryptography.CryptographicException: The key {826f2fa0-d29c-4ceb-86aa-1c99d6684aa6} was not found in the key ring. For more information go to https://aka.ms/aspnet/dataprotectionwarning
   at Microsoft.AspNetCore.DataProtection.KeyManagement.KeyRingBasedDataProtector.UnprotectCore(Byte[] protectedData, Boolean allowOperationsOnRevokedKeys, UnprotectStatus& status)
   at Microsoft.AspNetCore.DataProtection.KeyManagement.KeyRingBasedDataProtector.Unprotect(Byte[] protectedData)
   at Microsoft.AspNetCore.Antiforgery.DefaultAntiforgeryTokenSerializer.Deserialize(String serializedToken)
   --- End of inner exception stack trace ---
   at Microsoft.AspNetCore.Antiforgery.DefaultAntiforgeryTokenSerializer.Deserialize(String serializedToken)
   at Microsoft.AspNetCore.Antiforgery.DefaultAntiforgery.GetCookieTokenDoesNotThrow(HttpContext httpContext)
[12:02:26 INF] HTTP GET /Account/Login responded 200 in 231.3593 ms
[12:02:26 INF] HTTP GET /css/site.css responded 200 in 114.3625 ms
[12:02:26 INF] HTTP GET /js/site.js responded 200 in 78.6643 ms
[12:02:26 INF] HTTP GET /lib/jquery-validation-unobtrusive/dist/jquery.validate.unobtrusive.min.js responded 200 in 105.5784 ms
[12:02:26 INF] HTTP GET /Biktal.WebMVC.styles.css responded 200 in 116.9142 ms
[12:02:26 INF] HTTP GET /lib/jquery-validation/dist/jquery.validate.min.js responded 200 in 111.2077 ms
[12:02:26 INF] HTTP GET /lib/bootstrap/dist/js/bootstrap.bundle.min.js responded 200 in 111.5673 ms
[12:02:26 INF] HTTP GET /lib/bootstrap/dist/css/bootstrap.min.css responded 200 in 116.9040 ms
[12:02:26 INF] HTTP GET /lib/jquery/dist/jquery.min.js responded 200 in 114.3424 ms
[12:02:37 INF] HTTP POST /Account/Login responded 302 in 597.7500 ms
[12:02:38 INF] HTTP GET /Inventory/Products responded 200 in 519.1120 ms
[12:02:38 INF] HTTP GET /Biktal.WebMVC.styles.css responded 200 in 5.2722 ms
[12:02:38 INF] HTTP GET /lib/bootstrap/dist/css/bootstrap.min.css responded 200 in 7.6501 ms
[12:02:38 INF] HTTP GET /css/site.css responded 200 in 8.9660 ms
[12:02:39 INF] HTTP GET /lib/jquery-validation-unobtrusive/dist/jquery.validate.unobtrusive.min.js responded 304 in 21.9935 ms
[12:02:39 INF] HTTP GET /lib/jquery-validation/dist/jquery.validate.min.js responded 304 in 31.8352 ms
[12:02:39 INF] HTTP GET /lib/jquery/dist/jquery.min.js responded 304 in 73.7615 ms
[12:02:39 INF] HTTP GET /js/site.js responded 304 in 36.6432 ms
[12:02:39 INF] HTTP GET /js/products-catalog-filter.js responded 200 in 3.6581 ms
[12:02:39 INF] HTTP GET /lib/bootstrap/dist/js/bootstrap.bundle.min.js responded 304 in 172.7517 ms
[12:03:32 INF] HTTP POST /Inventory/EditProduct responded 302 in 127.6148 ms
[12:03:32 INF] HTTP GET /Inventory/Products responded 200 in 113.8564 ms
[12:03:32 INF] HTTP GET /lib/bootstrap/dist/css/bootstrap.min.css responded 200 in 1.9817 ms
[12:03:32 INF] HTTP GET /css/site.css responded 200 in 1.4533 ms
[12:03:32 INF] HTTP GET /Biktal.WebMVC.styles.css responded 200 in 1.7559 ms
[12:03:33 INF] HTTP GET /lib/jquery/dist/jquery.min.js responded 304 in 1.0555 ms
[12:03:33 INF] HTTP GET /lib/jquery-validation/dist/jquery.validate.min.js responded 304 in 0.8164 ms
[12:03:33 INF] HTTP GET /js/site.js responded 304 in 0.7005 ms
[12:03:33 INF] HTTP GET /lib/bootstrap/dist/js/bootstrap.bundle.min.js responded 304 in 0.7978 ms
[12:03:33 INF] HTTP GET /lib/jquery-validation-unobtrusive/dist/jquery.validate.unobtrusive.min.js responded 304 in 0.7531 ms
[12:03:33 INF] HTTP GET /js/products-catalog-filter.js responded 304 in 1.8228 ms
[12:15:04 INF] HTTP POST /Inventory/DeleteProduct responded 302 in 147.1018 ms
[12:15:04 INF] HTTP GET /Inventory/Products responded 200 in 84.2040 ms
[12:15:04 INF] HTTP GET /css/site.css responded 200 in 1.2241 ms
[12:15:04 INF] HTTP GET /Biktal.WebMVC.styles.css responded 200 in 1.1562 ms
[12:15:04 INF] HTTP GET /lib/bootstrap/dist/css/bootstrap.min.css responded 200 in 1.1355 ms
[12:15:05 INF] HTTP GET /lib/jquery/dist/jquery.min.js responded 200 in 1.4265 ms
[12:15:05 INF] HTTP GET /lib/bootstrap/dist/js/bootstrap.bundle.min.js responded 200 in 1.3831 ms
[12:15:05 INF] HTTP GET /js/products-catalog-filter.js responded 200 in 1.3174 ms
[12:15:05 INF] HTTP GET /lib/jquery-validation-unobtrusive/dist/jquery.validate.unobtrusive.min.js responded 200 in 1.0434 ms
[12:15:05 INF] HTTP GET /lib/jquery-validation/dist/jquery.validate.min.js responded 200 in 8.1876 ms
[12:15:05 INF] HTTP GET /js/site.js responded 200 in 11.0185 ms
[12:19:23 INF] HTTP POST /Inventory/AddProduct responded 302 in 69.5187 ms
[12:19:23 INF] HTTP GET /Inventory/Products responded 200 in 67.2798 ms
[12:19:23 INF] HTTP GET /lib/bootstrap/dist/css/bootstrap.min.css responded 200 in 2.3594 ms
[12:19:23 INF] HTTP GET /css/site.css responded 200 in 1.2600 ms
[12:19:23 INF] HTTP GET /Biktal.WebMVC.styles.css responded 200 in 1.2654 ms
[12:19:24 INF] HTTP GET /lib/jquery/dist/jquery.min.js responded 200 in 1.9071 ms
[12:19:25 INF] HTTP GET /lib/bootstrap/dist/js/bootstrap.bundle.min.js responded 200 in 1.7455 ms
[12:19:25 INF] HTTP GET /lib/jquery-validation/dist/jquery.validate.min.js responded 200 in 2.8687 ms
[12:19:25 INF] HTTP GET /js/site.js responded 200 in 1.2348 ms
[12:19:25 INF] HTTP GET /lib/jquery-validation-unobtrusive/dist/jquery.validate.unobtrusive.min.js responded 200 in 7.2353 ms
[12:19:25 INF] HTTP GET /js/products-catalog-filter.js responded 200 in 2.2109 ms
[12:21:37 INF] HTTP GET /Inventory/Products responded 200 in 121.1246 ms
[12:21:37 INF] HTTP GET /lib/bootstrap/dist/css/bootstrap.min.css responded 200 in 5.7026 ms
[12:21:37 INF] HTTP GET /Biktal.WebMVC.styles.css responded 200 in 1.2199 ms
[12:21:37 INF] HTTP GET /css/site.css responded 200 in 1.2128 ms
[12:21:38 INF] HTTP GET /lib/jquery/dist/jquery.min.js responded 200 in 1.2159 ms
[12:21:38 INF] HTTP GET /lib/bootstrap/dist/js/bootstrap.bundle.min.js responded 200 in 1.4797 ms
[12:21:38 INF] HTTP GET /lib/jquery-validation-unobtrusive/dist/jquery.validate.unobtrusive.min.js responded 200 in 1.5323 ms
[12:21:38 INF] HTTP GET /lib/jquery-validation/dist/jquery.validate.min.js responded 200 in 2.7667 ms
[12:21:38 INF] HTTP GET /js/products-catalog-filter.js responded 200 in 0.9156 ms
[12:21:38 INF] HTTP GET /js/site.js responded 200 in 1.2501 ms
[12:35:34 INF] HTTP POST /Inventory/EditProduct responded 302 in 253.8992 ms
[12:35:34 INF] HTTP GET /Inventory/Products responded 200 in 75.6705 ms
[12:35:34 INF] HTTP GET /lib/bootstrap/dist/css/bootstrap.min.css responded 200 in 2.2107 ms
[12:35:34 INF] HTTP GET /css/site.css responded 200 in 1.0599 ms
[12:35:34 INF] HTTP GET /Biktal.WebMVC.styles.css responded 200 in 8.7929 ms
[12:35:35 INF] HTTP GET /lib/jquery/dist/jquery.min.js responded 200 in 1.0191 ms
[12:35:35 INF] HTTP GET /js/site.js responded 200 in 1.1070 ms
[12:35:35 INF] HTTP GET /lib/bootstrap/dist/js/bootstrap.bundle.min.js responded 200 in 1.2334 ms
[12:35:35 INF] HTTP GET /lib/jquery-validation-unobtrusive/dist/jquery.validate.unobtrusive.min.js responded 200 in 1.1830 ms
[12:35:35 INF] HTTP GET /js/products-catalog-filter.js responded 200 in 1.2857 ms
[12:35:35 INF] HTTP GET /lib/jquery-validation/dist/jquery.validate.min.js responded 200 in 1.6433 ms
[12:35:39 INF] HTTP GET /Repairs responded 200 in 56.4234 ms
[12:35:39 INF] HTTP GET /lib/bootstrap/dist/css/bootstrap.min.css responded 304 in 7.0831 ms
[12:35:39 INF] HTTP GET /css/site.css responded 304 in 1.1950 ms
[12:35:39 INF] HTTP GET /lib/jquery/dist/jquery.min.js responded 304 in 0.4476 ms
[12:35:39 INF] HTTP GET /lib/bootstrap/dist/js/bootstrap.bundle.min.js responded 304 in 0.5118 ms
[12:35:39 INF] HTTP GET /Biktal.WebMVC.styles.css responded 304 in 0.3379 ms
[12:35:39 INF] HTTP GET /js/site.js responded 304 in 0.8322 ms
[12:35:50 INF] HTTP GET /Repairs/Tickets responded 200 in 51.7699 ms
[12:35:50 INF] HTTP GET /lib/bootstrap/dist/css/bootstrap.min.css responded 200 in 1.6561 ms
[12:35:50 INF] HTTP GET /css/site.css responded 304 in 0.7234 ms
[12:35:50 INF] HTTP GET /Biktal.WebMVC.styles.css responded 304 in 4.8225 ms
[12:35:50 INF] HTTP GET /lib/jquery/dist/jquery.min.js responded 304 in 0.4443 ms
[12:35:50 INF] HTTP GET /js/site.js responded 304 in 2.8835 ms
[12:35:50 INF] HTTP GET /lib/bootstrap/dist/js/bootstrap.bundle.min.js responded 304 in 3.5662 ms
[12:35:56 INF] HTTP GET /Repairs responded 200 in 7.0289 ms
[12:35:56 INF] HTTP GET /lib/bootstrap/dist/css/bootstrap.min.css responded 200 in 2.1038 ms
[12:35:56 INF] HTTP GET /Biktal.WebMVC.styles.css responded 304 in 0.3870 ms
[12:35:56 INF] HTTP GET /css/site.css responded 304 in 0.4482 ms
[12:35:56 INF] HTTP GET /lib/jquery/dist/jquery.min.js responded 304 in 0.3711 ms
[12:35:56 INF] HTTP GET /lib/bootstrap/dist/js/bootstrap.bundle.min.js responded 304 in 0.2848 ms
[12:35:56 INF] HTTP GET /js/site.js responded 304 in 0.3524 ms
[12:36:03 INF] HTTP GET /Repairs/Tickets responded 200 in 6.4629 ms
[12:36:03 INF] HTTP GET /lib/bootstrap/dist/css/bootstrap.min.css responded 200 in 1.1970 ms
[12:36:03 INF] HTTP GET /css/site.css responded 304 in 0.4586 ms
[12:36:03 INF] HTTP GET /Biktal.WebMVC.styles.css responded 304 in 0.4527 ms
[12:36:03 INF] HTTP GET /lib/jquery/dist/jquery.min.js responded 304 in 0.4307 ms
[12:36:03 INF] HTTP GET /lib/bootstrap/dist/js/bootstrap.bundle.min.js responded 304 in 4.0221 ms
[12:36:03 INF] HTTP GET /js/site.js responded 304 in 0.5191 ms
[12:36:15 INF] HTTP GET /Repairs/New responded 200 in 57.2116 ms
[12:36:15 INF] HTTP GET /lib/bootstrap/dist/css/bootstrap.min.css responded 200 in 13.1363 ms
[12:36:15 INF] HTTP GET /css/site.css responded 304 in 0.4611 ms
[12:36:15 INF] HTTP GET /Biktal.WebMVC.styles.css responded 304 in 0.4528 ms
[12:36:15 INF] HTTP GET /lib/jquery/dist/jquery.min.js responded 304 in 0.8330 ms
[12:36:15 INF] HTTP GET /lib/bootstrap/dist/js/bootstrap.bundle.min.js responded 304 in 1.3166 ms
[12:36:15 INF] HTTP GET /lib/jquery-validation/dist/jquery.validate.min.js responded 304 in 0.7804 ms
[12:36:15 INF] HTTP GET /js/site.js responded 304 in 2.5019 ms
[12:36:15 INF] HTTP GET /lib/jquery-validation-unobtrusive/dist/jquery.validate.unobtrusive.min.js responded 304 in 0.7740 ms
[12:38:36 INF] HTTP POST /Repairs/CreateTicket responded 302 in 66.1225 ms
[12:38:36 INF] HTTP GET /Repairs/Ticket/019f0871-ff97-78ae-9899-00812b5a5ad7 responded 200 in 43.7995 ms
[12:38:36 INF] HTTP GET /lib/bootstrap/dist/css/bootstrap.min.css responded 200 in 1.0990 ms
[12:38:36 INF] HTTP GET /Biktal.WebMVC.styles.css responded 200 in 0.9089 ms
[12:38:36 INF] HTTP GET /lib/jquery/dist/jquery.min.js responded 200 in 2.2954 ms
[12:38:36 INF] HTTP GET /css/site.css responded 200 in 0.9291 ms
[12:38:36 INF] HTTP GET /lib/bootstrap/dist/js/bootstrap.bundle.min.js responded 200 in 0.6879 ms
[12:38:36 INF] HTTP GET /js/site.js responded 200 in 1.1207 ms
[12:38:41 INF] HTTP POST /Repairs/UpdateTicketEstimate responded 302 in 18.7104 ms
[12:38:41 INF] HTTP GET /Repairs/Ticket/019f0871-ff97-78ae-9899-00812b5a5ad7 responded 200 in 6.1806 ms
[12:38:41 INF] HTTP GET /lib/bootstrap/dist/css/bootstrap.min.css responded 200 in 4.3066 ms
[12:38:41 INF] HTTP GET /css/site.css responded 200 in 2.4383 ms
[12:38:41 INF] HTTP GET /Biktal.WebMVC.styles.css responded 200 in 1.1375 ms
[12:38:41 INF] HTTP GET /lib/jquery/dist/jquery.min.js responded 304 in 0.4451 ms
[12:38:41 INF] HTTP GET /lib/bootstrap/dist/js/bootstrap.bundle.min.js responded 304 in 0.4852 ms
[12:38:41 INF] HTTP GET /js/site.js responded 304 in 0.4899 ms
[12:38:45 INF] HTTP POST /Repairs/UpdateTicketEstimate responded 302 in 6.1518 ms
[12:38:45 INF] HTTP GET /Repairs/Ticket/019f0871-ff97-78ae-9899-00812b5a5ad7 responded 200 in 7.1697 ms
[12:38:45 INF] HTTP GET /lib/bootstrap/dist/css/bootstrap.min.css responded 200 in 1.2085 ms
[12:38:45 INF] HTTP GET /Biktal.WebMVC.styles.css responded 200 in 0.7510 ms
[12:38:45 INF] HTTP GET /css/site.css responded 200 in 0.5475 ms
[12:38:45 INF] HTTP GET /lib/jquery/dist/jquery.min.js responded 304 in 0.4975 ms
[12:38:45 INF] HTTP GET /lib/bootstrap/dist/js/bootstrap.bundle.min.js responded 304 in 0.4955 ms
[12:38:45 INF] HTTP GET /js/site.js responded 304 in 0.7562 ms
[12:38:49 INF] HTTP GET /Repairs/Tickets responded 200 in 7.8434 ms
[12:38:49 INF] HTTP GET /lib/bootstrap/dist/css/bootstrap.min.css responded 304 in 1.3404 ms
[12:38:49 INF] HTTP GET /css/site.css responded 304 in 3.0987 ms
[12:38:49 INF] HTTP GET /Biktal.WebMVC.styles.css responded 304 in 0.4278 ms
[12:38:49 INF] HTTP GET /lib/jquery/dist/jquery.min.js responded 304 in 0.5023 ms
[12:38:49 INF] HTTP GET /lib/bootstrap/dist/js/bootstrap.bundle.min.js responded 304 in 0.7059 ms
[12:38:49 INF] HTTP GET /js/site.js responded 304 in 0.5167 ms
[12:38:53 INF] HTTP GET /Repairs/Ticket/019f0871-ff97-78ae-9899-00812b5a5ad7 responded 200 in 4.2828 ms
[12:38:53 INF] HTTP GET /lib/bootstrap/dist/css/bootstrap.min.css responded 304 in 1.8386 ms
[12:38:53 INF] HTTP GET /css/site.css responded 304 in 3.0265 ms
[12:38:53 INF] HTTP GET /Biktal.WebMVC.styles.css responded 304 in 0.5005 ms
[12:38:53 INF] HTTP GET /lib/jquery/dist/jquery.min.js responded 304 in 0.5402 ms
[12:38:53 INF] HTTP GET /lib/bootstrap/dist/js/bootstrap.bundle.min.js responded 304 in 0.5746 ms
[12:38:53 INF] HTTP GET /js/site.js responded 304 in 0.7604 ms
[12:39:00 INF] HTTP POST /Repairs/UpdateTicketStatus responded 302 in 27.4522 ms
[12:39:00 INF] HTTP GET /Repairs/Ticket/019f0871-ff97-78ae-9899-00812b5a5ad7 responded 200 in 3.2879 ms
[12:39:00 INF] HTTP GET /lib/bootstrap/dist/css/bootstrap.min.css responded 304 in 0.5220 ms
[12:39:00 INF] HTTP GET /css/site.css responded 304 in 0.4873 ms
[12:39:00 INF] HTTP GET /Biktal.WebMVC.styles.css responded 304 in 0.5955 ms
[12:39:00 INF] HTTP GET /lib/jquery/dist/jquery.min.js responded 304 in 0.8874 ms
[12:39:00 INF] HTTP GET /lib/bootstrap/dist/js/bootstrap.bundle.min.js responded 304 in 0.9058 ms
[12:39:00 INF] HTTP GET /js/site.js responded 304 in 0.5102 ms
[12:39:03 INF] HTTP GET /Repairs/Tickets responded 200 in 3.5475 ms
[12:39:03 INF] HTTP GET /lib/bootstrap/dist/css/bootstrap.min.css responded 304 in 2.9697 ms
[12:39:03 INF] HTTP GET /css/site.css responded 304 in 0.5438 ms
[12:39:03 INF] HTTP GET /Biktal.WebMVC.styles.css responded 304 in 1.1012 ms
[12:39:03 INF] HTTP GET /lib/jquery/dist/jquery.min.js responded 304 in 0.4027 ms
[12:39:03 INF] HTTP GET /lib/bootstrap/dist/js/bootstrap.bundle.min.js responded 304 in 0.3588 ms
[12:39:03 INF] HTTP GET /js/site.js responded 304 in 0.5412 ms
[12:39:06 INF] HTTP GET /Repairs responded 200 in 5.8791 ms
[12:39:06 INF] HTTP GET /lib/bootstrap/dist/css/bootstrap.min.css responded 304 in 0.8840 ms
[12:39:06 INF] HTTP GET /css/site.css responded 304 in 0.6564 ms
[12:39:06 INF] HTTP GET /lib/jquery/dist/jquery.min.js responded 304 in 0.7072 ms
[12:39:06 INF] HTTP GET /Biktal.WebMVC.styles.css responded 304 in 1.1008 ms
[12:39:06 INF] HTTP GET /lib/bootstrap/dist/js/bootstrap.bundle.min.js responded 304 in 2.0296 ms
[12:39:06 INF] HTTP GET /js/site.js responded 304 in 0.5214 ms
[12:45:29 INF] HTTP GET /Inventory responded 200 in 163.0978 ms
[12:45:29 INF] HTTP GET /css/site.css responded 200 in 1.8791 ms
[12:45:29 INF] HTTP GET /Biktal.WebMVC.styles.css responded 200 in 2.2860 ms
[12:45:29 INF] HTTP GET /lib/bootstrap/dist/css/bootstrap.min.css responded 200 in 1.2075 ms
[12:45:29 INF] HTTP GET /lib/jquery/dist/jquery.min.js responded 200 in 6.5495 ms
[12:45:29 INF] HTTP GET /lib/bootstrap/dist/js/bootstrap.bundle.min.js responded 200 in 2.8549 ms
[12:45:29 INF] HTTP GET /js/site.js responded 200 in 1.0752 ms
[12:45:30 INF] HTTP GET /Inventory/Products responded 200 in 107.6852 ms
[12:45:30 INF] HTTP GET /css/site.css responded 304 in 0.5871 ms
[12:45:30 INF] HTTP GET /lib/bootstrap/dist/css/bootstrap.min.css responded 304 in 0.4424 ms
[12:45:30 INF] HTTP GET /Biktal.WebMVC.styles.css responded 304 in 0.6784 ms
[12:45:32 INF] HTTP GET /lib/jquery/dist/jquery.min.js responded 304 in 0.2512 ms
[12:45:32 INF] HTTP GET /js/site.js responded 304 in 0.4603 ms
[12:45:32 INF] HTTP GET /lib/bootstrap/dist/js/bootstrap.bundle.min.js responded 304 in 0.5044 ms
[12:45:32 INF] HTTP GET /lib/jquery-validation-unobtrusive/dist/jquery.validate.unobtrusive.min.js responded 200 in 0.9338 ms
[12:45:32 INF] HTTP GET /lib/jquery-validation/dist/jquery.validate.min.js responded 200 in 4.9962 ms
[12:45:32 INF] HTTP GET /js/products-catalog-filter.js responded 200 in 1.6964 ms
[12:51:56 INF] HTTP GET /Inventory/Products responded 200 in 144.1344 ms
[12:51:56 INF] HTTP GET /css/site.css responded 200 in 0.9776 ms
[12:51:56 INF] HTTP GET /Biktal.WebMVC.styles.css responded 200 in 0.7179 ms
[12:51:56 INF] HTTP GET /lib/bootstrap/dist/css/bootstrap.min.css responded 200 in 0.8344 ms
[12:51:58 INF] HTTP GET /lib/jquery/dist/jquery.min.js responded 200 in 0.7217 ms
[12:51:58 INF] HTTP GET /lib/bootstrap/dist/js/bootstrap.bundle.min.js responded 200 in 1.2071 ms
[12:51:58 INF] HTTP GET /js/site.js responded 200 in 1.0980 ms
[12:51:58 INF] HTTP GET /lib/jquery-validation/dist/jquery.validate.min.js responded 200 in 0.8687 ms
[12:51:58 INF] HTTP GET /lib/jquery-validation-unobtrusive/dist/jquery.validate.unobtrusive.min.js responded 200 in 0.7149 ms
[12:51:58 INF] HTTP GET /js/products-catalog-filter.js responded 200 in 0.7328 ms
[12:52:05 INF] HTTP POST /Inventory/EditProduct responded 302 in 14.1779 ms
[12:52:05 INF] HTTP GET /Inventory/Products responded 200 in 42.5587 ms
[12:52:05 INF] HTTP GET /css/site.css responded 200 in 1.0298 ms
[12:52:05 INF] HTTP GET /Biktal.WebMVC.styles.css responded 200 in 2.0699 ms
[12:52:05 INF] HTTP GET /lib/bootstrap/dist/css/bootstrap.min.css responded 200 in 1.2350 ms
[12:52:06 INF] HTTP GET /lib/jquery/dist/jquery.min.js responded 200 in 0.7135 ms
[12:52:06 INF] HTTP GET /lib/bootstrap/dist/js/bootstrap.bundle.min.js responded 200 in 1.3371 ms
[12:52:06 INF] HTTP GET /js/site.js responded 200 in 2.2335 ms
[12:52:06 INF] HTTP GET /lib/jquery-validation/dist/jquery.validate.min.js responded 200 in 0.9279 ms
[12:52:06 INF] HTTP GET /lib/jquery-validation-unobtrusive/dist/jquery.validate.unobtrusive.min.js responded 200 in 0.7580 ms
[12:52:06 INF] HTTP GET /js/products-catalog-filter.js responded 200 in 2.6475 ms
[12:52:18 INF] HTTP GET /Inventory/Products responded 200 in 55.9705 ms
[12:52:18 INF] HTTP GET /lib/bootstrap/dist/css/bootstrap.min.css responded 304 in 2.1310 ms
[12:52:18 INF] HTTP GET /css/site.css responded 304 in 2.2525 ms
[12:52:18 INF] HTTP GET /Biktal.WebMVC.styles.css responded 304 in 0.5284 ms
[12:52:19 INF] HTTP GET /lib/jquery/dist/jquery.min.js responded 304 in 0.2628 ms
[12:52:19 INF] HTTP GET /lib/bootstrap/dist/js/bootstrap.bundle.min.js responded 304 in 0.4888 ms
[12:52:19 INF] HTTP GET /js/site.js responded 304 in 1.7934 ms
[12:52:19 INF] HTTP GET /lib/jquery-validation/dist/jquery.validate.min.js responded 304 in 0.4899 ms
[12:52:19 INF] HTTP GET /lib/jquery-validation-unobtrusive/dist/jquery.validate.unobtrusive.min.js responded 304 in 0.5058 ms
[12:52:19 INF] HTTP GET /js/products-catalog-filter.js responded 304 in 0.8669 ms
[12:52:23 INF] HTTP POST /Inventory/EditProduct responded 302 in 11.8985 ms
[12:52:23 INF] HTTP GET /Inventory/Products responded 200 in 48.9204 ms
[12:52:23 INF] HTTP GET /lib/bootstrap/dist/css/bootstrap.min.css responded 304 in 0.3963 ms
[12:52:23 INF] HTTP GET /Biktal.WebMVC.styles.css responded 304 in 0.2407 ms
[12:52:23 INF] HTTP GET /css/site.css responded 304 in 0.4129 ms
[12:52:24 INF] HTTP GET /lib/jquery/dist/jquery.min.js responded 304 in 0.3028 ms
[12:52:24 INF] HTTP GET /lib/bootstrap/dist/js/bootstrap.bundle.min.js responded 304 in 0.4574 ms
[12:52:24 INF] HTTP GET /js/site.js responded 304 in 0.5138 ms
[12:52:24 INF] HTTP GET /lib/jquery-validation/dist/jquery.validate.min.js responded 304 in 0.5766 ms
[12:52:24 INF] HTTP GET /js/products-catalog-filter.js responded 304 in 1.1212 ms
[12:52:24 INF] HTTP GET /lib/jquery-validation-unobtrusive/dist/jquery.validate.unobtrusive.min.js responded 304 in 0.7526 ms
[12:52:27 INF] HTTP GET /Inventory/Products responded 200 in 55.4886 ms
[12:52:27 INF] HTTP GET /lib/bootstrap/dist/css/bootstrap.min.css responded 304 in 0.9924 ms
[12:52:27 INF] HTTP GET /css/site.css responded 304 in 0.5304 ms
[12:52:27 INF] HTTP GET /Biktal.WebMVC.styles.css responded 304 in 0.3039 ms
[12:52:28 INF] HTTP GET /lib/jquery/dist/jquery.min.js responded 304 in 0.4884 ms
[12:52:28 INF] HTTP GET /lib/bootstrap/dist/js/bootstrap.bundle.min.js responded 304 in 0.7373 ms
[12:52:28 INF] HTTP GET /js/site.js responded 304 in 0.5798 ms
[12:52:28 INF] HTTP GET /lib/jquery-validation/dist/jquery.validate.min.js responded 304 in 0.4689 ms
[12:52:28 INF] HTTP GET /js/products-catalog-filter.js responded 304 in 1.1982 ms
[12:52:28 INF] HTTP GET /lib/jquery-validation-unobtrusive/dist/jquery.validate.unobtrusive.min.js responded 304 in 1.8709 ms
[12:52:32 INF] HTTP POST /Inventory/EditProduct responded 302 in 10.3224 ms
[12:52:32 INF] HTTP GET /Inventory/Products responded 200 in 73.6103 ms
[12:52:32 INF] HTTP GET /css/site.css responded 304 in 1.3130 ms
[12:52:32 INF] HTTP GET /Biktal.WebMVC.styles.css responded 304 in 0.3668 ms
[12:52:32 INF] HTTP GET /lib/bootstrap/dist/css/bootstrap.min.css responded 304 in 0.3727 ms
[12:52:33 INF] HTTP GET /lib/jquery/dist/jquery.min.js responded 304 in 0.2610 ms
[12:52:33 INF] HTTP GET /lib/bootstrap/dist/js/bootstrap.bundle.min.js responded 304 in 0.4976 ms
[12:52:33 INF] HTTP GET /js/site.js responded 304 in 0.4989 ms
[12:52:33 INF] HTTP GET /lib/jquery-validation/dist/jquery.validate.min.js responded 304 in 0.5368 ms
[12:52:33 INF] HTTP GET /lib/jquery-validation-unobtrusive/dist/jquery.validate.unobtrusive.min.js responded 304 in 0.5024 ms
[12:52:33 INF] HTTP GET /js/products-catalog-filter.js responded 304 in 1.3704 ms
[12:52:36 INF] HTTP GET /Inventory/Products responded 200 in 63.7865 ms
[12:52:36 INF] HTTP GET /lib/bootstrap/dist/css/bootstrap.min.css responded 304 in 0.4848 ms
[12:52:36 INF] HTTP GET /Biktal.WebMVC.styles.css responded 304 in 0.3762 ms
[12:52:36 INF] HTTP GET /css/site.css responded 304 in 2.1118 ms
[12:52:37 INF] HTTP GET /lib/jquery/dist/jquery.min.js responded 304 in 0.2545 ms
[12:52:37 INF] HTTP GET /lib/bootstrap/dist/js/bootstrap.bundle.min.js responded 304 in 1.2279 ms
[12:52:37 INF] HTTP GET /js/site.js responded 304 in 0.3136 ms
[12:52:37 INF] HTTP GET /lib/jquery-validation/dist/jquery.validate.min.js responded 304 in 0.3236 ms
[12:52:37 INF] HTTP GET /lib/jquery-validation-unobtrusive/dist/jquery.validate.unobtrusive.min.js responded 304 in 0.3612 ms
[12:52:37 INF] HTTP GET /js/products-catalog-filter.js responded 304 in 0.3251 ms
[12:52:41 INF] HTTP POST /Inventory/EditProduct responded 302 in 12.4800 ms
[12:52:41 INF] HTTP GET /Inventory/Products responded 200 in 72.6771 ms
[12:52:41 INF] HTTP GET /lib/bootstrap/dist/css/bootstrap.min.css responded 304 in 0.4575 ms
[12:52:41 INF] HTTP GET /css/site.css responded 304 in 1.6935 ms
[12:52:41 INF] HTTP GET /Biktal.WebMVC.styles.css responded 304 in 0.5510 ms
[12:52:42 INF] HTTP GET /lib/jquery/dist/jquery.min.js responded 304 in 0.2997 ms
[12:52:42 INF] HTTP GET /lib/bootstrap/dist/js/bootstrap.bundle.min.js responded 304 in 0.5061 ms
[12:52:42 INF] HTTP GET /js/site.js responded 304 in 3.4139 ms
[12:52:42 INF] HTTP GET /lib/jquery-validation/dist/jquery.validate.min.js responded 304 in 0.5015 ms
[12:52:42 INF] HTTP GET /lib/jquery-validation-unobtrusive/dist/jquery.validate.unobtrusive.min.js responded 304 in 0.6107 ms
[12:52:42 INF] HTTP GET /js/products-catalog-filter.js responded 304 in 6.8894 ms
[12:52:50 INF] HTTP GET /Inventory/Products responded 200 in 58.4839 ms
[12:52:50 INF] HTTP GET /lib/bootstrap/dist/css/bootstrap.min.css responded 304 in 1.7383 ms
[12:52:50 INF] HTTP GET /Biktal.WebMVC.styles.css responded 304 in 0.7850 ms
[12:52:50 INF] HTTP GET /css/site.css responded 304 in 0.4891 ms
[12:52:51 INF] HTTP GET /lib/jquery/dist/jquery.min.js responded 304 in 0.2587 ms
[12:52:51 INF] HTTP GET /lib/bootstrap/dist/js/bootstrap.bundle.min.js responded 304 in 0.3969 ms
[12:52:51 INF] HTTP GET /js/site.js responded 304 in 0.5395 ms
[12:52:51 INF] HTTP GET /lib/jquery-validation-unobtrusive/dist/jquery.validate.unobtrusive.min.js responded 304 in 0.3964 ms
[12:52:51 INF] HTTP GET /js/products-catalog-filter.js responded 304 in 0.4447 ms
[12:52:51 INF] HTTP GET /lib/jquery-validation/dist/jquery.validate.min.js responded 304 in 1.1290 ms
[12:52:55 INF] HTTP POST /Inventory/EditProduct responded 302 in 12.7944 ms
[12:52:55 INF] HTTP GET /Inventory/Products responded 200 in 61.3529 ms
[12:52:55 INF] HTTP GET /lib/bootstrap/dist/css/bootstrap.min.css responded 304 in 4.4240 ms
[12:52:55 INF] HTTP GET /css/site.css responded 304 in 0.4367 ms
[12:52:55 INF] HTTP GET /Biktal.WebMVC.styles.css responded 304 in 0.3572 ms
[12:52:56 INF] HTTP GET /lib/jquery/dist/jquery.min.js responded 304 in 0.2693 ms
[12:52:56 INF] HTTP GET /lib/bootstrap/dist/js/bootstrap.bundle.min.js responded 304 in 0.5163 ms
[12:52:56 INF] HTTP GET /js/site.js responded 304 in 0.4213 ms
[12:52:56 INF] HTTP GET /lib/jquery-validation/dist/jquery.validate.min.js responded 304 in 0.3115 ms
[12:52:56 INF] HTTP GET /lib/jquery-validation-unobtrusive/dist/jquery.validate.unobtrusive.min.js responded 304 in 0.4442 ms
[12:52:56 INF] HTTP GET /js/products-catalog-filter.js responded 304 in 0.3654 ms
[12:53:01 INF] HTTP GET /Inventory/Products responded 200 in 56.0833 ms
[12:53:01 INF] HTTP GET /lib/bootstrap/dist/css/bootstrap.min.css responded 304 in 0.4624 ms
[12:53:01 INF] HTTP GET /css/site.css responded 304 in 2.6967 ms
[12:53:01 INF] HTTP GET /Biktal.WebMVC.styles.css responded 304 in 0.4607 ms
[12:53:02 INF] HTTP GET /lib/jquery/dist/jquery.min.js responded 304 in 0.2587 ms
[12:53:02 INF] HTTP GET /lib/bootstrap/dist/js/bootstrap.bundle.min.js responded 304 in 0.4883 ms
[12:53:02 INF] HTTP GET /js/site.js responded 304 in 0.3975 ms
[12:53:02 INF] HTTP GET /lib/jquery-validation/dist/jquery.validate.min.js responded 304 in 0.4913 ms
[12:53:02 INF] HTTP GET /js/products-catalog-filter.js responded 304 in 0.4367 ms
[12:53:02 INF] HTTP GET /lib/jquery-validation-unobtrusive/dist/jquery.validate.unobtrusive.min.js responded 304 in 0.5789 ms
[12:53:06 INF] HTTP POST /Inventory/EditProduct responded 302 in 17.1479 ms
[12:53:06 INF] HTTP GET /Inventory/Products responded 200 in 62.9796 ms
[12:53:06 INF] HTTP GET /lib/bootstrap/dist/css/bootstrap.min.css responded 304 in 0.3863 ms
[12:53:06 INF] HTTP GET /Biktal.WebMVC.styles.css responded 304 in 0.4622 ms
[12:53:06 INF] HTTP GET /css/site.css responded 304 in 0.3041 ms
[12:53:07 INF] HTTP GET /lib/jquery/dist/jquery.min.js responded 304 in 0.2727 ms
[12:53:07 INF] HTTP GET /lib/bootstrap/dist/js/bootstrap.bundle.min.js responded 304 in 0.8452 ms
[12:53:07 INF] HTTP GET /js/site.js responded 304 in 0.5319 ms
[12:53:07 INF] HTTP GET /lib/jquery-validation/dist/jquery.validate.min.js responded 304 in 0.5026 ms
[12:53:07 INF] HTTP GET /lib/jquery-validation-unobtrusive/dist/jquery.validate.unobtrusive.min.js responded 304 in 0.7893 ms
[12:53:07 INF] HTTP GET /js/products-catalog-filter.js responded 304 in 0.4628 ms
[12:53:12 INF] HTTP GET /Inventory/Products responded 200 in 67.6687 ms
[12:53:12 INF] HTTP GET /lib/bootstrap/dist/css/bootstrap.min.css responded 304 in 0.5583 ms
[12:53:12 INF] HTTP GET /css/site.css responded 304 in 1.7518 ms
[12:53:12 INF] HTTP GET /Biktal.WebMVC.styles.css responded 304 in 3.2327 ms
[12:53:13 INF] HTTP GET /lib/jquery/dist/jquery.min.js responded 304 in 0.2826 ms
[12:53:13 INF] HTTP GET /lib/bootstrap/dist/js/bootstrap.bundle.min.js responded 304 in 0.4703 ms
[12:53:13 INF] HTTP GET /js/site.js responded 304 in 1.2395 ms
[12:53:13 INF] HTTP GET /lib/jquery-validation/dist/jquery.validate.min.js responded 304 in 2.2087 ms
[12:53:13 INF] HTTP GET /lib/jquery-validation-unobtrusive/dist/jquery.validate.unobtrusive.min.js responded 304 in 0.5757 ms
[12:53:13 INF] HTTP GET /js/products-catalog-filter.js responded 304 in 0.4865 ms
[12:53:18 INF] HTTP POST /Inventory/EditProduct responded 302 in 10.5520 ms
[12:53:18 INF] HTTP GET /Inventory/Products responded 200 in 55.5229 ms
[12:53:18 INF] HTTP GET /lib/bootstrap/dist/css/bootstrap.min.css responded 304 in 0.3872 ms
[12:53:18 INF] HTTP GET /css/site.css responded 304 in 0.4254 ms
[12:53:18 INF] HTTP GET /Biktal.WebMVC.styles.css responded 304 in 0.5380 ms
[12:53:19 INF] HTTP GET /lib/jquery/dist/jquery.min.js responded 304 in 0.2565 ms
[12:53:19 INF] HTTP GET /lib/bootstrap/dist/js/bootstrap.bundle.min.js responded 304 in 0.4261 ms
[12:53:19 INF] HTTP GET /js/site.js responded 304 in 1.1029 ms
[12:53:19 INF] HTTP GET /lib/jquery-validation/dist/jquery.validate.min.js responded 304 in 0.5756 ms
[12:53:19 INF] HTTP GET /lib/jquery-validation-unobtrusive/dist/jquery.validate.unobtrusive.min.js responded 304 in 1.0513 ms
[12:53:19 INF] HTTP GET /js/products-catalog-filter.js responded 304 in 0.4949 ms
[12:53:23 INF] HTTP GET /Inventory/Products responded 200 in 71.1128 ms
[12:53:23 INF] HTTP GET /css/site.css responded 304 in 0.6999 ms
[12:53:23 INF] HTTP GET /lib/bootstrap/dist/css/bootstrap.min.css responded 304 in 0.5664 ms
[12:53:23 INF] HTTP GET /Biktal.WebMVC.styles.css responded 304 in 0.6920 ms
[12:53:24 INF] HTTP GET /lib/jquery/dist/jquery.min.js responded 304 in 0.8842 ms
[12:53:24 INF] HTTP GET /lib/bootstrap/dist/js/bootstrap.bundle.min.js responded 304 in 0.6220 ms
[12:53:24 INF] HTTP GET /lib/jquery-validation/dist/jquery.validate.min.js responded 304 in 0.2868 ms
[12:53:24 INF] HTTP GET /js/site.js responded 304 in 0.3612 ms
[12:53:24 INF] HTTP GET /lib/jquery-validation-unobtrusive/dist/jquery.validate.unobtrusive.min.js responded 304 in 0.6655 ms
[12:53:24 INF] HTTP GET /js/products-catalog-filter.js responded 304 in 0.4774 ms
[12:53:29 INF] HTTP POST /Inventory/EditProduct responded 302 in 11.9868 ms
[12:53:29 INF] HTTP GET /Inventory/Products responded 200 in 73.2339 ms
[12:53:29 INF] HTTP GET /lib/bootstrap/dist/css/bootstrap.min.css responded 200 in 0.9865 ms
[12:53:29 INF] HTTP GET /css/site.css responded 304 in 0.4365 ms
[12:53:29 INF] HTTP GET /Biktal.WebMVC.styles.css responded 304 in 0.4022 ms
[12:53:30 INF] HTTP GET /lib/jquery/dist/jquery.min.js responded 304 in 0.2559 ms
[12:53:30 INF] HTTP GET /lib/bootstrap/dist/js/bootstrap.bundle.min.js responded 304 in 0.5542 ms
[12:53:30 INF] HTTP GET /js/site.js responded 304 in 0.6155 ms
[12:53:30 INF] HTTP GET /lib/jquery-validation/dist/jquery.validate.min.js responded 304 in 0.4586 ms
[12:53:30 INF] HTTP GET /lib/jquery-validation-unobtrusive/dist/jquery.validate.unobtrusive.min.js responded 304 in 0.3938 ms
[12:53:30 INF] HTTP GET /js/products-catalog-filter.js responded 304 in 0.5326 ms
[12:53:33 INF] HTTP GET /Inventory/Products responded 200 in 101.3499 ms
[12:53:33 INF] HTTP GET /lib/bootstrap/dist/css/bootstrap.min.css responded 304 in 0.6680 ms
[12:53:33 INF] HTTP GET /css/site.css responded 304 in 4.1581 ms
[12:53:33 INF] HTTP GET /Biktal.WebMVC.styles.css responded 304 in 3.2742 ms
[12:53:34 INF] HTTP GET /lib/jquery/dist/jquery.min.js responded 304 in 0.2763 ms
[12:53:34 INF] HTTP GET /lib/bootstrap/dist/js/bootstrap.bundle.min.js responded 304 in 0.4210 ms
[12:53:34 INF] HTTP GET /js/site.js responded 304 in 0.5762 ms
[12:53:34 INF] HTTP GET /lib/jquery-validation-unobtrusive/dist/jquery.validate.unobtrusive.min.js responded 304 in 0.3482 ms
[12:53:34 INF] HTTP GET /js/products-catalog-filter.js responded 304 in 0.8213 ms
[12:53:34 INF] HTTP GET /lib/jquery-validation/dist/jquery.validate.min.js responded 304 in 0.4315 ms
[12:53:39 INF] HTTP POST /Inventory/EditProduct responded 302 in 8.4931 ms
[12:53:39 INF] HTTP GET /Inventory/Products responded 200 in 47.0083 ms
[12:53:40 INF] HTTP GET /css/site.css responded 304 in 0.2615 ms
[12:53:40 INF] HTTP GET /lib/bootstrap/dist/css/bootstrap.min.css responded 200 in 0.8402 ms
[12:53:40 INF] HTTP GET /Biktal.WebMVC.styles.css responded 304 in 0.3606 ms
[12:53:41 INF] HTTP GET /lib/jquery/dist/jquery.min.js responded 304 in 0.3555 ms
[12:53:41 INF] HTTP GET /lib/bootstrap/dist/js/bootstrap.bundle.min.js responded 304 in 0.7637 ms
[12:53:41 INF] HTTP GET /js/site.js responded 304 in 0.4701 ms
[12:53:41 INF] HTTP GET /lib/jquery-validation-unobtrusive/dist/jquery.validate.unobtrusive.min.js responded 304 in 0.3727 ms
[12:53:41 INF] HTTP GET /lib/jquery-validation/dist/jquery.validate.min.js responded 304 in 0.6980 ms
[12:53:41 INF] HTTP GET /js/products-catalog-filter.js responded 304 in 0.4216 ms
[12:53:43 INF] HTTP GET /Inventory/Products responded 200 in 65.6008 ms
[12:53:43 INF] HTTP GET /lib/bootstrap/dist/css/bootstrap.min.css responded 304 in 0.5342 ms
[12:53:43 INF] HTTP GET /css/site.css responded 304 in 2.5760 ms
[12:53:43 INF] HTTP GET /Biktal.WebMVC.styles.css responded 304 in 0.4042 ms
[12:53:44 INF] HTTP GET /lib/jquery/dist/jquery.min.js responded 304 in 0.2704 ms
[12:53:44 INF] HTTP GET /lib/bootstrap/dist/js/bootstrap.bundle.min.js responded 304 in 0.4478 ms
[12:53:44 INF] HTTP GET /js/site.js responded 304 in 0.5033 ms
[12:53:44 INF] HTTP GET /lib/jquery-validation/dist/jquery.validate.min.js responded 304 in 0.4294 ms
[12:53:44 INF] HTTP GET /lib/jquery-validation-unobtrusive/dist/jquery.validate.unobtrusive.min.js responded 304 in 0.4515 ms
[12:53:44 INF] HTTP GET /js/products-catalog-filter.js responded 304 in 0.4470 ms
[12:53:49 INF] HTTP POST /Inventory/EditProduct responded 302 in 15.2469 ms
[12:53:49 INF] HTTP GET /Inventory/Products responded 200 in 66.0590 ms
[12:53:49 INF] HTTP GET /css/site.css responded 304 in 0.3153 ms
[12:53:49 INF] HTTP GET /lib/bootstrap/dist/css/bootstrap.min.css responded 200 in 0.9370 ms
[12:53:49 INF] HTTP GET /Biktal.WebMVC.styles.css responded 304 in 0.3993 ms
[12:53:50 INF] HTTP GET /lib/jquery/dist/jquery.min.js responded 304 in 0.2654 ms
[12:53:50 INF] HTTP GET /lib/bootstrap/dist/js/bootstrap.bundle.min.js responded 304 in 1.1485 ms
[12:53:50 INF] HTTP GET /lib/jquery-validation/dist/jquery.validate.min.js responded 304 in 0.4605 ms
[12:53:50 INF] HTTP GET /js/site.js responded 304 in 1.2764 ms
[12:53:50 INF] HTTP GET /lib/jquery-validation-unobtrusive/dist/jquery.validate.unobtrusive.min.js responded 304 in 0.8039 ms
[12:53:50 INF] HTTP GET /js/products-catalog-filter.js responded 304 in 0.4362 ms
[12:59:49 INF] HTTP GET /Inventory/Products responded 200 in 103.1388 ms
[12:59:49 INF] HTTP GET /Biktal.WebMVC.styles.css responded 200 in 0.9874 ms
[12:59:49 INF] HTTP GET /css/site.css responded 200 in 0.9040 ms
[12:59:49 INF] HTTP GET /lib/bootstrap/dist/css/bootstrap.min.css responded 200 in 0.9821 ms
[12:59:50 INF] HTTP GET /lib/jquery/dist/jquery.min.js responded 200 in 1.4541 ms
[12:59:50 INF] HTTP GET /js/site.js responded 200 in 0.8007 ms
[12:59:50 INF] HTTP GET /lib/bootstrap/dist/js/bootstrap.bundle.min.js responded 200 in 0.8710 ms
[12:59:50 INF] HTTP GET /lib/jquery-validation/dist/jquery.validate.min.js responded 200 in 0.8423 ms
[12:59:50 INF] HTTP GET /lib/jquery-validation-unobtrusive/dist/jquery.validate.unobtrusive.min.js responded 200 in 0.6867 ms
[12:59:50 INF] HTTP GET /js/products-catalog-filter.js responded 200 in 2.2189 ms
[12:59:55 INF] HTTP POST /Inventory/EditProduct responded 302 in 11.9690 ms
[12:59:55 INF] HTTP GET /Inventory/Products responded 200 in 42.2603 ms
[12:59:55 INF] HTTP GET /lib/bootstrap/dist/css/bootstrap.min.css responded 304 in 0.4461 ms
[12:59:55 INF] HTTP GET /css/site.css responded 304 in 0.2481 ms
[12:59:55 INF] HTTP GET /Biktal.WebMVC.styles.css responded 304 in 0.3210 ms
[12:59:56 INF] HTTP GET /lib/jquery/dist/jquery.min.js responded 304 in 0.2634 ms
[12:59:56 INF] HTTP GET /lib/bootstrap/dist/js/bootstrap.bundle.min.js responded 304 in 0.5197 ms
[12:59:56 INF] HTTP GET /js/site.js responded 304 in 0.3889 ms
[12:59:56 INF] HTTP GET /lib/jquery-validation/dist/jquery.validate.min.js responded 304 in 0.9205 ms
[12:59:56 INF] HTTP GET /js/products-catalog-filter.js responded 304 in 0.2661 ms
[12:59:56 INF] HTTP GET /lib/jquery-validation-unobtrusive/dist/jquery.validate.unobtrusive.min.js responded 304 in 0.3262 ms
[13:00:04 INF] HTTP GET /Inventory/Products responded 200 in 51.2934 ms
[13:00:04 INF] HTTP GET /lib/bootstrap/dist/css/bootstrap.min.css responded 304 in 0.6139 ms
[13:00:04 INF] HTTP GET /css/site.css responded 304 in 1.8172 ms
[13:00:04 INF] HTTP GET /Biktal.WebMVC.styles.css responded 304 in 4.4106 ms
[13:00:05 INF] HTTP GET /lib/jquery/dist/jquery.min.js responded 304 in 0.4328 ms
[13:00:05 INF] HTTP GET /js/site.js responded 304 in 0.3585 ms
[13:00:05 INF] HTTP GET /lib/bootstrap/dist/js/bootstrap.bundle.min.js responded 304 in 0.4469 ms
[13:00:05 INF] HTTP GET /lib/jquery-validation/dist/jquery.validate.min.js responded 304 in 0.7109 ms
[13:00:05 INF] HTTP GET /lib/jquery-validation-unobtrusive/dist/jquery.validate.unobtrusive.min.js responded 304 in 0.4508 ms
[13:00:05 INF] HTTP GET /js/products-catalog-filter.js responded 304 in 2.7497 ms
[13:00:08 INF] HTTP POST /Inventory/EditProduct responded 302 in 14.2103 ms
[13:00:09 INF] HTTP GET /Inventory/Products responded 200 in 46.8641 ms
[13:00:09 INF] HTTP GET /css/site.css responded 304 in 0.4473 ms
[13:00:09 INF] HTTP GET /lib/bootstrap/dist/css/bootstrap.min.css responded 304 in 0.3073 ms
[13:00:09 INF] HTTP GET /Biktal.WebMVC.styles.css responded 304 in 0.5139 ms
[13:00:09 INF] HTTP GET /lib/jquery/dist/jquery.min.js responded 304 in 0.2734 ms
[13:00:10 INF] HTTP GET /lib/bootstrap/dist/js/bootstrap.bundle.min.js responded 304 in 1.2186 ms
[13:00:10 INF] HTTP GET /js/site.js responded 304 in 0.2900 ms
[13:00:10 INF] HTTP GET /lib/jquery-validation/dist/jquery.validate.min.js responded 304 in 0.2104 ms
[13:00:10 INF] HTTP GET /lib/jquery-validation-unobtrusive/dist/jquery.validate.unobtrusive.min.js responded 304 in 0.3010 ms
[13:00:10 INF] HTTP GET /js/products-catalog-filter.js responded 304 in 0.5137 ms
[13:03:53 INF] HTTP GET /Inventory/Products responded 200 in 91.8577 ms
[13:03:53 INF] HTTP GET /lib/bootstrap/dist/css/bootstrap.min.css responded 200 in 2.4346 ms
[13:03:53 INF] HTTP GET /css/site.css responded 200 in 1.2036 ms
[13:03:53 INF] HTTP GET /Biktal.WebMVC.styles.css responded 200 in 1.9586 ms
[13:03:54 INF] HTTP GET /lib/jquery/dist/jquery.min.js responded 200 in 0.6929 ms
[13:03:54 INF] HTTP GET /js/site.js responded 200 in 0.7889 ms
[13:03:54 INF] HTTP GET /lib/bootstrap/dist/js/bootstrap.bundle.min.js responded 200 in 0.8973 ms
[13:03:54 INF] HTTP GET /lib/jquery-validation/dist/jquery.validate.min.js responded 200 in 1.0965 ms
[13:03:54 INF] HTTP GET /lib/jquery-validation-unobtrusive/dist/jquery.validate.unobtrusive.min.js responded 200 in 3.6892 ms
[13:03:54 INF] HTTP GET /js/products-catalog-filter.js responded 200 in 4.3008 ms
[13:04:34 INF] HTTP POST /Inventory/EditProduct responded 302 in 16.1687 ms
[13:04:34 INF] HTTP GET /Inventory/Products responded 200 in 68.9534 ms
[13:04:34 INF] HTTP GET /lib/bootstrap/dist/css/bootstrap.min.css responded 200 in 2.7065 ms
[13:04:34 INF] HTTP GET /Biktal.WebMVC.styles.css responded 200 in 1.0717 ms
[13:04:34 INF] HTTP GET /css/site.css responded 200 in 1.6991 ms
[13:04:35 INF] HTTP GET /lib/jquery/dist/jquery.min.js responded 200 in 0.7207 ms
[13:04:35 INF] HTTP GET /js/site.js responded 200 in 0.6851 ms
[13:04:35 INF] HTTP GET /lib/bootstrap/dist/js/bootstrap.bundle.min.js responded 200 in 0.6494 ms
[13:04:35 INF] HTTP GET /lib/jquery-validation/dist/jquery.validate.min.js responded 200 in 0.8659 ms
[13:04:35 INF] HTTP GET /lib/jquery-validation-unobtrusive/dist/jquery.validate.unobtrusive.min.js responded 200 in 4.1336 ms
[13:04:35 INF] HTTP GET /js/products-catalog-filter.js responded 200 in 0.7993 ms
[13:04:51 INF] HTTP GET /Inventory/Products responded 200 in 228.7202 ms
[13:04:51 INF] HTTP GET /lib/bootstrap/dist/css/bootstrap.min.css responded 200 in 3.8823 ms
[13:04:51 INF] HTTP GET /css/site.css responded 200 in 3.7029 ms
[13:04:51 INF] HTTP GET /Biktal.WebMVC.styles.css responded 200 in 1.1060 ms
[13:04:52 INF] HTTP GET /lib/jquery/dist/jquery.min.js responded 304 in 0.2698 ms
[13:04:52 INF] HTTP GET /lib/bootstrap/dist/js/bootstrap.bundle.min.js responded 304 in 1.1413 ms
[13:04:52 INF] HTTP GET /js/site.js responded 304 in 1.1171 ms
[13:04:52 INF] HTTP GET /lib/jquery-validation/dist/jquery.validate.min.js responded 304 in 0.8195 ms
[13:04:52 INF] HTTP GET /lib/jquery-validation-unobtrusive/dist/jquery.validate.unobtrusive.min.js responded 304 in 0.9808 ms
[13:04:52 INF] HTTP GET /js/products-catalog-filter.js responded 304 in 2.0421 ms
[13:05:10 INF] HTTP POST /Inventory/EditProduct responded 302 in 19.7377 ms
[13:05:10 INF] HTTP GET /Inventory/Products responded 200 in 57.2655 ms
[13:05:10 INF] HTTP GET /lib/bootstrap/dist/css/bootstrap.min.css responded 200 in 7.1699 ms
[13:05:10 INF] HTTP GET /Biktal.WebMVC.styles.css responded 200 in 0.8561 ms
[13:05:10 INF] HTTP GET /css/site.css responded 200 in 0.8040 ms
[13:05:11 INF] HTTP GET /lib/jquery/dist/jquery.min.js responded 304 in 0.2707 ms
[13:05:11 INF] HTTP GET /lib/bootstrap/dist/js/bootstrap.bundle.min.js responded 304 in 0.7087 ms
[13:05:11 INF] HTTP GET /js/site.js responded 304 in 0.6160 ms
[13:05:11 INF] HTTP GET /lib/jquery-validation/dist/jquery.validate.min.js responded 304 in 0.4640 ms
[13:05:11 INF] HTTP GET /lib/jquery-validation-unobtrusive/dist/jquery.validate.unobtrusive.min.js responded 304 in 0.4767 ms
[13:05:11 INF] HTTP GET /js/products-catalog-filter.js responded 304 in 7.7555 ms
[13:05:49 INF] HTTP GET /Inventory/Products responded 200 in 98.3475 ms
[13:05:49 INF] HTTP GET /lib/bootstrap/dist/css/bootstrap.min.css responded 200 in 4.4078 ms
[13:05:49 INF] HTTP GET /Biktal.WebMVC.styles.css responded 200 in 0.8687 ms
[13:05:49 INF] HTTP GET /css/site.css responded 200 in 1.4847 ms
[13:05:50 INF] HTTP GET /lib/jquery/dist/jquery.min.js responded 200 in 0.7313 ms
[13:05:50 INF] HTTP GET /lib/bootstrap/dist/js/bootstrap.bundle.min.js responded 200 in 6.8517 ms
[13:05:50 INF] HTTP GET /js/site.js responded 200 in 6.3821 ms
[13:05:50 INF] HTTP GET /lib/jquery-validation/dist/jquery.validate.min.js responded 200 in 3.9811 ms
[13:05:50 INF] HTTP GET /lib/jquery-validation-unobtrusive/dist/jquery.validate.unobtrusive.min.js responded 200 in 3.0170 ms
[13:05:50 INF] HTTP GET /js/products-catalog-filter.js responded 200 in 0.8282 ms
[13:05:54 INF] HTTP POST /Inventory/EditProduct responded 302 in 7.5327 ms
[13:05:54 INF] HTTP GET /Inventory/Products responded 200 in 37.3720 ms
[13:05:54 INF] HTTP GET /lib/bootstrap/dist/css/bootstrap.min.css responded 200 in 1.1057 ms
[13:05:54 INF] HTTP GET /css/site.css responded 200 in 1.5848 ms
[13:05:54 INF] HTTP GET /Biktal.WebMVC.styles.css responded 200 in 0.8667 ms
[13:05:55 INF] HTTP GET /lib/jquery/dist/jquery.min.js responded 200 in 0.8503 ms
[13:05:55 INF] HTTP GET /lib/bootstrap/dist/js/bootstrap.bundle.min.js responded 200 in 3.0361 ms
[13:05:55 INF] HTTP GET /js/site.js responded 200 in 2.6936 ms
[13:05:55 INF] HTTP GET /lib/jquery-validation/dist/jquery.validate.min.js responded 200 in 1.0251 ms
[13:05:55 INF] HTTP GET /js/products-catalog-filter.js responded 200 in 5.2101 ms
[13:05:55 INF] HTTP GET /lib/jquery-validation-unobtrusive/dist/jquery.validate.unobtrusive.min.js responded 200 in 6.2783 ms
[13:06:26 INF] HTTP GET /Inventory/Products responded 200 in 64.9228 ms
[13:06:26 INF] HTTP GET /lib/bootstrap/dist/css/bootstrap.min.css responded 304 in 0.7035 ms
[13:06:26 INF] HTTP GET /Biktal.WebMVC.styles.css responded 304 in 0.3494 ms
[13:06:26 INF] HTTP GET /css/site.css responded 304 in 0.5925 ms
[13:06:27 INF] HTTP GET /lib/jquery/dist/jquery.min.js responded 304 in 0.2709 ms
[13:06:27 INF] HTTP GET /lib/bootstrap/dist/js/bootstrap.bundle.min.js responded 304 in 1.5998 ms
[13:06:27 INF] HTTP GET /js/site.js responded 304 in 0.4971 ms
[13:06:27 INF] HTTP GET /lib/jquery-validation/dist/jquery.validate.min.js responded 304 in 0.6234 ms
[13:06:27 INF] HTTP GET /lib/jquery-validation-unobtrusive/dist/jquery.validate.unobtrusive.min.js responded 304 in 4.0183 ms
[13:06:27 INF] HTTP GET /js/products-catalog-filter.js responded 304 in 0.4997 ms
[13:06:38 INF] HTTP POST /Inventory/EditProduct responded 302 in 10.5235 ms
[13:06:38 INF] HTTP GET /Inventory/Products responded 200 in 43.0034 ms
[13:06:39 INF] HTTP GET /lib/bootstrap/dist/css/bootstrap.min.css responded 200 in 1.0642 ms
[13:06:39 INF] HTTP GET /Biktal.WebMVC.styles.css responded 304 in 0.3244 ms
[13:06:39 INF] HTTP GET /css/site.css responded 304 in 0.5683 ms
[13:06:39 INF] HTTP GET /lib/jquery/dist/jquery.min.js responded 304 in 0.2606 ms
[13:06:39 INF] HTTP GET /lib/bootstrap/dist/js/bootstrap.bundle.min.js responded 304 in 0.6832 ms
[13:06:39 INF] HTTP GET /lib/jquery-validation/dist/jquery.validate.min.js responded 304 in 0.2977 ms
[13:06:39 INF] HTTP GET /js/site.js responded 304 in 0.3240 ms
[13:06:39 INF] HTTP GET /lib/jquery-validation-unobtrusive/dist/jquery.validate.unobtrusive.min.js responded 304 in 0.3545 ms
[13:06:39 INF] HTTP GET /js/products-catalog-filter.js responded 304 in 0.5301 ms
[13:09:52 INF] HTTP GET /Inventory/Products responded 200 in 267.3815 ms
[13:09:53 INF] HTTP GET /lib/bootstrap/dist/css/bootstrap.min.css responded 200 in 1.1367 ms
[13:09:53 INF] HTTP GET /Biktal.WebMVC.styles.css responded 200 in 0.9259 ms
[13:09:53 INF] HTTP GET /css/site.css responded 200 in 0.6757 ms
[13:09:54 INF] HTTP GET /lib/jquery/dist/jquery.min.js responded 200 in 0.6729 ms
[13:09:54 INF] HTTP GET /lib/bootstrap/dist/js/bootstrap.bundle.min.js responded 200 in 1.2089 ms
[13:09:54 INF] HTTP GET /js/site.js responded 200 in 1.9636 ms
[13:09:54 INF] HTTP GET /lib/jquery-validation/dist/jquery.validate.min.js responded 200 in 1.5373 ms
[13:09:54 INF] HTTP GET /js/products-catalog-filter.js responded 200 in 1.4929 ms
[13:09:54 INF] HTTP GET /lib/jquery-validation-unobtrusive/dist/jquery.validate.unobtrusive.min.js responded 200 in 1.1589 ms
[13:09:59 INF] HTTP POST /Inventory/EditProduct responded 302 in 23.5030 ms
[13:09:59 INF] HTTP GET /Inventory/Products responded 200 in 68.1599 ms
[13:09:59 INF] HTTP GET /css/site.css responded 200 in 3.3224 ms
[13:09:59 INF] HTTP GET /Biktal.WebMVC.styles.css responded 200 in 0.9234 ms
[13:09:59 INF] HTTP GET /lib/bootstrap/dist/css/bootstrap.min.css responded 200 in 0.9852 ms
[13:10:00 INF] HTTP GET /lib/jquery/dist/jquery.min.js responded 304 in 0.3877 ms
[13:10:00 INF] HTTP GET /lib/bootstrap/dist/js/bootstrap.bundle.min.js responded 304 in 0.3677 ms
[13:10:00 INF] HTTP GET /js/site.js responded 304 in 1.6559 ms
[13:10:00 INF] HTTP GET /lib/jquery-validation/dist/jquery.validate.min.js responded 304 in 1.8858 ms
[13:10:00 INF] HTTP GET /js/products-catalog-filter.js responded 304 in 0.4585 ms
[13:10:00 INF] HTTP GET /lib/jquery-validation-unobtrusive/dist/jquery.validate.unobtrusive.min.js responded 304 in 0.6083 ms
[13:11:50 INF] HTTP GET /Inventory/Products responded 200 in 81.5350 ms
[13:11:50 INF] HTTP GET /lib/bootstrap/dist/css/bootstrap.min.css responded 200 in 1.1307 ms
[13:11:50 INF] HTTP GET /css/site.css responded 200 in 1.0002 ms
[13:11:50 INF] HTTP GET /Biktal.WebMVC.styles.css responded 200 in 0.7936 ms
[13:11:52 INF] HTTP GET /lib/jquery/dist/jquery.min.js responded 200 in 0.6613 ms
[13:11:52 INF] HTTP GET /js/site.js responded 200 in 1.0422 ms
[13:11:52 INF] HTTP GET /lib/bootstrap/dist/js/bootstrap.bundle.min.js responded 200 in 1.0050 ms
[13:11:52 INF] HTTP GET /lib/jquery-validation/dist/jquery.validate.min.js responded 200 in 2.7199 ms
[13:11:52 INF] HTTP GET /js/products-catalog-filter.js responded 200 in 0.7198 ms
[13:11:52 INF] HTTP GET /lib/jquery-validation-unobtrusive/dist/jquery.validate.unobtrusive.min.js responded 200 in 0.7198 ms
[13:11:58 INF] HTTP POST /Inventory/EditProduct responded 302 in 9.8174 ms
[13:11:58 INF] HTTP GET /Inventory/Products responded 200 in 56.7275 ms
[13:11:58 INF] HTTP GET /css/site.css responded 200 in 0.7575 ms
[13:11:58 INF] HTTP GET /lib/bootstrap/dist/css/bootstrap.min.css responded 200 in 0.9028 ms
[13:11:58 INF] HTTP GET /Biktal.WebMVC.styles.css responded 200 in 1.4896 ms
[13:11:59 INF] HTTP GET /lib/jquery/dist/jquery.min.js responded 200 in 1.3958 ms
[13:11:59 INF] HTTP GET /js/site.js responded 200 in 0.7715 ms
[13:11:59 INF] HTTP GET /lib/bootstrap/dist/js/bootstrap.bundle.min.js responded 200 in 0.8323 ms
[13:11:59 INF] HTTP GET /lib/jquery-validation-unobtrusive/dist/jquery.validate.unobtrusive.min.js responded 200 in 1.3439 ms
[13:11:59 INF] HTTP GET /lib/jquery-validation/dist/jquery.validate.min.js responded 200 in 1.5653 ms
[13:11:59 INF] HTTP GET /js/products-catalog-filter.js responded 200 in 5.4082 ms
[13:15:17 INF] HTTP GET /Inventory/Products responded 200 in 114.2026 ms
[13:15:17 INF] HTTP GET /css/site.css responded 200 in 0.8264 ms
[13:15:17 INF] HTTP GET /lib/bootstrap/dist/css/bootstrap.min.css responded 200 in 0.8390 ms
[13:15:17 INF] HTTP GET /Biktal.WebMVC.styles.css responded 200 in 2.4137 ms
[13:15:18 INF] HTTP GET /lib/jquery/dist/jquery.min.js responded 200 in 0.6468 ms
[13:15:18 INF] HTTP GET /lib/bootstrap/dist/js/bootstrap.bundle.min.js responded 200 in 1.2613 ms
[13:15:18 INF] HTTP GET /js/products-catalog-filter.js responded 200 in 1.6616 ms
[13:15:18 INF] HTTP GET /js/site.js responded 200 in 3.2030 ms
[13:15:18 INF] HTTP GET /lib/jquery-validation-unobtrusive/dist/jquery.validate.unobtrusive.min.js responded 200 in 1.1036 ms
[13:15:18 INF] HTTP GET /lib/jquery-validation/dist/jquery.validate.min.js responded 200 in 1.8749 ms
[13:15:23 INF] HTTP POST /Inventory/EditProduct responded 302 in 14.1342 ms
[13:15:23 INF] HTTP GET /Inventory/Products responded 200 in 46.9444 ms
[13:15:23 INF] HTTP GET /css/site.css responded 200 in 0.8147 ms
[13:15:23 INF] HTTP GET /lib/bootstrap/dist/css/bootstrap.min.css responded 200 in 0.9558 ms
[13:15:23 INF] HTTP GET /Biktal.WebMVC.styles.css responded 200 in 0.8484 ms
[13:15:24 INF] HTTP GET /lib/jquery/dist/jquery.min.js responded 304 in 0.3860 ms
[13:15:24 INF] HTTP GET /lib/bootstrap/dist/js/bootstrap.bundle.min.js responded 304 in 0.3746 ms
[13:15:24 INF] HTTP GET /js/site.js responded 304 in 0.9074 ms
[13:15:24 INF] HTTP GET /lib/jquery-validation-unobtrusive/dist/jquery.validate.unobtrusive.min.js responded 304 in 0.8006 ms
[13:15:24 INF] HTTP GET /lib/jquery-validation/dist/jquery.validate.min.js responded 304 in 1.4207 ms
[13:15:24 INF] HTTP GET /js/products-catalog-filter.js responded 304 in 0.4108 ms
[13:15:31 INF] HTTP GET /Inventory/Products responded 200 in 61.1639 ms
[13:15:31 INF] HTTP GET /css/site.css responded 304 in 0.4894 ms
[13:15:31 INF] HTTP GET /lib/bootstrap/dist/css/bootstrap.min.css responded 304 in 0.8018 ms
[13:15:31 INF] HTTP GET /Biktal.WebMVC.styles.css responded 304 in 1.1893 ms
[13:15:32 INF] HTTP GET /lib/jquery/dist/jquery.min.js responded 304 in 0.2736 ms
[13:15:32 INF] HTTP GET /lib/bootstrap/dist/js/bootstrap.bundle.min.js responded 304 in 0.5154 ms
[13:15:32 INF] HTTP GET /js/site.js responded 304 in 0.3940 ms
[13:15:32 INF] HTTP GET /lib/jquery-validation/dist/jquery.validate.min.js responded 304 in 0.5265 ms
[13:15:32 INF] HTTP GET /js/products-catalog-filter.js responded 304 in 1.7367 ms
[13:15:32 INF] HTTP GET /lib/jquery-validation-unobtrusive/dist/jquery.validate.unobtrusive.min.js responded 304 in 2.0810 ms
[13:15:35 INF] HTTP POST /Inventory/EditProduct responded 302 in 7.4110 ms
[13:15:35 INF] HTTP GET /Inventory/Products responded 200 in 38.1648 ms
[13:15:35 INF] HTTP GET /lib/bootstrap/dist/css/bootstrap.min.css responded 304 in 0.3707 ms
[13:15:35 INF] HTTP GET /Biktal.WebMVC.styles.css responded 304 in 0.2914 ms
[13:15:35 INF] HTTP GET /css/site.css responded 304 in 1.3703 ms
[13:15:36 INF] HTTP GET /lib/jquery/dist/jquery.min.js responded 304 in 0.2756 ms
[13:15:36 INF] HTTP GET /lib/bootstrap/dist/js/bootstrap.bundle.min.js responded 304 in 0.5100 ms
[13:15:36 INF] HTTP GET /js/site.js responded 304 in 0.6155 ms
[13:15:36 INF] HTTP GET /lib/jquery-validation/dist/jquery.validate.min.js responded 304 in 2.5853 ms
[13:15:36 INF] HTTP GET /lib/jquery-validation-unobtrusive/dist/jquery.validate.unobtrusive.min.js responded 304 in 0.5944 ms
[13:15:36 INF] HTTP GET /js/products-catalog-filter.js responded 304 in 2.2258 ms
[13:22:30 INF] HTTP GET /Inventory/Products responded 200 in 258.3127 ms
[13:22:30 INF] HTTP GET /css/site.css responded 200 in 0.8855 ms
[13:22:30 INF] HTTP GET /lib/bootstrap/dist/css/bootstrap.min.css responded 200 in 1.0459 ms
[13:22:30 INF] HTTP GET /Biktal.WebMVC.styles.css responded 200 in 0.8905 ms
[13:22:31 INF] HTTP GET /lib/jquery/dist/jquery.min.js responded 200 in 0.6521 ms
[13:22:31 INF] HTTP GET /lib/bootstrap/dist/js/bootstrap.bundle.min.js responded 200 in 2.5740 ms
[13:22:32 INF] HTTP GET /js/site.js responded 200 in 31.3789 ms
[13:22:32 INF] HTTP GET /lib/jquery-validation/dist/jquery.validate.min.js responded 200 in 31.5806 ms
[13:22:32 INF] HTTP GET /lib/jquery-validation-unobtrusive/dist/jquery.validate.unobtrusive.min.js responded 200 in 1.5477 ms
[13:22:32 INF] HTTP GET /js/products-catalog-filter.js responded 200 in 0.8924 ms
[13:22:39 INF] HTTP POST /Inventory/EditProduct responded 302 in 17.5144 ms
[13:22:39 INF] HTTP GET /Inventory/Products responded 200 in 43.6277 ms
[13:22:39 INF] HTTP GET /css/site.css responded 304 in 0.3762 ms
[13:22:39 INF] HTTP GET /lib/bootstrap/dist/css/bootstrap.min.css responded 304 in 0.3656 ms
[13:22:39 INF] HTTP GET /Biktal.WebMVC.styles.css responded 304 in 0.2641 ms
[13:22:40 INF] HTTP GET /lib/jquery/dist/jquery.min.js responded 304 in 0.3418 ms
[13:22:40 INF] HTTP GET /lib/bootstrap/dist/js/bootstrap.bundle.min.js responded 304 in 0.8380 ms
[13:22:40 INF] HTTP GET /js/site.js responded 304 in 0.3957 ms
[13:22:40 INF] HTTP GET /lib/jquery-validation/dist/jquery.validate.min.js responded 304 in 0.2816 ms
[13:22:40 INF] HTTP GET /lib/jquery-validation-unobtrusive/dist/jquery.validate.unobtrusive.min.js responded 304 in 0.6293 ms
[13:22:40 INF] HTTP GET /js/products-catalog-filter.js responded 304 in 0.4544 ms
[13:22:42 INF] HTTP GET /Inventory/Products responded 200 in 78.6523 ms
[13:22:42 INF] HTTP GET /css/site.css responded 304 in 3.3384 ms
[13:22:42 INF] HTTP GET /lib/bootstrap/dist/css/bootstrap.min.css responded 304 in 1.9528 ms
[13:22:42 INF] HTTP GET /Biktal.WebMVC.styles.css responded 304 in 0.4393 ms
[13:22:42 INF] HTTP GET /lib/jquery/dist/jquery.min.js responded 304 in 0.2736 ms
[13:22:42 INF] HTTP GET /js/site.js responded 304 in 0.3886 ms
[13:22:42 INF] HTTP GET /lib/bootstrap/dist/js/bootstrap.bundle.min.js responded 304 in 0.5248 ms
[13:22:42 INF] HTTP GET /lib/jquery-validation/dist/jquery.validate.min.js responded 304 in 0.4262 ms
[13:22:42 INF] HTTP GET /lib/jquery-validation-unobtrusive/dist/jquery.validate.unobtrusive.min.js responded 304 in 0.5910 ms
[13:22:42 INF] HTTP GET /js/products-catalog-filter.js responded 304 in 4.7487 ms
[13:22:45 INF] HTTP POST /Inventory/EditProduct responded 302 in 13.9328 ms
[13:22:45 INF] HTTP GET /Inventory/Products responded 200 in 39.2356 ms
[13:22:45 INF] HTTP GET /lib/bootstrap/dist/css/bootstrap.min.css responded 304 in 0.3680 ms
[13:22:45 INF] HTTP GET /Biktal.WebMVC.styles.css responded 304 in 0.3012 ms
[13:22:45 INF] HTTP GET /css/site.css responded 304 in 0.2933 ms
[13:22:46 INF] HTTP GET /lib/jquery/dist/jquery.min.js responded 304 in 0.3399 ms
[13:22:46 INF] HTTP GET /lib/bootstrap/dist/js/bootstrap.bundle.min.js responded 304 in 0.4272 ms
[13:22:46 INF] HTTP GET /js/site.js responded 304 in 0.5156 ms
[13:22:46 INF] HTTP GET /lib/jquery-validation/dist/jquery.validate.min.js responded 304 in 1.2198 ms
[13:22:46 INF] HTTP GET /lib/jquery-validation-unobtrusive/dist/jquery.validate.unobtrusive.min.js responded 304 in 0.4552 ms
[13:22:46 INF] HTTP GET /js/products-catalog-filter.js responded 304 in 1.4181 ms
[13:22:48 INF] HTTP GET /Inventory/Products responded 200 in 96.1901 ms
[13:22:48 INF] HTTP GET /lib/bootstrap/dist/css/bootstrap.min.css responded 304 in 0.4712 ms
[13:22:48 INF] HTTP GET /Biktal.WebMVC.styles.css responded 304 in 0.4611 ms
[13:22:48 INF] HTTP GET /css/site.css responded 304 in 1.1540 ms
[13:22:49 INF] HTTP GET /lib/jquery/dist/jquery.min.js responded 304 in 0.2725 ms
[13:22:49 INF] HTTP GET /lib/bootstrap/dist/js/bootstrap.bundle.min.js responded 304 in 0.6579 ms
[13:22:49 INF] HTTP GET /js/site.js responded 304 in 0.3956 ms
[13:22:49 INF] HTTP GET /lib/jquery-validation-unobtrusive/dist/jquery.validate.unobtrusive.min.js responded 304 in 0.3915 ms
[13:22:49 INF] HTTP GET /lib/jquery-validation/dist/jquery.validate.min.js responded 304 in 0.5219 ms
[13:22:49 INF] HTTP GET /js/products-catalog-filter.js responded 304 in 0.6280 ms
[13:22:52 INF] HTTP POST /Inventory/EditProduct responded 302 in 6.9487 ms
[13:22:52 INF] HTTP GET /Inventory/Products responded 200 in 40.8914 ms
[13:22:52 INF] HTTP GET /css/site.css responded 304 in 0.3114 ms
[13:22:52 INF] HTTP GET /lib/bootstrap/dist/css/bootstrap.min.css responded 304 in 0.3345 ms
[13:22:52 INF] HTTP GET /Biktal.WebMVC.styles.css responded 304 in 0.2386 ms
[13:22:53 INF] HTTP GET /lib/jquery/dist/jquery.min.js responded 304 in 0.5491 ms
[13:22:53 INF] HTTP GET /lib/bootstrap/dist/js/bootstrap.bundle.min.js responded 304 in 0.3848 ms
[13:22:53 INF] HTTP GET /js/site.js responded 304 in 0.2765 ms
[13:22:53 INF] HTTP GET /lib/jquery-validation/dist/jquery.validate.min.js responded 304 in 0.6076 ms
[13:22:53 INF] HTTP GET /lib/jquery-validation-unobtrusive/dist/jquery.validate.unobtrusive.min.js responded 304 in 0.5035 ms
[13:22:53 INF] HTTP GET /js/products-catalog-filter.js responded 304 in 1.4232 ms
[13:22:55 INF] HTTP GET /Inventory/Products responded 200 in 75.5050 ms
[13:22:55 INF] HTTP GET /css/site.css responded 304 in 1.3672 ms
[13:22:55 INF] HTTP GET /lib/bootstrap/dist/css/bootstrap.min.css responded 200 in 2.8749 ms
[13:22:55 INF] HTTP GET /Biktal.WebMVC.styles.css responded 304 in 0.7001 ms
[13:22:56 INF] HTTP GET /lib/jquery/dist/jquery.min.js responded 304 in 0.2781 ms
[13:22:56 INF] HTTP GET /lib/bootstrap/dist/js/bootstrap.bundle.min.js responded 304 in 0.4597 ms
[13:22:56 INF] HTTP GET /js/site.js responded 304 in 0.4289 ms
[13:22:56 INF] HTTP GET /lib/jquery-validation/dist/jquery.validate.min.js responded 304 in 0.4843 ms
[13:22:56 INF] HTTP GET /lib/jquery-validation-unobtrusive/dist/jquery.validate.unobtrusive.min.js responded 304 in 0.3775 ms
[13:22:56 INF] HTTP GET /js/products-catalog-filter.js responded 304 in 0.8632 ms
[13:23:01 INF] HTTP POST /Inventory/EditProduct responded 302 in 8.3115 ms
[13:23:01 INF] HTTP GET /Inventory/Products responded 200 in 51.2536 ms
[13:23:01 INF] HTTP GET /Biktal.WebMVC.styles.css responded 304 in 0.3089 ms
[13:23:01 INF] HTTP GET /css/site.css responded 304 in 0.3681 ms
[13:23:01 INF] HTTP GET /lib/bootstrap/dist/css/bootstrap.min.css responded 304 in 0.3288 ms
[13:23:03 INF] HTTP GET /lib/jquery/dist/jquery.min.js responded 304 in 0.3485 ms
[13:23:03 INF] HTTP GET /js/site.js responded 304 in 0.4542 ms
[13:23:03 INF] HTTP GET /lib/bootstrap/dist/js/bootstrap.bundle.min.js responded 304 in 0.5726 ms
[13:23:03 INF] HTTP GET /lib/jquery-validation/dist/jquery.validate.min.js responded 304 in 0.5061 ms
[13:23:03 INF] HTTP GET /lib/jquery-validation-unobtrusive/dist/jquery.validate.unobtrusive.min.js responded 304 in 1.2085 ms
[13:23:03 INF] HTTP GET /js/products-catalog-filter.js responded 304 in 0.8333 ms
[13:23:05 INF] HTTP GET /Inventory/Products responded 200 in 61.7296 ms
[13:23:06 INF] HTTP GET /lib/bootstrap/dist/css/bootstrap.min.css responded 200 in 0.9583 ms
[13:23:06 INF] HTTP GET /css/site.css responded 304 in 0.4473 ms
[13:23:06 INF] HTTP GET /Biktal.WebMVC.styles.css responded 304 in 0.4145 ms
[13:23:06 INF] HTTP GET /lib/jquery/dist/jquery.min.js responded 304 in 0.2803 ms
[13:23:06 INF] HTTP GET /js/site.js responded 304 in 0.3369 ms
[13:23:06 INF] HTTP GET /lib/bootstrap/dist/js/bootstrap.bundle.min.js responded 304 in 0.3829 ms
[13:23:06 INF] HTTP GET /lib/jquery-validation/dist/jquery.validate.min.js responded 304 in 0.5429 ms
[13:23:06 INF] HTTP GET /lib/jquery-validation-unobtrusive/dist/jquery.validate.unobtrusive.min.js responded 304 in 0.8609 ms
[13:23:06 INF] HTTP GET /js/products-catalog-filter.js responded 304 in 2.2797 ms
[13:23:10 INF] HTTP POST /Inventory/EditProduct responded 302 in 8.7545 ms
[13:23:10 INF] HTTP GET /Inventory/Products responded 200 in 36.4993 ms
[13:23:10 INF] HTTP GET /lib/bootstrap/dist/css/bootstrap.min.css responded 304 in 0.6267 ms
[13:23:10 INF] HTTP GET /css/site.css responded 304 in 0.5365 ms
[13:23:10 INF] HTTP GET /Biktal.WebMVC.styles.css responded 304 in 0.4257 ms
[13:23:11 INF] HTTP GET /lib/jquery/dist/jquery.min.js responded 304 in 0.2569 ms
[13:23:11 INF] HTTP GET /lib/bootstrap/dist/js/bootstrap.bundle.min.js responded 304 in 0.4454 ms
[13:23:11 INF] HTTP GET /js/site.js responded 304 in 0.4486 ms
[13:23:11 INF] HTTP GET /lib/jquery-validation/dist/jquery.validate.min.js responded 304 in 0.4385 ms
[13:23:11 INF] HTTP GET /lib/jquery-validation-unobtrusive/dist/jquery.validate.unobtrusive.min.js responded 304 in 0.8476 ms
[13:23:11 INF] HTTP GET /js/products-catalog-filter.js responded 304 in 1.9841 ms
[13:23:17 INF] HTTP GET /Inventory/Products responded 200 in 77.5625 ms
[13:23:17 INF] HTTP GET /lib/bootstrap/dist/css/bootstrap.min.css responded 200 in 6.0960 ms
[13:23:17 INF] HTTP GET /css/site.css responded 304 in 1.7966 ms
[13:23:17 INF] HTTP GET /Biktal.WebMVC.styles.css responded 304 in 0.5900 ms
[13:23:18 INF] HTTP GET /lib/jquery/dist/jquery.min.js responded 304 in 0.4614 ms
[13:23:18 INF] HTTP GET /lib/bootstrap/dist/js/bootstrap.bundle.min.js responded 304 in 2.5242 ms
[13:23:18 INF] HTTP GET /lib/jquery-validation/dist/jquery.validate.min.js responded 304 in 0.3840 ms
[13:23:18 INF] HTTP GET /js/site.js responded 304 in 0.6533 ms
[13:23:18 INF] HTTP GET /js/products-catalog-filter.js responded 304 in 0.3579 ms
[13:23:18 INF] HTTP GET /lib/jquery-validation-unobtrusive/dist/jquery.validate.unobtrusive.min.js responded 304 in 0.9911 ms
[13:23:20 INF] HTTP POST /Inventory/EditProduct responded 302 in 9.2871 ms
[13:23:20 INF] HTTP GET /Inventory/Products responded 200 in 49.9595 ms
[13:23:20 INF] HTTP GET /lib/bootstrap/dist/css/bootstrap.min.css responded 304 in 0.4502 ms
[13:23:20 INF] HTTP GET /css/site.css responded 304 in 0.5989 ms
[13:23:20 INF] HTTP GET /Biktal.WebMVC.styles.css responded 304 in 0.2725 ms
[13:23:21 INF] HTTP GET /lib/jquery/dist/jquery.min.js responded 304 in 0.2703 ms
[13:23:21 INF] HTTP GET /lib/bootstrap/dist/js/bootstrap.bundle.min.js responded 304 in 0.6258 ms
[13:23:21 INF] HTTP GET /js/site.js responded 304 in 0.4930 ms
[13:23:21 INF] HTTP GET /lib/jquery-validation/dist/jquery.validate.min.js responded 304 in 0.9117 ms
[13:23:21 INF] HTTP GET /lib/jquery-validation-unobtrusive/dist/jquery.validate.unobtrusive.min.js responded 304 in 0.5812 ms
[13:23:21 INF] HTTP GET /js/products-catalog-filter.js responded 304 in 1.3013 ms
[13:23:23 INF] HTTP GET /Inventory/Products responded 200 in 78.9272 ms
[13:23:23 INF] HTTP GET /lib/bootstrap/dist/css/bootstrap.min.css responded 200 in 4.6812 ms
[13:23:23 INF] HTTP GET /Biktal.WebMVC.styles.css responded 304 in 0.3501 ms
[13:23:23 INF] HTTP GET /css/site.css responded 304 in 0.3608 ms
[13:23:24 INF] HTTP GET /lib/jquery/dist/jquery.min.js responded 304 in 0.2677 ms
[13:23:24 INF] HTTP GET /lib/bootstrap/dist/js/bootstrap.bundle.min.js responded 304 in 0.4467 ms
[13:23:24 INF] HTTP GET /js/site.js responded 304 in 0.3844 ms
[13:23:24 INF] HTTP GET /lib/jquery-validation-unobtrusive/dist/jquery.validate.unobtrusive.min.js responded 304 in 0.4812 ms
[13:23:24 INF] HTTP GET /lib/jquery-validation/dist/jquery.validate.min.js responded 304 in 2.1800 ms
[13:23:24 INF] HTTP GET /js/products-catalog-filter.js responded 304 in 2.2245 ms
[13:23:29 INF] HTTP POST /Inventory/EditProduct responded 302 in 6.4773 ms
[13:23:29 INF] HTTP GET /Inventory/Products responded 200 in 52.9487 ms
[13:23:29 INF] HTTP GET /lib/bootstrap/dist/css/bootstrap.min.css responded 304 in 0.5500 ms
[13:23:29 INF] HTTP GET /Biktal.WebMVC.styles.css responded 304 in 0.3489 ms
[13:23:29 INF] HTTP GET /css/site.css responded 304 in 0.2977 ms
[13:23:30 INF] HTTP GET /lib/jquery/dist/jquery.min.js responded 304 in 0.2618 ms
[13:23:30 INF] HTTP GET /lib/bootstrap/dist/js/bootstrap.bundle.min.js responded 304 in 0.4849 ms
[13:23:30 INF] HTTP GET /js/site.js responded 304 in 0.6633 ms
[13:23:30 INF] HTTP GET /lib/jquery-validation/dist/jquery.validate.min.js responded 304 in 0.5222 ms
[13:23:30 INF] HTTP GET /lib/jquery-validation-unobtrusive/dist/jquery.validate.unobtrusive.min.js responded 304 in 0.4748 ms
[13:23:30 INF] HTTP GET /js/products-catalog-filter.js responded 304 in 2.7345 ms
[13:23:33 INF] HTTP GET /Inventory/Products responded 200 in 74.9319 ms
[13:23:33 INF] HTTP GET /lib/bootstrap/dist/css/bootstrap.min.css responded 200 in 1.5226 ms
[13:23:33 INF] HTTP GET /css/site.css responded 304 in 0.4448 ms
[13:23:33 INF] HTTP GET /Biktal.WebMVC.styles.css responded 304 in 0.4697 ms
[13:23:34 INF] HTTP GET /lib/jquery/dist/jquery.min.js responded 304 in 0.2726 ms
[13:23:34 INF] HTTP GET /lib/bootstrap/dist/js/bootstrap.bundle.min.js responded 304 in 0.8674 ms
[13:23:34 INF] HTTP GET /js/site.js responded 304 in 0.4796 ms
[13:23:34 INF] HTTP GET /lib/jquery-validation/dist/jquery.validate.min.js responded 304 in 0.4260 ms
[13:23:34 INF] HTTP GET /lib/jquery-validation-unobtrusive/dist/jquery.validate.unobtrusive.min.js responded 304 in 0.9106 ms
[13:23:34 INF] HTTP GET /js/products-catalog-filter.js responded 304 in 0.4190 ms
[13:24:21 INF] HTTP POST /Inventory/EditProduct responded 302 in 8.1482 ms
[13:24:21 INF] HTTP GET /Inventory/Products responded 200 in 45.6092 ms
[13:24:21 INF] HTTP GET /css/site.css responded 304 in 0.3798 ms
[13:24:21 INF] HTTP GET /Biktal.WebMVC.styles.css responded 304 in 0.6292 ms
[13:24:21 INF] HTTP GET /lib/bootstrap/dist/css/bootstrap.min.css responded 200 in 2.9083 ms
[13:24:22 INF] HTTP GET /lib/jquery/dist/jquery.min.js responded 304 in 0.4293 ms
[13:24:22 INF] HTTP GET /lib/bootstrap/dist/js/bootstrap.bundle.min.js responded 304 in 0.4368 ms
[13:24:22 INF] HTTP GET /js/site.js responded 304 in 0.5093 ms
[13:24:22 INF] HTTP GET /lib/jquery-validation/dist/jquery.validate.min.js responded 304 in 0.5974 ms
[13:24:22 INF] HTTP GET /lib/jquery-validation-unobtrusive/dist/jquery.validate.unobtrusive.min.js responded 304 in 0.5147 ms
[13:24:22 INF] HTTP GET /js/products-catalog-filter.js responded 304 in 0.6344 ms
[13:24:24 INF] HTTP GET /Inventory/Products responded 200 in 71.2604 ms
[13:24:24 INF] HTTP GET /lib/bootstrap/dist/css/bootstrap.min.css responded 304 in 0.8089 ms
[13:24:24 INF] HTTP GET /Biktal.WebMVC.styles.css responded 304 in 0.5040 ms
[13:24:24 INF] HTTP GET /css/site.css responded 304 in 0.6352 ms
[13:24:25 INF] HTTP GET /lib/jquery/dist/jquery.min.js responded 304 in 0.3699 ms
[13:24:25 INF] HTTP GET /js/site.js responded 304 in 0.4577 ms
[13:24:25 INF] HTTP GET /lib/bootstrap/dist/js/bootstrap.bundle.min.js responded 304 in 0.5307 ms
[13:24:25 INF] HTTP GET /lib/jquery-validation/dist/jquery.validate.min.js responded 304 in 1.3248 ms
[13:24:25 INF] HTTP GET /lib/jquery-validation-unobtrusive/dist/jquery.validate.unobtrusive.min.js responded 304 in 0.6793 ms
[13:24:25 INF] HTTP GET /js/products-catalog-filter.js responded 304 in 0.3766 ms
[13:24:28 INF] HTTP POST /Inventory/EditProduct responded 302 in 8.1272 ms
[13:24:28 INF] HTTP GET /Inventory/Products responded 200 in 33.3420 ms
[13:24:28 INF] HTTP GET /css/site.css responded 304 in 0.4515 ms
[13:24:28 INF] HTTP GET /Biktal.WebMVC.styles.css responded 304 in 0.6233 ms
[13:24:28 INF] HTTP GET /lib/bootstrap/dist/css/bootstrap.min.css responded 200 in 1.9366 ms
[13:24:29 INF] HTTP GET /lib/jquery/dist/jquery.min.js responded 304 in 0.2654 ms
[13:24:29 INF] HTTP GET /lib/bootstrap/dist/js/bootstrap.bundle.min.js responded 304 in 0.9607 ms
[13:24:29 INF] HTTP GET /js/site.js responded 304 in 0.4908 ms
[13:24:29 INF] HTTP GET /lib/jquery-validation/dist/jquery.validate.min.js responded 304 in 1.2932 ms
[13:24:29 INF] HTTP GET /lib/jquery-validation-unobtrusive/dist/jquery.validate.unobtrusive.min.js responded 304 in 1.8381 ms
[13:24:29 INF] HTTP GET /js/products-catalog-filter.js responded 304 in 0.6255 ms
[13:24:32 INF] HTTP GET /Inventory/Products responded 200 in 57.3105 ms
[13:24:32 INF] HTTP GET /lib/bootstrap/dist/css/bootstrap.min.css responded 304 in 0.9300 ms
[13:24:32 INF] HTTP GET /css/site.css responded 304 in 0.8137 ms
[13:24:32 INF] HTTP GET /Biktal.WebMVC.styles.css responded 304 in 2.5722 ms
[13:24:33 INF] HTTP GET /lib/jquery/dist/jquery.min.js responded 304 in 0.2602 ms
[13:24:33 INF] HTTP GET /js/site.js responded 304 in 0.3365 ms
[13:24:33 INF] HTTP GET /lib/bootstrap/dist/js/bootstrap.bundle.min.js responded 304 in 0.3967 ms
[13:24:33 INF] HTTP GET /lib/jquery-validation/dist/jquery.validate.min.js responded 304 in 0.6331 ms
[13:24:33 INF] HTTP GET /lib/jquery-validation-unobtrusive/dist/jquery.validate.unobtrusive.min.js responded 304 in 0.3851 ms
[13:24:33 INF] HTTP GET /js/products-catalog-filter.js responded 304 in 0.2512 ms
[13:24:35 INF] HTTP POST /Inventory/EditProduct responded 302 in 7.3864 ms
[13:24:35 INF] HTTP GET /Inventory/Products responded 200 in 36.5307 ms
[13:24:35 INF] HTTP GET /css/site.css responded 304 in 0.6133 ms
[13:24:35 INF] HTTP GET /Biktal.WebMVC.styles.css responded 304 in 0.3370 ms
[13:24:35 INF] HTTP GET /lib/bootstrap/dist/css/bootstrap.min.css responded 304 in 0.2880 ms
[13:24:36 INF] HTTP GET /lib/jquery/dist/jquery.min.js responded 304 in 0.2589 ms
[13:24:36 INF] HTTP GET /lib/bootstrap/dist/js/bootstrap.bundle.min.js responded 304 in 0.5456 ms
[13:24:36 INF] HTTP GET /js/site.js responded 304 in 0.3111 ms
[13:24:36 INF] HTTP GET /lib/jquery-validation-unobtrusive/dist/jquery.validate.unobtrusive.min.js responded 304 in 0.3704 ms
[13:24:36 INF] HTTP GET /lib/jquery-validation/dist/jquery.validate.min.js responded 304 in 0.7281 ms
[13:24:36 INF] HTTP GET /js/products-catalog-filter.js responded 304 in 0.5355 ms
[13:24:39 INF] HTTP GET /Inventory/Products responded 200 in 59.9670 ms
[13:24:39 INF] HTTP GET /css/site.css responded 304 in 0.9688 ms
[13:24:39 INF] HTTP GET /lib/bootstrap/dist/css/bootstrap.min.css responded 304 in 1.1633 ms
[13:24:39 INF] HTTP GET /Biktal.WebMVC.styles.css responded 304 in 0.8402 ms
[13:24:40 INF] HTTP GET /lib/jquery/dist/jquery.min.js responded 304 in 0.2598 ms
[13:24:40 INF] HTTP GET /lib/bootstrap/dist/js/bootstrap.bundle.min.js responded 304 in 1.1239 ms
[13:24:40 INF] HTTP GET /js/site.js responded 304 in 0.4238 ms
[13:24:40 INF] HTTP GET /lib/jquery-validation-unobtrusive/dist/jquery.validate.unobtrusive.min.js responded 304 in 0.4354 ms
[13:24:40 INF] HTTP GET /lib/jquery-validation/dist/jquery.validate.min.js responded 304 in 1.5876 ms
[13:24:40 INF] HTTP GET /js/products-catalog-filter.js responded 304 in 0.5836 ms
[13:24:42 INF] HTTP POST /Inventory/EditProduct responded 302 in 7.2840 ms
[13:24:42 INF] HTTP GET /Inventory/Products responded 200 in 40.5247 ms
[13:24:42 INF] HTTP GET /lib/bootstrap/dist/css/bootstrap.min.css responded 304 in 0.5883 ms
[13:24:42 INF] HTTP GET /css/site.css responded 304 in 0.3299 ms
[13:24:42 INF] HTTP GET /Biktal.WebMVC.styles.css responded 304 in 0.3303 ms
[13:24:44 INF] HTTP GET /lib/jquery/dist/jquery.min.js responded 304 in 0.2504 ms
[13:24:44 INF] HTTP GET /lib/bootstrap/dist/js/bootstrap.bundle.min.js responded 304 in 0.4765 ms
[13:24:44 INF] HTTP GET /lib/jquery-validation/dist/jquery.validate.min.js responded 304 in 0.5531 ms
[13:24:44 INF] HTTP GET /lib/jquery-validation-unobtrusive/dist/jquery.validate.unobtrusive.min.js responded 304 in 1.1544 ms
[13:24:44 INF] HTTP GET /js/site.js responded 304 in 1.5462 ms
[13:24:44 INF] HTTP GET /js/products-catalog-filter.js responded 304 in 0.5249 ms
[13:24:46 INF] HTTP GET /Inventory/Products responded 200 in 53.4907 ms
[13:24:46 INF] HTTP GET /lib/bootstrap/dist/css/bootstrap.min.css responded 304 in 4.9854 ms
[13:24:46 INF] HTTP GET /Biktal.WebMVC.styles.css responded 304 in 0.4966 ms
[13:24:46 INF] HTTP GET /css/site.css responded 304 in 0.9842 ms
[13:24:46 INF] HTTP GET /lib/jquery/dist/jquery.min.js responded 304 in 0.2768 ms
[13:24:46 INF] HTTP GET /lib/bootstrap/dist/js/bootstrap.bundle.min.js responded 304 in 1.1454 ms
[13:24:46 INF] HTTP GET /js/site.js responded 304 in 0.4836 ms
[13:24:46 INF] HTTP GET /lib/jquery-validation/dist/jquery.validate.min.js responded 304 in 0.9824 ms
[13:24:46 INF] HTTP GET /lib/jquery-validation-unobtrusive/dist/jquery.validate.unobtrusive.min.js responded 304 in 0.5003 ms
[13:24:46 INF] HTTP GET /js/products-catalog-filter.js responded 304 in 0.6695 ms
[13:24:51 INF] HTTP POST /Inventory/EditProduct responded 302 in 17.6749 ms
[13:24:51 INF] HTTP GET /Inventory/Products responded 200 in 72.8874 ms
[13:24:51 INF] HTTP GET /css/site.css responded 304 in 0.3529 ms
[13:24:51 INF] HTTP GET /lib/bootstrap/dist/css/bootstrap.min.css responded 200 in 0.8695 ms
[13:24:51 INF] HTTP GET /Biktal.WebMVC.styles.css responded 304 in 0.4193 ms
[13:24:52 INF] HTTP GET /lib/jquery/dist/jquery.min.js responded 304 in 0.3430 ms
[13:24:52 INF] HTTP GET /lib/bootstrap/dist/js/bootstrap.bundle.min.js responded 304 in 0.4703 ms
[13:24:52 INF] HTTP GET /lib/jquery-validation/dist/jquery.validate.min.js responded 304 in 0.8367 ms
[13:24:52 INF] HTTP GET /lib/jquery-validation-unobtrusive/dist/jquery.validate.unobtrusive.min.js responded 304 in 1.2348 ms
[13:24:52 INF] HTTP GET /js/site.js responded 304 in 1.9158 ms
[13:24:52 INF] HTTP GET /js/products-catalog-filter.js responded 304 in 0.5433 ms
[13:24:55 INF] HTTP GET /Inventory/Products responded 200 in 58.9419 ms
[13:24:55 INF] HTTP GET /lib/bootstrap/dist/css/bootstrap.min.css responded 304 in 0.7029 ms
[13:24:55 INF] HTTP GET /Biktal.WebMVC.styles.css responded 304 in 3.8935 ms
[13:24:55 INF] HTTP GET /css/site.css responded 304 in 6.6200 ms
[13:24:56 INF] HTTP GET /lib/jquery/dist/jquery.min.js responded 304 in 0.9358 ms
[13:24:56 INF] HTTP GET /lib/bootstrap/dist/js/bootstrap.bundle.min.js responded 304 in 0.5084 ms
[13:24:56 INF] HTTP GET /js/site.js responded 304 in 0.4079 ms
[13:24:56 INF] HTTP GET /lib/jquery-validation/dist/jquery.validate.min.js responded 304 in 0.4300 ms
[13:24:56 INF] HTTP GET /lib/jquery-validation-unobtrusive/dist/jquery.validate.unobtrusive.min.js responded 304 in 0.7119 ms
[13:24:56 INF] HTTP GET /js/products-catalog-filter.js responded 304 in 0.3331 ms
[13:24:58 INF] HTTP POST /Inventory/EditProduct responded 302 in 5.1598 ms
[13:24:58 INF] HTTP GET /Inventory/Products responded 200 in 34.7907 ms
[13:24:59 INF] HTTP GET /lib/bootstrap/dist/css/bootstrap.min.css responded 200 in 1.0645 ms
[13:24:59 INF] HTTP GET /css/site.css responded 304 in 0.4789 ms
[13:24:59 INF] HTTP GET /Biktal.WebMVC.styles.css responded 304 in 0.3531 ms
[13:25:00 INF] HTTP GET /lib/jquery/dist/jquery.min.js responded 304 in 0.3496 ms
[13:25:00 INF] HTTP GET /js/site.js responded 304 in 0.2876 ms
[13:25:00 INF] HTTP GET /lib/bootstrap/dist/js/bootstrap.bundle.min.js responded 304 in 0.5127 ms
[13:25:00 INF] HTTP GET /lib/jquery-validation-unobtrusive/dist/jquery.validate.unobtrusive.min.js responded 304 in 0.3139 ms
[13:25:00 INF] HTTP GET /js/products-catalog-filter.js responded 304 in 0.8118 ms
[13:25:00 INF] HTTP GET /lib/jquery-validation/dist/jquery.validate.min.js responded 304 in 0.9641 ms
[13:27:17 INF] HTTP GET /Inventory/Products responded 200 in 43.1067 ms
[13:27:17 INF] HTTP GET /lib/bootstrap/dist/css/bootstrap.min.css responded 200 in 4.8948 ms
[13:27:17 INF] HTTP GET /css/site.css responded 200 in 3.8949 ms
[13:27:17 INF] HTTP GET /Biktal.WebMVC.styles.css responded 200 in 4.0720 ms
[13:27:18 INF] HTTP GET /lib/jquery/dist/jquery.min.js responded 200 in 0.7851 ms
[13:27:18 INF] HTTP GET /lib/bootstrap/dist/js/bootstrap.bundle.min.js responded 200 in 1.1617 ms
[13:27:18 INF] HTTP GET /js/site.js responded 200 in 1.2443 ms
[13:27:18 INF] HTTP GET /lib/jquery-validation/dist/jquery.validate.min.js responded 200 in 1.1850 ms
[13:27:18 INF] HTTP GET /js/products-catalog-filter.js responded 200 in 0.8237 ms
[13:27:18 INF] HTTP GET /lib/jquery-validation-unobtrusive/dist/jquery.validate.unobtrusive.min.js responded 200 in 4.8491 ms
[13:28:44 INF] HTTP POST /Inventory/EditProduct responded 302 in 104.2256 ms
[13:28:44 INF] HTTP GET /Inventory/Products responded 200 in 65.2573 ms
[13:28:44 INF] HTTP GET /lib/bootstrap/dist/css/bootstrap.min.css responded 200 in 1.4850 ms
[13:28:44 INF] HTTP GET /css/site.css responded 200 in 1.0028 ms
[13:28:44 INF] HTTP GET /Biktal.WebMVC.styles.css responded 200 in 0.8431 ms
[13:28:45 INF] HTTP GET /lib/jquery/dist/jquery.min.js responded 304 in 0.5599 ms
[13:28:45 INF] HTTP GET /lib/bootstrap/dist/js/bootstrap.bundle.min.js responded 304 in 0.7168 ms
[13:28:45 INF] HTTP GET /lib/jquery-validation/dist/jquery.validate.min.js responded 304 in 0.4034 ms
[13:28:45 INF] HTTP GET /js/site.js responded 304 in 0.3647 ms
[13:28:45 INF] HTTP GET /lib/jquery-validation-unobtrusive/dist/jquery.validate.unobtrusive.min.js responded 304 in 0.4312 ms
[13:28:45 INF] HTTP GET /js/products-catalog-filter.js responded 304 in 0.5752 ms
[13:29:04 INF] HTTP GET /Inventory/Products responded 200 in 45.7393 ms
[13:29:04 INF] HTTP GET /lib/bootstrap/dist/css/bootstrap.min.css responded 200 in 5.2988 ms
[13:29:04 INF] HTTP GET /Biktal.WebMVC.styles.css responded 200 in 0.9447 ms
[13:29:04 INF] HTTP GET /css/site.css responded 200 in 1.8541 ms
[13:29:05 INF] HTTP GET /lib/jquery/dist/jquery.min.js responded 304 in 0.2808 ms
[13:29:05 INF] HTTP GET /lib/bootstrap/dist/js/bootstrap.bundle.min.js responded 304 in 0.5216 ms
[13:29:05 INF] HTTP GET /js/site.js responded 304 in 0.7608 ms
[13:29:05 INF] HTTP GET /lib/jquery-validation-unobtrusive/dist/jquery.validate.unobtrusive.min.js responded 304 in 0.5439 ms
[13:29:05 INF] HTTP GET /lib/jquery-validation/dist/jquery.validate.min.js responded 304 in 1.5944 ms
[13:29:05 INF] HTTP GET /js/products-catalog-filter.js responded 304 in 0.7922 ms
[13:29:12 INF] HTTP POST /Inventory/EditProduct responded 302 in 7.1391 ms
[13:29:12 INF] HTTP GET /Inventory/Products responded 200 in 36.6224 ms
[13:29:12 INF] HTTP GET /lib/bootstrap/dist/css/bootstrap.min.css responded 304 in 1.8013 ms
[13:29:12 INF] HTTP GET /css/site.css responded 304 in 1.5018 ms
[13:29:12 INF] HTTP GET /Biktal.WebMVC.styles.css responded 304 in 0.3752 ms
[13:29:13 INF] HTTP GET /lib/jquery/dist/jquery.min.js responded 304 in 0.2700 ms
[13:29:13 INF] HTTP GET /lib/bootstrap/dist/js/bootstrap.bundle.min.js responded 304 in 1.5602 ms
[13:29:13 INF] HTTP GET /js/site.js responded 304 in 1.2081 ms
[13:29:13 INF] HTTP GET /lib/jquery-validation/dist/jquery.validate.min.js responded 304 in 0.4571 ms
[13:29:13 INF] HTTP GET /lib/jquery-validation-unobtrusive/dist/jquery.validate.unobtrusive.min.js responded 304 in 0.4972 ms
[13:29:13 INF] HTTP GET /js/products-catalog-filter.js responded 304 in 0.5019 ms
[13:29:24 INF] HTTP GET /Inventory/Products responded 200 in 48.8695 ms
[13:29:24 INF] HTTP GET /lib/bootstrap/dist/css/bootstrap.min.css responded 200 in 2.1608 ms
[13:29:24 INF] HTTP GET /css/site.css responded 304 in 0.6791 ms
[13:29:24 INF] HTTP GET /Biktal.WebMVC.styles.css responded 304 in 0.4551 ms
[13:29:25 INF] HTTP GET /lib/jquery/dist/jquery.min.js responded 304 in 0.2488 ms
[13:29:25 INF] HTTP GET /lib/bootstrap/dist/js/bootstrap.bundle.min.js responded 304 in 0.5389 ms
[13:29:25 INF] HTTP GET /lib/jquery-validation/dist/jquery.validate.min.js responded 304 in 0.5246 ms
[13:29:25 INF] HTTP GET /js/site.js responded 304 in 0.8094 ms
[13:29:25 INF] HTTP GET /lib/jquery-validation-unobtrusive/dist/jquery.validate.unobtrusive.min.js responded 304 in 0.4187 ms
[13:29:25 INF] HTTP GET /js/products-catalog-filter.js responded 304 in 0.7346 ms
[13:29:39 INF] HTTP POST /Inventory/EditProduct responded 302 in 9.4248 ms
[13:29:39 INF] HTTP GET /Inventory/Products responded 200 in 47.3767 ms
[13:29:39 INF] HTTP GET /css/site.css responded 304 in 0.4154 ms
[13:29:39 INF] HTTP GET /Biktal.WebMVC.styles.css responded 304 in 0.2900 ms
[13:29:39 INF] HTTP GET /lib/bootstrap/dist/css/bootstrap.min.css responded 200 in 0.8428 ms
[13:29:40 INF] HTTP GET /lib/jquery/dist/jquery.min.js responded 304 in 0.2568 ms
[13:29:40 INF] HTTP GET /lib/bootstrap/dist/js/bootstrap.bundle.min.js responded 304 in 0.4688 ms
[13:29:40 INF] HTTP GET /js/site.js responded 304 in 0.6374 ms
[13:29:40 INF] HTTP GET /lib/jquery-validation/dist/jquery.validate.min.js responded 304 in 1.0856 ms
[13:29:40 INF] HTTP GET /lib/jquery-validation-unobtrusive/dist/jquery.validate.unobtrusive.min.js responded 304 in 0.5848 ms
[13:29:40 INF] HTTP GET /js/products-catalog-filter.js responded 304 in 0.8581 ms
[13:29:51 INF] HTTP GET /Inventory/Products responded 200 in 45.9735 ms
[13:29:51 INF] HTTP GET /lib/bootstrap/dist/css/bootstrap.min.css responded 304 in 0.4194 ms
[13:29:51 INF] HTTP GET /css/site.css responded 304 in 0.3405 ms
[13:29:51 INF] HTTP GET /Biktal.WebMVC.styles.css responded 304 in 0.3496 ms
[13:29:52 INF] HTTP GET /lib/jquery/dist/jquery.min.js responded 304 in 0.2534 ms
[13:29:52 INF] HTTP GET /lib/bootstrap/dist/js/bootstrap.bundle.min.js responded 304 in 0.8797 ms
[13:29:52 INF] HTTP GET /js/site.js responded 304 in 1.1521 ms
[13:29:52 INF] HTTP GET /lib/jquery-validation-unobtrusive/dist/jquery.validate.unobtrusive.min.js responded 304 in 0.4332 ms
[13:29:52 INF] HTTP GET /js/products-catalog-filter.js responded 304 in 0.4816 ms
[13:29:52 INF] HTTP GET /lib/jquery-validation/dist/jquery.validate.min.js responded 304 in 0.4784 ms
[13:30:07 INF] HTTP POST /Inventory/EditProduct responded 302 in 8.3736 ms
[13:30:07 INF] HTTP GET /Inventory/Products responded 200 in 48.1836 ms
[13:30:07 INF] HTTP GET /lib/bootstrap/dist/css/bootstrap.min.css responded 200 in 3.5612 ms
[13:30:07 INF] HTTP GET /Biktal.WebMVC.styles.css responded 304 in 0.2926 ms
[13:30:07 INF] HTTP GET /css/site.css responded 304 in 0.4361 ms
[13:30:08 INF] HTTP GET /lib/jquery/dist/jquery.min.js responded 304 in 0.2734 ms
[13:30:08 INF] HTTP GET /lib/bootstrap/dist/js/bootstrap.bundle.min.js responded 304 in 0.5741 ms
[13:30:08 INF] HTTP GET /js/site.js responded 304 in 0.4637 ms
[13:30:08 INF] HTTP GET /lib/jquery-validation/dist/jquery.validate.min.js responded 304 in 0.7745 ms
[13:30:08 INF] HTTP GET /lib/jquery-validation-unobtrusive/dist/jquery.validate.unobtrusive.min.js responded 304 in 0.4384 ms
[13:30:08 INF] HTTP GET /js/products-catalog-filter.js responded 304 in 0.6851 ms
[13:31:04 INF] HTTP GET /Inventory/Products responded 200 in 64.4099 ms
[13:31:04 INF] HTTP GET /lib/bootstrap/dist/css/bootstrap.min.css responded 200 in 4.9198 ms
[13:31:04 INF] HTTP GET /css/site.css responded 304 in 0.4749 ms
[13:31:04 INF] HTTP GET /Biktal.WebMVC.styles.css responded 304 in 0.3334 ms
[13:31:05 INF] HTTP GET /lib/jquery/dist/jquery.min.js responded 200 in 1.2423 ms
[13:31:05 INF] HTTP GET /lib/bootstrap/dist/js/bootstrap.bundle.min.js responded 200 in 0.8856 ms
[13:31:05 INF] HTTP GET /js/site.js responded 200 in 0.7855 ms
[13:31:05 INF] HTTP GET /lib/jquery-validation/dist/jquery.validate.min.js responded 200 in 0.8837 ms
[13:31:06 INF] HTTP GET /js/products-catalog-filter.js responded 200 in 2.2345 ms
[13:31:06 INF] HTTP GET /lib/jquery-validation-unobtrusive/dist/jquery.validate.unobtrusive.min.js responded 200 in 2.0814 ms
[13:32:03 INF] HTTP GET /Inventory/Products responded 200 in 54.3389 ms
[13:32:03 INF] HTTP GET /lib/bootstrap/dist/css/bootstrap.min.css responded 200 in 2.0904 ms
[13:32:03 INF] HTTP GET /css/site.css responded 200 in 0.8381 ms
[13:32:03 INF] HTTP GET /Biktal.WebMVC.styles.css responded 200 in 0.9339 ms
[13:32:04 INF] HTTP GET /lib/jquery/dist/jquery.min.js responded 200 in 0.6531 ms
[13:32:05 INF] HTTP GET /js/site.js responded 200 in 0.6996 ms
[13:32:05 INF] HTTP GET /lib/bootstrap/dist/js/bootstrap.bundle.min.js responded 200 in 1.3628 ms
[13:32:05 INF] HTTP GET /lib/jquery-validation/dist/jquery.validate.min.js responded 200 in 2.5593 ms
[13:32:05 INF] HTTP GET /lib/jquery-validation-unobtrusive/dist/jquery.validate.unobtrusive.min.js responded 200 in 4.4705 ms
[13:32:05 INF] HTTP GET /js/products-catalog-filter.js responded 200 in 0.8921 ms
[13:35:32 INF] HTTP POST /Inventory/EditProduct responded 302 in 73.1439 ms
[13:35:32 INF] HTTP GET /Inventory/Products responded 200 in 64.8918 ms
[13:35:32 INF] HTTP GET /css/site.css responded 200 in 1.1394 ms
[13:35:32 INF] HTTP GET /lib/bootstrap/dist/css/bootstrap.min.css responded 200 in 1.2289 ms
[13:35:32 INF] HTTP GET /Biktal.WebMVC.styles.css responded 200 in 1.1212 ms
[13:35:33 INF] HTTP GET /lib/jquery/dist/jquery.min.js responded 200 in 1.6412 ms
[13:35:33 INF] HTTP GET /js/site.js responded 200 in 0.7310 ms
[13:35:33 INF] HTTP GET /lib/bootstrap/dist/js/bootstrap.bundle.min.js responded 200 in 1.0754 ms
[13:35:33 INF] HTTP GET /lib/jquery-validation/dist/jquery.validate.min.js responded 200 in 0.6812 ms
[13:35:33 INF] HTTP GET /lib/jquery-validation-unobtrusive/dist/jquery.validate.unobtrusive.min.js responded 200 in 1.6325 ms
[13:35:33 INF] HTTP GET /js/products-catalog-filter.js responded 200 in 1.4520 ms
[13:41:24 INF] HTTP GET /Inventory/Products responded 200 in 119.9694 ms
[13:41:24 INF] HTTP GET /css/site.css responded 200 in 1.1524 ms
[13:41:24 INF] HTTP GET /lib/bootstrap/dist/css/bootstrap.min.css responded 200 in 0.9860 ms
[13:41:24 INF] HTTP GET /Biktal.WebMVC.styles.css responded 200 in 0.9290 ms
[13:41:26 INF] HTTP GET /lib/jquery/dist/jquery.min.js responded 200 in 0.6727 ms
[13:41:26 INF] HTTP GET /lib/bootstrap/dist/js/bootstrap.bundle.min.js responded 200 in 1.6221 ms
[13:41:26 INF] HTTP GET /lib/jquery-validation/dist/jquery.validate.min.js responded 200 in 1.3680 ms
[13:41:26 INF] HTTP GET /js/site.js responded 200 in 2.7884 ms
[13:41:26 INF] HTTP GET /js/products-catalog-filter.js responded 200 in 0.7308 ms
[13:41:26 INF] HTTP GET /lib/jquery-validation-unobtrusive/dist/jquery.validate.unobtrusive.min.js responded 200 in 1.3983 ms
[13:41:50 INF] HTTP POST /Inventory/EditProduct responded 302 in 22.4952 ms
[13:41:50 INF] HTTP GET /Inventory/Products responded 200 in 53.6530 ms
[13:41:50 INF] HTTP GET /css/site.css responded 200 in 0.9227 ms
[13:41:50 INF] HTTP GET /Biktal.WebMVC.styles.css responded 200 in 1.1449 ms
[13:41:50 INF] HTTP GET /lib/bootstrap/dist/css/bootstrap.min.css responded 200 in 0.9835 ms
[13:41:51 INF] HTTP GET /lib/jquery/dist/jquery.min.js responded 304 in 0.3235 ms
[13:41:51 INF] HTTP GET /lib/bootstrap/dist/js/bootstrap.bundle.min.js responded 304 in 0.6874 ms
[13:41:51 INF] HTTP GET /js/site.js responded 304 in 0.4289 ms
[13:41:51 INF] HTTP GET /lib/jquery-validation/dist/jquery.validate.min.js responded 304 in 0.4650 ms
[13:41:51 INF] HTTP GET /lib/jquery-validation-unobtrusive/dist/jquery.validate.unobtrusive.min.js responded 304 in 0.5441 ms
[13:41:51 INF] HTTP GET /js/products-catalog-filter.js responded 304 in 0.8859 ms
[13:42:02 INF] HTTP GET /Inventory/Products responded 200 in 42.5411 ms
[13:42:02 INF] HTTP GET /lib/bootstrap/dist/css/bootstrap.min.css responded 304 in 0.4107 ms
[13:42:02 INF] HTTP GET /css/site.css responded 304 in 0.8695 ms
[13:42:02 INF] HTTP GET /Biktal.WebMVC.styles.css responded 304 in 0.3961 ms
[13:42:03 INF] HTTP GET /lib/jquery/dist/jquery.min.js responded 304 in 0.3289 ms
[13:42:03 INF] HTTP GET /lib/bootstrap/dist/js/bootstrap.bundle.min.js responded 304 in 0.4162 ms
[13:42:03 INF] HTTP GET /js/site.js responded 304 in 0.4065 ms
[13:42:03 INF] HTTP GET /lib/jquery-validation/dist/jquery.validate.min.js responded 304 in 0.3774 ms
[13:42:03 INF] HTTP GET /lib/jquery-validation-unobtrusive/dist/jquery.validate.unobtrusive.min.js responded 304 in 0.2349 ms
[13:42:03 INF] HTTP GET /js/products-catalog-filter.js responded 304 in 0.2128 ms
[13:42:08 INF] HTTP POST /Inventory/EditProduct responded 302 in 9.0155 ms
[13:42:08 INF] HTTP GET /Inventory/Products responded 200 in 48.2204 ms
[13:42:08 INF] HTTP GET /css/site.css responded 304 in 3.5234 ms
[13:42:08 INF] HTTP GET /Biktal.WebMVC.styles.css responded 304 in 0.2990 ms
[13:42:08 INF] HTTP GET /lib/bootstrap/dist/css/bootstrap.min.css responded 304 in 0.2888 ms
[13:42:09 INF] HTTP GET /lib/jquery/dist/jquery.min.js responded 304 in 0.2665 ms
[13:42:09 INF] HTTP GET /js/site.js responded 304 in 0.3671 ms
[13:42:09 INF] HTTP GET /lib/bootstrap/dist/js/bootstrap.bundle.min.js responded 304 in 0.5039 ms
[13:42:09 INF] HTTP GET /lib/jquery-validation-unobtrusive/dist/jquery.validate.unobtrusive.min.js responded 304 in 0.2262 ms
[13:42:09 INF] HTTP GET /lib/jquery-validation/dist/jquery.validate.min.js responded 304 in 0.3322 ms
[13:42:09 INF] HTTP GET /js/products-catalog-filter.js responded 304 in 0.2736 ms
[14:02:35 INF] Application is shutting down...
