[11:36:56 ERR] Failed executing DbCommand (8ms) [Parameters=[@p0='?' (DbType = Guid), @p1='?' (DbType = DateTime), @p2='?' (DbType = Guid), @p3='?', @p4='?' (DbType = DateTime), @p5='?' (DbType = Int32), @p6='?' (DbType = Int32), @p7='?', @p8='?', @p9='?' (DbType = Guid), @p10='?' (DbType = DateTime), @p11='?' (DbType = Guid), @p12='?', @p13='?' (DbType = DateTime), @p14='?' (DbType = Int32), @p15='?' (DbType = Int32), @p16='?', @p17='?'], CommandType='Text', CommandTimeout='30']
INSERT INTO "CrmSupportTickets" ("Id", "CreatedAtUtc", "CustomerId", "Description", "ModifiedAtUtc", "Priority", "Status", "Subject", "TicketNumber")
VALUES (@p0, @p1, @p2, @p3, @p4, @p5, @p6, @p7, @p8);
INSERT INTO "CrmSupportTickets" ("Id", "CreatedAtUtc", "CustomerId", "Description", "ModifiedAtUtc", "Priority", "Status", "Subject", "TicketNumber")
VALUES (@p9, @p10, @p11, @p12, @p13, @p14, @p15, @p16, @p17);
[11:36:56 ERR] An exception occurred in the database while saving changes for context type 'Biktal.Infrastructure.Persistence.ApplicationDbContext'.
Microsoft.EntityFrameworkCore.DbUpdateException: An error occurred while saving the entity changes. See the inner exception for details.
 ---> Npgsql.PostgresException (0x80004005): 23503: insert or update on table "CrmSupportTickets" violates foreign key constraint "FK_CrmSupportTickets_CrmCustomers_CustomerId"

DETAIL: Detail redacted as it may contain sensitive data. Specify 'Include Error Detail' in the connection string to include this information.
   at Npgsql.Internal.NpgsqlConnector.ReadMessageLong(Boolean async, DataRowLoadingMode dataRowLoadingMode, Boolean readingNotifications, Boolean isReadingPrependedMessage)
   at System.Runtime.CompilerServices.PoolingAsyncValueTaskMethodBuilder`1.StateMachineBox`1.System.Threading.Tasks.Sources.IValueTaskSource<TResult>.GetResult(Int16 token)
   at Npgsql.NpgsqlDataReader.NextResult(Boolean async, Boolean isConsuming, CancellationToken cancellationToken)
   at Npgsql.NpgsqlDataReader.NextResult(Boolean async, Boolean isConsuming, CancellationToken cancellationToken)
   at Npgsql.NpgsqlCommand.ExecuteReader(Boolean async, CommandBehavior behavior, CancellationToken cancellationToken)
   at Npgsql.NpgsqlCommand.ExecuteReader(Boolean async, CommandBehavior behavior, CancellationToken cancellationToken)
   at Npgsql.NpgsqlCommand.ExecuteDbDataReaderAsync(CommandBehavior behavior, CancellationToken cancellationToken)
   at Microsoft.EntityFrameworkCore.Storage.RelationalCommand.ExecuteReaderAsync(RelationalCommandParameterObject parameterObject, CancellationToken cancellationToken)
   at Microsoft.EntityFrameworkCore.Storage.RelationalCommand.ExecuteReaderAsync(RelationalCommandParameterObject parameterObject, CancellationToken cancellationToken)
   at Microsoft.EntityFrameworkCore.Update.ReaderModificationCommandBatch.ExecuteAsync(IRelationalConnection connection, CancellationToken cancellationToken)
  Exception data:
    Severity: ERROR
    SqlState: 23503
    MessageText: insert or update on table "CrmSupportTickets" violates foreign key constraint "FK_CrmSupportTickets_CrmCustomers_CustomerId"
    Detail: Detail redacted as it may contain sensitive data. Specify 'Include Error Detail' in the connection string to include this information.
    SchemaName: public
    TableName: CrmSupportTickets
    ConstraintName: FK_CrmSupportTickets_CrmCustomers_CustomerId
    File: ri_triggers.c
    Line: 2783
    Routine: ri_ReportViolation
   --- End of inner exception stack trace ---
   at Microsoft.EntityFrameworkCore.Update.ReaderModificationCommandBatch.ExecuteAsync(IRelationalConnection connection, CancellationToken cancellationToken)
   at Microsoft.EntityFrameworkCore.Update.Internal.BatchExecutor.ExecuteAsync(IEnumerable`1 commandBatches, IRelationalConnection connection, CancellationToken cancellationToken)
   at Microsoft.EntityFrameworkCore.Update.Internal.BatchExecutor.ExecuteAsync(IEnumerable`1 commandBatches, IRelationalConnection connection, CancellationToken cancellationToken)
   at Microsoft.EntityFrameworkCore.Update.Internal.BatchExecutor.ExecuteAsync(IEnumerable`1 commandBatches, IRelationalConnection connection, CancellationToken cancellationToken)
   at Microsoft.EntityFrameworkCore.Storage.RelationalDatabase.SaveChangesAsync(IList`1 entries, CancellationToken cancellationToken)
   at Microsoft.EntityFrameworkCore.ChangeTracking.Internal.StateManager.SaveChangesAsync(IList`1 entriesToSave, CancellationToken cancellationToken)
   at Microsoft.EntityFrameworkCore.ChangeTracking.Internal.StateManager.SaveChangesAsync(StateManager stateManager, Boolean acceptAllChangesOnSuccess, CancellationToken cancellationToken)
   at Npgsql.EntityFrameworkCore.PostgreSQL.Storage.Internal.NpgsqlExecutionStrategy.ExecuteAsync[TState,TResult](TState state, Func`4 operation, Func`4 verifySucceeded, CancellationToken cancellationToken)
   at Microsoft.EntityFrameworkCore.DbContext.SaveChangesAsync(Boolean acceptAllChangesOnSuccess, CancellationToken cancellationToken)
Microsoft.EntityFrameworkCore.DbUpdateException: An error occurred while saving the entity changes. See the inner exception for details.
 ---> Npgsql.PostgresException (0x80004005): 23503: insert or update on table "CrmSupportTickets" violates foreign key constraint "FK_CrmSupportTickets_CrmCustomers_CustomerId"

DETAIL: Detail redacted as it may contain sensitive data. Specify 'Include Error Detail' in the connection string to include this information.
   at Npgsql.Internal.NpgsqlConnector.ReadMessageLong(Boolean async, DataRowLoadingMode dataRowLoadingMode, Boolean readingNotifications, Boolean isReadingPrependedMessage)
   at System.Runtime.CompilerServices.PoolingAsyncValueTaskMethodBuilder`1.StateMachineBox`1.System.Threading.Tasks.Sources.IValueTaskSource<TResult>.GetResult(Int16 token)
   at Npgsql.NpgsqlDataReader.NextResult(Boolean async, Boolean isConsuming, CancellationToken cancellationToken)
   at Npgsql.NpgsqlDataReader.NextResult(Boolean async, Boolean isConsuming, CancellationToken cancellationToken)
   at Npgsql.NpgsqlCommand.ExecuteReader(Boolean async, CommandBehavior behavior, CancellationToken cancellationToken)
   at Npgsql.NpgsqlCommand.ExecuteReader(Boolean async, CommandBehavior behavior, CancellationToken cancellationToken)
   at Npgsql.NpgsqlCommand.ExecuteDbDataReaderAsync(CommandBehavior behavior, CancellationToken cancellationToken)
   at Microsoft.EntityFrameworkCore.Storage.RelationalCommand.ExecuteReaderAsync(RelationalCommandParameterObject parameterObject, CancellationToken cancellationToken)
   at Microsoft.EntityFrameworkCore.Storage.RelationalCommand.ExecuteReaderAsync(RelationalCommandParameterObject parameterObject, CancellationToken cancellationToken)
   at Microsoft.EntityFrameworkCore.Update.ReaderModificationCommandBatch.ExecuteAsync(IRelationalConnection connection, CancellationToken cancellationToken)
  Exception data:
    Severity: ERROR
    SqlState: 23503
    MessageText: insert or update on table "CrmSupportTickets" violates foreign key constraint "FK_CrmSupportTickets_CrmCustomers_CustomerId"
    Detail: Detail redacted as it may contain sensitive data. Specify 'Include Error Detail' in the connection string to include this information.
    SchemaName: public
    TableName: CrmSupportTickets
    ConstraintName: FK_CrmSupportTickets_CrmCustomers_CustomerId
    File: ri_triggers.c
    Line: 2783
    Routine: ri_ReportViolation
   --- End of inner exception stack trace ---
   at Microsoft.EntityFrameworkCore.Update.ReaderModificationCommandBatch.ExecuteAsync(IRelationalConnection connection, CancellationToken cancellationToken)
   at Microsoft.EntityFrameworkCore.Update.Internal.BatchExecutor.ExecuteAsync(IEnumerable`1 commandBatches, IRelationalConnection connection, CancellationToken cancellationToken)
   at Microsoft.EntityFrameworkCore.Update.Internal.BatchExecutor.ExecuteAsync(IEnumerable`1 commandBatches, IRelationalConnection connection, CancellationToken cancellationToken)
   at Microsoft.EntityFrameworkCore.Update.Internal.BatchExecutor.ExecuteAsync(IEnumerable`1 commandBatches, IRelationalConnection connection, CancellationToken cancellationToken)
   at Microsoft.EntityFrameworkCore.Storage.RelationalDatabase.SaveChangesAsync(IList`1 entries, CancellationToken cancellationToken)
   at Microsoft.EntityFrameworkCore.ChangeTracking.Internal.StateManager.SaveChangesAsync(IList`1 entriesToSave, CancellationToken cancellationToken)
   at Microsoft.EntityFrameworkCore.ChangeTracking.Internal.StateManager.SaveChangesAsync(StateManager stateManager, Boolean acceptAllChangesOnSuccess, CancellationToken cancellationToken)
   at Npgsql.EntityFrameworkCore.PostgreSQL.Storage.Internal.NpgsqlExecutionStrategy.ExecuteAsync[TState,TResult](TState state, Func`4 operation, Func`4 verifySucceeded, CancellationToken cancellationToken)
   at Microsoft.EntityFrameworkCore.DbContext.SaveChangesAsync(Boolean acceptAllChangesOnSuccess, CancellationToken cancellationToken)
[11:36:56 ERR] Database migration or seed failed. Check PostgreSQL is running and ConnectionStrings:DefaultConnection is correct.
Microsoft.EntityFrameworkCore.DbUpdateException: An error occurred while saving the entity changes. See the inner exception for details.
 ---> Npgsql.PostgresException (0x80004005): 23503: insert or update on table "CrmSupportTickets" violates foreign key constraint "FK_CrmSupportTickets_CrmCustomers_CustomerId"

DETAIL: Detail redacted as it may contain sensitive data. Specify 'Include Error Detail' in the connection string to include this information.
   at Npgsql.Internal.NpgsqlConnector.ReadMessageLong(Boolean async, DataRowLoadingMode dataRowLoadingMode, Boolean readingNotifications, Boolean isReadingPrependedMessage)
   at System.Runtime.CompilerServices.PoolingAsyncValueTaskMethodBuilder`1.StateMachineBox`1.System.Threading.Tasks.Sources.IValueTaskSource<TResult>.GetResult(Int16 token)
   at Npgsql.NpgsqlDataReader.NextResult(Boolean async, Boolean isConsuming, CancellationToken cancellationToken)
   at Npgsql.NpgsqlDataReader.NextResult(Boolean async, Boolean isConsuming, CancellationToken cancellationToken)
   at Npgsql.NpgsqlCommand.ExecuteReader(Boolean async, CommandBehavior behavior, CancellationToken cancellationToken)
   at Npgsql.NpgsqlCommand.ExecuteReader(Boolean async, CommandBehavior behavior, CancellationToken cancellationToken)
   at Npgsql.NpgsqlCommand.ExecuteDbDataReaderAsync(CommandBehavior behavior, CancellationToken cancellationToken)
   at Microsoft.EntityFrameworkCore.Storage.RelationalCommand.ExecuteReaderAsync(RelationalCommandParameterObject parameterObject, CancellationToken cancellationToken)
   at Microsoft.EntityFrameworkCore.Storage.RelationalCommand.ExecuteReaderAsync(RelationalCommandParameterObject parameterObject, CancellationToken cancellationToken)
   at Microsoft.EntityFrameworkCore.Update.ReaderModificationCommandBatch.ExecuteAsync(IRelationalConnection connection, CancellationToken cancellationToken)
  Exception data:
    Severity: ERROR
    SqlState: 23503
    MessageText: insert or update on table "CrmSupportTickets" violates foreign key constraint "FK_CrmSupportTickets_CrmCustomers_CustomerId"
    Detail: Detail redacted as it may contain sensitive data. Specify 'Include Error Detail' in the connection string to include this information.
    SchemaName: public
    TableName: CrmSupportTickets
    ConstraintName: FK_CrmSupportTickets_CrmCustomers_CustomerId
    File: ri_triggers.c
    Line: 2783
    Routine: ri_ReportViolation
   --- End of inner exception stack trace ---
   at Microsoft.EntityFrameworkCore.Update.ReaderModificationCommandBatch.ExecuteAsync(IRelationalConnection connection, CancellationToken cancellationToken)
   at Microsoft.EntityFrameworkCore.Update.Internal.BatchExecutor.ExecuteAsync(IEnumerable`1 commandBatches, IRelationalConnection connection, CancellationToken cancellationToken)
   at Microsoft.EntityFrameworkCore.Update.Internal.BatchExecutor.ExecuteAsync(IEnumerable`1 commandBatches, IRelationalConnection connection, CancellationToken cancellationToken)
   at Microsoft.EntityFrameworkCore.Update.Internal.BatchExecutor.ExecuteAsync(IEnumerable`1 commandBatches, IRelationalConnection connection, CancellationToken cancellationToken)
   at Microsoft.EntityFrameworkCore.Storage.RelationalDatabase.SaveChangesAsync(IList`1 entries, CancellationToken cancellationToken)
   at Microsoft.EntityFrameworkCore.ChangeTracking.Internal.StateManager.SaveChangesAsync(IList`1 entriesToSave, CancellationToken cancellationToken)
   at Microsoft.EntityFrameworkCore.ChangeTracking.Internal.StateManager.SaveChangesAsync(StateManager stateManager, Boolean acceptAllChangesOnSuccess, CancellationToken cancellationToken)
   at Npgsql.EntityFrameworkCore.PostgreSQL.Storage.Internal.NpgsqlExecutionStrategy.ExecuteAsync[TState,TResult](TState state, Func`4 operation, Func`4 verifySucceeded, CancellationToken cancellationToken)
   at Microsoft.EntityFrameworkCore.DbContext.SaveChangesAsync(Boolean acceptAllChangesOnSuccess, CancellationToken cancellationToken)
   at Microsoft.EntityFrameworkCore.DbContext.SaveChangesAsync(Boolean acceptAllChangesOnSuccess, CancellationToken cancellationToken)
   at Biktal.Infrastructure.Persistence.CrmDataSeeder.SeedIfEmptyAsync(ApplicationDbContext db, CancellationToken cancellationToken)
   at Program.<Main>$(String[] args) in d:\Systems\BiktalSystems\Program.cs:line 71
[11:36:56 WRN] Continuing without a successful migration/seed. Auth and data pages may fail until the database is available.
[11:36:56 WRN] Using an in-memory repository. Keys will not be persisted to storage.
[11:36:56 WRN] Neither user profile nor HKLM registry available. Using an ephemeral key repository. Protected data will be unavailable when application exits.
[11:36:56 WRN] No XML encryptor configured. Key {15507630-4c4c-4e2f-8133-599e931d7142} may be persisted to storage in unencrypted form.
[11:36:56 INF] Application started. Press Ctrl+C to shut down.
[11:36:56 INF] Hosting environment: Production
[11:36:56 INF] Content root path: D:\Systems\BiktalSystems\publish
[11:36:57 INF] HTTP GET /Inventory/Products responded 302 in 121.4642 ms
[11:36:57 INF] HTTP GET /Inventory/Products responded 302 in 121.3889 ms
[11:36:57 INF] HTTP GET /Inventory/Products responded 302 in 120.8923 ms
[11:36:57 INF] HTTP GET /Inventory/Products responded 302 in 36.3932 ms
[11:36:57 ERR] An exception was thrown while deserializing the token.
Microsoft.AspNetCore.Antiforgery.AntiforgeryValidationException: The antiforgery token could not be decrypted.
 ---> System.Security.Cryptography.CryptographicException: The key {fd69b5a4-d917-4fdb-af7d-0fba8fd5ea6f} was not found in the key ring. For more information go to https://aka.ms/aspnet/dataprotectionwarning
   at Microsoft.AspNetCore.DataProtection.KeyManagement.KeyRingBasedDataProtector.UnprotectCore(Byte[] protectedData, Boolean allowOperationsOnRevokedKeys, UnprotectStatus& status)
   at Microsoft.AspNetCore.DataProtection.KeyManagement.KeyRingBasedDataProtector.Unprotect(Byte[] protectedData)
   at Microsoft.AspNetCore.Antiforgery.DefaultAntiforgeryTokenSerializer.Deserialize(String serializedToken)
   --- End of inner exception stack trace ---
   at Microsoft.AspNetCore.Antiforgery.DefaultAntiforgeryTokenSerializer.Deserialize(String serializedToken)
   at Microsoft.AspNetCore.Antiforgery.DefaultAntiforgery.GetCookieTokenDoesNotThrow(HttpContext httpContext)
[11:36:57 INF] HTTP GET /Account/Login responded 200 in 221.8373 ms
[11:36:57 INF] HTTP GET /Biktal.WebMVC.styles.css responded 200 in 97.1826 ms
[11:36:57 INF] HTTP GET /css/site.css responded 200 in 58.8397 ms
[11:36:57 INF] HTTP GET /lib/jquery-validation-unobtrusive/dist/jquery.validate.unobtrusive.min.js responded 200 in 96.7952 ms
[11:36:57 INF] HTTP GET /js/site.js responded 200 in 99.3349 ms
[11:36:57 INF] HTTP GET /lib/bootstrap/dist/js/bootstrap.bundle.min.js responded 200 in 102.0477 ms
[11:36:57 INF] HTTP GET /lib/bootstrap/dist/css/bootstrap.min.css responded 200 in 105.9637 ms
[11:36:57 INF] HTTP GET /lib/jquery/dist/jquery.min.js responded 200 in 98.7127 ms
[11:36:57 INF] HTTP GET /lib/jquery-validation/dist/jquery.validate.min.js responded 200 in 98.9424 ms
[11:37:06 INF] HTTP POST /Account/Login responded 302 in 585.4213 ms
[11:37:06 INF] HTTP GET /Inventory/Products responded 200 in 549.9809 ms
[11:37:06 INF] HTTP GET /css/site.css responded 200 in 6.2104 ms
[11:37:06 INF] HTTP GET /Biktal.WebMVC.styles.css responded 200 in 2.9205 ms
[11:37:06 INF] HTTP GET /lib/bootstrap/dist/css/bootstrap.min.css responded 200 in 47.0690 ms
[11:37:07 INF] HTTP GET /lib/jquery/dist/jquery.min.js responded 304 in 48.4929 ms
[11:37:07 INF] HTTP GET /js/site.js responded 304 in 22.0862 ms
[11:37:07 INF] HTTP GET /js/products-catalog-filter.js responded 200 in 19.2172 ms
[11:37:07 INF] HTTP GET /lib/jquery-validation/dist/jquery.validate.min.js responded 304 in 21.8830 ms
[11:37:07 INF] HTTP GET /lib/jquery-validation-unobtrusive/dist/jquery.validate.unobtrusive.min.js responded 304 in 15.2572 ms
[11:37:07 INF] HTTP GET /lib/bootstrap/dist/js/bootstrap.bundle.min.js responded 304 in 122.8966 ms
[11:37:19 INF] HTTP POST /Inventory/EditProduct responded 302 in 140.6416 ms
[11:37:19 INF] HTTP GET /Inventory/Products responded 200 in 146.1699 ms
[11:37:19 INF] HTTP GET /css/site.css responded 200 in 1.8223 ms
[11:37:19 INF] HTTP GET /lib/bootstrap/dist/css/bootstrap.min.css responded 200 in 4.3679 ms
[11:37:19 INF] HTTP GET /Biktal.WebMVC.styles.css responded 200 in 7.0016 ms
[11:37:20 INF] HTTP GET /lib/jquery/dist/jquery.min.js responded 304 in 0.7788 ms
[11:37:20 INF] HTTP GET /lib/bootstrap/dist/js/bootstrap.bundle.min.js responded 304 in 0.9529 ms
[11:37:20 INF] HTTP GET /js/site.js responded 304 in 0.9651 ms
[11:37:20 INF] HTTP GET /lib/jquery-validation/dist/jquery.validate.min.js responded 304 in 0.8595 ms
[11:37:20 INF] HTTP GET /js/products-catalog-filter.js responded 304 in 0.7475 ms
[11:37:20 INF] HTTP GET /lib/jquery-validation-unobtrusive/dist/jquery.validate.unobtrusive.min.js responded 304 in 0.7496 ms
[11:37:28 INF] HTTP GET /Inventory/Products responded 200 in 56.0899 ms
[11:37:28 INF] HTTP GET /lib/bootstrap/dist/css/bootstrap.min.css responded 304 in 1.0775 ms
[11:37:28 INF] HTTP GET /Biktal.WebMVC.styles.css responded 304 in 1.5169 ms
[11:37:28 INF] HTTP GET /css/site.css responded 304 in 4.0823 ms
[11:37:29 INF] HTTP GET /lib/jquery/dist/jquery.min.js responded 304 in 0.8722 ms
[11:37:29 INF] HTTP GET /lib/bootstrap/dist/js/bootstrap.bundle.min.js responded 304 in 0.6852 ms
[11:37:29 INF] HTTP GET /js/site.js responded 304 in 0.6762 ms
[11:37:29 INF] HTTP GET /lib/jquery-validation/dist/jquery.validate.min.js responded 304 in 0.7338 ms
[11:37:29 INF] HTTP GET /lib/jquery-validation-unobtrusive/dist/jquery.validate.unobtrusive.min.js responded 304 in 1.2801 ms
[11:37:29 INF] HTTP GET /js/products-catalog-filter.js responded 304 in 1.1248 ms
[11:37:37 INF] HTTP POST /Inventory/EditProduct responded 302 in 15.3903 ms
[11:37:37 INF] HTTP GET /Inventory/Products responded 200 in 41.8194 ms
[11:37:37 INF] HTTP GET /css/site.css responded 304 in 0.7475 ms
[11:37:37 INF] HTTP GET /lib/bootstrap/dist/css/bootstrap.min.css responded 200 in 3.1918 ms
[11:37:37 INF] HTTP GET /Biktal.WebMVC.styles.css responded 304 in 1.8974 ms
[11:37:38 INF] HTTP GET /lib/jquery/dist/jquery.min.js responded 304 in 0.7034 ms
[11:37:38 INF] HTTP GET /lib/bootstrap/dist/js/bootstrap.bundle.min.js responded 304 in 1.4613 ms
[11:37:38 INF] HTTP GET /lib/jquery-validation-unobtrusive/dist/jquery.validate.unobtrusive.min.js responded 304 in 0.7867 ms
[11:37:38 INF] HTTP GET /js/products-catalog-filter.js responded 304 in 0.6741 ms
[11:37:38 INF] HTTP GET /js/site.js responded 304 in 0.5886 ms
[11:37:38 INF] HTTP GET /lib/jquery-validation/dist/jquery.validate.min.js responded 304 in 0.8405 ms
[11:56:01 ERR] An error occurred using the connection to database 'biktal' on server 'tcp://localhost:5432'.
[11:56:01 ERR] HTTP GET /Inventory/Products responded 500 in 115.8100 ms
System.Threading.Tasks.TaskCanceledException: A task was canceled.
   at Npgsql.Internal.NpgsqlWriteBuffer.Flush(Boolean async, CancellationToken cancellationToken)
   at Npgsql.Internal.NpgsqlConnector.AuthenticateSASL(List`1 mechanisms, String username, Boolean async, CancellationToken cancellationToken)
   at Npgsql.Internal.NpgsqlConnector.Authenticate(String username, NpgsqlTimeout timeout, Boolean async, CancellationToken cancellationToken)
   at Npgsql.Internal.NpgsqlConnector.<Open>g__OpenCore|214_1(NpgsqlConnector conn, SslMode sslMode, NpgsqlTimeout timeout, Boolean async, CancellationToken cancellationToken)
   at Npgsql.Internal.NpgsqlConnector.Open(NpgsqlTimeout timeout, Boolean async, CancellationToken cancellationToken)
   at Npgsql.PoolingDataSource.OpenNewConnector(NpgsqlConnection conn, NpgsqlTimeout timeout, Boolean async, CancellationToken cancellationToken)
   at Npgsql.PoolingDataSource.<Get>g__RentAsync|33_0(NpgsqlConnection conn, NpgsqlTimeout timeout, Boolean async, CancellationToken cancellationToken)
   at Npgsql.NpgsqlConnection.<Open>g__OpenAsync|42_0(Boolean async, CancellationToken cancellationToken)
   at Microsoft.EntityFrameworkCore.Storage.RelationalConnection.OpenInternalAsync(Boolean errorsExpected, CancellationToken cancellationToken)
   at Microsoft.EntityFrameworkCore.Storage.RelationalConnection.OpenInternalAsync(Boolean errorsExpected, CancellationToken cancellationToken)
   at Microsoft.EntityFrameworkCore.Storage.RelationalConnection.OpenAsync(CancellationToken cancellationToken, Boolean errorsExpected)
   at Microsoft.EntityFrameworkCore.Storage.RelationalCommand.ExecuteReaderAsync(RelationalCommandParameterObject parameterObject, CancellationToken cancellationToken)
   at Microsoft.EntityFrameworkCore.Query.Internal.SingleQueryingEnumerable`1.AsyncEnumerator.InitializeReaderAsync(AsyncEnumerator enumerator, CancellationToken cancellationToken)
   at Npgsql.EntityFrameworkCore.PostgreSQL.Storage.Internal.NpgsqlExecutionStrategy.ExecuteAsync[TState,TResult](TState state, Func`4 operation, Func`4 verifySucceeded, CancellationToken cancellationToken)
   at Microsoft.EntityFrameworkCore.Query.Internal.SingleQueryingEnumerable`1.AsyncEnumerator.MoveNextAsync()
   at Microsoft.EntityFrameworkCore.Query.ShapedQueryCompilingExpressionVisitor.SingleOrDefaultAsync[TSource](IAsyncEnumerable`1 asyncEnumerable, CancellationToken cancellationToken)
   at Microsoft.EntityFrameworkCore.Query.ShapedQueryCompilingExpressionVisitor.SingleOrDefaultAsync[TSource](IAsyncEnumerable`1 asyncEnumerable, CancellationToken cancellationToken)
   at Biktal.WebMVC.Controllers.InventoryController.Products(Nullable`1 editId, CancellationToken cancellationToken) in d:\Systems\BiktalSystems\Controllers\InventoryController.cs:line 90
   at Microsoft.AspNetCore.Mvc.Infrastructure.ActionMethodExecutor.TaskOfIActionResultExecutor.Execute(ActionContext actionContext, IActionResultTypeMapper mapper, ObjectMethodExecutor executor, Object controller, Object[] arguments)
   at Microsoft.AspNetCore.Mvc.Infrastructure.ControllerActionInvoker.<InvokeActionMethodAsync>g__Awaited|12_0(ControllerActionInvoker invoker, ValueTask`1 actionResultValueTask)
   at Microsoft.AspNetCore.Mvc.Infrastructure.ControllerActionInvoker.<InvokeNextActionFilterAsync>g__Awaited|10_0(ControllerActionInvoker invoker, Task lastTask, State next, Scope scope, Object state, Boolean isCompleted)
   at Microsoft.AspNetCore.Mvc.Infrastructure.ControllerActionInvoker.Rethrow(ActionExecutedContextSealed context)
   at Microsoft.AspNetCore.Mvc.Infrastructure.ControllerActionInvoker.Next(State& next, Scope& scope, Object& state, Boolean& isCompleted)
   at Microsoft.AspNetCore.Mvc.Infrastructure.ControllerActionInvoker.<InvokeInnerFilterAsync>g__Awaited|13_0(ControllerActionInvoker invoker, Task lastTask, State next, Scope scope, Object state, Boolean isCompleted)
   at Microsoft.AspNetCore.Mvc.Infrastructure.ResourceInvoker.<InvokeNextResourceFilter>g__Awaited|25_0(ResourceInvoker invoker, Task lastTask, State next, Scope scope, Object state, Boolean isCompleted)
   at Microsoft.AspNetCore.Mvc.Infrastructure.ResourceInvoker.Rethrow(ResourceExecutedContextSealed context)
   at Microsoft.AspNetCore.Mvc.Infrastructure.ResourceInvoker.Next(State& next, Scope& scope, Object& state, Boolean& isCompleted)
   at Microsoft.AspNetCore.Mvc.Infrastructure.ResourceInvoker.<InvokeFilterPipelineAsync>g__Awaited|20_0(ResourceInvoker invoker, Task lastTask, State next, Scope scope, Object state, Boolean isCompleted)
   at Microsoft.AspNetCore.Mvc.Infrastructure.ResourceInvoker.<InvokeAsync>g__Awaited|17_0(ResourceInvoker invoker, Task task, IDisposable scope)
   at Microsoft.AspNetCore.Mvc.Infrastructure.ResourceInvoker.<InvokeAsync>g__Awaited|17_0(ResourceInvoker invoker, Task task, IDisposable scope)
   at Microsoft.AspNetCore.Authorization.AuthorizationMiddleware.Invoke(HttpContext context)
   at Microsoft.AspNetCore.Authentication.AuthenticationMiddleware.Invoke(HttpContext context)
   at Serilog.AspNetCore.RequestLoggingMiddleware.Invoke(HttpContext httpContext)
[11:56:01 INF] HTTP GET /Inventory/Products responded 200 in 133.5684 ms
[11:56:01 INF] HTTP GET /lib/bootstrap/dist/css/bootstrap.min.css responded 200 in 1.2477 ms
[11:56:01 INF] HTTP GET /css/site.css responded 200 in 1.1395 ms
[11:56:01 INF] HTTP GET /Biktal.WebMVC.styles.css responded 200 in 0.9901 ms
[11:56:02 INF] HTTP GET /lib/jquery/dist/jquery.min.js responded 200 in 1.7378 ms
[11:56:02 INF] HTTP GET /js/site.js responded 200 in 1.2008 ms
[11:56:02 INF] HTTP GET /lib/bootstrap/dist/js/bootstrap.bundle.min.js responded 200 in 1.1863 ms
[11:56:02 INF] HTTP GET /lib/jquery-validation/dist/jquery.validate.min.js responded 200 in 17.1005 ms
[11:56:02 INF] HTTP GET /lib/jquery-validation-unobtrusive/dist/jquery.validate.unobtrusive.min.js responded 200 in 2.6212 ms
[11:56:02 INF] HTTP GET /js/products-catalog-filter.js responded 200 in 2.3433 ms
[11:56:25 INF] HTTP POST /Inventory/EditProduct responded 302 in 18.4941 ms
[11:56:25 INF] HTTP GET /Inventory/Products responded 200 in 51.3706 ms
[11:56:25 INF] HTTP GET /Biktal.WebMVC.styles.css responded 200 in 1.3795 ms
[11:56:25 INF] HTTP GET /css/site.css responded 200 in 2.1774 ms
[11:56:25 INF] HTTP GET /lib/bootstrap/dist/css/bootstrap.min.css responded 200 in 8.8550 ms
[11:56:26 INF] HTTP GET /lib/jquery/dist/jquery.min.js responded 304 in 1.1492 ms
[11:56:26 INF] HTTP GET /lib/bootstrap/dist/js/bootstrap.bundle.min.js responded 304 in 0.5998 ms
[11:56:26 INF] HTTP GET /js/products-catalog-filter.js responded 304 in 0.5104 ms
[11:56:26 INF] HTTP GET /js/site.js responded 304 in 0.5460 ms
[11:56:26 INF] HTTP GET /lib/jquery-validation/dist/jquery.validate.min.js responded 304 in 0.3284 ms
[11:56:26 INF] HTTP GET /lib/jquery-validation-unobtrusive/dist/jquery.validate.unobtrusive.min.js responded 304 in 1.0043 ms
[11:57:03 INF] HTTP GET /Inventory/Products responded 200 in 116.8365 ms
[11:57:03 INF] HTTP GET /Biktal.WebMVC.styles.css responded 200 in 2.2423 ms
[11:57:03 INF] HTTP GET /css/site.css responded 200 in 1.4700 ms
[11:57:03 INF] HTTP GET /lib/bootstrap/dist/css/bootstrap.min.css responded 200 in 9.0962 ms
[11:57:04 INF] HTTP GET /lib/jquery/dist/jquery.min.js responded 200 in 1.7110 ms
[11:57:04 INF] HTTP GET /js/site.js responded 200 in 0.8654 ms
[11:57:04 INF] HTTP GET /lib/bootstrap/dist/js/bootstrap.bundle.min.js responded 200 in 1.2296 ms
[11:57:04 INF] HTTP GET /lib/jquery-validation-unobtrusive/dist/jquery.validate.unobtrusive.min.js responded 200 in 0.9188 ms
[11:57:04 INF] HTTP GET /lib/jquery-validation/dist/jquery.validate.min.js responded 200 in 1.1631 ms
[11:57:04 INF] HTTP GET /js/products-catalog-filter.js responded 200 in 1.7868 ms
[11:57:33 INF] HTTP POST /Inventory/EditProduct responded 302 in 32.3059 ms
[11:57:33 INF] HTTP GET /Inventory/Products responded 200 in 55.4191 ms
[11:57:33 INF] HTTP GET /css/site.css responded 200 in 1.1608 ms
[11:57:33 INF] HTTP GET /lib/bootstrap/dist/css/bootstrap.min.css responded 200 in 4.1133 ms
[11:57:33 INF] HTTP GET /Biktal.WebMVC.styles.css responded 200 in 2.4579 ms
[11:57:34 INF] HTTP GET /lib/jquery/dist/jquery.min.js responded 200 in 1.7525 ms
[11:57:34 INF] HTTP GET /js/site.js responded 200 in 0.7720 ms
[11:57:34 INF] HTTP GET /lib/bootstrap/dist/js/bootstrap.bundle.min.js responded 200 in 1.2322 ms
[11:57:34 INF] HTTP GET /lib/jquery-validation-unobtrusive/dist/jquery.validate.unobtrusive.min.js responded 200 in 1.0011 ms
[11:57:34 INF] HTTP GET /lib/jquery-validation/dist/jquery.validate.min.js responded 200 in 1.5042 ms
[11:57:34 INF] HTTP GET /js/products-catalog-filter.js responded 200 in 3.2485 ms
[11:58:14 INF] HTTP GET /Inventory/Products responded 200 in 141.9550 ms
[11:58:14 INF] HTTP GET /Biktal.WebMVC.styles.css responded 200 in 1.3685 ms
[11:58:14 INF] HTTP GET /lib/bootstrap/dist/css/bootstrap.min.css responded 200 in 1.6156 ms
[11:58:14 INF] HTTP GET /css/site.css responded 200 in 3.6118 ms
[11:58:15 INF] HTTP GET /lib/jquery/dist/jquery.min.js responded 200 in 0.9670 ms
[11:58:15 INF] HTTP GET /js/site.js responded 200 in 0.7260 ms
[11:58:15 INF] HTTP GET /lib/bootstrap/dist/js/bootstrap.bundle.min.js responded 200 in 0.8154 ms
[11:58:15 INF] HTTP GET /lib/jquery-validation/dist/jquery.validate.min.js responded 200 in 0.8553 ms
[11:58:15 INF] HTTP GET /lib/jquery-validation-unobtrusive/dist/jquery.validate.unobtrusive.min.js responded 200 in 0.8699 ms
[11:58:15 INF] HTTP GET /js/products-catalog-filter.js responded 200 in 1.3857 ms
[11:58:25 INF] HTTP POST /Inventory/EditProduct responded 302 in 15.5906 ms
[11:58:25 INF] HTTP GET /Inventory/Products responded 200 in 55.7364 ms
[11:58:25 INF] HTTP GET /lib/bootstrap/dist/css/bootstrap.min.css responded 200 in 1.9102 ms
[11:58:25 INF] HTTP GET /Biktal.WebMVC.styles.css responded 200 in 0.7906 ms
[11:58:25 INF] HTTP GET /css/site.css responded 200 in 1.2843 ms
[11:58:26 INF] HTTP GET /lib/jquery/dist/jquery.min.js responded 200 in 0.7051 ms
[11:58:26 INF] HTTP GET /js/site.js responded 200 in 0.8972 ms
[11:58:26 INF] HTTP GET /lib/jquery-validation/dist/jquery.validate.min.js responded 200 in 0.8137 ms
[11:58:26 INF] HTTP GET /lib/bootstrap/dist/js/bootstrap.bundle.min.js responded 200 in 0.8148 ms
[11:58:26 INF] HTTP GET /lib/jquery-validation-unobtrusive/dist/jquery.validate.unobtrusive.min.js responded 200 in 0.6693 ms
[11:58:26 INF] HTTP GET /js/products-catalog-filter.js responded 200 in 0.6208 ms
[11:58:35 INF] HTTP GET /Inventory/Products responded 200 in 66.7386 ms
[11:58:35 INF] HTTP GET /lib/bootstrap/dist/css/bootstrap.min.css responded 304 in 0.5282 ms
[11:58:35 INF] HTTP GET /css/site.css responded 304 in 0.4801 ms
[11:58:35 INF] HTTP GET /Biktal.WebMVC.styles.css responded 304 in 1.9849 ms
[11:58:36 INF] HTTP GET /lib/jquery/dist/jquery.min.js responded 304 in 0.2970 ms
[11:58:36 INF] HTTP GET /lib/bootstrap/dist/js/bootstrap.bundle.min.js responded 304 in 0.4622 ms
[11:58:36 INF] HTTP GET /lib/jquery-validation/dist/jquery.validate.min.js responded 304 in 0.3582 ms
[11:58:36 INF] HTTP GET /js/site.js responded 304 in 0.4607 ms
[11:58:36 INF] HTTP GET /lib/jquery-validation-unobtrusive/dist/jquery.validate.unobtrusive.min.js responded 304 in 0.8367 ms
[11:58:36 INF] HTTP GET /js/products-catalog-filter.js responded 304 in 0.6485 ms
[11:58:46 INF] HTTP POST /Inventory/EditProduct responded 302 in 12.6869 ms
[11:58:46 INF] HTTP GET /Inventory/Products responded 200 in 46.1745 ms
[11:58:46 INF] HTTP GET /css/site.css responded 304 in 0.4584 ms
[11:58:46 INF] HTTP GET /lib/bootstrap/dist/css/bootstrap.min.css responded 200 in 6.1238 ms
[11:58:46 INF] HTTP GET /Biktal.WebMVC.styles.css responded 304 in 0.5355 ms
[11:58:47 INF] HTTP GET /lib/jquery/dist/jquery.min.js responded 304 in 0.2847 ms
[11:58:47 INF] HTTP GET /lib/bootstrap/dist/js/bootstrap.bundle.min.js responded 304 in 1.0067 ms
[11:58:47 INF] HTTP GET /js/site.js responded 304 in 0.5077 ms
[11:58:47 INF] HTTP GET /lib/jquery-validation/dist/jquery.validate.min.js responded 304 in 3.8315 ms
[11:58:47 INF] HTTP GET /lib/jquery-validation-unobtrusive/dist/jquery.validate.unobtrusive.min.js responded 304 in 0.5523 ms
[11:58:47 INF] HTTP GET /js/products-catalog-filter.js responded 304 in 0.9203 ms
[11:59:15 INF] HTTP GET /Inventory/Products responded 200 in 74.4963 ms
[11:59:15 INF] HTTP GET /css/site.css responded 304 in 0.4628 ms
[11:59:15 INF] HTTP GET /lib/bootstrap/dist/css/bootstrap.min.css responded 200 in 1.1791 ms
[11:59:15 INF] HTTP GET /Biktal.WebMVC.styles.css responded 304 in 1.1979 ms
[11:59:16 INF] HTTP GET /lib/jquery/dist/jquery.min.js responded 304 in 0.2625 ms
[11:59:16 INF] HTTP GET /lib/bootstrap/dist/js/bootstrap.bundle.min.js responded 304 in 0.3762 ms
[11:59:16 INF] HTTP GET /js/site.js responded 304 in 0.4263 ms
[11:59:16 INF] HTTP GET /lib/jquery-validation/dist/jquery.validate.min.js responded 304 in 0.3553 ms
[11:59:16 INF] HTTP GET /js/products-catalog-filter.js responded 304 in 0.2490 ms
[11:59:16 INF] HTTP GET /lib/jquery-validation-unobtrusive/dist/jquery.validate.unobtrusive.min.js responded 304 in 0.2684 ms
[11:59:23 INF] HTTP GET /Inventory/Products responded 200 in 66.1780 ms
[11:59:23 INF] HTTP GET /lib/bootstrap/dist/css/bootstrap.min.css responded 304 in 0.4410 ms
[11:59:23 INF] HTTP GET /css/site.css responded 304 in 0.4589 ms
[11:59:23 INF] HTTP GET /Biktal.WebMVC.styles.css responded 304 in 0.3938 ms
[11:59:23 INF] HTTP GET /lib/jquery/dist/jquery.min.js responded 304 in 0.2783 ms
[11:59:23 INF] HTTP GET /lib/bootstrap/dist/js/bootstrap.bundle.min.js responded 304 in 0.4351 ms
[11:59:23 INF] HTTP GET /js/site.js responded 304 in 0.5731 ms
[11:59:23 INF] HTTP GET /lib/jquery-validation/dist/jquery.validate.min.js responded 304 in 0.2908 ms
[11:59:23 INF] HTTP GET /lib/jquery-validation-unobtrusive/dist/jquery.validate.unobtrusive.min.js responded 304 in 0.2674 ms
[11:59:23 INF] HTTP GET /js/products-catalog-filter.js responded 304 in 0.4024 ms
[12:01:43 INF] HTTP GET /Inventory/Products responded 200 in 140.6067 ms
[12:01:43 INF] HTTP GET /lib/bootstrap/dist/css/bootstrap.min.css responded 200 in 2.4909 ms
[12:01:43 INF] HTTP GET /css/site.css responded 200 in 2.0267 ms
[12:01:43 INF] HTTP GET /Biktal.WebMVC.styles.css responded 200 in 1.0539 ms
[12:01:44 INF] HTTP GET /lib/jquery/dist/jquery.min.js responded 200 in 0.9942 ms
[12:01:44 INF] HTTP GET /lib/bootstrap/dist/js/bootstrap.bundle.min.js responded 200 in 1.8191 ms
[12:01:44 INF] HTTP GET /lib/jquery-validation/dist/jquery.validate.min.js responded 200 in 9.5394 ms
[12:01:44 INF] HTTP GET /js/site.js responded 200 in 3.4448 ms
[12:01:44 INF] HTTP GET /lib/jquery-validation-unobtrusive/dist/jquery.validate.unobtrusive.min.js responded 200 in 1.1321 ms
[12:01:44 INF] HTTP GET /js/products-catalog-filter.js responded 200 in 3.6578 ms
[12:05:29 INF] HTTP POST /Inventory/EditProduct responded 302 in 15.1893 ms
[12:05:29 INF] HTTP GET /Inventory/Products responded 200 in 60.7478 ms
[12:05:29 INF] HTTP GET /Biktal.WebMVC.styles.css responded 200 in 0.9560 ms
[12:05:29 INF] HTTP GET /css/site.css responded 200 in 1.7253 ms
[12:05:29 INF] HTTP GET /lib/bootstrap/dist/css/bootstrap.min.css responded 200 in 1.7316 ms
[12:05:30 INF] HTTP GET /lib/jquery/dist/jquery.min.js responded 200 in 0.7006 ms
[12:05:30 INF] HTTP GET /js/site.js responded 200 in 0.9530 ms
[12:05:30 INF] HTTP GET /lib/jquery-validation/dist/jquery.validate.min.js responded 200 in 1.1590 ms
[12:05:30 INF] HTTP GET /lib/jquery-validation-unobtrusive/dist/jquery.validate.unobtrusive.min.js responded 200 in 1.2951 ms
[12:05:30 INF] HTTP GET /js/products-catalog-filter.js responded 200 in 3.9046 ms
[12:05:30 INF] HTTP GET /lib/bootstrap/dist/js/bootstrap.bundle.min.js responded 200 in 1.9649 ms
[12:05:37 INF] HTTP GET /Inventory/Products responded 200 in 83.8903 ms
[12:05:38 INF] HTTP GET /lib/bootstrap/dist/css/bootstrap.min.css responded 304 in 0.5962 ms
[12:05:38 INF] HTTP GET /Biktal.WebMVC.styles.css responded 304 in 0.4636 ms
[12:05:38 INF] HTTP GET /css/site.css responded 304 in 2.5301 ms
[12:05:38 INF] HTTP GET /lib/jquery/dist/jquery.min.js responded 304 in 0.3233 ms
[12:05:38 INF] HTTP GET /js/site.js responded 304 in 0.3620 ms
[12:05:38 INF] HTTP GET /lib/bootstrap/dist/js/bootstrap.bundle.min.js responded 304 in 0.6521 ms
[12:05:38 INF] HTTP GET /lib/jquery-validation/dist/jquery.validate.min.js responded 304 in 0.3120 ms
[12:05:38 INF] HTTP GET /lib/jquery-validation-unobtrusive/dist/jquery.validate.unobtrusive.min.js responded 304 in 0.2947 ms
[12:05:38 INF] HTTP GET /js/products-catalog-filter.js responded 304 in 0.2676 ms
[12:05:47 INF] HTTP POST /Inventory/EditProduct responded 302 in 15.8714 ms
[12:05:47 INF] HTTP GET /Inventory/Products responded 200 in 54.1857 ms
[12:05:47 INF] HTTP GET /css/site.css responded 304 in 1.0021 ms
[12:05:47 INF] HTTP GET /Biktal.WebMVC.styles.css responded 304 in 0.5007 ms
[12:05:47 INF] HTTP GET /lib/bootstrap/dist/css/bootstrap.min.css responded 304 in 0.3695 ms
[12:05:48 INF] HTTP GET /lib/jquery/dist/jquery.min.js responded 304 in 0.4535 ms
[12:05:48 INF] HTTP GET /lib/bootstrap/dist/js/bootstrap.bundle.min.js responded 304 in 0.4614 ms
[12:05:48 INF] HTTP GET /js/site.js responded 304 in 0.4131 ms
[12:05:48 INF] HTTP GET /lib/jquery-validation/dist/jquery.validate.min.js responded 304 in 0.4573 ms
[12:05:48 INF] HTTP GET /lib/jquery-validation-unobtrusive/dist/jquery.validate.unobtrusive.min.js responded 304 in 1.6259 ms
[12:05:48 INF] HTTP GET /js/products-catalog-filter.js responded 304 in 1.0088 ms
[12:06:09 INF] HTTP GET /Inventory/Products responded 200 in 69.5959 ms
[12:06:09 INF] HTTP GET /css/site.css responded 304 in 0.4384 ms
[12:06:09 INF] HTTP GET /lib/bootstrap/dist/css/bootstrap.min.css responded 200 in 1.7745 ms
[12:06:09 INF] HTTP GET /Biktal.WebMVC.styles.css responded 304 in 0.4092 ms
[12:06:10 INF] HTTP GET /lib/jquery/dist/jquery.min.js responded 304 in 0.2763 ms
[12:06:10 INF] HTTP GET /lib/bootstrap/dist/js/bootstrap.bundle.min.js responded 304 in 0.3136 ms
[12:06:10 INF] HTTP GET /lib/jquery-validation/dist/jquery.validate.min.js responded 304 in 1.8536 ms
[12:06:10 INF] HTTP GET /js/site.js responded 304 in 1.9464 ms
[12:06:10 INF] HTTP GET /lib/jquery-validation-unobtrusive/dist/jquery.validate.unobtrusive.min.js responded 304 in 0.5404 ms
[12:06:10 INF] HTTP GET /js/products-catalog-filter.js responded 304 in 2.6363 ms
[12:06:26 INF] HTTP POST /Inventory/EditProduct responded 302 in 9.0610 ms
[12:06:26 INF] HTTP GET /Inventory/Products responded 200 in 37.9692 ms
[12:06:26 INF] HTTP GET /lib/bootstrap/dist/css/bootstrap.min.css responded 200 in 1.3910 ms
[12:06:26 INF] HTTP GET /css/site.css responded 304 in 1.2412 ms
[12:06:26 INF] HTTP GET /Biktal.WebMVC.styles.css responded 304 in 0.5291 ms
[12:06:27 INF] HTTP GET /lib/jquery/dist/jquery.min.js responded 304 in 0.2497 ms
[12:06:27 INF] HTTP GET /lib/bootstrap/dist/js/bootstrap.bundle.min.js responded 304 in 0.4170 ms
[12:06:27 INF] HTTP GET /js/site.js responded 304 in 0.5618 ms
[12:06:27 INF] HTTP GET /lib/jquery-validation-unobtrusive/dist/jquery.validate.unobtrusive.min.js responded 304 in 0.2803 ms
[12:06:27 INF] HTTP GET /lib/jquery-validation/dist/jquery.validate.min.js responded 304 in 0.2927 ms
[12:06:27 INF] HTTP GET /js/products-catalog-filter.js responded 304 in 0.2835 ms
[12:07:55 INF] HTTP GET /Inventory/Products responded 200 in 238.1195 ms
[12:07:55 INF] HTTP GET /lib/bootstrap/dist/css/bootstrap.min.css responded 200 in 2.0984 ms
[12:07:55 INF] HTTP GET /Biktal.WebMVC.styles.css responded 200 in 1.5468 ms
[12:07:55 INF] HTTP GET /css/site.css responded 200 in 1.0384 ms
[12:07:56 INF] HTTP GET /lib/jquery/dist/jquery.min.js responded 200 in 1.8245 ms
[12:07:56 INF] HTTP GET /lib/bootstrap/dist/js/bootstrap.bundle.min.js responded 200 in 1.3547 ms
[12:07:56 INF] HTTP GET /js/site.js responded 200 in 0.7848 ms
[12:07:56 INF] HTTP GET /lib/jquery-validation/dist/jquery.validate.min.js responded 200 in 1.3023 ms
[12:07:56 INF] HTTP GET /js/products-catalog-filter.js responded 200 in 5.3567 ms
[12:07:56 INF] HTTP GET /lib/jquery-validation-unobtrusive/dist/jquery.validate.unobtrusive.min.js responded 200 in 2.3637 ms
[12:08:08 INF] HTTP POST /Inventory/EditProduct responded 302 in 14.9440 ms
[12:08:08 INF] HTTP GET /Inventory/Products responded 200 in 56.2939 ms
[12:08:08 INF] HTTP GET /css/site.css responded 304 in 0.4305 ms
[12:08:08 INF] HTTP GET /lib/bootstrap/dist/css/bootstrap.min.css responded 304 in 0.3835 ms
[12:08:08 INF] HTTP GET /Biktal.WebMVC.styles.css responded 304 in 12.1317 ms
[12:08:09 INF] HTTP GET /lib/jquery/dist/jquery.min.js responded 304 in 0.2691 ms
[12:08:09 INF] HTTP GET /lib/bootstrap/dist/js/bootstrap.bundle.min.js responded 304 in 0.3980 ms
[12:08:09 INF] HTTP GET /js/site.js responded 304 in 0.3581 ms
[12:08:09 INF] HTTP GET /lib/jquery-validation/dist/jquery.validate.min.js responded 304 in 0.2871 ms
[12:08:09 INF] HTTP GET /lib/jquery-validation-unobtrusive/dist/jquery.validate.unobtrusive.min.js responded 304 in 0.3210 ms
[12:08:09 INF] HTTP GET /js/products-catalog-filter.js responded 304 in 0.5440 ms
[12:09:01 INF] HTTP GET /Inventory/Products responded 200 in 62.6619 ms
[12:09:01 INF] HTTP GET /lib/bootstrap/dist/css/bootstrap.min.css responded 200 in 4.4186 ms
[12:09:01 INF] HTTP GET /Biktal.WebMVC.styles.css responded 304 in 0.5515 ms
[12:09:01 INF] HTTP GET /css/site.css responded 304 in 0.4692 ms
[12:09:01 INF] HTTP GET /lib/jquery/dist/jquery.min.js responded 304 in 0.4085 ms
[12:09:02 INF] HTTP GET /lib/bootstrap/dist/js/bootstrap.bundle.min.js responded 304 in 0.5914 ms
[12:09:02 INF] HTTP GET /js/site.js responded 304 in 0.5574 ms
[12:09:02 INF] HTTP GET /lib/jquery-validation/dist/jquery.validate.min.js responded 304 in 0.6225 ms
[12:09:02 INF] HTTP GET /lib/jquery-validation-unobtrusive/dist/jquery.validate.unobtrusive.min.js responded 304 in 0.6611 ms
[12:09:02 INF] HTTP GET /js/products-catalog-filter.js responded 304 in 0.5804 ms
[12:09:15 INF] HTTP POST /Inventory/EditProduct responded 302 in 12.9132 ms
[12:09:15 INF] HTTP GET /Inventory/Products responded 200 in 52.5130 ms
[12:09:15 INF] HTTP GET /css/site.css responded 304 in 0.3698 ms
[12:09:15 INF] HTTP GET /lib/bootstrap/dist/css/bootstrap.min.css responded 200 in 1.5655 ms
[12:09:15 INF] HTTP GET /Biktal.WebMVC.styles.css responded 304 in 0.4410 ms
[12:09:16 INF] HTTP GET /lib/jquery/dist/jquery.min.js responded 304 in 0.2746 ms
[12:09:16 INF] HTTP GET /lib/bootstrap/dist/js/bootstrap.bundle.min.js responded 304 in 0.4129 ms
[12:09:16 INF] HTTP GET /js/site.js responded 304 in 0.2903 ms
[12:09:16 INF] HTTP GET /lib/jquery-validation/dist/jquery.validate.min.js responded 304 in 0.5771 ms
[12:09:16 INF] HTTP GET /lib/jquery-validation-unobtrusive/dist/jquery.validate.unobtrusive.min.js responded 304 in 0.9669 ms
[12:09:16 INF] HTTP GET /js/products-catalog-filter.js responded 304 in 0.5592 ms
[12:19:31 INF] HTTP GET /Inventory/Products responded 200 in 150.2852 ms
[12:19:31 INF] HTTP GET /Biktal.WebMVC.styles.css responded 200 in 3.9732 ms
[12:19:31 INF] HTTP GET /css/site.css responded 200 in 0.9568 ms
[12:19:31 INF] HTTP GET /lib/bootstrap/dist/css/bootstrap.min.css responded 200 in 4.3627 ms
[12:19:32 INF] HTTP GET /lib/jquery/dist/jquery.min.js responded 200 in 0.7996 ms
[12:19:33 INF] HTTP GET /js/site.js responded 200 in 0.9056 ms
[12:19:33 INF] HTTP GET /lib/bootstrap/dist/js/bootstrap.bundle.min.js responded 200 in 0.8262 ms
[12:19:33 INF] HTTP GET /lib/jquery-validation/dist/jquery.validate.min.js responded 200 in 0.6713 ms
[12:19:33 INF] HTTP GET /lib/jquery-validation-unobtrusive/dist/jquery.validate.unobtrusive.min.js responded 200 in 0.7173 ms
[12:19:33 INF] HTTP GET /js/products-catalog-filter.js responded 200 in 2.1440 ms
[12:19:55 INF] HTTP POST /Inventory/EditProduct responded 302 in 15.8831 ms
[12:19:55 INF] HTTP GET /Inventory/Products responded 200 in 44.3132 ms
[12:19:55 INF] HTTP GET /lib/bootstrap/dist/css/bootstrap.min.css responded 200 in 5.0623 ms
[12:19:55 INF] HTTP GET /css/site.css responded 200 in 4.7349 ms
[12:19:55 INF] HTTP GET /Biktal.WebMVC.styles.css responded 200 in 3.0454 ms
[12:19:56 INF] HTTP GET /lib/jquery/dist/jquery.min.js responded 304 in 0.2787 ms
[12:19:56 INF] HTTP GET /lib/bootstrap/dist/js/bootstrap.bundle.min.js responded 304 in 0.5135 ms
[12:19:56 INF] HTTP GET /lib/jquery-validation/dist/jquery.validate.min.js responded 304 in 0.3513 ms
[12:19:56 INF] HTTP GET /js/site.js responded 304 in 0.3186 ms
[12:19:56 INF] HTTP GET /lib/jquery-validation-unobtrusive/dist/jquery.validate.unobtrusive.min.js responded 304 in 0.2792 ms
[12:19:56 INF] HTTP GET /js/products-catalog-filter.js responded 304 in 0.3470 ms
[12:27:19 INF] HTTP POST /Inventory/AddProduct responded 302 in 173.2800 ms
[12:27:19 INF] HTTP GET /Inventory/Products responded 200 in 84.2260 ms
[12:27:19 INF] HTTP GET /Biktal.WebMVC.styles.css responded 200 in 1.4477 ms
[12:27:19 INF] HTTP GET /lib/bootstrap/dist/css/bootstrap.min.css responded 200 in 0.9841 ms
[12:27:19 INF] HTTP GET /css/site.css responded 200 in 0.7847 ms
[12:27:20 INF] HTTP GET /lib/jquery/dist/jquery.min.js responded 200 in 1.4599 ms
[12:27:20 INF] HTTP GET /js/site.js responded 200 in 1.1506 ms
[12:27:20 INF] HTTP GET /lib/bootstrap/dist/js/bootstrap.bundle.min.js responded 200 in 1.2112 ms
[12:27:20 INF] HTTP GET /js/products-catalog-filter.js responded 200 in 0.6604 ms
[12:27:20 INF] HTTP GET /lib/jquery-validation-unobtrusive/dist/jquery.validate.unobtrusive.min.js responded 200 in 0.5795 ms
[12:27:20 INF] HTTP GET /lib/jquery-validation/dist/jquery.validate.min.js responded 200 in 0.9034 ms
[12:28:24 INF] HTTP GET /Inventory/Products responded 200 in 69.2933 ms
[12:28:24 INF] HTTP GET /lib/bootstrap/dist/css/bootstrap.min.css responded 200 in 1.4961 ms
[12:28:24 INF] HTTP GET /css/site.css responded 200 in 4.3961 ms
[12:28:24 INF] HTTP GET /Biktal.WebMVC.styles.css responded 200 in 0.9505 ms
[12:28:24 INF] HTTP GET /lib/jquery/dist/jquery.min.js responded 304 in 0.2740 ms
[12:28:24 INF] HTTP GET /js/site.js responded 304 in 0.3377 ms
[12:28:24 INF] HTTP GET /lib/bootstrap/dist/js/bootstrap.bundle.min.js responded 304 in 0.5069 ms
[12:28:24 INF] HTTP GET /lib/jquery-validation-unobtrusive/dist/jquery.validate.unobtrusive.min.js responded 304 in 0.2949 ms
[12:28:24 INF] HTTP GET /lib/jquery-validation/dist/jquery.validate.min.js responded 304 in 0.5290 ms
[12:28:24 INF] HTTP GET /js/products-catalog-filter.js responded 304 in 0.3445 ms
[12:28:32 INF] HTTP POST /Inventory/EditProduct responded 302 in 15.0968 ms
[12:28:32 INF] HTTP GET /Inventory/Products responded 200 in 39.3382 ms
[12:28:32 INF] HTTP GET /lib/bootstrap/dist/css/bootstrap.min.css responded 200 in 4.0391 ms
[12:28:32 INF] HTTP GET /css/site.css responded 200 in 3.6200 ms
[12:28:32 INF] HTTP GET /Biktal.WebMVC.styles.css responded 200 in 1.2514 ms
[12:28:33 INF] HTTP GET /lib/jquery/dist/jquery.min.js responded 304 in 0.2737 ms
[12:28:33 INF] HTTP GET /lib/bootstrap/dist/js/bootstrap.bundle.min.js responded 304 in 0.4022 ms
[12:28:33 INF] HTTP GET /js/site.js responded 304 in 0.4915 ms
[12:28:33 INF] HTTP GET /lib/jquery-validation-unobtrusive/dist/jquery.validate.unobtrusive.min.js responded 304 in 0.2743 ms
[12:28:33 INF] HTTP GET /lib/jquery-validation/dist/jquery.validate.min.js responded 304 in 0.2774 ms
[12:28:33 INF] HTTP GET /js/products-catalog-filter.js responded 304 in 0.2848 ms
[12:28:42 INF] HTTP GET /Inventory/Products responded 200 in 73.2745 ms
[12:28:42 INF] HTTP GET /lib/bootstrap/dist/css/bootstrap.min.css responded 200 in 1.1753 ms
[12:28:42 INF] HTTP GET /Biktal.WebMVC.styles.css responded 200 in 0.8872 ms
[12:28:42 INF] HTTP GET /css/site.css responded 200 in 0.8302 ms
[12:28:43 INF] HTTP GET /lib/jquery/dist/jquery.min.js responded 304 in 0.2808 ms
[12:28:43 INF] HTTP GET /js/site.js responded 304 in 0.3603 ms
[12:28:43 INF] HTTP GET /lib/bootstrap/dist/js/bootstrap.bundle.min.js responded 304 in 0.5969 ms
[12:28:43 INF] HTTP GET /lib/jquery-validation-unobtrusive/dist/jquery.validate.unobtrusive.min.js responded 304 in 0.3365 ms
[12:28:43 INF] HTTP GET /js/products-catalog-filter.js responded 304 in 0.2183 ms
[12:28:43 INF] HTTP GET /lib/jquery-validation/dist/jquery.validate.min.js responded 304 in 0.4245 ms
[12:28:53 INF] HTTP POST /Inventory/EditProduct responded 302 in 38.6126 ms
[12:28:54 INF] HTTP GET /Inventory/Products responded 200 in 41.0038 ms
[12:28:54 INF] HTTP GET /lib/bootstrap/dist/css/bootstrap.min.css responded 200 in 1.5796 ms
[12:28:54 INF] HTTP GET /css/site.css responded 200 in 1.8068 ms
[12:28:54 INF] HTTP GET /Biktal.WebMVC.styles.css responded 200 in 1.6532 ms
[12:28:54 INF] HTTP GET /lib/jquery/dist/jquery.min.js responded 304 in 0.2706 ms
[12:28:54 INF] HTTP GET /lib/bootstrap/dist/js/bootstrap.bundle.min.js responded 304 in 0.3496 ms
[12:28:54 INF] HTTP GET /js/site.js responded 304 in 1.5576 ms
[12:28:54 INF] HTTP GET /lib/jquery-validation/dist/jquery.validate.min.js responded 304 in 0.4583 ms
[12:28:54 INF] HTTP GET /lib/jquery-validation-unobtrusive/dist/jquery.validate.unobtrusive.min.js responded 304 in 0.6451 ms
[12:28:54 INF] HTTP GET /js/products-catalog-filter.js responded 304 in 1.4680 ms
[12:29:03 INF] HTTP GET /Inventory/Products responded 200 in 81.0820 ms
[12:29:03 INF] HTTP GET /css/site.css responded 304 in 0.4343 ms
[12:29:03 INF] HTTP GET /lib/bootstrap/dist/css/bootstrap.min.css responded 304 in 0.4096 ms
[12:29:03 INF] HTTP GET /Biktal.WebMVC.styles.css responded 304 in 1.6713 ms
[12:29:03 INF] HTTP GET /lib/jquery/dist/jquery.min.js responded 304 in 0.5449 ms
[12:29:03 INF] HTTP GET /lib/bootstrap/dist/js/bootstrap.bundle.min.js responded 304 in 0.4279 ms
[12:29:03 INF] HTTP GET /lib/jquery-validation/dist/jquery.validate.min.js responded 304 in 0.2655 ms
[12:29:03 INF] HTTP GET /js/site.js responded 304 in 0.1970 ms
[12:29:03 INF] HTTP GET /lib/jquery-validation-unobtrusive/dist/jquery.validate.unobtrusive.min.js responded 304 in 0.3204 ms
[12:29:03 INF] HTTP GET /js/products-catalog-filter.js responded 304 in 0.4264 ms
[12:29:19 INF] HTTP POST /Inventory/EditProduct responded 302 in 13.3581 ms
[12:29:19 INF] HTTP GET /Inventory/Products responded 200 in 45.0329 ms
[12:29:19 INF] HTTP GET /lib/bootstrap/dist/css/bootstrap.min.css responded 200 in 1.4736 ms
[12:29:19 INF] HTTP GET /Biktal.WebMVC.styles.css responded 304 in 0.2705 ms
[12:29:19 INF] HTTP GET /css/site.css responded 304 in 0.5832 ms
[12:29:20 INF] HTTP GET /lib/jquery/dist/jquery.min.js responded 304 in 0.2462 ms
[12:29:20 INF] HTTP GET /lib/bootstrap/dist/js/bootstrap.bundle.min.js responded 304 in 0.4044 ms
[12:29:20 INF] HTTP GET /js/site.js responded 304 in 0.4697 ms
[12:29:20 INF] HTTP GET /lib/jquery-validation-unobtrusive/dist/jquery.validate.unobtrusive.min.js responded 304 in 0.2644 ms
[12:29:20 INF] HTTP GET /lib/jquery-validation/dist/jquery.validate.min.js responded 304 in 0.3045 ms
[12:29:20 INF] HTTP GET /js/products-catalog-filter.js responded 304 in 0.2286 ms
[12:29:28 INF] HTTP GET /Inventory/Products responded 200 in 72.2567 ms
[12:29:28 INF] HTTP GET /css/site.css responded 304 in 0.3998 ms
[12:29:28 INF] HTTP GET /lib/bootstrap/dist/css/bootstrap.min.css responded 304 in 0.4301 ms
[12:29:28 INF] HTTP GET /Biktal.WebMVC.styles.css responded 304 in 2.8146 ms
[12:29:29 INF] HTTP GET /lib/jquery/dist/jquery.min.js responded 304 in 0.3957 ms
[12:29:29 INF] HTTP GET /lib/bootstrap/dist/js/bootstrap.bundle.min.js responded 304 in 0.4115 ms
[12:29:29 INF] HTTP GET /js/site.js responded 304 in 0.3581 ms
[12:29:29 INF] HTTP GET /lib/jquery-validation/dist/jquery.validate.min.js responded 304 in 0.3728 ms
[12:29:29 INF] HTTP GET /lib/jquery-validation-unobtrusive/dist/jquery.validate.unobtrusive.min.js responded 304 in 0.7576 ms
[12:29:29 INF] HTTP GET /js/products-catalog-filter.js responded 304 in 0.6565 ms
[12:29:36 INF] HTTP POST /Inventory/EditProduct responded 302 in 9.7542 ms
[12:29:37 INF] HTTP GET /Inventory/Products responded 200 in 59.5108 ms
[12:29:37 INF] HTTP GET /css/site.css responded 304 in 0.7606 ms
[12:29:37 INF] HTTP GET /Biktal.WebMVC.styles.css responded 304 in 0.4900 ms
[12:29:37 INF] HTTP GET /lib/bootstrap/dist/css/bootstrap.min.css responded 200 in 2.3907 ms
[12:29:38 INF] HTTP GET /lib/jquery/dist/jquery.min.js responded 304 in 0.3662 ms
[12:29:38 INF] HTTP GET /lib/bootstrap/dist/js/bootstrap.bundle.min.js responded 304 in 0.4243 ms
[12:29:38 INF] HTTP GET /lib/jquery-validation/dist/jquery.validate.min.js responded 304 in 0.3845 ms
[12:29:38 INF] HTTP GET /js/site.js responded 304 in 0.3604 ms
[12:29:38 INF] HTTP GET /lib/jquery-validation-unobtrusive/dist/jquery.validate.unobtrusive.min.js responded 304 in 0.3027 ms
[12:29:38 INF] HTTP GET /js/products-catalog-filter.js responded 304 in 0.4745 ms
[12:29:52 INF] HTTP GET /Inventory/Products responded 200 in 70.8395 ms
[12:29:52 INF] HTTP GET /css/site.css responded 304 in 0.4200 ms
[12:29:52 INF] HTTP GET /lib/bootstrap/dist/css/bootstrap.min.css responded 200 in 7.4616 ms
[12:29:52 INF] HTTP GET /Biktal.WebMVC.styles.css responded 304 in 0.6540 ms
[12:29:52 INF] HTTP GET /lib/jquery/dist/jquery.min.js responded 304 in 0.2756 ms
[12:29:52 INF] HTTP GET /lib/bootstrap/dist/js/bootstrap.bundle.min.js responded 304 in 0.4376 ms
[12:29:52 INF] HTTP GET /js/site.js responded 304 in 0.5569 ms
[12:29:52 INF] HTTP GET /lib/jquery-validation/dist/jquery.validate.min.js responded 304 in 0.3116 ms
[12:29:52 INF] HTTP GET /lib/jquery-validation-unobtrusive/dist/jquery.validate.unobtrusive.min.js responded 304 in 0.2648 ms
[12:29:52 INF] HTTP GET /js/products-catalog-filter.js responded 304 in 0.2777 ms
[12:29:59 INF] HTTP POST /Inventory/EditProduct responded 302 in 8.2642 ms
[12:29:59 INF] HTTP GET /Inventory/Products responded 200 in 38.7468 ms
[12:29:59 INF] HTTP GET /lib/bootstrap/dist/css/bootstrap.min.css responded 304 in 2.0020 ms
[12:29:59 INF] HTTP GET /css/site.css responded 304 in 0.4423 ms
[12:29:59 INF] HTTP GET /Biktal.WebMVC.styles.css responded 304 in 0.3764 ms
[12:30:00 INF] HTTP GET /lib/jquery/dist/jquery.min.js responded 304 in 0.2744 ms
[12:30:00 INF] HTTP GET /lib/bootstrap/dist/js/bootstrap.bundle.min.js responded 304 in 0.6000 ms
[12:30:00 INF] HTTP GET /js/site.js responded 304 in 0.5176 ms
[12:30:00 INF] HTTP GET /lib/jquery-validation/dist/jquery.validate.min.js responded 304 in 0.3531 ms
[12:30:00 INF] HTTP GET /lib/jquery-validation-unobtrusive/dist/jquery.validate.unobtrusive.min.js responded 304 in 0.2973 ms
[12:30:00 INF] HTTP GET /js/products-catalog-filter.js responded 304 in 0.6854 ms
[12:36:04 INF] HTTP GET /Inventory/Products responded 200 in 146.2700 ms
[12:36:04 INF] HTTP GET /css/site.css responded 200 in 0.9362 ms
[12:36:04 INF] HTTP GET /lib/bootstrap/dist/css/bootstrap.min.css responded 200 in 2.6214 ms
[12:36:04 INF] HTTP GET /Biktal.WebMVC.styles.css responded 200 in 1.4935 ms
[12:36:05 INF] HTTP GET /lib/jquery/dist/jquery.min.js responded 200 in 0.6453 ms
[12:36:05 INF] HTTP GET /lib/bootstrap/dist/js/bootstrap.bundle.min.js responded 200 in 1.3642 ms
[12:36:05 INF] HTTP GET /js/site.js responded 200 in 0.8843 ms
[12:36:05 INF] HTTP GET /lib/jquery-validation-unobtrusive/dist/jquery.validate.unobtrusive.min.js responded 200 in 9.1826 ms
[12:36:05 INF] HTTP GET /lib/jquery-validation/dist/jquery.validate.min.js responded 200 in 11.5193 ms
[12:36:05 INF] HTTP GET /js/products-catalog-filter.js responded 200 in 1.2812 ms
[12:36:18 INF] HTTP POST /Inventory/EditProduct responded 302 in 16.7979 ms
[12:36:18 INF] HTTP GET /Inventory/Products responded 200 in 62.7194 ms
[12:36:18 INF] HTTP GET /lib/bootstrap/dist/css/bootstrap.min.css responded 200 in 1.6161 ms
[12:36:18 INF] HTTP GET /css/site.css responded 200 in 1.7738 ms
[12:36:18 INF] HTTP GET /Biktal.WebMVC.styles.css responded 200 in 2.6533 ms
[12:36:19 INF] HTTP GET /lib/jquery/dist/jquery.min.js responded 304 in 0.2792 ms
[12:36:19 INF] HTTP GET /lib/bootstrap/dist/js/bootstrap.bundle.min.js responded 304 in 1.2910 ms
[12:36:19 INF] HTTP GET /js/site.js responded 304 in 1.5316 ms
[12:36:19 INF] HTTP GET /lib/jquery-validation/dist/jquery.validate.min.js responded 304 in 0.4542 ms
[12:36:19 INF] HTTP GET /lib/jquery-validation-unobtrusive/dist/jquery.validate.unobtrusive.min.js responded 304 in 1.1187 ms
[12:36:19 INF] HTTP GET /js/products-catalog-filter.js responded 304 in 0.4807 ms
[12:41:29 INF] HTTP POST /Inventory/AddProduct responded 302 in 108.0821 ms
[12:41:29 INF] HTTP GET /Inventory/Products responded 200 in 57.9201 ms
[12:41:29 INF] HTTP GET /lib/bootstrap/dist/css/bootstrap.min.css responded 200 in 0.9301 ms
[12:41:29 INF] HTTP GET /Biktal.WebMVC.styles.css responded 200 in 0.9319 ms
[12:41:29 INF] HTTP GET /css/site.css responded 200 in 0.6998 ms
[12:41:30 INF] HTTP GET /lib/jquery/dist/jquery.min.js responded 200 in 0.7059 ms
[12:41:30 INF] HTTP GET /lib/bootstrap/dist/js/bootstrap.bundle.min.js responded 200 in 1.2736 ms
[12:41:30 INF] HTTP GET /js/site.js responded 200 in 5.9730 ms
[12:41:30 INF] HTTP GET /js/products-catalog-filter.js responded 200 in 5.0967 ms
[12:41:30 INF] HTTP GET /lib/jquery-validation-unobtrusive/dist/jquery.validate.unobtrusive.min.js responded 200 in 4.7065 ms
[12:41:30 INF] HTTP GET /lib/jquery-validation/dist/jquery.validate.min.js responded 200 in 1.1894 ms
[12:41:38 INF] HTTP GET /Inventory/Products responded 200 in 82.7734 ms
[12:41:38 INF] HTTP GET /lib/bootstrap/dist/css/bootstrap.min.css responded 200 in 1.2199 ms
[12:41:38 INF] HTTP GET /css/site.css responded 200 in 7.4642 ms
[12:41:38 INF] HTTP GET /Biktal.WebMVC.styles.css responded 200 in 0.7794 ms
[12:41:39 INF] HTTP GET /lib/jquery/dist/jquery.min.js responded 304 in 1.1627 ms
[12:41:39 INF] HTTP GET /lib/bootstrap/dist/js/bootstrap.bundle.min.js responded 304 in 1.3331 ms
[12:41:39 INF] HTTP GET /js/site.js responded 304 in 0.6508 ms
[12:41:39 INF] HTTP GET /lib/jquery-validation/dist/jquery.validate.min.js responded 304 in 0.6985 ms
[12:41:39 INF] HTTP GET /lib/jquery-validation-unobtrusive/dist/jquery.validate.unobtrusive.min.js responded 304 in 0.9218 ms
[12:41:39 INF] HTTP GET /js/products-catalog-filter.js responded 304 in 0.4438 ms
[12:41:44 INF] HTTP POST /Inventory/EditProduct responded 302 in 9.9318 ms
[12:41:44 INF] HTTP GET /Inventory/Products responded 200 in 40.0102 ms
[12:41:44 INF] HTTP GET /lib/bootstrap/dist/css/bootstrap.min.css responded 304 in 1.1173 ms
[12:41:44 INF] HTTP GET /css/site.css responded 304 in 1.3102 ms
[12:41:44 INF] HTTP GET /Biktal.WebMVC.styles.css responded 304 in 1.8140 ms
[12:41:45 INF] HTTP GET /lib/jquery/dist/jquery.min.js responded 304 in 0.3118 ms
[12:41:45 INF] HTTP GET /js/site.js responded 304 in 0.3850 ms
[12:41:45 INF] HTTP GET /lib/bootstrap/dist/js/bootstrap.bundle.min.js responded 304 in 0.5394 ms
[12:41:45 INF] HTTP GET /js/products-catalog-filter.js responded 304 in 0.2468 ms
[12:41:45 INF] HTTP GET /lib/jquery-validation/dist/jquery.validate.min.js responded 304 in 0.2472 ms
[12:41:45 INF] HTTP GET /lib/jquery-validation-unobtrusive/dist/jquery.validate.unobtrusive.min.js responded 304 in 0.4062 ms
[12:41:54 INF] HTTP GET /Inventory/Products responded 200 in 63.2765 ms
[12:41:54 INF] HTTP GET /lib/bootstrap/dist/css/bootstrap.min.css responded 304 in 0.5680 ms
[12:41:54 INF] HTTP GET /Biktal.WebMVC.styles.css responded 304 in 0.3359 ms
[12:41:54 INF] HTTP GET /css/site.css responded 304 in 0.7484 ms
[12:41:55 INF] HTTP GET /lib/jquery/dist/jquery.min.js responded 304 in 0.2583 ms
[12:41:55 INF] HTTP GET /lib/bootstrap/dist/js/bootstrap.bundle.min.js responded 304 in 0.4175 ms
[12:41:55 INF] HTTP GET /js/site.js responded 304 in 0.2911 ms
[12:41:55 INF] HTTP GET /lib/jquery-validation/dist/jquery.validate.min.js responded 304 in 1.0392 ms
[12:41:55 INF] HTTP GET /lib/jquery-validation-unobtrusive/dist/jquery.validate.unobtrusive.min.js responded 304 in 0.3634 ms
[12:41:55 INF] HTTP GET /js/products-catalog-filter.js responded 304 in 1.8743 ms
[12:42:01 INF] HTTP POST /Inventory/EditProduct responded 302 in 10.8397 ms
[12:42:01 INF] HTTP GET /Inventory/Products responded 200 in 46.2572 ms
[12:42:01 INF] HTTP GET /lib/bootstrap/dist/css/bootstrap.min.css responded 304 in 0.9590 ms
[12:42:01 INF] HTTP GET /css/site.css responded 304 in 1.0473 ms
[12:42:01 INF] HTTP GET /Biktal.WebMVC.styles.css responded 304 in 1.3293 ms
[12:42:02 INF] HTTP GET /lib/jquery/dist/jquery.min.js responded 304 in 0.2721 ms
[12:42:02 INF] HTTP GET /lib/bootstrap/dist/js/bootstrap.bundle.min.js responded 304 in 0.4117 ms
[12:42:02 INF] HTTP GET /js/site.js responded 304 in 0.5360 ms
[12:42:02 INF] HTTP GET /lib/jquery-validation/dist/jquery.validate.min.js responded 304 in 0.2957 ms
[12:42:02 INF] HTTP GET /lib/jquery-validation-unobtrusive/dist/jquery.validate.unobtrusive.min.js responded 304 in 0.3017 ms
[12:42:02 INF] HTTP GET /js/products-catalog-filter.js responded 304 in 1.0810 ms
[12:42:14 INF] HTTP GET /Inventory/Products responded 200 in 52.2694 ms
[12:42:14 INF] HTTP GET /lib/bootstrap/dist/css/bootstrap.min.css responded 200 in 1.0600 ms
[12:42:14 INF] HTTP GET /css/site.css responded 304 in 1.3176 ms
[12:42:14 INF] HTTP GET /Biktal.WebMVC.styles.css responded 304 in 3.0610 ms
[12:42:15 INF] HTTP GET /lib/jquery/dist/jquery.min.js responded 304 in 0.2584 ms
[12:42:15 INF] HTTP GET /lib/bootstrap/dist/js/bootstrap.bundle.min.js responded 304 in 0.3711 ms
[12:42:15 INF] HTTP GET /js/site.js responded 304 in 0.4272 ms
[12:42:15 INF] HTTP GET /lib/jquery-validation/dist/jquery.validate.min.js responded 304 in 0.3056 ms
[12:42:15 INF] HTTP GET /lib/jquery-validation-unobtrusive/dist/jquery.validate.unobtrusive.min.js responded 304 in 0.2182 ms
[12:42:15 INF] HTTP GET /js/products-catalog-filter.js responded 304 in 1.3220 ms
[12:42:28 INF] HTTP POST /Inventory/EditProduct responded 302 in 23.0686 ms
[12:42:28 INF] HTTP GET /Inventory/Products responded 200 in 69.3690 ms
[12:42:28 INF] HTTP GET /Biktal.WebMVC.styles.css responded 304 in 0.6130 ms
[12:42:28 INF] HTTP GET /lib/bootstrap/dist/css/bootstrap.min.css responded 200 in 1.5193 ms
[12:42:28 INF] HTTP GET /css/site.css responded 304 in 0.4815 ms
[12:42:29 INF] HTTP GET /lib/jquery/dist/jquery.min.js responded 304 in 0.2622 ms
[12:42:29 INF] HTTP GET /lib/bootstrap/dist/js/bootstrap.bundle.min.js responded 304 in 0.4255 ms
[12:42:29 INF] HTTP GET /js/site.js responded 304 in 0.6482 ms
[12:42:29 INF] HTTP GET /lib/jquery-validation/dist/jquery.validate.min.js responded 304 in 0.7013 ms
[12:42:29 INF] HTTP GET /js/products-catalog-filter.js responded 304 in 0.5531 ms
[12:42:29 INF] HTTP GET /lib/jquery-validation-unobtrusive/dist/jquery.validate.unobtrusive.min.js responded 304 in 1.5622 ms
[12:42:38 INF] HTTP GET /Inventory/Products responded 200 in 51.8433 ms
[12:42:38 INF] HTTP GET /css/site.css responded 304 in 0.7867 ms
[12:42:38 INF] HTTP GET /Biktal.WebMVC.styles.css responded 304 in 0.3342 ms
[12:42:38 INF] HTTP GET /lib/bootstrap/dist/css/bootstrap.min.css responded 304 in 0.3996 ms
[12:42:39 INF] HTTP GET /lib/jquery/dist/jquery.min.js responded 304 in 0.2549 ms
[12:42:39 INF] HTTP GET /lib/bootstrap/dist/js/bootstrap.bundle.min.js responded 304 in 0.6618 ms
[12:42:39 INF] HTTP GET /js/site.js responded 304 in 0.5668 ms
[12:42:39 INF] HTTP GET /lib/jquery-validation/dist/jquery.validate.min.js responded 304 in 0.5333 ms
[12:42:39 INF] HTTP GET /lib/jquery-validation-unobtrusive/dist/jquery.validate.unobtrusive.min.js responded 304 in 0.4817 ms
[12:42:39 INF] HTTP GET /js/products-catalog-filter.js responded 304 in 0.6621 ms
[12:42:49 INF] HTTP POST /Inventory/EditProduct responded 302 in 11.2073 ms
[12:42:49 INF] HTTP GET /Inventory/Products responded 200 in 40.4858 ms
[12:42:49 INF] HTTP GET /css/site.css responded 304 in 0.3545 ms
[12:42:49 INF] HTTP GET /lib/bootstrap/dist/css/bootstrap.min.css responded 200 in 1.3992 ms
[12:42:49 INF] HTTP GET /Biktal.WebMVC.styles.css responded 304 in 0.4835 ms
[12:42:50 INF] HTTP GET /lib/jquery/dist/jquery.min.js responded 304 in 0.2479 ms
[12:42:50 INF] HTTP GET /js/site.js responded 304 in 0.3610 ms
[12:42:50 INF] HTTP GET /lib/bootstrap/dist/js/bootstrap.bundle.min.js responded 304 in 0.4898 ms
[12:42:50 INF] HTTP GET /lib/jquery-validation-unobtrusive/dist/jquery.validate.unobtrusive.min.js responded 304 in 0.2437 ms
[12:42:50 INF] HTTP GET /js/products-catalog-filter.js responded 304 in 0.2437 ms
[12:42:50 INF] HTTP GET /lib/jquery-validation/dist/jquery.validate.min.js responded 304 in 0.3395 ms
[12:43:44 INF] HTTP GET /Inventory/Products responded 200 in 72.4362 ms
[12:43:44 INF] HTTP GET /lib/bootstrap/dist/css/bootstrap.min.css responded 200 in 1.5845 ms
[12:43:44 INF] HTTP GET /css/site.css responded 200 in 2.7186 ms
[12:43:44 INF] HTTP GET /Biktal.WebMVC.styles.css responded 200 in 2.9404 ms
[12:43:45 INF] HTTP GET /lib/jquery/dist/jquery.min.js responded 200 in 0.7232 ms
[12:43:45 INF] HTTP GET /js/site.js responded 200 in 0.8746 ms
[12:43:45 INF] HTTP GET /lib/bootstrap/dist/js/bootstrap.bundle.min.js responded 200 in 0.9476 ms
[12:43:45 INF] HTTP GET /lib/jquery-validation/dist/jquery.validate.min.js responded 200 in 0.8540 ms
[12:43:45 INF] HTTP GET /lib/jquery-validation-unobtrusive/dist/jquery.validate.unobtrusive.min.js responded 200 in 0.6705 ms
[12:43:45 INF] HTTP GET /js/products-catalog-filter.js responded 200 in 0.7683 ms
[12:43:52 INF] HTTP POST /Inventory/EditProduct responded 302 in 12.0219 ms
[12:43:52 INF] HTTP GET /Inventory/Products responded 200 in 47.8443 ms
[12:43:52 INF] HTTP GET /lib/bootstrap/dist/css/bootstrap.min.css responded 304 in 0.4006 ms
[12:43:52 INF] HTTP GET /Biktal.WebMVC.styles.css responded 304 in 0.5749 ms
[12:43:52 INF] HTTP GET /css/site.css responded 304 in 0.8603 ms
[12:43:53 INF] HTTP GET /lib/jquery/dist/jquery.min.js responded 304 in 0.2698 ms
[12:43:53 INF] HTTP GET /lib/bootstrap/dist/js/bootstrap.bundle.min.js responded 304 in 0.3892 ms
[12:43:53 INF] HTTP GET /js/site.js responded 304 in 0.4193 ms
[12:43:53 INF] HTTP GET /lib/jquery-validation/dist/jquery.validate.min.js responded 304 in 0.2851 ms
[12:43:53 INF] HTTP GET /lib/jquery-validation-unobtrusive/dist/jquery.validate.unobtrusive.min.js responded 304 in 0.3495 ms
[12:43:53 INF] HTTP GET /js/products-catalog-filter.js responded 304 in 0.5356 ms
[12:46:19 WRN] The query uses the 'First'/'FirstOrDefault' operator without 'OrderBy' and filter operators. This may lead to unpredictable results.
[12:46:19 INF] HTTP GET /Pos responded 200 in 114.4040 ms
[12:46:19 INF] HTTP GET /css/site.css responded 200 in 3.3279 ms
[12:46:19 INF] HTTP GET /lib/bootstrap/dist/css/bootstrap.min.css responded 200 in 0.9015 ms
[12:46:19 INF] HTTP GET /Biktal.WebMVC.styles.css responded 200 in 0.6908 ms
[12:46:19 INF] HTTP GET /lib/jquery/dist/jquery.min.js responded 200 in 3.5717 ms
[12:46:19 INF] HTTP GET /lib/bootstrap/dist/js/bootstrap.bundle.min.js responded 200 in 10.9865 ms
[12:46:19 INF] HTTP GET /js/site.js responded 200 in 1.7728 ms
[12:46:19 INF] HTTP GET /js/pos.js responded 200 in 3.1199 ms
[12:51:02 INF] HTTP GET /Repairs responded 200 in 168.8339 ms
[12:51:02 INF] HTTP GET /lib/bootstrap/dist/css/bootstrap.min.css responded 200 in 1.8677 ms
[12:51:02 INF] HTTP GET /css/site.css responded 200 in 1.0324 ms
[12:51:02 INF] HTTP GET /Biktal.WebMVC.styles.css responded 200 in 0.5885 ms
[12:51:02 INF] HTTP GET /lib/jquery/dist/jquery.min.js responded 200 in 0.7699 ms
[12:51:02 INF] HTTP GET /lib/bootstrap/dist/js/bootstrap.bundle.min.js responded 200 in 3.4717 ms
[12:51:02 INF] HTTP GET /js/site.js responded 200 in 1.0961 ms
[12:51:11 INF] HTTP GET /Repairs/New responded 200 in 59.1922 ms
[12:51:11 INF] HTTP GET /lib/bootstrap/dist/css/bootstrap.min.css responded 200 in 18.8900 ms
[12:51:11 INF] HTTP GET /css/site.css responded 200 in 1.7703 ms
[12:51:11 INF] HTTP GET /Biktal.WebMVC.styles.css responded 200 in 2.1162 ms
[12:51:11 INF] HTTP GET /lib/jquery/dist/jquery.min.js responded 304 in 0.5557 ms
[12:51:11 INF] HTTP GET /lib/bootstrap/dist/js/bootstrap.bundle.min.js responded 304 in 0.3038 ms
[12:51:11 INF] HTTP GET /js/site.js responded 304 in 0.3327 ms
[12:51:11 INF] HTTP GET /lib/jquery-validation/dist/jquery.validate.min.js responded 200 in 0.7640 ms
[12:51:11 INF] HTTP GET /lib/jquery-validation-unobtrusive/dist/jquery.validate.unobtrusive.min.js responded 200 in 1.5425 ms
[12:53:06 INF] HTTP GET /Inventory responded 200 in 187.7622 ms
[12:53:06 INF] HTTP GET /lib/bootstrap/dist/css/bootstrap.min.css responded 200 in 1.6730 ms
[12:53:06 INF] HTTP GET /css/site.css responded 200 in 0.8408 ms
[12:53:06 INF] HTTP GET /lib/bootstrap/dist/js/bootstrap.bundle.min.js responded 200 in 1.4583 ms
[12:53:06 INF] HTTP GET /Biktal.WebMVC.styles.css responded 200 in 0.7554 ms
[12:53:06 INF] HTTP GET /lib/jquery/dist/jquery.min.js responded 200 in 2.1182 ms
[12:53:06 INF] HTTP GET /js/site.js responded 200 in 1.1750 ms
[12:54:01 INF] HTTP GET /Inventory/Products responded 200 in 103.6453 ms
[12:54:01 INF] HTTP GET /Biktal.WebMVC.styles.css responded 200 in 1.8791 ms
[12:54:01 INF] HTTP GET /lib/bootstrap/dist/css/bootstrap.min.css responded 200 in 2.2983 ms
[12:54:01 INF] HTTP GET /css/site.css responded 200 in 1.7418 ms
[12:54:02 INF] HTTP GET /lib/jquery/dist/jquery.min.js responded 200 in 0.6243 ms
[12:54:02 INF] HTTP GET /js/site.js responded 200 in 0.9020 ms
[12:54:02 INF] HTTP GET /lib/bootstrap/dist/js/bootstrap.bundle.min.js responded 200 in 0.9810 ms
[12:54:02 INF] HTTP GET /lib/jquery-validation/dist/jquery.validate.min.js responded 200 in 1.0248 ms
[12:54:02 INF] HTTP GET /lib/jquery-validation-unobtrusive/dist/jquery.validate.unobtrusive.min.js responded 200 in 1.7452 ms
[12:54:02 INF] HTTP GET /js/products-catalog-filter.js responded 200 in 1.3146 ms
[12:57:17 INF] HTTP POST /Inventory/AddProduct responded 302 in 100.1521 ms
[12:57:17 INF] HTTP GET /Inventory/Products responded 200 in 94.1351 ms
[12:57:17 INF] HTTP GET /lib/bootstrap/dist/css/bootstrap.min.css responded 200 in 3.3582 ms
[12:57:17 INF] HTTP GET /css/site.css responded 200 in 4.6342 ms
[12:57:17 INF] HTTP GET /Biktal.WebMVC.styles.css responded 200 in 1.6220 ms
[12:57:18 INF] HTTP GET /lib/jquery/dist/jquery.min.js responded 200 in 0.9728 ms
[12:57:18 INF] HTTP GET /lib/bootstrap/dist/js/bootstrap.bundle.min.js responded 200 in 2.1469 ms
[12:57:18 INF] HTTP GET /js/site.js responded 200 in 1.3116 ms
[12:57:18 INF] HTTP GET /lib/jquery-validation-unobtrusive/dist/jquery.validate.unobtrusive.min.js responded 200 in 4.1275 ms
[12:57:18 INF] HTTP GET /js/products-catalog-filter.js responded 200 in 1.0593 ms
[12:57:18 INF] HTTP GET /lib/jquery-validation/dist/jquery.validate.min.js responded 200 in 0.7779 ms
[12:57:37 INF] HTTP GET /Pos responded 200 in 20.4665 ms
[12:57:37 INF] HTTP GET /lib/bootstrap/dist/css/bootstrap.min.css responded 200 in 4.5166 ms
[12:57:37 INF] HTTP GET /Biktal.WebMVC.styles.css responded 200 in 1.3287 ms
[12:57:37 INF] HTTP GET /lib/jquery/dist/jquery.min.js responded 304 in 0.7572 ms
[12:57:37 INF] HTTP GET /css/site.css responded 200 in 1.1801 ms
[12:57:37 INF] HTTP GET /lib/bootstrap/dist/js/bootstrap.bundle.min.js responded 304 in 1.8687 ms
[12:57:37 INF] HTTP GET /js/pos.js responded 200 in 0.8373 ms
[12:57:37 INF] HTTP GET /js/site.js responded 304 in 0.4018 ms
[13:00:57 INF] HTTP GET /Inventory responded 200 in 54.4079 ms
[13:00:57 INF] HTTP GET /css/site.css responded 200 in 3.6150 ms
[13:00:57 INF] HTTP GET /lib/jquery/dist/jquery.min.js responded 200 in 1.0462 ms
[13:00:57 INF] HTTP GET /lib/bootstrap/dist/js/bootstrap.bundle.min.js responded 200 in 1.2610 ms
[13:00:57 INF] HTTP GET /js/site.js responded 200 in 1.2926 ms
[13:00:57 INF] HTTP GET /lib/bootstrap/dist/css/bootstrap.min.css responded 200 in 1.3887 ms
[13:00:57 INF] HTTP GET /Biktal.WebMVC.styles.css responded 200 in 1.0005 ms
[13:00:59 INF] HTTP GET /Inventory/Products responded 200 in 69.2876 ms
[13:00:59 INF] HTTP GET /lib/bootstrap/dist/css/bootstrap.min.css responded 200 in 1.6100 ms
[13:00:59 INF] HTTP GET /css/site.css responded 200 in 1.1066 ms
[13:00:59 INF] HTTP GET /Biktal.WebMVC.styles.css responded 200 in 1.1743 ms
[13:01:00 INF] HTTP GET /lib/jquery/dist/jquery.min.js responded 200 in 0.7915 ms
[13:01:00 INF] HTTP GET /js/site.js responded 200 in 1.5193 ms
[13:01:00 INF] HTTP GET /lib/bootstrap/dist/js/bootstrap.bundle.min.js responded 200 in 1.4865 ms
[13:01:00 INF] HTTP GET /lib/jquery-validation/dist/jquery.validate.min.js responded 200 in 0.8624 ms
[13:01:00 INF] HTTP GET /lib/jquery-validation-unobtrusive/dist/jquery.validate.unobtrusive.min.js responded 200 in 0.7522 ms
[13:01:00 INF] HTTP GET /js/products-catalog-filter.js responded 200 in 0.7943 ms
[13:01:09 INF] HTTP GET /Inventory/Products responded 200 in 60.6886 ms
[13:01:09 INF] HTTP GET /lib/bootstrap/dist/css/bootstrap.min.css responded 304 in 0.3755 ms
[13:01:09 INF] HTTP GET /css/site.css responded 304 in 0.3756 ms
[13:01:09 INF] HTTP GET /Biktal.WebMVC.styles.css responded 304 in 1.6964 ms
[13:01:10 INF] HTTP GET /lib/jquery/dist/jquery.min.js responded 304 in 0.2552 ms
[13:01:10 INF] HTTP GET /lib/bootstrap/dist/js/bootstrap.bundle.min.js responded 304 in 0.6316 ms
[13:01:10 INF] HTTP GET /js/site.js responded 304 in 0.4488 ms
[13:01:10 INF] HTTP GET /lib/jquery-validation/dist/jquery.validate.min.js responded 304 in 0.6155 ms
[13:01:10 INF] HTTP GET /lib/jquery-validation-unobtrusive/dist/jquery.validate.unobtrusive.min.js responded 304 in 1.6356 ms
[13:01:10 INF] HTTP GET /js/products-catalog-filter.js responded 304 in 0.9289 ms
[13:01:18 INF] HTTP POST /Inventory/EditProduct responded 302 in 8.9313 ms
[13:01:18 INF] HTTP GET /Inventory/Products responded 200 in 52.4639 ms
[13:01:18 INF] HTTP GET /lib/bootstrap/dist/css/bootstrap.min.css responded 304 in 0.4408 ms
[13:01:18 INF] HTTP GET /css/site.css responded 304 in 0.6174 ms
[13:01:18 INF] HTTP GET /Biktal.WebMVC.styles.css responded 304 in 0.4118 ms
[13:01:19 INF] HTTP GET /lib/jquery/dist/jquery.min.js responded 304 in 0.2776 ms
[13:01:19 INF] HTTP GET /lib/bootstrap/dist/js/bootstrap.bundle.min.js responded 304 in 0.5038 ms
[13:01:19 INF] HTTP GET /js/site.js responded 304 in 0.5321 ms
[13:01:19 INF] HTTP GET /lib/jquery-validation-unobtrusive/dist/jquery.validate.unobtrusive.min.js responded 304 in 0.2951 ms
[13:01:19 INF] HTTP GET /lib/jquery-validation/dist/jquery.validate.min.js responded 304 in 0.3063 ms
[13:01:19 INF] HTTP GET /js/products-catalog-filter.js responded 304 in 0.2509 ms
[13:01:23 INF] HTTP GET /Pos responded 200 in 15.8160 ms
[13:01:23 INF] HTTP GET /lib/bootstrap/dist/css/bootstrap.min.css responded 304 in 14.9632 ms
[13:01:23 INF] HTTP GET /css/site.css responded 304 in 0.4449 ms
[13:01:23 INF] HTTP GET /Biktal.WebMVC.styles.css responded 304 in 0.6225 ms
[13:01:23 INF] HTTP GET /lib/jquery/dist/jquery.min.js responded 304 in 0.4755 ms
[13:01:23 INF] HTTP GET /lib/bootstrap/dist/js/bootstrap.bundle.min.js responded 304 in 3.1143 ms
[13:01:23 INF] HTTP GET /js/site.js responded 304 in 0.9384 ms
[13:01:23 INF] HTTP GET /js/pos.js responded 200 in 2.3214 ms
[13:02:11 INF] HTTP POST /Pos/CompleteSale responded 200 in 621.1170 ms
[13:12:01 INF] HTTP GET /Inventory responded 200 in 128.0181 ms
[13:12:01 INF] HTTP GET /lib/bootstrap/dist/css/bootstrap.min.css responded 200 in 1.4970 ms
[13:12:01 INF] HTTP GET /Biktal.WebMVC.styles.css responded 200 in 0.8931 ms
[13:12:01 INF] HTTP GET /css/site.css responded 200 in 1.3132 ms
[13:12:01 INF] HTTP GET /lib/jquery/dist/jquery.min.js responded 200 in 0.9011 ms
[13:12:01 INF] HTTP GET /lib/bootstrap/dist/js/bootstrap.bundle.min.js responded 200 in 1.0985 ms
[13:12:01 INF] HTTP GET /js/site.js responded 200 in 1.1826 ms
[13:12:03 INF] HTTP GET /Inventory/Products responded 200 in 58.5667 ms
[13:12:03 INF] HTTP GET /Biktal.WebMVC.styles.css responded 200 in 1.2908 ms
[13:12:03 INF] HTTP GET /css/site.css responded 200 in 0.9311 ms
[13:12:03 INF] HTTP GET /lib/bootstrap/dist/css/bootstrap.min.css responded 200 in 1.4775 ms
[13:12:04 INF] HTTP GET /lib/jquery/dist/jquery.min.js responded 304 in 0.3510 ms
[13:12:04 INF] HTTP GET /lib/bootstrap/dist/js/bootstrap.bundle.min.js responded 304 in 0.4420 ms
[13:12:04 INF] HTTP GET /js/site.js responded 304 in 0.5300 ms
[13:12:04 INF] HTTP GET /lib/jquery-validation-unobtrusive/dist/jquery.validate.unobtrusive.min.js responded 200 in 1.1892 ms
[13:12:04 INF] HTTP GET /lib/jquery-validation/dist/jquery.validate.min.js responded 200 in 0.8435 ms
[13:12:04 INF] HTTP GET /js/products-catalog-filter.js responded 200 in 1.1554 ms
[13:16:43 INF] HTTP POST /Inventory/AddProduct responded 302 in 11.5059 ms
[13:16:43 INF] HTTP GET /Inventory/Products responded 200 in 53.9437 ms
[13:16:43 INF] HTTP GET /Biktal.WebMVC.styles.css responded 200 in 0.7737 ms
[13:16:43 INF] HTTP GET /lib/bootstrap/dist/css/bootstrap.min.css responded 200 in 1.0334 ms
[13:16:43 INF] HTTP GET /css/site.css responded 200 in 0.7935 ms
[13:16:44 INF] HTTP GET /lib/jquery/dist/jquery.min.js responded 200 in 0.6968 ms
[13:16:44 INF] HTTP GET /js/site.js responded 200 in 2.4840 ms
[13:16:44 INF] HTTP GET /lib/jquery-validation-unobtrusive/dist/jquery.validate.unobtrusive.min.js responded 200 in 0.9679 ms
[13:16:44 INF] HTTP GET /lib/jquery-validation/dist/jquery.validate.min.js responded 200 in 1.0914 ms
[13:16:44 INF] HTTP GET /lib/bootstrap/dist/js/bootstrap.bundle.min.js responded 200 in 2.0199 ms
[13:16:44 INF] HTTP GET /js/products-catalog-filter.js responded 200 in 0.7813 ms
[13:17:05 INF] HTTP GET /css/site.css responded 304 in 0.9102 ms
[13:17:05 INF] HTTP GET /Biktal.WebMVC.styles.css responded 304 in 0.4225 ms
[13:17:05 INF] HTTP GET /lib/bootstrap/dist/css/bootstrap.min.css responded 304 in 0.3536 ms
[13:17:06 INF] HTTP GET /lib/bootstrap/dist/js/bootstrap.bundle.min.js.map responded 200 in 29.7672 ms
[13:17:06 INF] HTTP GET /lib/bootstrap/dist/css/bootstrap.min.css.map responded 200 in 21.6019 ms
[13:18:52 INF] HTTP POST /Inventory/AddProduct responded 302 in 91.0478 ms
[13:18:52 INF] HTTP GET /Inventory/Products responded 200 in 61.4770 ms
[13:18:52 INF] HTTP GET /css/site.css responded 200 in 1.0822 ms
[13:18:52 INF] HTTP GET /lib/bootstrap/dist/css/bootstrap.min.css responded 200 in 3.6372 ms
[13:18:52 INF] HTTP GET /Biktal.WebMVC.styles.css responded 200 in 1.2513 ms
[13:18:53 INF] HTTP GET /lib/jquery/dist/jquery.min.js responded 200 in 2.2928 ms
[13:18:53 INF] HTTP GET /lib/bootstrap/dist/js/bootstrap.bundle.min.js responded 200 in 1.7018 ms
[13:18:53 INF] HTTP GET /js/site.js responded 200 in 1.2964 ms
[13:18:53 INF] HTTP GET /lib/jquery-validation/dist/jquery.validate.min.js responded 200 in 2.5593 ms
[13:18:53 INF] HTTP GET /lib/jquery-validation-unobtrusive/dist/jquery.validate.unobtrusive.min.js responded 200 in 1.6573 ms
[13:18:53 INF] HTTP GET /js/products-catalog-filter.js responded 200 in 6.1804 ms
[13:19:18 INF] HTTP GET /Inventory/Products responded 200 in 67.8329 ms
[13:19:18 INF] HTTP GET /Biktal.WebMVC.styles.css responded 200 in 1.7699 ms
[13:19:18 INF] HTTP GET /lib/bootstrap/dist/css/bootstrap.min.css responded 200 in 5.9187 ms
[13:19:18 INF] HTTP GET /css/site.css responded 200 in 4.3750 ms
[13:19:18 INF] HTTP GET /lib/jquery/dist/jquery.min.js responded 304 in 0.3863 ms
[13:19:18 INF] HTTP GET /lib/bootstrap/dist/js/bootstrap.bundle.min.js responded 304 in 0.4305 ms
[13:19:18 INF] HTTP GET /js/site.js responded 304 in 0.4035 ms
[13:19:18 INF] HTTP GET /lib/jquery-validation/dist/jquery.validate.min.js responded 304 in 0.5875 ms
[13:19:18 INF] HTTP GET /lib/jquery-validation-unobtrusive/dist/jquery.validate.unobtrusive.min.js responded 304 in 0.9929 ms
[13:19:18 INF] HTTP GET /js/products-catalog-filter.js responded 304 in 1.0580 ms
[13:19:24 INF] HTTP POST /Inventory/EditProduct responded 302 in 14.7723 ms
[13:19:24 INF] HTTP GET /Inventory/Products responded 200 in 40.4820 ms
[13:19:24 INF] HTTP GET /lib/bootstrap/dist/css/bootstrap.min.css responded 200 in 4.9115 ms
[13:19:24 INF] HTTP GET /Biktal.WebMVC.styles.css responded 200 in 4.1737 ms
[13:19:24 INF] HTTP GET /css/site.css responded 200 in 3.9666 ms
[13:19:25 INF] HTTP GET /lib/jquery/dist/jquery.min.js responded 304 in 0.2708 ms
[13:19:25 INF] HTTP GET /lib/bootstrap/dist/js/bootstrap.bundle.min.js responded 304 in 0.5432 ms
[13:19:25 INF] HTTP GET /js/site.js responded 304 in 0.5941 ms
[13:19:25 INF] HTTP GET /lib/jquery-validation-unobtrusive/dist/jquery.validate.unobtrusive.min.js responded 304 in 0.2938 ms
[13:19:25 INF] HTTP GET /lib/jquery-validation/dist/jquery.validate.min.js responded 304 in 1.4543 ms
[13:19:25 INF] HTTP GET /js/products-catalog-filter.js responded 304 in 0.7472 ms
[13:20:44 INF] HTTP GET /Inventory/Products responded 200 in 54.1738 ms
[13:20:44 INF] HTTP GET /lib/bootstrap/dist/css/bootstrap.min.css responded 200 in 0.8583 ms
[13:20:44 INF] HTTP GET /css/site.css responded 200 in 0.7608 ms
[13:20:44 INF] HTTP GET /Biktal.WebMVC.styles.css responded 200 in 3.2997 ms
[13:20:44 INF] HTTP GET /lib/jquery/dist/jquery.min.js responded 200 in 0.6872 ms
[13:20:44 INF] HTTP GET /js/site.js responded 200 in 0.7416 ms
[13:20:44 INF] HTTP GET /lib/bootstrap/dist/js/bootstrap.bundle.min.js responded 200 in 0.8258 ms
[13:20:44 INF] HTTP GET /lib/jquery-validation/dist/jquery.validate.min.js responded 200 in 1.4729 ms
[13:20:44 INF] HTTP GET /lib/jquery-validation-unobtrusive/dist/jquery.validate.unobtrusive.min.js responded 200 in 0.9720 ms
[13:20:44 INF] HTTP GET /js/products-catalog-filter.js responded 200 in 2.1236 ms
[13:20:54 INF] HTTP POST /Inventory/EditProduct responded 302 in 14.3571 ms
[13:20:54 INF] HTTP GET /Inventory/Products responded 200 in 48.9528 ms
[13:20:54 INF] HTTP GET /lib/bootstrap/dist/css/bootstrap.min.css responded 304 in 0.4086 ms
[13:20:54 INF] HTTP GET /Biktal.WebMVC.styles.css responded 304 in 0.5421 ms
[13:20:54 INF] HTTP GET /css/site.css responded 304 in 0.5305 ms
[13:20:55 INF] HTTP GET /lib/jquery/dist/jquery.min.js responded 304 in 0.2994 ms
[13:20:55 INF] HTTP GET /lib/bootstrap/dist/js/bootstrap.bundle.min.js responded 304 in 0.4699 ms
[13:20:55 INF] HTTP GET /js/site.js responded 304 in 0.3579 ms
[13:20:55 INF] HTTP GET /lib/jquery-validation-unobtrusive/dist/jquery.validate.unobtrusive.min.js responded 304 in 1.0500 ms
[13:20:55 INF] HTTP GET /lib/jquery-validation/dist/jquery.validate.min.js responded 304 in 0.5913 ms
[13:20:55 INF] HTTP GET /js/products-catalog-filter.js responded 304 in 1.1955 ms
[13:22:41 INF] HTTP POST /Inventory/AddProduct responded 302 in 14.2506 ms
[13:22:41 INF] HTTP GET /Inventory/Products responded 200 in 45.5745 ms
[13:22:41 INF] HTTP GET /lib/bootstrap/dist/css/bootstrap.min.css responded 200 in 1.0754 ms
[13:22:41 INF] HTTP GET /Biktal.WebMVC.styles.css responded 200 in 1.1222 ms
[13:22:41 INF] HTTP GET /css/site.css responded 200 in 2.4626 ms
[13:22:42 INF] HTTP GET /lib/jquery/dist/jquery.min.js responded 200 in 0.6864 ms
[13:22:42 INF] HTTP GET /js/site.js responded 200 in 0.9799 ms
[13:22:42 INF] HTTP GET /lib/bootstrap/dist/js/bootstrap.bundle.min.js responded 200 in 1.1616 ms
[13:22:42 INF] HTTP GET /lib/jquery-validation/dist/jquery.validate.min.js responded 200 in 0.6023 ms
[13:22:42 INF] HTTP GET /js/products-catalog-filter.js responded 200 in 0.7820 ms
[13:22:42 INF] HTTP GET /lib/jquery-validation-unobtrusive/dist/jquery.validate.unobtrusive.min.js responded 200 in 0.8036 ms
[13:23:08 INF] HTTP GET /Inventory/Products responded 200 in 77.1404 ms
[13:23:08 INF] HTTP GET /css/site.css responded 200 in 0.9158 ms
[13:23:08 INF] HTTP GET /lib/bootstrap/dist/css/bootstrap.min.css responded 200 in 36.7383 ms
[13:23:08 INF] HTTP GET /Biktal.WebMVC.styles.css responded 200 in 1.7598 ms
[13:23:09 INF] HTTP GET /lib/jquery/dist/jquery.min.js responded 304 in 0.2905 ms
[13:23:09 INF] HTTP GET /lib/bootstrap/dist/js/bootstrap.bundle.min.js responded 304 in 0.3972 ms
[13:23:09 INF] HTTP GET /js/site.js responded 304 in 0.3547 ms
[13:23:09 INF] HTTP GET /lib/jquery-validation/dist/jquery.validate.min.js responded 304 in 0.3496 ms
[13:23:09 INF] HTTP GET /lib/jquery-validation-unobtrusive/dist/jquery.validate.unobtrusive.min.js responded 304 in 1.0517 ms
[13:23:09 INF] HTTP GET /js/products-catalog-filter.js responded 304 in 0.7568 ms
[13:23:22 INF] HTTP POST /Inventory/EditProduct responded 302 in 13.2670 ms
[13:23:22 INF] HTTP GET /Inventory/Products responded 200 in 42.0264 ms
[13:23:22 INF] HTTP GET /lib/bootstrap/dist/css/bootstrap.min.css responded 200 in 1.8720 ms
[13:23:22 INF] HTTP GET /Biktal.WebMVC.styles.css responded 200 in 1.4173 ms
[13:23:22 INF] HTTP GET /css/site.css responded 200 in 1.8063 ms
[13:23:23 INF] HTTP GET /lib/jquery/dist/jquery.min.js responded 304 in 0.2802 ms
[13:23:23 INF] HTTP GET /lib/bootstrap/dist/js/bootstrap.bundle.min.js responded 304 in 0.6468 ms
[13:23:23 INF] HTTP GET /js/site.js responded 304 in 0.4126 ms
[13:23:23 INF] HTTP GET /lib/jquery-validation/dist/jquery.validate.min.js responded 304 in 0.3610 ms
[13:23:23 INF] HTTP GET /lib/jquery-validation-unobtrusive/dist/jquery.validate.unobtrusive.min.js responded 304 in 1.4037 ms
[13:23:23 INF] HTTP GET /js/products-catalog-filter.js responded 304 in 0.9611 ms
[13:24:11 INF] HTTP GET /Inventory/Products responded 200 in 183.9601 ms
[13:24:11 INF] HTTP GET /css/site.css responded 200 in 0.8504 ms
[13:24:11 INF] HTTP GET /lib/bootstrap/dist/css/bootstrap.min.css responded 200 in 6.8323 ms
[13:24:11 INF] HTTP GET /Biktal.WebMVC.styles.css responded 200 in 1.7034 ms
[13:24:12 INF] HTTP GET /lib/jquery/dist/jquery.min.js responded 200 in 0.6847 ms
[13:24:12 INF] HTTP GET /js/site.js responded 200 in 1.3130 ms
[13:24:12 INF] HTTP GET /lib/bootstrap/dist/js/bootstrap.bundle.min.js responded 200 in 1.1043 ms
[13:24:12 INF] HTTP GET /lib/jquery-validation/dist/jquery.validate.min.js responded 200 in 0.8192 ms
[13:24:12 INF] HTTP GET /lib/jquery-validation-unobtrusive/dist/jquery.validate.unobtrusive.min.js responded 200 in 0.7644 ms
[13:24:12 INF] HTTP GET /js/products-catalog-filter.js responded 200 in 1.1652 ms
[13:24:40 INF] HTTP POST /Inventory/EditProduct responded 302 in 31.0183 ms
[13:24:40 INF] HTTP GET /Inventory/Products responded 200 in 67.9398 ms
[13:24:40 INF] HTTP GET /css/site.css responded 200 in 0.8598 ms
[13:24:40 INF] HTTP GET /Biktal.WebMVC.styles.css responded 200 in 1.5559 ms
[13:24:40 INF] HTTP GET /lib/bootstrap/dist/css/bootstrap.min.css responded 200 in 6.9173 ms
[13:24:41 INF] HTTP GET /lib/jquery/dist/jquery.min.js responded 304 in 0.2737 ms
[13:24:41 INF] HTTP GET /lib/bootstrap/dist/js/bootstrap.bundle.min.js responded 304 in 0.4725 ms
[13:24:41 INF] HTTP GET /js/site.js responded 304 in 0.5060 ms
[13:24:41 INF] HTTP GET /lib/jquery-validation/dist/jquery.validate.min.js responded 304 in 0.6196 ms
[13:24:41 INF] HTTP GET /js/products-catalog-filter.js responded 304 in 0.4000 ms
[13:24:41 INF] HTTP GET /lib/jquery-validation-unobtrusive/dist/jquery.validate.unobtrusive.min.js responded 304 in 0.3519 ms
[13:25:54 INF] HTTP GET /Inventory/Products responded 200 in 49.0406 ms
[13:25:54 INF] HTTP GET /css/site.css responded 200 in 1.0997 ms
[13:25:54 INF] HTTP GET /Biktal.WebMVC.styles.css responded 200 in 1.3300 ms
[13:25:54 INF] HTTP GET /lib/bootstrap/dist/css/bootstrap.min.css responded 200 in 4.0496 ms
[13:25:55 INF] HTTP GET /lib/jquery/dist/jquery.min.js responded 200 in 0.6465 ms
[13:25:55 INF] HTTP GET /lib/bootstrap/dist/js/bootstrap.bundle.min.js responded 200 in 1.4364 ms
[13:25:55 INF] HTTP GET /lib/jquery-validation/dist/jquery.validate.min.js responded 200 in 1.0069 ms
[13:25:55 INF] HTTP GET /js/site.js responded 200 in 3.2525 ms
[13:25:55 INF] HTTP GET /lib/jquery-validation-unobtrusive/dist/jquery.validate.unobtrusive.min.js responded 200 in 1.4722 ms
[13:25:55 INF] HTTP GET /js/products-catalog-filter.js responded 200 in 1.1580 ms
[13:26:02 INF] HTTP POST /Inventory/EditProduct responded 302 in 20.4757 ms
[13:26:02 INF] HTTP GET /Inventory/Products responded 200 in 50.3840 ms
[13:26:02 INF] HTTP GET /lib/bootstrap/dist/css/bootstrap.min.css responded 200 in 1.6213 ms
[13:26:02 INF] HTTP GET /css/site.css responded 200 in 1.2163 ms
[13:26:02 INF] HTTP GET /Biktal.WebMVC.styles.css responded 200 in 0.8001 ms
[13:26:03 INF] HTTP GET /lib/jquery/dist/jquery.min.js responded 304 in 0.2732 ms
[13:26:03 INF] HTTP GET /lib/bootstrap/dist/js/bootstrap.bundle.min.js responded 304 in 0.5372 ms
[13:26:03 INF] HTTP GET /js/site.js responded 304 in 0.3669 ms
[13:26:03 INF] HTTP GET /lib/jquery-validation-unobtrusive/dist/jquery.validate.unobtrusive.min.js responded 304 in 0.3121 ms
[13:26:03 INF] HTTP GET /lib/jquery-validation/dist/jquery.validate.min.js responded 304 in 0.4676 ms
[13:26:03 INF] HTTP GET /js/products-catalog-filter.js responded 304 in 2.2118 ms
[13:26:12 INF] HTTP GET /Inventory/Products responded 200 in 50.6493 ms
[13:26:12 INF] HTTP GET /css/site.css responded 304 in 0.5683 ms
[13:26:12 INF] HTTP GET /lib/bootstrap/dist/css/bootstrap.min.css responded 304 in 0.5358 ms
[13:26:12 INF] HTTP GET /Biktal.WebMVC.styles.css responded 304 in 0.4804 ms
[13:26:13 INF] HTTP GET /lib/jquery/dist/jquery.min.js responded 304 in 0.2901 ms
[13:26:13 INF] HTTP GET /lib/bootstrap/dist/js/bootstrap.bundle.min.js responded 304 in 0.3863 ms
[13:26:13 INF] HTTP GET /js/site.js responded 304 in 2.8281 ms
[13:26:13 INF] HTTP GET /lib/jquery-validation/dist/jquery.validate.min.js responded 304 in 0.4532 ms
[13:26:13 INF] HTTP GET /lib/jquery-validation-unobtrusive/dist/jquery.validate.unobtrusive.min.js responded 304 in 1.0925 ms
[13:26:13 INF] HTTP GET /js/products-catalog-filter.js responded 304 in 0.5606 ms
[13:26:23 INF] HTTP POST /Inventory/EditProduct responded 302 in 9.5601 ms
[13:26:23 INF] HTTP GET /Inventory/Products responded 200 in 33.2305 ms
[13:26:23 INF] HTTP GET /css/site.css responded 304 in 0.4286 ms
[13:26:23 INF] HTTP GET /lib/bootstrap/dist/css/bootstrap.min.css responded 200 in 1.4835 ms
[13:26:23 INF] HTTP GET /Biktal.WebMVC.styles.css responded 304 in 1.4120 ms
[13:26:24 INF] HTTP GET /lib/jquery/dist/jquery.min.js responded 304 in 0.2722 ms
[13:26:24 INF] HTTP GET /lib/bootstrap/dist/js/bootstrap.bundle.min.js responded 304 in 1.4686 ms
[13:26:24 INF] HTTP GET /js/site.js responded 304 in 1.7023 ms
[13:26:24 INF] HTTP GET /lib/jquery-validation/dist/jquery.validate.min.js responded 304 in 0.8391 ms
[13:26:24 INF] HTTP GET /lib/jquery-validation-unobtrusive/dist/jquery.validate.unobtrusive.min.js responded 304 in 0.7009 ms
[13:26:24 INF] HTTP GET /js/products-catalog-filter.js responded 304 in 0.4161 ms
[13:28:52 INF] HTTP GET /Inventory/Products responded 200 in 97.8571 ms
[13:28:52 INF] HTTP GET /lib/bootstrap/dist/css/bootstrap.min.css responded 200 in 1.7149 ms
[13:28:52 INF] HTTP GET /css/site.css responded 200 in 2.4285 ms
[13:28:52 INF] HTTP GET /Biktal.WebMVC.styles.css responded 200 in 0.6742 ms
[13:28:53 INF] HTTP GET /lib/jquery/dist/jquery.min.js responded 200 in 0.8459 ms
[13:28:53 INF] HTTP GET /js/site.js responded 200 in 3.3410 ms
[13:28:53 INF] HTTP GET /lib/bootstrap/dist/js/bootstrap.bundle.min.js responded 200 in 3.7248 ms
[13:28:53 INF] HTTP GET /lib/jquery-validation-unobtrusive/dist/jquery.validate.unobtrusive.min.js responded 200 in 2.9259 ms
[13:28:53 INF] HTTP GET /lib/jquery-validation/dist/jquery.validate.min.js responded 200 in 3.2397 ms
[13:28:53 INF] HTTP GET /js/products-catalog-filter.js responded 200 in 2.0738 ms
[13:29:02 INF] HTTP POST /Inventory/EditProduct responded 302 in 12.5698 ms
[13:29:02 INF] HTTP GET /Inventory/Products responded 200 in 44.9809 ms
[13:29:02 INF] HTTP GET /css/site.css responded 304 in 0.5134 ms
[13:29:02 INF] HTTP GET /lib/bootstrap/dist/css/bootstrap.min.css responded 304 in 0.3840 ms
[13:29:02 INF] HTTP GET /Biktal.WebMVC.styles.css responded 304 in 0.9719 ms
[13:29:03 INF] HTTP GET /lib/jquery/dist/jquery.min.js responded 304 in 0.2760 ms
[13:29:03 INF] HTTP GET /lib/bootstrap/dist/js/bootstrap.bundle.min.js responded 304 in 0.7949 ms
[13:29:03 INF] HTTP GET /js/site.js responded 304 in 0.3500 ms
[13:29:03 INF] HTTP GET /js/products-catalog-filter.js responded 304 in 0.2903 ms
[13:29:03 INF] HTTP GET /lib/jquery-validation/dist/jquery.validate.min.js responded 304 in 0.5998 ms
[13:29:03 INF] HTTP GET /lib/jquery-validation-unobtrusive/dist/jquery.validate.unobtrusive.min.js responded 304 in 3.0572 ms
[13:29:11 INF] HTTP GET /Inventory/Products responded 200 in 60.0201 ms
[13:29:11 INF] HTTP GET /lib/bootstrap/dist/css/bootstrap.min.css responded 304 in 2.7055 ms
[13:29:11 INF] HTTP GET /css/site.css responded 304 in 0.4691 ms
[13:29:11 INF] HTTP GET /Biktal.WebMVC.styles.css responded 304 in 0.6682 ms
[13:29:12 INF] HTTP GET /lib/jquery/dist/jquery.min.js responded 304 in 0.3276 ms
[13:29:12 INF] HTTP GET /lib/bootstrap/dist/js/bootstrap.bundle.min.js responded 304 in 0.6222 ms
[13:29:12 INF] HTTP GET /js/site.js responded 304 in 0.4363 ms
[13:29:12 INF] HTTP GET /lib/jquery-validation/dist/jquery.validate.min.js responded 304 in 0.4304 ms
[13:29:12 INF] HTTP GET /lib/jquery-validation-unobtrusive/dist/jquery.validate.unobtrusive.min.js responded 304 in 0.3138 ms
[13:29:12 INF] HTTP GET /js/products-catalog-filter.js responded 304 in 0.3585 ms
[13:29:17 INF] HTTP POST /Inventory/EditProduct responded 302 in 79.3609 ms
[13:29:17 INF] HTTP GET /Inventory/Products responded 200 in 31.3887 ms
[13:29:17 INF] HTTP GET /lib/bootstrap/dist/css/bootstrap.min.css responded 304 in 0.4575 ms
[13:29:17 INF] HTTP GET /css/site.css responded 304 in 0.3737 ms
[13:29:17 INF] HTTP GET /Biktal.WebMVC.styles.css responded 304 in 1.4463 ms
[13:29:18 INF] HTTP GET /lib/jquery/dist/jquery.min.js responded 304 in 0.3573 ms
[13:29:18 INF] HTTP GET /lib/bootstrap/dist/js/bootstrap.bundle.min.js responded 304 in 0.4181 ms
[13:29:18 INF] HTTP GET /js/site.js responded 304 in 0.3051 ms
[13:29:18 INF] HTTP GET /lib/jquery-validation/dist/jquery.validate.min.js responded 304 in 0.8598 ms
[13:29:18 INF] HTTP GET /lib/jquery-validation-unobtrusive/dist/jquery.validate.unobtrusive.min.js responded 304 in 0.6350 ms
[13:29:18 INF] HTTP GET /js/products-catalog-filter.js responded 304 in 0.5971 ms
[13:31:49 INF] HTTP GET /Inventory/Products responded 200 in 52.6545 ms
[13:31:49 INF] HTTP GET /lib/bootstrap/dist/css/bootstrap.min.css responded 200 in 1.2300 ms
[13:31:49 INF] HTTP GET /Biktal.WebMVC.styles.css responded 200 in 1.2439 ms
[13:31:49 INF] HTTP GET /css/site.css responded 200 in 1.3076 ms
[13:31:50 INF] HTTP GET /lib/jquery/dist/jquery.min.js responded 200 in 0.8623 ms
[13:31:50 INF] HTTP GET /lib/bootstrap/dist/js/bootstrap.bundle.min.js responded 200 in 1.4201 ms
[13:31:50 INF] HTTP GET /js/site.js responded 200 in 0.7250 ms
[13:31:50 INF] HTTP GET /js/products-catalog-filter.js responded 200 in 1.2012 ms
[13:31:50 INF] HTTP GET /lib/jquery-validation-unobtrusive/dist/jquery.validate.unobtrusive.min.js responded 200 in 1.2344 ms
[13:31:50 INF] HTTP GET /lib/jquery-validation/dist/jquery.validate.min.js responded 200 in 2.5031 ms
[13:33:47 INF] HTTP GET /Inventory/Products responded 200 in 65.6061 ms
[13:33:48 INF] HTTP GET /lib/bootstrap/dist/css/bootstrap.min.css responded 200 in 3.3107 ms
[13:33:48 INF] HTTP GET /css/site.css responded 200 in 0.8626 ms
[13:33:48 INF] HTTP GET /Biktal.WebMVC.styles.css responded 200 in 1.2089 ms
[13:33:48 INF] HTTP GET /lib/jquery/dist/jquery.min.js responded 200 in 0.7329 ms
[13:33:48 INF] HTTP GET /js/site.js responded 200 in 0.6644 ms
[13:33:48 INF] HTTP GET /lib/bootstrap/dist/js/bootstrap.bundle.min.js responded 200 in 1.7583 ms
[13:33:48 INF] HTTP GET /js/products-catalog-filter.js responded 200 in 1.9885 ms
[13:33:48 INF] HTTP GET /lib/jquery-validation-unobtrusive/dist/jquery.validate.unobtrusive.min.js responded 200 in 1.5579 ms
[13:33:48 INF] HTTP GET /lib/jquery-validation/dist/jquery.validate.min.js responded 200 in 2.9441 ms
[13:34:10 INF] HTTP POST /Inventory/EditProduct responded 302 in 9.0109 ms
[13:34:10 INF] HTTP GET /Inventory/Products responded 200 in 45.4588 ms
[13:34:10 INF] HTTP GET /lib/bootstrap/dist/css/bootstrap.min.css responded 200 in 4.8126 ms
[13:34:10 INF] HTTP GET /css/site.css responded 200 in 0.9204 ms
[13:34:10 INF] HTTP GET /Biktal.WebMVC.styles.css responded 200 in 1.9366 ms
[13:34:11 INF] HTTP GET /lib/jquery/dist/jquery.min.js responded 304 in 0.2831 ms
[13:34:11 INF] HTTP GET /lib/bootstrap/dist/js/bootstrap.bundle.min.js responded 304 in 0.4988 ms
[13:34:11 INF] HTTP GET /js/site.js responded 304 in 0.6042 ms
[13:34:11 INF] HTTP GET /lib/jquery-validation/dist/jquery.validate.min.js responded 304 in 0.3431 ms
[13:34:11 INF] HTTP GET /lib/jquery-validation-unobtrusive/dist/jquery.validate.unobtrusive.min.js responded 304 in 1.4841 ms
[13:34:11 INF] HTTP GET /js/products-catalog-filter.js responded 304 in 0.4245 ms
[13:34:31 INF] HTTP GET /Inventory/Products responded 200 in 129.1340 ms
[13:34:31 INF] HTTP GET /css/site.css responded 200 in 1.6357 ms
[13:34:31 INF] HTTP GET /lib/bootstrap/dist/css/bootstrap.min.css responded 200 in 1.7732 ms
[13:34:31 INF] HTTP GET /Biktal.WebMVC.styles.css responded 200 in 4.3433 ms
[13:34:31 INF] HTTP GET /lib/jquery/dist/jquery.min.js responded 304 in 0.2801 ms
[13:34:31 INF] HTTP GET /lib/bootstrap/dist/js/bootstrap.bundle.min.js responded 304 in 0.5765 ms
[13:34:31 INF] HTTP GET /js/site.js responded 304 in 0.5121 ms
[13:34:31 INF] HTTP GET /lib/jquery-validation/dist/jquery.validate.min.js responded 304 in 0.5586 ms
[13:34:31 INF] HTTP GET /lib/jquery-validation-unobtrusive/dist/jquery.validate.unobtrusive.min.js responded 304 in 3.8728 ms
[13:34:31 INF] HTTP GET /js/products-catalog-filter.js responded 304 in 0.5786 ms
[13:35:08 INF] HTTP POST /Inventory/EditProduct responded 302 in 19.8578 ms
[13:35:08 INF] HTTP GET /Inventory/Products responded 200 in 85.6853 ms
[13:35:08 INF] HTTP GET /lib/bootstrap/dist/css/bootstrap.min.css responded 200 in 0.9678 ms
[13:35:08 INF] HTTP GET /css/site.css responded 200 in 1.3811 ms
[13:35:08 INF] HTTP GET /Biktal.WebMVC.styles.css responded 200 in 2.7849 ms
[13:35:09 INF] HTTP GET /lib/jquery/dist/jquery.min.js responded 200 in 0.9010 ms
[13:35:09 INF] HTTP GET /lib/bootstrap/dist/js/bootstrap.bundle.min.js responded 200 in 1.4592 ms
[13:35:09 INF] HTTP GET /lib/jquery-validation/dist/jquery.validate.min.js responded 200 in 0.9147 ms
[13:35:09 INF] HTTP GET /lib/jquery-validation-unobtrusive/dist/jquery.validate.unobtrusive.min.js responded 200 in 0.8012 ms
[13:35:09 INF] HTTP GET /js/site.js responded 200 in 1.6807 ms
[13:35:09 INF] HTTP GET /js/products-catalog-filter.js responded 200 in 1.4873 ms
[13:35:53 INF] HTTP GET /Inventory/Products responded 200 in 55.2217 ms
[13:35:53 INF] HTTP GET /css/site.css responded 200 in 3.3933 ms
[13:35:53 INF] HTTP GET /Biktal.WebMVC.styles.css responded 200 in 7.1591 ms
[13:35:53 INF] HTTP GET /lib/bootstrap/dist/css/bootstrap.min.css responded 200 in 6.1121 ms
[13:35:54 INF] HTTP GET /lib/jquery/dist/jquery.min.js responded 200 in 0.7824 ms
[13:35:54 INF] HTTP GET /js/site.js responded 200 in 0.8761 ms
[13:35:54 INF] HTTP GET /lib/jquery-validation-unobtrusive/dist/jquery.validate.unobtrusive.min.js responded 200 in 0.7304 ms
[13:35:54 INF] HTTP GET /js/products-catalog-filter.js responded 200 in 0.7168 ms
[13:35:54 INF] HTTP GET /lib/jquery-validation/dist/jquery.validate.min.js responded 200 in 0.8568 ms
[13:35:54 INF] HTTP GET /lib/bootstrap/dist/js/bootstrap.bundle.min.js responded 200 in 1.6186 ms
[13:36:03 INF] HTTP POST /Inventory/EditProduct responded 302 in 25.3651 ms
[13:36:03 INF] HTTP GET /Inventory/Products responded 200 in 42.1297 ms
[13:36:03 INF] HTTP GET /lib/bootstrap/dist/css/bootstrap.min.css responded 200 in 1.0787 ms
[13:36:03 INF] HTTP GET /css/site.css responded 200 in 1.8284 ms
[13:36:03 INF] HTTP GET /Biktal.WebMVC.styles.css responded 200 in 2.3861 ms
[13:36:04 INF] HTTP GET /lib/jquery/dist/jquery.min.js responded 304 in 0.2781 ms
[13:36:04 INF] HTTP GET /lib/bootstrap/dist/js/bootstrap.bundle.min.js responded 304 in 1.3204 ms
[13:36:04 INF] HTTP GET /js/site.js responded 304 in 0.5111 ms
[13:36:04 INF] HTTP GET /lib/jquery-validation/dist/jquery.validate.min.js responded 304 in 0.5028 ms
[13:36:04 INF] HTTP GET /lib/jquery-validation-unobtrusive/dist/jquery.validate.unobtrusive.min.js responded 304 in 0.8811 ms
[13:36:04 INF] HTTP GET /js/products-catalog-filter.js responded 304 in 0.5326 ms
[13:36:18 INF] HTTP GET /Inventory/Products responded 200 in 39.2655 ms
[13:36:18 INF] HTTP GET /lib/bootstrap/dist/css/bootstrap.min.css responded 304 in 0.5129 ms
[13:36:18 INF] HTTP GET /css/site.css responded 304 in 2.2193 ms
[13:36:18 INF] HTTP GET /Biktal.WebMVC.styles.css responded 304 in 0.6006 ms
[13:36:19 INF] HTTP GET /lib/jquery/dist/jquery.min.js responded 304 in 0.2768 ms
[13:36:19 INF] HTTP GET /lib/bootstrap/dist/js/bootstrap.bundle.min.js responded 304 in 0.4270 ms
[13:36:19 INF] HTTP GET /js/site.js responded 304 in 0.4994 ms
[13:36:19 INF] HTTP GET /lib/jquery-validation-unobtrusive/dist/jquery.validate.unobtrusive.min.js responded 304 in 0.3344 ms
[13:36:19 INF] HTTP GET /lib/jquery-validation/dist/jquery.validate.min.js responded 304 in 0.5054 ms
[13:36:19 INF] HTTP GET /js/products-catalog-filter.js responded 304 in 4.4679 ms
[13:36:30 INF] HTTP POST /Inventory/EditProduct responded 302 in 14.6996 ms
[13:36:30 INF] HTTP GET /Inventory/Products responded 200 in 52.7186 ms
[13:36:30 INF] HTTP GET /lib/bootstrap/dist/css/bootstrap.min.css responded 304 in 0.6792 ms
[13:36:30 INF] HTTP GET /css/site.css responded 304 in 1.3500 ms
[13:36:30 INF] HTTP GET /Biktal.WebMVC.styles.css responded 304 in 0.4476 ms
[13:36:31 INF] HTTP GET /lib/jquery/dist/jquery.min.js responded 304 in 0.2668 ms
[13:36:31 INF] HTTP GET /lib/bootstrap/dist/js/bootstrap.bundle.min.js responded 304 in 0.4113 ms
[13:36:31 INF] HTTP GET /js/site.js responded 304 in 1.2571 ms
[13:36:31 INF] HTTP GET /lib/jquery-validation/dist/jquery.validate.min.js responded 304 in 0.3842 ms
[13:36:31 INF] HTTP GET /lib/jquery-validation-unobtrusive/dist/jquery.validate.unobtrusive.min.js responded 304 in 0.5238 ms
[13:36:31 INF] HTTP GET /js/products-catalog-filter.js responded 304 in 0.7758 ms
[13:36:43 INF] HTTP GET /Inventory/Products responded 200 in 48.2073 ms
[13:36:43 INF] HTTP GET /lib/bootstrap/dist/css/bootstrap.min.css responded 304 in 0.7105 ms
[13:36:43 INF] HTTP GET /css/site.css responded 304 in 2.0379 ms
[13:36:43 INF] HTTP GET /Biktal.WebMVC.styles.css responded 304 in 0.6144 ms
[13:36:43 INF] HTTP GET /lib/jquery/dist/jquery.min.js responded 304 in 0.3426 ms
[13:36:43 INF] HTTP GET /lib/bootstrap/dist/js/bootstrap.bundle.min.js responded 304 in 0.4495 ms
[13:36:43 INF] HTTP GET /js/site.js responded 304 in 0.4371 ms
[13:36:43 INF] HTTP GET /lib/jquery-validation-unobtrusive/dist/jquery.validate.unobtrusive.min.js responded 304 in 0.2782 ms
[13:36:43 INF] HTTP GET /lib/jquery-validation/dist/jquery.validate.min.js responded 304 in 0.3056 ms
[13:36:43 INF] HTTP GET /js/products-catalog-filter.js responded 304 in 0.2195 ms
[13:37:00 INF] HTTP POST /Inventory/EditProduct responded 302 in 75.3638 ms
[13:37:01 INF] HTTP GET /Inventory/Products responded 200 in 59.0097 ms
[13:37:01 INF] HTTP GET /Biktal.WebMVC.styles.css responded 304 in 2.2763 ms
[13:37:01 INF] HTTP GET /lib/bootstrap/dist/css/bootstrap.min.css responded 200 in 5.2039 ms
[13:37:01 INF] HTTP GET /css/site.css responded 304 in 0.5660 ms
[13:37:02 INF] HTTP GET /lib/jquery/dist/jquery.min.js responded 304 in 0.2733 ms
[13:37:02 INF] HTTP GET /lib/bootstrap/dist/js/bootstrap.bundle.min.js responded 304 in 0.5111 ms
[13:37:02 INF] HTTP GET /lib/jquery-validation/dist/jquery.validate.min.js responded 304 in 0.3041 ms
[13:37:02 INF] HTTP GET /js/site.js responded 304 in 0.3283 ms
[13:37:02 INF] HTTP GET /lib/jquery-validation-unobtrusive/dist/jquery.validate.unobtrusive.min.js responded 304 in 1.4919 ms
[13:37:02 INF] HTTP GET /js/products-catalog-filter.js responded 304 in 0.6991 ms
[13:37:21 INF] HTTP GET /Inventory/Products responded 200 in 39.3057 ms
[13:37:21 INF] HTTP GET /lib/bootstrap/dist/css/bootstrap.min.css responded 200 in 1.3577 ms
[13:37:21 INF] HTTP GET /css/site.css responded 304 in 0.4670 ms
[13:37:21 INF] HTTP GET /Biktal.WebMVC.styles.css responded 304 in 0.6935 ms
[13:37:22 INF] HTTP GET /lib/jquery/dist/jquery.min.js responded 304 in 0.2790 ms
[13:37:22 INF] HTTP GET /lib/bootstrap/dist/js/bootstrap.bundle.min.js responded 304 in 0.4103 ms
[13:37:22 INF] HTTP GET /js/site.js responded 304 in 0.3902 ms
[13:37:22 INF] HTTP GET /lib/jquery-validation/dist/jquery.validate.min.js responded 304 in 0.8082 ms
[13:37:22 INF] HTTP GET /lib/jquery-validation-unobtrusive/dist/jquery.validate.unobtrusive.min.js responded 304 in 0.5343 ms
[13:37:22 INF] HTTP GET /js/products-catalog-filter.js responded 304 in 1.6161 ms
[13:37:36 INF] HTTP POST /Inventory/EditProduct responded 302 in 11.6968 ms
[13:37:36 INF] HTTP GET /Inventory/Products responded 200 in 34.6049 ms
[13:37:36 INF] HTTP GET /lib/bootstrap/dist/css/bootstrap.min.css responded 200 in 10.4492 ms
[13:37:36 INF] HTTP GET /css/site.css responded 304 in 1.2476 ms
[13:37:36 INF] HTTP GET /Biktal.WebMVC.styles.css responded 304 in 0.4806 ms
[13:37:37 INF] HTTP GET /lib/jquery/dist/jquery.min.js responded 304 in 0.2741 ms
[13:37:37 INF] HTTP GET /lib/bootstrap/dist/js/bootstrap.bundle.min.js responded 304 in 1.4948 ms
[13:37:37 INF] HTTP GET /js/site.js responded 304 in 0.4187 ms
[13:37:37 INF] HTTP GET /lib/jquery-validation-unobtrusive/dist/jquery.validate.unobtrusive.min.js responded 304 in 0.4017 ms
[13:37:37 INF] HTTP GET /lib/jquery-validation/dist/jquery.validate.min.js responded 304 in 1.1461 ms
[13:37:37 INF] HTTP GET /js/products-catalog-filter.js responded 304 in 0.3779 ms
[13:41:16 INF] HTTP POST /Inventory/AddProduct responded 302 in 113.7887 ms
[13:41:16 INF] HTTP GET /Inventory/Products responded 200 in 62.8996 ms
[13:41:16 INF] HTTP GET /css/site.css responded 200 in 0.7572 ms
[13:41:16 INF] HTTP GET /lib/bootstrap/dist/css/bootstrap.min.css responded 200 in 3.7367 ms
[13:41:16 INF] HTTP GET /Biktal.WebMVC.styles.css responded 200 in 0.5993 ms
[13:41:17 INF] HTTP GET /lib/jquery/dist/jquery.min.js responded 200 in 0.7003 ms
[13:41:17 INF] HTTP GET /js/site.js responded 200 in 0.8965 ms
[13:41:17 INF] HTTP GET /lib/jquery-validation/dist/jquery.validate.min.js responded 200 in 0.8095 ms
[13:41:17 INF] HTTP GET /js/products-catalog-filter.js responded 200 in 0.8184 ms
[13:41:17 INF] HTTP GET /lib/jquery-validation-unobtrusive/dist/jquery.validate.unobtrusive.min.js responded 200 in 1.2860 ms
[13:41:17 INF] HTTP GET /lib/bootstrap/dist/js/bootstrap.bundle.min.js responded 200 in 1.1189 ms
[13:44:09 INF] HTTP POST /Inventory/AddProduct responded 302 in 25.7481 ms
[13:44:09 INF] HTTP GET /Inventory/Products responded 200 in 56.3090 ms
[13:44:10 INF] HTTP GET /lib/bootstrap/dist/css/bootstrap.min.css responded 200 in 0.8328 ms
[13:44:10 INF] HTTP GET /css/site.css responded 200 in 0.8331 ms
[13:44:10 INF] HTTP GET /Biktal.WebMVC.styles.css responded 200 in 1.4683 ms
[13:44:11 INF] HTTP GET /lib/jquery/dist/jquery.min.js responded 200 in 0.7243 ms
[13:44:11 INF] HTTP GET /js/site.js responded 200 in 0.8181 ms
[13:44:11 INF] HTTP GET /lib/bootstrap/dist/js/bootstrap.bundle.min.js responded 200 in 1.1723 ms
[13:44:11 INF] HTTP GET /lib/jquery-validation/dist/jquery.validate.min.js responded 200 in 4.5373 ms
[13:44:11 INF] HTTP GET /lib/jquery-validation-unobtrusive/dist/jquery.validate.unobtrusive.min.js responded 200 in 1.3316 ms
[13:44:11 INF] HTTP GET /js/products-catalog-filter.js responded 200 in 1.8975 ms
[13:45:34 INF] HTTP POST /Inventory/AddProduct responded 302 in 12.8976 ms
[13:45:34 INF] HTTP GET /Inventory/Products responded 200 in 42.5134 ms
[13:45:35 INF] HTTP GET /Biktal.WebMVC.styles.css responded 200 in 1.0199 ms
[13:45:35 INF] HTTP GET /css/site.css responded 200 in 1.0419 ms
[13:45:35 INF] HTTP GET /lib/bootstrap/dist/css/bootstrap.min.css responded 200 in 1.6224 ms
[13:45:35 INF] HTTP GET /lib/jquery/dist/jquery.min.js responded 200 in 0.6857 ms
[13:45:35 INF] HTTP GET /js/site.js responded 200 in 0.8008 ms
[13:45:35 INF] HTTP GET /lib/bootstrap/dist/js/bootstrap.bundle.min.js responded 200 in 0.8469 ms
[13:45:35 INF] HTTP GET /lib/jquery-validation/dist/jquery.validate.min.js responded 200 in 0.6563 ms
[13:45:35 INF] HTTP GET /lib/jquery-validation-unobtrusive/dist/jquery.validate.unobtrusive.min.js responded 200 in 1.1494 ms
[13:45:35 INF] HTTP GET /js/products-catalog-filter.js responded 200 in 3.3061 ms
[13:46:19 INF] HTTP POST /Inventory/AddProduct responded 302 in 116.7977 ms
[13:46:19 INF] HTTP GET /Inventory/Products responded 200 in 42.0521 ms
[13:46:19 INF] HTTP GET /css/site.css responded 200 in 2.5431 ms
[13:46:19 INF] HTTP GET /lib/bootstrap/dist/css/bootstrap.min.css responded 200 in 1.2923 ms
[13:46:19 INF] HTTP GET /Biktal.WebMVC.styles.css responded 200 in 0.9698 ms
[13:46:20 INF] HTTP GET /lib/jquery/dist/jquery.min.js responded 200 in 0.7915 ms
[13:46:20 INF] HTTP GET /js/site.js responded 200 in 0.9524 ms
[13:46:20 INF] HTTP GET /lib/jquery-validation/dist/jquery.validate.min.js responded 200 in 0.7731 ms
[13:46:20 INF] HTTP GET /lib/bootstrap/dist/js/bootstrap.bundle.min.js responded 200 in 0.7870 ms
[13:46:20 INF] HTTP GET /lib/jquery-validation-unobtrusive/dist/jquery.validate.unobtrusive.min.js responded 200 in 0.8027 ms
[13:46:20 INF] HTTP GET /js/products-catalog-filter.js responded 200 in 6.3038 ms
[13:47:08 INF] HTTP GET /Inventory/Products responded 200 in 77.7050 ms
[13:47:08 INF] HTTP GET /css/site.css responded 200 in 1.1757 ms
[13:47:08 INF] HTTP GET /lib/bootstrap/dist/css/bootstrap.min.css responded 200 in 4.4149 ms
[13:47:08 INF] HTTP GET /Biktal.WebMVC.styles.css responded 200 in 5.3967 ms
[13:47:09 INF] HTTP GET /lib/jquery/dist/jquery.min.js responded 304 in 0.2732 ms
[13:47:09 INF] HTTP GET /lib/bootstrap/dist/js/bootstrap.bundle.min.js responded 304 in 0.4218 ms
[13:47:09 INF] HTTP GET /js/site.js responded 304 in 0.3493 ms
[13:47:09 INF] HTTP GET /lib/jquery-validation-unobtrusive/dist/jquery.validate.unobtrusive.min.js responded 304 in 1.1118 ms
[13:47:09 INF] HTTP GET /lib/jquery-validation/dist/jquery.validate.min.js responded 304 in 0.5766 ms
[13:47:09 INF] HTTP GET /js/products-catalog-filter.js responded 304 in 0.5004 ms
[13:47:18 INF] HTTP POST /Inventory/EditProduct responded 302 in 10.7375 ms
[13:47:18 INF] HTTP GET /Inventory/Products responded 200 in 36.9843 ms
[13:47:18 INF] HTTP GET /lib/bootstrap/dist/css/bootstrap.min.css responded 200 in 1.4074 ms
[13:47:18 INF] HTTP GET /css/site.css responded 200 in 1.5136 ms
[13:47:18 INF] HTTP GET /Biktal.WebMVC.styles.css responded 200 in 1.9324 ms
[13:47:19 INF] HTTP GET /lib/jquery/dist/jquery.min.js responded 304 in 0.3776 ms
[13:47:19 INF] HTTP GET /lib/bootstrap/dist/js/bootstrap.bundle.min.js responded 304 in 0.5159 ms
[13:47:19 INF] HTTP GET /js/site.js responded 304 in 0.5036 ms
[13:47:19 INF] HTTP GET /lib/jquery-validation/dist/jquery.validate.min.js responded 304 in 1.5300 ms
[13:47:19 INF] HTTP GET /lib/jquery-validation-unobtrusive/dist/jquery.validate.unobtrusive.min.js responded 304 in 1.7944 ms
[13:47:19 INF] HTTP GET /js/products-catalog-filter.js responded 304 in 2.2002 ms
[13:47:33 INF] HTTP GET /Inventory/Products responded 200 in 46.5464 ms
[13:47:33 INF] HTTP GET /lib/bootstrap/dist/css/bootstrap.min.css responded 304 in 0.6845 ms
[13:47:33 INF] HTTP GET /css/site.css responded 304 in 0.4195 ms
[13:47:33 INF] HTTP GET /Biktal.WebMVC.styles.css responded 304 in 0.9725 ms
[13:47:34 INF] HTTP GET /lib/jquery/dist/jquery.min.js responded 304 in 0.2764 ms
[13:47:34 INF] HTTP GET /lib/bootstrap/dist/js/bootstrap.bundle.min.js responded 304 in 1.0152 ms
[13:47:34 INF] HTTP GET /js/site.js responded 304 in 0.6150 ms
[13:47:34 INF] HTTP GET /js/products-catalog-filter.js responded 304 in 0.6637 ms
[13:47:34 INF] HTTP GET /lib/jquery-validation-unobtrusive/dist/jquery.validate.unobtrusive.min.js responded 304 in 1.1253 ms
[13:47:34 INF] HTTP GET /lib/jquery-validation/dist/jquery.validate.min.js responded 304 in 0.5056 ms
[13:47:41 INF] HTTP POST /Inventory/EditProduct responded 302 in 9.0661 ms
[13:47:41 INF] HTTP GET /Inventory/Products responded 200 in 36.4677 ms
[13:47:41 INF] HTTP GET /lib/bootstrap/dist/css/bootstrap.min.css responded 304 in 0.5281 ms
[13:47:41 INF] HTTP GET /css/site.css responded 304 in 0.3796 ms
[13:47:41 INF] HTTP GET /Biktal.WebMVC.styles.css responded 304 in 1.2931 ms
[13:47:42 INF] HTTP GET /lib/jquery/dist/jquery.min.js responded 304 in 0.3218 ms
[13:47:42 INF] HTTP GET /lib/bootstrap/dist/js/bootstrap.bundle.min.js responded 304 in 0.4404 ms
[13:47:42 INF] HTTP GET /js/site.js responded 304 in 0.3663 ms
[13:47:42 INF] HTTP GET /lib/jquery-validation/dist/jquery.validate.min.js responded 304 in 0.6359 ms
[13:47:42 INF] HTTP GET /lib/jquery-validation-unobtrusive/dist/jquery.validate.unobtrusive.min.js responded 304 in 0.4955 ms
[13:47:42 INF] HTTP GET /js/products-catalog-filter.js responded 304 in 0.5515 ms
[13:47:49 INF] HTTP GET /Inventory/Products responded 200 in 59.5046 ms
[13:47:49 INF] HTTP GET /lib/bootstrap/dist/css/bootstrap.min.css responded 304 in 0.4895 ms
[13:47:49 INF] HTTP GET /css/site.css responded 304 in 1.0152 ms
[13:47:49 INF] HTTP GET /Biktal.WebMVC.styles.css responded 304 in 0.5279 ms
[13:47:50 INF] HTTP GET /lib/jquery/dist/jquery.min.js responded 304 in 0.2750 ms
[13:47:50 INF] HTTP GET /lib/bootstrap/dist/js/bootstrap.bundle.min.js responded 304 in 0.3640 ms
[13:47:50 INF] HTTP GET /js/site.js responded 304 in 0.2610 ms
[13:47:50 INF] HTTP GET /lib/jquery-validation/dist/jquery.validate.min.js responded 304 in 0.2657 ms
[13:47:50 INF] HTTP GET /lib/jquery-validation-unobtrusive/dist/jquery.validate.unobtrusive.min.js responded 304 in 0.3603 ms
[13:47:50 INF] HTTP GET /js/products-catalog-filter.js responded 304 in 0.2506 ms
[13:48:01 INF] HTTP POST /Inventory/EditProduct responded 302 in 7.4314 ms
[13:48:01 INF] HTTP GET /Inventory/Products responded 200 in 34.0866 ms
[13:48:01 INF] HTTP GET /css/site.css responded 304 in 0.4868 ms
[13:48:01 INF] HTTP GET /lib/bootstrap/dist/css/bootstrap.min.css responded 200 in 3.4189 ms
[13:48:01 INF] HTTP GET /Biktal.WebMVC.styles.css responded 304 in 0.5435 ms
[13:48:02 INF] HTTP GET /lib/jquery/dist/jquery.min.js responded 304 in 0.2729 ms
[13:48:02 INF] HTTP GET /lib/bootstrap/dist/js/bootstrap.bundle.min.js responded 304 in 0.6904 ms
[13:48:02 INF] HTTP GET /js/site.js responded 304 in 0.3488 ms
[13:48:02 INF] HTTP GET /lib/jquery-validation-unobtrusive/dist/jquery.validate.unobtrusive.min.js responded 304 in 0.3799 ms
[13:48:02 INF] HTTP GET /lib/jquery-validation/dist/jquery.validate.min.js responded 304 in 2.3769 ms
[13:48:02 INF] HTTP GET /js/products-catalog-filter.js responded 304 in 0.4754 ms
[13:48:48 INF] HTTP GET /Inventory/Products responded 200 in 67.5804 ms
[13:48:48 INF] HTTP GET /Biktal.WebMVC.styles.css responded 304 in 0.5526 ms
[13:48:48 INF] HTTP GET /css/site.css responded 304 in 0.8215 ms
[13:48:48 INF] HTTP GET /lib/bootstrap/dist/css/bootstrap.min.css responded 200 in 11.8720 ms
[13:48:48 INF] HTTP GET /lib/jquery/dist/jquery.min.js responded 304 in 0.2487 ms
[13:48:48 INF] HTTP GET /lib/bootstrap/dist/js/bootstrap.bundle.min.js responded 304 in 0.8625 ms
[13:48:48 INF] HTTP GET /js/site.js responded 304 in 0.5855 ms
[13:48:48 INF] HTTP GET /lib/jquery-validation/dist/jquery.validate.min.js responded 304 in 0.9903 ms
[13:48:48 INF] HTTP GET /lib/jquery-validation-unobtrusive/dist/jquery.validate.unobtrusive.min.js responded 304 in 0.7336 ms
[13:48:48 INF] HTTP GET /js/products-catalog-filter.js responded 304 in 0.5833 ms
[13:48:50 INF] HTTP GET /Inventory/Products responded 200 in 53.9944 ms
[13:48:50 INF] HTTP GET /lib/bootstrap/dist/css/bootstrap.min.css responded 304 in 5.0218 ms
[13:48:50 INF] HTTP GET /Biktal.WebMVC.styles.css responded 304 in 1.7372 ms
[13:48:50 INF] HTTP GET /css/site.css responded 304 in 0.5869 ms
[13:48:51 INF] HTTP GET /lib/jquery/dist/jquery.min.js responded 304 in 0.2786 ms
[13:48:51 INF] HTTP GET /lib/bootstrap/dist/js/bootstrap.bundle.min.js responded 304 in 0.5839 ms
[13:48:51 INF] HTTP GET /js/site.js responded 304 in 0.5043 ms
[13:48:51 INF] HTTP GET /lib/jquery-validation/dist/jquery.validate.min.js responded 304 in 0.2741 ms
[13:48:51 INF] HTTP GET /lib/jquery-validation-unobtrusive/dist/jquery.validate.unobtrusive.min.js responded 304 in 0.3672 ms
[13:48:51 INF] HTTP GET /js/products-catalog-filter.js responded 304 in 0.4854 ms
[13:48:55 INF] HTTP GET /Inventory/Products responded 200 in 61.8432 ms
[13:48:55 INF] HTTP GET /lib/bootstrap/dist/css/bootstrap.min.css responded 304 in 1.3021 ms
[13:48:55 INF] HTTP GET /css/site.css responded 304 in 1.2602 ms
[13:48:55 INF] HTTP GET /Biktal.WebMVC.styles.css responded 304 in 1.2040 ms
[13:48:56 INF] HTTP GET /lib/jquery/dist/jquery.min.js responded 304 in 0.2776 ms
[13:48:56 INF] HTTP GET /lib/bootstrap/dist/js/bootstrap.bundle.min.js responded 304 in 0.5175 ms
[13:48:56 INF] HTTP GET /lib/jquery-validation/dist/jquery.validate.min.js responded 304 in 0.3658 ms
[13:48:56 INF] HTTP GET /js/site.js responded 304 in 0.4500 ms
[13:48:56 INF] HTTP GET /lib/jquery-validation-unobtrusive/dist/jquery.validate.unobtrusive.min.js responded 304 in 0.4366 ms
[13:48:56 INF] HTTP GET /js/products-catalog-filter.js responded 304 in 1.5125 ms
[13:49:06 INF] HTTP POST /Inventory/EditProduct responded 302 in 9.0437 ms
[13:49:07 INF] HTTP GET /Inventory/Products responded 200 in 33.2624 ms
[13:49:07 INF] HTTP GET /lib/bootstrap/dist/css/bootstrap.min.css responded 304 in 0.5838 ms
[13:49:07 INF] HTTP GET /css/site.css responded 304 in 1.3443 ms
[13:49:07 INF] HTTP GET /Biktal.WebMVC.styles.css responded 304 in 1.0953 ms
[13:49:08 INF] HTTP GET /lib/jquery/dist/jquery.min.js responded 304 in 0.2718 ms
[13:49:08 INF] HTTP GET /lib/bootstrap/dist/js/bootstrap.bundle.min.js responded 304 in 0.5994 ms
[13:49:08 INF] HTTP GET /js/site.js responded 304 in 0.9842 ms
[13:49:08 INF] HTTP GET /lib/jquery-validation/dist/jquery.validate.min.js responded 304 in 0.5171 ms
[13:49:08 INF] HTTP GET /lib/jquery-validation-unobtrusive/dist/jquery.validate.unobtrusive.min.js responded 304 in 0.7549 ms
[13:49:08 INF] HTTP GET /js/products-catalog-filter.js responded 304 in 0.4220 ms
[13:49:35 INF] HTTP GET /Inventory/Products responded 200 in 47.9009 ms
[13:49:35 INF] HTTP GET /lib/bootstrap/dist/css/bootstrap.min.css responded 200 in 2.0545 ms
[13:49:35 INF] HTTP GET /css/site.css responded 304 in 0.4027 ms
[13:49:35 INF] HTTP GET /Biktal.WebMVC.styles.css responded 304 in 0.9684 ms
[13:49:36 INF] HTTP GET /lib/jquery/dist/jquery.min.js responded 304 in 1.4811 ms
[13:49:36 INF] HTTP GET /lib/bootstrap/dist/js/bootstrap.bundle.min.js responded 304 in 0.4992 ms
[13:49:36 INF] HTTP GET /js/site.js responded 304 in 0.3801 ms
[13:49:36 INF] HTTP GET /lib/jquery-validation/dist/jquery.validate.min.js responded 304 in 0.5928 ms
[13:49:36 INF] HTTP GET /lib/jquery-validation-unobtrusive/dist/jquery.validate.unobtrusive.min.js responded 304 in 0.7103 ms
[13:49:36 INF] HTTP GET /js/products-catalog-filter.js responded 304 in 0.6011 ms
[13:49:49 INF] HTTP POST /Inventory/EditProduct responded 302 in 11.3629 ms
[13:49:49 INF] HTTP GET /Inventory/Products responded 200 in 38.0174 ms
[13:49:49 INF] HTTP GET /lib/bootstrap/dist/css/bootstrap.min.css responded 200 in 14.6503 ms
[13:49:49 INF] HTTP GET /css/site.css responded 304 in 0.5463 ms
[13:49:49 INF] HTTP GET /Biktal.WebMVC.styles.css responded 304 in 2.1805 ms
[13:49:50 INF] HTTP GET /lib/jquery/dist/jquery.min.js responded 304 in 0.2790 ms
[13:49:50 INF] HTTP GET /lib/bootstrap/dist/js/bootstrap.bundle.min.js responded 304 in 0.7004 ms
[13:49:50 INF] HTTP GET /lib/jquery-validation/dist/jquery.validate.min.js responded 304 in 0.3201 ms
[13:49:50 INF] HTTP GET /js/site.js responded 304 in 0.3996 ms
[13:49:50 INF] HTTP GET /lib/jquery-validation-unobtrusive/dist/jquery.validate.unobtrusive.min.js responded 304 in 0.2918 ms
[13:49:50 INF] HTTP GET /js/products-catalog-filter.js responded 304 in 0.5126 ms
[13:57:20 INF] HTTP GET /Inventory/Products responded 200 in 142.5013 ms
[13:57:20 INF] HTTP GET /lib/bootstrap/dist/css/bootstrap.min.css responded 200 in 26.9973 ms
[13:57:20 INF] HTTP GET /css/site.css responded 200 in 7.3200 ms
[13:57:20 INF] HTTP GET /Biktal.WebMVC.styles.css responded 200 in 5.2462 ms
[13:57:21 INF] HTTP GET /lib/jquery/dist/jquery.min.js responded 200 in 0.8791 ms
[13:57:21 INF] HTTP GET /js/site.js responded 200 in 0.8316 ms
[13:57:21 INF] HTTP GET /lib/bootstrap/dist/js/bootstrap.bundle.min.js responded 200 in 0.8166 ms
[13:57:21 INF] HTTP GET /lib/jquery-validation/dist/jquery.validate.min.js responded 200 in 0.8049 ms
[13:57:21 INF] HTTP GET /lib/jquery-validation-unobtrusive/dist/jquery.validate.unobtrusive.min.js responded 200 in 1.1230 ms
[13:57:21 INF] HTTP GET /js/products-catalog-filter.js responded 200 in 0.9793 ms
[13:57:31 INF] HTTP POST /Inventory/EditProduct responded 302 in 13.3356 ms
[13:57:31 INF] HTTP GET /Inventory/Products responded 200 in 37.3602 ms
[13:57:31 INF] HTTP GET /css/site.css responded 200 in 0.8097 ms
[13:57:31 INF] HTTP GET /Biktal.WebMVC.styles.css responded 200 in 1.2447 ms
[13:57:31 INF] HTTP GET /lib/bootstrap/dist/css/bootstrap.min.css responded 200 in 1.7799 ms
[13:57:32 INF] HTTP GET /lib/jquery/dist/jquery.min.js responded 304 in 0.2720 ms
[13:57:32 INF] HTTP GET /lib/bootstrap/dist/js/bootstrap.bundle.min.js responded 304 in 0.4791 ms
[13:57:32 INF] HTTP GET /js/site.js responded 304 in 0.3566 ms
[13:57:32 INF] HTTP GET /lib/jquery-validation/dist/jquery.validate.min.js responded 304 in 0.2854 ms
[13:57:32 INF] HTTP GET /lib/jquery-validation-unobtrusive/dist/jquery.validate.unobtrusive.min.js responded 304 in 0.7557 ms
[13:57:32 INF] HTTP GET /js/products-catalog-filter.js responded 304 in 0.3900 ms
[13:57:43 INF] HTTP GET /Inventory/Products responded 200 in 50.7363 ms
[13:57:43 INF] HTTP GET /lib/bootstrap/dist/css/bootstrap.min.css responded 304 in 0.5082 ms
[13:57:43 INF] HTTP GET /css/site.css responded 304 in 0.4694 ms
[13:57:43 INF] HTTP GET /Biktal.WebMVC.styles.css responded 304 in 0.3735 ms
[13:57:44 INF] HTTP GET /lib/jquery/dist/jquery.min.js responded 304 in 0.2847 ms
[13:57:44 INF] HTTP GET /lib/bootstrap/dist/js/bootstrap.bundle.min.js responded 304 in 0.4594 ms
[13:57:44 INF] HTTP GET /js/site.js responded 304 in 0.4668 ms
[13:57:44 INF] HTTP GET /lib/jquery-validation/dist/jquery.validate.min.js responded 304 in 0.6992 ms
[13:57:44 INF] HTTP GET /lib/jquery-validation-unobtrusive/dist/jquery.validate.unobtrusive.min.js responded 304 in 3.1106 ms
[13:57:44 INF] HTTP GET /js/products-catalog-filter.js responded 304 in 0.4841 ms
[13:57:52 INF] HTTP POST /Inventory/EditProduct responded 302 in 10.7703 ms
[13:57:52 INF] HTTP GET /Inventory/Products responded 200 in 36.3706 ms
[13:57:52 INF] HTTP GET /css/site.css responded 304 in 0.4945 ms
[13:57:52 INF] HTTP GET /lib/bootstrap/dist/css/bootstrap.min.css responded 304 in 0.6879 ms
[13:57:52 INF] HTTP GET /Biktal.WebMVC.styles.css responded 304 in 0.4108 ms
[13:57:53 INF] HTTP GET /lib/jquery/dist/jquery.min.js responded 304 in 0.3722 ms
[13:57:53 INF] HTTP GET /lib/bootstrap/dist/js/bootstrap.bundle.min.js responded 304 in 0.5180 ms
[13:57:53 INF] HTTP GET /js/site.js responded 304 in 0.4619 ms
[13:57:53 INF] HTTP GET /lib/jquery-validation/dist/jquery.validate.min.js responded 304 in 0.3392 ms
[13:57:53 INF] HTTP GET /lib/jquery-validation-unobtrusive/dist/jquery.validate.unobtrusive.min.js responded 304 in 0.4764 ms
[13:57:53 INF] HTTP GET /js/products-catalog-filter.js responded 304 in 0.5401 ms
[13:58:54 INF] HTTP GET /Inventory/Products responded 200 in 44.8572 ms
[13:58:55 INF] HTTP GET /css/site.css responded 304 in 0.4268 ms
[13:58:55 INF] HTTP GET /Biktal.WebMVC.styles.css responded 304 in 0.9099 ms
[13:58:55 INF] HTTP GET /lib/bootstrap/dist/css/bootstrap.min.css responded 200 in 8.2395 ms
[13:58:55 INF] HTTP GET /lib/jquery/dist/jquery.min.js responded 304 in 0.3643 ms
[13:58:55 INF] HTTP GET /lib/jquery-validation/dist/jquery.validate.min.js responded 304 in 0.5479 ms
[13:58:55 INF] HTTP GET /lib/bootstrap/dist/js/bootstrap.bundle.min.js responded 304 in 0.9218 ms
[13:58:55 INF] HTTP GET /js/site.js responded 304 in 0.5114 ms
[13:58:55 INF] HTTP GET /lib/jquery-validation-unobtrusive/dist/jquery.validate.unobtrusive.min.js responded 304 in 0.3470 ms
[13:58:55 INF] HTTP GET /js/products-catalog-filter.js responded 304 in 0.3470 ms
[13:59:12 INF] HTTP POST /Inventory/EditProduct responded 302 in 42.9218 ms
[13:59:12 INF] HTTP GET /Inventory/Products responded 200 in 67.5237 ms
[13:59:12 INF] HTTP GET /lib/bootstrap/dist/css/bootstrap.min.css responded 200 in 1.3709 ms
[13:59:12 INF] HTTP GET /Biktal.WebMVC.styles.css responded 304 in 1.4034 ms
[13:59:12 INF] HTTP GET /css/site.css responded 304 in 1.2292 ms
[13:59:13 INF] HTTP GET /lib/jquery/dist/jquery.min.js responded 304 in 0.3564 ms
[13:59:13 INF] HTTP GET /lib/bootstrap/dist/js/bootstrap.bundle.min.js responded 304 in 0.4839 ms
[13:59:13 INF] HTTP GET /js/site.js responded 304 in 0.3596 ms
[13:59:13 INF] HTTP GET /js/products-catalog-filter.js responded 304 in 0.3271 ms
[13:59:13 INF] HTTP GET /lib/jquery-validation-unobtrusive/dist/jquery.validate.unobtrusive.min.js responded 304 in 0.4179 ms
[13:59:13 INF] HTTP GET /lib/jquery-validation/dist/jquery.validate.min.js responded 304 in 0.4171 ms
[13:59:20 INF] HTTP GET /Inventory/Products responded 200 in 54.8605 ms
[13:59:20 INF] HTTP GET /lib/bootstrap/dist/css/bootstrap.min.css responded 304 in 0.6580 ms
[13:59:20 INF] HTTP GET /Biktal.WebMVC.styles.css responded 304 in 0.3905 ms
[13:59:20 INF] HTTP GET /css/site.css responded 304 in 0.4794 ms
[13:59:21 INF] HTTP GET /lib/jquery/dist/jquery.min.js responded 304 in 0.2807 ms
[13:59:21 INF] HTTP GET /lib/bootstrap/dist/js/bootstrap.bundle.min.js responded 304 in 1.1974 ms
[13:59:21 INF] HTTP GET /js/site.js responded 304 in 0.4796 ms
[13:59:21 INF] HTTP GET /lib/jquery-validation/dist/jquery.validate.min.js responded 304 in 0.7981 ms
[13:59:21 INF] HTTP GET /lib/jquery-validation-unobtrusive/dist/jquery.validate.unobtrusive.min.js responded 304 in 0.4952 ms
[13:59:21 INF] HTTP GET /js/products-catalog-filter.js responded 304 in 0.3500 ms
[13:59:33 INF] HTTP POST /Inventory/EditProduct responded 302 in 16.5267 ms
[13:59:33 INF] HTTP GET /Inventory/Products responded 200 in 42.1408 ms
[13:59:33 INF] HTTP GET /lib/bootstrap/dist/css/bootstrap.min.css responded 200 in 0.8356 ms
[13:59:33 INF] HTTP GET /css/site.css responded 304 in 0.7577 ms
[13:59:33 INF] HTTP GET /Biktal.WebMVC.styles.css responded 304 in 0.4166 ms
[13:59:34 INF] HTTP GET /lib/jquery/dist/jquery.min.js responded 304 in 0.2715 ms
[13:59:34 INF] HTTP GET /lib/bootstrap/dist/js/bootstrap.bundle.min.js responded 304 in 0.8289 ms
[13:59:34 INF] HTTP GET /js/site.js responded 304 in 0.4108 ms
[13:59:34 INF] HTTP GET /lib/jquery-validation/dist/jquery.validate.min.js responded 304 in 0.4770 ms
[13:59:34 INF] HTTP GET /lib/jquery-validation-unobtrusive/dist/jquery.validate.unobtrusive.min.js responded 304 in 0.5563 ms
[13:59:34 INF] HTTP GET /js/products-catalog-filter.js responded 304 in 0.4566 ms
[14:01:44 INF] HTTP GET /Inventory/Products responded 200 in 48.7978 ms
[14:01:44 INF] HTTP GET /Biktal.WebMVC.styles.css responded 200 in 0.7242 ms
[14:01:44 INF] HTTP GET /lib/bootstrap/dist/css/bootstrap.min.css responded 200 in 2.1874 ms
[14:01:44 INF] HTTP GET /css/site.css responded 200 in 1.5496 ms
[14:01:45 INF] HTTP GET /lib/jquery/dist/jquery.min.js responded 200 in 0.9202 ms
[14:01:45 INF] HTTP GET /lib/bootstrap/dist/js/bootstrap.bundle.min.js responded 200 in 19.2613 ms
[14:01:45 INF] HTTP GET /js/site.js responded 200 in 20.8218 ms
[14:01:45 INF] HTTP GET /lib/jquery-validation/dist/jquery.validate.min.js responded 200 in 20.8177 ms
[14:01:45 INF] HTTP GET /js/products-catalog-filter.js responded 200 in 20.0162 ms
[14:01:45 INF] HTTP GET /lib/jquery-validation-unobtrusive/dist/jquery.validate.unobtrusive.min.js responded 200 in 20.4344 ms
[14:02:00 INF] HTTP GET /Inventory/Products responded 200 in 52.9591 ms
[14:02:00 INF] HTTP GET /lib/bootstrap/dist/css/bootstrap.min.css responded 304 in 0.4045 ms
[14:02:00 INF] HTTP GET /css/site.css responded 304 in 0.4815 ms
[14:02:00 INF] HTTP GET /Biktal.WebMVC.styles.css responded 304 in 1.0009 ms
[14:02:01 INF] HTTP GET /lib/jquery/dist/jquery.min.js responded 304 in 0.2732 ms
[14:02:01 INF] HTTP GET /lib/bootstrap/dist/js/bootstrap.bundle.min.js responded 304 in 0.6505 ms
[14:02:01 INF] HTTP GET /js/site.js responded 304 in 1.4023 ms
[14:02:01 INF] HTTP GET /lib/jquery-validation-unobtrusive/dist/jquery.validate.unobtrusive.min.js responded 304 in 1.0770 ms
[14:02:01 INF] HTTP GET /lib/jquery-validation/dist/jquery.validate.min.js responded 304 in 0.4147 ms
[14:02:01 INF] HTTP GET /js/products-catalog-filter.js responded 304 in 0.8971 ms
[14:06:06 INF] HTTP GET /Inventory/Products responded 200 in 201.7482 ms
[14:06:06 INF] HTTP GET /css/site.css responded 200 in 1.6858 ms
[14:06:06 INF] HTTP GET /lib/bootstrap/dist/css/bootstrap.min.css responded 200 in 2.1123 ms
[14:06:06 INF] HTTP GET /Biktal.WebMVC.styles.css responded 200 in 0.8152 ms
[14:06:07 INF] HTTP GET /lib/jquery/dist/jquery.min.js responded 200 in 1.0316 ms
[14:06:07 INF] HTTP GET /js/site.js responded 200 in 1.4647 ms
[14:06:07 INF] HTTP GET /lib/bootstrap/dist/js/bootstrap.bundle.min.js responded 200 in 1.2588 ms
[14:06:07 INF] HTTP GET /lib/jquery-validation-unobtrusive/dist/jquery.validate.unobtrusive.min.js responded 200 in 0.8213 ms
[14:06:07 INF] HTTP GET /lib/jquery-validation/dist/jquery.validate.min.js responded 200 in 3.0978 ms
[14:06:07 INF] HTTP GET /js/products-catalog-filter.js responded 200 in 0.8842 ms
[14:06:27 INF] HTTP POST /Inventory/EditProduct responded 302 in 14.0116 ms
[14:06:27 INF] HTTP GET /Inventory/Products responded 200 in 47.6026 ms
[14:06:27 INF] HTTP GET /Biktal.WebMVC.styles.css responded 200 in 1.3429 ms
[14:06:27 INF] HTTP GET /css/site.css responded 200 in 0.8811 ms
[14:06:27 INF] HTTP GET /lib/bootstrap/dist/css/bootstrap.min.css responded 200 in 0.9531 ms
[14:06:27 INF] HTTP GET /lib/jquery/dist/jquery.min.js responded 304 in 0.7302 ms
[14:06:28 INF] HTTP GET /js/site.js responded 304 in 0.4113 ms
[14:06:28 INF] HTTP GET /lib/bootstrap/dist/js/bootstrap.bundle.min.js responded 304 in 0.3247 ms
[14:06:28 INF] HTTP GET /lib/jquery-validation-unobtrusive/dist/jquery.validate.unobtrusive.min.js responded 304 in 0.3633 ms
[14:06:28 INF] HTTP GET /js/products-catalog-filter.js responded 304 in 0.4424 ms
[14:06:28 INF] HTTP GET /lib/jquery-validation/dist/jquery.validate.min.js responded 304 in 0.7312 ms
[14:07:08 INF] HTTP GET /Inventory/Products responded 200 in 117.7073 ms
[14:07:08 INF] HTTP GET /lib/bootstrap/dist/css/bootstrap.min.css responded 200 in 2.7100 ms
[14:07:08 INF] HTTP GET /css/site.css responded 200 in 1.2608 ms
[14:07:08 INF] HTTP GET /Biktal.WebMVC.styles.css responded 200 in 2.4746 ms
[14:07:09 INF] HTTP GET /lib/jquery/dist/jquery.min.js responded 200 in 0.7309 ms
[14:07:09 INF] HTTP GET /lib/bootstrap/dist/js/bootstrap.bundle.min.js responded 200 in 1.8358 ms
[14:07:09 INF] HTTP GET /js/site.js responded 200 in 0.9188 ms
[14:07:09 INF] HTTP GET /lib/jquery-validation/dist/jquery.validate.min.js responded 200 in 2.4520 ms
[14:07:09 INF] HTTP GET /lib/jquery-validation-unobtrusive/dist/jquery.validate.unobtrusive.min.js responded 200 in 1.9123 ms
[14:07:09 INF] HTTP GET /js/products-catalog-filter.js responded 200 in 2.6666 ms
[14:07:34 INF] HTTP POST /Inventory/EditProduct responded 302 in 25.6246 ms
[14:07:34 INF] HTTP GET /Inventory/Products responded 200 in 59.3625 ms
[14:07:34 INF] HTTP GET /lib/bootstrap/dist/css/bootstrap.min.css responded 200 in 0.9300 ms
[14:07:34 INF] HTTP GET /Biktal.WebMVC.styles.css responded 200 in 0.6752 ms
[14:07:34 INF] HTTP GET /css/site.css responded 200 in 0.7360 ms
[14:07:35 INF] HTTP GET /lib/jquery/dist/jquery.min.js responded 200 in 0.6999 ms
[14:07:35 INF] HTTP GET /lib/bootstrap/dist/js/bootstrap.bundle.min.js responded 200 in 1.7578 ms
[14:07:35 INF] HTTP GET /js/site.js responded 200 in 1.2192 ms
[14:07:35 INF] HTTP GET /lib/jquery-validation/dist/jquery.validate.min.js responded 200 in 0.7195 ms
[14:07:35 INF] HTTP GET /js/products-catalog-filter.js responded 200 in 0.6625 ms
[14:07:35 INF] HTTP GET /lib/jquery-validation-unobtrusive/dist/jquery.validate.unobtrusive.min.js responded 200 in 1.9455 ms
[14:07:48 INF] HTTP GET /Inventory/Products responded 200 in 42.8047 ms
[14:07:48 INF] HTTP GET /css/site.css responded 200 in 0.9351 ms
[14:07:48 INF] HTTP GET /lib/bootstrap/dist/css/bootstrap.min.css responded 200 in 0.9588 ms
[14:07:48 INF] HTTP GET /Biktal.WebMVC.styles.css responded 200 in 2.7970 ms
[14:07:49 INF] HTTP GET /lib/jquery/dist/jquery.min.js responded 304 in 0.2839 ms
[14:07:49 INF] HTTP GET /lib/bootstrap/dist/js/bootstrap.bundle.min.js responded 304 in 0.4421 ms
[14:07:49 INF] HTTP GET /js/site.js responded 304 in 0.4278 ms
[14:07:49 INF] HTTP GET /lib/jquery-validation/dist/jquery.validate.min.js responded 304 in 0.5272 ms
[14:07:49 INF] HTTP GET /lib/jquery-validation-unobtrusive/dist/jquery.validate.unobtrusive.min.js responded 304 in 1.2557 ms
[14:07:49 INF] HTTP GET /js/products-catalog-filter.js responded 304 in 0.4776 ms
[14:08:08 INF] HTTP POST /Inventory/EditProduct responded 302 in 13.6418 ms
[14:08:08 INF] HTTP GET /Inventory/Products responded 200 in 40.6007 ms
[14:08:08 INF] HTTP GET /lib/bootstrap/dist/css/bootstrap.min.css responded 200 in 1.0945 ms
[14:08:08 INF] HTTP GET /css/site.css responded 200 in 1.7323 ms
[14:08:08 INF] HTTP GET /Biktal.WebMVC.styles.css responded 200 in 1.2860 ms
[14:08:09 INF] HTTP GET /lib/jquery/dist/jquery.min.js responded 304 in 0.2760 ms
[14:08:09 INF] HTTP GET /lib/bootstrap/dist/js/bootstrap.bundle.min.js responded 304 in 0.3701 ms
[14:08:09 INF] HTTP GET /js/site.js responded 304 in 0.3701 ms
[14:08:09 INF] HTTP GET /lib/jquery-validation/dist/jquery.validate.min.js responded 304 in 0.3926 ms
[14:08:09 INF] HTTP GET /lib/jquery-validation-unobtrusive/dist/jquery.validate.unobtrusive.min.js responded 304 in 0.5272 ms
[14:08:09 INF] HTTP GET /js/products-catalog-filter.js responded 304 in 0.5003 ms
[14:09:57 INF] HTTP POST /Inventory/AddProduct responded 302 in 18.1312 ms
[14:09:57 INF] HTTP GET /Inventory/Products responded 200 in 108.7510 ms
[14:09:57 INF] HTTP GET /lib/bootstrap/dist/css/bootstrap.min.css responded 200 in 2.8189 ms
[14:09:57 INF] HTTP GET /css/site.css responded 200 in 0.8450 ms
[14:09:57 INF] HTTP GET /Biktal.WebMVC.styles.css responded 200 in 3.4562 ms
[14:09:58 INF] HTTP GET /lib/jquery/dist/jquery.min.js responded 200 in 0.7332 ms
[14:09:58 INF] HTTP GET /js/site.js responded 200 in 0.8056 ms
[14:09:58 INF] HTTP GET /lib/bootstrap/dist/js/bootstrap.bundle.min.js responded 200 in 0.7711 ms
[14:09:58 INF] HTTP GET /lib/jquery-validation/dist/jquery.validate.min.js responded 200 in 0.7617 ms
[14:09:58 INF] HTTP GET /lib/jquery-validation-unobtrusive/dist/jquery.validate.unobtrusive.min.js responded 200 in 0.7127 ms
[14:09:58 INF] HTTP GET /js/products-catalog-filter.js responded 200 in 0.8563 ms
[14:11:10 INF] HTTP POST /Inventory/AddProduct responded 302 in 86.5450 ms
[14:11:10 INF] HTTP GET /Inventory/Products responded 200 in 57.8575 ms
[14:11:10 INF] HTTP GET /css/site.css responded 200 in 1.0629 ms
[14:11:10 INF] HTTP GET /Biktal.WebMVC.styles.css responded 200 in 2.1431 ms
[14:11:10 INF] HTTP GET /lib/bootstrap/dist/css/bootstrap.min.css responded 200 in 4.6604 ms
[14:11:11 INF] HTTP GET /lib/jquery/dist/jquery.min.js responded 200 in 0.7288 ms
[14:11:11 INF] HTTP GET /lib/jquery-validation/dist/jquery.validate.min.js responded 200 in 0.5703 ms
[14:11:11 INF] HTTP GET /js/site.js responded 200 in 0.8232 ms
[14:11:11 INF] HTTP GET /lib/bootstrap/dist/js/bootstrap.bundle.min.js responded 200 in 1.0047 ms
[14:11:11 INF] HTTP GET /js/products-catalog-filter.js responded 200 in 0.7403 ms
[14:11:11 INF] HTTP GET /lib/jquery-validation-unobtrusive/dist/jquery.validate.unobtrusive.min.js responded 200 in 0.8855 ms
[14:11:48 INF] HTTP GET /Inventory/Products responded 200 in 56.5937 ms
[14:11:48 INF] HTTP GET /lib/bootstrap/dist/css/bootstrap.min.css responded 200 in 9.0433 ms
[14:11:48 INF] HTTP GET /Biktal.WebMVC.styles.css responded 200 in 1.0035 ms
[14:11:48 INF] HTTP GET /css/site.css responded 200 in 4.4529 ms
[14:11:49 INF] HTTP GET /lib/jquery/dist/jquery.min.js responded 304 in 0.2692 ms
[14:11:49 INF] HTTP GET /lib/bootstrap/dist/js/bootstrap.bundle.min.js responded 304 in 0.4237 ms
[14:11:49 INF] HTTP GET /js/site.js responded 304 in 0.5006 ms
[14:11:49 INF] HTTP GET /lib/jquery-validation/dist/jquery.validate.min.js responded 304 in 0.8669 ms
[14:11:49 INF] HTTP GET /lib/jquery-validation-unobtrusive/dist/jquery.validate.unobtrusive.min.js responded 304 in 0.4721 ms
[14:11:49 INF] HTTP GET /js/products-catalog-filter.js responded 304 in 1.0878 ms
[14:11:53 INF] HTTP POST /Inventory/EditProduct responded 302 in 12.7522 ms
[14:11:53 INF] HTTP GET /Inventory/Products responded 200 in 51.1686 ms
[14:11:53 INF] HTTP GET /lib/bootstrap/dist/css/bootstrap.min.css responded 304 in 0.6206 ms
[14:11:53 INF] HTTP GET /css/site.css responded 304 in 0.4009 ms
[14:11:53 INF] HTTP GET /Biktal.WebMVC.styles.css responded 304 in 2.9227 ms
[14:11:54 INF] HTTP GET /lib/jquery/dist/jquery.min.js responded 304 in 0.5677 ms
[14:11:54 INF] HTTP GET /lib/bootstrap/dist/js/bootstrap.bundle.min.js responded 304 in 0.3971 ms
[14:11:54 INF] HTTP GET /js/site.js responded 304 in 0.4247 ms
[14:11:54 INF] HTTP GET /lib/jquery-validation/dist/jquery.validate.min.js responded 304 in 0.4035 ms
[14:11:54 INF] HTTP GET /lib/jquery-validation-unobtrusive/dist/jquery.validate.unobtrusive.min.js responded 304 in 0.3298 ms
[14:11:54 INF] HTTP GET /js/products-catalog-filter.js responded 304 in 0.5004 ms
[14:25:02 INF] HTTP POST /Inventory/AddProduct responded 302 in 91.0143 ms
[14:25:02 INF] HTTP GET /Inventory/Products responded 200 in 37.0073 ms
[14:25:02 INF] HTTP GET /lib/bootstrap/dist/css/bootstrap.min.css responded 200 in 1.3649 ms
[14:25:02 INF] HTTP GET /css/site.css responded 200 in 0.8505 ms
[14:25:02 INF] HTTP GET /Biktal.WebMVC.styles.css responded 200 in 1.0120 ms
[14:25:03 INF] HTTP GET /lib/jquery/dist/jquery.min.js responded 200 in 2.2788 ms
[14:25:03 INF] HTTP GET /js/site.js responded 200 in 0.8001 ms
[14:25:03 INF] HTTP GET /lib/bootstrap/dist/js/bootstrap.bundle.min.js responded 200 in 0.9625 ms
[14:25:03 INF] HTTP GET /lib/jquery-validation/dist/jquery.validate.min.js responded 200 in 0.7887 ms
[14:25:03 INF] HTTP GET /lib/jquery-validation-unobtrusive/dist/jquery.validate.unobtrusive.min.js responded 200 in 1.4278 ms
[14:25:03 INF] HTTP GET /js/products-catalog-filter.js responded 200 in 0.8830 ms
[14:26:26 INF] HTTP GET /Inventory/Products responded 200 in 78.9595 ms
[14:26:26 INF] HTTP GET /lib/bootstrap/dist/css/bootstrap.min.css responded 200 in 1.8439 ms
[14:26:26 INF] HTTP GET /Biktal.WebMVC.styles.css responded 200 in 0.9568 ms
[14:26:26 INF] HTTP GET /css/site.css responded 200 in 1.0825 ms
[14:26:27 INF] HTTP GET /lib/jquery/dist/jquery.min.js responded 200 in 0.7056 ms
[14:26:27 INF] HTTP GET /js/site.js responded 200 in 0.8791 ms
[14:26:27 INF] HTTP GET /lib/bootstrap/dist/js/bootstrap.bundle.min.js responded 200 in 1.0829 ms
[14:26:27 INF] HTTP GET /lib/jquery-validation/dist/jquery.validate.min.js responded 200 in 0.7005 ms
[14:26:27 INF] HTTP GET /js/products-catalog-filter.js responded 200 in 0.6575 ms
[14:26:27 INF] HTTP GET /lib/jquery-validation-unobtrusive/dist/jquery.validate.unobtrusive.min.js responded 200 in 0.8546 ms
[14:27:14 INF] HTTP GET /Inventory/Products responded 200 in 140.5668 ms
[14:27:15 INF] HTTP GET /lib/bootstrap/dist/css/bootstrap.min.css responded 200 in 1.0493 ms
[14:27:16 INF] HTTP GET /js/products-catalog-filter.js responded 200 in 3.9249 ms
[14:27:16 INF] HTTP GET /lib/jquery/dist/jquery.min.js responded 200 in 0.9622 ms
[14:27:16 INF] HTTP GET /css/site.css responded 200 in 0.7142 ms
[14:27:16 INF] HTTP GET /lib/jquery-validation-unobtrusive/dist/jquery.validate.unobtrusive.min.js responded 200 in 0.8857 ms
[14:27:16 INF] HTTP GET /Biktal.WebMVC.styles.css responded 200 in 0.8766 ms
[14:27:16 INF] HTTP GET /lib/jquery-validation/dist/jquery.validate.min.js responded 200 in 1.5955 ms
[14:27:16 INF] HTTP GET /lib/bootstrap/dist/js/bootstrap.bundle.min.js responded 200 in 2.5391 ms
[14:27:16 INF] HTTP GET /js/site.js responded 200 in 0.8171 ms
[14:27:32 INF] HTTP GET /Inventory/Products responded 200 in 44.0268 ms
[14:27:32 INF] HTTP GET /Biktal.WebMVC.styles.css responded 200 in 0.9685 ms
[14:27:32 INF] HTTP GET /css/site.css responded 200 in 1.0230 ms
[14:27:32 INF] HTTP GET /lib/bootstrap/dist/css/bootstrap.min.css responded 200 in 3.7461 ms
[14:27:33 INF] HTTP GET /lib/jquery/dist/jquery.min.js responded 304 in 0.2750 ms
[14:27:33 INF] HTTP GET /lib/bootstrap/dist/js/bootstrap.bundle.min.js responded 304 in 0.3137 ms
[14:27:33 INF] HTTP GET /lib/jquery-validation/dist/jquery.validate.min.js responded 304 in 0.4802 ms
[14:27:33 INF] HTTP GET /js/site.js responded 304 in 2.9569 ms
[14:27:33 INF] HTTP GET /js/products-catalog-filter.js responded 304 in 0.8475 ms
[14:27:33 INF] HTTP GET /lib/jquery-validation-unobtrusive/dist/jquery.validate.unobtrusive.min.js responded 304 in 2.0822 ms
[14:27:56 INF] HTTP POST /Inventory/EditProduct responded 302 in 21.5366 ms
[14:27:56 INF] HTTP GET /Inventory/Products responded 200 in 42.7042 ms
[14:27:56 INF] HTTP GET /css/site.css responded 200 in 1.6563 ms
[14:27:56 INF] HTTP GET /lib/bootstrap/dist/css/bootstrap.min.css responded 200 in 5.0649 ms
[14:27:56 INF] HTTP GET /Biktal.WebMVC.styles.css responded 200 in 0.8491 ms
[14:27:57 INF] HTTP GET /lib/jquery/dist/jquery.min.js responded 304 in 1.0110 ms
[14:27:57 INF] HTTP GET /lib/bootstrap/dist/js/bootstrap.bundle.min.js responded 304 in 0.4600 ms
[14:27:57 INF] HTTP GET /js/site.js responded 304 in 0.5044 ms
[14:27:57 INF] HTTP GET /lib/jquery-validation-unobtrusive/dist/jquery.validate.unobtrusive.min.js responded 304 in 0.5044 ms
[14:27:57 INF] HTTP GET /js/products-catalog-filter.js responded 304 in 0.4149 ms
[14:27:57 INF] HTTP GET /lib/jquery-validation/dist/jquery.validate.min.js responded 304 in 0.4007 ms
[14:30:03 INF] HTTP GET /Inventory/Products responded 200 in 81.9065 ms
[14:30:03 INF] HTTP GET /lib/bootstrap/dist/css/bootstrap.min.css responded 200 in 6.0119 ms
[14:30:03 INF] HTTP GET /css/site.css responded 200 in 2.3784 ms
[14:30:03 INF] HTTP GET /Biktal.WebMVC.styles.css responded 200 in 0.7803 ms
[14:30:03 INF] HTTP GET /lib/jquery/dist/jquery.min.js responded 200 in 0.9262 ms
[14:30:04 INF] HTTP GET /js/site.js responded 200 in 1.1833 ms
[14:30:04 INF] HTTP GET /lib/jquery-validation/dist/jquery.validate.min.js responded 200 in 1.0248 ms
[14:30:04 INF] HTTP GET /lib/jquery-validation-unobtrusive/dist/jquery.validate.unobtrusive.min.js responded 200 in 1.6232 ms
[14:30:04 INF] HTTP GET /lib/bootstrap/dist/js/bootstrap.bundle.min.js responded 200 in 3.2927 ms
[14:30:04 INF] HTTP GET /js/products-catalog-filter.js responded 200 in 5.7230 ms
[14:30:36 INF] HTTP POST /Inventory/EditProduct responded 302 in 78.6650 ms
[14:30:36 INF] HTTP GET /Inventory/Products responded 200 in 32.1589 ms
[14:30:36 INF] HTTP GET /lib/bootstrap/dist/css/bootstrap.min.css responded 200 in 3.4779 ms
[14:30:36 INF] HTTP GET /Biktal.WebMVC.styles.css responded 200 in 1.3872 ms
[14:30:36 INF] HTTP GET /css/site.css responded 200 in 1.8506 ms
[14:30:37 INF] HTTP GET /lib/jquery/dist/jquery.min.js responded 304 in 0.2773 ms
[14:30:37 INF] HTTP GET /lib/bootstrap/dist/js/bootstrap.bundle.min.js responded 304 in 0.3953 ms
[14:30:37 INF] HTTP GET /lib/jquery-validation/dist/jquery.validate.min.js responded 304 in 0.3354 ms
[14:30:37 INF] HTTP GET /js/site.js responded 304 in 0.4217 ms
[14:30:37 INF] HTTP GET /lib/jquery-validation-unobtrusive/dist/jquery.validate.unobtrusive.min.js responded 304 in 0.2723 ms
[14:30:37 INF] HTTP GET /js/products-catalog-filter.js responded 304 in 0.4346 ms
[14:30:47 INF] HTTP GET /Inventory/Products responded 200 in 70.7483 ms
[14:30:47 INF] HTTP GET /lib/bootstrap/dist/css/bootstrap.min.css responded 304 in 1.2376 ms
[14:30:47 INF] HTTP GET /css/site.css responded 304 in 0.4862 ms
[14:30:47 INF] HTTP GET /Biktal.WebMVC.styles.css responded 304 in 1.1319 ms
[14:30:48 INF] HTTP GET /lib/jquery/dist/jquery.min.js responded 304 in 0.2801 ms
[14:30:48 INF] HTTP GET /lib/bootstrap/dist/js/bootstrap.bundle.min.js responded 304 in 1.3881 ms
[14:30:48 INF] HTTP GET /js/site.js responded 304 in 0.5843 ms
[14:30:48 INF] HTTP GET /lib/jquery-validation/dist/jquery.validate.min.js responded 304 in 0.1941 ms
[14:30:48 INF] HTTP GET /lib/jquery-validation-unobtrusive/dist/jquery.validate.unobtrusive.min.js responded 304 in 0.3007 ms
[14:30:48 INF] HTTP GET /js/products-catalog-filter.js responded 304 in 0.3003 ms
[14:31:04 INF] HTTP POST /Inventory/EditProduct responded 200 in 51.4568 ms
[14:31:04 INF] HTTP GET /css/site.css responded 304 in 0.5908 ms
[14:31:04 INF] HTTP GET /lib/bootstrap/dist/css/bootstrap.min.css responded 200 in 1.3680 ms
[14:31:04 INF] HTTP GET /Biktal.WebMVC.styles.css responded 304 in 1.0490 ms
[14:31:04 INF] HTTP GET /lib/jquery/dist/jquery.min.js responded 304 in 0.2807 ms
[14:31:04 INF] HTTP GET /lib/bootstrap/dist/js/bootstrap.bundle.min.js responded 304 in 0.4283 ms
[14:31:04 INF] HTTP GET /js/site.js responded 304 in 0.4485 ms
[14:31:04 INF] HTTP GET /lib/jquery-validation-unobtrusive/dist/jquery.validate.unobtrusive.min.js responded 304 in 0.2821 ms
[14:31:04 INF] HTTP GET /lib/jquery-validation/dist/jquery.validate.min.js responded 304 in 0.3861 ms
[14:31:04 INF] HTTP GET /js/products-catalog-filter.js responded 304 in 0.2463 ms
[14:32:05 INF] HTTP POST /Inventory/EditProduct responded 302 in 13.8077 ms
[14:32:05 INF] HTTP GET /Inventory/Products responded 200 in 94.7572 ms
[14:32:05 INF] HTTP GET /css/site.css responded 200 in 1.2638 ms
[14:32:05 INF] HTTP GET /Biktal.WebMVC.styles.css responded 200 in 1.4823 ms
[14:32:05 INF] HTTP GET /lib/bootstrap/dist/css/bootstrap.min.css responded 200 in 0.6284 ms
[14:32:06 INF] HTTP GET /lib/jquery/dist/jquery.min.js responded 200 in 0.7523 ms
[14:32:06 INF] HTTP GET /js/site.js responded 200 in 0.7481 ms
[14:32:06 INF] HTTP GET /lib/bootstrap/dist/js/bootstrap.bundle.min.js responded 200 in 3.1311 ms
[14:32:06 INF] HTTP GET /lib/jquery-validation/dist/jquery.validate.min.js responded 200 in 1.6958 ms
[14:32:06 INF] HTTP GET /lib/jquery-validation-unobtrusive/dist/jquery.validate.unobtrusive.min.js responded 200 in 1.3982 ms
[14:32:06 INF] HTTP GET /js/products-catalog-filter.js responded 200 in 0.8070 ms
[14:34:05 INF] HTTP GET /Inventory/Products responded 200 in 112.0461 ms
[14:34:05 INF] HTTP GET /lib/bootstrap/dist/css/bootstrap.min.css responded 200 in 1.1581 ms
[14:34:05 INF] HTTP GET /css/site.css responded 200 in 1.0841 ms
[14:34:05 INF] HTTP GET /Biktal.WebMVC.styles.css responded 200 in 0.9115 ms
[14:34:06 INF] HTTP GET /lib/jquery/dist/jquery.min.js responded 200 in 0.8601 ms
[14:34:06 INF] HTTP GET /js/site.js responded 200 in 0.9121 ms
[14:34:06 INF] HTTP GET /lib/bootstrap/dist/js/bootstrap.bundle.min.js responded 200 in 0.9341 ms
[14:34:06 INF] HTTP GET /js/products-catalog-filter.js responded 200 in 0.5183 ms
[14:34:06 INF] HTTP GET /lib/jquery-validation/dist/jquery.validate.min.js responded 200 in 0.6922 ms
[14:34:06 INF] HTTP GET /lib/jquery-validation-unobtrusive/dist/jquery.validate.unobtrusive.min.js responded 200 in 1.7929 ms
[14:34:16 INF] HTTP POST /Inventory/EditProduct responded 302 in 8.6645 ms
[14:34:16 INF] HTTP GET /Inventory/Products responded 200 in 46.2153 ms
[14:34:16 INF] HTTP GET /lib/bootstrap/dist/css/bootstrap.min.css responded 200 in 1.5037 ms
[14:34:16 INF] HTTP GET /css/site.css responded 200 in 1.5887 ms
[14:34:16 INF] HTTP GET /Biktal.WebMVC.styles.css responded 200 in 2.7720 ms
[14:34:17 INF] HTTP GET /lib/jquery/dist/jquery.min.js responded 200 in 0.6995 ms
[14:34:17 INF] HTTP GET /lib/bootstrap/dist/js/bootstrap.bundle.min.js responded 200 in 1.4487 ms
[14:34:17 INF] HTTP GET /js/site.js responded 200 in 0.8335 ms
[14:34:17 INF] HTTP GET /lib/jquery-validation-unobtrusive/dist/jquery.validate.unobtrusive.min.js responded 200 in 0.6513 ms
[14:34:17 INF] HTTP GET /lib/jquery-validation/dist/jquery.validate.min.js responded 200 in 1.2157 ms
[14:34:17 INF] HTTP GET /js/products-catalog-filter.js responded 200 in 2.6144 ms
[14:48:44 INF] HTTP GET /Inventory/Products responded 200 in 144.1859 ms
[14:48:45 INF] HTTP GET /lib/bootstrap/dist/css/bootstrap.min.css responded 200 in 1.1853 ms
[14:48:45 INF] HTTP GET /css/site.css responded 200 in 1.7086 ms
[14:48:45 INF] HTTP GET /Biktal.WebMVC.styles.css responded 200 in 6.4612 ms
[14:48:45 INF] HTTP GET /lib/jquery/dist/jquery.min.js responded 200 in 0.7108 ms
[14:48:45 INF] HTTP GET /js/site.js responded 200 in 1.3665 ms
[14:48:45 INF] HTTP GET /lib/bootstrap/dist/js/bootstrap.bundle.min.js responded 200 in 8.6254 ms
[14:48:45 INF] HTTP GET /lib/jquery-validation-unobtrusive/dist/jquery.validate.unobtrusive.min.js responded 200 in 7.3781 ms
[14:48:45 INF] HTTP GET /js/products-catalog-filter.js responded 200 in 5.8915 ms
[14:48:45 INF] HTTP GET /lib/jquery-validation/dist/jquery.validate.min.js responded 200 in 4.7814 ms
[14:48:50 INF] HTTP GET /Inventory/Products responded 200 in 80.7711 ms
[14:48:50 INF] HTTP GET /Biktal.WebMVC.styles.css responded 304 in 0.5282 ms
[14:48:50 INF] HTTP GET /lib/bootstrap/dist/css/bootstrap.min.css responded 304 in 0.4820 ms
[14:48:50 INF] HTTP GET /css/site.css responded 304 in 1.0263 ms
[14:48:51 INF] HTTP GET /lib/jquery/dist/jquery.min.js responded 304 in 0.2756 ms
[14:48:51 INF] HTTP GET /lib/bootstrap/dist/js/bootstrap.bundle.min.js responded 304 in 1.1900 ms
[14:48:51 INF] HTTP GET /js/site.js responded 304 in 0.4064 ms
[14:48:51 INF] HTTP GET /lib/jquery-validation/dist/jquery.validate.min.js responded 304 in 0.8091 ms
[14:48:51 INF] HTTP GET /lib/jquery-validation-unobtrusive/dist/jquery.validate.unobtrusive.min.js responded 304 in 1.6913 ms
[14:48:51 INF] HTTP GET /js/products-catalog-filter.js responded 304 in 0.5061 ms
[14:48:52 INF] HTTP GET /Inventory/Products responded 200 in 55.0729 ms
[14:48:52 INF] HTTP GET /Biktal.WebMVC.styles.css responded 304 in 0.3666 ms
[14:48:52 INF] HTTP GET /css/site.css responded 304 in 0.3668 ms
[14:48:52 INF] HTTP GET /lib/bootstrap/dist/css/bootstrap.min.css responded 304 in 0.4325 ms
[14:48:53 INF] HTTP GET /lib/jquery/dist/jquery.min.js responded 304 in 0.2820 ms
[14:48:53 INF] HTTP GET /lib/bootstrap/dist/js/bootstrap.bundle.min.js responded 304 in 0.4755 ms
[14:48:53 INF] HTTP GET /js/site.js responded 304 in 0.4415 ms
[14:48:53 INF] HTTP GET /lib/jquery-validation-unobtrusive/dist/jquery.validate.unobtrusive.min.js r