[14:57:58 WRN] Using an in-memory repository. Keys will not be persisted to storage.
[14:57:58 WRN] Neither user profile nor HKLM registry available. Using an ephemeral key repository. Protected data will be unavailable when application exits.
[14:57:58 WRN] No XML encryptor configured. Key {c9acfbf1-ff21-4d06-baaf-b727f38b0a0c} may be persisted to storage in unencrypted form.
[14:57:59 INF] Application started. Press Ctrl+C to shut down.
[14:57:59 INF] Hosting environment: Production
[14:57:59 INF] Content root path: D:\Systems\BiktalSystems\publish
[14:57:59 ERR] HTTP GET / responded 500 in 171.1154 ms
System.OperationCanceledException: The operation was canceled.
   at System.Threading.CancellationToken.ThrowOperationCanceledException()
   at System.Threading.CancellationToken.ThrowIfCancellationRequested()
   at Npgsql.NpgsqlCommand.ExecuteReader(Boolean async, CommandBehavior behavior, CancellationToken cancellationToken)
   at Npgsql.NpgsqlCommand.ExecuteReader(Boolean async, CommandBehavior behavior, CancellationToken cancellationToken)
   at Npgsql.NpgsqlCommand.ExecuteDbDataReaderAsync(CommandBehavior behavior, CancellationToken cancellationToken)
   at Microsoft.EntityFrameworkCore.Storage.RelationalCommand.ExecuteReaderAsync(RelationalCommandParameterObject parameterObject, CancellationToken cancellationToken)
   at Microsoft.EntityFrameworkCore.Storage.RelationalCommand.ExecuteReaderAsync(RelationalCommandParameterObject parameterObject, CancellationToken cancellationToken)
   at Microsoft.EntityFrameworkCore.Query.Internal.SingleQueryingEnumerable`1.AsyncEnumerator.InitializeReaderAsync(AsyncEnumerator enumerator, CancellationToken cancellationToken)
   at Npgsql.EntityFrameworkCore.PostgreSQL.Storage.Internal.NpgsqlExecutionStrategy.ExecuteAsync[TState,TResult](TState state, Func`4 operation, Func`4 verifySucceeded, CancellationToken cancellationToken)
   at Microsoft.EntityFrameworkCore.Query.Internal.SingleQueryingEnumerable`1.AsyncEnumerator.MoveNextAsync()
   at Microsoft.EntityFrameworkCore.EntityFrameworkQueryableExtensions.ToListAsync[TSource](IQueryable`1 source, CancellationToken cancellationToken)
   at Microsoft.EntityFrameworkCore.EntityFrameworkQueryableExtensions.ToListAsync[TSource](IQueryable`1 source, CancellationToken cancellationToken)
   at Biktal.WebMVC.Controllers.PosController.Index(CancellationToken cancellationToken) in D:\Systems\BiktalSystems\Controllers\PosController.cs:line 103
   at Microsoft.AspNetCore.Mvc.Infrastructure.ActionMethodExecutor.TaskOfIActionResultExecutor.Execute(ActionContext actionContext, IActionResultTypeMapper mapper, ObjectMethodExecutor executor, Object controller, Object[] arguments)
   at Microsoft.AspNetCore.Mvc.Infrastructure.ControllerActionInvoker.<InvokeActionMethodAsync>g__Awaited|12_0(ControllerActionInvoker invoker, ValueTask`1 actionResultValueTask)
   at Microsoft.AspNetCore.Mvc.Infrastructure.ControllerActionInvoker.<InvokeNextActionFilterAsync>g__Awaited|10_0(ControllerActionInvoker invoker, Task lastTask, State next, Scope scope, Object state, Boolean isCompleted)
   at Microsoft.AspNetCore.Mvc.Infrastructure.ControllerActionInvoker.Rethrow(ActionExecutedContextSealed context)
   at Microsoft.AspNetCore.Mvc.Infrastructure.ControllerActionInvoker.Next(State& next, Scope& scope, Object& state, Boolean& isCompleted)
   at Microsoft.AspNetCore.Mvc.Infrastructure.ControllerActionInvoker.InvokeInnerFilterAsync()
--- End of stack trace from previous location ---
   at Microsoft.AspNetCore.Mvc.Infrastructure.ResourceInvoker.<InvokeNextResourceFilter>g__Awaited|25_0(ResourceInvoker invoker, Task lastTask, State next, Scope scope, Object state, Boolean isCompleted)
   at Microsoft.AspNetCore.Mvc.Infrastructure.ResourceInvoker.Rethrow(ResourceExecutedContextSealed context)
   at Microsoft.AspNetCore.Mvc.Infrastructure.ResourceInvoker.Next(State& next, Scope& scope, Object& state, Boolean& isCompleted)
   at Microsoft.AspNetCore.Mvc.Infrastructure.ResourceInvoker.InvokeFilterPipelineAsync()
--- End of stack trace from previous location ---
   at Microsoft.AspNetCore.Mvc.Infrastructure.ResourceInvoker.<InvokeAsync>g__Awaited|17_0(ResourceInvoker invoker, Task task, IDisposable scope)
   at Microsoft.AspNetCore.Mvc.Infrastructure.ResourceInvoker.<InvokeAsync>g__Awaited|17_0(ResourceInvoker invoker, Task task, IDisposable scope)
   at Microsoft.AspNetCore.Authorization.AuthorizationMiddleware.Invoke(HttpContext context)
   at Program.<>c.<<<Main>$>b__0_2>d.MoveNext() in D:\Systems\BiktalSystems\Program.cs:line 71
--- End of stack trace from previous location ---
   at Microsoft.AspNetCore.Authentication.AuthenticationMiddleware.Invoke(HttpContext context)
   at Serilog.AspNetCore.RequestLoggingMiddleware.Invoke(HttpContext httpContext)
[14:57:59 ERR] HTTP GET /Inventory/Products responded 500 in 240.4244 ms
System.OperationCanceledException: The operation was canceled.
   at System.Threading.CancellationToken.ThrowOperationCanceledException()
   at System.Threading.CancellationToken.ThrowIfCancellationRequested()
   at Npgsql.NpgsqlCommand.ExecuteReader(Boolean async, CommandBehavior behavior, CancellationToken cancellationToken)
   at Npgsql.NpgsqlCommand.ExecuteReader(Boolean async, CommandBehavior behavior, CancellationToken cancellationToken)
   at Npgsql.NpgsqlCommand.ExecuteDbDataReaderAsync(CommandBehavior behavior, CancellationToken cancellationToken)
   at Microsoft.EntityFrameworkCore.Storage.RelationalCommand.ExecuteReaderAsync(RelationalCommandParameterObject parameterObject, CancellationToken cancellationToken)
   at Microsoft.EntityFrameworkCore.Storage.RelationalCommand.ExecuteReaderAsync(RelationalCommandParameterObject parameterObject, CancellationToken cancellationToken)
   at Microsoft.EntityFrameworkCore.Query.Internal.SingleQueryingEnumerable`1.AsyncEnumerator.InitializeReaderAsync(AsyncEnumerator enumerator, CancellationToken cancellationToken)
   at Npgsql.EntityFrameworkCore.PostgreSQL.Storage.Internal.NpgsqlExecutionStrategy.ExecuteAsync[TState,TResult](TState state, Func`4 operation, Func`4 verifySucceeded, CancellationToken cancellationToken)
   at Microsoft.EntityFrameworkCore.Query.Internal.SingleQueryingEnumerable`1.AsyncEnumerator.MoveNextAsync()
   at Microsoft.EntityFrameworkCore.EntityFrameworkQueryableExtensions.ToListAsync[TSource](IQueryable`1 source, CancellationToken cancellationToken)
   at Microsoft.EntityFrameworkCore.EntityFrameworkQueryableExtensions.ToListAsync[TSource](IQueryable`1 source, CancellationToken cancellationToken)
   at Biktal.WebMVC.Controllers.InventoryController.BuildProductsPageViewModelAsync(AddProductFormModel newProduct, Boolean openAddProductModal, EditProductFormModel editProduct, Boolean openEditProductModal, CancellationToken cancellationToken) in D:\Systems\BiktalSystems\Controllers\InventoryController.cs:line 711
   at Biktal.WebMVC.Controllers.InventoryController.Products(Nullable`1 editId, CancellationToken cancellationToken) in D:\Systems\BiktalSystems\Controllers\InventoryController.cs:line 66
   at Microsoft.AspNetCore.Mvc.Infrastructure.ActionMethodExecutor.TaskOfIActionResultExecutor.Execute(ActionContext actionContext, IActionResultTypeMapper mapper, ObjectMethodExecutor executor, Object controller, Object[] arguments)
   at Microsoft.AspNetCore.Mvc.Infrastructure.ControllerActionInvoker.<InvokeActionMethodAsync>g__Awaited|12_0(ControllerActionInvoker invoker, ValueTask`1 actionResultValueTask)
   at Microsoft.AspNetCore.Mvc.Infrastructure.ControllerActionInvoker.<InvokeNextActionFilterAsync>g__Awaited|10_0(ControllerActionInvoker invoker, Task lastTask, State next, Scope scope, Object state, Boolean isCompleted)
   at Microsoft.AspNetCore.Mvc.Infrastructure.ControllerActionInvoker.Rethrow(ActionExecutedContextSealed context)
   at Microsoft.AspNetCore.Mvc.Infrastructure.ControllerActionInvoker.Next(State& next, Scope& scope, Object& state, Boolean& isCompleted)
   at Microsoft.AspNetCore.Mvc.Infrastructure.ControllerActionInvoker.InvokeInnerFilterAsync()
--- End of stack trace from previous location ---
   at Microsoft.AspNetCore.Mvc.Infrastructure.ResourceInvoker.<InvokeNextResourceFilter>g__Awaited|25_0(ResourceInvoker invoker, Task lastTask, State next, Scope scope, Object state, Boolean isCompleted)
   at Microsoft.AspNetCore.Mvc.Infrastructure.ResourceInvoker.Rethrow(ResourceExecutedContextSealed context)
   at Microsoft.AspNetCore.Mvc.Infrastructure.ResourceInvoker.Next(State& next, Scope& scope, Object& state, Boolean& isCompleted)
   at Microsoft.AspNetCore.Mvc.Infrastructure.ResourceInvoker.InvokeFilterPipelineAsync()
--- End of stack trace from previous location ---
   at Microsoft.AspNetCore.Mvc.Infrastructure.ResourceInvoker.<InvokeAsync>g__Awaited|17_0(ResourceInvoker invoker, Task task, IDisposable scope)
   at Microsoft.AspNetCore.Mvc.Infrastructure.ResourceInvoker.<InvokeAsync>g__Awaited|17_0(ResourceInvoker invoker, Task task, IDisposable scope)
   at Microsoft.AspNetCore.Authorization.AuthorizationMiddleware.Invoke(HttpContext context)
   at Program.<>c.<<<Main>$>b__0_2>d.MoveNext() in D:\Systems\BiktalSystems\Program.cs:line 71
--- End of stack trace from previous location ---
   at Microsoft.AspNetCore.Authentication.AuthenticationMiddleware.Invoke(HttpContext context)
   at Microsoft.AspNetCore.Routing.EndpointRoutingMiddleware.<Invoke>g__AwaitMatcher|10_0(EndpointRoutingMiddleware middleware, HttpContext httpContext, Task`1 matcherTask)
   at Serilog.AspNetCore.RequestLoggingMiddleware.Invoke(HttpContext httpContext)
[14:57:59 INF] HTTP GET /Repairs responded 200 in 359.6527 ms
[14:57:59 INF] HTTP GET /css/site.css responded 200 in 44.7975 ms
[14:57:59 INF] HTTP GET /lib/bootstrap/dist/css/bootstrap.min.css responded 200 in 51.7111 ms
[14:57:59 INF] HTTP GET /lib/bootstrap/dist/js/bootstrap.bundle.min.js responded 200 in 41.4557 ms
[14:57:59 INF] HTTP GET /Biktal.WebMVC.styles.css responded 200 in 44.3064 ms
[14:57:59 INF] HTTP GET /js/site.js responded 200 in 41.9496 ms
[14:57:59 INF] HTTP GET /lib/jquery/dist/jquery.min.js responded 200 in 5.6111 ms
[14:58:03 INF] HTTP GET /Repairs/Tickets responded 200 in 151.8483 ms
[14:58:04 INF] HTTP GET /css/site.css responded 200 in 4.3790 ms
[14:58:04 INF] HTTP GET /lib/bootstrap/dist/css/bootstrap.min.css responded 200 in 6.2719 ms
[14:58:04 INF] HTTP GET /js/site.js responded 304 in 20.5200 ms
[14:58:04 INF] HTTP GET /Biktal.WebMVC.styles.css responded 200 in 0.8262 ms
[14:58:04 INF] HTTP GET /lib/jquery/dist/jquery.min.js responded 304 in 41.3886 ms
[14:58:04 INF] HTTP GET /lib/bootstrap/dist/js/bootstrap.bundle.min.js responded 304 in 151.1567 ms
[14:58:08 ERR] An exception was thrown while deserializing the token.
Microsoft.AspNetCore.Antiforgery.AntiforgeryValidationException: The antiforgery token could not be decrypted.
 ---> System.Security.Cryptography.CryptographicException: The key {aabb1615-c0f6-4851-8850-a08bde3de756} was not found in the key ring. For more information go to https://aka.ms/aspnet/dataprotectionwarning
   at Microsoft.AspNetCore.DataProtection.KeyManagement.KeyRingBasedDataProtector.UnprotectCore(Byte[] protectedData, Boolean allowOperationsOnRevokedKeys, UnprotectStatus& status)
   at Microsoft.AspNetCore.DataProtection.KeyManagement.KeyRingBasedDataProtector.Unprotect(Byte[] protectedData)
   at Microsoft.AspNetCore.Antiforgery.DefaultAntiforgeryTokenSerializer.Deserialize(String serializedToken)
   --- End of inner exception stack trace ---
   at Microsoft.AspNetCore.Antiforgery.DefaultAntiforgeryTokenSerializer.Deserialize(String serializedToken)
   at Microsoft.AspNetCore.Antiforgery.DefaultAntiforgery.GetCookieTokenDoesNotThrow(HttpContext httpContext)
[14:58:08 INF] HTTP GET /Repairs/Ticket/01a0d998-9276-723b-a650-6dc79dd7d9d5 responded 200 in 72.3849 ms
[14:58:08 INF] HTTP GET /lib/bootstrap/dist/css/bootstrap.min.css responded 304 in 11.9254 ms
[14:58:08 INF] HTTP GET /lib/bootstrap/dist/js/bootstrap.bundle.min.js responded 304 in 0.2847 ms
[14:58:08 INF] HTTP GET /css/site.css responded 304 in 1.1263 ms
[14:58:08 INF] HTTP GET /Biktal.WebMVC.styles.css responded 304 in 1.5912 ms
[14:58:08 INF] HTTP GET /js/site.js responded 304 in 0.7519 ms
[14:58:08 INF] HTTP GET /lib/jquery/dist/jquery.min.js responded 304 in 0.6092 ms
[14:58:16 INF] HTTP GET /Repairs/Ticket/01a0ee55-7f09-77d0-a06c-3bff9f52fbfd responded 200 in 11.8440 ms
[14:58:16 INF] HTTP GET /lib/bootstrap/dist/css/bootstrap.min.css responded 200 in 16.0910 ms
[14:58:16 INF] HTTP GET /css/site.css responded 304 in 0.4032 ms
[14:58:16 INF] HTTP GET /Biktal.WebMVC.styles.css responded 304 in 0.3915 ms
[14:58:16 INF] HTTP GET /lib/jquery/dist/jquery.min.js responded 304 in 0.9656 ms
[14:58:16 INF] HTTP GET /lib/bootstrap/dist/js/bootstrap.bundle.min.js responded 304 in 1.0016 ms
[14:58:16 INF] HTTP GET /js/site.js responded 304 in 0.2958 ms
[14:58:22 INF] HTTP GET /Repairs/Tickets responded 200 in 11.5872 ms
[14:58:22 INF] HTTP GET /lib/bootstrap/dist/css/bootstrap.min.css responded 200 in 2.2265 ms
[14:58:23 INF] HTTP GET /css/site.css responded 304 in 0.4110 ms
[14:58:23 INF] HTTP GET /lib/jquery/dist/jquery.min.js responded 304 in 0.6580 ms
[14:58:23 INF] HTTP GET /Biktal.WebMVC.styles.css responded 304 in 0.3583 ms
[14:58:23 INF] HTTP GET /lib/bootstrap/dist/js/bootstrap.bundle.min.js responded 304 in 0.2775 ms
[14:58:23 INF] HTTP GET /js/site.js responded 304 in 1.6815 ms
[15:18:07 INF] HTTP GET /Inventory/Products responded 200 in 428.9756 ms
[15:18:07 INF] HTTP GET /lib/bootstrap/dist/css/bootstrap.min.css responded 200 in 2.3005 ms
[15:18:07 INF] HTTP GET /css/site.css responded 200 in 1.2977 ms
[15:18:07 INF] HTTP GET /Biktal.WebMVC.styles.css responded 200 in 2.6467 ms
[15:18:08 INF] HTTP GET /lib/jquery/dist/jquery.min.js responded 200 in 1.0065 ms
[15:18:08 INF] HTTP GET /js/site.js responded 200 in 0.8020 ms
[15:18:08 INF] HTTP GET /lib/bootstrap/dist/js/bootstrap.bundle.min.js responded 200 in 0.8777 ms
[15:18:08 INF] HTTP GET /lib/jquery-validation/dist/jquery.validate.min.js responded 200 in 2.6762 ms
[15:18:08 INF] HTTP GET /lib/jquery-validation-unobtrusive/dist/jquery.validate.unobtrusive.min.js responded 200 in 2.6286 ms
[15:18:08 INF] HTTP GET /js/products-catalog-filter.js responded 200 in 11.6333 ms
[15:30:09 INF] HTTP GET /Inventory/Products responded 200 in 402.9714 ms
[15:30:09 INF] HTTP GET /css/site.css responded 200 in 1.0964 ms
[15:30:09 INF] HTTP GET /Biktal.WebMVC.styles.css responded 200 in 6.1308 ms
[15:30:09 INF] HTTP GET /lib/bootstrap/dist/css/bootstrap.min.css responded 200 in 4.9148 ms
[15:30:10 INF] HTTP GET /lib/jquery/dist/jquery.min.js responded 200 in 0.8192 ms
[15:30:10 INF] HTTP GET /js/site.js responded 200 in 0.8942 ms
[15:30:10 INF] HTTP GET /lib/bootstrap/dist/js/bootstrap.bundle.min.js responded 200 in 0.7474 ms
[15:30:10 INF] HTTP GET /lib/jquery-validation/dist/jquery.validate.min.js responded 200 in 20.3915 ms
[15:30:10 INF] HTTP GET /js/products-catalog-filter.js responded 200 in 0.7142 ms
[15:30:10 INF] HTTP GET /lib/jquery-validation-unobtrusive/dist/jquery.validate.unobtrusive.min.js responded 200 in 17.0344 ms
[15:31:36 INF] HTTP POST /Inventory/EditProduct responded 302 in 299.4825 ms
[15:31:37 INF] HTTP GET /Inventory/Products responded 200 in 103.3741 ms
[15:31:37 INF] HTTP GET /css/site.css responded 200 in 0.6749 ms
[15:31:37 INF] HTTP GET /Biktal.WebMVC.styles.css responded 200 in 0.5527 ms
[15:31:37 INF] HTTP GET /lib/bootstrap/dist/css/bootstrap.min.css responded 200 in 0.8960 ms
[15:31:38 INF] HTTP GET /lib/jquery/dist/jquery.min.js responded 200 in 0.8314 ms
[15:31:38 INF] HTTP GET /js/site.js responded 200 in 0.6234 ms
[15:31:38 INF] HTTP GET /lib/bootstrap/dist/js/bootstrap.bundle.min.js responded 200 in 1.4092 ms
[15:31:38 INF] HTTP GET /lib/jquery-validation-unobtrusive/dist/jquery.validate.unobtrusive.min.js responded 200 in 0.6373 ms
[15:31:38 INF] HTTP GET /lib/jquery-validation/dist/jquery.validate.min.js responded 200 in 1.3247 ms
[15:31:38 INF] HTTP GET /js/products-catalog-filter.js responded 200 in 0.7474 ms
[15:31:40 WRN] The query uses the 'First'/'FirstOrDefault' operator without 'OrderBy' and filter operators. This may lead to unpredictable results.
[15:31:40 INF] HTTP GET / responded 200 in 70.8654 ms
[15:31:40 INF] HTTP GET /lib/bootstrap/dist/css/bootstrap.min.css responded 304 in 1.7184 ms
[15:31:40 INF] HTTP GET /css/site.css responded 304 in 0.1777 ms
[15:31:40 INF] HTTP GET /Biktal.WebMVC.styles.css responded 304 in 0.4461 ms
[15:31:40 INF] HTTP GET /lib/bootstrap/dist/js/bootstrap.bundle.min.js responded 304 in 0.2241 ms
[15:31:40 INF] HTTP GET /lib/jquery/dist/jquery.min.js responded 304 in 0.2777 ms
[15:31:40 INF] HTTP GET /js/site.js responded 304 in 0.1735 ms
[15:31:40 INF] HTTP GET /js/pos.js responded 200 in 1.7103 ms
[15:31:48 INF] HTTP GET /Inventory/Products responded 200 in 134.6472 ms
[15:31:48 INF] HTTP GET /lib/bootstrap/dist/css/bootstrap.min.css responded 304 in 0.2276 ms
[15:31:48 INF] HTTP GET /css/site.css responded 304 in 0.1824 ms
[15:31:48 INF] HTTP GET /Biktal.WebMVC.styles.css responded 304 in 0.6580 ms
[15:31:49 INF] HTTP GET /lib/jquery/dist/jquery.min.js responded 304 in 0.1679 ms
[15:31:49 INF] HTTP GET /lib/bootstrap/dist/js/bootstrap.bundle.min.js responded 304 in 0.2235 ms
[15:31:49 INF] HTTP GET /js/site.js responded 304 in 0.1619 ms
[15:31:49 INF] HTTP GET /lib/jquery-validation/dist/jquery.validate.min.js responded 304 in 0.1474 ms
[15:31:49 INF] HTTP GET /lib/jquery-validation-unobtrusive/dist/jquery.validate.unobtrusive.min.js responded 304 in 0.1949 ms
[15:31:49 INF] HTTP GET /js/products-catalog-filter.js responded 304 in 0.1447 ms
[15:32:01 INF] HTTP GET /Inventory/Products responded 200 in 79.7306 ms
[15:32:01 INF] HTTP GET /lib/bootstrap/dist/css/bootstrap.min.css responded 304 in 0.5593 ms
[15:32:01 INF] HTTP GET /css/site.css responded 304 in 0.2228 ms
[15:32:01 INF] HTTP GET /Biktal.WebMVC.styles.css responded 304 in 0.1293 ms
[15:32:02 INF] HTTP GET /lib/jquery/dist/jquery.min.js responded 304 in 0.0872 ms
[15:32:02 INF] HTTP GET /lib/bootstrap/dist/js/bootstrap.bundle.min.js responded 304 in 0.1281 ms
[15:32:02 INF] HTTP GET /js/site.js responded 304 in 0.1307 ms
[15:32:02 INF] HTTP GET /lib/jquery-validation/dist/jquery.validate.min.js responded 304 in 0.1190 ms
[15:32:02 INF] HTTP GET /js/products-catalog-filter.js responded 304 in 0.0636 ms
[15:32:02 INF] HTTP GET /lib/jquery-validation-unobtrusive/dist/jquery.validate.unobtrusive.min.js responded 304 in 0.1120 ms
[15:32:30 INF] HTTP GET /Inventory/Products responded 200 in 92.7976 ms
[15:32:30 INF] HTTP GET /css/site.css responded 304 in 0.2803 ms
[15:32:30 INF] HTTP GET /Biktal.WebMVC.styles.css responded 304 in 0.1080 ms
[15:32:30 INF] HTTP GET /lib/bootstrap/dist/css/bootstrap.min.css responded 200 in 1.3232 ms
[15:32:31 INF] HTTP GET /lib/jquery/dist/jquery.min.js responded 304 in 0.0878 ms
[15:32:31 INF] HTTP GET /lib/bootstrap/dist/js/bootstrap.bundle.min.js responded 304 in 0.1659 ms
[15:32:31 INF] HTTP GET /lib/jquery-validation-unobtrusive/dist/jquery.validate.unobtrusive.min.js responded 304 in 0.1170 ms
[15:32:31 INF] HTTP GET /js/site.js responded 304 in 0.1128 ms
[15:32:31 INF] HTTP GET /js/products-catalog-filter.js responded 304 in 0.6624 ms
[15:32:31 INF] HTTP GET /lib/jquery-validation/dist/jquery.validate.min.js responded 304 in 0.1341 ms
[15:32:41 INF] HTTP GET /Inventory/Products responded 200 in 69.8398 ms
[15:32:41 INF] HTTP GET /lib/bootstrap/dist/css/bootstrap.min.css responded 304 in 0.6611 ms
[15:32:41 INF] HTTP GET /css/site.css responded 304 in 0.1629 ms
[15:32:41 INF] HTTP GET /Biktal.WebMVC.styles.css responded 304 in 0.2459 ms
[15:32:42 INF] HTTP GET /lib/jquery/dist/jquery.min.js responded 304 in 0.1152 ms
[15:32:42 INF] HTTP GET /lib/bootstrap/dist/js/bootstrap.bundle.min.js responded 304 in 0.1402 ms
[15:32:42 INF] HTTP GET /js/site.js responded 304 in 0.1142 ms
[15:32:42 INF] HTTP GET /lib/jquery-validation/dist/jquery.validate.min.js responded 304 in 0.1211 ms
[15:32:42 INF] HTTP GET /lib/jquery-validation-unobtrusive/dist/jquery.validate.unobtrusive.min.js responded 304 in 0.0879 ms
[15:32:42 INF] HTTP GET /js/products-catalog-filter.js responded 304 in 0.2330 ms
[15:32:57 INF] HTTP POST /Inventory/EditProduct responded 302 in 23.4506 ms
[15:32:57 INF] HTTP GET /Inventory/Products responded 200 in 72.7827 ms
[15:32:57 INF] HTTP GET /lib/bootstrap/dist/css/bootstrap.min.css responded 200 in 0.8895 ms
[15:32:57 INF] HTTP GET /css/site.css responded 304 in 0.6993 ms
[15:32:57 INF] HTTP GET /Biktal.WebMVC.styles.css responded 304 in 0.1589 ms
[15:32:58 INF] HTTP GET /lib/jquery/dist/jquery.min.js responded 304 in 0.1062 ms
[15:32:59 INF] HTTP GET /lib/bootstrap/dist/js/bootstrap.bundle.min.js responded 304 in 0.1766 ms
[15:32:59 INF] HTTP GET /js/site.js responded 304 in 0.1219 ms
[15:32:59 INF] HTTP GET /lib/jquery-validation/dist/jquery.validate.min.js responded 304 in 0.9008 ms
[15:32:59 INF] HTTP GET /lib/jquery-validation-unobtrusive/dist/jquery.validate.unobtrusive.min.js responded 304 in 0.1223 ms
[15:32:59 INF] HTTP GET /js/products-catalog-filter.js responded 304 in 0.1227 ms
[15:33:00 INF] HTTP GET / responded 200 in 44.2108 ms
[15:33:00 INF] HTTP GET /lib/bootstrap/dist/css/bootstrap.min.css responded 304 in 0.1537 ms
[15:33:00 INF] HTTP GET /Biktal.WebMVC.styles.css responded 304 in 0.5068 ms
[15:33:00 INF] HTTP GET /css/site.css responded 304 in 0.1114 ms
[15:33:00 INF] HTTP GET /lib/jquery/dist/jquery.min.js responded 304 in 0.2242 ms
[15:33:00 INF] HTTP GET /lib/bootstrap/dist/js/bootstrap.bundle.min.js responded 200 in 0.6770 ms
[15:33:00 INF] HTTP GET /js/site.js responded 200 in 0.4772 ms
[15:33:00 INF] HTTP GET /js/pos.js responded 304 in 0.1278 ms
[15:33:32 INF] HTTP GET /Inventory/Products responded 200 in 87.2367 ms
[15:33:32 INF] HTTP GET /css/site.css responded 304 in 0.1625 ms
[15:33:32 INF] HTTP GET /Biktal.WebMVC.styles.css responded 304 in 0.1681 ms
[15:33:32 INF] HTTP GET /lib/bootstrap/dist/css/bootstrap.min.css responded 200 in 5.4834 ms
[15:33:33 INF] HTTP GET /lib/jquery/dist/jquery.min.js responded 304 in 0.0818 ms
[15:33:33 INF] HTTP GET /lib/bootstrap/dist/js/bootstrap.bundle.min.js responded 304 in 0.1081 ms
[15:33:33 INF] HTTP GET /js/site.js responded 304 in 0.6816 ms
[15:33:33 INF] HTTP GET /lib/jquery-validation/dist/jquery.validate.min.js responded 200 in 0.6625 ms
[15:33:33 INF] HTTP GET /js/products-catalog-filter.js responded 200 in 0.8797 ms
[15:33:33 INF] HTTP GET /lib/jquery-validation-unobtrusive/dist/jquery.validate.unobtrusive.min.js responded 200 in 1.4360 ms
[15:33:39 INF] HTTP GET /Inventory/Products responded 200 in 93.5327 ms
[15:33:39 INF] HTTP GET /lib/bootstrap/dist/css/bootstrap.min.css responded 304 in 0.1353 ms
[15:33:39 INF] HTTP GET /css/site.css responded 304 in 0.1474 ms
[15:33:39 INF] HTTP GET /Biktal.WebMVC.styles.css responded 304 in 0.1198 ms
[15:33:40 INF] HTTP GET /lib/jquery/dist/jquery.min.js responded 304 in 0.1853 ms
[15:33:40 INF] HTTP GET /lib/bootstrap/dist/js/bootstrap.bundle.min.js responded 304 in 0.1118 ms
[15:33:40 INF] HTTP GET /js/site.js responded 304 in 0.0941 ms
[15:33:40 INF] HTTP GET /lib/jquery-validation/dist/jquery.validate.min.js responded 304 in 0.1231 ms
[15:33:40 INF] HTTP GET /lib/jquery-validation-unobtrusive/dist/jquery.validate.unobtrusive.min.js responded 304 in 0.1066 ms
[15:33:40 INF] HTTP GET /js/products-catalog-filter.js responded 304 in 0.0705 ms
[15:33:50 INF] HTTP POST /Inventory/EditProduct responded 302 in 19.3950 ms
[15:33:50 INF] HTTP GET /Inventory/Products responded 200 in 96.6913 ms
[15:33:50 INF] HTTP GET /css/site.css responded 304 in 0.3497 ms
[15:33:50 INF] HTTP GET /Biktal.WebMVC.styles.css responded 304 in 0.1112 ms
[15:33:50 INF] HTTP GET /lib/bootstrap/dist/css/bootstrap.min.css responded 304 in 0.1935 ms
[15:33:51 INF] HTTP GET /lib/jquery/dist/jquery.min.js responded 304 in 0.0864 ms
[15:33:51 INF] HTTP GET /lib/bootstrap/dist/js/bootstrap.bundle.min.js responded 304 in 0.2348 ms
[15:33:51 INF] HTTP GET /js/site.js responded 304 in 0.1159 ms
[15:33:51 INF] HTTP GET /lib/jquery-validation/dist/jquery.validate.min.js responded 304 in 0.0595 ms
[15:33:51 INF] HTTP GET /lib/jquery-validation-unobtrusive/dist/jquery.validate.unobtrusive.min.js responded 304 in 0.1862 ms
[15:33:51 INF] HTTP GET /js/products-catalog-filter.js responded 304 in 0.4123 ms
[15:33:52 INF] HTTP GET / responded 200 in 33.8787 ms
[15:33:52 INF] HTTP GET /css/site.css responded 304 in 0.1089 ms
[15:33:52 INF] HTTP GET /lib/jquery/dist/jquery.min.js responded 304 in 0.0714 ms
[15:33:52 INF] HTTP GET /lib/bootstrap/dist/js/bootstrap.bundle.min.js responded 304 in 0.0600 ms
[15:33:52 INF] HTTP GET /js/site.js responded 304 in 0.0528 ms
[15:33:52 INF] HTTP GET /js/pos.js responded 304 in 0.0542 ms
[15:33:52 INF] HTTP GET /lib/bootstrap/dist/css/bootstrap.min.css responded 304 in 0.0550 ms
[15:33:52 INF] HTTP GET /Biktal.WebMVC.styles.css responded 304 in 0.0478 ms
[15:34:21 INF] HTTP GET /Inventory/Products responded 200 in 79.5609 ms
[15:34:21 INF] HTTP GET /Biktal.WebMVC.styles.css responded 304 in 0.1161 ms
[15:34:21 INF] HTTP GET /lib/bootstrap/dist/css/bootstrap.min.css responded 200 in 4.9935 ms
[15:34:21 INF] HTTP GET /css/site.css responded 304 in 1.2968 ms
[15:34:22 INF] HTTP GET /lib/jquery/dist/jquery.min.js responded 304 in 0.1031 ms
[15:34:22 INF] HTTP GET /lib/bootstrap/dist/js/bootstrap.bundle.min.js responded 304 in 0.1384 ms
[15:34:22 INF] HTTP GET /js/site.js responded 304 in 0.1656 ms
[15:34:22 INF] HTTP GET /lib/jquery-validation/dist/jquery.validate.min.js responded 304 in 0.1427 ms
[15:34:22 INF] HTTP GET /lib/jquery-validation-unobtrusive/dist/jquery.validate.unobtrusive.min.js responded 304 in 0.1226 ms
[15:34:22 INF] HTTP GET /js/products-catalog-filter.js responded 304 in 0.2332 ms
[15:34:27 INF] HTTP GET /Inventory/Products responded 200 in 76.1998 ms
[15:34:27 INF] HTTP GET /lib/bootstrap/dist/css/bootstrap.min.css responded 304 in 0.1275 ms
[15:34:27 INF] HTTP GET /css/site.css responded 304 in 0.1216 ms
[15:34:27 INF] HTTP GET /Biktal.WebMVC.styles.css responded 304 in 0.1122 ms
[15:34:28 INF] HTTP GET /lib/jquery/dist/jquery.min.js responded 304 in 0.0874 ms
[15:34:28 INF] HTTP GET /lib/bootstrap/dist/js/bootstrap.bundle.min.js responded 304 in 0.1320 ms
[15:34:28 INF] HTTP GET /js/site.js responded 304 in 0.1097 ms
[15:34:28 INF] HTTP GET /lib/jquery-validation/dist/jquery.validate.min.js responded 304 in 0.1085 ms
[15:34:28 INF] HTTP GET /js/products-catalog-filter.js responded 304 in 0.1016 ms
[15:34:28 INF] HTTP GET /lib/jquery-validation-unobtrusive/dist/jquery.validate.unobtrusive.min.js responded 304 in 0.1015 ms
[15:34:41 INF] HTTP POST /Inventory/EditProduct responded 302 in 14.2738 ms
[15:34:41 INF] HTTP GET /Inventory/Products responded 200 in 71.3350 ms
[15:34:41 INF] HTTP GET /lib/bootstrap/dist/css/bootstrap.min.css responded 304 in 0.1455 ms
[15:34:41 INF] HTTP GET /css/site.css responded 304 in 0.1102 ms
[15:34:41 INF] HTTP GET /Biktal.WebMVC.styles.css responded 304 in 0.1066 ms
[15:34:42 INF] HTTP GET /lib/jquery/dist/jquery.min.js responded 304 in 0.0812 ms
[15:34:42 INF] HTTP GET /lib/bootstrap/dist/js/bootstrap.bundle.min.js responded 304 in 0.6207 ms
[15:34:42 INF] HTTP GET /js/site.js responded 304 in 0.8128 ms
[15:34:42 INF] HTTP GET /lib/jquery-validation-unobtrusive/dist/jquery.validate.unobtrusive.min.js responded 304 in 0.4406 ms
[15:34:42 INF] HTTP GET /lib/jquery-validation/dist/jquery.validate.min.js responded 304 in 0.1361 ms
[15:34:42 INF] HTTP GET /js/products-catalog-filter.js responded 304 in 0.1628 ms
[15:34:43 INF] HTTP GET / responded 200 in 26.2437 ms
[15:34:43 INF] HTTP GET /lib/bootstrap/dist/css/bootstrap.min.css responded 304 in 0.1854 ms
[15:34:43 INF] HTTP GET /css/site.css responded 304 in 0.1589 ms
[15:34:43 INF] HTTP GET /Biktal.WebMVC.styles.css responded 304 in 0.1385 ms
[15:34:43 INF] HTTP GET /lib/jquery/dist/jquery.min.js responded 304 in 0.3365 ms
[15:34:43 INF] HTTP GET /lib/bootstrap/dist/js/bootstrap.bundle.min.js responded 200 in 3.9796 ms
[15:34:43 INF] HTTP GET /js/site.js responded 200 in 2.4800 ms
[15:34:43 INF] HTTP GET /js/pos.js responded 304 in 0.1094 ms
[15:35:36 INF] HTTP POST /Pos/CompleteSale responded 200 in 988.2727 ms
[15:35:39 INF] HTTP GET /Inventory/Products responded 200 in 72.3749 ms
[15:35:39 INF] HTTP GET /Biktal.WebMVC.styles.css responded 304 in 0.1425 ms
[15:35:39 INF] HTTP GET /css/site.css responded 304 in 0.1331 ms
[15:35:39 INF] HTTP GET /lib/bootstrap/dist/css/bootstrap.min.css responded 200 in 2.2536 ms
[15:35:40 INF] HTTP GET /lib/jquery/dist/jquery.min.js responded 304 in 0.0878 ms
[15:35:40 INF] HTTP GET /lib/bootstrap/dist/js/bootstrap.bundle.min.js responded 304 in 0.1128 ms
[15:35:40 INF] HTTP GET /js/site.js responded 304 in 0.1503 ms
[15:35:40 INF] HTTP GET /lib/jquery-validation/dist/jquery.validate.min.js responded 200 in 1.2890 ms
[15:35:40 INF] HTTP GET /lib/jquery-validation-unobtrusive/dist/jquery.validate.unobtrusive.min.js responded 200 in 0.6109 ms
[15:35:40 INF] HTTP GET /js/products-catalog-filter.js responded 200 in 0.6380 ms
[15:35:44 INF] HTTP GET /Inventory/Products responded 200 in 79.9039 ms
[15:35:44 INF] HTTP GET /lib/bootstrap/dist/css/bootstrap.min.css responded 304 in 0.2189 ms
[15:35:44 INF] HTTP GET /css/site.css responded 304 in 0.1290 ms
[15:35:44 INF] HTTP GET /Biktal.WebMVC.styles.css responded 304 in 0.0725 ms
[15:35:45 INF] HTTP GET /lib/jquery/dist/jquery.min.js responded 304 in 0.0899 ms
[15:35:45 INF] HTTP GET /lib/bootstrap/dist/js/bootstrap.bundle.min.js responded 304 in 0.1165 ms
[15:35:45 INF] HTTP GET /js/site.js responded 304 in 1.3384 ms
[15:35:45 INF] HTTP GET /lib/jquery-validation/dist/jquery.validate.min.js responded 304 in 0.2279 ms
[15:35:45 INF] HTTP GET /js/products-catalog-filter.js responded 304 in 0.1326 ms
[15:35:45 INF] HTTP GET /lib/jquery-validation-unobtrusive/dist/jquery.validate.unobtrusive.min.js responded 304 in 0.2154 ms
[15:36:14 INF] HTTP POST /Inventory/EditProduct responded 302 in 17.4598 ms
[15:36:14 INF] HTTP GET /Inventory/Products responded 200 in 69.3142 ms
[15:36:14 INF] HTTP GET /lib/bootstrap/dist/css/bootstrap.min.css responded 200 in 1.0088 ms
[15:36:14 INF] HTTP GET /css/site.css responded 304 in 0.1249 ms
[15:36:14 INF] HTTP GET /Biktal.WebMVC.styles.css responded 304 in 0.2573 ms
[15:36:15 INF] HTTP GET /lib/jquery/dist/jquery.min.js responded 304 in 0.1289 ms
[15:36:15 INF] HTTP GET /lib/bootstrap/dist/js/bootstrap.bundle.min.js responded 304 in 0.2614 ms
[15:36:15 INF] HTTP GET /js/site.js responded 304 in 0.1293 ms
[15:36:15 INF] HTTP GET /lib/jquery-validation/dist/jquery.validate.min.js responded 304 in 0.1086 ms
[15:36:15 INF] HTTP GET /lib/jquery-validation-unobtrusive/dist/jquery.validate.unobtrusive.min.js responded 304 in 0.1419 ms
[15:36:15 INF] HTTP GET /js/products-catalog-filter.js responded 304 in 0.1150 ms
[15:36:17 INF] HTTP GET / responded 200 in 26.1401 ms
[15:36:17 INF] HTTP GET /lib/bootstrap/dist/css/bootstrap.min.css responded 304 in 0.1124 ms
[15:36:17 INF] HTTP GET /css/site.css responded 304 in 0.1161 ms
[15:36:17 INF] HTTP GET /Biktal.WebMVC.styles.css responded 304 in 0.0878 ms
[15:36:17 INF] HTTP GET /lib/bootstrap/dist/js/bootstrap.bundle.min.js responded 304 in 0.0878 ms
[15:36:17 INF] HTTP GET /lib/jquery/dist/jquery.min.js responded 304 in 0.1771 ms
[15:36:17 INF] HTTP GET /js/site.js responded 304 in 1.1546 ms
[15:36:17 INF] HTTP GET /js/pos.js responded 304 in 0.3132 ms
[15:36:33 INF] HTTP POST /Pos/CompleteSale responded 200 in 57.4543 ms
[15:36:46 INF] HTTP GET /Inventory/Products responded 200 in 79.0401 ms
[15:36:46 INF] HTTP GET /Biktal.WebMVC.styles.css responded 304 in 0.1157 ms
[15:36:46 INF] HTTP GET /lib/bootstrap/dist/css/bootstrap.min.css responded 200 in 1.1767 ms
[15:36:46 INF] HTTP GET /css/site.css responded 304 in 1.5084 ms
[15:36:47 INF] HTTP GET /lib/jquery/dist/jquery.min.js responded 304 in 0.0845 ms
[15:36:47 INF] HTTP GET /lib/bootstrap/dist/js/bootstrap.bundle.min.js responded 304 in 0.1189 ms
[15:36:47 INF] HTTP GET /lib/jquery-validation/dist/jquery.validate.min.js responded 304 in 0.0700 ms
[15:36:47 INF] HTTP GET /js/site.js responded 304 in 0.1122 ms
[15:36:47 INF] HTTP GET /lib/jquery-validation-unobtrusive/dist/jquery.validate.unobtrusive.min.js responded 304 in 0.1494 ms
[15:36:47 INF] HTTP GET /js/products-catalog-filter.js responded 304 in 0.1457 ms
[15:36:59 INF] HTTP GET /Inventory/Products responded 200 in 108.4468 ms
[15:36:59 INF] HTTP GET /lib/bootstrap/dist/css/bootstrap.min.css responded 304 in 6.7091 ms
[15:36:59 INF] HTTP GET /css/site.css responded 304 in 0.2131 ms
[15:36:59 INF] HTTP GET /Biktal.WebMVC.styles.css responded 304 in 0.1022 ms
[15:37:00 INF] HTTP GET /lib/jquery/dist/jquery.min.js responded 304 in 0.1467 ms
[15:37:00 INF] HTTP GET /lib/bootstrap/dist/js/bootstrap.bundle.min.js responded 304 in 0.1029 ms
[15:37:00 INF] HTTP GET /js/site.js responded 304 in 0.1616 ms
[15:37:00 INF] HTTP GET /lib/jquery-validation/dist/jquery.validate.min.js responded 304 in 0.0947 ms
[15:37:00 INF] HTTP GET /lib/jquery-validation-unobtrusive/dist/jquery.validate.unobtrusive.min.js responded 304 in 0.1233 ms
[15:37:00 INF] HTTP GET /js/products-catalog-filter.js responded 304 in 0.1599 ms
[15:37:28 INF] HTTP POST /Inventory/EditProduct responded 302 in 18.3654 ms
[15:37:28 INF] HTTP GET /Inventory/Products responded 200 in 106.3624 ms
[15:37:28 INF] HTTP GET /lib/bootstrap/dist/css/bootstrap.min.css responded 200 in 1.2334 ms
[15:37:28 INF] HTTP GET /Biktal.WebMVC.styles.css responded 304 in 0.0907 ms
[15:37:28 INF] HTTP GET /css/site.css responded 304 in 0.1261 ms
[15:37:29 INF] HTTP GET /lib/jquery/dist/jquery.min.js responded 304 in 0.1125 ms
[15:37:29 INF] HTTP GET /lib/bootstrap/dist/js/bootstrap.bundle.min.js responded 304 in 0.1613 ms
[15:37:29 INF] HTTP GET /js/site.js responded 304 in 0.1285 ms
[15:37:29 INF] HTTP GET /lib/jquery-validation/dist/jquery.validate.min.js responded 304 in 0.1406 ms
[15:37:29 INF] HTTP GET /lib/jquery-validation-unobtrusive/dist/jquery.validate.unobtrusive.min.js responded 304 in 0.1210 ms
[15:37:29 INF] HTTP GET /js/products-catalog-filter.js responded 304 in 0.0938 ms
[15:38:02 INF] HTTP GET / responded 200 in 23.2188 ms
[15:38:02 INF] HTTP GET /lib/bootstrap/dist/css/bootstrap.min.css responded 200 in 17.0432 ms
[15:38:02 INF] HTTP GET /css/site.css responded 304 in 0.1895 ms
[15:38:02 INF] HTTP GET /Biktal.WebMVC.styles.css responded 304 in 0.1194 ms
[15:38:02 INF] HTTP GET /lib/jquery/dist/jquery.min.js responded 304 in 0.1492 ms
[15:38:02 INF] HTTP GET /lib/bootstrap/dist/js/bootstrap.bundle.min.js responded 304 in 0.3001 ms
[15:38:02 INF] HTTP GET /js/site.js responded 304 in 0.1233 ms
[15:38:02 INF] HTTP GET /js/pos.js responded 304 in 0.1134 ms
[15:38:16 INF] HTTP POST /Pos/CompleteSale responded 200 in 42.4821 ms
[15:38:36 INF] HTTP GET /Inventory/Products responded 200 in 88.8146 ms
[15:38:36 INF] HTTP GET /lib/bootstrap/dist/css/bootstrap.min.css responded 200 in 11.4709 ms
[15:38:36 INF] HTTP GET /css/site.css responded 304 in 0.2951 ms
[15:38:36 INF] HTTP GET /Biktal.WebMVC.styles.css responded 304 in 0.1173 ms
[15:38:37 INF] HTTP GET /lib/jquery/dist/jquery.min.js responded 304 in 0.1366 ms
[15:38:37 INF] HTTP GET /lib/bootstrap/dist/js/bootstrap.bundle.min.js responded 304 in 0.2546 ms
[15:38:37 INF] HTTP GET /js/site.js responded 304 in 0.1682 ms
[15:38:37 INF] HTTP GET /lib/jquery-validation-unobtrusive/dist/jquery.validate.unobtrusive.min.js responded 304 in 0.5116 ms
[15:38:37 INF] HTTP GET /js/products-catalog-filter.js responded 304 in 0.1929 ms
[15:38:37 INF] HTTP GET /lib/jquery-validation/dist/jquery.validate.min.js responded 304 in 0.0870 ms
[15:38:41 INF] HTTP GET /Inventory/Products responded 200 in 112.5773 ms
[15:38:41 INF] HTTP GET /lib/bootstrap/dist/css/bootstrap.min.css responded 304 in 0.1414 ms
[15:38:41 INF] HTTP GET /css/site.css responded 304 in 0.3476 ms
[15:38:41 INF] HTTP GET /Biktal.WebMVC.styles.css responded 304 in 0.9956 ms
[15:38:43 INF] HTTP GET /lib/jquery/dist/jquery.min.js responded 304 in 0.1041 ms
[15:38:43 INF] HTTP GET /lib/bootstrap/dist/js/bootstrap.bundle.min.js responded 304 in 0.1216 ms
[15:38:43 INF] HTTP GET /js/site.js responded 304 in 0.1202 ms
[15:38:43 INF] HTTP GET /lib/jquery-validation/dist/jquery.validate.min.js responded 304 in 0.1695 ms
[15:38:43 INF] HTTP GET /lib/jquery-validation-unobtrusive/dist/jquery.validate.unobtrusive.min.js responded 304 in 0.2352 ms
[15:38:43 INF] HTTP GET /js/products-catalog-filter.js responded 304 in 0.2276 ms
[15:38:50 INF] HTTP POST /Inventory/EditProduct responded 302 in 16.3553 ms
[15:38:50 INF] HTTP GET /Inventory/Products responded 200 in 111.8520 ms
[15:38:50 INF] HTTP GET /css/site.css responded 304 in 0.1039 ms
[15:38:50 INF] HTTP GET /Biktal.WebMVC.styles.css responded 304 in 0.0692 ms
[15:38:50 INF] HTTP GET /lib/bootstrap/dist/css/bootstrap.min.css responded 304 in 0.0801 ms
[15:38:51 INF] HTTP GET /lib/jquery/dist/jquery.min.js responded 304 in 0.0831 ms
[15:38:51 INF] HTTP GET /lib/bootstrap/dist/js/bootstrap.bundle.min.js responded 304 in 0.1869 ms
[15:38:51 INF] HTTP GET /lib/jquery-validation-unobtrusive/dist/jquery.validate.unobtrusive.min.js responded 304 in 0.3393 ms
[15:38:51 INF] HTTP GET /js/site.js responded 304 in 0.1160 ms
[15:38:51 INF] HTTP GET /lib/jquery-validation/dist/jquery.validate.min.js responded 304 in 0.0900 ms
[15:38:51 INF] HTTP GET /js/products-catalog-filter.js responded 304 in 0.1706 ms
[15:38:52 INF] HTTP GET / responded 200 in 18.8032 ms
[15:38:52 INF] HTTP GET /lib/bootstrap/dist/css/bootstrap.min.css responded 304 in 0.1451 ms
[15:38:52 INF] HTTP GET /css/site.css responded 304 in 0.6721 ms
[15:38:52 INF] HTTP GET /Biktal.WebMVC.styles.css responded 304 in 0.1165 ms
[15:38:52 INF] HTTP GET /lib/jquery/dist/jquery.min.js responded 304 in 0.2067 ms
[15:38:52 INF] HTTP GET /lib/bootstrap/dist/js/bootstrap.bundle.min.js responded 304 in 0.1007 ms
[15:38:52 INF] HTTP GET /js/site.js responded 304 in 0.1141 ms
[15:38:52 INF] HTTP GET /js/pos.js responded 304 in 0.2622 ms
[15:39:09 INF] HTTP POST /Pos/CompleteSale responded 200 in 29.1343 ms
[15:39:16 INF] HTTP GET /Inventory/Products responded 200 in 73.5158 ms
[15:39:16 INF] HTTP GET /lib/bootstrap/dist/css/bootstrap.min.css responded 200 in 2.2152 ms
[15:39:16 INF] HTTP GET /css/site.css responded 304 in 0.1370 ms
[15:39:16 INF] HTTP GET /Biktal.WebMVC.styles.css responded 304 in 0.1095 ms
[15:39:17 INF] HTTP GET /lib/jquery/dist/jquery.min.js responded 304 in 0.0848 ms
[15:39:17 INF] HTTP GET /lib/bootstrap/dist/js/bootstrap.bundle.min.js responded 304 in 0.1410 ms
[15:39:17 INF] HTTP GET /js/site.js responded 304 in 0.2008 ms
[15:39:17 INF] HTTP GET /lib/jquery-validation-unobtrusive/dist/jquery.validate.unobtrusive.min.js responded 304 in 0.1115 ms
[15:39:17 INF] HTTP GET /lib/jquery-validation/dist/jquery.validate.min.js responded 304 in 0.1765 ms
[15:39:17 INF] HTTP GET /js/products-catalog-filter.js responded 304 in 0.1708 ms
[15:39:20 INF] HTTP GET /Inventory/Products responded 200 in 72.0220 ms
[15:39:20 INF] HTTP GET /lib/bootstrap/dist/css/bootstrap.min.css responded 304 in 0.2068 ms
[15:39:21 INF] HTTP GET /Biktal.WebMVC.styles.css responded 304 in 0.1330 ms
[15:39:21 INF] HTTP GET /css/site.css responded 304 in 0.1366 ms
[15:39:21 INF] HTTP GET /lib/jquery/dist/jquery.min.js responded 304 in 0.1053 ms
[15:39:21 INF] HTTP GET /lib/bootstrap/dist/js/bootstrap.bundle.min.js responded 304 in 0.1089 ms
[15:39:21 INF] HTTP GET /js/site.js responded 304 in 0.2437 ms
[15:39:21 INF] HTTP GET /lib/jquery-validation/dist/jquery.validate.min.js responded 304 in 0.0958 ms
[15:39:21 INF] HTTP GET /lib/jquery-validation-unobtrusive/dist/jquery.validate.unobtrusive.min.js responded 304 in 0.2697 ms
[15:39:21 INF] HTTP GET /js/products-catalog-filter.js responded 304 in 0.1212 ms
[15:39:27 INF] HTTP POST /Inventory/EditProduct responded 302 in 15.4737 ms
[15:39:27 INF] HTTP GET /Inventory/Products responded 200 in 111.8116 ms
[15:39:27 INF] HTTP GET /lib/bootstrap/dist/css/bootstrap.min.css responded 304 in 0.2811 ms
[15:39:27 INF] HTTP GET /css/site.css responded 304 in 0.2145 ms
[15:39:27 INF] HTTP GET /Biktal.WebMVC.styles.css responded 304 in 0.1551 ms
[15:39:28 INF] HTTP GET / responded 200 in 23.2714 ms
[15:39:28 INF] HTTP GET /lib/bootstrap/dist/css/bootstrap.min.css responded 304 in 0.2290 ms
[15:39:28 INF] HTTP GET /css/site.css responded 304 in 0.3586 ms
[15:39:28 INF] HTTP GET /Biktal.WebMVC.styles.css responded 304 in 0.0990 ms
[15:39:28 INF] HTTP GET /lib/jquery/dist/jquery.min.js responded 304 in 0.0992 ms
[15:39:28 INF] HTTP GET /lib/bootstrap/dist/js/bootstrap.bundle.min.js responded 304 in 0.1032 ms
[15:39:28 INF] HTTP GET /js/site.js responded 304 in 0.1032 ms
[15:39:28 INF] HTTP GET /js/pos.js responded 304 in 0.6731 ms
[15:39:37 INF] HTTP POST /Pos/CompleteSale responded 200 in 25.6695 ms
[15:40:10 INF] HTTP GET /Inventory/Products responded 200 in 78.3700 ms
[15:40:10 INF] HTTP GET /css/site.css responded 304 in 0.1282 ms
[15:40:10 INF] HTTP GET /Biktal.WebMVC.styles.css responded 304 in 0.1843 ms
[15:40:10 INF] HTTP GET /lib/bootstrap/dist/css/bootstrap.min.css responded 200 in 8.6243 ms
[15:40:11 INF] HTTP GET /lib/jquery/dist/jquery.min.js responded 304 in 0.0876 ms
[15:40:11 INF] HTTP GET /js/site.js responded 304 in 0.0808 ms
[15:40:11 INF] HTTP GET /lib/bootstrap/dist/js/bootstrap.bundle.min.js responded 304 in 0.1442 ms
[15:40:11 INF] HTTP GET /lib/jquery-validation/dist/jquery.validate.min.js responded 304 in 0.1389 ms
[15:40:11 INF] HTTP GET /lib/jquery-validation-unobtrusive/dist/jquery.validate.unobtrusive.min.js responded 304 in 0.1561 ms
[15:40:11 INF] HTTP GET /js/products-catalog-filter.js responded 304 in 0.1331 ms
[15:40:15 INF] HTTP GET /Inventory/Products responded 200 in 74.4371 ms
[15:40:15 INF] HTTP GET /lib/bootstrap/dist/css/bootstrap.min.css responded 304 in 0.1323 ms
[15:40:15 INF] HTTP GET /css/site.css responded 304 in 0.1923 ms
[15:40:15 INF] HTTP GET /Biktal.WebMVC.styles.css responded 304 in 1.1131 ms
[15:40:16 INF] HTTP GET /lib/jquery/dist/jquery.min.js responded 304 in 0.0875 ms
[15:40:16 INF] HTTP GET /lib/bootstrap/dist/js/bootstrap.bundle.min.js responded 304 in 0.1774 ms
[15:40:16 INF] HTTP GET /js/site.js responded 304 in 0.1143 ms
[15:40:16 INF] HTTP GET /lib/jquery-validation/dist/jquery.validate.min.js responded 304 in 0.1111 ms
[15:40:16 INF] HTTP GET /lib/jquery-validation-unobtrusive/dist/jquery.validate.unobtrusive.min.js responded 304 in 0.1624 ms
[15:40:16 INF] HTTP GET /js/products-catalog-filter.js responded 304 in 0.1383 ms
[15:40:26 INF] HTTP POST /Inventory/EditProduct responded 302 in 21.6262 ms
[15:40:26 INF] HTTP GET /Inventory/Products responded 200 in 107.3948 ms
[15:40:26 INF] HTTP GET /lib/bootstrap/dist/css/bootstrap.min.css responded 304 in 0.1201 ms
[15:40:26 INF] HTTP GET /css/site.css responded 304 in 0.0611 ms
[15:40:26 INF] HTTP GET /Biktal.WebMVC.styles.css responded 304 in 0.1083 ms
[15:40:27 INF] HTTP GET / responded 200 in 29.5330 ms
[15:40:27 INF] HTTP GET /lib/bootstrap/dist/css/bootstrap.min.css responded 304 in 0.1399 ms
[15:40:27 INF] HTTP GET /css/site.css responded 304 in 0.1101 ms
[15:40:27 INF] HTTP GET /lib/bootstrap/dist/js/bootstrap.bundle.min.js responded 304 in 0.1376 ms
[15:40:27 INF] HTTP GET /js/site.js responded 304 in 2.2780 ms
[15:40:27 INF] HTTP GET /Biktal.WebMVC.styles.css responded 304 in 0.1037 ms
[15:40:27 INF] HTTP GET /lib/jquery/dist/jquery.min.js responded 304 in 0.0973 ms
[15:40:27 INF] HTTP GET /js/pos.js responded 304 in 0.4229 ms
[15:40:36 INF] HTTP POST /Pos/CompleteSale responded 200 in 115.8859 ms
[15:41:54 INF] HTTP GET /Inventory/Products responded 200 in 74.4809 ms
[15:41:54 INF] HTTP GET /css/site.css responded 304 in 0.1041 ms
[15:41:54 INF] HTTP GET /Biktal.WebMVC.styles.css responded 304 in 0.1996 ms
[15:41:54 INF] HTTP GET /lib/bootstrap/dist/css/bootstrap.min.css responded 200 in 1.0366 ms
[15:41:55 INF] HTTP GET /lib/jquery/dist/jquery.min.js responded 304 in 0.0859 ms
[15:41:55 INF] HTTP GET /js/site.js responded 304 in 0.1319 ms
[15:41:55 INF] HTTP GET /lib/bootstrap/dist/js/bootstrap.bundle.min.js responded 304 in 0.0802 ms
[15:41:55 INF] HTTP GET /lib/jquery-validation-unobtrusive/dist/jquery.validate.unobtrusive.min.js responded 304 in 0.1878 ms
[15:41:55 INF] HTTP GET /lib/jquery-validation/dist/jquery.validate.min.js responded 304 in 0.1248 ms
[15:41:55 INF] HTTP GET /js/products-catalog-filter.js responded 304 in 0.1215 ms
[15:42:00 INF] HTTP GET /Inventory/Products responded 200 in 105.1977 ms
[15:42:01 INF] HTTP GET /css/site.css responded 304 in 0.1169 ms
[15:42:01 INF] HTTP GET /Biktal.WebMVC.styles.css responded 304 in 0.0921 ms
[15:42:01 INF] HTTP GET /lib/bootstrap/dist/css/bootstrap.min.css responded 304 in 0.1082 ms
[15:42:01 INF] HTTP GET /lib/jquery/dist/jquery.min.js responded 304 in 0.0863 ms
[15:42:01 INF] HTTP GET /lib/bootstrap/dist/js/bootstrap.bundle.min.js responded 304 in 0.1156 ms
[15:42:01 INF] HTTP GET /js/site.js responded 304 in 0.1038 ms
[15:42:01 INF] HTTP GET /lib/jquery-validation-unobtrusive/dist/jquery.validate.unobtrusive.min.js responded 304 in 0.1244 ms
[15:42:01 INF] HTTP GET /js/products-catalog-filter.js responded 304 in 0.1914 ms
[15:42:01 INF] HTTP GET /lib/jquery-validation/dist/jquery.validate.min.js responded 304 in 0.1202 ms
[15:42:06 INF] HTTP POST /Inventory/EditProduct responded 302 in 20.0408 ms
[15:42:06 INF] HTTP GET /Inventory/Products responded 200 in 90.1778 ms
[15:42:06 INF] HTTP GET /lib/bootstrap/dist/css/bootstrap.min.css responded 304 in 0.1384 ms
[15:42:06 INF] HTTP GET /css/site.css responded 304 in 0.0974 ms
[15:42:06 INF] HTTP GET /Biktal.WebMVC.styles.css responded 304 in 0.1097 ms
[15:42:08 INF] HTTP GET /lib/jquery/dist/jquery.min.js responded 304 in 0.0862 ms
[15:42:08 INF] HTTP GET /lib/bootstrap/dist/js/bootstrap.bundle.min.js responded 304 in 0.2861 ms
[15:42:08 INF] HTTP GET /js/site.js responded 304 in 0.3173 ms
[15:42:08 INF] HTTP GET /lib/jquery-validation/dist/jquery.validate.min.js responded 304 in 0.1237 ms
[15:42:08 INF] HTTP GET /lib/jquery-validation-unobtrusive/dist/jquery.validate.unobtrusive.min.js responded 304 in 0.1142 ms
[15:42:08 INF] HTTP GET /js/products-catalog-filter.js responded 304 in 0.1477 ms
[15:42:08 INF] HTTP GET / responded 200 in 20.2490 ms
[15:42:08 INF] HTTP GET /lib/bootstrap/dist/css/bootstrap.min.css responded 304 in 9.4489 ms
[15:42:08 INF] HTTP GET /css/site.css responded 304 in 0.4977 ms
[15:42:08 INF] HTTP GET /Biktal.WebMVC.styles.css responded 304 in 0.5625 ms
[15:42:08 INF] HTTP GET /lib/jquery/dist/jquery.min.js responded 200 in 1.9750 ms
[15:42:08 INF] HTTP GET /lib/bootstrap/dist/js/bootstrap.bundle.min.js responded 200 in 4.2474 ms
[15:42:08 INF] HTTP GET /js/site.js responded 200 in 0.5744 ms
[15:42:08 INF] HTTP GET /js/pos.js responded 304 in 0.1108 ms
[15:42:46 INF] HTTP POST /Pos/CompleteSale responded 200 in 28.4344 ms
[15:43:00 INF] HTTP GET /Inventory/Products responded 200 in 73.2185 ms
[15:43:00 INF] HTTP GET /lib/bootstrap/dist/css/bootstrap.min.css responded 200 in 0.7465 ms
[15:43:00 INF] HTTP GET /Biktal.WebMVC.styles.css responded 304 in 0.1949 ms
[15:43:00 INF] HTTP GET /css/site.css responded 304 in 0.2178 ms
[15:43:01 INF] HTTP GET /lib/jquery/dist/jquery.min.js responded 304 in 0.0842 ms
[15:43:01 INF] HTTP GET /js/site.js responded 304 in 0.0708 ms
[15:43:01 INF] HTTP GET /lib/bootstrap/dist/js/bootstrap.bundle.min.js responded 304 in 0.1256 ms
[15:43:01 INF] HTTP GET /lib/jquery-validation-unobtrusive/dist/jquery.validate.unobtrusive.min.js responded 200 in 1.6297 ms
[15:43:01 INF] HTTP GET /lib/jquery-validation/dist/jquery.validate.min.js responded 200 in 2.9467 ms
[15:43:01 INF] HTTP GET /js/products-catalog-filter.js responded 200 in 0.6467 ms
[15:43:06 INF] HTTP GET /Inventory/Products responded 200 in 89.1725 ms
[15:43:06 INF] HTTP GET /lib/bootstrap/dist/css/bootstrap.min.css responded 304 in 0.7891 ms
[15:43:06 INF] HTTP GET /css/site.css responded 304 in 1.9091 ms
[15:43:06 INF] HTTP GET /Biktal.WebMVC.styles.css responded 304 in 0.1607 ms
[15:43:06 INF] HTTP GET /lib/jquery/dist/jquery.min.js responded 304 in 0.0891 ms
[15:43:06 INF] HTTP GET /lib/bootstrap/dist/js/bootstrap.bundle.min.js responded 304 in 0.4442 ms
[15:43:06 INF] HTTP GET /lib/jquery-validation-unobtrusive/dist/jquery.validate.unobtrusive.min.js responded 304 in 0.0637 ms
[15:43:06 INF] HTTP GET /js/site.js responded 304 in 0.0851 ms
[15:43:06 INF] HTTP GET /lib/jquery-validation/dist/jquery.validate.min.js responded 304 in 0.2302 ms
[15:43:06 INF] HTTP GET /js/products-catalog-filter.js responded 304 in 0.1270 ms
[15:45:06 INF] HTTP POST /Inventory/EditProduct responded 302 in 22.4832 ms
[15:45:06 INF] HTTP GET /Inventory/Products responded 200 in 109.7685 ms
[15:45:06 INF] HTTP GET /css/site.css responded 200 in 0.6992 ms
[15:45:06 INF] HTTP GET /lib/bootstrap/dist/css/bootstrap.min.css responded 200 in 1.1298 ms
[15:45:06 INF] HTTP GET /Biktal.WebMVC.styles.css responded 200 in 1.0670 ms
[15:45:07 INF] HTTP GET /lib/jquery/dist/jquery.min.js responded 200 in 0.4788 ms
[15:45:07 INF] HTTP GET /js/site.js responded 200 in 0.4872 ms
[15:45:07 INF] HTTP GET /lib/bootstrap/dist/js/bootstrap.bundle.min.js responded 200 in 0.5210 ms
[15:45:07 INF] HTTP GET /lib/jquery-validation/dist/jquery.validate.min.js responded 200 in 0.7268 ms
[15:45:07 INF] HTTP GET /js/products-catalog-filter.js responded 200 in 5.2852 ms
[15:45:07 INF] HTTP GET /lib/jquery-validation-unobtrusive/dist/jquery.validate.unobtrusive.min.js responded 200 in 1.9151 ms
[15:45:07 INF] HTTP GET / responded 200 in 17.9481 ms
[15:45:08 INF] HTTP GET /lib/bootstrap/dist/css/bootstrap.min.css responded 304 in 0.1497 ms
[15:45:08 INF] HTTP GET /Biktal.WebMVC.styles.css responded 304 in 0.1518 ms
[15:45:08 INF] HTTP GET /css/site.css responded 304 in 0.1438 ms
[15:45:08 INF] HTTP GET /lib/jquery/dist/jquery.min.js responded 200 in 2.6775 ms
[15:45:08 INF] HTTP GET /lib/bootstrap/dist/js/bootstrap.bundle.min.js responded 200 in 0.8519 ms
[15:45:08 INF] HTTP GET /js/site.js responded 200 in 2.3138 ms
[15:45:08 INF] HTTP GET /js/pos.js responded 200 in 5.1706 ms
[15:45:14 INF] HTTP POST /Pos/CompleteSale responded 200 in 27.8096 ms
[15:45:41 INF] HTTP GET /Inventory/Products responded 200 in 136.3535 ms
[15:45:41 INF] HTTP GET /Biktal.WebMVC.styles.css responded 304 in 0.1023 ms
[15:45:41 INF] HTTP GET /css/site.css responded 304 in 0.1293 ms
[15:45:41 INF] HTTP GET /lib/bootstrap/dist/css/bootstrap.min.css responded 200 in 1.2336 ms
[15:45:42 INF] HTTP GET /lib/jquery/dist/jquery.min.js responded 304 in 0.0827 ms
[15:45:42 INF] HTTP GET /lib/bootstrap/dist/js/bootstrap.bundle.min.js responded 304 in 0.9258 ms
[15:45:42 INF] HTTP GET /js/site.js responded 304 in 0.2542 ms
[15:45:42 INF] HTTP GET /lib/jquery-validation/dist/jquery.validate.min.js responded 200 in 0.4619 ms
[15:45:42 INF] HTTP GET /lib/jquery-validation-unobtrusive/dist/jquery.validate.unobtrusive.min.js responded 200 in 0.4382 ms
[15:45:42 INF] HTTP GET /js/products-catalog-filter.js responded 200 in 0.6150 ms
[15:45:49 INF] HTTP GET /Inventory/Products responded 200 in 76.1017 ms
[15:45:49 INF] HTTP GET /css/site.css responded 304 in 0.0962 ms
[15:45:49 INF] HTTP GET /Biktal.WebMVC.styles.css responded 304 in 0.0657 ms
[15:45:49 INF] HTTP GET /lib/bootstrap/dist/css/bootstrap.min.css responded 304 in 0.0634 ms
[15:45:49 INF] HTTP GET /lib/jquery/dist/jquery.min.js responded 304 in 0.3736 ms
[15:45:50 INF] HTTP GET /lib/bootstrap/dist/js/bootstrap.bundle.min.js responded 304 in 0.1177 ms
[15:45:50 INF] HTTP GET /js/site.js responded 304 in 0.1819 ms
[15:45:50 INF] HTTP GET /lib/jquery-validation/dist/jquery.validate.min.js responded 304 in 0.7442 ms
[15:45:50 INF] HTTP GET /lib/jquery-validation-unobtrusive/dist/jquery.validate.unobtrusive.min.js responded 304 in 0.1261 ms
[15:45:50 INF] HTTP GET /js/products-catalog-filter.js responded 304 in 0.1209 ms
[15:46:12 INF] HTTP POST /Inventory/EditProduct responded 302 in 17.4017 ms
[15:46:12 INF] HTTP GET /Inventory/Products responded 200 in 79.2810 ms
[15:46:12 INF] HTTP GET /css/site.css responded 304 in 0.0735 ms
[15:46:12 INF] HTTP GET /lib/bootstrap/dist/css/bootstrap.min.css responded 200 in 1.2599 ms
[15:46:12 INF] HTTP GET /Biktal.WebMVC.styles.css responded 304 in 0.1190 ms
[15:46:13 INF] HTTP GET /lib/jquery/dist/jquery.min.js responded 304 in 0.0843 ms
[15:46:13 INF] HTTP GET /js/site.js responded 304 in 0.0854 ms
[15:46:13 INF] HTTP GET /lib/bootstrap/dist/js/bootstrap.bundle.min.js responded 304 in 0.1153 ms
[15:46:13 INF] HTTP GET /lib/jquery-validation/dist/jquery.validate.min.js responded 304 in 0.0794 ms
[15:46:13 INF] HTTP GET /lib/jquery-validation-unobtrusive/dist/jquery.validate.unobtrusive.min.js responded 304 in 0.3988 ms
[15:46:13 INF] HTTP GET /js/products-catalog-filter.js responded 304 in 0.1180 ms
[15:46:13 INF] HTTP GET / responded 200 in 48.0381 ms
[15:46:14 INF] HTTP GET /lib/bootstrap/dist/css/bootstrap.min.css responded 304 in 0.3779 ms
[15:46:14 INF] HTTP GET /css/site.css responded 304 in 0.2497 ms
[15:46:14 INF] HTTP GET /Biktal.WebMVC.styles.css responded 304 in 0.1366 ms
[15:46:14 INF] HTTP GET /lib/bootstrap/dist/js/bootstrap.bundle.min.js responded 200 in 0.6354 ms
[15:46:14 INF] HTTP GET /lib/jquery/dist/jquery.min.js responded 304 in 0.2071 ms
[15:46:14 INF] HTTP GET /js/site.js responded 200 in 0.4596 ms
[15:46:14 INF] HTTP GET /js/pos.js responded 304 in 0.0770 ms
[15:56:28 INF] HTTP GET /Inventory/Products responded 200 in 151.2766 ms
[15:56:28 INF] HTTP GET /lib/bootstrap/dist/css/bootstrap.min.css responded 200 in 18.4348 ms
[15:56:28 INF] HTTP GET /css/site.css responded 200 in 1.4128 ms
[15:56:28 INF] HTTP GET /Biktal.WebMVC.styles.css responded 200 in 0.4817 ms
[15:56:29 INF] HTTP GET /lib/jquery/dist/jquery.min.js responded 200 in 0.4843 ms
[15:56:29 INF] HTTP GET /js/site.js responded 200 in 0.4513 ms
[15:56:29 INF] HTTP GET /lib/bootstrap/dist/js/bootstrap.bundle.min.js responded 200 in 0.5831 ms
[15:56:29 INF] HTTP GET /lib/jquery-validation/dist/jquery.validate.min.js responded 200 in 0.7557 ms
[15:56:29 INF] HTTP GET /lib/jquery-validation-unobtrusive/dist/jquery.validate.unobtrusive.min.js responded 200 in 1.3063 ms
[15:56:29 INF] HTTP GET /js/products-catalog-filter.js responded 200 in 0.5562 ms
[15:56:33 INF] HTTP GET /Inventory/Products responded 200 in 66.6897 ms
[15:56:33 INF] HTTP GET /lib/bootstrap/dist/css/bootstrap.min.css responded 304 in 0.1170 ms
[15:56:33 INF] HTTP GET /Biktal.WebMVC.styles.css responded 304 in 0.1036 ms
[15:56:33 INF] HTTP GET /css/site.css responded 304 in 0.2152 ms
[15:56:34 INF] HTTP GET /lib/jquery/dist/jquery.min.js responded 304 in 0.0829 ms
[15:56:34 INF] HTTP GET /lib/bootstrap/dist/js/bootstrap.bundle.min.js responded 304 in 0.1489 ms
[15:56:34 INF] HTTP GET /js/site.js responded 304 in 0.1327 ms
[15:56:34 INF] HTTP GET /lib/jquery-validation/dist/jquery.validate.min.js responded 304 in 0.1942 ms
[15:56:34 INF] HTTP GET /lib/jquery-validation-unobtrusive/dist/jquery.validate.unobtrusive.min.js responded 304 in 0.5271 ms
[15:56:34 INF] HTTP GET /js/products-catalog-filter.js responded 304 in 1.7948 ms
[15:56:42 INF] HTTP POST /Inventory/EditProduct responded 302 in 17.9144 ms
[15:56:43 INF] HTTP GET /Inventory/Products responded 200 in 72.4813 ms
[15:56:43 INF] HTTP GET /lib/bootstrap/dist/css/bootstrap.min.css responded 304 in 0.1272 ms
[15:56:43 INF] HTTP GET /css/site.css responded 304 in 0.1577 ms
[15:56:43 INF] HTTP GET /Biktal.WebMVC.styles.css responded 304 in 0.0789 ms
[15:56:43 INF] HTTP GET /lib/jquery/dist/jquery.min.js responded 304 in 0.0892 ms
[15:56:44 INF] HTTP GET /lib/bootstrap/dist/js/bootstrap.bundle.min.js responded 304 in 0.2536 ms
[15:56:44 INF] HTTP GET /js/site.js responded 304 in 0.1479 ms
[15:56:44 INF] HTTP GET /lib/jquery-validation/dist/jquery.validate.min.js responded 304 in 0.1058 ms
[15:56:44 INF] HTTP GET /lib/jquery-validation-unobtrusive/dist/jquery.validate.unobtrusive.min.js responded 304 in 0.0604 ms
[15:56:44 INF] HTTP GET /js/products-catalog-filter.js responded 304 in 0.1118 ms
[15:56:45 INF] HTTP GET / responded 200 in 31.1527 ms
[15:56:45 INF] HTTP GET /css/site.css responded 304 in 0.8288 ms
[15:56:45 INF] HTTP GET /lib/jquery/dist/jquery.min.js responded 304 in 0.1439 ms
[15:56:45 INF] HTTP GET /lib/bootstrap/dist/js/bootstrap.bundle.min.js responded 304 in 0.4959 ms
[15:56:45 INF] HTTP GET /js/site.js responded 304 in 0.1387 ms
[15:56:45 INF] HTTP GET /lib/bootstrap/dist/css/bootstrap.min.css responded 304 in 0.1791 ms
[15:56:45 INF] HTTP GET /Biktal.WebMVC.styles.css responded 304 in 1.6246 ms
[15:56:45 INF] HTTP GET /js/pos.js responded 200 in 0.5193 ms
[15:57:22 INF] HTTP GET /Inventory/Products responded 200 in 65.2850 ms
[15:57:22 INF] HTTP GET /Biktal.WebMVC.styles.css responded 304 in 0.1383 ms
[15:57:22 INF] HTTP GET /lib/bootstrap/dist/css/bootstrap.min.css responded 200 in 6.0022 ms
[15:57:22 INF] HTTP GET /css/site.css responded 304 in 0.1196 ms
[15:57:23 INF] HTTP GET /lib/jquery/dist/jquery.min.js responded 304 in 0.0849 ms
[15:57:23 INF] HTTP GET /lib/bootstrap/dist/js/bootstrap.bundle.min.js responded 304 in 0.2057 ms
[15:57:23 INF] HTTP GET /js/site.js responded 304 in 0.1192 ms
[15:57:23 INF] HTTP GET /lib/jquery-validation/dist/jquery.validate.min.js responded 304 in 0.0563 ms
[15:57:23 INF] HTTP GET /lib/jquery-validation-unobtrusive/dist/jquery.validate.unobtrusive.min.js responded 304 in 0.1471 ms
[15:57:23 INF] HTTP GET /js/products-catalog-filter.js responded 304 in 0.1098 ms
[15:57:27 INF] HTTP GET /Inventory/Products responded 200 in 79.4827 ms
[15:57:27 INF] HTTP GET /lib/bootstrap/dist/css/bootstrap.min.css responded 304 in 0.9555 ms
[15:57:27 INF] HTTP GET /css/site.css responded 304 in 0.1177 ms
[15:57:27 INF] HTTP GET /Biktal.WebMVC.styles.css responded 304 in 1.7696 ms
[15:57:28 INF] HTTP GET /lib/jquery/dist/jquery.min.js responded 304 in 0.1007 ms
[15:57:28 INF] HTTP GET /lib/bootstrap/dist/js/bootstrap.bundle.min.js responded 304 in 0.1144 ms
[15:57:28 INF] HTTP GET /js/site.js responded 304 in 0.1255 ms
[15:57:28 INF] HTTP GET /lib/jquery-validation/dist/jquery.validate.min.js responded 304 in 0.0874 ms
[15:57:28 INF] HTTP GET /lib/jquery-validation-unobtrusive/dist/jquery.validate.unobtrusive.min.js responded 304 in 0.0946 ms
[15:57:28 INF] HTTP GET /js/products-catalog-filter.js responded 304 in 0.0569 ms
[15:57:40 INF] HTTP POST /Inventory/EditProduct responded 302 in 13.1518 ms
[15:57:40 INF] HTTP GET /Inventory/Products responded 200 in 87.9265 ms
[15:57:40 INF] HTTP GET /css/site.css responded 304 in 0.1029 ms
[15:57:40 INF] HTTP GET /Biktal.WebMVC.styles.css responded 304 in 0.1063 ms
[15:57:40 INF] HTTP GET /lib/bootstrap/dist/css/bootstrap.min.css responded 304 in 0.0614 ms
[15:57:41 INF] HTTP GET /lib/jquery/dist/jquery.min.js responded 304 in 0.0789 ms
[15:57:41 INF] HTTP GET /lib/bootstrap/dist/js/bootstrap.bundle.min.js responded 304 in 0.1266 ms
[15:57:41 INF] HTTP GET /js/site.js responded 304 in 0.0617 ms
[15:57:41 INF] HTTP GET /lib/jquery-validation/dist/jquery.validate.min.js responded 304 in 0.0894 ms
[15:57:41 INF] HTTP GET /js/products-catalog-filter.js responded 304 in 0.1187 ms
[15:57:41 INF] HTTP GET /lib/jquery-validation-unobtrusive/dist/jquery.validate.unobtrusive.min.js responded 304 in 0.5430 ms
[15:57:44 INF] HTTP GET / responded 200 in 20.2421 ms
[15:57:44 INF] HTTP GET /lib/bootstrap/dist/css/bootstrap.min.css responded 304 in 0.1370 ms
[15:57:44 INF] HTTP GET /Biktal.WebMVC.styles.css responded 304 in 0.7865 ms
[15:57:44 INF] HTTP GET /lib/bootstrap/dist/js/bootstrap.bundle.min.js responded 304 in 0.1004 ms
[15:57:44 INF] HTTP GET /lib/jquery/dist/jquery.min.js responded 304 in 0.1005 ms
[15:57:44 INF] HTTP GET /js/site.js responded 304 in 0.0931 ms
[15:57:44 INF] HTTP GET /css/site.css responded 304 in 0.0580 ms
[15:57:44 INF] HTTP GET /js/pos.js responded 304 in 0.2656 ms
[15:57:57 INF] HTTP GET /Inventory/Products responded 200 in 61.8653 ms
[15:57:57 INF] HTTP GET /lib/bootstrap/dist/css/bootstrap.min.css responded 304 in 0.1435 ms
[15:57:57 INF] HTTP GET /Biktal.WebMVC.styles.css responded 304 in 0.0630 ms
[15:57:57 INF] HTTP GET /css/site.css responded 304 in 0.1321 ms
[15:57:58 INF] HTTP GET /lib/jquery/dist/jquery.min.js responded 304 in 0.0806 ms
[15:57:58 INF] HTTP GET /lib/bootstrap/dist/js/bootstrap.bundle.min.js responded 304 in 0.1019 ms
[15:57:58 INF] HTTP GET /js/site.js responded 304 in 0.1151 ms
[15:57:58 INF] HTTP GET /lib/jquery-validation/dist/jquery.validate.min.js responded 304 in 0.2224 ms
[15:57:58 INF] HTTP GET /lib/jquery-validation-unobtrusive/dist/jquery.validate.unobtrusive.min.js responded 304 in 0.1172 ms
[15:57:58 INF] HTTP GET /js/products-catalog-filter.js responded 304 in 0.1568 ms
[15:58:08 INF] HTTP GET /Inventory/Products responded 200 in 59.3866 ms
[15:58:08 INF] HTTP GET /lib/bootstrap/dist/css/bootstrap.min.css responded 200 in 1.6543 ms
[15:58:08 INF] HTTP GET /Biktal.WebMVC.styles.css responded 304 in 0.1105 ms
[15:58:08 INF] HTTP GET /css/site.css responded 304 in 0.1256 ms
[15:58:09 INF] HTTP GET /lib/jquery/dist/jquery.min.js responded 304 in 0.0775 ms
[15:58:09 INF] HTTP GET /lib/bootstrap/dist/js/bootstrap.bundle.min.js responded 304 in 0.1160 ms
[15:58:09 INF] HTTP GET /js/site.js responded 304 in 0.0800 ms
[15:58:09 INF] HTTP GET /lib/jquery-validation/dist/jquery.validate.min.js responded 304 in 0.1231 ms
[15:58:09 INF] HTTP GET /lib/jquery-validation-unobtrusive/dist/jquery.validate.unobtrusive.min.js responded 304 in 0.0922 ms
[15:58:09 INF] HTTP GET /js/products-catalog-filter.js responded 304 in 0.1206 ms
[15:58:14 INF] HTTP POST /Inventory/EditProduct responded 302 in 15.8440 ms
[15:58:14 INF] HTTP GET /Inventory/Products responded 200 in 88.7725 ms
[15:58:15 INF] HTTP GET /lib/bootstrap/dist/css/bootstrap.min.css responded 304 in 0.1268 ms
[15:58:15 INF] HTTP GET /Biktal.WebMVC.styles.css responded 304 in 0.0601 ms
[15:58:15 INF] HTTP GET /css/site.css responded 304 in 0.2035 ms
[15:58:15 INF] HTTP GET /lib/jquery/dist/jquery.min.js responded 304 in 0.0843 ms
[15:58:15 INF] HTTP GET /lib/bootstrap/dist/js/bootstrap.bundle.min.js responded 304 in 0.1174 ms
[15:58:15 INF] HTTP GET /js/site.js responded 304 in 0.0540 ms
[15:58:15 INF] HTTP GET /lib/jquery-validation/dist/jquery.validate.min.js responded 304 in 0.2263 ms
[15:58:15 INF] HTTP GET /lib/jquery-validation-unobtrusive/dist/jquery.validate.unobtrusive.min.js responded 304 in 0.1201 ms
[15:58:15 INF] HTTP GET /js/products-catalog-filter.js responded 304 in 0.1001 ms
[15:58:16 INF] HTTP GET / responded 200 in 19.7675 ms
[15:58:16 INF] HTTP GET /css/site.css responded 304 in 0.1283 ms
[15:58:16 INF] HTTP GET /Biktal.WebMVC.styles.css responded 304 in 0.1018 ms
[15:58:16 INF] HTTP GET /lib/bootstrap/dist/css/bootstrap.min.css responded 304 in 0.1149 ms
[15:58:16 INF] HTTP GET /lib/jquery/dist/jquery.min.js responded 304 in 0.1226 ms
[15:58:16 INF] HTTP GET /js/site.js responded 304 in 0.0809 ms
[15:58:16 INF] HTTP GET /lib/bootstrap/dist/js/bootstrap.bundle.min.js responded 304 in 0.0939 ms
[15:58:16 INF] HTTP GET /js/pos.js responded 304 in 0.0589 ms
[15:58:25 INF] HTTP GET /Inventory/Products responded 200 in 48.4396 ms
[15:58:25 INF] HTTP GET /lib/bootstrap/dist/css/bootstrap.min.css responded 200 in 0.7630 ms
[15:58:25 INF] HTTP GET /css/site.css responded 304 in 0.1259 ms
[15:58:25 INF] HTTP GET /Biktal.WebMVC.styles.css responded 304 in 0.0966 ms
[15:58:26 INF] HTTP GET /lib/jquery/dist/jquery.min.js responded 304 in 0.0829 ms
[15:58:26 INF] HTTP GET /lib/bootstrap/dist/js/bootstrap.bundle.min.js responded 304 in 0.1912 ms
[15:58:26 INF] HTTP GET /js/site.js responded 304 in 0.1297 ms
[15:58:26 INF] HTTP GET /lib/jquery-validation/dist/jquery.validate.min.js responded 304 in 0.1141 ms
[15:58:26 INF] HTTP GET /lib/jquery-validation-unobtrusive/dist/jquery.validate.unobtrusive.min.js responded 304 in 0.4347 ms
[15:58:26 INF] HTTP GET /js/products-catalog-filter.js responded 304 in 0.6277 ms
[15:58:36 INF] HTTP GET /Inventory/Products responded 200 in 59.2834 ms
[15:58:36 INF] HTTP GET /lib/bootstrap/dist/css/bootstrap.min.css responded 304 in 0.1470 ms
[15:58:36 INF] HTTP GET /Biktal.WebMVC.styles.css responded 304 in 0.1079 ms
[15:58:36 INF] HTTP GET /css/site.css responded 304 in 0.1449 ms
[15:58:37 INF] HTTP GET /lib/jquery/dist/jquery.min.js responded 304 in 0.0830 ms
[15:58:37 INF] HTTP GET /lib/bootstrap/dist/js/bootstrap.bundle.min.js responded 304 in 0.1229 ms
[15:58:37 INF] HTTP GET /js/site.js responded 304 in 0.5504 ms
[15:58:37 INF] HTTP GET /lib/jquery-validation/dist/jquery.validate.min.js responded 304 in 0.1272 ms
[15:58:37 INF] HTTP GET /lib/jquery-validation-unobtrusive/dist/jquery.validate.unobtrusive.min.js responded 304 in 0.4848 ms
[15:58:37 INF] HTTP GET /js/products-catalog-filter.js responded 304 in 0.1206 ms
[15:58:44 INF] HTTP POST /Inventory/EditProduct responded 302 in 10.7853 ms
[15:58:44 INF] HTTP GET /Inventory/Products responded 200 in 189.3291 ms
[15:58:44 INF] HTTP GET /css/site.css responded 304 in 0.0732 ms
[15:58:44 INF] HTTP GET /lib/bootstrap/dist/css/bootstrap.min.css responded 304 in 0.1040 ms
[15:58:44 INF] HTTP GET /Biktal.WebMVC.styles.css responded 304 in 0.1891 ms
[15:58:45 INF] HTTP GET /lib/jquery/dist/jquery.min.js responded 304 in 0.0976 ms
[15:58:45 INF] HTTP GET /lib/bootstrap/dist/js/bootstrap.bundle.min.js responded 304 in 0.0982 ms
[15:58:45 INF] HTTP GET /js/site.js responded 304 in 0.0770 ms
[15:58:45 INF] HTTP GET /lib/jquery-validation-unobtrusive/dist/jquery.validate.unobtrusive.min.js responded 304 in 0.0739 ms
[15:58:45 INF] HTTP GET /lib/jquery-validation/dist/jquery.validate.min.js responded 304 in 0.1035 ms
[15:58:45 INF] HTTP GET /js/products-catalog-filter.js responded 304 in 0.0758 ms
[15:58:46 INF] HTTP GET / responded 200 in 18.7580 ms
[15:58:46 INF] HTTP GET /lib/bootstrap/dist/css/bootstrap.min.css responded 304 in 0.1227 ms
[15:58:46 INF] HTTP GET /Biktal.WebMVC.styles.css responded 304 in 0.1170 ms
[15:58:46 INF] HTTP GET /css/site.css responded 304 in 0.1100 ms
[15:58:46 INF] HTTP GET /lib/jquery/dist/jquery.min.js responded 304 in 0.0691 ms
[15:58:46 INF] HTTP GET /js/pos.js responded 304 in 0.0591 ms
[15:58:46 INF] HTTP GET /lib/bootstrap/dist/js/bootstrap.bundle.min.js responded 304 in 0.0767 ms
[15:58:46 INF] HTTP GET /js/site.js responded 304 in 0.1105 ms
[15:58:59 INF] HTTP GET /Inventory/Products responded 200 in 53.4117 ms
[15:59:00 INF] HTTP GET /lib/bootstrap/dist/css/bootstrap.min.css responded 200 in 0.6587 ms
[15:59:00 INF] HTTP GET /css/site.css responded 304 in 0.1138 ms
[15:59:00 INF] HTTP GET /Biktal.WebMVC.styles.css responded 304 in 0.1300 ms
[15:59:00 INF] HTTP GET /lib/jquery/dist/jquery.min.js responded 304 in 0.0858 ms
[15:59:00 INF] HTTP GET /js/site.js responded 304 in 0.1040 ms
[15:59:00 INF] HTTP GET /lib/bootstrap/dist/js/bootstrap.bundle.min.js responded 304 in 0.1040 ms
[15:59:00 INF] HTTP GET /lib/jquery-validation/dist/jquery.validate.min.js responded 304 in 0.1131 ms
[15:59:00 INF] HTTP GET /lib/jquery-validation-unobtrusive/dist/jquery.validate.unobtrusive.min.js responded 304 in 0.2049 ms
[15:59:00 INF] HTTP GET /js/products-catalog-filter.js responded 304 in 0.1219 ms
[15:59:13 INF] HTTP GET /Inventory/Products responded 200 in 60.1424 ms
[15:59:13 INF] HTTP GET /lib/bootstrap/dist/css/bootstrap.min.css responded 200 in 1.6307 ms
[15:59:13 INF] HTTP GET /Biktal.WebMVC.styles.css responded 304 in 0.0508 ms
[15:59:13 INF] HTTP GET /css/site.css responded 304 in 0.1209 ms
[15:59:14 INF] HTTP GET /lib/jquery/dist/jquery.min.js responded 304 in 0.1325 ms
[15:59:14 INF] HTTP GET /lib/bootstrap/dist/js/bootstrap.bundle.min.js responded 304 in 0.1578 ms
[15:59:14 INF] HTTP GET /js/site.js responded 304 in 0.0582 ms
[15:59:14 INF] HTTP GET /lib/jquery-validation/dist/jquery.validate.min.js responded 304 in 0.0891 ms
[15:59:14 INF] HTTP GET /lib/jquery-validation-unobtrusive/dist/jquery.validate.unobtrusive.min.js responded 304 in 0.1142 ms
[15:59:14 INF] HTTP GET /js/products-catalog-filter.js responded 304 in 0.1127 ms
[15:59:21 INF] HTTP POST /Inventory/EditProduct responded 302 in 12.5917 ms
[15:59:21 INF] HTTP GET /Inventory/Products responded 200 in 66.7808 ms
[15:59:21 INF] HTTP GET /lib/bootstrap/dist/css/bootstrap.min.css responded 304 in 0.3622 ms
[15:59:21 INF] HTTP GET /css/site.css responded 304 in 0.2243 ms
[15:59:21 INF] HTTP GET /Biktal.WebMVC.styles.css responded 304 in 0.1764 ms
[15:59:22 INF] HTTP GET /lib/jquery/dist/jquery.min.js responded 304 in 0.0838 ms
[15:59:22 INF] HTTP GET /lib/bootstrap/dist/js/bootstrap.bundle.min.js responded 304 in 0.2003 ms
[15:59:22 INF] HTTP GET /js/site.js responded 304 in 0.1189 ms
[15:59:22 INF] HTTP GET /lib/jquery-validation/dist/jquery.validate.min.js responded 304 in 0.4487 ms
[15:59:22 INF] HTTP GET /lib/jquery-validation-unobtrusive/dist/jquery.validate.unobtrusive.min.js responded 304 in 0.1061 ms
[15:59:22 INF] HTTP GET /js/products-catalog-filter.js responded 304 in 0.1255 ms
[15:59:23 INF] HTTP GET / responded 200 in 24.7703 ms
[15:59:23 INF] HTTP GET /lib/bootstrap/dist/css/bootstrap.min.css responded 304 in 0.1125 ms
[15:59:23 INF] HTTP GET /css/site.css responded 304 in 0.2386 ms
[15:59:23 INF] HTTP GET /Biktal.WebMVC.styles.css responded 304 in 0.1140 ms
[15:59:23 INF] HTTP GET /lib/jquery/dist/jquery.min.js responded 304 in 0.1261 ms
[15:59:23 INF] HTTP GET /js/pos.js responded 304 in 0.1141 ms
[15:59:23 INF] HTTP GET /lib/bootstrap/dist/js/bootstrap.bundle.min.js responded 304 in 0.1262 ms
[15:59:23 INF] HTTP GET /js/site.js responded 304 in 0.1123 ms
[15:59:31 INF] HTTP GET /Inventory/Products responded 200 in 54.6587 ms
[15:59:31 INF] HTTP GET /Biktal.WebMVC.styles.css responded 304 in 0.1368 ms
[15:59:31 INF] HTTP GET /lib/bootstrap/dist/css/bootstrap.min.css responded 200 in 0.9537 ms
[15:59:31 INF] HTTP GET /css/site.css responded 304 in 1.4442 ms
[15:59:32 INF] HTTP GET /lib/jquery/dist/jquery.min.js responded 304 in 0.1056 ms
[15:59:32 INF] HTTP GET /lib/bootstrap/dist/js/bootstrap.bundle.min.js responded 304 in 0.2437 ms
[15:59:32 INF] HTTP GET /js/site.js responded 304 in 1.1228 ms
[15:59:32 INF] HTTP GET /lib/jquery-validation/dist/jquery.validate.min.js responded 304 in 0.3031 ms
[15:59:32 INF] HTTP GET /lib/jquery-validation-unobtrusive/dist/jquery.validate.unobtrusive.min.js responded 304 in 0.0873 ms
[15:59:32 INF] HTTP GET /js/products-catalog-filter.js responded 304 in 0.1447 ms
[15:59:43 INF] HTTP GET /Inventory/Products responded 200 in 54.0527 ms
[15:59:43 INF] HTTP GET /lib/bootstrap/dist/css/bootstrap.min.css responded 304 in 0.1003 ms
[15:59:43 INF] HTTP GET /Biktal.WebMVC.styles.css responded 304 in 0.0949 ms
[15:59:43 INF] HTTP GET /css/site.css responded 304 in 0.2924 ms
[15:59:44 INF] HTTP GET /lib/jquery/dist/jquery.min.js responded 304 in 0.1011 ms
[15:59:44 INF] HTTP GET /lib/bootstrap/dist/js/bootstrap.bundle.min.js responded 304 in 0.1068 ms
[15:59:44 INF] HTTP GET /js/site.js responded 304 in 0.1218 ms
[15:59:44 INF] HTTP GET /lib/jquery-validation-unobtrusive/dist/jquery.validate.unobtrusive.min.js responded 304 in 0.1335 ms
[15:59:44 INF] HTTP GET /lib/jquery-validation/dist/jquery.validate.min.js responded 304 in 0.1837 ms
[15:59:44 INF] HTTP GET /js/products-catalog-filter.js responded 304 in 0.1268 ms
[15:59:49 INF] HTTP POST /Inventory/EditProduct responded 302 in 27.1130 ms
[15:59:49 INF] HTTP GET /Inventory/Products responded 200 in 62.8873 ms
[15:59:49 INF] HTTP GET /lib/bootstrap/dist/css/bootstrap.min.css responded 304 in 0.2179 ms
[15:59:49 INF] HTTP GET /css/site.css responded 304 in 0.0834 ms
[15:59:49 INF] HTTP GET /Biktal.WebMVC.styles.css responded 304 in 0.1062 ms
[15:59:50 INF] HTTP GET /lib/jquery/dist/jquery.min.js responded 304 in 0.0828 ms
[15:59:50 INF] HTTP GET /lib/bootstrap/dist/js/bootstrap.bundle.min.js responded 304 in 0.1120 ms
[15:59:50 INF] HTTP GET /lib/jquery-validation/dist/jquery.validate.min.js responded 304 in 0.0517 ms
[15:59:50 INF] HTTP GET /js/site.js responded 304 in 0.0734 ms
[15:59:50 INF] HTTP GET /lib/jquery-validation-unobtrusive/dist/jquery.validate.unobtrusive.min.js responded 304 in 0.1443 ms
[15:59:50 INF] HTTP GET /js/products-catalog-filter.js responded 304 in 0.1213 ms
[15:59:52 INF] HTTP GET / responded 200 in 23.8606 ms
[15:59:52 INF] HTTP GET /css/site.css responded 304 in 0.1103 ms
[15:59:52 INF] HTTP GET /Biktal.WebMVC.styles.css responded 304 in 0.1122 ms
[15:59:52 INF] HTTP GET /lib/jquery/dist/jquery.min.js responded 304 in 0.0691 ms
[15:59:52 INF] HTTP GET /lib/bootstrap/dist/css/bootstrap.min.css responded 304 in 0.0582 ms
[15:59:52 INF] HTTP GET /lib/bootstrap/dist/js/bootstrap.bundle.min.js responded 304 in 0.1286 ms
[15:59:52 INF] HTTP GET /js/site.js responded 304 in 0.5708 ms
[15:59:52 INF] HTTP GET /js/pos.js responded 304 in 0.2040 ms
[16:00:00 INF] HTTP GET /Inventory/Products responded 200 in 55.8553 ms
[16:00:00 INF] HTTP GET /lib/bootstrap/dist/css/bootstrap.min.css responded 304 in 0.1415 ms
[16:00:00 INF] HTTP GET /css/site.css responded 304 in 0.1367 ms
[16:00:00 INF] HTTP GET /Biktal.WebMVC.styles.css responded 304 in 0.0868 ms
[16:00:01 INF] HTTP GET /lib/jquery/dist/jquery.min.js responded 304 in 0.4143 ms
[16:00:01 INF] HTTP GET /lib/bootstrap/dist/js/bootstrap.bundle.min.js responded 304 in 0.1293 ms
[16:00:01 INF] HTTP GET /js/site.js responded 304 in 0.0840 ms
[16:00:01 INF] HTTP GET /lib/jquery-validation/dist/jquery.validate.min.js responded 304 in 0.1159 ms
[16:00:01 INF] HTTP GET /js/products-catalog-filter.js responded 304 in 0.1171 ms
[16:00:01 INF] HTTP GET /lib/jquery-validation-unobtrusive/dist/jquery.validate.unobtrusive.min.js responded 304 in 0.4753 ms
[16:00:11 INF] HTTP GET /Inventory/Products responded 200 in 158.1797 ms
[16:00:11 INF] HTTP GET /css/site.css responded 304 in 0.1833 ms
[16:00:11 INF] HTTP GET /lib/bootstrap/dist/css/bootstrap.min.css responded 200 in 5.5046 ms
[16:00:11 INF] HTTP GET /Biktal.WebMVC.styles.css responded 304 in 5.4731 ms
[16:00:12 INF] HTTP GET /lib/jquery/dist/jquery.min.js responded 304 in 0.0840 ms
[16:00:12 INF] HTTP GET /lib/bootstrap/dist/js/bootstrap.bundle.min.js responded 304 in 0.1132 ms
[16:00:12 INF] HTTP GET /js/site.js responded 304 in 0.2834 ms
[16:00:12 INF] HTTP GET /lib/jquery-validation-unobtrusive/dist/jquery.validate.unobtrusive.min.js responded 304 in 0.1206 ms
[16:00:12 INF] HTTP GET /lib/jquery-validation/dist/jquery.validate.min.js responded 304 in 0.7553 ms
[16:00:12 INF] HTTP GET /js/products-catalog-filter.js responded 304 in 0.2157 ms
[16:00:17 INF] HTTP POST /Inventory/EditProduct responded 302 in 48.7218 ms
[16:00:17 INF] HTTP GET /Inventory/Products responded 200 in 64.5897 ms
[16:00:18 INF] HTTP GET /css/site.css responded 304 in 0.2065 ms
[16:00:18 INF] HTTP GET /lib/bootstrap/dist/css/bootstrap.min.css responded 304 in 4.3334 ms
[16:00:18 INF] HTTP GET /Biktal.WebMVC.styles.css responded 304 in 0.1135 ms
[16:00:18 INF] HTTP GET /lib/jquery/dist/jquery.min.js responded 304 in 0.0907 ms
[16:00:18 INF] HTTP GET /lib/bootstrap/dist/js/bootstrap.bundle.min.js responded 304 in 0.2007 ms
[16:00:18 INF] HTTP GET /js/site.js responded 304 in 0.0686 ms
[16:00:18 INF] HTTP GET /lib/jquery-validation-unobtrusive/dist/jquery.validate.unobtrusive.min.js responded 304 in 0.0653 ms
[16:00:18 INF] HTTP GET /lib/jquery-validation/dist/jquery.validate.min.js responded 304 in 0.0732 ms
[16:00:18 INF] HTTP GET /js/products-catalog-filter.js responded 304 in 0.1474 ms
[16:00:19 INF] HTTP GET /Inventory/Products responded 200 in 63.0198 ms
[16:00:19 INF] HTTP GET /css/site.css responded 304 in 0.1923 ms
[16:00:19 INF] HTTP GET /lib/bootstrap/dist/css/bootstrap.min.css responded 304 in 0.8788 ms
[16:00:19 INF] HTTP GET /Biktal.WebMVC.styles.css responded 304 in 0.1411 ms
[16:00:20 INF] HTTP GET /lib/jquery/dist/jquery.min.js responded 304 in 0.0861 ms
[16:00:20 INF] HTTP GET /lib/bootstrap/dist/js/bootstrap.bundle.min.js responded 304 in 0.7362 ms
[16:00:20 INF] HTTP GET /js/site.js responded 304 in 0.1546 ms
[16:00:20 INF] HTTP GET /lib/jquery-validation/dist/jquery.validate.min.js responded 304 in 0.1095 ms
[16:00:20 INF] HTTP GET /lib/jquery-validation-unobtrusive/dist/jquery.validate.unobtrusive.min.js responded 304 in 0.0489 ms
[16:00:20 INF] HTTP GET /js/products-catalog-filter.js responded 304 in 0.1197 ms
[16:00:30 INF] HTTP GET /Inventory/Products responded 200 in 110.1432 ms
[16:00:31 INF] HTTP GET /css/site.css responded 304 in 0.1288 ms
[16:00:31 INF] HTTP GET /lib/bootstrap/dist/css/bootstrap.min.css responded 200 in 6.2445 ms
[16:00:31 INF] HTTP GET /Biktal.WebMVC.styles.css responded 304 in 0.1206 ms
[16:00:32 INF] HTTP GET /lib/jquery/dist/jquery.min.js responded 304 in 0.0788 ms
[16:00:32 INF] HTTP GET /lib/bootstrap/dist/js/bootstrap.bundle.min.js responded 304 in 0.1177 ms
[16:00:32 INF] HTTP GET /js/site.js responded 304 in 0.1627 ms
[16:00:32 INF] HTTP GET /lib/jquery-validation/dist/jquery.validate.min.js responded 304 in 0.1947 ms
[16:00:32 INF] HTTP GET /lib/jquery-validation-unobtrusive/dist/jquery.validate.unobtrusive.min.js responded 304 in 0.1104 ms
[16:00:32 INF] HTTP GET /js/products-catalog-filter.js responded 304 in 0.1101 ms
[16:00:38 INF] HTTP POST /Inventory/EditProduct responded 302 in 15.8599 ms
[16:00:38 INF] HTTP GET /Inventory/Products responded 200 in 89.7147 ms
[16:00:38 INF] HTTP GET /lib/bootstrap/dist/css/bootstrap.min.css responded 304 in 0.1103 ms
[16:00:38 INF] HTTP GET /Biktal.WebMVC.styles.css responded 304 in 0.2407 ms
[16:00:38 INF] HTTP GET /css/site.css responded 304 in 0.1491 ms
[16:00:39 INF] HTTP GET /lib/jquery/dist/jquery.min.js responded 304 in 0.0795 ms
[16:00:39 INF] HTTP GET /lib/bootstrap/dist/js/bootstrap.bundle.min.js responded 304 in 0.1947 ms
[16:00:39 INF] HTTP GET /js/site.js responded 304 in 0.1063 ms
[16:00:39 INF] HTTP GET /lib/jquery-validation-unobtrusive/dist/jquery.validate.unobtrusive.min.js responded 304 in 0.1407 ms
[16:00:39 INF] HTTP GET /lib/jquery-validation/dist/jquery.validate.min.js responded 304 in 0.1673 ms
[16:00:39 INF] HTTP GET /js/products-catalog-filter.js responded 304 in 0.1285 ms
[16:00:40 INF] HTTP GET / responded 200 in 26.2235 ms
[16:00:40 INF] HTTP GET /lib/bootstrap/dist/css/bootstrap.min.css responded 304 in 0.1174 ms
[16:00:40 INF] HTTP GET /lib/jquery/dist/jquery.min.js responded 304 in 0.0807 ms
[16:00:40 INF] HTTP GET /Biktal.WebMVC.styles.css responded 304 in 0.0810 ms
[16:00:40 INF] HTTP GET /css/site.css responded 304 in 0.0496 ms
[16:00:40 INF] HTTP GET /lib/bootstrap/dist/js/bootstrap.bundle.min.js responded 200 in 0.5323 ms
[16:00:40 INF] HTTP GET /js/site.js responded 200 in 1.0945 ms
[16:00:40 INF] HTTP GET /js/pos.js responded 304 in 0.1059 ms
[16:01:57 INF] HTTP GET /Inventory/Products responded 200 in 117.0466 ms
[16:01:57 INF] HTTP GET /lib/bootstrap/dist/css/bootstrap.min.css responded 200 in 15.1000 ms
[16:01:57 INF] HTTP GET /css/site.css responded 304 in 1.2895 ms
[16:01:57 INF] HTTP GET /Biktal.WebMVC.styles.css responded 304 in 0.1417 ms
[16:01:58 INF] HTTP GET /lib/jquery/dist/jquery.min.js responded 304 in 0.0805 ms
[16:01:58 INF] HTTP GET /lib/bootstrap/dist/js/bootstrap.bundle.min.js responded 304 in 0.1326 ms
[16:01:58 INF] HTTP GET /js/site.js responded 304 in 0.3563 ms
[16:01:58 INF] HTTP GET /lib/jquery-validation/dist/jquery.validate.min.js responded 200 in 1.7913 ms
[16:01:58 INF] HTTP GET /js/products-catalog-filter.js responded 200 in 0.4330 ms
[16:01:58 INF] HTTP GET /lib/jquery-validation-unobtrusive/dist/jquery.validate.unobtrusive.min.js responded 200 in 1.0458 ms
[16:02:08 INF] HTTP GET /Inventory/Products responded 200 in 47.8895 ms
[16:02:08 INF] HTTP GET /lib/bootstrap/dist/css/bootstrap.min.css responded 304 in 0.1201 ms
[16:02:08 INF] HTTP GET /css/site.css responded 304 in 0.3190 ms
[16:02:08 INF] HTTP GET /Biktal.WebMVC.styles.css responded 304 in 1.0500 ms
[16:02:09 INF] HTTP GET /lib/jquery/dist/jquery.min.js responded 304 in 0.0860 ms
[16:02:09 INF] HTTP GET /lib/bootstrap/dist/js/bootstrap.bundle.min.js responded 304 in 0.1260 ms
[16:02:09 INF] HTTP GET /js/site.js responded 304 in 0.1287 ms
[16:02:09 INF] HTTP GET /lib/jquery-validation/dist/jquery.validate.min.js responded 304 in 0.1220 ms
[16:02:09 INF] HTTP GET /js/products-catalog-filter.js responded 304 in 0.1710 ms
[16:02:09 INF] HTTP GET /lib/jquery-validation-unobtrusive/dist/jquery.validate.unobtrusive.min.js responded 304 in 0.1630 ms
[16:02:27 INF] HTTP POST /Inventory/EditProduct responded 302 in 16.6137 ms
[16:02:27 INF] HTTP GET /Inventory/Products responded 200 in 74.9200 ms
[16:02:27 INF] HTTP GET /lib/bootstrap/dist/css/bootstrap.min.css responded 304 in 0.1699 ms
[16:02:27 INF] HTTP GET /css/site.css responded 304 in 0.5059 ms
[16:02:27 INF] HTTP GET /Biktal.WebMVC.styles.css responded 304 in 0.1378 ms
[16:02:28 INF] HTTP GET /lib/jquery/dist/jquery.min.js responded 304 in 0.0967 ms
[16:02:28 INF] HTTP GET /lib/bootstrap/dist/js/bootstrap.bundle.min.js responded 304 in 0.1169 ms
[16:02:28 INF] HTTP GET /js/site.js responded 304 in 0.0743 ms
[16:02:28 INF] HTTP GET /lib/jquery-validation/dist/jquery.validate.min.js responded 304 in 0.1196 ms
[16:02:28 INF] HTTP GET /lib/jquery-validation-unobtrusive/dist/jquery.validate.unobtrusive.min.js responded 304 in 0.0555 ms
[16:02:28 INF] HTTP GET /js/products-catalog-filter.js responded 304 in 0.2493 ms
[16:02:30 INF] HTTP GET / responded 200 in 26.5856 ms
[16:02:30 INF] HTTP GET /lib/bootstrap/dist/css/bootstrap.min.css responded 304 in 0.3929 ms
[16:02:30 INF] HTTP GET /Biktal.WebMVC.styles.css responded 304 in 0.3249 ms
[16:02:30 INF] HTTP GET /lib/jquery/dist/jquery.min.js responded 304 in 0.1183 ms
[16:02:30 INF] HTTP GET /css/site.css responded 304 in 0.0931 ms
[16:02:30 INF] HTTP GET /lib/bootstrap/dist/js/bootstrap.bundle.min.js responded 304 in 0.2433 ms
[16:02:30 INF] HTTP GET /js/site.js responded 304 in 0.1048 ms
[16:02:30 INF] HTTP GET /js/pos.js responded 304 in 0.0860 ms
[16:03:14 INF] HTTP GET /Inventory/Products responded 200 in 64.7781 ms
[16:03:14 INF] HTTP GET /Biktal.WebMVC.styles.css responded 304 in 0.1789 ms
[16:03:14 INF] HTTP GET /lib/bootstrap/dist/css/bootstrap.min.css responded 200 in 0.6895 ms
[16:03:14 INF] HTTP GET /css/site.css responded 304 in 0.1067 ms
[16:03:15 INF] HTTP GET /lib/jquery/dist/jquery.min.js responded 304 in 0.3559 ms
[16:03:15 INF] HTTP GET /lib/bootstrap/dist/js/bootstrap.bundle.min.js responded 304 in 0.1114 ms
[16:03:15 INF] HTTP GET /js/site.js responded 304 in 0.1229 ms
[16:03:15 INF] HTTP GET /lib/jquery-validation/dist/jquery.validate.min.js responded 304 in 0.2240 ms
[16:03:15 INF] HTTP GET /lib/jquery-validation-unobtrusive/dist/jquery.validate.unobtrusive.min.js responded 304 in 0.1751 ms
[16:03:16 INF] HTTP GET /js/products-catalog-filter.js responded 304 in 0.1281 ms
[16:03:20 INF] HTTP GET /Inventory/Products responded 200 in 98.1849 ms
[16:03:20 INF] HTTP GET /lib/bootstrap/dist/css/bootstrap.min.css responded 304 in 1.0237 ms
[16:03:20 INF] HTTP GET /css/site.css responded 304 in 0.0665 ms
[16:03:20 INF] HTTP GET /Biktal.WebMVC.styles.css responded 304 in 0.1036 ms
[16:03:21 INF] HTTP GET /lib/jquery/dist/jquery.min.js responded 304 in 0.0930 ms
[16:03:21 INF] HTTP GET /lib/bootstrap/dist/js/bootstrap.bundle.min.js responded 304 in 0.8470 ms
[16:03:21 INF] HTTP GET /js/site.js responded 304 in 0.1550 ms
[16:03:21 INF] HTTP GET /lib/jquery-validation/dist/jquery.validate.min.js responded 304 in 0.9346 ms
[16:03:21 INF] HTTP GET /lib/jquery-validation-unobtrusive/dist/jquery.validate.unobtrusive.min.js responded 304 in 1.2143 ms
[16:03:21 INF] HTTP GET /js/products-catalog-filter.js responded 304 in 1.1300 ms
[16:03:30 INF] HTTP GET /Inventory/Products responded 200 in 52.7584 ms
[16:03:30 INF] HTTP GET /css/site.css responded 304 in 0.1185 ms
[16:03:30 INF] HTTP GET /lib/bootstrap/dist/css/bootstrap.min.css responded 304 in 0.0728 ms
[16:03:30 INF] HTTP GET /Biktal.WebMVC.styles.css responded 304 in 0.2751 ms
[16:03:31 INF] HTTP GET /lib/jquery/dist/jquery.min.js responded 304 in 0.1602 ms
[16:03:31 INF] HTTP GET /lib/bootstrap/dist/js/bootstrap.bundle.min.js responded 304 in 0.2070 ms
[16:03:31 INF] HTTP GET /js/site.js responded 304 in 0.1572 ms
[16:03:31 INF] HTTP GET /lib/jquery-validation/dist/jquery.validate.min.js responded 304 in 0.1060 ms
[16:03:31 INF] HTTP GET /lib/jquery-validation-unobtrusive/dist/jquery.validate.unobtrusive.min.js responded 304 in 0.2091 ms
[16:03:31 INF] HTTP GET /js/products-catalog-filter.js responded 304 in 0.0700 ms
[16:05:20 INF] HTTP POST /Inventory/EditProduct responded 302 in 31.0423 ms
[16:05:20 INF] HTTP GET /Inventory/Products responded 200 in 82.0558 ms
[16:05:21 INF] HTTP GET /lib/bootstrap/dist/css/bootstrap.min.css responded 200 in 1.3840 ms
[16:05:21 INF] HTTP GET /css/site.css responded 200 in 0.8325 ms
[16:05:21 INF] HTTP GET /Biktal.WebMVC.styles.css responded 200 in 0.4453 ms
[16:05:22 INF] HTTP GET /lib/jquery/dist/jquery.min.js responded 200 in 0.5022 ms
[16:05:22 INF] HTTP GET /lib/bootstrap/dist/js/bootstrap.bundle.min.js responded 200 in 3.6174 ms
[16:05:22 INF] HTTP GET /js/site.js responded 200 in 0.9762 ms
[16:05:22 INF] HTTP GET /lib/jquery-validation/dist/jquery.validate.min.js responded 200 in 0.8302 ms
[16:05:22 INF] HTTP GET /js/products-catalog-filter.js responded 200 in 1.9779 ms
[16:05:22 INF] HTTP GET /lib/jquery-validation-unobtrusive/dist/jquery.validate.unobtrusive.min.js responded 200 in 0.4922 ms
[16:05:22 INF] HTTP GET / responded 200 in 17.4350 ms
[16:05:22 INF] HTTP GET /lib/bootstrap/dist/css/bootstrap.min.css responded 304 in 0.1583 ms
[16:05:22 INF] HTTP GET /Biktal.WebMVC.styles.css responded 304 in 0.1292 ms
[16:05:22 INF] HTTP GET /css/site.css responded 304 in 0.3140 ms
[16:05:22 INF] HTTP GET /lib/jquery/dist/jquery.min.js responded 200 in 2.9651 ms
[16:05:22 INF] HTTP GET /lib/bootstrap/dist/js/bootstrap.bundle.min.js responded 200 in 3.2130 ms
[16:05:22 INF] HTTP GET /js/pos.js responded 200 in 1.0226 ms
[16:05:22 INF] HTTP GET /js/site.js responded 200 in 1.6622 ms
[16:06:26 INF] HTTP GET /Inventory/Products responded 200 in 49.4700 ms
[16:06:26 INF] HTTP GET /Biktal.WebMVC.styles.css responded 200 in 0.4991 ms
[16:06:26 INF] HTTP GET /lib/bootstrap/dist/css/bootstrap.min.css responded 200 in 6.2471 ms
[16:06:26 INF] HTTP GET /css/site.css responded 200 in 0.5921 ms
[16:06:27 INF] HTTP GET /lib/jquery/dist/jquery.min.js responded 200 in 0.5283 ms
[16:06:27 INF] HTTP GET /lib/bootstrap/dist/js/bootstrap.bundle.min.js responded 200 in 1.7192 ms
[16:06:27 INF] HTTP GET /js/site.js responded 200 in 0.5308 ms
[16:06:27 INF] HTTP GET /lib/jquery-validation/dist/jquery.validate.min.js responded 200 in 0.4730 ms
[16:06:27 INF] HTTP GET /lib/jquery-validation-unobtrusive/dist/jquery.validate.unobtrusive.min.js responded 200 in 1.6610 ms
[16:06:27 INF] HTTP GET /js/products-catalog-filter.js responded 200 in 0.4421 ms
[16:06:31 INF] HTTP GET /Inventory/Products responded 200 in 49.6985 ms
[16:06:31 INF] HTTP GET /lib/bootstrap/dist/css/bootstrap.min.css responded 304 in 0.1387 ms
[16:06:31 INF] HTTP GET /Biktal.WebMVC.styles.css responded 304 in 0.4664 ms
[16:06:31 INF] HTTP GET /css/site.css responded 304 in 0.0945 ms
[16:06:31 INF] HTTP GET /lib/jquery/dist/jquery.min.js responded 304 in 0.1006 ms
[16:06:31 INF] HTTP GET /lib/bootstrap/dist/js/bootstrap.bundle.min.js responded 304 in 0.4455 ms
[16:06:31 INF] HTTP GET /lib/jquery-validation/dist/jquery.validate.min.js responded 304 in 0.1201 ms
[16:06:31 INF] HTTP GET /js/site.js responded 304 in 0.1532 ms
[16:06:31 INF] HTTP GET /lib/jquery-validation-unobtrusive/dist/jquery.validate.unobtrusive.min.js responded 304 in 0.1766 ms
[16:06:31 INF] HTTP GET /js/products-catalog-filter.js responded 304 in 0.2152 ms
[16:07:07 INF] HTTP POST /Inventory/EditProduct responded 302 in 208.4701 ms
[16:07:08 INF] HTTP GET /Inventory/Products responded 200 in 94.1770 ms
[16:07:08 INF] HTTP GET /css/site.css responded 200 in 0.9616 ms
[16:07:08 INF] HTTP GET /Biktal.WebMVC.styles.css responded 200 in 0.5480 ms
[16:07:08 INF] HTTP GET /lib/bootstrap/dist/css/bootstrap.min.css responded 200 in 2.5437 ms
[16:07:09 INF] HTTP GET /lib/jquery/dist/jquery.min.js responded 200 in 0.6458 ms
[16:07:09 INF] HTTP GET /js/site.js responded 200 in 0.4883 ms
[16:07:09 INF] HTTP GET /lib/bootstrap/dist/js/bootstrap.bundle.min.js responded 200 in 0.5797 ms
[16:07:09 INF] HTTP GET /lib/jquery-validation/dist/jquery.validate.min.js responded 200 in 0.3411 ms
[16:07:09 INF] HTTP GET /lib/jquery-validation-unobtrusive/dist/jquery.validate.unobtrusive.min.js responded 200 in 0.5323 ms
[16:07:09 INF] HTTP GET /js/products-catalog-filter.js responded 200 in 0.7943 ms
[16:07:09 INF] HTTP GET / responded 200 in 23.9231 ms
[16:07:10 INF] HTTP GET /lib/bootstrap/dist/css/bootstrap.min.css responded 304 in 0.1364 ms
[16:07:10 INF] HTTP GET /css/site.css responded 304 in 0.1030 ms
[16:07:10 INF] HTTP GET /Biktal.WebMVC.styles.css responded 304 in 0.9000 ms
[16:07:10 INF] HTTP GET /lib/jquery/dist/jquery.min.js responded 200 in 2.2595 ms
[16:07:10 INF] HTTP GET /js/site.js responded 200 in 1.8394 ms
[16:07:10 INF] HTTP GET /lib/bootstrap/dist/js/bootstrap.bundle.min.js responded 200 in 1.1477 ms
[16:07:10 INF] HTTP GET /js/pos.js responded 200 in 0.6180 ms
[16:07:41 INF] HTTP GET /Inventory/Products responded 200 in 59.3303 ms
[16:07:41 INF] HTTP GET /Biktal.WebMVC.styles.css responded 304 in 0.1286 ms
[16:07:41 INF] HTTP GET /lib/bootstrap/dist/css/bootstrap.min.css responded 200 in 1.0510 ms
[16:07:41 INF] HTTP GET /css/site.css responded 304 in 0.1191 ms
[16:07:42 INF] HTTP GET /lib/jquery/dist/jquery.min.js responded 304 in 0.1111 ms
[16:07:42 INF] HTTP GET /lib/bootstrap/dist/js/bootstrap.bundle.min.js responded 304 in 0.1227 ms
[16:07:42 INF] HTTP GET /js/site.js responded 304 in 0.1445 ms
[16:07:42 INF] HTTP GET /lib/jquery-validation-unobtrusive/dist/jquery.validate.unobtrusive.min.js responded 200 in 0.5119 ms
[16:07:42 INF] HTTP GET /lib/jquery-validation/dist/jquery.validate.min.js responded 200 in 0.6651 ms
[16:07:42 INF] HTTP GET /js/products-catalog-filter.js responded 200 in 1.2581 ms
[16:07:50 INF] HTTP GET /Inventory/Products responded 200 in 99.3329 ms
[16:07:50 INF] HTTP GET /lib/bootstrap/dist/css/bootstrap.min.css responded 200 in 11.1620 ms
[16:07:50 INF] HTTP GET /css/site.css responded 304 in 0.1304 ms
[16:07:50 INF] HTTP GET /Biktal.WebMVC.styles.css responded 304 in 0.1033 ms
[16:07:50 INF] HTTP GET /lib/jquery/dist/jquery.min.js responded 304 in 0.0812 ms
[16:07:50 INF] HTTP GET /lib/bootstrap/dist/js/bootstrap.bundle.min.js responded 304 in 0.1204 ms
[16:07:50 INF] HTTP GET /js/site.js responded 304 in 0.2126 ms
[16:07:50 INF] HTTP GET /lib/jquery-validation/dist/jquery.validate.min.js responded 304 in 0.0661 ms
[16:07:50 INF] HTTP GET /lib/jquery-validation-unobtrusive/dist/jquery.validate.unobtrusive.min.js responded 304 in 0.1293 ms
[16:07:50 INF] HTTP GET /js/products-catalog-filter.js responded 304 in 0.4483 ms
[16:07:55 INF] HTTP POST /Inventory/EditProduct responded 302 in 12.4428 ms
[16:07:55 INF] HTTP GET /Inventory/Products responded 200 in 68.4270 ms
[16:07:55 INF] HTTP GET /lib/bootstrap/dist/css/bootstrap.min.css responded 304 in 0.1169 ms
[16:07:55 INF] HTTP GET /css/site.css responded 304 in 0.1284 ms
[16:07:55 INF] HTTP GET /Biktal.WebMVC.styles.css responded 304 in 0.0752 ms
[16:07:56 INF] HTTP GET /lib/jquery/dist/jquery.min.js responded 304 in 0.1128 ms
[16:07:56 INF] HTTP GET /lib/bootstrap/dist/js/bootstrap.bundle.min.js responded 304 in 0.1318 ms
[16:07:56 INF] HTTP GET /js/site.js responded 304 in 0.1458 ms
[16:07:56 INF] HTTP GET /lib/jquery-validation/dist/jquery.validate.min.js responded 304 in 0.1189 ms
[16:07:56 INF] HTTP GET /lib/jquery-validation-unobtrusive/dist/jquery.validate.unobtrusive.min.js responded 304 in 0.1513 ms
[16:07:56 INF] HTTP GET /js/products-catalog-filter.js responded 304 in 0.1211 ms
[16:07:58 INF] HTTP GET / responded 200 in 27.6956 ms
[16:07:58 INF] HTTP GET /lib/bootstrap/dist/css/bootstrap.min.css responded 304 in 0.1182 ms
[16:07:58 INF] HTTP GET /css/site.css responded 304 in 0.1332 ms
[16:07:58 INF] HTTP GET /Biktal.WebMVC.styles.css responded 304 in 0.1300 ms
[16:07:58 INF] HTTP GET /lib/jquery/dist/jquery.min.js responded 304 in 0.3085 ms
[16:07:58 INF] HTTP GET /js/pos.js responded 304 in 0.1074 ms
[16:07:58 INF] HTTP GET /js/site.js responded 304 in 0.1919 ms
[16:07:58 INF] HTTP GET /lib/bootstrap/dist/js/bootstrap.bundle.min.js responded 304 in 0.1034 ms
[16:08:06 INF] HTTP GET /Inventory/Products responded 200 in 49.6124 ms
[16:08:06 INF] HTTP GET /Biktal.WebMVC.styles.css responded 304 in 0.1195 ms
[16:08:06 INF] HTTP GET /css/site.css responded 304 in 0.3269 ms
[16:08:06 INF] HTTP GET /lib/bootstrap/dist/css/bootstrap.min.css responded 200 in 3.8758 ms
[16:08:06 INF] HTTP GET /lib/jquery/dist/jquery.min.js responded 304 in 0.0974 ms
[16:08:06 INF] HTTP GET /lib/bootstrap/dist/js/bootstrap.bundle.min.js responded 304 in 0.1142 ms
[16:08:06 INF] HTTP GET /lib/jquery-validation/dist/jquery.validate.min.js responded 304 in 0.0613 ms
[16:08:06 INF] HTTP GET /js/site.js responded 304 in 0.2618 ms
[16:08:06 INF] HTTP GET /lib/jquery-validation-unobtrusive/dist/jquery.validate.unobtrusive.min.js responded 304 in 0.0979 ms
[16:08:06 INF] HTTP GET /js/products-catalog-filter.js responded 304 in 0.0960 ms
[16:08:23 INF] HTTP GET /Inventory/Products responded 200 in 53.3937 ms
[16:08:23 INF] HTTP GET /lib/bootstrap/dist/css/bootstrap.min.css responded 200 in 0.7259 ms
[16:08:23 INF] HTTP GET /css/site.css responded 304 in 1.7050 ms
[16:08:23 INF] HTTP GET /Biktal.WebMVC.styles.css responded 304 in 0.3027 ms
[16:08:24 INF] HTTP GET /lib/jquery/dist/jquery.min.js responded 304 in 0.1132 ms
[16:08:24 INF] HTTP GET /lib/bootstrap/dist/js/bootstrap.bundle.min.js responded 304 in 0.1100 ms
[16:08:24 INF] HTTP GET /js/site.js responded 304 in 0.0829 ms
[16:08:24 INF] HTTP GET /lib/jquery-validation/dist/jquery.validate.min.js responded 304 in 0.1194 ms
[16:08:24 INF] HTTP GET /lib/jquery-validation-unobtrusive/dist/jquery.validate.unobtrusive.min.js responded 304 in 0.0770 ms
[16:08:24 INF] HTTP GET /js/products-catalog-filter.js responded 304 in 0.0594 ms
[16:08:29 INF] HTTP POST /Inventory/EditProduct responded 302 in 13.2942 ms
[16:08:29 INF] HTTP GET /Inventory/Products responded 200 in 79.7462 ms
[16:08:29 INF] HTTP GET /lib/bootstrap/dist/css/bootstrap.min.css responded 304 in 0.1360 ms
[16:08:29 INF] HTTP GET /css/site.css responded 304 in 0.1235 ms
[16:08:29 INF] HTTP GET /Biktal.WebMVC.styles.css responded 304 in 0.1524 ms
[16:08:29 INF] HTTP GET /lib/jquery/dist/jquery.min.js responded 304 in 0.0822 ms
[16:08:29 INF] HTTP GET /lib/bootstrap/dist/js/bootstrap.bundle.min.js responded 304 in 0.1254 ms
[16:08:29 INF] HTTP GET /js/site.js responded 304 in 0.1461 ms
[16:08:29 INF] HTTP GET /lib/jquery-validation/dist/jquery.validate.min.js responded 304 in 0.1050 ms
[16:08:29 INF] HTTP GET /lib/jquery-validation-unobtrusive/dist/jquery.validate.unobtrusive.min.js responded 304 in 0.0966 ms
[16:08:29 INF] HTTP GET /js/products-catalog-filter.js responded 304 in 0.2639 ms
[16:08:31 INF] HTTP GET / responded 200 in 17.9511 ms
[16:08:31 INF] HTTP GET /lib/bootstrap/dist/css/bootstrap.min.css responded 304 in 0.3406 ms
[16:08:31 INF] HTTP GET /css/site.css responded 304 in 0.4351 ms
[16:08:31 INF] HTTP GET /Biktal.WebMVC.styles.css responded 304 in 0.1119 ms
[16:08:31 INF] HTTP GET /lib/bootstrap/dist/js/bootstrap.bundle.min.js responded 304 in 0.1400 ms
[16:08:31 INF] HTTP GET /js/site.js responded 304 in 0.2105 ms
[16:08:31 INF] HTTP GET /lib/jquery/dist/jquery.min.js responded 304 in 0.4113 ms
[16:08:31 INF] HTTP GET /js/pos.js responded 304 in 1.1537 ms
[16:19:43 INF] HTTP GET /Inventory/Products responded 200 in 117.3913 ms
[16:19:43 INF] HTTP GET /Biktal.WebMVC.styles.css responded 200 in 0.7817 ms
[16:19:43 INF] HTTP GET /css/site.css responded 200 in 3.4869 ms
[16:19:43 INF] HTTP GET /lib/bootstrap/dist/css/bootstrap.min.css responded 200 in 1.1052 ms
[16:19:44 INF] HTTP GET /lib/jquery/dist/jquery.min.js responded 200 in 0.4786 ms
[16:19:44 INF] HTTP GET /js/site.js responded 200 in 0.4815 ms
[16:19:44 INF] HTTP GET /lib/jquery-validation/dist/jquery.validate.min.js responded 200 in 0.4213 ms
[16:19:44 INF] HTTP GET /lib/bootstrap/dist/js/bootstrap.bundle.min.js responded 200 in 0.6964 ms
[16:19:44 INF] HTTP GET /lib/jquery-validation-unobtrusive/dist/jquery.validate.unobtrusive.min.js responded 200 in 3.2365 ms
[16:19:44 INF] HTTP GET /js/products-catalog-filter.js responded 200 in 0.5662 ms
[16:19:57 INF] HTTP GET /Inventory/Products responded 200 in 62.7804 ms
[16:19:57 INF] HTTP GET /lib/bootstrap/dist/css/bootstrap.min.css responded 200 in 1.1861 ms
[16:19:57 INF] HTTP GET /css/site.css responded 200 in 0.5509 ms
[16:19:57 INF] HTTP GET /Biktal.WebMVC.styles.css responded 200 in 1.0469 ms
[16:19:58 INF] HTTP GET /lib/jquery/dist/jquery.min.js responded 304 in 0.0818 ms
[16:19:58 INF] HTTP GET /lib/bootstrap/dist/js/bootstrap.bundle.min.js responded 304 in 0.1133 ms
[16:19:58 INF] HTTP GET /js/site.js responded 304 in 0.0691 ms
[16:19:58 INF] HTTP GET /lib/jquery-validation-unobtrusive/dist/jquery.validate.unobtrusive.min.js responded 304 in 0.0805 ms
[16:19:58 INF] HTTP GET /js/products-catalog-filter.js responded 304 in 0.0848 ms
[16:19:58 INF] HTTP GET /lib/jquery-validation/dist/jquery.validate.min.js responded 304 in 0.1197 ms
[16:20:03 INF] HTTP POST /Inventory/EditProduct responded 302 in 15.6803 ms
[16:20:03 INF] HTTP GET /Inventory/Products responded 200 in 77.0573 ms
[16:20:03 INF] HTTP GET /lib/bootstrap/dist/css/bootstrap.min.css responded 304 in 0.1562 ms
[16:20:03 INF] HTTP GET /css/site.css responded 304 in 0.2219 ms
[16:20:03 INF] HTTP GET /Biktal.WebMVC.styles.css responded 304 in 0.1327 ms
[16:20:04 INF] HTTP GET /lib/jquery/dist/jquery.min.js responded 304 in 0.1286 ms
[16:20:04 INF] HTTP GET /lib/bootstrap/dist/js/bootstrap.bundle.min.js responded 304 in 1.0921 ms
[16:20:04 INF] HTTP GET /js/site.js responded 304 in 0.7576 ms
[16:20:04 INF] HTTP GET /lib/jquery-validation-unobtrusive/dist/jquery.validate.unobtrusive.min.js responded 304 in 1.9112 ms
[16:20:04 INF] HTTP GET /lib/jquery-validation/dist/jquery.validate.min.js responded 304 in 0.1179 ms
[16:20:04 INF] HTTP GET /js/products-catalog-filter.js responded 304 in 0.6052 ms
[16:20:04 INF] HTTP GET / responded 200 in 27.8812 ms
[16:20:05 INF] HTTP GET /lib/bootstrap/dist/css/bootstrap.min.css responded 304 in 0.1169 ms
[16:20:05 INF] HTTP GET /css/site.css responded 304 in 0.2185 ms
[16:20:05 INF] HTTP GET /Biktal.WebMVC.styles.css responded 304 in 0.1764 ms
[16:20:05 INF] HTTP GET /lib/jquery/dist/jquery.min.js responded 200 in 0.5901 ms
[16:20:05 INF] HTTP GET /lib/bootstrap/dist/js/bootstrap.bundle.min.js responded 200 in 0.8581 ms
[16:20:05 INF] HTTP GET /js/pos.js responded 200 in 0.5382 ms
[16:20:05 INF] HTTP GET /js/site.js responded 200 in 0.3684 ms
[16:20:21 INF] HTTP GET /Inventory/Products responded 200 in 61.3424 ms
[16:20:21 INF] HTTP GET /css/site.css responded 304 in 0.1242 ms
[16:20:21 INF] HTTP GET /lib/bootstrap/dist/css/bootstrap.min.css responded 200 in 0.6779 ms
[16:20:21 INF] HTTP GET /Biktal.WebMVC.styles.css responded 304 in 0.2248 ms
[16:20:22 INF] HTTP GET /lib/jquery/dist/jquery.min.js responded 304 in 0.1009 ms
[16:20:22 INF] HTTP GET /lib/bootstrap/dist/js/bootstrap.bundle.min.js responded 304 in 0.0963 ms
[16:20:22 INF] HTTP GET /js/site.js responded 304 in 0.1146 ms
[16:20:22 INF] HTTP GET /lib/jquery-validation/dist/jquery.validate.min.js responded 200 in 2.4156 ms
[16:20:22 INF] HTTP GET /lib/jquery-validation-unobtrusive/dist/jquery.validate.unobtrusive.min.js responded 200 in 1.2502 ms
[16:20:22 INF] HTTP GET /js/products-catalog-filter.js responded 200 in 0.7404 ms
[16:20:26 INF] HTTP GET /Inventory/Products responded 200 in 51.0582 ms
[16:20:26 INF] HTTP GET /lib/bootstrap/dist/css/bootstrap.min.css responded 304 in 0.1163 ms
[16:20:26 INF] HTTP GET /Biktal.WebMVC.styles.css responded 304 in 0.1002 ms
[16:20:26 INF] HTTP GET /css/site.css responded 304 in 0.1001 ms
[16:20:27 INF] HTTP GET /lib/jquery/dist/jquery.min.js responded 304 in 0.0814 ms
[16:20:27 INF] HTTP GET /lib/bootstrap/dist/js/bootstrap.bundle.min.js responded 304 in 0.2692 ms
[16:20:27 INF] HTTP GET /js/site.js responded 304 in 0.1540 ms
[16:20:27 INF] HTTP GET /lib/jquery-validation/dist/jquery.validate.min.js responded 304 in 0.4108 ms
[16:20:27 INF] HTTP GET /js/products-catalog-filter.js responded 304 in 0.1036 ms
[16:20:27 INF] HTTP GET /lib/jquery-validation-unobtrusive/dist/jquery.validate.unobtrusive.min.js responded 304 in 0.1036 ms
[16:20:32 INF] HTTP POST /Inventory/EditProduct responded 302 in 8.8642 ms
[16:20:32 INF] HTTP GET /Inventory/Products responded 200 in 58.1421 ms
[16:20:32 INF] HTTP GET /lib/bootstrap/dist/css/bootstrap.min.css responded 304 in 0.1943 ms
[16:20:32 INF] HTTP GET /css/site.css responded 304 in 0.1098 ms
[16:20:32 INF] HTTP GET /Biktal.WebMVC.styles.css responded 304 in 0.2563 ms
[16:20:33 INF] HTTP GET /lib/jquery/dist/jquery.min.js responded 304 in 3.3461 ms
[16:20:33 INF] HTTP GET /lib/bootstrap/dist/js/bootstrap.bundle.min.js responded 304 in 0.1222 ms
[16:20:33 INF] HTTP GET /js/site.js responded 304 in 0.1121 ms
[16:20:33 INF] HTTP GET /lib/jquery-validation/dist/jquery.validate.min.js responded 304 in 0.1268 ms
[16:20:33 INF] HTTP GET /js/products-catalog-filter.js responded 304 in 0.0596 ms
[16:20:33 INF] HTTP GET /lib/jquery-validation-unobtrusive/dist/jquery.validate.unobtrusive.min.js responded 304 in 0.1276 ms
[16:20:34 INF] HTTP GET / responded 200 in 24.1598 ms
[16:20:34 INF] HTTP GET /lib/bootstrap/dist/css/bootstrap.min.css responded 304 in 0.1436 ms
[16:20:34 INF] HTTP GET /css/site.css responded 304 in 0.1321 ms
[16:20:34 INF] HTTP GET /Biktal.WebMVC.styles.css responded 304 in 0.2517 ms
[16:20:34 INF] HTTP GET /lib/jquery/dist/jquery.min.js responded 304 in 0.2312 ms
[16:20:34 INF] HTTP GET /lib/bootstrap/dist/js/bootstrap.bundle.min.js responded 304 in 0.0814 ms
[16:20:34 INF] HTTP GET /js/pos.js responded 304 in 0.4238 ms
[16:20:34 INF] HTTP GET /js/site.js responded 304 in 2.6643 ms
[16:20:44 INF] HTTP GET /Inventory/Products responded 200 in 46.8832 ms
[16:20:44 INF] HTTP GET /lib/bootstrap/dist/css/bootstrap.min.css responded 304 in 0.1192 ms
[16:20:44 INF] HTTP GET /css/site.css responded 304 in 0.1321 ms
[16:20:44 INF] HTTP GET /Biktal.WebMVC.styles.css responded 304 in 0.2491 ms
[16:20:45 INF] HTTP GET /lib/jquery/dist/jquery.min.js responded 304 in 0.0815 ms
[16:20:45 INF] HTTP GET /lib/bootstrap/dist/js/bootstrap.bundle.min.js responded 304 in 0.1337 ms
[16:20:45 INF] HTTP GET /js/site.js responded 304 in 0.2103 ms
[16:20:45 INF] HTTP GET /lib/jquery-validation/dist/jquery.validate.min.js responded 304 in 0.1334 ms
[16:20:45 INF] HTTP GET /lib/jquery-validation-unobtrusive/dist/jquery.validate.unobtrusive.min.js responded 304 in 0.1576 ms
[16:20:45 INF] HTTP GET /js/products-catalog-filter.js responded 304 in 0.1019 ms
[16:20:54 INF] HTTP GET /Inventory/Products responded 200 in 69.1028 ms
[16:20:54 INF] HTTP GET /lib/bootstrap/dist/css/bootstrap.min.css responded 200 in 2.1160 ms
[16:20:54 INF] HTTP GET /css/site.css responded 304 in 0.1536 ms
[16:20:54 INF] HTTP GET /Biktal.WebMVC.styles.css responded 304 in 0.1219 ms
[16:20:55 INF] HTTP GET /lib/jquery/dist/jquery.min.js responded 304 in 0.0852 ms
[16:20:55 INF] HTTP GET /lib/bootstrap/dist/js/bootstrap.bundle.min.js responded 304 in 0.1167 ms
[16:20:55 INF] HTTP GET /js/site.js responded 304 in 0.1080 ms
[16:20:55 INF] HTTP GET /lib/jquery-validation-unobtrusive/dist/jquery.validate.unobtrusive.min.js responded 304 in 0.1146 ms
[16:20:55 INF] HTTP GET /lib/jquery-validation/dist/jquery.validate.min.js responded 304 in 0.0667 ms
[16:20:55 INF] HTTP GET /js/products-catalog-filter.js responded 304 in 0.1779 ms
[16:21:04 INF] HTTP POST /Inventory/EditProduct responded 302 in 11.8389 ms
[16:21:04 INF] HTTP GET /Inventory/Products responded 200 in 69.3405 ms
[16:21:04 INF] HTTP GET /lib/bootstrap/dist/css/bootstrap.min.css responded 304 in 0.1272 ms
[16:21:04 INF] HTTP GET /css/site.css responded 304 in 0.0988 ms
[16:21:04 INF] HTTP GET /Biktal.WebMVC.styles.css responded 304 in 0.0847 ms
[16:21:05 INF] HTTP GET /lib/jquery/dist/jquery.min.js responded 304 in 0.0822 ms
[16:21:05 INF] HTTP GET /lib/bootstrap/dist/js/bootstrap.bundle.min.js responded 304 in 0.1056 ms
[16:21:05 INF] HTTP GET /js/site.js responded 304 in 0.0756 ms
[16:21:05 INF] HTTP GET /lib/jquery-validation/dist/jquery.validate.min.js responded 304 in 0.0558 ms
[16:21:05 INF] HTTP GET /lib/jquery-validation-unobtrusive/dist/jquery.validate.unobtrusive.min.js responded 304 in 0.0546 ms
[16:21:05 INF] HTTP GET /js/products-catalog-filter.js responded 304 in 0.1240 ms
[16:21:06 INF] HTTP GET / responded 200 in 21.8871 ms
[16:21:07 INF] HTTP GET /lib/bootstrap/dist/css/bootstrap.min.css responded 304 in 0.1480 ms
[16:21:07 INF] HTTP GET /css/site.css responded 304 in 0.1343 ms
[16:21:07 INF] HTTP GET /Biktal.WebMVC.styles.css responded 304 in 0.2612 ms
[16:21:07 INF] HTTP GET /lib/jquery/dist/jquery.min.js responded 304 in 0.7129 ms
[16:21:07 INF] HTTP GET /js/site.js responded 304 in 0.2430 ms
[16:21:07 INF] HTTP GET /lib/bootstrap/dist/js/bootstrap.bundle.min.js responded 304 in 2.6623 ms
[16:21:07 INF] HTTP GET /js/pos.js responded 304 in 0.1016 ms
[16:22:56 INF] HTTP GET /Insights responded 302 in 3.6483 ms
[16:22:57 INF] HTTP GET /Insights/Daily responded 200 in 310.4252 ms
[16:22:57 INF] HTTP GET /css/site.css responded 200 in 0.6151 ms
[16:22:57 INF] HTTP GET /Biktal.WebMVC.styles.css responded 200 in 0.5230 ms
[16:22:57 INF] HTTP GET /lib/jquery/dist/jquery.min.js responded 200 in 2.6467 ms
[16:22:57 INF] HTTP GET /lib/bootstrap/dist/js/bootstrap.bundle.min.js responded 200 in 0.7814 ms
[16:22:57 INF] HTTP GET /js/site.js responded 200 in 0.3592 ms
[16:22:57 INF] HTTP GET /lib/bootstrap/dist/css/bootstrap.min.css responded 200 in 0.4363 ms
[16:23:19 INF] HTTP GET /Inventory/Products responded 200 in 51.8299 ms
[16:23:19 INF] HTTP GET /lib/bootstrap/dist/css/bootstrap.min.css responded 200 in 1.0603 ms
[16:23:19 INF] HTTP GET /Biktal.WebMVC.styles.css responded 200 in 5.0848 ms
[16:23:19 INF] HTTP GET /css/site.css responded 200 in 0.5676 ms
[16:23:20 INF] HTTP GET /lib/jquery/dist/jquery.min.js responded 304 in 0.0860 ms
[16:23:20 INF] HTTP GET /lib/bootstrap/dist/js/bootstrap.bundle.min.js responded 304 in 0.2455 ms
[16:23:20 INF] HTTP GET /js/site.js responded 304 in 0.1691 ms
[16:23:20 INF] HTTP GET /lib/jquery-validation/dist/jquery.validate.min.js responded 200 in 0.6440 ms
[16:23:20 INF] HTTP GET /lib/jquery-validation-unobtrusive/dist/jquery.validate.unobtrusive.min.js responded 200 in 0.4835 ms
[16:23:20 INF] HTTP GET /js/products-catalog-filter.js responded 200 in 1.4134 ms
[16:23:21 INF] HTTP GET / responded 200 in 20.6254 ms
[16:23:22 INF] HTTP GET /lib/bootstrap/dist/css/bootstrap.min.css responded 304 in 0.1981 ms
[16:23:22 INF] HTTP GET /css/site.css responded 304 in 0.1282 ms
[16:23:22 INF] HTTP GET /Biktal.WebMVC.styles.css responded 304 in 0.2598 ms
[16:23:22 INF] HTTP GET /lib/jquery/dist/jquery.min.js responded 304 in 0.1250 ms
[16:23:22 INF] HTTP GET /lib/bootstrap/dist/js/bootstrap.bundle.min.js responded 304 in 0.1200 ms
[16:23:22 INF] HTTP GET /js/site.js responded 304 in 0.2645 ms
[16:23:22 INF] HTTP GET /js/pos.js responded 200 in 2.1278 ms
[16:23:51 INF] HTTP POST /Pos/CompleteSale responded 200 in 47.9782 ms
[16:23:59 INF] HTTP GET /Inventory/Products responded 200 in 60.5571 ms
[16:23:59 INF] HTTP GET /css/site.css responded 304 in 0.1272 ms
[16:23:59 INF] HTTP GET /Biktal.WebMVC.styles.css responded 304 in 0.1699 ms
[16:23:59 INF] HTTP GET /lib/bootstrap/dist/css/bootstrap.min.css responded 200 in 41.3498 ms
[16:24:00 INF] HTTP GET /lib/jquery/dist/jquery.min.js responded 304 in 0.1145 ms
[16:24:00 INF] HTTP GET /lib/bootstrap/dist/js/bootstrap.bundle.min.js responded 304 in 0.1178 ms
[16:24:00 INF] HTTP GET /js/site.js responded 304 in 0.0839 ms
[16:24:00 INF] HTTP GET /lib/jquery-validation/dist/jquery.validate.min.js responded 304 in 0.1757 ms
[16:24:00 INF] HTTP GET /lib/jquery-validation-unobtrusive/dist/jquery.validate.unobtrusive.min.js responded 304 in 0.1406 ms
[16:24:00 INF] HTTP GET /js/products-catalog-filter.js responded 304 in 0.1090 ms
[16:24:04 INF] HTTP GET /Inventory/Products responded 200 in 70.9428 ms
[16:24:04 INF] HTTP GET /lib/bootstrap/dist/css/bootstrap.min.css responded 304 in 0.1177 ms
[16:24:04 INF] HTTP GET /css/site.css responded 304 in 0.1331 ms
[16:24:04 INF] HTTP GET /Biktal.WebMVC.styles.css responded 304 in 0.2798 ms
[16:24:05 INF] HTTP GET /lib/jquery/dist/jquery.min.js responded 304 in 0.0823 ms
[16:24:05 INF] HTTP GET /lib/jquery-validation/dist/jquery.validate.min.js responded 304 in 0.1083 ms
[16:24:05 INF] HTTP GET /js/site.js responded 304 in 0.1084 ms
[16:24:05 INF] HTTP GET /js/products-catalog-filter.js responded 304 in 0.0632 ms
[16:24:05 INF] HTTP GET /lib/jquery-validation-unobtrusive/dist/jquery.validate.unobtrusive.min.js responded 304 in 0.0632 ms
[16:24:05 INF] HTTP GET /lib/bootstrap/dist/js/bootstrap.bundle.min.js responded 304 in 0.1530 ms
[16:24:11 INF] HTTP POST /Inventory/EditProduct responded 302 in 9.0210 ms
[16:24:11 INF] HTTP GET /Inventory/Products responded 200 in 75.7279 ms
[16:24:11 INF] HTTP GET /css/site.css responded 304 in 0.6275 ms
[16:24:11 INF] HTTP GET /Biktal.WebMVC.styles.css responded 304 in 0.1240 ms
[16:24:11 INF] HTTP GET /lib/bootstrap/dist/css/bootstrap.min.css responded 304 in 0.1070 ms
[16:24:12 INF] HTTP GET /lib/jquery/dist/jquery.min.js responded 304 in 0.0812 ms
[16:24:12 INF] HTTP GET /js/site.js responded 304 in 0.0806 ms
[16:24:12 INF] HTTP GET /lib/bootstrap/dist/js/bootstrap.bundle.min.js responded 304 in 0.1039 ms
[16:24:12 INF] HTTP GET /lib/jquery-validation-unobtrusive/dist/jquery.validate.unobtrusive.min.js responded 304 in 0.0650 ms
[16:24:12 INF] HTTP GET /lib/jquery-validation/dist/jquery.validate.min.js responded 304 in 0.1245 ms
[16:24:12 INF] HTTP GET /js/products-catalog-filter.js responded 304 in 0.1267 ms
[16:24:13 INF] HTTP GET / responded 200 in 28.6486 ms
[16:24:13 INF] HTTP GET /lib/bootstrap/dist/css/bootstrap.min.css responded 304 in 0.9880 ms
[16:24:13 INF] HTTP GET /css/site.css responded 304 in 0.1213 ms
[16:24:13 INF] HTTP GET /Biktal.WebMVC.styles.css responded 304 in 0.4378 ms
[16:24:13 INF] HTTP GET /lib/jquery/dist/jquery.min.js responded 304 in 0.1497 ms
[16:24:13 INF] HTTP GET /lib/bootstrap/dist/js/bootstrap.bundle.min.js responded 200 in 0.7192 ms
[16:24:13 INF] HTTP GET /js/pos.js responded 304 in 0.0596 ms
[16:24:13 INF] HTTP GET /js/site.js responded 200 in 0.6211 ms
[16:24:24 INF] HTTP POST /Pos/CompleteSale responded 200 in 29.5663 ms
[16:44:27 INF] Application is shutting down...
