[12:00:30 WRN] Using an in-memory repository. Keys will not be persisted to storage.
[12:00:30 WRN] Neither user profile nor HKLM registry available. Using an ephemeral key repository. Protected data will be unavailable when application exits.
[12:00:30 WRN] No XML encryptor configured. Key {440e2654-9c90-4c70-98b0-b02c8e27fcaa} may be persisted to storage in unencrypted form.
[12:00:30 INF] Application started. Press Ctrl+C to shut down.
[12:00:30 INF] Hosting environment: Production
[12:00:30 INF] Content root path: D:\Systems\BiktalSystems\publish
[12:00:30 INF] HTTP GET /Finance responded 200 in 408.5754 ms
[12:00:30 INF] HTTP GET /lib/bootstrap/dist/css/bootstrap.min.css responded 200 in 85.1919 ms
[12:00:31 INF] HTTP GET /Biktal.WebMVC.styles.css responded 200 in 39.6695 ms
[12:00:31 INF] HTTP GET /lib/bootstrap/dist/js/bootstrap.bundle.min.js responded 200 in 91.2420 ms
[12:00:31 INF] HTTP GET /js/site.js responded 200 in 44.1836 ms
[12:00:31 INF] HTTP GET /css/site.css responded 200 in 48.8551 ms
[12:00:31 INF] HTTP GET /lib/jquery/dist/jquery.min.js responded 200 in 41.9789 ms
[12:00:34 ERR] An exception was thrown while deserializing the token.
Microsoft.AspNetCore.Antiforgery.AntiforgeryValidationException: The antiforgery token could not be decrypted.
 ---> System.Security.Cryptography.CryptographicException: The key {a2fcf45d-a606-4092-abca-83cabf4eb424} was not found in the key ring. For more information go to https://aka.ms/aspnet/dataprotectionwarning
   at Microsoft.AspNetCore.DataProtection.KeyManagement.KeyRingBasedDataProtector.UnprotectCore(Byte[] protectedData, Boolean allowOperationsOnRevokedKeys, UnprotectStatus& status)
   at Microsoft.AspNetCore.DataProtection.KeyManagement.KeyRingBasedDataProtector.Unprotect(Byte[] protectedData)
   at Microsoft.AspNetCore.Antiforgery.DefaultAntiforgeryTokenSerializer.Deserialize(String serializedToken)
   --- End of inner exception stack trace ---
   at Microsoft.AspNetCore.Antiforgery.DefaultAntiforgeryTokenSerializer.Deserialize(String serializedToken)
   at Microsoft.AspNetCore.Antiforgery.DefaultAntiforgery.GetCookieTokenDoesNotThrow(HttpContext httpContext)
[12:00:34 INF] HTTP GET /Finance/Cashbox responded 200 in 518.9218 ms
[12:00:34 INF] HTTP GET /css/site.css responded 200 in 8.5132 ms
[12:00:34 INF] HTTP GET /Biktal.WebMVC.styles.css responded 200 in 2.3177 ms
[12:00:34 INF] HTTP GET /lib/bootstrap/dist/css/bootstrap.min.css responded 200 in 12.3195 ms
[12:00:34 INF] HTTP GET /js/site.js responded 304 in 22.3986 ms
[12:00:34 INF] HTTP GET /lib/jquery/dist/jquery.min.js responded 304 in 36.4038 ms
[12:00:34 INF] HTTP GET /lib/jquery-validation-unobtrusive/dist/jquery.validate.unobtrusive.min.js responded 200 in 30.6956 ms
[12:00:34 INF] HTTP GET /lib/jquery-validation/dist/jquery.validate.min.js responded 200 in 32.9718 ms
[12:00:34 INF] HTTP GET /lib/bootstrap/dist/js/bootstrap.bundle.min.js responded 304 in 180.8397 ms
[12:07:31 INF] HTTP POST /Finance/CloseCashboxSession responded 302 in 382.6095 ms
[12:07:31 INF] HTTP GET /Finance/Cashbox responded 200 in 33.3860 ms
[12:07:31 INF] HTTP GET /css/site.css responded 200 in 8.7592 ms
[12:07:31 INF] HTTP GET /lib/bootstrap/dist/css/bootstrap.min.css responded 200 in 1.5092 ms
[12:07:32 INF] HTTP GET /Biktal.WebMVC.styles.css responded 200 in 3.3186 ms
[12:07:32 INF] HTTP GET /js/site.js responded 200 in 2.3365 ms
[12:07:32 INF] HTTP GET /lib/jquery/dist/jquery.min.js responded 200 in 10.1223 ms
[12:07:32 INF] HTTP GET /lib/bootstrap/dist/js/bootstrap.bundle.min.js responded 200 in 2.8178 ms
[12:07:32 INF] HTTP GET /lib/jquery-validation/dist/jquery.validate.min.js responded 200 in 30.2359 ms
[12:07:32 INF] HTTP GET /lib/jquery-validation-unobtrusive/dist/jquery.validate.unobtrusive.min.js responded 200 in 30.2361 ms
[12:07:35 WRN] The query uses the 'First'/'FirstOrDefault' operator without 'OrderBy' and filter operators. This may lead to unpredictable results.
[12:07:35 INF] HTTP GET / responded 200 in 206.7197 ms
[12:07:35 INF] HTTP GET /lib/bootstrap/dist/css/bootstrap.min.css responded 200 in 1.2422 ms
[12:07:35 INF] HTTP GET /css/site.css responded 200 in 0.9107 ms
[12:07:35 INF] HTTP GET /lib/jquery/dist/jquery.min.js responded 304 in 0.4474 ms
[12:07:35 INF] HTTP GET /lib/bootstrap/dist/js/bootstrap.bundle.min.js responded 304 in 2.3305 ms
[12:07:35 INF] HTTP GET /Biktal.WebMVC.styles.css responded 200 in 1.0331 ms
[12:07:35 INF] HTTP GET /js/site.js responded 304 in 0.2439 ms
[12:07:35 INF] HTTP GET /js/pos.js responded 200 in 25.8462 ms
[12:12:25 INF] HTTP POST /Pos/CompleteSale responded 200 in 644.2767 ms
[12:12:31 INF] HTTP GET /Finance responded 200 in 17.0630 ms
[12:12:31 INF] HTTP GET /css/site.css responded 200 in 1.0224 ms
[12:12:31 INF] HTTP GET /Biktal.WebMVC.styles.css responded 200 in 0.8346 ms
[12:12:31 INF] HTTP GET /lib/jquery/dist/jquery.min.js responded 200 in 0.8311 ms
[12:12:31 INF] HTTP GET /lib/bootstrap/dist/css/bootstrap.min.css responded 200 in 1.5994 ms
[12:12:31 INF] HTTP GET /lib/bootstrap/dist/js/bootstrap.bundle.min.js responded 200 in 0.9853 ms
[12:12:31 INF] HTTP GET /js/site.js responded 200 in 1.6864 ms
[12:12:33 INF] HTTP GET /Finance/Cashbox responded 200 in 209.9073 ms
[12:12:33 INF] HTTP GET /lib/bootstrap/dist/css/bootstrap.min.css responded 200 in 1.6389 ms
[12:12:33 INF] HTTP GET /css/site.css responded 200 in 0.7844 ms
[12:12:33 INF] HTTP GET /Biktal.WebMVC.styles.css responded 200 in 1.0603 ms
[12:12:33 INF] HTTP GET /lib/jquery/dist/jquery.min.js responded 304 in 0.3716 ms
[12:12:33 INF] HTTP GET /lib/bootstrap/dist/js/bootstrap.bundle.min.js responded 304 in 1.5927 ms
[12:12:33 INF] HTTP GET /js/site.js responded 304 in 0.8370 ms
[12:12:33 INF] HTTP GET /lib/jquery-validation-unobtrusive/dist/jquery.validate.unobtrusive.min.js responded 200 in 1.4783 ms
[12:12:33 INF] HTTP GET /lib/jquery-validation/dist/jquery.validate.min.js responded 200 in 0.7106 ms
[12:12:52 INF] HTTP POST /Finance/OpenCashboxSession responded 302 in 29.0294 ms
[12:12:52 INF] HTTP GET /Finance/Cashbox responded 200 in 23.8202 ms
[12:12:52 INF] HTTP GET /css/site.css responded 200 in 1.2084 ms
[12:12:52 INF] HTTP GET /lib/bootstrap/dist/css/bootstrap.min.css responded 200 in 2.1733 ms
[12:12:52 INF] HTTP GET /Biktal.WebMVC.styles.css responded 200 in 1.0127 ms
[12:12:52 INF] HTTP GET /lib/bootstrap/dist/js/bootstrap.bundle.min.js responded 304 in 0.3462 ms
[12:12:52 INF] HTTP GET /lib/jquery/dist/jquery.min.js responded 304 in 0.1678 ms
[12:12:52 INF] HTTP GET /js/site.js responded 304 in 0.1811 ms
[12:12:52 INF] HTTP GET /lib/jquery-validation/dist/jquery.validate.min.js responded 304 in 0.1803 ms
[12:12:52 INF] HTTP GET /lib/jquery-validation-unobtrusive/dist/jquery.validate.unobtrusive.min.js responded 304 in 0.1584 ms
[12:12:59 INF] HTTP GET /Insights responded 302 in 2.7944 ms
[12:12:59 INF] HTTP GET /Insights/Daily responded 200 in 142.7955 ms
[12:12:59 INF] HTTP GET /lib/bootstrap/dist/css/bootstrap.min.css responded 200 in 16.0392 ms
[12:12:59 INF] HTTP GET /Biktal.WebMVC.styles.css responded 200 in 1.0551 ms
[12:12:59 INF] HTTP GET /lib/bootstrap/dist/js/bootstrap.bundle.min.js responded 304 in 0.5245 ms
[12:12:59 INF] HTTP GET /lib/jquery/dist/jquery.min.js responded 304 in 5.0250 ms
[12:12:59 INF] HTTP GET /css/site.css responded 200 in 4.3515 ms
[12:12:59 INF] HTTP GET /js/site.js responded 304 in 0.1400 ms
[12:13:00 WRN] The query uses the 'First'/'FirstOrDefault' operator without 'OrderBy' and filter operators. This may lead to unpredictable results.
[12:13:00 WRN] The query uses the 'First'/'FirstOrDefault' operator without 'OrderBy' and filter operators. This may lead to unpredictable results.
[12:13:00 INF] HTTP GET /Operations responded 200 in 91.6969 ms
[12:13:00 INF] HTTP GET /lib/bootstrap/dist/css/bootstrap.min.css responded 200 in 0.8567 ms
[12:13:00 INF] HTTP GET /css/site.css responded 200 in 1.8195 ms
[12:13:00 INF] HTTP GET /lib/jquery/dist/jquery.min.js responded 304 in 1.3418 ms
[12:13:00 INF] HTTP GET /Biktal.WebMVC.styles.css responded 200 in 2.2196 ms
[12:13:00 INF] HTTP GET /js/site.js responded 304 in 0.8972 ms
[12:13:00 INF] HTTP GET /lib/bootstrap/dist/js/bootstrap.bundle.min.js responded 304 in 0.2297 ms
[12:13:03 INF] HTTP GET /Insights responded 302 in 0.5242 ms
[12:13:03 INF] HTTP GET /Insights/Daily responded 200 in 19.6643 ms
[12:13:04 INF] HTTP GET /lib/bootstrap/dist/css/bootstrap.min.css responded 304 in 0.2307 ms
[12:13:04 INF] HTTP GET /css/site.css responded 304 in 0.1752 ms
[12:13:04 INF] HTTP GET /lib/jquery/dist/jquery.min.js responded 304 in 0.1898 ms
[12:13:04 INF] HTTP GET /lib/bootstrap/dist/js/bootstrap.bundle.min.js responded 304 in 0.2473 ms
[12:13:04 INF] HTTP GET /js/site.js responded 304 in 0.1089 ms
[12:13:04 INF] HTTP GET /Biktal.WebMVC.styles.css responded 304 in 3.4921 ms
[12:13:14 INF] HTTP GET /Inventory/Products responded 200 in 261.4052 ms
[12:13:14 INF] HTTP GET /lib/bootstrap/dist/css/bootstrap.min.css responded 304 in 0.2441 ms
[12:13:14 INF] HTTP GET /Biktal.WebMVC.styles.css responded 304 in 0.8562 ms
[12:13:14 INF] HTTP GET /css/site.css responded 304 in 0.9796 ms
[12:13:15 INF] HTTP GET /lib/jquery/dist/jquery.min.js responded 304 in 0.3251 ms
[12:13:15 INF] HTTP GET /lib/bootstrap/dist/js/bootstrap.bundle.min.js responded 304 in 0.1969 ms
[12:13:15 INF] HTTP GET /js/site.js responded 304 in 2.8340 ms
[12:13:15 INF] HTTP GET /lib/jquery-validation/dist/jquery.validate.min.js responded 304 in 0.1968 ms
[12:13:15 INF] HTTP GET /lib/jquery-validation-unobtrusive/dist/jquery.validate.unobtrusive.min.js responded 304 in 0.1758 ms
[12:13:15 INF] HTTP GET /js/products-catalog-filter.js responded 200 in 21.8962 ms
[12:15:37 INF] HTTP GET /Inventory/Products responded 200 in 168.0224 ms
[12:15:37 INF] HTTP GET /css/site.css responded 200 in 1.8097 ms
[12:15:37 INF] HTTP GET /lib/bootstrap/dist/css/bootstrap.min.css responded 200 in 4.5780 ms
[12:15:37 INF] HTTP GET /Biktal.WebMVC.styles.css responded 200 in 2.5837 ms
[12:15:38 INF] HTTP GET /lib/jquery/dist/jquery.min.js responded 200 in 0.8915 ms
[12:15:38 INF] HTTP GET /lib/bootstrap/dist/js/bootstrap.bundle.min.js responded 200 in 1.3130 ms
[12:15:38 INF] HTTP GET /js/site.js responded 200 in 0.6494 ms
[12:15:38 INF] HTTP GET /js/products-catalog-filter.js responded 200 in 0.7484 ms
[12:15:38 INF] HTTP GET /lib/jquery-validation/dist/jquery.validate.min.js responded 200 in 1.5134 ms
[12:15:38 INF] HTTP GET /lib/jquery-validation-unobtrusive/dist/jquery.validate.unobtrusive.min.js responded 200 in 4.2623 ms
[12:16:02 INF] HTTP POST /Inventory/EditProduct responded 302 in 53.8108 ms
[12:16:02 INF] HTTP GET /Inventory/Products responded 200 in 113.8675 ms
[12:16:02 INF] HTTP GET /lib/bootstrap/dist/css/bootstrap.min.css responded 200 in 0.6713 ms
[12:16:02 INF] HTTP GET /css/site.css responded 200 in 0.8103 ms
[12:16:02 INF] HTTP GET /Biktal.WebMVC.styles.css responded 200 in 1.3393 ms
[12:16:03 INF] HTTP GET /lib/jquery/dist/jquery.min.js responded 304 in 0.1080 ms
[12:16:03 INF] HTTP GET /lib/bootstrap/dist/js/bootstrap.bundle.min.js responded 304 in 0.1464 ms
[12:16:03 INF] HTTP GET /js/site.js responded 304 in 0.1070 ms
[12:16:03 INF] HTTP GET /lib/jquery-validation/dist/jquery.validate.min.js responded 304 in 0.2373 ms
[12:16:03 INF] HTTP GET /lib/jquery-validation-unobtrusive/dist/jquery.validate.unobtrusive.min.js responded 304 in 0.1738 ms
[12:16:03 INF] HTTP GET /js/products-catalog-filter.js responded 304 in 0.0656 ms
[12:16:34 INF] HTTP GET /Inventory/Products responded 200 in 91.3436 ms
[12:16:34 INF] HTTP GET /css/site.css responded 200 in 4.2965 ms
[12:16:34 INF] HTTP GET /Biktal.WebMVC.styles.css responded 200 in 12.6768 ms
[12:16:34 INF] HTTP GET /lib/bootstrap/dist/css/bootstrap.min.css responded 200 in 17.8930 ms
[12:16:35 INF] HTTP GET /lib/jquery/dist/jquery.min.js responded 304 in 0.0932 ms
[12:16:35 INF] HTTP GET /lib/bootstrap/dist/js/bootstrap.bundle.min.js responded 304 in 0.1652 ms
[12:16:35 INF] HTTP GET /js/site.js responded 304 in 0.1379 ms
[12:16:35 INF] HTTP GET /lib/jquery-validation/dist/jquery.validate.min.js responded 304 in 0.1852 ms
[12:16:35 INF] HTTP GET /lib/jquery-validation-unobtrusive/dist/jquery.validate.unobtrusive.min.js responded 304 in 0.1695 ms
[12:16:35 INF] HTTP GET /js/products-catalog-filter.js responded 304 in 0.1832 ms
[12:16:50 INF] HTTP POST /Inventory/EditProduct responded 302 in 38.6104 ms
[12:16:50 INF] HTTP GET /Inventory/Products responded 200 in 65.0366 ms
[12:16:50 INF] HTTP GET /lib/bootstrap/dist/css/bootstrap.min.css responded 200 in 0.8441 ms
[12:16:50 INF] HTTP GET /css/site.css responded 200 in 2.0126 ms
[12:16:50 INF] HTTP GET /Biktal.WebMVC.styles.css responded 200 in 2.3709 ms
[12:16:51 INF] HTTP GET /lib/jquery/dist/jquery.min.js responded 304 in 0.1420 ms
[12:16:51 INF] HTTP GET /lib/bootstrap/dist/js/bootstrap.bundle.min.js responded 304 in 0.1269 ms
[12:16:51 INF] HTTP GET /js/site.js responded 304 in 0.1209 ms
[12:16:51 INF] HTTP GET /lib/jquery-validation-unobtrusive/dist/jquery.validate.unobtrusive.min.js responded 304 in 0.1056 ms
[12:16:51 INF] HTTP GET /lib/jquery-validation/dist/jquery.validate.min.js responded 304 in 0.3088 ms
[12:16:51 INF] HTTP GET /js/products-catalog-filter.js responded 304 in 0.1442 ms
[12:16:58 INF] HTTP GET /Inventory/Products responded 200 in 95.2129 ms
[12:16:58 INF] HTTP GET /css/site.css responded 304 in 0.1923 ms
[12:16:58 INF] HTTP GET /Biktal.WebMVC.styles.css responded 304 in 0.1102 ms
[12:16:58 INF] HTTP GET /lib/bootstrap/dist/css/bootstrap.min.css responded 304 in 0.3546 ms
[12:16:59 INF] HTTP GET /lib/jquery/dist/jquery.min.js responded 304 in 0.0997 ms
[12:16:59 INF] HTTP GET /lib/bootstrap/dist/js/bootstrap.bundle.min.js responded 304 in 0.1584 ms
[12:16:59 INF] HTTP GET /lib/jquery-validation/dist/jquery.validate.min.js responded 304 in 0.3750 ms
[12:16:59 INF] HTTP GET /lib/jquery-validation-unobtrusive/dist/jquery.validate.unobtrusive.min.js responded 304 in 0.1237 ms
[12:16:59 INF] HTTP GET /js/products-catalog-filter.js responded 304 in 0.0734 ms
[12:16:59 INF] HTTP GET /js/site.js responded 304 in 1.7575 ms
[12:17:16 INF] HTTP POST /Inventory/EditProduct responded 302 in 20.7658 ms
[12:17:16 INF] HTTP GET /Inventory/Products responded 200 in 70.9423 ms
[12:17:16 INF] HTTP GET /css/site.css responded 304 in 0.1158 ms
[12:17:16 INF] HTTP GET /Biktal.WebMVC.styles.css responded 304 in 0.0734 ms
[12:17:16 INF] HTTP GET /lib/bootstrap/dist/css/bootstrap.min.css responded 200 in 0.7193 ms
[12:17:16 INF] HTTP GET /lib/jquery/dist/jquery.min.js responded 304 in 0.1317 ms
[12:17:16 INF] HTTP GET /lib/bootstrap/dist/js/bootstrap.bundle.min.js responded 304 in 0.1473 ms
[12:17:16 INF] HTTP GET /js/site.js responded 304 in 0.0931 ms
[12:17:16 INF] HTTP GET /lib/jquery-validation/dist/jquery.validate.min.js responded 304 in 0.0731 ms
[12:17:16 INF] HTTP GET /lib/jquery-validation-unobtrusive/dist/jquery.validate.unobtrusive.min.js responded 304 in 0.1567 ms
[12:17:17 INF] HTTP GET /js/products-catalog-filter.js responded 304 in 3.6944 ms
[12:17:19 INF] HTTP GET /Inventory/Products responded 200 in 61.7976 ms
[12:17:19 INF] HTTP GET /lib/bootstrap/dist/css/bootstrap.min.css responded 304 in 0.1226 ms
[12:17:19 INF] HTTP GET /css/site.css responded 304 in 0.1446 ms
[12:17:19 INF] HTTP GET /Biktal.WebMVC.styles.css responded 304 in 0.1556 ms
[12:17:20 INF] HTTP GET /lib/jquery/dist/jquery.min.js responded 304 in 0.0810 ms
[12:17:20 INF] HTTP GET /lib/bootstrap/dist/js/bootstrap.bundle.min.js responded 304 in 0.2213 ms
[12:17:20 INF] HTTP GET /js/site.js responded 304 in 0.1023 ms
[12:17:20 INF] HTTP GET /lib/jquery-validation/dist/jquery.validate.min.js responded 304 in 0.1425 ms
[12:17:20 INF] HTTP GET /js/products-catalog-filter.js responded 304 in 0.1102 ms
[12:17:20 INF] HTTP GET /lib/jquery-validation-unobtrusive/dist/jquery.validate.unobtrusive.min.js responded 304 in 0.1104 ms
[12:17:27 INF] HTTP GET /Inventory/Products responded 200 in 74.9221 ms
[12:17:27 INF] HTTP GET /css/site.css responded 304 in 0.1334 ms
[12:17:27 INF] HTTP GET /lib/bootstrap/dist/css/bootstrap.min.css responded 304 in 0.1297 ms
[12:17:27 INF] HTTP GET /Biktal.WebMVC.styles.css responded 304 in 0.1516 ms
[12:17:28 INF] HTTP GET /lib/jquery/dist/jquery.min.js responded 304 in 0.0820 ms
[12:17:28 INF] HTTP GET /lib/bootstrap/dist/js/bootstrap.bundle.min.js responded 304 in 0.5518 ms
[12:17:28 INF] HTTP GET /js/site.js responded 304 in 0.1912 ms
[12:17:28 INF] HTTP GET /lib/jquery-validation/dist/jquery.validate.min.js responded 304 in 0.3635 ms
[12:17:28 INF] HTTP GET /js/products-catalog-filter.js responded 304 in 0.1015 ms
[12:17:28 INF] HTTP GET /lib/jquery-validation-unobtrusive/dist/jquery.validate.unobtrusive.min.js responded 304 in 0.1016 ms
[12:17:40 INF] HTTP POST /Inventory/EditProduct responded 302 in 81.9305 ms
[12:17:40 INF] HTTP GET /Inventory/Products responded 200 in 70.9646 ms
[12:17:40 INF] HTTP GET /css/site.css responded 304 in 0.1360 ms
[12:17:40 INF] HTTP GET /lib/bootstrap/dist/css/bootstrap.min.css responded 304 in 0.1710 ms
[12:17:40 INF] HTTP GET /Biktal.WebMVC.styles.css responded 304 in 0.1239 ms
[12:17:41 INF] HTTP GET /lib/jquery/dist/jquery.min.js responded 304 in 0.0866 ms
[12:17:41 INF] HTTP GET /lib/bootstrap/dist/js/bootstrap.bundle.min.js responded 304 in 0.1978 ms
[12:17:41 INF] HTTP GET /js/site.js responded 304 in 0.1064 ms
[12:17:41 INF] HTTP GET /lib/jquery-validation/dist/jquery.validate.min.js responded 304 in 0.0780 ms
[12:17:41 INF] HTTP GET /js/products-catalog-filter.js responded 304 in 0.1078 ms
[12:17:41 INF] HTTP GET /lib/jquery-validation-unobtrusive/dist/jquery.validate.unobtrusive.min.js responded 304 in 0.1078 ms
[12:17:46 INF] HTTP GET /Inventory/Products responded 200 in 80.4380 ms
[12:17:46 INF] HTTP GET /css/site.css responded 304 in 0.2324 ms
[12:17:46 INF] HTTP GET /lib/bootstrap/dist/css/bootstrap.min.css responded 304 in 0.3952 ms
[12:17:46 INF] HTTP GET /Biktal.WebMVC.styles.css responded 304 in 0.1225 ms
[12:17:47 INF] HTTP GET /lib/jquery/dist/jquery.min.js responded 304 in 0.0908 ms
[12:17:47 INF] HTTP GET /lib/bootstrap/dist/js/bootstrap.bundle.min.js responded 304 in 0.3259 ms
[12:17:47 INF] HTTP GET /js/site.js responded 304 in 0.1428 ms
[12:17:47 INF] HTTP GET /lib/jquery-validation-unobtrusive/dist/jquery.validate.unobtrusive.min.js responded 304 in 0.2962 ms
[12:17:47 INF] HTTP GET /js/products-catalog-filter.js responded 304 in 0.1068 ms
[12:17:47 INF] HTTP GET /lib/jquery-validation/dist/jquery.validate.min.js responded 304 in 0.0821 ms
[12:18:08 INF] HTTP POST /Inventory/EditProduct responded 302 in 19.3400 ms
[12:18:08 INF] HTTP GET /Inventory/Products responded 200 in 66.5661 ms
[12:18:08 INF] HTTP GET /lib/bootstrap/dist/css/bootstrap.min.css responded 200 in 1.5153 ms
[12:18:08 INF] HTTP GET /Biktal.WebMVC.styles.css responded 304 in 0.2655 ms
[12:18:08 INF] HTTP GET /css/site.css responded 304 in 0.1324 ms
[12:18:09 INF] HTTP GET /lib/jquery/dist/jquery.min.js responded 304 in 0.1022 ms
[12:18:09 INF] HTTP GET /lib/bootstrap/dist/js/bootstrap.bundle.min.js responded 304 in 0.1328 ms
[12:18:09 INF] HTTP GET /js/site.js responded 304 in 0.8397 ms
[12:18:09 INF] HTTP GET /lib/jquery-validation/dist/jquery.validate.min.js responded 304 in 0.1510 ms
[12:18:09 INF] HTTP GET /lib/jquery-validation-unobtrusive/dist/jquery.validate.unobtrusive.min.js responded 304 in 0.2735 ms
[12:18:09 INF] HTTP GET /js/products-catalog-filter.js responded 304 in 0.1966 ms
[12:18:36 INF] HTTP GET /Inventory/Products responded 200 in 66.6756 ms
[12:18:36 INF] HTTP GET /lib/bootstrap/dist/css/bootstrap.min.css responded 304 in 0.1707 ms
[12:18:36 INF] HTTP GET /css/site.css responded 304 in 0.1108 ms
[12:18:36 INF] HTTP GET /Biktal.WebMVC.styles.css responded 304 in 0.3533 ms
[12:18:37 INF] HTTP GET /lib/jquery/dist/jquery.min.js responded 304 in 0.0951 ms
[12:18:37 INF] HTTP GET /lib/bootstrap/dist/js/bootstrap.bundle.min.js responded 304 in 0.2260 ms
[12:18:37 INF] HTTP GET /js/site.js responded 304 in 0.3159 ms
[12:18:37 INF] HTTP GET /lib/jquery-validation/dist/jquery.validate.min.js responded 304 in 0.1468 ms
[12:18:37 INF] HTTP GET /lib/jquery-validation-unobtrusive/dist/jquery.validate.unobtrusive.min.js responded 304 in 0.1764 ms
[12:18:37 INF] HTTP GET /js/products-catalog-filter.js responded 304 in 0.6888 ms
[12:18:57 INF] HTTP POST /Inventory/EditProduct responded 302 in 12.0322 ms
[12:18:57 INF] HTTP GET /Inventory/Products responded 200 in 66.9812 ms
[12:18:57 INF] HTTP GET /css/site.css responded 304 in 0.1187 ms
[12:18:57 INF] HTTP GET /Biktal.WebMVC.styles.css responded 304 in 0.1624 ms
[12:18:57 INF] HTTP GET /lib/bootstrap/dist/css/bootstrap.min.css responded 200 in 6.0703 ms
[12:18:58 INF] HTTP GET /lib/jquery/dist/jquery.min.js responded 304 in 0.0886 ms
[12:18:58 INF] HTTP GET /lib/bootstrap/dist/js/bootstrap.bundle.min.js responded 304 in 0.1548 ms
[12:18:58 INF] HTTP GET /lib/jquery-validation-unobtrusive/dist/jquery.validate.unobtrusive.min.js responded 304 in 0.1211 ms
[12:18:58 INF] HTTP GET /lib/jquery-validation/dist/jquery.validate.min.js responded 304 in 0.0719 ms
[12:18:58 INF] HTTP GET /js/site.js responded 304 in 0.1335 ms
[12:18:58 INF] HTTP GET /js/products-catalog-filter.js responded 304 in 0.0791 ms
[12:19:07 INF] HTTP GET /Inventory/Products responded 200 in 78.9291 ms
[12:19:07 INF] HTTP GET /lib/bootstrap/dist/css/bootstrap.min.css responded 304 in 0.1744 ms
[12:19:07 INF] HTTP GET /css/site.css responded 304 in 0.0586 ms
[12:19:07 INF] HTTP GET /Biktal.WebMVC.styles.css responded 304 in 1.7603 ms
[12:19:08 INF] HTTP GET /lib/jquery/dist/jquery.min.js responded 304 in 0.0872 ms
[12:19:08 INF] HTTP GET /lib/bootstrap/dist/js/bootstrap.bundle.min.js responded 304 in 0.1586 ms
[12:19:08 INF] HTTP GET /js/site.js responded 304 in 0.1396 ms
[12:19:08 INF] HTTP GET /lib/jquery-validation/dist/jquery.validate.min.js responded 304 in 0.1061 ms
[12:19:08 INF] HTTP GET /lib/jquery-validation-unobtrusive/dist/jquery.validate.unobtrusive.min.js responded 304 in 0.1146 ms
[12:19:08 INF] HTTP GET /js/products-catalog-filter.js responded 304 in 0.1274 ms
[12:19:23 INF] HTTP POST /Inventory/EditProduct responded 302 in 10.7032 ms
[12:19:23 INF] HTTP GET /Inventory/Products responded 200 in 73.0585 ms
[12:19:23 INF] HTTP GET /lib/bootstrap/dist/css/bootstrap.min.css responded 304 in 0.1448 ms
[12:19:23 INF] HTTP GET /Biktal.WebMVC.styles.css responded 304 in 0.0946 ms
[12:19:23 INF] HTTP GET /css/site.css responded 304 in 1.4591 ms
[12:19:24 INF] HTTP GET /lib/jquery/dist/jquery.min.js responded 304 in 0.0904 ms
[12:19:24 INF] HTTP GET /lib/bootstrap/dist/js/bootstrap.bundle.min.js responded 304 in 0.1273 ms
[12:19:24 INF] HTTP GET /lib/jquery-validation/dist/jquery.validate.min.js responded 304 in 0.1031 ms
[12:19:24 INF] HTTP GET /js/site.js responded 304 in 0.1033 ms
[12:19:24 INF] HTTP GET /lib/jquery-validation-unobtrusive/dist/jquery.validate.unobtrusive.min.js responded 304 in 0.2599 ms
[12:19:24 INF] HTTP GET /js/products-catalog-filter.js responded 304 in 0.1953 ms
[12:19:29 INF] HTTP GET /Inventory/Products responded 200 in 67.5306 ms
[12:19:29 INF] HTTP GET /Biktal.WebMVC.styles.css responded 304 in 0.1190 ms
[12:19:29 INF] HTTP GET /lib/bootstrap/dist/css/bootstrap.min.css responded 200 in 1.2143 ms
[12:19:29 INF] HTTP GET /css/site.css responded 304 in 0.1214 ms
[12:19:30 INF] HTTP GET /lib/jquery/dist/jquery.min.js responded 304 in 0.0805 ms
[12:19:30 INF] HTTP GET /js/site.js responded 304 in 0.0915 ms
[12:19:30 INF] HTTP GET /lib/bootstrap/dist/js/bootstrap.bundle.min.js responded 304 in 0.2693 ms
[12:19:30 INF] HTTP GET /lib/jquery-validation-unobtrusive/dist/jquery.validate.unobtrusive.min.js responded 304 in 0.0667 ms
[12:19:30 INF] HTTP GET /lib/jquery-validation/dist/jquery.validate.min.js responded 304 in 0.0647 ms
[12:19:30 INF] HTTP GET /js/products-catalog-filter.js responded 304 in 0.0667 ms
[12:19:39 INF] HTTP POST /Inventory/EditProduct responded 302 in 11.3320 ms
[12:19:39 INF] HTTP GET /Inventory/Products responded 200 in 72.9415 ms
[12:19:39 INF] HTTP GET /lib/bootstrap/dist/css/bootstrap.min.css responded 304 in 0.1833 ms
[12:19:39 INF] HTTP GET /css/site.css responded 304 in 0.6337 ms
[12:19:39 INF] HTTP GET /Biktal.WebMVC.styles.css responded 304 in 0.1669 ms
[12:19:40 INF] HTTP GET /lib/jquery/dist/jquery.min.js responded 304 in 0.1020 ms
[12:19:40 INF] HTTP GET /lib/bootstrap/dist/js/bootstrap.bundle.min.js responded 304 in 0.2594 ms
[12:19:40 INF] HTTP GET /js/site.js responded 304 in 0.1336 ms
[12:19:40 INF] HTTP GET /lib/jquery-validation/dist/jquery.validate.min.js responded 304 in 0.3879 ms
[12:19:40 INF] HTTP GET /lib/jquery-validation-unobtrusive/dist/jquery.validate.unobtrusive.min.js responded 304 in 0.1752 ms
[12:19:40 INF] HTTP GET /js/products-catalog-filter.js responded 304 in 0.1384 ms
[12:19:44 INF] HTTP GET /Inventory/Products responded 200 in 68.2415 ms
[12:19:44 INF] HTTP GET /css/site.css responded 304 in 0.1691 ms
[12:19:44 INF] HTTP GET /Biktal.WebMVC.styles.css responded 304 in 0.1171 ms
[12:19:44 INF] HTTP GET /lib/bootstrap/dist/css/bootstrap.min.css responded 200 in 2.2779 ms
[12:19:44 INF] HTTP GET /lib/jquery/dist/jquery.min.js responded 304 in 0.1267 ms
[12:19:44 INF] HTTP GET /lib/bootstrap/dist/js/bootstrap.bundle.min.js responded 304 in 0.1318 ms
[12:19:44 INF] HTTP GET /js/site.js responded 304 in 0.1066 ms
[12:19:44 INF] HTTP GET /js/products-catalog-filter.js responded 304 in 0.0719 ms
[12:19:44 INF] HTTP GET /lib/jquery-validation-unobtrusive/dist/jquery.validate.unobtrusive.min.js responded 304 in 0.0719 ms
[12:19:44 INF] HTTP GET /lib/jquery-validation/dist/jquery.validate.min.js responded 304 in 0.0753 ms
[12:20:01 INF] HTTP POST /Inventory/EditProduct responded 302 in 10.9570 ms
[12:20:01 INF] HTTP GET /Inventory/Products responded 200 in 56.8732 ms
[12:20:01 INF] HTTP GET /lib/bootstrap/dist/css/bootstrap.min.css responded 200 in 0.9267 ms
[12:20:01 INF] HTTP GET /css/site.css responded 304 in 0.1205 ms
[12:20:01 INF] HTTP GET /Biktal.WebMVC.styles.css responded 304 in 0.1107 ms
[12:20:02 INF] HTTP GET /lib/jquery/dist/jquery.min.js responded 304 in 0.0945 ms
[12:20:02 INF] HTTP GET /lib/bootstrap/dist/js/bootstrap.bundle.min.js responded 304 in 0.1429 ms
[12:20:02 INF] HTTP GET /js/site.js responded 304 in 0.1952 ms
[12:20:02 INF] HTTP GET /lib/jquery-validation/dist/jquery.validate.min.js responded 304 in 0.2158 ms
[12:20:02 INF] HTTP GET /lib/jquery-validation-unobtrusive/dist/jquery.validate.unobtrusive.min.js responded 304 in 0.1441 ms
[12:20:02 INF] HTTP GET /js/products-catalog-filter.js responded 304 in 0.7341 ms
[12:20:08 INF] HTTP GET /Inventory/Products responded 200 in 69.6589 ms
[12:20:08 INF] HTTP GET /lib/bootstrap/dist/css/bootstrap.min.css responded 304 in 0.2719 ms
[12:20:08 INF] HTTP GET /css/site.css responded 304 in 0.1571 ms
[12:20:08 INF] HTTP GET /Biktal.WebMVC.styles.css responded 304 in 0.1225 ms
[12:20:09 INF] HTTP GET /lib/jquery/dist/jquery.min.js responded 304 in 0.0826 ms
[12:20:09 INF] HTTP GET /lib/bootstrap/dist/js/bootstrap.bundle.min.js responded 304 in 0.1408 ms
[12:20:09 INF] HTTP GET /js/site.js responded 304 in 0.1423 ms
[12:20:09 INF] HTTP GET /lib/jquery-validation-unobtrusive/dist/jquery.validate.unobtrusive.min.js responded 304 in 0.1293 ms
[12:20:09 INF] HTTP GET /js/products-catalog-filter.js responded 304 in 0.0839 ms
[12:20:09 INF] HTTP GET /lib/jquery-validation/dist/jquery.validate.min.js responded 304 in 0.1308 ms
[12:20:21 INF] HTTP POST /Inventory/EditProduct responded 302 in 59.6432 ms
[12:20:21 INF] HTTP GET /Inventory/Products responded 200 in 65.7314 ms
[12:20:21 INF] HTTP GET /lib/bootstrap/dist/css/bootstrap.min.css responded 200 in 1.0367 ms
[12:20:21 INF] HTTP GET /css/site.css responded 304 in 0.1273 ms
[12:20:21 INF] HTTP GET /Biktal.WebMVC.styles.css responded 304 in 0.1013 ms
[12:20:22 INF] HTTP GET /lib/jquery/dist/jquery.min.js responded 304 in 0.0898 ms
[12:20:22 INF] HTTP GET /lib/bootstrap/dist/js/bootstrap.bundle.min.js responded 304 in 2.0277 ms
[12:20:22 INF] HTTP GET /js/site.js responded 304 in 0.1241 ms
[12:20:22 INF] HTTP GET /lib/jquery-validation/dist/jquery.validate.min.js responded 304 in 0.3504 ms
[12:20:22 INF] HTTP GET /lib/jquery-validation-unobtrusive/dist/jquery.validate.unobtrusive.min.js responded 304 in 0.1602 ms
[12:20:22 INF] HTTP GET /js/products-catalog-filter.js responded 304 in 0.1815 ms
[12:20:27 INF] HTTP GET /Inventory/Products responded 200 in 62.9784 ms
[12:20:27 INF] HTTP GET /Biktal.WebMVC.styles.css responded 304 in 0.1252 ms
[12:20:27 INF] HTTP GET /lib/bootstrap/dist/css/bootstrap.min.css responded 304 in 0.1107 ms
[12:20:27 INF] HTTP GET /css/site.css responded 304 in 0.1009 ms
[12:20:28 INF] HTTP GET /lib/jquery/dist/jquery.min.js responded 304 in 0.0952 ms
[12:20:28 INF] HTTP GET /lib/bootstrap/dist/js/bootstrap.bundle.min.js responded 304 in 0.1592 ms
[12:20:28 INF] HTTP GET /js/site.js responded 304 in 0.0966 ms
[12:20:28 INF] HTTP GET /lib/jquery-validation/dist/jquery.validate.min.js responded 304 in 0.1247 ms
[12:20:28 INF] HTTP GET /lib/jquery-validation-unobtrusive/dist/jquery.validate.unobtrusive.min.js responded 304 in 0.2563 ms
[12:20:28 INF] HTTP GET /js/products-catalog-filter.js responded 304 in 0.1825 ms
[12:20:43 INF] HTTP POST /Inventory/EditProduct responded 302 in 12.6739 ms
[12:20:44 INF] HTTP GET /Inventory/Products responded 200 in 110.5719 ms
[12:20:44 INF] HTTP GET /lib/bootstrap/dist/css/bootstrap.min.css responded 200 in 1.0646 ms
[12:20:44 INF] HTTP GET /css/site.css responded 304 in 0.1732 ms
[12:20:44 INF] HTTP GET /Biktal.WebMVC.styles.css responded 304 in 0.1189 ms
[12:20:44 INF] HTTP GET /lib/jquery/dist/jquery.min.js responded 304 in 0.0814 ms
[12:20:44 INF] HTTP GET /lib/bootstrap/dist/js/bootstrap.bundle.min.js responded 304 in 0.1341 ms
[12:20:44 INF] HTTP GET /js/site.js responded 304 in 0.5323 ms
[12:20:44 INF] HTTP GET /lib/jquery-validation/dist/jquery.validate.min.js responded 304 in 0.3306 ms
[12:20:44 INF] HTTP GET /lib/jquery-validation-unobtrusive/dist/jquery.validate.unobtrusive.min.js responded 304 in 0.1633 ms
[12:20:44 INF] HTTP GET /js/products-catalog-filter.js responded 304 in 0.0940 ms
[12:20:49 INF] HTTP GET /Inventory/Products responded 200 in 77.5971 ms
[12:20:49 INF] HTTP GET /lib/bootstrap/dist/css/bootstrap.min.css responded 304 in 0.1518 ms
[12:20:49 INF] HTTP GET /Biktal.WebMVC.styles.css responded 304 in 0.9958 ms
[12:20:49 INF] HTTP GET /css/site.css responded 304 in 0.1958 ms
[12:20:50 INF] HTTP GET /lib/jquery/dist/jquery.min.js responded 304 in 0.0917 ms
[12:20:50 INF] HTTP GET /lib/bootstrap/dist/js/bootstrap.bundle.min.js responded 304 in 0.1670 ms
[12:20:50 INF] HTTP GET /js/site.js responded 304 in 0.1145 ms
[12:20:50 INF] HTTP GET /lib/jquery-validation/dist/jquery.validate.min.js responded 304 in 0.2012 ms
[12:20:50 INF] HTTP GET /lib/jquery-validation-unobtrusive/dist/jquery.validate.unobtrusive.min.js responded 304 in 1.6115 ms
[12:20:50 INF] HTTP GET /js/products-catalog-filter.js responded 304 in 0.1214 ms
[12:20:58 INF] HTTP POST /Inventory/EditProduct responded 302 in 14.3141 ms
[12:20:58 INF] HTTP GET /Inventory/Products responded 200 in 66.8688 ms
[12:20:58 INF] HTTP GET /lib/bootstrap/dist/css/bootstrap.min.css responded 304 in 0.2183 ms
[12:20:58 INF] HTTP GET /css/site.css responded 304 in 0.1681 ms
[12:20:58 INF] HTTP GET /Biktal.WebMVC.styles.css responded 304 in 0.0920 ms
[12:20:59 INF] HTTP GET /lib/jquery/dist/jquery.min.js responded 304 in 0.0938 ms
[12:20:59 INF] HTTP GET /lib/bootstrap/dist/js/bootstrap.bundle.min.js responded 304 in 0.1173 ms
[12:20:59 INF] HTTP GET /js/site.js responded 304 in 0.0866 ms
[12:20:59 INF] HTTP GET /lib/jquery-validation/dist/jquery.validate.min.js responded 304 in 0.0933 ms
[12:20:59 INF] HTTP GET /lib/jquery-validation-unobtrusive/dist/jquery.validate.unobtrusive.min.js responded 304 in 0.1910 ms
[12:20:59 INF] HTTP GET /js/products-catalog-filter.js responded 304 in 0.0930 ms
[12:21:04 INF] HTTP GET /Inventory/Products responded 200 in 76.3627 ms
[12:21:04 INF] HTTP GET /lib/bootstrap/dist/css/bootstrap.min.css responded 304 in 0.1711 ms
[12:21:04 INF] HTTP GET /css/site.css responded 304 in 2.4279 ms
[12:21:04 INF] HTTP GET /Biktal.WebMVC.styles.css responded 304 in 0.1222 ms
[12:21:05 INF] HTTP GET /lib/jquery/dist/jquery.min.js responded 304 in 0.0911 ms
[12:21:05 INF] HTTP GET /lib/bootstrap/dist/js/bootstrap.bundle.min.js responded 304 in 0.7892 ms
[12:21:05 INF] HTTP GET /js/site.js responded 304 in 0.1034 ms
[12:21:05 INF] HTTP GET /lib/jquery-validation/dist/jquery.validate.min.js responded 304 in 0.1223 ms
[12:21:05 INF] HTTP GET /lib/jquery-validation-unobtrusive/dist/jquery.validate.unobtrusive.min.js responded 304 in 0.2164 ms
[12:21:05 INF] HTTP GET /js/products-catalog-filter.js responded 304 in 0.1768 ms
[12:21:15 INF] HTTP POST /Inventory/EditProduct responded 302 in 12.2056 ms
[12:21:15 INF] HTTP GET /Inventory/Products responded 200 in 120.6396 ms
[12:21:15 INF] HTTP GET /lib/bootstrap/dist/css/bootstrap.min.css responded 304 in 0.1435 ms
[12:21:15 INF] HTTP GET /css/site.css responded 304 in 0.1735 ms
[12:21:15 INF] HTTP GET /Biktal.WebMVC.styles.css responded 304 in 0.1134 ms
[12:21:16 INF] HTTP GET /lib/jquery/dist/jquery.min.js responded 304 in 0.1192 ms
[12:21:16 INF] HTTP GET /lib/bootstrap/dist/js/bootstrap.bundle.min.js responded 304 in 0.1587 ms
[12:21:16 INF] HTTP GET /js/site.js responded 304 in 0.2953 ms
[12:21:16 INF] HTTP GET /lib/jquery-validation/dist/jquery.validate.min.js responded 304 in 0.2285 ms
[12:21:16 INF] HTTP GET /lib/jquery-validation-unobtrusive/dist/jquery.validate.unobtrusive.min.js responded 304 in 0.1908 ms
[12:21:16 INF] HTTP GET /js/products-catalog-filter.js responded 304 in 0.1346 ms
[12:21:20 INF] HTTP GET /Inventory/Products responded 200 in 71.6119 ms
[12:21:20 INF] HTTP GET /css/site.css responded 304 in 0.1360 ms
[12:21:20 INF] HTTP GET /lib/bootstrap/dist/css/bootstrap.min.css responded 304 in 0.2007 ms
[12:21:20 INF] HTTP GET /Biktal.WebMVC.styles.css responded 304 in 1.4761 ms
[12:21:22 INF] HTTP GET /lib/jquery/dist/jquery.min.js responded 304 in 0.1104 ms
[12:21:22 INF] HTTP GET /lib/bootstrap/dist/js/bootstrap.bundle.min.js responded 304 in 0.1600 ms
[12:21:22 INF] HTTP GET /js/site.js responded 304 in 0.7450 ms
[12:21:22 INF] HTTP GET /lib/jquery-validation/dist/jquery.validate.min.js responded 304 in 0.1257 ms
[12:21:22 INF] HTTP GET /lib/jquery-validation-unobtrusive/dist/jquery.validate.unobtrusive.min.js responded 304 in 0.0698 ms
[12:21:22 INF] HTTP GET /js/products-catalog-filter.js responded 304 in 0.1212 ms
[12:21:32 INF] HTTP POST /Inventory/EditProduct responded 302 in 21.0347 ms
[12:21:32 INF] HTTP GET /Inventory/Products responded 200 in 84.0764 ms
[12:21:32 INF] HTTP GET /lib/bootstrap/dist/css/bootstrap.min.css responded 200 in 0.8154 ms
[12:21:32 INF] HTTP GET /css/site.css responded 304 in 0.2264 ms
[12:21:32 INF] HTTP GET /Biktal.WebMVC.styles.css responded 304 in 0.1517 ms
[12:21:33 INF] HTTP GET /lib/jquery/dist/jquery.min.js responded 304 in 0.0820 ms
[12:21:33 INF] HTTP GET /lib/bootstrap/dist/js/bootstrap.bundle.min.js responded 304 in 0.3520 ms
[12:21:33 INF] HTTP GET /js/site.js responded 304 in 0.3376 ms
[12:21:33 INF] HTTP GET /lib/jquery-validation/dist/jquery.validate.min.js responded 304 in 0.1384 ms
[12:21:33 INF] HTTP GET /lib/jquery-validation-unobtrusive/dist/jquery.validate.unobtrusive.min.js responded 304 in 0.1342 ms
[12:21:33 INF] HTTP GET /js/products-catalog-filter.js responded 304 in 0.1264 ms
[12:21:37 INF] HTTP GET /Inventory/Products responded 200 in 90.1526 ms
[12:21:37 INF] HTTP GET /lib/bootstrap/dist/css/bootstrap.min.css responded 304 in 0.1636 ms
[12:21:37 INF] HTTP GET /css/site.css responded 304 in 0.1348 ms
[12:21:37 INF] HTTP GET /Biktal.WebMVC.styles.css responded 304 in 0.2216 ms
[12:21:38 INF] HTTP GET /lib/jquery/dist/jquery.min.js responded 304 in 0.0924 ms
[12:21:38 INF] HTTP GET /lib/bootstrap/dist/js/bootstrap.bundle.min.js responded 304 in 0.1390 ms
[12:21:38 INF] HTTP GET /js/site.js responded 304 in 0.1035 ms
[12:21:38 INF] HTTP GET /lib/jquery-validation/dist/jquery.validate.min.js responded 304 in 0.2966 ms
[12:21:38 INF] HTTP GET /lib/jquery-validation-unobtrusive/dist/jquery.validate.unobtrusive.min.js responded 304 in 0.1638 ms
[12:21:38 INF] HTTP GET /js/products-catalog-filter.js responded 304 in 0.5240 ms
[12:21:48 INF] HTTP POST /Inventory/EditProduct responded 302 in 12.5396 ms
[12:21:48 INF] HTTP GET /Inventory/Products responded 200 in 104.1902 ms
[12:21:48 INF] HTTP GET /Biktal.WebMVC.styles.css responded 304 in 0.1340 ms
[12:21:48 INF] HTTP GET /lib/bootstrap/dist/css/bootstrap.min.css responded 304 in 0.1321 ms
[12:21:48 INF] HTTP GET /css/site.css responded 304 in 0.1176 ms
[12:21:49 INF] HTTP GET /lib/jquery/dist/jquery.min.js responded 304 in 0.1004 ms
[12:21:49 INF] HTTP GET /lib/bootstrap/dist/js/bootstrap.bundle.min.js responded 304 in 0.1357 ms
[12:21:49 INF] HTTP GET /js/site.js responded 304 in 0.1264 ms
[12:21:49 INF] HTTP GET /lib/jquery-validation-unobtrusive/dist/jquery.validate.unobtrusive.min.js responded 304 in 0.2097 ms
[12:21:49 INF] HTTP GET /js/products-catalog-filter.js responded 304 in 0.1232 ms
[12:21:49 INF] HTTP GET /lib/jquery-validation/dist/jquery.validate.min.js responded 304 in 0.1130 ms
[12:21:53 INF] HTTP GET /Inventory/Products responded 200 in 74.5140 ms
[12:21:53 INF] HTTP GET /lib/bootstrap/dist/css/bootstrap.min.css responded 304 in 0.3887 ms
[12:21:53 INF] HTTP GET /Biktal.WebMVC.styles.css responded 304 in 0.0777 ms
[12:21:53 INF] HTTP GET /css/site.css responded 304 in 0.1180 ms
[12:21:54 INF] HTTP GET /lib/jquery/dist/jquery.min.js responded 304 in 0.0812 ms
[12:21:54 INF] HTTP GET /lib/bootstrap/dist/js/bootstrap.bundle.min.js responded 304 in 0.1405 ms
[12:21:54 INF] HTTP GET /js/site.js responded 304 in 0.1241 ms
[12:21:54 INF] HTTP GET /lib/jquery-validation/dist/jquery.validate.min.js responded 304 in 0.1452 ms
[12:21:54 INF] HTTP GET /lib/jquery-validation-unobtrusive/dist/jquery.validate.unobtrusive.min.js responded 304 in 0.1303 ms
[12:21:54 INF] HTTP GET /js/products-catalog-filter.js responded 304 in 0.0888 ms
[12:22:03 INF] HTTP POST /Inventory/EditProduct responded 302 in 12.2640 ms
[12:22:03 INF] HTTP GET /Inventory/Products responded 200 in 63.8060 ms
[12:22:03 INF] HTTP GET /lib/bootstrap/dist/css/bootstrap.min.css responded 304 in 0.1401 ms
[12:22:03 INF] HTTP GET /css/site.css responded 304 in 0.2011 ms
[12:22:03 INF] HTTP GET /Biktal.WebMVC.styles.css responded 304 in 0.2303 ms
[12:22:04 INF] HTTP GET /lib/jquery/dist/jquery.min.js responded 304 in 0.0873 ms
[12:22:04 INF] HTTP GET /lib/bootstrap/dist/js/bootstrap.bundle.min.js responded 304 in 0.1364 ms
[12:22:04 INF] HTTP GET /js/site.js responded 304 in 0.5845 ms
[12:22:04 INF] HTTP GET /lib/jquery-validation/dist/jquery.validate.min.js responded 304 in 0.2228 ms
[12:22:04 INF] HTTP GET /lib/jquery-validation-unobtrusive/dist/jquery.validate.unobtrusive.min.js responded 304 in 0.1285 ms
[12:22:04 INF] HTTP GET /js/products-catalog-filter.js responded 304 in 0.1281 ms
[12:22:11 INF] HTTP GET /Inventory/Products responded 200 in 73.9244 ms
[12:22:11 INF] HTTP GET /lib/bootstrap/dist/css/bootstrap.min.css responded 304 in 0.1456 ms
[12:22:11 INF] HTTP GET /css/site.css responded 304 in 0.1407 ms
[12:22:11 INF] HTTP GET /Biktal.WebMVC.styles.css responded 304 in 0.1097 ms
[12:22:12 INF] HTTP GET /lib/jquery/dist/jquery.min.js responded 304 in 0.0918 ms
[12:22:12 INF] HTTP GET /lib/bootstrap/dist/js/bootstrap.bundle.min.js responded 304 in 0.2180 ms
[12:22:12 INF] HTTP GET /js/site.js responded 304 in 0.1161 ms
[12:22:12 INF] HTTP GET /lib/jquery-validation/dist/jquery.validate.min.js responded 304 in 0.0906 ms
[12:22:12 INF] HTTP GET /lib/jquery-validation-unobtrusive/dist/jquery.validate.unobtrusive.min.js responded 304 in 0.1343 ms
[12:22:12 INF] HTTP GET /js/products-catalog-filter.js responded 304 in 0.0760 ms
[12:22:27 INF] HTTP POST /Inventory/EditProduct responded 302 in 11.9393 ms
[12:22:27 INF] HTTP GET /Inventory/Products responded 200 in 74.6275 ms
[12:22:27 INF] HTTP GET /css/site.css responded 304 in 0.1199 ms
[12:22:27 INF] HTTP GET /Biktal.WebMVC.styles.css responded 304 in 0.1040 ms
[12:22:27 INF] HTTP GET /lib/bootstrap/dist/css/bootstrap.min.css responded 200 in 1.0025 ms
[12:22:28 INF] HTTP GET /lib/jquery/dist/jquery.min.js responded 304 in 0.0812 ms
[12:22:28 INF] HTTP GET /lib/bootstrap/dist/js/bootstrap.bundle.min.js responded 304 in 0.3198 ms
[12:22:28 INF] HTTP GET /lib/jquery-validation/dist/jquery.validate.min.js responded 304 in 0.1204 ms
[12:22:28 INF] HTTP GET /js/site.js responded 304 in 0.3177 ms
[12:22:28 INF] HTTP GET /js/products-catalog-filter.js responded 304 in 0.1297 ms
[12:22:28 INF] HTTP GET /lib/jquery-validation-unobtrusive/dist/jquery.validate.unobtrusive.min.js responded 304 in 0.1662 ms
[12:22:32 INF] HTTP GET /Inventory/Products responded 200 in 64.8514 ms
[12:22:32 INF] HTTP GET /lib/bootstrap/dist/css/bootstrap.min.css responded 304 in 1.0953 ms
[12:22:32 INF] HTTP GET /css/site.css responded 304 in 0.1411 ms
[12:22:32 INF] HTTP GET /Biktal.WebMVC.styles.css responded 304 in 0.1429 ms
[12:22:33 INF] HTTP GET /lib/jquery/dist/jquery.min.js responded 304 in 0.0849 ms
[12:22:33 INF] HTTP GET /lib/bootstrap/dist/js/bootstrap.bundle.min.js responded 304 in 0.1471 ms
[12:22:33 INF] HTTP GET /js/site.js responded 304 in 0.1242 ms
[12:22:33 INF] HTTP GET /lib/jquery-validation/dist/jquery.validate.min.js responded 304 in 0.1077 ms
[12:22:33 INF] HTTP GET /lib/jquery-validation-unobtrusive/dist/jquery.validate.unobtrusive.min.js responded 304 in 0.1470 ms
[12:22:33 INF] HTTP GET /js/products-catalog-filter.js responded 304 in 0.3250 ms
[12:22:45 INF] HTTP POST /Inventory/EditProduct responded 302 in 82.6425 ms
[12:22:45 INF] HTTP GET /Inventory/Products responded 200 in 60.9857 ms
[12:22:45 INF] HTTP GET /lib/bootstrap/dist/css/bootstrap.min.css responded 304 in 0.2604 ms
[12:22:45 INF] HTTP GET /css/site.css responded 304 in 0.1743 ms
[12:22:45 INF] HTTP GET /Biktal.WebMVC.styles.css responded 304 in 0.0927 ms
[12:22:46 INF] HTTP GET /lib/jquery/dist/jquery.min.js responded 304 in 0.0895 ms
[12:22:46 INF] HTTP GET /lib/bootstrap/dist/js/bootstrap.bundle.min.js responded 304 in 0.1100 ms
[12:22:46 INF] HTTP GET /js/site.js responded 304 in 0.1404 ms
[12:22:46 INF] HTTP GET /lib/jquery-validation/dist/jquery.validate.min.js responded 304 in 0.5303 ms
[12:22:46 INF] HTTP GET /lib/jquery-validation-unobtrusive/dist/jquery.validate.unobtrusive.min.js responded 304 in 0.1548 ms
[12:22:46 INF] HTTP GET /js/products-catalog-filter.js responded 304 in 0.1047 ms
[12:22:50 INF] HTTP GET /Inventory/Products responded 200 in 71.7563 ms
[12:22:50 INF] HTTP GET /lib/bootstrap/dist/css/bootstrap.min.css responded 200 in 9.0674 ms
[12:22:50 INF] HTTP GET /css/site.css responded 304 in 0.1456 ms
[12:22:50 INF] HTTP GET /Biktal.WebMVC.styles.css responded 304 in 0.0765 ms
[12:22:50 INF] HTTP GET /lib/jquery/dist/jquery.min.js responded 304 in 0.1101 ms
[12:22:50 INF] HTTP GET /lib/bootstrap/dist/js/bootstrap.bundle.min.js responded 304 in 0.5149 ms
[12:22:50 INF] HTTP GET /js/site.js responded 304 in 0.1199 ms
[12:22:50 INF] HTTP GET /lib/jquery-validation/dist/jquery.validate.min.js responded 304 in 0.1834 ms
[12:22:50 INF] HTTP GET /lib/jquery-validation-unobtrusive/dist/jquery.validate.unobtrusive.min.js responded 304 in 0.2095 ms
[12:22:50 INF] HTTP GET /js/products-catalog-filter.js responded 304 in 0.1711 ms
[12:22:59 INF] HTTP POST /Inventory/EditProduct responded 302 in 16.7071 ms
[12:22:59 INF] HTTP GET /Inventory/Products responded 200 in 69.2848 ms
[12:22:59 INF] HTTP GET /lib/bootstrap/dist/css/bootstrap.min.css responded 200 in 0.7562 ms
[12:22:59 INF] HTTP GET /css/site.css responded 304 in 0.1211 ms
[12:22:59 INF] HTTP GET /Biktal.WebMVC.styles.css responded 304 in 0.1225 ms
[12:23:00 INF] HTTP GET /lib/jquery/dist/jquery.min.js responded 304 in 0.0899 ms
[12:23:00 INF] HTTP GET /lib/bootstrap/dist/js/bootstrap.bundle.min.js responded 304 in 0.1201 ms
[12:23:00 INF] HTTP GET /js/site.js responded 304 in 0.6078 ms
[12:23:00 INF] HTTP GET /lib/jquery-validation/dist/jquery.validate.min.js responded 304 in 0.2755 ms
[12:23:00 INF] HTTP GET /lib/jquery-validation-unobtrusive/dist/jquery.validate.unobtrusive.min.js responded 304 in 1.2247 ms
[12:23:00 INF] HTTP GET /js/products-catalog-filter.js responded 304 in 0.1909 ms
[12:23:06 INF] HTTP GET /Inventory/Products responded 200 in 72.2310 ms
[12:23:06 INF] HTTP GET /css/site.css responded 304 in 0.0967 ms
[12:23:06 INF] HTTP GET /lib/bootstrap/dist/css/bootstrap.min.css responded 200 in 7.1535 ms
[12:23:06 INF] HTTP GET /Biktal.WebMVC.styles.css responded 304 in 0.2388 ms
[12:23:07 INF] HTTP GET /lib/jquery/dist/jquery.min.js responded 304 in 0.1272 ms
[12:23:07 INF] HTTP GET /lib/bootstrap/dist/js/bootstrap.bundle.min.js responded 304 in 0.1407 ms
[12:23:07 INF] HTTP GET /js/site.js responded 304 in 0.1107 ms
[12:23:07 INF] HTTP GET /lib/jquery-validation/dist/jquery.validate.min.js responded 304 in 0.1463 ms
[12:23:07 INF] HTTP GET /lib/jquery-validation-unobtrusive/dist/jquery.validate.unobtrusive.min.js responded 304 in 0.1341 ms
[12:23:07 INF] HTTP GET /js/products-catalog-filter.js responded 304 in 0.3103 ms
[12:23:17 INF] HTTP POST /Inventory/EditProduct responded 302 in 70.2890 ms
[12:23:17 INF] HTTP GET /Inventory/Products responded 200 in 101.1686 ms
[12:23:17 INF] HTTP GET /css/site.css responded 304 in 0.4918 ms
[12:23:17 INF] HTTP GET /lib/bootstrap/dist/css/bootstrap.min.css responded 200 in 4.6946 ms
[12:23:17 INF] HTTP GET /Biktal.WebMVC.styles.css responded 304 in 0.1543 ms
[12:23:18 INF] HTTP GET /lib/jquery/dist/jquery.min.js responded 304 in 0.1098 ms
[12:23:18 INF] HTTP GET /lib/bootstrap/dist/js/bootstrap.bundle.min.js responded 304 in 0.2435 ms
[12:23:18 INF] HTTP GET /js/site.js responded 304 in 0.1177 ms
[12:23:18 INF] HTTP GET /lib/jquery-validation/dist/jquery.validate.min.js responded 304 in 0.2223 ms
[12:23:18 INF] HTTP GET /lib/jquery-validation-unobtrusive/dist/jquery.validate.unobtrusive.min.js responded 304 in 0.1488 ms
[12:23:18 INF] HTTP GET /js/products-catalog-filter.js responded 304 in 0.1621 ms
[12:23:22 INF] HTTP GET /Inventory/Products responded 200 in 81.1807 ms
[12:23:22 INF] HTTP GET /lib/bootstrap/dist/css/bootstrap.min.css responded 304 in 0.2197 ms
[12:23:22 INF] HTTP GET /css/site.css responded 304 in 0.1659 ms
[12:23:22 INF] HTTP GET /Biktal.WebMVC.styles.css responded 304 in 0.1316 ms
[12:23:23 INF] HTTP GET /lib/jquery/dist/jquery.min.js responded 304 in 0.0837 ms
[12:23:23 INF] HTTP GET /lib/bootstrap/dist/js/bootstrap.bundle.min.js responded 304 in 0.1757 ms
[12:23:23 INF] HTTP GET /js/site.js responded 304 in 0.1109 ms
[12:23:23 INF] HTTP GET /js/products-catalog-filter.js responded 304 in 0.1281 ms
[12:23:23 INF] HTTP GET /lib/jquery-validation/dist/jquery.validate.min.js responded 304 in 0.0902 ms
[12:23:23 INF] HTTP GET /lib/jquery-validation-unobtrusive/dist/jquery.validate.unobtrusive.min.js responded 304 in 0.0911 ms
[12:23:36 INF] HTTP POST /Inventory/EditProduct responded 302 in 11.7605 ms
[12:23:36 INF] HTTP GET /Inventory/Products responded 200 in 67.0758 ms
[12:23:37 INF] HTTP GET /css/site.css responded 304 in 0.1450 ms
[12:23:37 INF] HTTP GET /lib/bootstrap/dist/css/bootstrap.min.css responded 200 in 1.0273 ms
[12:23:37 INF] HTTP GET /Biktal.WebMVC.styles.css responded 304 in 0.1643 ms
[12:23:37 INF] HTTP GET /lib/jquery/dist/jquery.min.js responded 304 in 0.0931 ms
[12:23:37 INF] HTTP GET /lib/bootstrap/dist/js/bootstrap.bundle.min.js responded 304 in 0.1707 ms
[12:23:37 INF] HTTP GET /js/site.js responded 304 in 0.0704 ms
[12:23:37 INF] HTTP GET /lib/jquery-validation/dist/jquery.validate.min.js responded 304 in 0.1093 ms
[12:23:37 INF] HTTP GET /lib/jquery-validation-unobtrusive/dist/jquery.validate.unobtrusive.min.js responded 304 in 0.1588 ms
[12:23:37 INF] HTTP GET /js/products-catalog-filter.js responded 304 in 0.1340 ms
[12:23:42 INF] HTTP GET /Inventory/Products responded 200 in 75.0079 ms
[12:23:42 INF] HTTP GET /lib/bootstrap/dist/css/bootstrap.min.css responded 304 in 0.1455 ms
[12:23:42 INF] HTTP GET /Biktal.WebMVC.styles.css responded 304 in 0.1069 ms
[12:23:42 INF] HTTP GET /css/site.css responded 304 in 0.0758 ms
[12:23:42 INF] HTTP GET /lib/jquery/dist/jquery.min.js responded 304 in 0.0914 ms
[12:23:42 INF] HTTP GET /lib/bootstrap/dist/js/bootstrap.bundle.min.js responded 304 in 0.2263 ms
[12:23:42 INF] HTTP GET /js/site.js responded 304 in 0.0944 ms
[12:23:42 INF] HTTP GET /lib/jquery-validation/dist/jquery.validate.min.js responded 304 in 0.0860 ms
[12:23:42 INF] HTTP GET /lib/jquery-validation-unobtrusive/dist/jquery.validate.unobtrusive.min.js responded 304 in 0.1449 ms
[12:23:42 INF] HTTP GET /js/products-catalog-filter.js responded 304 in 0.0915 ms
[12:24:23 INF] HTTP POST /Inventory/EditProduct responded 302 in 16.4471 ms
[12:24:23 INF] HTTP GET /Inventory/Products responded 200 in 141.4436 ms
[12:24:23 INF] HTTP GET /lib/bootstrap/dist/css/bootstrap.min.css responded 200 in 0.8340 ms
[12:24:23 INF] HTTP GET /Biktal.WebMVC.styles.css responded 200 in 1.3426 ms
[12:24:23 INF] HTTP GET /css/site.css responded 200 in 1.8743 ms
[12:24:24 INF] HTTP GET /lib/jquery/dist/jquery.min.js responded 200 in 0.5260 ms
[12:24:24 INF] HTTP GET /lib/bootstrap/dist/js/bootstrap.bundle.min.js responded 200 in 0.7102 ms
[12:24:24 INF] HTTP GET /js/site.js responded 200 in 0.6072 ms
[12:24:24 INF] HTTP GET /lib/jquery-validation/dist/jquery.validate.min.js responded 200 in 0.4728 ms
[12:24:24 INF] HTTP GET /lib/jquery-validation-unobtrusive/dist/jquery.validate.unobtrusive.min.js responded 200 in 0.5685 ms
[12:24:24 INF] HTTP GET /js/products-catalog-filter.js responded 200 in 3.9763 ms
[12:24:28 INF] HTTP GET /Inventory/Products responded 200 in 72.6770 ms
[12:24:29 INF] HTTP GET /lib/bootstrap/dist/css/bootstrap.min.css responded 200 in 1.3694 ms
[12:24:29 INF] HTTP GET /css/site.css responded 200 in 0.5185 ms
[12:24:29 INF] HTTP GET /Biktal.WebMVC.styles.css responded 200 in 0.9344 ms
[12:24:29 INF] HTTP GET /lib/jquery/dist/jquery.min.js responded 200 in 0.4532 ms
[12:24:29 INF] HTTP GET /lib/bootstrap/dist/js/bootstrap.bundle.min.js responded 200 in 1.9904 ms
[12:24:29 INF] HTTP GET /js/site.js responded 200 in 0.5494 ms
[12:24:29 INF] HTTP GET /lib/jquery-validation/dist/jquery.validate.min.js responded 200 in 0.4175 ms
[12:24:29 INF] HTTP GET /lib/jquery-validation-unobtrusive/dist/jquery.validate.unobtrusive.min.js responded 200 in 0.4871 ms
[12:24:29 INF] HTTP GET /js/products-catalog-filter.js responded 200 in 1.1785 ms
[12:24:42 INF] HTTP POST /Inventory/EditProduct responded 302 in 11.8943 ms
[12:24:42 INF] HTTP GET /Inventory/Products responded 200 in 71.4423 ms
[12:24:42 INF] HTTP GET /lib/bootstrap/dist/css/bootstrap.min.css responded 200 in 0.9311 ms
[12:24:42 INF] HTTP GET /Biktal.WebMVC.styles.css responded 200 in 0.8451 ms
[12:24:42 INF] HTTP GET /css/site.css responded 200 in 2.7704 ms
[12:24:43 INF] HTTP GET /lib/jquery/dist/jquery.min.js responded 304 in 0.1178 ms
[12:24:43 INF] HTTP GET /js/site.js responded 304 in 0.0820 ms
[12:24:43 INF] HTTP GET /lib/jquery-validation-unobtrusive/dist/jquery.validate.unobtrusive.min.js responded 304 in 0.0619 ms
[12:24:43 INF] HTTP GET /js/products-catalog-filter.js responded 304 in 0.0494 ms
[12:24:43 INF] HTTP GET /lib/jquery-validation/dist/jquery.validate.min.js responded 304 in 0.1271 ms
[12:24:43 INF] HTTP GET /lib/bootstrap/dist/js/bootstrap.bundle.min.js responded 304 in 0.2615 ms
[12:24:49 INF] HTTP GET /Inventory/Products responded 200 in 75.3519 ms
[12:24:49 INF] HTTP GET /lib/bootstrap/dist/css/bootstrap.min.css responded 304 in 0.1501 ms
[12:24:49 INF] HTTP GET /css/site.css responded 304 in 0.1557 ms
[12:24:49 INF] HTTP GET /Biktal.WebMVC.styles.css responded 304 in 0.0877 ms
[12:24:50 INF] HTTP GET /lib/jquery/dist/jquery.min.js responded 304 in 0.0881 ms
[12:24:50 INF] HTTP GET /lib/bootstrap/dist/js/bootstrap.bundle.min.js responded 304 in 0.1198 ms
[12:24:50 INF] HTTP GET /js/site.js responded 304 in 0.1465 ms
[12:24:50 INF] HTTP GET /lib/jquery-validation-unobtrusive/dist/jquery.validate.unobtrusive.min.js responded 304 in 0.1700 ms
[12:24:50 INF] HTTP GET /lib/jquery-validation/dist/jquery.validate.min.js responded 304 in 0.7749 ms
[12:24:50 INF] HTTP GET /js/products-catalog-filter.js responded 304 in 0.1871 ms
[12:24:59 INF] HTTP POST /Inventory/EditProduct responded 302 in 13.6221 ms
[12:24:59 INF] HTTP GET /Inventory/Products responded 200 in 73.1241 ms
[12:24:59 INF] HTTP GET /lib/bootstrap/dist/css/bootstrap.min.css responded 304 in 0.1646 ms
[12:24:59 INF] HTTP GET /css/site.css responded 304 in 1.4436 ms
[12:24:59 INF] HTTP GET /Biktal.WebMVC.styles.css responded 304 in 0.3042 ms
[12:25:00 INF] HTTP GET /lib/jquery/dist/jquery.min.js responded 304 in 0.0953 ms
[12:25:00 INF] HTTP GET /lib/bootstrap/dist/js/bootstrap.bundle.min.js responded 304 in 0.1434 ms
[12:25:00 INF] HTTP GET /js/site.js responded 304 in 0.1085 ms
[12:25:00 INF] HTTP GET /lib/jquery-validation/dist/jquery.validate.min.js responded 304 in 0.1077 ms
[12:25:00 INF] HTTP GET /lib/jquery-validation-unobtrusive/dist/jquery.validate.unobtrusive.min.js responded 304 in 0.1561 ms
[12:25:00 INF] HTTP GET /js/products-catalog-filter.js responded 304 in 0.5076 ms
[12:25:04 INF] HTTP GET /Inventory/Products responded 200 in 70.6582 ms
[12:25:04 INF] HTTP GET /Biktal.WebMVC.styles.css responded 304 in 0.1590 ms
[12:25:04 INF] HTTP GET /lib/bootstrap/dist/css/bootstrap.min.css responded 304 in 0.4552 ms
[12:25:04 INF] HTTP GET /css/site.css responded 304 in 0.1317 ms
[12:25:04 INF] HTTP GET /lib/jquery/dist/jquery.min.js responded 304 in 0.1045 ms
[12:25:04 INF] HTTP GET /lib/bootstrap/dist/js/bootstrap.bundle.min.js responded 304 in 0.1388 ms
[12:25:04 INF] HTTP GET /js/site.js responded 304 in 0.1212 ms
[12:25:04 INF] HTTP GET /lib/jquery-validation/dist/jquery.validate.min.js responded 304 in 0.1392 ms
[12:25:04 INF] HTTP GET /lib/jquery-validation-unobtrusive/dist/jquery.validate.unobtrusive.min.js responded 304 in 0.1492 ms
[12:25:04 INF] HTTP GET /js/products-catalog-filter.js responded 304 in 0.1390 ms
[12:25:32 INF] HTTP POST /Inventory/EditProduct responded 302 in 10.8332 ms
[12:25:32 INF] HTTP GET /Inventory/Products responded 200 in 57.1258 ms
[12:25:32 INF] HTTP GET /Biktal.WebMVC.styles.css responded 304 in 0.1143 ms
[12:25:32 INF] HTTP GET /lib/bootstrap/dist/css/bootstrap.min.css responded 200 in 5.0819 ms
[12:25:32 INF] HTTP GET /css/site.css responded 304 in 0.1827 ms
[12:25:32 INF] HTTP GET /lib/jquery/dist/jquery.min.js responded 304 in 0.0800 ms
[12:25:32 INF] HTTP GET /lib/bootstrap/dist/js/bootstrap.bundle.min.js responded 304 in 0.1346 ms
[12:25:32 INF] HTTP GET /js/site.js responded 304 in 0.2064 ms
[12:25:32 INF] HTTP GET /lib/jquery-validation/dist/jquery.validate.min.js responded 304 in 0.1512 ms
[12:25:32 INF] HTTP GET /lib/jquery-validation-unobtrusive/dist/jquery.validate.unobtrusive.min.js responded 304 in 0.1774 ms
[12:25:32 INF] HTTP GET /js/products-catalog-filter.js responded 304 in 0.2597 ms
[12:25:56 INF] HTTP GET /Inventory/Products responded 200 in 65.9132 ms
[12:25:56 INF] HTTP GET /lib/bootstrap/dist/css/bootstrap.min.css responded 304 in 0.1704 ms
[12:25:56 INF] HTTP GET /css/site.css responded 304 in 0.6116 ms
[12:25:56 INF] HTTP GET /Biktal.WebMVC.styles.css responded 304 in 0.1244 ms
[12:25:57 INF] HTTP GET /lib/jquery/dist/jquery.min.js responded 304 in 0.0875 ms
[12:25:57 INF] HTTP GET /lib/bootstrap/dist/js/bootstrap.bundle.min.js responded 304 in 0.2731 ms
[12:25:57 INF] HTTP GET /js/site.js responded 304 in 0.1132 ms
[12:25:57 INF] HTTP GET /lib/jquery-validation/dist/jquery.validate.min.js responded 304 in 0.2387 ms
[12:25:57 INF] HTTP GET /lib/jquery-validation-unobtrusive/dist/jquery.validate.unobtrusive.min.js responded 304 in 0.1356 ms
[12:25:57 INF] HTTP GET /js/products-catalog-filter.js responded 304 in 0.1321 ms
[12:26:08 INF] HTTP POST /Inventory/EditProduct responded 302 in 14.6006 ms
[12:26:08 INF] HTTP GET /Inventory/Products responded 200 in 60.2600 ms
[12:26:08 INF] HTTP GET /Biktal.WebMVC.styles.css responded 304 in 0.1544 ms
[12:26:08 INF] HTTP GET /lib/bootstrap/dist/css/bootstrap.min.css responded 304 in 0.1239 ms
[12:26:08 INF] HTTP GET /css/site.css responded 304 in 0.1090 ms
[12:26:09 INF] HTTP GET /lib/jquery/dist/jquery.min.js responded 304 in 0.0886 ms
[12:26:09 INF] HTTP GET /lib/bootstrap/dist/js/bootstrap.bundle.min.js responded 304 in 0.1292 ms
[12:26:09 INF] HTTP GET /js/site.js responded 304 in 0.4575 ms
[12:26:09 INF] HTTP GET /lib/jquery-validation/dist/jquery.validate.min.js responded 304 in 0.1687 ms
[12:26:09 INF] HTTP GET /lib/jquery-validation-unobtrusive/dist/jquery.validate.unobtrusive.min.js responded 304 in 0.1349 ms
[12:26:09 INF] HTTP GET /js/products-catalog-filter.js responded 304 in 0.6555 ms
[12:26:14 INF] HTTP GET /Inventory/Products responded 200 in 62.0410 ms
[12:26:14 INF] HTTP GET /lib/bootstrap/dist/css/bootstrap.min.css responded 304 in 0.1844 ms
[12:26:14 INF] HTTP GET /css/site.css responded 304 in 0.1402 ms
[12:26:14 INF] HTTP GET /Biktal.WebMVC.styles.css responded 304 in 0.0949 ms
[12:26:15 INF] HTTP GET /lib/jquery/dist/jquery.min.js responded 304 in 0.1605 ms
[12:26:15 INF] HTTP GET /lib/bootstrap/dist/js/bootstrap.bundle.min.js responded 304 in 0.1679 ms
[12:26:15 INF] HTTP GET /js/site.js responded 304 in 0.1155 ms
[12:26:15 INF] HTTP GET /lib/jquery-validation/dist/jquery.validate.min.js responded 304 in 0.1790 ms
[12:26:15 INF] HTTP GET /lib/jquery-validation-unobtrusive/dist/jquery.validate.unobtrusive.min.js responded 304 in 0.1314 ms
[12:26:15 INF] HTTP GET /js/products-catalog-filter.js responded 304 in 0.0815 ms
[12:26:24 INF] HTTP POST /Inventory/EditProduct responded 302 in 14.2856 ms
[12:26:24 INF] HTTP GET /Inventory/Products responded 200 in 60.4882 ms
[12:26:24 INF] HTTP GET /lib/bootstrap/dist/css/bootstrap.min.css responded 304 in 0.1496 ms
[12:26:24 INF] HTTP GET /css/site.css responded 304 in 0.1439 ms
[12:26:24 INF] HTTP GET /Biktal.WebMVC.styles.css responded 304 in 0.1347 ms
[12:26:26 INF] HTTP GET /lib/jquery/dist/jquery.min.js responded 304 in 0.0911 ms
[12:26:26 INF] HTTP GET /lib/bootstrap/dist/js/bootstrap.bundle.min.js responded 304 in 0.1398 ms
[12:26:26 INF] HTTP GET /js/site.js responded 304 in 1.0266 ms
[12:26:26 INF] HTTP GET /lib/jquery-validation/dist/jquery.validate.min.js responded 304 in 0.1351 ms
[12:26:26 INF] HTTP GET /lib/jquery-validation-unobtrusive/dist/jquery.validate.unobtrusive.min.js responded 304 in 0.1204 ms
[12:26:26 INF] HTTP GET /js/products-catalog-filter.js responded 304 in 0.5592 ms
[12:26:31 INF] HTTP GET /Inventory/Products responded 200 in 61.3152 ms
[12:26:31 INF] HTTP GET /lib/bootstrap/dist/css/bootstrap.min.css responded 304 in 0.1123 ms
[12:26:31 INF] HTTP GET /Biktal.WebMVC.styles.css responded 304 in 0.2018 ms
[12:26:31 INF] HTTP GET /css/site.css responded 304 in 0.1182 ms
[12:26:31 INF] HTTP GET /lib/jquery/dist/jquery.min.js responded 304 in 0.0816 ms
[12:26:31 INF] HTTP GET /lib/bootstrap/dist/js/bootstrap.bundle.min.js responded 304 in 0.1337 ms
[12:26:31 INF] HTTP GET /js/site.js responded 304 in 0.1373 ms
[12:26:31 INF] HTTP GET /lib/jquery-validation/dist/jquery.validate.min.js responded 304 in 0.1242 ms
[12:26:31 INF] HTTP GET /lib/jquery-validation-unobtrusive/dist/jquery.validate.unobtrusive.min.js responded 304 in 0.1989 ms
[12:26:31 INF] HTTP GET /js/products-catalog-filter.js responded 304 in 0.1359 ms
[12:27:08 INF] HTTP POST /Inventory/EditProduct responded 302 in 20.2688 ms
[12:27:08 INF] HTTP GET /Inventory/Products responded 200 in 158.3743 ms
[12:27:08 INF] HTTP GET /css/site.css responded 200 in 0.6718 ms
[12:27:08 INF] HTTP GET /Biktal.WebMVC.styles.css responded 200 in 0.8713 ms
[12:27:08 INF] HTTP GET /lib/bootstrap/dist/css/bootstrap.min.css responded 200 in 1.2740 ms
[12:27:10 INF] HTTP GET /lib/jquery/dist/jquery.min.js responded 200 in 0.5797 ms
[12:27:10 INF] HTTP GET /js/site.js responded 200 in 0.6809 ms
[12:27:10 INF] HTTP GET /lib/bootstrap/dist/js/bootstrap.bundle.min.js responded 200 in 1.9837 ms
[12:27:10 INF] HTTP GET /lib/jquery-validation/dist/jquery.validate.min.js responded 200 in 0.7656 ms
[12:27:10 INF] HTTP GET /lib/jquery-validation-unobtrusive/dist/jquery.validate.unobtrusive.min.js responded 200 in 2.5203 ms
[12:27:10 INF] HTTP GET /js/products-catalog-filter.js responded 200 in 4.5347 ms
[12:27:13 INF] HTTP GET /Inventory/Products responded 200 in 67.4427 ms
[12:27:13 INF] HTTP GET /lib/bootstrap/dist/css/bootstrap.min.css responded 304 in 0.3467 ms
[12:27:13 INF] HTTP GET /Biktal.WebMVC.styles.css responded 304 in 0.3165 ms
[12:27:13 INF] HTTP GET /css/site.css responded 304 in 0.1124 ms
[12:27:13 INF] HTTP GET /lib/jquery/dist/jquery.min.js responded 304 in 0.0887 ms
[12:27:13 INF] HTTP GET /lib/bootstrap/dist/js/bootstrap.bundle.min.js responded 304 in 0.1279 ms
[12:27:13 INF] HTTP GET /lib/jquery-validation/dist/jquery.validate.min.js responded 304 in 0.2348 ms
[12:27:13 INF] HTTP GET /js/site.js responded 304 in 0.4469 ms
[12:27:13 INF] HTTP GET /lib/jquery-validation-unobtrusive/dist/jquery.validate.unobtrusive.min.js responded 304 in 0.2941 ms
[12:27:13 INF] HTTP GET /js/products-catalog-filter.js responded 304 in 0.1913 ms
[12:27:24 INF] HTTP POST /Inventory/EditProduct responded 302 in 15.7199 ms
[12:27:24 INF] HTTP GET /Inventory/Products responded 200 in 58.2233 ms
[12:27:24 INF] HTTP GET /lib/bootstrap/dist/css/bootstrap.min.css responded 304 in 0.1498 ms
[12:27:24 INF] HTTP GET /css/site.css responded 304 in 0.2916 ms
[12:27:24 INF] HTTP GET /Biktal.WebMVC.styles.css responded 304 in 0.2381 ms
[12:27:25 INF] HTTP GET /lib/jquery/dist/jquery.min.js responded 304 in 0.0940 ms
[12:27:25 INF] HTTP GET /lib/bootstrap/dist/js/bootstrap.bundle.min.js responded 304 in 0.1388 ms
[12:27:25 INF] HTTP GET /js/site.js responded 304 in 0.1017 ms
[12:27:25 INF] HTTP GET /lib/jquery-validation/dist/jquery.validate.min.js responded 304 in 0.1785 ms
[12:27:25 INF] HTTP GET /lib/jquery-validation-unobtrusive/dist/jquery.validate.unobtrusive.min.js responded 304 in 0.1462 ms
[12:27:25 INF] HTTP GET /js/products-catalog-filter.js responded 304 in 0.1279 ms
[12:27:29 INF] HTTP GET /Inventory/Products responded 200 in 77.7648 ms
[12:27:29 INF] HTTP GET /css/site.css responded 304 in 0.1533 ms
[12:27:29 INF] HTTP GET /Biktal.WebMVC.styles.css responded 304 in 0.1175 ms
[12:27:29 INF] HTTP GET /lib/bootstrap/dist/css/bootstrap.min.css responded 304 in 0.0843 ms
[12:27:30 INF] HTTP GET /lib/jquery/dist/jquery.min.js responded 304 in 0.0814 ms
[12:27:30 INF] HTTP GET /lib/bootstrap/dist/js/bootstrap.bundle.min.js responded 304 in 0.5335 ms
[12:27:30 INF] HTTP GET /js/site.js responded 304 in 0.1483 ms
[12:27:30 INF] HTTP GET /lib/jquery-validation/dist/jquery.validate.min.js responded 304 in 0.1707 ms
[12:27:30 INF] HTTP GET /lib/jquery-validation-unobtrusive/dist/jquery.validate.unobtrusive.min.js responded 304 in 0.2976 ms
[12:27:30 INF] HTTP GET /js/products-catalog-filter.js responded 304 in 0.1062 ms
[12:27:39 INF] HTTP POST /Inventory/EditProduct responded 302 in 25.0175 ms
[12:27:39 INF] HTTP GET /Inventory/Products responded 200 in 61.2361 ms
[12:27:39 INF] HTTP GET /css/site.css responded 304 in 0.1145 ms
[12:27:39 INF] HTTP GET /lib/bootstrap/dist/css/bootstrap.min.css responded 200 in 1.0842 ms
[12:27:39 INF] HTTP GET /Biktal.WebMVC.styles.css responded 304 in 0.1903 ms
[12:27:40 INF] HTTP GET /lib/jquery/dist/jquery.min.js responded 304 in 0.0803 ms
[12:27:40 INF] HTTP GET /lib/bootstrap/dist/js/bootstrap.bundle.min.js responded 304 in 0.1266 ms
[12:27:40 INF] HTTP GET /js/site.js responded 304 in 0.1434 ms
[12:27:40 INF] HTTP GET /lib/jquery-validation/dist/jquery.validate.min.js responded 304 in 0.2004 ms
[12:27:40 INF] HTTP GET /lib/jquery-validation-unobtrusive/dist/jquery.validate.unobtrusive.min.js responded 304 in 0.1058 ms
[12:27:40 INF] HTTP GET /js/products-catalog-filter.js responded 304 in 0.1211 ms
[12:27:48 INF] HTTP GET /Inventory/Products responded 200 in 122.5705 ms
[12:27:48 INF] HTTP GET /lib/bootstrap/dist/css/bootstrap.min.css responded 304 in 0.2498 ms
[12:27:48 INF] HTTP GET /css/site.css responded 304 in 0.1785 ms
[12:27:48 INF] HTTP GET /Biktal.WebMVC.styles.css responded 304 in 0.5399 ms
[12:27:49 INF] HTTP GET /lib/jquery/dist/jquery.min.js responded 304 in 0.1408 ms
[12:27:49 INF] HTTP GET /lib/bootstrap/dist/js/bootstrap.bundle.min.js responded 304 in 0.4121 ms
[12:27:49 INF] HTTP GET /js/site.js responded 304 in 0.1479 ms
[12:27:49 INF] HTTP GET /lib/jquery-validation/dist/jquery.validate.min.js responded 304 in 0.0961 ms
[12:27:49 INF] HTTP GET /js/products-catalog-filter.js responded 304 in 0.6538 ms
[12:27:49 INF] HTTP GET /lib/jquery-validation-unobtrusive/dist/jquery.validate.unobtrusive.min.js responded 304 in 0.1858 ms
[12:27:58 INF] HTTP POST /Inventory/EditProduct responded 302 in 16.7144 ms
[12:27:58 INF] HTTP GET /Inventory/Products responded 200 in 46.5584 ms
[12:27:59 INF] HTTP GET /lib/bootstrap/dist/css/bootstrap.min.css responded 304 in 0.1698 ms
[12:27:59 INF] HTTP GET /Biktal.WebMVC.styles.css responded 304 in 0.1605 ms
[12:27:59 INF] HTTP GET /css/site.css responded 304 in 0.1412 ms
[12:28:00 INF] HTTP GET /lib/jquery/dist/jquery.min.js responded 304 in 0.0881 ms
[12:28:00 INF] HTTP GET /lib/bootstrap/dist/js/bootstrap.bundle.min.js responded 304 in 0.1533 ms
[12:28:00 INF] HTTP GET /js/site.js responded 304 in 0.1315 ms
[12:28:00 INF] HTTP GET /lib/jquery-validation/dist/jquery.validate.min.js responded 304 in 1.2408 ms
[12:28:00 INF] HTTP GET /js/products-catalog-filter.js responded 304 in 0.1807 ms
[12:28:00 INF] HTTP GET /lib/jquery-validation-unobtrusive/dist/jquery.validate.unobtrusive.min.js responded 304 in 0.1002 ms
[12:28:05 INF] HTTP GET /Inventory/Products responded 200 in 50.8455 ms
[12:28:05 INF] HTTP GET /lib/bootstrap/dist/css/bootstrap.min.css responded 304 in 2.8711 ms
[12:28:05 INF] HTTP GET /css/site.css responded 304 in 0.2745 ms
[12:28:05 INF] HTTP GET /Biktal.WebMVC.styles.css responded 304 in 1.1955 ms
[12:28:06 INF] HTTP GET /lib/jquery/dist/jquery.min.js responded 304 in 0.0894 ms
[12:28:06 INF] HTTP GET /lib/bootstrap/dist/js/bootstrap.bundle.min.js responded 304 in 0.1313 ms
[12:28:06 INF] HTTP GET /js/site.js responded 304 in 1.1413 ms
[12:28:06 INF] HTTP GET /lib/jquery-validation/dist/jquery.validate.min.js responded 304 in 0.2029 ms
[12:28:06 INF] HTTP GET /lib/jquery-validation-unobtrusive/dist/jquery.validate.unobtrusive.min.js responded 304 in 0.5358 ms
[12:28:06 INF] HTTP GET /js/products-catalog-filter.js responded 304 in 0.1564 ms
[12:28:17 INF] HTTP POST /Inventory/EditProduct responded 302 in 15.0754 ms
[12:28:18 INF] HTTP GET /Inventory/Products responded 200 in 63.8090 ms
[12:28:18 INF] HTTP GET /lib/bootstrap/dist/css/bootstrap.min.css responded 200 in 1.2760 ms
[12:28:18 INF] HTTP GET /css/site.css responded 304 in 0.1223 ms
[12:28:18 INF] HTTP GET /Biktal.WebMVC.styles.css responded 304 in 0.0576 ms
[12:28:19 INF] HTTP GET /lib/jquery/dist/jquery.min.js responded 304 in 0.0876 ms
[12:28:19 INF] HTTP GET /lib/bootstrap/dist/js/bootstrap.bundle.min.js responded 304 in 0.3651 ms
[12:28:19 INF] HTTP GET /js/site.js responded 304 in 0.0918 ms
[12:28:19 INF] HTTP GET /lib/jquery-validation/dist/jquery.validate.min.js responded 304 in 0.1217 ms
[12:28:19 INF] HTTP GET /lib/jquery-validation-unobtrusive/dist/jquery.validate.unobtrusive.min.js responded 304 in 0.1341 ms
[12:28:19 INF] HTTP GET /js/products-catalog-filter.js responded 304 in 0.8475 ms
[12:28:22 INF] HTTP GET /Inventory/Products responded 200 in 55.2258 ms
[12:28:23 INF] HTTP GET /lib/bootstrap/dist/css/bootstrap.min.css responded 304 in 0.1323 ms
[12:28:23 INF] HTTP GET /css/site.css responded 304 in 0.2670 ms
[12:28:23 INF] HTTP GET /Biktal.WebMVC.styles.css responded 304 in 0.1473 ms
[12:28:23 INF] HTTP GET /lib/jquery/dist/jquery.min.js responded 304 in 0.0876 ms
[12:28:23 INF] HTTP GET /lib/bootstrap/dist/js/bootstrap.bundle.min.js responded 304 in 0.1468 ms
[12:28:23 INF] HTTP GET /js/site.js responded 304 in 0.1401 ms
[12:28:23 INF] HTTP GET /lib/jquery-validation/dist/jquery.validate.min.js responded 304 in 0.1646 ms
[12:28:23 INF] HTTP GET /lib/jquery-validation-unobtrusive/dist/jquery.validate.unobtrusive.min.js responded 304 in 1.7075 ms
[12:28:23 INF] HTTP GET /js/products-catalog-filter.js responded 304 in 0.2297 ms
[12:28:37 INF] HTTP POST /Inventory/EditProduct responded 302 in 11.5795 ms
[12:28:37 INF] HTTP GET /Inventory/Products responded 200 in 95.1826 ms
[12:28:37 INF] HTTP GET /lib/bootstrap/dist/css/bootstrap.min.css responded 200 in 3.9378 ms
[12:28:37 INF] HTTP GET /css/site.css responded 304 in 0.2369 ms
[12:28:37 INF] HTTP GET /Biktal.WebMVC.styles.css responded 304 in 0.0975 ms
[12:28:38 INF] HTTP GET /lib/jquery/dist/jquery.min.js responded 304 in 0.0846 ms
[12:28:38 INF] HTTP GET /lib/bootstrap/dist/js/bootstrap.bundle.min.js responded 304 in 0.2868 ms
[12:28:38 INF] HTTP GET /js/site.js responded 304 in 0.1200 ms
[12:28:38 INF] HTTP GET /lib/jquery-validation/dist/jquery.validate.min.js responded 304 in 0.2421 ms
[12:28:38 INF] HTTP GET /lib/jquery-validation-unobtrusive/dist/jquery.validate.unobtrusive.min.js responded 304 in 0.2322 ms
[12:28:38 INF] HTTP GET /js/products-catalog-filter.js responded 304 in 0.2060 ms
[12:28:43 INF] HTTP GET /Inventory/Products responded 200 in 58.2750 ms
[12:28:43 INF] HTTP GET /lib/bootstrap/dist/css/bootstrap.min.css responded 200 in 0.6932 ms
[12:28:43 INF] HTTP GET /css/site.css responded 304 in 0.1116 ms
[12:28:43 INF] HTTP GET /Biktal.WebMVC.styles.css responded 304 in 0.0799 ms
[12:28:43 INF] HTTP GET /lib/jquery/dist/jquery.min.js responded 304 in 0.0990 ms
[12:28:43 INF] HTTP GET /lib/bootstrap/dist/js/bootstrap.bundle.min.js responded 304 in 0.7725 ms
[12:28:43 INF] HTTP GET /js/site.js responded 304 in 0.1313 ms
[12:28:43 INF] HTTP GET /lib/jquery-validation/dist/jquery.validate.min.js responded 304 in 0.1400 ms
[12:28:43 INF] HTTP GET /lib/jquery-validation-unobtrusive/dist/jquery.validate.unobtrusive.min.js responded 304 in 0.1744 ms
[12:28:43 INF] HTTP GET /js/products-catalog-filter.js responded 304 in 0.1255 ms
[12:28:55 INF] HTTP POST /Inventory/EditProduct responded 302 in 13.4305 ms
[12:28:55 INF] HTTP GET /Inventory/Products responded 200 in 61.8099 ms
[12:28:55 INF] HTTP GET /lib/bootstrap/dist/css/bootstrap.min.css responded 304 in 0.1369 ms
[12:28:55 INF] HTTP GET /Biktal.WebMVC.styles.css responded 304 in 0.0676 ms
[12:28:55 INF] HTTP GET /css/site.css responded 304 in 0.0735 ms
[12:28:56 INF] HTTP GET /lib/jquery/dist/jquery.min.js responded 304 in 0.0884 ms
[12:28:56 INF] HTTP GET /lib/bootstrap/dist/js/bootstrap.bundle.min.js responded 304 in 0.1111 ms
[12:28:56 INF] HTTP GET /js/site.js responded 304 in 0.1427 ms
[12:28:56 INF] HTTP GET /lib/jquery-validation/dist/jquery.validate.min.js responded 304 in 0.1329 ms
[12:28:56 INF] HTTP GET /lib/jquery-validation-unobtrusive/dist/jquery.validate.unobtrusive.min.js responded 304 in 0.2293 ms
[12:28:56 INF] HTTP GET /js/products-catalog-filter.js responded 304 in 0.1090 ms
[12:29:02 INF] HTTP GET /Inventory/Products responded 200 in 63.3764 ms
[12:29:02 INF] HTTP GET /css/site.css responded 304 in 0.1169 ms
[12:29:02 INF] HTTP GET /Biktal.WebMVC.styles.css responded 304 in 0.7455 ms
[12:29:02 INF] HTTP GET /lib/bootstrap/dist/css/bootstrap.min.css responded 200 in 7.8128 ms
[12:29:03 INF] HTTP GET /lib/jquery/dist/jquery.min.js responded 304 in 0.0834 ms
[12:29:03 INF] HTTP GET /lib/bootstrap/dist/js/bootstrap.bundle.min.js responded 304 in 0.2370 ms
[12:29:03 INF] HTTP GET /js/site.js responded 304 in 0.1144 ms
[12:29:03 INF] HTTP GET /lib/jquery-validation/dist/jquery.validate.min.js responded 304 in 0.0717 ms
[12:29:03 INF] HTTP GET /lib/jquery-validation-unobtrusive/dist/jquery.validate.unobtrusive.min.js responded 304 in 0.2030 ms
[12:29:03 INF] HTTP GET /js/products-catalog-filter.js responded 304 in 0.1464 ms
[12:29:13 INF] HTTP POST /Inventory/EditProduct responded 302 in 13.1417 ms
[12:29:13 INF] HTTP GET /Inventory/Products responded 200 in 56.9004 ms
[12:29:13 INF] HTTP GET /lib/bootstrap/dist/css/bootstrap.min.css responded 200 in 0.8649 ms
[12:29:13 INF] HTTP GET /css/site.css responded 304 in 0.1697 ms
[12:29:13 INF] HTTP GET /Biktal.WebMVC.styles.css responded 304 in 0.1238 ms
[12:29:14 INF] HTTP GET /lib/jquery/dist/jquery.min.js responded 304 in 0.0870 ms
[12:29:14 INF] HTTP GET /js/site.js responded 304 in 0.1161 ms
[12:29:14 INF] HTTP GET /lib/bootstrap/dist/js/bootstrap.bundle.min.js responded 304 in 0.1155 ms
[12:29:14 INF] HTTP GET /lib/jquery-validation/dist/jquery.validate.min.js responded 304 in 0.0581 ms
[12:29:14 INF] HTTP GET /lib/jquery-validation-unobtrusive/dist/jquery.validate.unobtrusive.min.js responded 304 in 0.4965 ms
[12:29:14 INF] HTTP GET /js/products-catalog-filter.js responded 304 in 0.1262 ms
[12:29:19 INF] HTTP GET /Inventory/Products responded 200 in 56.8334 ms
[12:29:19 INF] HTTP GET /lib/bootstrap/dist/css/bootstrap.min.css responded 304 in 2.4071 ms
[12:29:19 INF] HTTP GET /css/site.css responded 304 in 0.1519 ms
[12:29:19 INF] HTTP GET /Biktal.WebMVC.styles.css responded 304 in 0.1412 ms
[12:29:20 INF] HTTP GET /lib/jquery/dist/jquery.min.js responded 304 in 0.1092 ms
[12:29:20 INF] HTTP GET /lib/bootstrap/dist/js/bootstrap.bundle.min.js responded 304 in 0.1125 ms
[12:29:20 INF] HTTP GET /js/site.js responded 304 in 0.1187 ms
[12:29:20 INF] HTTP GET /lib/jquery-validation/dist/jquery.validate.min.js responded 304 in 0.1293 ms
[12:29:20 INF] HTTP GET /lib/jquery-validation-unobtrusive/dist/jquery.validate.unobtrusive.min.js responded 304 in 0.6260 ms
[12:29:20 INF] HTTP GET /js/products-catalog-filter.js responded 304 in 0.1429 ms
[12:29:28 INF] HTTP POST /Inventory/EditProduct responded 302 in 11.7500 ms
[12:29:28 INF] HTTP GET /Inventory/Products responded 200 in 52.8677 ms
[12:29:28 INF] HTTP GET /css/site.css responded 304 in 0.1410 ms
[12:29:28 INF] HTTP GET /lib/bootstrap/dist/css/bootstrap.min.css responded 200 in 1.5926 ms
[12:29:28 INF] HTTP GET /Biktal.WebMVC.styles.css responded 304 in 0.2137 ms
[12:29:29 INF] HTTP GET /lib/jquery/dist/jquery.min.js responded 304 in 0.0856 ms
[12:29:29 INF] HTTP GET /lib/bootstrap/dist/js/bootstrap.bundle.min.js responded 304 in 0.1603 ms
[12:29:29 INF] HTTP GET /js/site.js responded 304 in 0.1359 ms
[12:29:29 INF] HTTP GET /lib/jquery-validation/dist/jquery.validate.min.js responded 304 in 0.1189 ms
[12:29:29 INF] HTTP GET /js/products-catalog-filter.js responded 304 in 0.2984 ms
[12:29:29 INF] HTTP GET /lib/jquery-validation-unobtrusive/dist/jquery.validate.unobtrusive.min.js responded 304 in 1.1181 ms
[12:29:33 INF] HTTP GET /Inventory/Products responded 200 in 58.6400 ms
[12:29:33 INF] HTTP GET /lib/bootstrap/dist/css/bootstrap.min.css responded 304 in 0.1361 ms
[12:29:33 INF] HTTP GET /Biktal.WebMVC.styles.css responded 304 in 0.3748 ms
[12:29:33 INF] HTTP GET /css/site.css responded 304 in 0.1745 ms
[12:29:34 INF] HTTP GET /lib/jquery/dist/jquery.min.js responded 304 in 0.0915 ms
[12:29:34 INF] HTTP GET /lib/bootstrap/dist/js/bootstrap.bundle.min.js responded 304 in 0.1899 ms
[12:29:34 INF] HTTP GET /js/site.js responded 304 in 0.1366 ms
[12:29:34 INF] HTTP GET /lib/jquery-validation/dist/jquery.validate.min.js responded 304 in 0.1568 ms
[12:29:34 INF] HTTP GET /lib/jquery-validation-unobtrusive/dist/jquery.validate.unobtrusive.min.js responded 304 in 0.1314 ms
[12:29:34 INF] HTTP GET /js/products-catalog-filter.js responded 304 in 0.5161 ms
[12:29:42 INF] HTTP POST /Inventory/EditProduct responded 302 in 9.8456 ms
[12:29:42 INF] HTTP GET /Inventory/Products responded 200 in 47.5024 ms
[12:29:42 INF] HTTP GET /css/site.css responded 304 in 0.8226 ms
[12:29:42 INF] HTTP GET /Biktal.WebMVC.styles.css responded 304 in 0.1375 ms
[12:29:42 INF] HTTP GET /lib/bootstrap/dist/css/bootstrap.min.css responded 200 in 6.3410 ms
[12:29:43 INF] HTTP GET /lib/jquery/dist/jquery.min.js responded 304 in 0.0880 ms
[12:29:43 INF] HTTP GET /lib/bootstrap/dist/js/bootstrap.bundle.min.js responded 304 in 0.1480 ms
[12:29:43 INF] HTTP GET /js/site.js responded 304 in 0.1427 ms
[12:29:43 INF] HTTP GET /lib/jquery-validation/dist/jquery.validate.min.js responded 304 in 0.1291 ms
[12:29:43 INF] HTTP GET /lib/jquery-validation-unobtrusive/dist/jquery.validate.unobtrusive.min.js responded 304 in 0.0941 ms
[12:29:43 INF] HTTP GET /js/products-catalog-filter.js responded 304 in 0.0921 ms
[12:29:49 INF] HTTP GET /Inventory/Products responded 200 in 54.8541 ms
[12:29:49 INF] HTTP GET /lib/bootstrap/dist/css/bootstrap.min.css responded 304 in 0.1278 ms
[12:29:49 INF] HTTP GET /css/site.css responded 304 in 0.2255 ms
[12:29:49 INF] HTTP GET /Biktal.WebMVC.styles.css responded 304 in 0.1010 ms
[12:29:49 INF] HTTP GET /lib/jquery/dist/jquery.min.js responded 304 in 0.0855 ms
[12:29:49 INF] HTTP GET /lib/bootstrap/dist/js/bootstrap.bundle.min.js responded 304 in 0.1283 ms
[12:29:49 INF] HTTP GET /lib/jquery-validation/dist/jquery.validate.min.js responded 304 in 0.1320 ms
[12:29:49 INF] HTTP GET /js/site.js responded 304 in 0.0935 ms
[12:29:49 INF] HTTP GET /lib/jquery-validation-unobtrusive/dist/jquery.validate.unobtrusive.min.js responded 304 in 0.0922 ms
[12:29:50 INF] HTTP GET /js/products-catalog-filter.js responded 304 in 1.4268 ms
[12:30:04 INF] HTTP POST /Inventory/EditProduct responded 302 in 14.5069 ms
[12:30:04 INF] HTTP GET /Inventory/Products responded 200 in 48.1258 ms
[12:30:04 INF] HTTP GET /css/site.css responded 304 in 0.1331 ms
[12:30:04 INF] HTTP GET /Biktal.WebMVC.styles.css responded 304 in 0.2247 ms
[12:30:04 INF] HTTP GET /lib/bootstrap/dist/css/bootstrap.min.css responded 200 in 0.8208 ms
[12:30:05 INF] HTTP GET /lib/jquery/dist/jquery.min.js responded 304 in 0.0802 ms
[12:30:05 INF] HTTP GET /lib/bootstrap/dist/js/bootstrap.bundle.min.js responded 304 in 0.1304 ms
[12:30:05 INF] HTTP GET /lib/jquery-validation/dist/jquery.validate.min.js responded 304 in 0.1242 ms
[12:30:05 INF] HTTP GET /js/site.js responded 304 in 0.1022 ms
[12:30:05 INF] HTTP GET /lib/jquery-validation-unobtrusive/dist/jquery.validate.unobtrusive.min.js responded 304 in 0.0795 ms
[12:30:05 INF] HTTP GET /js/products-catalog-filter.js responded 304 in 0.2692 ms
[12:30:09 INF] HTTP GET /Inventory/Products responded 200 in 50.8357 ms
[12:30:09 INF] HTTP GET /css/site.css responded 304 in 0.1774 ms
[12:30:09 INF] HTTP GET /Biktal.WebMVC.styles.css responded 304 in 0.1001 ms
[12:30:09 INF] HTTP GET /lib/bootstrap/dist/css/bootstrap.min.css responded 200 in 6.2735 ms
[12:30:10 INF] HTTP GET /lib/jquery/dist/jquery.min.js responded 304 in 0.0934 ms
[12:30:10 INF] HTTP GET /lib/bootstrap/dist/js/bootstrap.bundle.min.js responded 304 in 0.1225 ms
[12:30:10 INF] HTTP GET /lib/jquery-validation/dist/jquery.validate.min.js responded 304 in 0.0985 ms
[12:30:10 INF] HTTP GET /js/site.js responded 304 in 0.6693 ms
[12:30:10 INF] HTTP GET /lib/jquery-validation-unobtrusive/dist/jquery.validate.unobtrusive.min.js responded 304 in 0.1233 ms
[12:30:10 INF] HTTP GET /js/products-catalog-filter.js responded 304 in 0.0964 ms
[12:30:21 INF] HTTP POST /Inventory/EditProduct responded 302 in 10.2551 ms
[12:30:21 INF] HTTP GET /Inventory/Products responded 200 in 54.1707 ms
[12:30:21 INF] HTTP GET /lib/bootstrap/dist/css/bootstrap.min.css responded 304 in 0.1179 ms
[12:30:21 INF] HTTP GET /css/site.css responded 304 in 0.2059 ms
[12:30:21 INF] HTTP GET /Biktal.WebMVC.styles.css responded 304 in 0.1212 ms
[12:30:22 INF] HTTP GET /lib/jquery/dist/jquery.min.js responded 304 in 0.0911 ms
[12:30:22 INF] HTTP GET /lib/bootstrap/dist/js/bootstrap.bundle.min.js responded 304 in 0.1382 ms
[12:30:22 INF] HTTP GET /js/site.js responded 304 in 0.1446 ms
[12:30:22 INF] HTTP GET /lib/jquery-validation/dist/jquery.validate.min.js responded 304 in 0.2425 ms
[12:30:22 INF] HTTP GET /lib/jquery-validation-unobtrusive/dist/jquery.validate.unobtrusive.min.js responded 304 in 0.1245 ms
[12:30:22 INF] HTTP GET /js/products-catalog-filter.js responded 304 in 0.1678 ms
[12:30:26 INF] HTTP GET /Inventory/Products responded 200 in 68.4059 ms
[12:30:26 INF] HTTP GET /lib/bootstrap/dist/css/bootstrap.min.css responded 304 in 0.1571 ms
[12:30:26 INF] HTTP GET /css/site.css responded 304 in 0.2031 ms
[12:30:26 INF] HTTP GET /Biktal.WebMVC.styles.css responded 304 in 0.1960 ms
[12:30:27 INF] HTTP GET /lib/jquery/dist/jquery.min.js responded 304 in 0.0784 ms
[12:30:27 INF] HTTP GET /lib/bootstrap/dist/js/bootstrap.bundle.min.js responded 304 in 0.1260 ms
[12:30:27 INF] HTTP GET /js/site.js responded 304 in 0.0876 ms
[12:30:27 INF] HTTP GET /lib/jquery-validation/dist/jquery.validate.min.js responded 304 in 0.2094 ms
[12:30:27 INF] HTTP GET /lib/jquery-validation-unobtrusive/dist/jquery.validate.unobtrusive.min.js responded 304 in 0.1303 ms
[12:30:27 INF] HTTP GET /js/products-catalog-filter.js responded 304 in 0.2297 ms
[12:30:37 INF] HTTP POST /Inventory/EditProduct responded 302 in 13.4227 ms
[12:30:37 INF] HTTP GET /Inventory/Products responded 200 in 46.7900 ms
[12:30:37 INF] HTTP GET /lib/bootstrap/dist/css/bootstrap.min.css responded 304 in 0.1904 ms
[12:30:37 INF] HTTP GET /css/site.css responded 304 in 0.1358 ms
[12:30:37 INF] HTTP GET /Biktal.WebMVC.styles.css responded 304 in 0.0811 ms
[12:30:38 INF] HTTP GET /lib/jquery/dist/jquery.min.js responded 304 in 0.0955 ms
[12:30:38 INF] HTTP GET /lib/bootstrap/dist/js/bootstrap.bundle.min.js responded 304 in 0.1955 ms
[12:30:38 INF] HTTP GET /js/site.js responded 304 in 0.1627 ms
[12:30:38 INF] HTTP GET /lib/jquery-validation/dist/jquery.validate.min.js responded 304 in 0.0999 ms
[12:30:38 INF] HTTP GET /js/products-catalog-filter.js responded 304 in 0.0842 ms
[12:30:38 INF] HTTP GET /lib/jquery-validation-unobtrusive/dist/jquery.validate.unobtrusive.min.js responded 304 in 0.0822 ms
[12:30:42 INF] HTTP GET /Inventory/Products responded 200 in 55.6614 ms
[12:30:42 INF] HTTP GET /lib/bootstrap/dist/css/bootstrap.min.css responded 304 in 0.1338 ms
[12:30:42 INF] HTTP GET /css/site.css responded 304 in 0.1899 ms
[12:30:42 INF] HTTP GET /Biktal.WebMVC.styles.css responded 304 in 0.3218 ms
[12:30:43 INF] HTTP GET /lib/jquery/dist/jquery.min.js responded 304 in 0.0881 ms
[12:30:43 INF] HTTP GET /lib/bootstrap/dist/js/bootstrap.bundle.min.js responded 304 in 0.1432 ms
[12:30:43 INF] HTTP GET /js/site.js responded 304 in 0.1400 ms
[12:30:43 INF] HTTP GET /lib/jquery-validation/dist/jquery.validate.min.js responded 304 in 0.1069 ms
[12:30:43 INF] HTTP GET /lib/jquery-validation-unobtrusive/dist/jquery.validate.unobtrusive.min.js responded 304 in 0.1253 ms
[12:30:43 INF] HTTP GET /js/products-catalog-filter.js responded 304 in 0.3021 ms
[12:30:53 INF] HTTP POST /Inventory/EditProduct responded 302 in 10.8501 ms
[12:30:53 INF] HTTP GET /Inventory/Products responded 200 in 44.1011 ms
[12:30:53 INF] HTTP GET /lib/bootstrap/dist/css/bootstrap.min.css responded 304 in 0.1566 ms
[12:30:53 INF] HTTP GET /css/site.css responded 304 in 0.2010 ms
[12:30:53 INF] HTTP GET /Biktal.WebMVC.styles.css responded 304 in 0.1071 ms
[12:30:54 INF] HTTP GET /lib/jquery/dist/jquery.min.js responded 304 in 0.0821 ms
[12:30:54 INF] HTTP GET /lib/bootstrap/dist/js/bootstrap.bundle.min.js responded 304 in 0.1365 ms
[12:30:54 INF] HTTP GET /js/site.js responded 304 in 0.1249 ms
[12:30:54 INF] HTTP GET /lib/jquery-validation-unobtrusive/dist/jquery.validate.unobtrusive.min.js responded 304 in 0.0894 ms
[12:30:54 INF] HTTP GET /js/products-catalog-filter.js responded 304 in 0.0868 ms
[12:30:54 INF] HTTP GET /lib/jquery-validation/dist/jquery.validate.min.js responded 304 in 0.1045 ms
[12:30:58 INF] HTTP GET /Inventory/Products responded 200 in 63.6950 ms
[12:30:58 INF] HTTP GET /lib/bootstrap/dist/css/bootstrap.min.css responded 304 in 0.2077 ms
[12:30:58 INF] HTTP GET /Biktal.WebMVC.styles.css responded 304 in 0.1895 ms
[12:30:58 INF] HTTP GET /css/site.css responded 304 in 0.8513 ms
[12:30:59 INF] HTTP GET /lib/jquery/dist/jquery.min.js responded 304 in 0.0909 ms
[12:30:59 INF] HTTP GET /lib/bootstrap/dist/js/bootstrap.bundle.min.js responded 304 in 0.2350 ms
[12:30:59 INF] HTTP GET /js/site.js responded 304 in 1.0543 ms
[12:30:59 INF] HTTP GET /lib/jquery-validation/dist/jquery.validate.min.js responded 304 in 0.1370 ms
[12:30:59 INF] HTTP GET /lib/jquery-validation-unobtrusive/dist/jquery.validate.unobtrusive.min.js responded 304 in 0.1751 ms
[12:30:59 INF] HTTP GET /js/products-catalog-filter.js responded 304 in 0.1215 ms
[12:31:07 INF] HTTP POST /Inventory/EditProduct responded 302 in 8.2971 ms
[12:31:07 INF] HTTP GET /Inventory/Products responded 200 in 46.7110 ms
[12:31:07 INF] HTTP GET /css/site.css responded 304 in 0.2171 ms
[12:31:07 INF] HTTP GET /Biktal.WebMVC.styles.css responded 304 in 0.1460 ms
[12:31:07 INF] HTTP GET /lib/bootstrap/dist/css/bootstrap.min.css responded 200 in 4.9918 ms
[12:31:08 INF] HTTP GET /lib/jquery/dist/jquery.min.js responded 304 in 0.0814 ms
[12:31:08 INF] HTTP GET /js/site.js responded 304 in 0.0912 ms
[12:31:08 INF] HTTP GET /lib/bootstrap/dist/js/bootstrap.bundle.min.js responded 304 in 0.1081 ms
[12:31:08 INF] HTTP GET /lib/jquery-validation/dist/jquery.validate.min.js responded 304 in 0.0719 ms
[12:31:08 INF] HTTP GET /lib/jquery-validation-unobtrusive/dist/jquery.validate.unobtrusive.min.js responded 304 in 0.0623 ms
[12:31:08 INF] HTTP GET /js/products-catalog-filter.js responded 304 in 0.1399 ms
[12:32:40 INF] HTTP GET /Inventory/Products responded 200 in 75.0943 ms
[12:32:40 INF] HTTP GET /css/site.css responded 200 in 1.8197 ms
[12:32:40 INF] HTTP GET /lib/bootstrap/dist/css/bootstrap.min.css responded 200 in 9.3851 ms
[12:32:40 INF] HTTP GET /Biktal.WebMVC.styles.css responded 200 in 6.3801 ms
[12:32:41 INF] HTTP GET /lib/jquery/dist/jquery.min.js responded 200 in 0.6229 ms
[12:32:41 INF] HTTP GET /js/site.js responded 200 in 0.6153 ms
[12:32:41 INF] HTTP GET /lib/bootstrap/dist/js/bootstrap.bundle.min.js responded 200 in 1.2196 ms
[12:32:41 INF] HTTP GET /lib/jquery-validation/dist/jquery.validate.min.js responded 200 in 0.6844 ms
[12:32:41 INF] HTTP GET /js/products-catalog-filter.js responded 200 in 5.3123 ms
[12:32:41 INF] HTTP GET /lib/jquery-validation-unobtrusive/dist/jquery.validate.unobtrusive.min.js responded 200 in 5.4261 ms
[12:32:49 INF] HTTP POST /Inventory/EditProduct responded 302 in 95.9986 ms
[12:32:49 INF] HTTP GET /Inventory/Products responded 200 in 66.0797 ms
[12:32:49 INF] HTTP GET /css/site.css responded 304 in 0.1150 ms
[12:32:49 INF] HTTP GET /lib/bootstrap/dist/css/bootstrap.min.css responded 304 in 0.0966 ms
[12:32:49 INF] HTTP GET /Biktal.WebMVC.styles.css responded 304 in 0.0766 ms
[12:32:50 INF] HTTP GET /lib/jquery/dist/jquery.min.js responded 304 in 0.0790 ms
[12:32:50 INF] HTTP GET /lib/bootstrap/dist/js/bootstrap.bundle.min.js responded 304 in 0.1724 ms
[12:32:50 INF] HTTP GET /js/site.js responded 304 in 0.1114 ms
[12:32:50 INF] HTTP GET /lib/jquery-validation/dist/jquery.validate.min.js responded 304 in 0.1357 ms
[12:32:50 INF] HTTP GET /js/products-catalog-filter.js responded 304 in 0.1083 ms
[12:32:50 INF] HTTP GET /lib/jquery-validation-unobtrusive/dist/jquery.validate.unobtrusive.min.js responded 304 in 0.1517 ms
[12:33:07 INF] HTTP GET /Inventory/Products responded 200 in 47.5945 ms
[12:33:07 INF] HTTP GET /css/site.css responded 304 in 0.6427 ms
[12:33:07 INF] HTTP GET /lib/bootstrap/dist/css/bootstrap.min.css responded 200 in 1.1238 ms
[12:33:07 INF] HTTP GET /Biktal.WebMVC.styles.css responded 304 in 0.2819 ms
[12:33:08 INF] HTTP GET /lib/jquery/dist/jquery.min.js responded 304 in 0.1090 ms
[12:33:08 INF] HTTP GET /lib/bootstrap/dist/js/bootstrap.bundle.min.js responded 304 in 0.3713 ms
[12:33:08 INF] HTTP GET /js/site.js responded 304 in 0.3602 ms
[12:33:08 INF] HTTP GET /lib/jquery-validation-unobtrusive/dist/jquery.validate.unobtrusive.min.js responded 304 in 0.6382 ms
[12:33:08 INF] HTTP GET /lib/jquery-validation/dist/jquery.validate.min.js responded 304 in 0.1241 ms
[12:33:08 INF] HTTP GET /js/products-catalog-filter.js responded 304 in 0.0899 ms
[12:33:21 INF] HTTP POST /Inventory/EditProduct responded 302 in 20.1424 ms
[12:33:21 INF] HTTP GET /Inventory/Products responded 200 in 80.3566 ms
[12:33:21 INF] HTTP GET /css/site.css responded 304 in 0.2508 ms
[12:33:21 INF] HTTP GET /lib/bootstrap/dist/css/bootstrap.min.css responded 200 in 1.5939 ms
[12:33:21 INF] HTTP GET /Biktal.WebMVC.styles.css responded 304 in 0.1143 ms
[12:33:22 INF] HTTP GET /lib/jquery/dist/jquery.min.js responded 304 in 0.0848 ms
[12:33:22 INF] HTTP GET /js/site.js responded 304 in 0.1025 ms
[12:33:22 INF] HTTP GET /lib/bootstrap/dist/js/bootstrap.bundle.min.js responded 304 in 0.1068 ms
[12:33:22 INF] HTTP GET /lib/jquery-validation-unobtrusive/dist/jquery.validate.unobtrusive.min.js responded 304 in 0.2835 ms
[12:33:22 INF] HTTP GET /lib/jquery-validation/dist/jquery.validate.min.js responded 304 in 0.2059 ms
[12:33:22 INF] HTTP GET /js/products-catalog-filter.js responded 304 in 0.2061 ms
[12:33:44 INF] HTTP GET /Inventory/Products responded 200 in 57.0922 ms
[12:33:44 INF] HTTP GET /lib/bootstrap/dist/css/bootstrap.min.css responded 200 in 5.4770 ms
[12:33:44 INF] HTTP GET /css/site.css responded 304 in 0.1047 ms
[12:33:44 INF] HTTP GET /Biktal.WebMVC.styles.css responded 304 in 0.1076 ms
[12:33:45 INF] HTTP GET /lib/jquery/dist/jquery.min.js responded 304 in 0.0932 ms
[12:33:45 INF] HTTP GET /lib/bootstrap/dist/js/bootstrap.bundle.min.js responded 304 in 0.1357 ms
[12:33:45 INF] HTTP GET /js/site.js responded 304 in 0.3682 ms
[12:33:45 INF] HTTP GET /lib/jquery-validation/dist/jquery.validate.min.js responded 304 in 0.1702 ms
[12:33:45 INF] HTTP GET /lib/jquery-validation-unobtrusive/dist/jquery.validate.unobtrusive.min.js responded 304 in 0.1517 ms
[12:33:45 INF] HTTP GET /js/products-catalog-filter.js responded 304 in 0.1241 ms
[12:33:53 INF] HTTP POST /Inventory/EditProduct responded 302 in 15.6238 ms
[12:33:53 INF] HTTP GET /Inventory/Products responded 200 in 50.7186 ms
[12:33:53 INF] HTTP GET /lib/bootstrap/dist/css/bootstrap.min.css responded 304 in 0.1883 ms
[12:33:53 INF] HTTP GET /css/site.css responded 304 in 0.1409 ms
[12:33:53 INF] HTTP GET /Biktal.WebMVC.styles.css responded 304 in 0.1998 ms
[12:33:54 INF] HTTP GET /lib/jquery/dist/jquery.min.js responded 304 in 0.0860 ms
[12:33:54 INF] HTTP GET /lib/bootstrap/dist/js/bootstrap.bundle.min.js responded 304 in 0.1386 ms
[12:33:54 INF] HTTP GET /js/site.js responded 304 in 0.1435 ms
[12:33:54 INF] HTTP GET /lib/jquery-validation-unobtrusive/dist/jquery.validate.unobtrusive.min.js responded 304 in 1.1731 ms
[12:33:54 INF] HTTP GET /lib/jquery-validation/dist/jquery.validate.min.js responded 304 in 0.1802 ms
[12:33:54 INF] HTTP GET /js/products-catalog-filter.js responded 304 in 0.1064 ms
[12:33:58 INF] HTTP GET /Inventory/Products responded 200 in 63.6344 ms
[12:33:58 INF] HTTP GET /lib/bootstrap/dist/css/bootstrap.min.css responded 200 in 0.7895 ms
[12:33:58 INF] HTTP GET /css/site.css responded 304 in 0.2083 ms
[12:33:58 INF] HTTP GET /Biktal.WebMVC.styles.css responded 304 in 0.1368 ms
[12:33:58 INF] HTTP GET /lib/jquery/dist/jquery.min.js responded 304 in 0.0973 ms
[12:33:58 INF] HTTP GET /lib/bootstrap/dist/js/bootstrap.bundle.min.js responded 304 in 0.5311 ms
[12:33:58 INF] HTTP GET /js/site.js responded 304 in 0.2081 ms
[12:33:58 INF] HTTP GET /lib/jquery-validation/dist/jquery.validate.min.js responded 304 in 0.1188 ms
[12:33:58 INF] HTTP GET /lib/jquery-validation-unobtrusive/dist/jquery.validate.unobtrusive.min.js responded 304 in 1.7130 ms
[12:33:58 INF] HTTP GET /js/products-catalog-filter.js responded 304 in 0.1309 ms
[12:34:07 INF] HTTP POST /Inventory/EditProduct responded 302 in 12.6009 ms
[12:34:07 INF] HTTP GET /Inventory/Products responded 200 in 58.8359 ms
[12:34:07 INF] HTTP GET /lib/bootstrap/dist/css/bootstrap.min.css responded 304 in 0.1345 ms
[12:34:07 INF] HTTP GET /css/site.css responded 304 in 0.1587 ms
[12:34:07 INF] HTTP GET /Biktal.WebMVC.styles.css responded 304 in 0.3059 ms
[12:34:08 INF] HTTP GET /lib/jquery/dist/jquery.min.js responded 304 in 0.0867 ms
[12:34:08 INF] HTTP GET /lib/bootstrap/dist/js/bootstrap.bundle.min.js responded 304 in 0.1371 ms
[12:34:08 INF] HTTP GET /js/site.js responded 304 in 0.0968 ms
[12:34:08 INF] HTTP GET /lib/jquery-validation/dist/jquery.validate.min.js responded 304 in 0.1159 ms
[12:34:08 INF] HTTP GET /lib/jquery-validation-unobtrusive/dist/jquery.validate.unobtrusive.min.js responded 304 in 0.1734 ms
[12:34:08 INF] HTTP GET /js/products-catalog-filter.js responded 304 in 0.2212 ms
[12:34:12 INF] HTTP GET /Inventory/Products responded 200 in 52.7812 ms
[12:34:12 INF] HTTP GET /lib/bootstrap/dist/css/bootstrap.min.css responded 304 in 0.1859 ms
[12:34:12 INF] HTTP GET /css/site.css responded 304 in 0.1733 ms
[12:34:12 INF] HTTP GET /Biktal.WebMVC.styles.css responded 304 in 0.1588 ms
[12:34:13 INF] HTTP GET /lib/jquery/dist/jquery.min.js responded 304 in 0.0921 ms
[12:34:13 INF] HTTP GET /lib/bootstrap/dist/js/bootstrap.bundle.min.js responded 304 in 0.2853 ms
[12:34:13 INF] HTTP GET /js/site.js responded 304 in 0.1243 ms
[12:34:13 INF] HTTP GET /lib/jquery-validation/dist/jquery.validate.min.js responded 304 in 0.2345 ms
[12:34:13 INF] HTTP GET /lib/jquery-validation-unobtrusive/dist/jquery.validate.unobtrusive.min.js responded 304 in 0.1185 ms
[12:34:13 INF] HTTP GET /js/products-catalog-filter.js responded 304 in 0.1285 ms
[12:34:23 INF] HTTP POST /Inventory/EditProduct responded 302 in 17.9751 ms
[12:34:23 INF] HTTP GET /Inventory/Products responded 200 in 61.7551 ms
[12:34:23 INF] HTTP GET /css/site.css responded 304 in 0.1346 ms
[12:34:23 INF] HTTP GET /Biktal.WebMVC.styles.css responded 304 in 0.1192 ms
[12:34:23 INF] HTTP GET /lib/bootstrap/dist/css/bootstrap.min.css responded 200 in 5.2234 ms
[12:34:24 INF] HTTP GET /lib/jquery/dist/jquery.min.js responded 304 in 0.0892 ms
[12:34:24 INF] HTTP GET /lib/bootstrap/dist/js/bootstrap.bundle.min.js responded 304 in 0.1278 ms
[12:34:24 INF] HTTP GET /lib/jquery-validation/dist/jquery.validate.min.js responded 304 in 0.5718 ms
[12:34:24 INF] HTTP GET /js/site.js responded 304 in 0.0966 ms
[12:34:24 INF] HTTP GET /lib/jquery-validation-unobtrusive/dist/jquery.validate.unobtrusive.min.js responded 304 in 0.1188 ms
[12:34:24 INF] HTTP GET /js/products-catalog-filter.js responded 304 in 0.1717 ms
[12:34:28 INF] HTTP GET /Inventory/Products responded 200 in 57.3944 ms
[12:34:28 INF] HTTP GET /lib/bootstrap/dist/css/bootstrap.min.css responded 304 in 0.8106 ms
[12:34:28 INF] HTTP GET /Biktal.WebMVC.styles.css responded 304 in 0.9493 ms
[12:34:28 INF] HTTP GET /css/site.css responded 304 in 0.1201 ms
[12:34:29 INF] HTTP GET /lib/jquery/dist/jquery.min.js responded 304 in 0.0935 ms
[12:34:29 INF] HTTP GET /lib/bootstrap/dist/js/bootstrap.bundle.min.js responded 304 in 0.1832 ms
[12:34:29 INF] HTTP GET /js/site.js responded 304 in 0.7665 ms
[12:34:29 INF] HTTP GET /lib/jquery-validation/dist/jquery.validate.min.js responded 304 in 0.1567 ms
[12:34:29 INF] HTTP GET /lib/jquery-validation-unobtrusive/dist/jquery.validate.unobtrusive.min.js responded 304 in 0.0999 ms
[12:34:29 INF] HTTP GET /js/products-catalog-filter.js responded 304 in 0.0704 ms
[12:34:35 INF] HTTP POST /Inventory/EditProduct responded 302 in 16.7979 ms
[12:34:35 INF] HTTP GET /Inventory/Products responded 200 in 63.3857 ms
[12:34:35 INF] HTTP GET /lib/bootstrap/dist/css/bootstrap.min.css responded 304 in 0.3308 ms
[12:34:35 INF] HTTP GET /css/site.css responded 304 in 0.1178 ms
[12:34:35 INF] HTTP GET /Biktal.WebMVC.styles.css responded 304 in 0.1180 ms
[12:34:36 INF] HTTP GET /lib/jquery/dist/jquery.min.js responded 304 in 0.0904 ms
[12:34:36 INF] HTTP GET /lib/bootstrap/dist/js/bootstrap.bundle.min.js responded 304 in 0.1400 ms
[12:34:36 INF] HTTP GET /js/site.js responded 304 in 0.1304 ms
[12:34:36 INF] HTTP GET /lib/jquery-validation/dist/jquery.validate.min.js responded 304 in 0.1206 ms
[12:34:36 INF] HTTP GET /js/products-catalog-filter.js responded 304 in 0.1067 ms
[12:34:36 INF] HTTP GET /lib/jquery-validation-unobtrusive/dist/jquery.validate.unobtrusive.min.js responded 304 in 0.1951 ms
[12:34:37 INF] HTTP GET /Inventory/Products responded 200 in 66.0747 ms
[12:34:37 INF] HTTP GET /lib/bootstrap/dist/css/bootstrap.min.css responded 304 in 0.1260 ms
[12:34:37 INF] HTTP GET /Biktal.WebMVC.styles.css responded 304 in 0.1034 ms
[12:34:37 INF] HTTP GET /css/site.css responded 304 in 0.1069 ms
[12:34:38 INF] HTTP GET /lib/jquery/dist/jquery.min.js responded 304 in 0.0851 ms
[12:34:38 INF] HTTP GET /lib/bootstrap/dist/js/bootstrap.bundle.min.js responded 304 in 0.1433 ms
[12:34:38 INF] HTTP GET /js/site.js responded 304 in 0.1247 ms
[12:34:38 INF] HTTP GET /lib/jquery-validation/dist/jquery.validate.min.js responded 304 in 0.1839 ms
[12:34:38 INF] HTTP GET /lib/jquery-validation-unobtrusive/dist/jquery.validate.unobtrusive.min.js responded 304 in 0.1789 ms
[12:34:38 INF] HTTP GET /js/products-catalog-filter.js responded 304 in 0.1157 ms
[12:34:43 INF] HTTP GET /Inventory/Products responded 200 in 66.5273 ms
[12:34:44 INF] HTTP GET /Biktal.WebMVC.styles.css responded 304 in 0.1239 ms
[12:34:44 INF] HTTP GET /css/site.css responded 304 in 0.0628 ms
[12:34:44 INF] HTTP GET /lib/bootstrap/dist/css/bootstrap.min.css responded 200 in 0.6470 ms
[12:34:44 INF] HTTP GET /lib/jquery/dist/jquery.min.js responded 304 in 0.0925 ms
[12:34:44 INF] HTTP GET /lib/bootstrap/dist/js/bootstrap.bundle.min.js responded 304 in 0.5144 ms
[12:34:44 INF] HTTP GET /js/site.js responded 304 in 0.2868 ms
[12:34:44 INF] HTTP GET /lib/jquery-validation/dist/jquery.validate.min.js responded 304 in 2.8840 ms
[12:34:44 INF] HTTP GET /lib/jquery-validation-unobtrusive/dist/jquery.validate.unobtrusive.min.js responded 304 in 0.1114 ms
[12:34:44 INF] HTTP GET /js/products-catalog-filter.js responded 304 in 0.2528 ms
[12:34:48 INF] HTTP GET /Inventory/Products responded 200 in 60.6163 ms
[12:34:48 INF] HTTP GET /lib/bootstrap/dist/css/bootstrap.min.css responded 200 in 6.7960 ms
[12:34:48 INF] HTTP GET /Biktal.WebMVC.styles.css responded 304 in 0.1137 ms
[12:34:48 INF] HTTP GET /css/site.css responded 304 in 0.1964 ms
[12:34:49 INF] HTTP GET /lib/jquery/dist/jquery.min.js responded 304 in 0.0923 ms
[12:34:49 INF] HTTP GET /lib/bootstrap/dist/js/bootstrap.bundle.min.js responded 304 in 0.3791 ms
[12:34:49 INF] HTTP GET /js/site.js responded 304 in 0.1410 ms
[12:34:49 INF] HTTP GET /lib/jquery-validation-unobtrusive/dist/jquery.validate.unobtrusive.min.js responded 304 in 0.3420 ms
[12:34:49 INF] HTTP GET /lib/jquery-validation/dist/jquery.validate.min.js responded 304 in 0.1221 ms
[12:34:49 INF] HTTP GET /js/products-catalog-filter.js responded 304 in 0.2793 ms
[12:36:13 INF] HTTP POST /Inventory/EditProduct responded 302 in 17.6759 ms
[12:36:13 INF] HTTP GET /Inventory/Products responded 200 in 171.7644 ms
[12:36:13 INF] HTTP GET /lib/bootstrap/dist/css/bootstrap.min.css responded 200 in 1.0824 ms
[12:36:13 INF] HTTP GET /css/site.css responded 200 in 1.0957 ms
[12:36:13 INF] HTTP GET /Biktal.WebMVC.styles.css responded 200 in 0.9997 ms
[12:36:14 INF] HTTP GET /lib/jquery/dist/jquery.min.js responded 200 in 0.6120 ms
[12:36:14 INF] HTTP GET /js/site.js responded 200 in 0.6265 ms
[12:36:14 INF] HTTP GET /lib/jquery-validation/dist/jquery.validate.min.js responded 200 in 1.6165 ms
[12:36:14 INF] HTTP GET /lib/bootstrap/dist/js/bootstrap.bundle.min.js responded 200 in 1.0191 ms
[12:36:14 INF] HTTP GET /lib/jquery-validation-unobtrusive/dist/jquery.validate.unobtrusive.min.js responded 200 in 0.8762 ms
[12:36:14 INF] HTTP GET /js/products-catalog-filter.js responded 200 in 0.6452 ms
[12:36:20 INF] HTTP GET /Inventory/Products responded 200 in 73.9187 ms
[12:36:20 INF] HTTP GET /lib/bootstrap/dist/css/bootstrap.min.css responded 304 in 0.1333 ms
[12:36:20 INF] HTTP GET /Biktal.WebMVC.styles.css responded 304 in 0.1294 ms
[12:36:20 INF] HTTP GET /css/site.css responded 304 in 0.1518 ms
[12:36:21 INF] HTTP GET /lib/jquery/dist/jquery.min.js responded 304 in 0.0886 ms
[12:36:21 INF] HTTP GET /lib/bootstrap/dist/js/bootstrap.bundle.min.js responded 304 in 0.1133 ms
[12:36:21 INF] HTTP GET /js/site.js responded 304 in 0.0836 ms
[12:36:21 INF] HTTP GET /lib/jquery-validation/dist/jquery.validate.min.js responded 304 in 0.1466 ms
[12:36:21 INF] HTTP GET /lib/jquery-validation-unobtrusive/dist/jquery.validate.unobtrusive.min.js responded 304 in 0.1859 ms
[12:36:21 INF] HTTP GET /js/products-catalog-filter.js responded 304 in 0.1880 ms
[12:36:28 INF] HTTP POST /Inventory/EditProduct responded 302 in 12.7434 ms
[12:36:29 INF] HTTP GET /Inventory/Products responded 200 in 65.5561 ms
[12:36:29 INF] HTTP GET /lib/bootstrap/dist/css/bootstrap.min.css responded 200 in 2.7469 ms
[12:36:29 INF] HTTP GET /css/site.css responded 304 in 1.8385 ms
[12:36:29 INF] HTTP GET /Biktal.WebMVC.styles.css responded 304 in 0.1593 ms
[12:36:29 INF] HTTP GET /lib/jquery/dist/jquery.min.js responded 304 in 0.1098 ms
[12:36:29 INF] HTTP GET /lib/bootstrap/dist/js/bootstrap.bundle.min.js responded 304 in 0.1360 ms
[12:36:29 INF] HTTP GET /js/site.js responded 304 in 0.1642 ms
[12:36:29 INF] HTTP GET /lib/jquery-validation/dist/jquery.validate.min.js responded 304 in 0.2712 ms
[12:36:29 INF] HTTP GET /lib/jquery-validation-unobtrusive/dist/jquery.validate.unobtrusive.min.js responded 304 in 0.0890 ms
[12:36:29 INF] HTTP GET /js/products-catalog-filter.js responded 304 in 0.1311 ms
[12:36:33 INF] HTTP GET /Inventory/Products responded 200 in 69.8215 ms
[12:36:33 INF] HTTP GET /lib/bootstrap/dist/css/bootstrap.min.css responded 304 in 0.1296 ms
[12:36:33 INF] HTTP GET /Biktal.WebMVC.styles.css responded 304 in 0.1014 ms
[12:36:33 INF] HTTP GET /css/site.css responded 304 in 0.1634 ms
[12:36:34 INF] HTTP GET /lib/jquery/dist/jquery.min.js responded 304 in 0.2143 ms
[12:36:34 INF] HTTP GET /lib/bootstrap/dist/js/bootstrap.bundle.min.js responded 304 in 0.1416 ms
[12:36:34 INF] HTTP GET /js/site.js responded 304 in 0.1019 ms
[12:36:34 INF] HTTP GET /lib/jquery-validation/dist/jquery.validate.min.js responded 304 in 0.1320 ms
[12:36:34 INF] HTTP GET /js/products-catalog-filter.js responded 304 in 0.1313 ms
[12:36:34 INF] HTTP GET /lib/jquery-validation-unobtrusive/dist/jquery.validate.unobtrusive.min.js responded 304 in 0.1399 ms
[12:36:40 INF] HTTP POST /Inventory/EditProduct responded 302 in 12.8175 ms
[12:36:40 INF] HTTP GET /Inventory/Products responded 200 in 62.1823 ms
[12:36:40 INF] HTTP GET /lib/bootstrap/dist/css/bootstrap.min.css responded 304 in 0.1560 ms
[12:36:40 INF] HTTP GET /css/site.css responded 304 in 0.1462 ms
[12:36:40 INF] HTTP GET /Biktal.WebMVC.styles.css responded 304 in 2.5831 ms
[12:36:41 INF] HTTP GET /lib/jquery/dist/jquery.min.js responded 304 in 0.0888 ms
[12:36:41 INF] HTTP GET /lib/bootstrap/dist/js/bootstrap.bundle.min.js responded 304 in 0.2595 ms
[12:36:41 INF] HTTP GET /js/site.js responded 304 in 0.1075 ms
[12:36:41 INF] HTTP GET /lib/jquery-validation-unobtrusive/dist/jquery.validate.unobtrusive.min.js responded 304 in 0.1621 ms
[12:36:41 INF] HTTP GET /js/products-catalog-filter.js responded 304 in 0.1205 ms
[12:36:41 INF] HTTP GET /lib/jquery-validation/dist/jquery.validate.min.js responded 304 in 0.2262 ms
[12:49:58 INF] HTTP GET /Inventory/Products responded 200 in 130.6353 ms
[12:49:58 INF] HTTP GET /Biktal.WebMVC.styles.css responded 200 in 0.3655 ms
[12:49:58 INF] HTTP GET /lib/bootstrap/dist/css/bootstrap.min.css responded 200 in 0.9530 ms
[12:49:58 INF] HTTP GET /css/site.css responded 200 in 0.5650 ms
[12:50:00 INF] HTTP GET /lib/jquery/dist/jquery.min.js responded 200 in 0.4973 ms
[12:50:00 INF] HTTP GET /js/site.js responded 200 in 2.2394 ms
[12:50:00 INF] HTTP GET /lib/jquery-validation/dist/jquery.validate.min.js responded 200 in 1.5921 ms
[12:50:00 INF] HTTP GET /lib/jquery-validation-unobtrusive/dist/jquery.validate.unobtrusive.min.js responded 200 in 1.3057 ms
[12:50:00 INF] HTTP GET /lib/bootstrap/dist/js/bootstrap.bundle.min.js responded 200 in 2.0190 ms
[12:50:00 INF] HTTP GET /js/products-catalog-filter.js responded 200 in 1.1039 ms
[12:50:07 INF] HTTP POST /Inventory/EditProduct responded 302 in 20.8137 ms
[12:50:07 INF] HTTP GET /Inventory/Products responded 200 in 73.5628 ms
[12:50:07 INF] HTTP GET /css/site.css responded 304 in 0.1832 ms
[12:50:07 INF] HTTP GET /lib/bootstrap/dist/css/bootstrap.min.css responded 304 in 0.3871 ms
[12:50:07 INF] HTTP GET /Biktal.WebMVC.styles.css responded 304 in 0.3613 ms
[12:50:08 INF] HTTP GET /lib/jquery/dist/jquery.min.js responded 304 in 0.0993 ms
[12:50:08 INF] HTTP GET /lib/bootstrap/dist/js/bootstrap.bundle.min.js responded 304 in 0.1471 ms
[12:50:08 INF] HTTP GET /js/site.js responded 304 in 0.1245 ms
[12:50:08 INF] HTTP GET /lib/jquery-validation/dist/jquery.validate.min.js responded 304 in 0.1546 ms
[12:50:08 INF] HTTP GET /lib/jquery-validation-unobtrusive/dist/jquery.validate.unobtrusive.min.js responded 304 in 0.0843 ms
[12:50:08 INF] HTTP GET /js/products-catalog-filter.js responded 304 in 0.0897 ms
[13:11:01 INF] Application is shutting down...
