[13:50:16 ERR] Failed executing DbCommand (6ms) [Parameters=[@p0='?' (DbType = Guid), @p1='?' (DbType = DateTime), @p2='?' (DbType = Guid), @p3='?', @p4='?' (DbType = DateTime), @p5='?' (DbType = Int32), @p6='?' (DbType = Int32), @p7='?', @p8='?', @p9='?' (DbType = Guid), @p10='?' (DbType = DateTime), @p11='?' (DbType = Guid), @p12='?', @p13='?' (DbType = DateTime), @p14='?' (DbType = Int32), @p15='?' (DbType = Int32), @p16='?', @p17='?'], CommandType='Text', CommandTimeout='30']
INSERT INTO "CrmSupportTickets" ("Id", "CreatedAtUtc", "CustomerId", "Description", "ModifiedAtUtc", "Priority", "Status", "Subject", "TicketNumber")
VALUES (@p0, @p1, @p2, @p3, @p4, @p5, @p6, @p7, @p8);
INSERT INTO "CrmSupportTickets" ("Id", "CreatedAtUtc", "CustomerId", "Description", "ModifiedAtUtc", "Priority", "Status", "Subject", "TicketNumber")
VALUES (@p9, @p10, @p11, @p12, @p13, @p14, @p15, @p16, @p17);
[13:50:16 ERR] An exception occurred in the database while saving changes for context type 'Biktal.Infrastructure.Persistence.ApplicationDbContext'.
Microsoft.EntityFrameworkCore.DbUpdateException: An error occurred while saving the entity changes. See the inner exception for details.
 ---> Npgsql.PostgresException (0x80004005): 23503: insert or update on table "CrmSupportTickets" violates foreign key constraint "FK_CrmSupportTickets_CrmCustomers_CustomerId"

DETAIL: Detail redacted as it may contain sensitive data. Specify 'Include Error Detail' in the connection string to include this information.
   at Npgsql.Internal.NpgsqlConnector.ReadMessageLong(Boolean async, DataRowLoadingMode dataRowLoadingMode, Boolean readingNotifications, Boolean isReadingPrependedMessage)
   at System.Runtime.CompilerServices.PoolingAsyncValueTaskMethodBuilder`1.StateMachineBox`1.System.Threading.Tasks.Sources.IValueTaskSource<TResult>.GetResult(Int16 token)
   at Npgsql.NpgsqlDataReader.NextResult(Boolean async, Boolean isConsuming, CancellationToken cancellationToken)
   at Npgsql.NpgsqlDataReader.NextResult(Boolean async, Boolean isConsuming, CancellationToken cancellationToken)
   at Npgsql.NpgsqlCommand.ExecuteReader(Boolean async, CommandBehavior behavior, CancellationToken cancellationToken)
   at Npgsql.NpgsqlCommand.ExecuteReader(Boolean async, CommandBehavior behavior, CancellationToken cancellationToken)
   at Npgsql.NpgsqlCommand.ExecuteDbDataReaderAsync(CommandBehavior behavior, CancellationToken cancellationToken)
   at Microsoft.EntityFrameworkCore.Storage.RelationalCommand.ExecuteReaderAsync(RelationalCommandParameterObject parameterObject, CancellationToken cancellationToken)
   at Microsoft.EntityFrameworkCore.Storage.RelationalCommand.ExecuteReaderAsync(RelationalCommandParameterObject parameterObject, CancellationToken cancellationToken)
   at Microsoft.EntityFrameworkCore.Update.ReaderModificationCommandBatch.ExecuteAsync(IRelationalConnection connection, CancellationToken cancellationToken)
  Exception data:
    Severity: ERROR
    SqlState: 23503
    MessageText: insert or update on table "CrmSupportTickets" violates foreign key constraint "FK_CrmSupportTickets_CrmCustomers_CustomerId"
    Detail: Detail redacted as it may contain sensitive data. Specify 'Include Error Detail' in the connection string to include this information.
    SchemaName: public
    TableName: CrmSupportTickets
    ConstraintName: FK_CrmSupportTickets_CrmCustomers_CustomerId
    File: ri_triggers.c
    Line: 2783
    Routine: ri_ReportViolation
   --- End of inner exception stack trace ---
   at Microsoft.EntityFrameworkCore.Update.ReaderModificationCommandBatch.ExecuteAsync(IRelationalConnection connection, CancellationToken cancellationToken)
   at Microsoft.EntityFrameworkCore.Update.Internal.BatchExecutor.ExecuteAsync(IEnumerable`1 commandBatches, IRelationalConnection connection, CancellationToken cancellationToken)
   at Microsoft.EntityFrameworkCore.Update.Internal.BatchExecutor.ExecuteAsync(IEnumerable`1 commandBatches, IRelationalConnection connection, CancellationToken cancellationToken)
   at Microsoft.EntityFrameworkCore.Update.Internal.BatchExecutor.ExecuteAsync(IEnumerable`1 commandBatches, IRelationalConnection connection, CancellationToken cancellationToken)
   at Microsoft.EntityFrameworkCore.Storage.RelationalDatabase.SaveChangesAsync(IList`1 entries, CancellationToken cancellationToken)
   at Microsoft.EntityFrameworkCore.ChangeTracking.Internal.StateManager.SaveChangesAsync(IList`1 entriesToSave, CancellationToken cancellationToken)
   at Microsoft.EntityFrameworkCore.ChangeTracking.Internal.StateManager.SaveChangesAsync(StateManager stateManager, Boolean acceptAllChangesOnSuccess, CancellationToken cancellationToken)
   at Npgsql.EntityFrameworkCore.PostgreSQL.Storage.Internal.NpgsqlExecutionStrategy.ExecuteAsync[TState,TResult](TState state, Func`4 operation, Func`4 verifySucceeded, CancellationToken cancellationToken)
   at Microsoft.EntityFrameworkCore.DbContext.SaveChangesAsync(Boolean acceptAllChangesOnSuccess, CancellationToken cancellationToken)
Microsoft.EntityFrameworkCore.DbUpdateException: An error occurred while saving the entity changes. See the inner exception for details.
 ---> Npgsql.PostgresException (0x80004005): 23503: insert or update on table "CrmSupportTickets" violates foreign key constraint "FK_CrmSupportTickets_CrmCustomers_CustomerId"

DETAIL: Detail redacted as it may contain sensitive data. Specify 'Include Error Detail' in the connection string to include this information.
   at Npgsql.Internal.NpgsqlConnector.ReadMessageLong(Boolean async, DataRowLoadingMode dataRowLoadingMode, Boolean readingNotifications, Boolean isReadingPrependedMessage)
   at System.Runtime.CompilerServices.PoolingAsyncValueTaskMethodBuilder`1.StateMachineBox`1.System.Threading.Tasks.Sources.IValueTaskSource<TResult>.GetResult(Int16 token)
   at Npgsql.NpgsqlDataReader.NextResult(Boolean async, Boolean isConsuming, CancellationToken cancellationToken)
   at Npgsql.NpgsqlDataReader.NextResult(Boolean async, Boolean isConsuming, CancellationToken cancellationToken)
   at Npgsql.NpgsqlCommand.ExecuteReader(Boolean async, CommandBehavior behavior, CancellationToken cancellationToken)
   at Npgsql.NpgsqlCommand.ExecuteReader(Boolean async, CommandBehavior behavior, CancellationToken cancellationToken)
   at Npgsql.NpgsqlCommand.ExecuteDbDataReaderAsync(CommandBehavior behavior, CancellationToken cancellationToken)
   at Microsoft.EntityFrameworkCore.Storage.RelationalCommand.ExecuteReaderAsync(RelationalCommandParameterObject parameterObject, CancellationToken cancellationToken)
   at Microsoft.EntityFrameworkCore.Storage.RelationalCommand.ExecuteReaderAsync(RelationalCommandParameterObject parameterObject, CancellationToken cancellationToken)
   at Microsoft.EntityFrameworkCore.Update.ReaderModificationCommandBatch.ExecuteAsync(IRelationalConnection connection, CancellationToken cancellationToken)
  Exception data:
    Severity: ERROR
    SqlState: 23503
    MessageText: insert or update on table "CrmSupportTickets" violates foreign key constraint "FK_CrmSupportTickets_CrmCustomers_CustomerId"
    Detail: Detail redacted as it may contain sensitive data. Specify 'Include Error Detail' in the connection string to include this information.
    SchemaName: public
    TableName: CrmSupportTickets
    ConstraintName: FK_CrmSupportTickets_CrmCustomers_CustomerId
    File: ri_triggers.c
    Line: 2783
    Routine: ri_ReportViolation
   --- End of inner exception stack trace ---
   at Microsoft.EntityFrameworkCore.Update.ReaderModificationCommandBatch.ExecuteAsync(IRelationalConnection connection, CancellationToken cancellationToken)
   at Microsoft.EntityFrameworkCore.Update.Internal.BatchExecutor.ExecuteAsync(IEnumerable`1 commandBatches, IRelationalConnection connection, CancellationToken cancellationToken)
   at Microsoft.EntityFrameworkCore.Update.Internal.BatchExecutor.ExecuteAsync(IEnumerable`1 commandBatches, IRelationalConnection connection, CancellationToken cancellationToken)
   at Microsoft.EntityFrameworkCore.Update.Internal.BatchExecutor.ExecuteAsync(IEnumerable`1 commandBatches, IRelationalConnection connection, CancellationToken cancellationToken)
   at Microsoft.EntityFrameworkCore.Storage.RelationalDatabase.SaveChangesAsync(IList`1 entries, CancellationToken cancellationToken)
   at Microsoft.EntityFrameworkCore.ChangeTracking.Internal.StateManager.SaveChangesAsync(IList`1 entriesToSave, CancellationToken cancellationToken)
   at Microsoft.EntityFrameworkCore.ChangeTracking.Internal.StateManager.SaveChangesAsync(StateManager stateManager, Boolean acceptAllChangesOnSuccess, CancellationToken cancellationToken)
   at Npgsql.EntityFrameworkCore.PostgreSQL.Storage.Internal.NpgsqlExecutionStrategy.ExecuteAsync[TState,TResult](TState state, Func`4 operation, Func`4 verifySucceeded, CancellationToken cancellationToken)
   at Microsoft.EntityFrameworkCore.DbContext.SaveChangesAsync(Boolean acceptAllChangesOnSuccess, CancellationToken cancellationToken)
[13:50:16 ERR] Database migration or seed failed. Check PostgreSQL is running and ConnectionStrings:DefaultConnection is correct.
Microsoft.EntityFrameworkCore.DbUpdateException: An error occurred while saving the entity changes. See the inner exception for details.
 ---> Npgsql.PostgresException (0x80004005): 23503: insert or update on table "CrmSupportTickets" violates foreign key constraint "FK_CrmSupportTickets_CrmCustomers_CustomerId"

DETAIL: Detail redacted as it may contain sensitive data. Specify 'Include Error Detail' in the connection string to include this information.
   at Npgsql.Internal.NpgsqlConnector.ReadMessageLong(Boolean async, DataRowLoadingMode dataRowLoadingMode, Boolean readingNotifications, Boolean isReadingPrependedMessage)
   at System.Runtime.CompilerServices.PoolingAsyncValueTaskMethodBuilder`1.StateMachineBox`1.System.Threading.Tasks.Sources.IValueTaskSource<TResult>.GetResult(Int16 token)
   at Npgsql.NpgsqlDataReader.NextResult(Boolean async, Boolean isConsuming, CancellationToken cancellationToken)
   at Npgsql.NpgsqlDataReader.NextResult(Boolean async, Boolean isConsuming, CancellationToken cancellationToken)
   at Npgsql.NpgsqlCommand.ExecuteReader(Boolean async, CommandBehavior behavior, CancellationToken cancellationToken)
   at Npgsql.NpgsqlCommand.ExecuteReader(Boolean async, CommandBehavior behavior, CancellationToken cancellationToken)
   at Npgsql.NpgsqlCommand.ExecuteDbDataReaderAsync(CommandBehavior behavior, CancellationToken cancellationToken)
   at Microsoft.EntityFrameworkCore.Storage.RelationalCommand.ExecuteReaderAsync(RelationalCommandParameterObject parameterObject, CancellationToken cancellationToken)
   at Microsoft.EntityFrameworkCore.Storage.RelationalCommand.ExecuteReaderAsync(RelationalCommandParameterObject parameterObject, CancellationToken cancellationToken)
   at Microsoft.EntityFrameworkCore.Update.ReaderModificationCommandBatch.ExecuteAsync(IRelationalConnection connection, CancellationToken cancellationToken)
  Exception data:
    Severity: ERROR
    SqlState: 23503
    MessageText: insert or update on table "CrmSupportTickets" violates foreign key constraint "FK_CrmSupportTickets_CrmCustomers_CustomerId"
    Detail: Detail redacted as it may contain sensitive data. Specify 'Include Error Detail' in the connection string to include this information.
    SchemaName: public
    TableName: CrmSupportTickets
    ConstraintName: FK_CrmSupportTickets_CrmCustomers_CustomerId
    File: ri_triggers.c
    Line: 2783
    Routine: ri_ReportViolation
   --- End of inner exception stack trace ---
   at Microsoft.EntityFrameworkCore.Update.ReaderModificationCommandBatch.ExecuteAsync(IRelationalConnection connection, CancellationToken cancellationToken)
   at Microsoft.EntityFrameworkCore.Update.Internal.BatchExecutor.ExecuteAsync(IEnumerable`1 commandBatches, IRelationalConnection connection, CancellationToken cancellationToken)
   at Microsoft.EntityFrameworkCore.Update.Internal.BatchExecutor.ExecuteAsync(IEnumerable`1 commandBatches, IRelationalConnection connection, CancellationToken cancellationToken)
   at Microsoft.EntityFrameworkCore.Update.Internal.BatchExecutor.ExecuteAsync(IEnumerable`1 commandBatches, IRelationalConnection connection, CancellationToken cancellationToken)
   at Microsoft.EntityFrameworkCore.Storage.RelationalDatabase.SaveChangesAsync(IList`1 entries, CancellationToken cancellationToken)
   at Microsoft.EntityFrameworkCore.ChangeTracking.Internal.StateManager.SaveChangesAsync(IList`1 entriesToSave, CancellationToken cancellationToken)
   at Microsoft.EntityFrameworkCore.ChangeTracking.Internal.StateManager.SaveChangesAsync(StateManager stateManager, Boolean acceptAllChangesOnSuccess, CancellationToken cancellationToken)
   at Npgsql.EntityFrameworkCore.PostgreSQL.Storage.Internal.NpgsqlExecutionStrategy.ExecuteAsync[TState,TResult](TState state, Func`4 operation, Func`4 verifySucceeded, CancellationToken cancellationToken)
   at Microsoft.EntityFrameworkCore.DbContext.SaveChangesAsync(Boolean acceptAllChangesOnSuccess, CancellationToken cancellationToken)
   at Microsoft.EntityFrameworkCore.DbContext.SaveChangesAsync(Boolean acceptAllChangesOnSuccess, CancellationToken cancellationToken)
   at Biktal.Infrastructure.Persistence.CrmDataSeeder.SeedIfEmptyAsync(ApplicationDbContext db, CancellationToken cancellationToken)
   at Program.<Main>$(String[] args) in d:\Systems\BiktalSystems\Program.cs:line 71
[13:50:16 WRN] Continuing without a successful migration/seed. Auth and data pages may fail until the database is available.
[13:50:16 WRN] Using an in-memory repository. Keys will not be persisted to storage.
[13:50:16 WRN] Neither user profile nor HKLM registry available. Using an ephemeral key repository. Protected data will be unavailable when application exits.
[13:50:16 WRN] No XML encryptor configured. Key {c0c2276d-e330-4062-93c6-fc5d760ff557} may be persisted to storage in unencrypted form.
[13:50:16 INF] Application started. Press Ctrl+C to shut down.
[13:50:16 INF] Hosting environment: Production
[13:50:16 INF] Content root path: D:\Systems\BiktalSystems\publish
[13:50:16 INF] HTTP GET /Inventory/Products responded 302 in 103.5868 ms
[13:50:16 INF] HTTP GET /Inventory/Products responded 302 in 104.1971 ms
[13:50:17 ERR] An exception was thrown while deserializing the token.
Microsoft.AspNetCore.Antiforgery.AntiforgeryValidationException: The antiforgery token could not be decrypted.
 ---> System.Security.Cryptography.CryptographicException: The key {cf8360dc-f52b-43a1-8b3f-415e6ca6301c} was not found in the key ring. For more information go to https://aka.ms/aspnet/dataprotectionwarning
   at Microsoft.AspNetCore.DataProtection.KeyManagement.KeyRingBasedDataProtector.UnprotectCore(Byte[] protectedData, Boolean allowOperationsOnRevokedKeys, UnprotectStatus& status)
   at Microsoft.AspNetCore.DataProtection.KeyManagement.KeyRingBasedDataProtector.Unprotect(Byte[] protectedData)
   at Microsoft.AspNetCore.Antiforgery.DefaultAntiforgeryTokenSerializer.Deserialize(String serializedToken)
   --- End of inner exception stack trace ---
   at Microsoft.AspNetCore.Antiforgery.DefaultAntiforgeryTokenSerializer.Deserialize(String serializedToken)
   at Microsoft.AspNetCore.Antiforgery.DefaultAntiforgery.GetCookieTokenDoesNotThrow(HttpContext httpContext)
[13:50:17 INF] HTTP GET /Account/Login responded 200 in 222.8526 ms
[13:50:17 INF] HTTP GET /Biktal.WebMVC.styles.css responded 200 in 58.8388 ms
[13:50:17 INF] HTTP GET /css/site.css responded 200 in 36.0014 ms
[13:50:17 INF] HTTP GET /lib/bootstrap/dist/js/bootstrap.bundle.min.js responded 200 in 37.6392 ms
[13:50:17 INF] HTTP GET /lib/bootstrap/dist/css/bootstrap.min.css responded 200 in 40.9239 ms
[13:50:17 INF] HTTP GET /js/site.js responded 200 in 38.7627 ms
[13:50:17 INF] HTTP GET /lib/jquery-validation/dist/jquery.validate.min.js responded 200 in 37.8691 ms
[13:50:17 INF] HTTP GET /lib/jquery-validation-unobtrusive/dist/jquery.validate.unobtrusive.min.js responded 200 in 39.2772 ms
[13:50:17 INF] HTTP GET /lib/jquery/dist/jquery.min.js responded 200 in 15.6074 ms
[13:50:25 INF] HTTP POST /Account/Login responded 200 in 403.2337 ms
[13:50:25 INF] HTTP GET /lib/jquery-validation-unobtrusive/dist/jquery.validate.unobtrusive.min.js responded 304 in 47.9819 ms
[13:50:25 INF] HTTP GET /js/site.js responded 304 in 117.9561 ms
[13:50:25 INF] HTTP GET /css/site.css responded 304 in 124.4286 ms
[13:50:25 INF] HTTP GET /lib/jquery-validation/dist/jquery.validate.min.js responded 304 in 68.3113 ms
[13:50:25 INF] HTTP GET /lib/bootstrap/dist/css/bootstrap.min.css responded 304 in 125.4969 ms
[13:50:25 INF] HTTP GET /lib/jquery/dist/jquery.min.js responded 304 in 120.9521 ms
[13:50:25 INF] HTTP GET /Biktal.WebMVC.styles.css responded 304 in 50.0469 ms
[13:50:25 INF] HTTP GET /lib/bootstrap/dist/js/bootstrap.bundle.min.js responded 304 in 178.9052 ms
[13:50:31 INF] HTTP POST /Account/Login responded 302 in 367.2267 ms
[13:50:32 INF] HTTP GET /Inventory/Products responded 200 in 491.7337 ms
[13:50:32 INF] HTTP GET /lib/bootstrap/dist/css/bootstrap.min.css responded 200 in 4.4887 ms
[13:50:32 INF] HTTP GET /css/site.css responded 304 in 5.1980 ms
[13:50:32 INF] HTTP GET /Biktal.WebMVC.styles.css responded 304 in 1.9980 ms
[13:50:33 INF] HTTP GET /lib/jquery/dist/jquery.min.js responded 304 in 1.2288 ms
[13:50:33 INF] HTTP GET /lib/bootstrap/dist/js/bootstrap.bundle.min.js responded 304 in 1.1775 ms
[13:50:33 INF] HTTP GET /js/products-catalog-filter.js responded 200 in 1.7099 ms
[13:50:33 INF] HTTP GET /js/site.js responded 304 in 0.9069 ms
[13:50:33 INF] HTTP GET /lib/jquery-validation/dist/jquery.validate.min.js responded 304 in 0.8506 ms
[13:50:33 INF] HTTP GET /lib/jquery-validation-unobtrusive/dist/jquery.validate.unobtrusive.min.js responded 304 in 3.0180 ms
[13:50:59 INF] HTTP POST /Inventory/EditProduct responded 302 in 211.3427 ms
[13:50:59 INF] HTTP GET /Inventory/Products responded 200 in 116.3697 ms
[13:50:59 INF] HTTP GET /css/site.css responded 304 in 1.0635 ms
[13:50:59 INF] HTTP GET /lib/bootstrap/dist/css/bootstrap.min.css responded 304 in 1.4108 ms
[13:50:59 INF] HTTP GET /Biktal.WebMVC.styles.css responded 304 in 3.7222 ms
[13:51:00 INF] HTTP GET /lib/jquery/dist/jquery.min.js responded 304 in 0.6842 ms
[13:51:00 INF] HTTP GET /lib/bootstrap/dist/js/bootstrap.bundle.min.js responded 304 in 1.0213 ms
[13:51:00 INF] HTTP GET /lib/jquery-validation/dist/jquery.validate.min.js responded 304 in 0.7229 ms
[13:51:00 INF] HTTP GET /lib/jquery-validation-unobtrusive/dist/jquery.validate.unobtrusive.min.js responded 304 in 0.5507 ms
[13:51:00 INF] HTTP GET /js/products-catalog-filter.js responded 304 in 0.8821 ms
[13:51:00 INF] HTTP GET /js/site.js responded 304 in 2.0628 ms
[13:51:16 INF] HTTP GET /Inventory/Products responded 200 in 76.8139 ms
[13:51:17 INF] HTTP GET /lib/bootstrap/dist/css/bootstrap.min.css responded 304 in 0.6279 ms
[13:51:17 INF] HTTP GET /css/site.css responded 304 in 1.0460 ms
[13:51:17 INF] HTTP GET /Biktal.WebMVC.styles.css responded 304 in 1.7850 ms
[13:51:17 INF] HTTP GET /lib/jquery/dist/jquery.min.js responded 304 in 1.3669 ms
[13:51:17 INF] HTTP GET /lib/bootstrap/dist/js/bootstrap.bundle.min.js responded 304 in 1.1420 ms
[13:51:17 INF] HTTP GET /js/products-catalog-filter.js responded 304 in 1.0067 ms
[13:51:17 INF] HTTP GET /js/site.js responded 304 in 0.7738 ms
[13:51:17 INF] HTTP GET /lib/jquery-validation/dist/jquery.validate.min.js responded 304 in 0.5220 ms
[13:51:17 INF] HTTP GET /lib/jquery-validation-unobtrusive/dist/jquery.validate.unobtrusive.min.js responded 304 in 1.3787 ms
[13:51:22 INF] HTTP POST /Inventory/EditProduct responded 302 in 20.9827 ms
[13:51:22 INF] HTTP GET /Inventory/Products responded 200 in 42.5254 ms
[13:51:22 INF] HTTP GET /css/site.css responded 304 in 1.5357 ms
[13:51:22 INF] HTTP GET /Biktal.WebMVC.styles.css responded 304 in 1.1993 ms
[13:51:22 INF] HTTP GET /lib/bootstrap/dist/css/bootstrap.min.css responded 304 in 5.9461 ms
[13:51:23 INF] HTTP GET /lib/jquery/dist/jquery.min.js responded 304 in 0.5860 ms
[13:51:23 INF] HTTP GET /js/site.js responded 304 in 0.9003 ms
[13:51:23 INF] HTTP GET /lib/bootstrap/dist/js/bootstrap.bundle.min.js responded 304 in 0.9588 ms
[13:51:23 INF] HTTP GET /lib/jquery-validation/dist/jquery.validate.min.js responded 304 in 1.3035 ms
[13:51:23 INF] HTTP GET /lib/jquery-validation-unobtrusive/dist/jquery.validate.unobtrusive.min.js responded 304 in 0.6458 ms
[13:51:23 INF] HTTP GET /js/products-catalog-filter.js responded 304 in 2.3493 ms
[13:51:29 INF] HTTP GET /Inventory/Products responded 200 in 58.0281 ms
[13:51:29 INF] HTTP GET /lib/bootstrap/dist/css/bootstrap.min.css responded 200 in 3.2504 ms
[13:51:29 INF] HTTP GET /css/site.css responded 304 in 1.0494 ms
[13:51:29 INF] HTTP GET /Biktal.WebMVC.styles.css responded 304 in 4.1696 ms
[13:51:30 INF] HTTP GET /lib/jquery/dist/jquery.min.js responded 304 in 0.8300 ms
[13:51:30 INF] HTTP GET /lib/bootstrap/dist/js/bootstrap.bundle.min.js responded 304 in 1.0901 ms
[13:51:30 INF] HTTP GET /lib/jquery-validation/dist/jquery.validate.min.js responded 304 in 0.5329 ms
[13:51:30 INF] HTTP GET /lib/jquery-validation-unobtrusive/dist/jquery.validate.unobtrusive.min.js responded 304 in 0.8460 ms
[13:51:30 INF] HTTP GET /js/site.js responded 304 in 2.4925 ms
[13:51:30 INF] HTTP GET /js/products-catalog-filter.js responded 304 in 0.5344 ms
[13:51:59 INF] HTTP POST /Inventory/EditProduct responded 302 in 18.5407 ms
[13:51:59 INF] HTTP GET /Inventory/Products responded 200 in 56.4171 ms
[13:51:59 INF] HTTP GET /lib/bootstrap/dist/css/bootstrap.min.css responded 200 in 1.6634 ms
[13:51:59 INF] HTTP GET /Biktal.WebMVC.styles.css responded 304 in 1.5216 ms
[13:51:59 INF] HTTP GET /css/site.css responded 304 in 1.1050 ms
[13:52:00 INF] HTTP GET /lib/jquery/dist/jquery.min.js responded 304 in 0.3772 ms
[13:52:00 INF] HTTP GET /lib/bootstrap/dist/js/bootstrap.bundle.min.js responded 304 in 0.5993 ms
[13:52:00 INF] HTTP GET /js/site.js responded 304 in 0.4628 ms
[13:52:00 INF] HTTP GET /lib/jquery-validation/dist/jquery.validate.min.js responded 304 in 0.4915 ms
[13:52:00 INF] HTTP GET /lib/jquery-validation-unobtrusive/dist/jquery.validate.unobtrusive.min.js responded 304 in 1.1552 ms
[13:52:00 INF] HTTP GET /js/products-catalog-filter.js responded 304 in 0.7220 ms
[13:52:09 INF] HTTP GET /Inventory/Products responded 200 in 75.0884 ms
[13:52:09 INF] HTTP GET /css/site.css responded 304 in 0.4549 ms
[13:52:09 INF] HTTP GET /lib/bootstrap/dist/css/bootstrap.min.css responded 304 in 0.4692 ms
[13:52:09 INF] HTTP GET /Biktal.WebMVC.styles.css responded 304 in 0.3639 ms
[13:52:10 INF] HTTP GET /lib/jquery/dist/jquery.min.js responded 304 in 0.3117 ms
[13:52:10 INF] HTTP GET /lib/bootstrap/dist/js/bootstrap.bundle.min.js responded 304 in 2.4315 ms
[13:52:10 INF] HTTP GET /js/site.js responded 304 in 0.5140 ms
[13:52:10 INF] HTTP GET /lib/jquery-validation/dist/jquery.validate.min.js responded 304 in 0.7642 ms
[13:52:10 INF] HTTP GET /lib/jquery-validation-unobtrusive/dist/jquery.validate.unobtrusive.min.js responded 304 in 0.5331 ms
[13:52:10 INF] HTTP GET /js/products-catalog-filter.js responded 304 in 0.4775 ms
[13:52:59 INF] HTTP GET /Inventory/Products responded 200 in 170.5364 ms
[13:52:59 INF] HTTP GET /css/site.css responded 200 in 1.0143 ms
[13:52:59 INF] HTTP GET /Biktal.WebMVC.styles.css responded 200 in 1.8516 ms
[13:52:59 INF] HTTP GET /lib/bootstrap/dist/css/bootstrap.min.css responded 200 in 1.0965 ms
[13:53:01 INF] HTTP GET /lib/jquery/dist/jquery.min.js responded 200 in 1.0371 ms
[13:53:01 INF] HTTP GET /js/site.js responded 200 in 0.9695 ms
[13:53:01 INF] HTTP GET /lib/bootstrap/dist/js/bootstrap.bundle.min.js responded 200 in 1.0753 ms
[13:53:01 INF] HTTP GET /lib/jquery-validation-unobtrusive/dist/jquery.validate.unobtrusive.min.js responded 200 in 1.3083 ms
[13:53:01 INF] HTTP GET /js/products-catalog-filter.js responded 200 in 0.9188 ms
[13:53:01 INF] HTTP GET /lib/jquery-validation/dist/jquery.validate.min.js responded 200 in 18.4941 ms
[13:53:48 INF] HTTP GET /Inventory/Products responded 200 in 75.2448 ms
[13:53:48 INF] HTTP GET /Biktal.WebMVC.styles.css responded 200 in 3.2792 ms
[13:53:48 INF] HTTP GET /lib/bootstrap/dist/css/bootstrap.min.css responded 200 in 8.1512 ms
[13:53:48 INF] HTTP GET /css/site.css responded 200 in 1.8872 ms
[13:53:49 INF] HTTP GET /lib/jquery/dist/jquery.min.js responded 200 in 1.2970 ms
[13:53:49 INF] HTTP GET /js/site.js responded 200 in 0.9158 ms
[13:53:49 INF] HTTP GET /lib/jquery-validation/dist/jquery.validate.min.js responded 200 in 0.6774 ms
[13:53:49 INF] HTTP GET /js/products-catalog-filter.js responded 200 in 0.6524 ms
[13:53:49 INF] HTTP GET /lib/bootstrap/dist/js/bootstrap.bundle.min.js responded 200 in 1.4581 ms
[13:53:49 INF] HTTP GET /lib/jquery-validation-unobtrusive/dist/jquery.validate.unobtrusive.min.js responded 200 in 2.2259 ms
[13:58:33 INF] HTTP GET /Inventory/Products responded 200 in 219.3939 ms
[13:58:33 INF] HTTP GET /lib/bootstrap/dist/css/bootstrap.min.css responded 200 in 0.9957 ms
[13:58:33 INF] HTTP GET /css/site.css responded 200 in 1.3629 ms
[13:58:33 INF] HTTP GET /Biktal.WebMVC.styles.css responded 200 in 1.3135 ms
[13:58:34 INF] HTTP GET /lib/jquery/dist/jquery.min.js responded 200 in 0.8341 ms
[13:58:34 INF] HTTP GET /lib/bootstrap/dist/js/bootstrap.bundle.min.js responded 200 in 1.1355 ms
[13:58:34 INF] HTTP GET /js/site.js responded 200 in 0.9914 ms
[13:58:34 INF] HTTP GET /js/products-catalog-filter.js responded 200 in 0.9309 ms
[13:58:34 INF] HTTP GET /lib/jquery-validation/dist/jquery.validate.min.js responded 200 in 0.6648 ms
[13:58:34 INF] HTTP GET /lib/jquery-validation-unobtrusive/dist/jquery.validate.unobtrusive.min.js responded 200 in 9.7066 ms
[14:03:59 INF] HTTP GET /Inventory/Products responded 200 in 197.3673 ms
[14:03:59 INF] HTTP GET /lib/bootstrap/dist/css/bootstrap.min.css responded 200 in 1.9259 ms
[14:03:59 INF] HTTP GET /css/site.css responded 200 in 1.5110 ms
[14:03:59 INF] HTTP GET /Biktal.WebMVC.styles.css responded 200 in 1.8508 ms
[14:04:00 INF] HTTP GET /lib/jquery/dist/jquery.min.js responded 200 in 0.6796 ms
[14:04:00 INF] HTTP GET /js/site.js responded 200 in 0.9789 ms
[14:04:00 INF] HTTP GET /lib/bootstrap/dist/js/bootstrap.bundle.min.js responded 200 in 0.7145 ms
[14:04:00 INF] HTTP GET /lib/jquery-validation/dist/jquery.validate.min.js responded 200 in 1.9616 ms
[14:04:00 INF] HTTP GET /js/products-catalog-filter.js responded 200 in 0.9102 ms
[14:04:00 INF] HTTP GET /lib/jquery-validation-unobtrusive/dist/jquery.validate.unobtrusive.min.js responded 200 in 1.9328 ms
[14:04:03 INF] HTTP GET /Inventory/Products responded 200 in 60.4918 ms
[14:04:03 INF] HTTP GET /lib/bootstrap/dist/css/bootstrap.min.css responded 304 in 0.4364 ms
[14:04:03 INF] HTTP GET /Biktal.WebMVC.styles.css responded 304 in 0.5016 ms
[14:04:03 INF] HTTP GET /css/site.css responded 304 in 3.0320 ms
[14:04:04 INF] HTTP GET /lib/jquery/dist/jquery.min.js responded 304 in 0.2632 ms
[14:04:04 INF] HTTP GET /js/site.js responded 304 in 0.3382 ms
[14:04:04 INF] HTTP GET /lib/bootstrap/dist/js/bootstrap.bundle.min.js responded 304 in 0.4373 ms
[14:04:04 INF] HTTP GET /lib/jquery-validation/dist/jquery.validate.min.js responded 304 in 0.6474 ms
[14:04:04 INF] HTTP GET /js/products-catalog-filter.js responded 304 in 0.3309 ms
[14:04:04 INF] HTTP GET /lib/jquery-validation-unobtrusive/dist/jquery.validate.unobtrusive.min.js responded 304 in 0.3375 ms
[14:04:32 INF] HTTP GET /Inventory/Products responded 200 in 87.4616 ms
[14:04:33 INF] HTTP GET /css/site.css responded 304 in 0.4643 ms
[14:04:33 INF] HTTP GET /Biktal.WebMVC.styles.css responded 304 in 0.4901 ms
[14:04:33 INF] HTTP GET /lib/bootstrap/dist/css/bootstrap.min.css responded 200 in 4.6028 ms
[14:04:33 INF] HTTP GET /lib/jquery/dist/jquery.min.js responded 304 in 0.2485 ms
[14:04:33 INF] HTTP GET /lib/bootstrap/dist/js/bootstrap.bundle.min.js responded 304 in 0.5382 ms
[14:04:33 INF] HTTP GET /js/site.js responded 304 in 0.3193 ms
[14:04:33 INF] HTTP GET /lib/jquery-validation/dist/jquery.validate.min.js responded 304 in 0.3441 ms
[14:04:33 INF] HTTP GET /lib/jquery-validation-unobtrusive/dist/jquery.validate.unobtrusive.min.js responded 304 in 0.6680 ms
[14:04:33 INF] HTTP GET /js/products-catalog-filter.js responded 304 in 0.6807 ms
[14:06:40 INF] HTTP GET /Inventory/Products responded 200 in 86.5605 ms
[14:06:40 INF] HTTP GET /css/site.css responded 200 in 0.8813 ms
[14:06:40 INF] HTTP GET /lib/bootstrap/dist/css/bootstrap.min.css responded 200 in 1.0145 ms
[14:06:40 INF] HTTP GET /Biktal.WebMVC.styles.css responded 200 in 0.7698 ms
[14:06:41 INF] HTTP GET /lib/jquery/dist/jquery.min.js responded 200 in 0.6558 ms
[14:06:41 INF] HTTP GET /js/site.js responded 200 in 3.1378 ms
[14:06:41 INF] HTTP GET /lib/bootstrap/dist/js/bootstrap.bundle.min.js responded 200 in 0.9405 ms
[14:06:41 INF] HTTP GET /lib/jquery-validation/dist/jquery.validate.min.js responded 200 in 1.3961 ms
[14:06:41 INF] HTTP GET /lib/jquery-validation-unobtrusive/dist/jquery.validate.unobtrusive.min.js responded 200 in 1.0808 ms
[14:06:42 INF] HTTP GET /js/products-catalog-filter.js responded 200 in 5.6681 ms
[14:07:44 INF] HTTP GET /Inventory/Products responded 200 in 114.5340 ms
[14:07:44 INF] HTTP GET /css/site.css responded 200 in 0.8104 ms
[14:07:44 INF] HTTP GET /Biktal.WebMVC.styles.css responded 200 in 0.7489 ms
[14:07:44 INF] HTTP GET /lib/bootstrap/dist/css/bootstrap.min.css responded 200 in 0.7670 ms
[14:07:45 INF] HTTP GET /lib/jquery/dist/jquery.min.js responded 200 in 0.6228 ms
[14:07:45 INF] HTTP GET /js/site.js responded 200 in 1.9642 ms
[14:07:45 INF] HTTP GET /lib/bootstrap/dist/js/bootstrap.bundle.min.js responded 200 in 2.4323 ms
[14:07:45 INF] HTTP GET /lib/jquery-validation/dist/jquery.validate.min.js responded 200 in 1.4347 ms
[14:07:45 INF] HTTP GET /lib/jquery-validation-unobtrusive/dist/jquery.validate.unobtrusive.min.js responded 200 in 0.9205 ms
[14:07:45 INF] HTTP GET /js/products-catalog-filter.js responded 200 in 1.7691 ms
[14:08:35 INF] HTTP POST /Inventory/EditProduct responded 302 in 15.2479 ms
[14:08:35 INF] HTTP GET /Inventory/Products responded 200 in 46.4196 ms
[14:08:35 INF] HTTP GET /css/site.css responded 200 in 0.8700 ms
[14:08:35 INF] HTTP GET /Biktal.WebMVC.styles.css responded 200 in 2.1326 ms
[14:08:35 INF] HTTP GET /lib/bootstrap/dist/css/bootstrap.min.css responded 200 in 1.6065 ms
[14:08:36 INF] HTTP GET /lib/jquery/dist/jquery.min.js responded 304 in 0.2764 ms
[14:08:36 INF] HTTP GET /js/site.js responded 304 in 0.2924 ms
[14:08:36 INF] HTTP GET /lib/bootstrap/dist/js/bootstrap.bundle.min.js responded 304 in 0.3557 ms
[14:08:36 INF] HTTP GET /lib/jquery-validation/dist/jquery.validate.min.js responded 304 in 0.5478 ms
[14:08:36 INF] HTTP GET /lib/jquery-validation-unobtrusive/dist/jquery.validate.unobtrusive.min.js responded 304 in 0.8759 ms
[14:08:36 INF] HTTP GET /js/products-catalog-filter.js responded 304 in 0.5035 ms
[14:10:25 INF] HTTP GET /Inventory/Products responded 200 in 147.6067 ms
[14:10:25 INF] HTTP GET /css/site.css responded 200 in 1.4754 ms
[14:10:25 INF] HTTP GET /Biktal.WebMVC.styles.css responded 200 in 2.3024 ms
[14:10:25 INF] HTTP GET /lib/bootstrap/dist/css/bootstrap.min.css responded 200 in 3.0131 ms
[14:10:26 INF] HTTP GET /lib/jquery/dist/jquery.min.js responded 200 in 0.6687 ms
[14:10:26 INF] HTTP GET /js/site.js responded 200 in 0.7089 ms
[14:10:26 INF] HTTP GET /lib/bootstrap/dist/js/bootstrap.bundle.min.js responded 200 in 0.8271 ms
[14:10:26 INF] HTTP GET /lib/jquery-validation-unobtrusive/dist/jquery.validate.unobtrusive.min.js responded 200 in 0.6586 ms
[14:10:26 INF] HTTP GET /lib/jquery-validation/dist/jquery.validate.min.js responded 200 in 0.9650 ms
[14:10:26 INF] HTTP GET /js/products-catalog-filter.js responded 200 in 0.9616 ms
[14:11:10 INF] HTTP POST /Inventory/EditProduct responded 302 in 19.3653 ms
[14:11:10 INF] HTTP GET /Inventory/Products responded 200 in 45.5591 ms
[14:11:10 INF] HTTP GET /lib/bootstrap/dist/css/bootstrap.min.css responded 200 in 1.1021 ms
[14:11:10 INF] HTTP GET /css/site.css responded 200 in 6.9353 ms
[14:11:10 INF] HTTP GET /Biktal.WebMVC.styles.css responded 200 in 4.5328 ms
[14:11:11 INF] HTTP GET /lib/jquery/dist/jquery.min.js responded 304 in 0.2569 ms
[14:11:11 INF] HTTP GET /lib/bootstrap/dist/js/bootstrap.bundle.min.js responded 304 in 0.4804 ms
[14:11:11 INF] HTTP GET /js/site.js responded 304 in 0.4659 ms
[14:11:11 INF] HTTP GET /lib/jquery-validation/dist/jquery.validate.min.js responded 304 in 0.3848 ms
[14:11:11 INF] HTTP GET /lib/jquery-validation-unobtrusive/dist/jquery.validate.unobtrusive.min.js responded 304 in 0.5110 ms
[14:11:11 INF] HTTP GET /js/products-catalog-filter.js responded 304 in 0.4726 ms
[14:11:38 INF] HTTP GET /Inventory/Products responded 200 in 57.6315 ms
[14:11:38 INF] HTTP GET /lib/bootstrap/dist/css/bootstrap.min.css responded 200 in 9.4589 ms
[14:11:38 INF] HTTP GET /css/site.css responded 200 in 3.6095 ms
[14:11:38 INF] HTTP GET /Biktal.WebMVC.styles.css responded 200 in 6.3584 ms
[14:11:39 INF] HTTP GET /lib/jquery/dist/jquery.min.js responded 304 in 0.3357 ms
[14:11:39 INF] HTTP GET /lib/bootstrap/dist/js/bootstrap.bundle.min.js responded 304 in 0.3139 ms
[14:11:39 INF] HTTP GET /js/site.js responded 304 in 0.5645 ms
[14:11:39 INF] HTTP GET /lib/jquery-validation/dist/jquery.validate.min.js responded 304 in 0.3428 ms
[14:11:39 INF] HTTP GET /lib/jquery-validation-unobtrusive/dist/jquery.validate.unobtrusive.min.js responded 304 in 2.3533 ms
[14:11:39 INF] HTTP GET /js/products-catalog-filter.js responded 304 in 2.5245 ms
[14:11:46 INF] HTTP POST /Inventory/EditProduct responded 302 in 16.3857 ms
[14:11:46 INF] HTTP GET /Inventory/Products responded 200 in 46.4153 ms
[14:11:46 INF] HTTP GET /lib/bootstrap/dist/css/bootstrap.min.css responded 304 in 0.5950 ms
[14:11:46 INF] HTTP GET /css/site.css responded 304 in 1.0636 ms
[14:11:46 INF] HTTP GET /Biktal.WebMVC.styles.css responded 304 in 1.3732 ms
[14:11:47 INF] HTTP GET /lib/jquery/dist/jquery.min.js responded 304 in 0.2468 ms
[14:11:47 INF] HTTP GET /lib/bootstrap/dist/js/bootstrap.bundle.min.js responded 304 in 0.3930 ms
[14:11:47 INF] HTTP GET /js/site.js responded 304 in 0.3051 ms
[14:11:47 INF] HTTP GET /lib/jquery-validation/dist/jquery.validate.min.js responded 304 in 0.4489 ms
[14:11:47 INF] HTTP GET /lib/jquery-validation-unobtrusive/dist/jquery.validate.unobtrusive.min.js responded 304 in 0.4416 ms
[14:11:47 INF] HTTP GET /js/products-catalog-filter.js responded 304 in 0.7585 ms
[14:14:48 INF] HTTP POST /Inventory/AddProduct responded 302 in 107.1513 ms
[14:14:49 INF] HTTP GET /Inventory/Products responded 200 in 58.8541 ms
[14:14:49 INF] HTTP GET /Biktal.WebMVC.styles.css responded 200 in 0.7922 ms
[14:14:49 INF] HTTP GET /lib/bootstrap/dist/css/bootstrap.min.css responded 200 in 2.2689 ms
[14:14:49 INF] HTTP GET /css/site.css responded 200 in 1.6770 ms
[14:14:50 INF] HTTP GET /lib/jquery/dist/jquery.min.js responded 200 in 0.9016 ms
[14:14:50 INF] HTTP GET /js/site.js responded 200 in 0.7696 ms
[14:14:50 INF] HTTP GET /lib/bootstrap/dist/js/bootstrap.bundle.min.js responded 200 in 0.7808 ms
[14:14:50 INF] HTTP GET /lib/jquery-validation/dist/jquery.validate.min.js responded 200 in 0.7521 ms
[14:14:50 INF] HTTP GET /lib/jquery-validation-unobtrusive/dist/jquery.validate.unobtrusive.min.js responded 200 in 0.8623 ms
[14:14:50 INF] HTTP GET /js/products-catalog-filter.js responded 200 in 0.8568 ms
[14:14:59 INF] HTTP GET /Inventory/Products responded 200 in 69.9831 ms
[14:14:59 INF] HTTP GET /css/site.css responded 304 in 0.4471 ms
[14:14:59 INF] HTTP GET /Biktal.WebMVC.styles.css responded 304 in 0.3602 ms
[14:14:59 INF] HTTP GET /lib/bootstrap/dist/css/bootstrap.min.css responded 304 in 0.2904 ms
[14:15:00 INF] HTTP GET /lib/jquery/dist/jquery.min.js responded 304 in 0.2453 ms
[14:15:00 INF] HTTP GET /lib/bootstrap/dist/js/bootstrap.bundle.min.js responded 304 in 0.4561 ms
[14:15:00 INF] HTTP GET /js/site.js responded 304 in 0.3292 ms
[14:15:00 INF] HTTP GET /lib/jquery-validation-unobtrusive/dist/jquery.validate.unobtrusive.min.js responded 304 in 0.2349 ms
[14:15:00 INF] HTTP GET /js/products-catalog-filter.js responded 304 in 5.8674 ms
[14:15:00 INF] HTTP GET /lib/jquery-validation/dist/jquery.validate.min.js responded 304 in 8.0185 ms
[14:15:05 INF] HTTP POST /Inventory/EditProduct responded 302 in 13.5864 ms
[14:15:06 INF] HTTP GET /Inventory/Products responded 200 in 48.0683 ms
[14:15:06 INF] HTTP GET /lib/bootstrap/dist/css/bootstrap.min.css responded 304 in 0.5393 ms
[14:15:06 INF] HTTP GET /css/site.css responded 304 in 0.8321 ms
[14:15:06 INF] HTTP GET /Biktal.WebMVC.styles.css responded 304 in 0.6526 ms
[14:15:07 INF] HTTP GET /lib/jquery/dist/jquery.min.js responded 304 in 0.2433 ms
[14:15:07 INF] HTTP GET /js/site.js responded 304 in 0.2948 ms
[14:15:07 INF] HTTP GET /lib/bootstrap/dist/js/bootstrap.bundle.min.js responded 304 in 0.4743 ms
[14:15:07 INF] HTTP GET /lib/jquery-validation/dist/jquery.validate.min.js responded 304 in 0.4585 ms
[14:15:07 INF] HTTP GET /js/products-catalog-filter.js responded 304 in 0.2438 ms
[14:15:07 INF] HTTP GET /lib/jquery-validation-unobtrusive/dist/jquery.validate.unobtrusive.min.js responded 304 in 4.3074 ms
[14:15:16 INF] HTTP GET /Inventory/Products responded 200 in 78.3927 ms
[14:15:16 INF] HTTP GET /lib/bootstrap/dist/css/bootstrap.min.css responded 304 in 0.4674 ms
[14:15:16 INF] HTTP GET /css/site.css responded 304 in 0.4314 ms
[14:15:16 INF] HTTP GET /Biktal.WebMVC.styles.css responded 304 in 0.5178 ms
[14:15:17 INF] HTTP GET /lib/jquery/dist/jquery.min.js responded 304 in 0.2465 ms
[14:15:17 INF] HTTP GET /js/site.js responded 304 in 0.2018 ms
[14:15:17 INF] HTTP GET /lib/bootstrap/dist/js/bootstrap.bundle.min.js responded 304 in 0.3500 ms
[14:15:17 INF] HTTP GET /lib/jquery-validation/dist/jquery.validate.min.js responded 304 in 0.7245 ms
[14:15:17 INF] HTTP GET /lib/jquery-validation-unobtrusive/dist/jquery.validate.unobtrusive.min.js responded 304 in 0.4199 ms
[14:15:17 INF] HTTP GET /js/products-catalog-filter.js responded 304 in 0.5416 ms
[14:15:22 INF] HTTP POST /Inventory/EditProduct responded 302 in 18.7747 ms
[14:15:22 INF] HTTP GET /Inventory/Products responded 200 in 88.9509 ms
[14:15:22 INF] HTTP GET /lib/bootstrap/dist/css/bootstrap.min.css responded 304 in 0.4323 ms
[14:15:22 INF] HTTP GET /css/site.css responded 304 in 0.3453 ms
[14:15:22 INF] HTTP GET /Biktal.WebMVC.styles.css responded 304 in 0.5763 ms
[14:15:23 INF] HTTP GET /lib/jquery/dist/jquery.min.js responded 304 in 0.3905 ms
[14:15:23 INF] HTTP GET /lib/bootstrap/dist/js/bootstrap.bundle.min.js responded 304 in 0.5305 ms
[14:15:23 INF] HTTP GET /js/site.js responded 304 in 0.2637 ms
[14:15:23 INF] HTTP GET /lib/jquery-validation/dist/jquery.validate.min.js responded 304 in 0.2692 ms
[14:15:23 INF] HTTP GET /js/products-catalog-filter.js responded 304 in 1.5259 ms
[14:15:23 INF] HTTP GET /lib/jquery-validation-unobtrusive/dist/jquery.validate.unobtrusive.min.js responded 304 in 1.7788 ms
[14:15:30 INF] HTTP GET /Inventory/Products responded 200 in 150.6561 ms
[14:15:30 INF] HTTP GET /lib/bootstrap/dist/css/bootstrap.min.css responded 304 in 0.4118 ms
[14:15:30 INF] HTTP GET /Biktal.WebMVC.styles.css responded 304 in 0.2719 ms
[14:15:30 INF] HTTP GET /css/site.css responded 304 in 0.5098 ms
[14:15:31 INF] HTTP GET /lib/jquery/dist/jquery.min.js responded 304 in 0.2511 ms
[14:15:31 INF] HTTP GET /lib/bootstrap/dist/js/bootstrap.bundle.min.js responded 304 in 0.3558 ms
[14:15:31 INF] HTTP GET /js/site.js responded 304 in 0.2872 ms
[14:15:31 INF] HTTP GET /lib/jquery-validation/dist/jquery.validate.min.js responded 304 in 0.7053 ms
[14:15:31 INF] HTTP GET /lib/jquery-validation-unobtrusive/dist/jquery.validate.unobtrusive.min.js responded 304 in 0.3826 ms
[14:15:31 INF] HTTP GET /js/products-catalog-filter.js responded 304 in 0.2813 ms
[14:15:57 INF] HTTP POST /Inventory/EditProduct responded 302 in 25.3441 ms
[14:15:57 INF] HTTP GET /Inventory/Products responded 200 in 43.7601 ms
[14:15:57 INF] HTTP GET /css/site.css responded 304 in 0.5699 ms
[14:15:57 INF] HTTP GET /Biktal.WebMVC.styles.css responded 304 in 0.3282 ms
[14:15:57 INF] HTTP GET /lib/bootstrap/dist/css/bootstrap.min.css responded 200 in 1.5173 ms
[14:15:58 INF] HTTP GET /lib/jquery/dist/jquery.min.js responded 304 in 0.2492 ms
[14:15:58 INF] HTTP GET /lib/bootstrap/dist/js/bootstrap.bundle.min.js responded 304 in 0.3484 ms
[14:15:58 INF] HTTP GET /js/site.js responded 304 in 0.3968 ms
[14:15:58 INF] HTTP GET /lib/jquery-validation/dist/jquery.validate.min.js responded 304 in 0.6706 ms
[14:15:58 INF] HTTP GET /js/products-catalog-filter.js responded 304 in 0.4178 ms
[14:15:58 INF] HTTP GET /lib/jquery-validation-unobtrusive/dist/jquery.validate.unobtrusive.min.js responded 304 in 0.5829 ms
[14:16:54 INF] HTTP POST /Inventory/AddProduct responded 302 in 24.7343 ms
[14:16:54 INF] HTTP GET /Inventory/Products responded 200 in 130.1257 ms
[14:16:54 INF] HTTP GET /css/site.css responded 200 in 0.7912 ms
[14:16:54 INF] HTTP GET /Biktal.WebMVC.styles.css responded 200 in 0.6667 ms
[14:16:54 INF] HTTP GET /lib/bootstrap/dist/css/bootstrap.min.css responded 200 in 2.2766 ms
[14:16:55 INF] HTTP GET /lib/jquery/dist/jquery.min.js responded 200 in 0.6041 ms
[14:16:55 INF] HTTP GET /js/site.js responded 200 in 0.7223 ms
[14:16:55 INF] HTTP GET /lib/bootstrap/dist/js/bootstrap.bundle.min.js responded 200 in 0.6956 ms
[14:16:55 INF] HTTP GET /lib/jquery-validation/dist/jquery.validate.min.js responded 200 in 1.1684 ms
[14:16:55 INF] HTTP GET /lib/jquery-validation-unobtrusive/dist/jquery.validate.unobtrusive.min.js responded 200 in 2.1539 ms
[14:16:55 INF] HTTP GET /js/products-catalog-filter.js responded 200 in 5.8116 ms
[14:18:29 INF] HTTP GET /Inventory/Products responded 200 in 131.5345 ms
[14:18:29 INF] HTTP GET /lib/bootstrap/dist/css/bootstrap.min.css responded 200 in 1.7477 ms
[14:18:29 INF] HTTP GET /css/site.css responded 200 in 1.0192 ms
[14:18:29 INF] HTTP GET /Biktal.WebMVC.styles.css responded 200 in 2.1945 ms
[14:18:30 INF] HTTP GET /lib/jquery/dist/jquery.min.js responded 200 in 0.8192 ms
[14:18:30 INF] HTTP GET /lib/bootstrap/dist/js/bootstrap.bundle.min.js responded 200 in 1.1164 ms
[14:18:30 INF] HTTP GET /lib/jquery-validation/dist/jquery.validate.min.js responded 200 in 0.7099 ms
[14:18:30 INF] HTTP GET /lib/jquery-validation-unobtrusive/dist/jquery.validate.unobtrusive.min.js responded 200 in 3.6728 ms
[14:18:30 INF] HTTP GET /js/products-catalog-filter.js responded 200 in 0.6462 ms
[14:18:30 INF] HTTP GET /js/site.js responded 200 in 9.3564 ms
[14:18:36 INF] HTTP POST /Inventory/EditProduct responded 302 in 12.2047 ms
[14:18:36 INF] HTTP GET /Inventory/Products responded 200 in 50.7615 ms
[14:18:36 INF] HTTP GET /css/site.css responded 304 in 0.3459 ms
[14:18:36 INF] HTTP GET /lib/bootstrap/dist/css/bootstrap.min.css responded 304 in 0.4406 ms
[14:18:36 INF] HTTP GET /Biktal.WebMVC.styles.css responded 304 in 2.5174 ms
[14:18:37 INF] HTTP GET /lib/jquery/dist/jquery.min.js responded 304 in 0.2606 ms
[14:18:37 INF] HTTP GET /js/site.js responded 304 in 0.3542 ms
[14:18:37 INF] HTTP GET /lib/bootstrap/dist/js/bootstrap.bundle.min.js responded 304 in 0.5484 ms
[14:18:37 INF] HTTP GET /lib/jquery-validation/dist/jquery.validate.min.js responded 304 in 0.2722 ms
[14:18:37 INF] HTTP GET /lib/jquery-validation-unobtrusive/dist/jquery.validate.unobtrusive.min.js responded 304 in 0.2722 ms
[14:18:37 INF] HTTP GET /js/products-catalog-filter.js responded 304 in 0.2484 ms
[14:19:52 INF] HTTP GET /Inventory/Products responded 200 in 70.4397 ms
[14:19:53 INF] HTTP GET /Biktal.WebMVC.styles.css responded 200 in 1.6461 ms
[14:19:53 INF] HTTP GET /lib/bootstrap/dist/css/bootstrap.min.css responded 200 in 1.1423 ms
[14:19:53 INF] HTTP GET /css/site.css responded 200 in 0.8785 ms
[14:19:53 INF] HTTP GET /lib/jquery/dist/jquery.min.js responded 200 in 0.6107 ms
[14:19:53 INF] HTTP GET /js/site.js responded 200 in 0.8682 ms
[14:19:53 INF] HTTP GET /js/products-catalog-filter.js responded 200 in 0.5576 ms
[14:19:53 INF] HTTP GET /lib/bootstrap/dist/js/bootstrap.bundle.min.js responded 200 in 1.1808 ms
[14:19:53 INF] HTTP GET /lib/jquery-validation/dist/jquery.validate.min.js responded 200 in 0.6900 ms
[14:19:53 INF] HTTP GET /lib/jquery-validation-unobtrusive/dist/jquery.validate.unobtrusive.min.js responded 200 in 1.2950 ms
[14:20:07 INF] HTTP POST /Inventory/EditProduct responded 302 in 20.1534 ms
[14:20:07 INF] HTTP GET /Inventory/Products responded 200 in 42.6050 ms
[14:20:07 INF] HTTP GET /lib/bootstrap/dist/css/bootstrap.min.css responded 200 in 10.2396 ms
[14:20:07 INF] HTTP GET /css/site.css responded 200 in 0.7221 ms
[14:20:07 INF] HTTP GET /Biktal.WebMVC.styles.css responded 200 in 0.7530 ms
[14:20:08 INF] HTTP GET /lib/jquery/dist/jquery.min.js responded 304 in 0.4114 ms
[14:20:08 INF] HTTP GET /lib/bootstrap/dist/js/bootstrap.bundle.min.js responded 304 in 0.9548 ms
[14:20:08 INF] HTTP GET /lib/jquery-validation/dist/jquery.validate.min.js responded 304 in 0.2713 ms
[14:20:08 INF] HTTP GET /js/site.js responded 304 in 0.4806 ms
[14:20:08 INF] HTTP GET /lib/jquery-validation-unobtrusive/dist/jquery.validate.unobtrusive.min.js responded 304 in 0.4090 ms
[14:20:08 INF] HTTP GET /js/products-catalog-filter.js responded 304 in 0.6669 ms
[14:20:22 INF] HTTP GET /Inventory/Products responded 200 in 61.5192 ms
[14:20:22 INF] HTTP GET /lib/bootstrap/dist/css/bootstrap.min.css responded 200 in 4.6184 ms
[14:20:22 INF] HTTP GET /css/site.css responded 200 in 1.7532 ms
[14:20:22 INF] HTTP GET /Biktal.WebMVC.styles.css responded 200 in 1.1680 ms
[14:20:23 INF] HTTP GET /lib/jquery/dist/jquery.min.js responded 304 in 0.2791 ms
[14:20:23 INF] HTTP GET /lib/bootstrap/dist/js/bootstrap.bundle.min.js responded 304 in 0.3942 ms
[14:20:23 INF] HTTP GET /lib/jquery-validation/dist/jquery.validate.min.js responded 304 in 0.2517 ms
[14:20:23 INF] HTTP GET /js/site.js responded 304 in 0.4269 ms
[14:20:23 INF] HTTP GET /lib/jquery-validation-unobtrusive/dist/jquery.validate.unobtrusive.min.js responded 304 in 1.0336 ms
[14:20:23 INF] HTTP GET /js/products-catalog-filter.js responded 304 in 0.6167 ms
[14:20:27 INF] HTTP POST /Inventory/EditProduct responded 302 in 12.6999 ms
[14:20:27 INF] HTTP GET /Inventory/Products responded 200 in 46.5444 ms
[14:20:27 INF] HTTP GET /lib/bootstrap/dist/css/bootstrap.min.css responded 304 in 0.4167 ms
[14:20:27 INF] HTTP GET /css/site.css responded 304 in 0.7061 ms
[14:20:27 INF] HTTP GET /Biktal.WebMVC.styles.css responded 304 in 0.7109 ms
[14:20:28 INF] HTTP GET /lib/jquery/dist/jquery.min.js responded 304 in 0.3528 ms
[14:20:28 INF] HTTP GET /lib/bootstrap/dist/js/bootstrap.bundle.min.js responded 304 in 0.7762 ms
[14:20:28 INF] HTTP GET /js/site.js responded 304 in 0.4637 ms
[14:20:28 INF] HTTP GET /lib/jquery-validation/dist/jquery.validate.min.js responded 304 in 0.6775 ms
[14:20:28 INF] HTTP GET /lib/jquery-validation-unobtrusive/dist/jquery.validate.unobtrusive.min.js responded 304 in 1.0567 ms
[14:20:28 INF] HTTP GET /js/products-catalog-filter.js responded 304 in 0.4398 ms
[14:20:53 INF] HTTP GET /Inventory/Products responded 200 in 164.9250 ms
[14:20:53 INF] HTTP GET /lib/bootstrap/dist/css/bootstrap.min.css responded 200 in 1.7035 ms
[14:20:53 INF] HTTP GET /css/site.css responded 304 in 1.2644 ms
[14:20:53 INF] HTTP GET /Biktal.WebMVC.styles.css responded 304 in 0.4822 ms
[14:20:54 INF] HTTP GET /lib/jquery/dist/jquery.min.js responded 304 in 0.3399 ms
[14:20:54 INF] HTTP GET /lib/bootstrap/dist/js/bootstrap.bundle.min.js responded 304 in 0.4453 ms
[14:20:54 INF] HTTP GET /js/site.js responded 304 in 0.8201 ms
[14:20:54 INF] HTTP GET /lib/jquery-validation/dist/jquery.validate.min.js responded 304 in 0.6075 ms
[14:20:54 INF] HTTP GET /lib/jquery-validation-unobtrusive/dist/jquery.validate.unobtrusive.min.js responded 304 in 1.1342 ms
[14:20:54 INF] HTTP GET /js/products-catalog-filter.js responded 304 in 0.3929 ms
[14:20:58 INF] HTTP POST /Inventory/EditProduct responded 302 in 11.9570 ms
[14:20:58 INF] HTTP GET /Inventory/Products responded 200 in 50.2793 ms
[14:20:58 INF] HTTP GET /css/site.css responded 304 in 0.4170 ms
[14:20:58 INF] HTTP GET /lib/bootstrap/dist/css/bootstrap.min.css responded 304 in 0.3956 ms
[14:20:58 INF] HTTP GET /Biktal.WebMVC.styles.css responded 304 in 0.3402 ms
[14:20:59 INF] HTTP GET /lib/jquery/dist/jquery.min.js responded 304 in 1.1217 ms
[14:20:59 INF] HTTP GET /lib/bootstrap/dist/js/bootstrap.bundle.min.js responded 304 in 0.6457 ms
[14:20:59 INF] HTTP GET /js/site.js responded 304 in 1.8126 ms
[14:20:59 INF] HTTP GET /lib/jquery-validation/dist/jquery.validate.min.js responded 304 in 0.6638 ms
[14:20:59 INF] HTTP GET /lib/jquery-validation-unobtrusive/dist/jquery.validate.unobtrusive.min.js responded 304 in 0.2593 ms
[14:20:59 INF] HTTP GET /js/products-catalog-filter.js responded 304 in 0.4301 ms
[14:23:02 INF] HTTP GET /Inventory/Products responded 200 in 103.0908 ms
[14:23:02 INF] HTTP GET /lib/bootstrap/dist/css/bootstrap.min.css responded 200 in 0.8312 ms
[14:23:02 INF] HTTP GET /css/site.css responded 200 in 0.8450 ms
[14:23:02 INF] HTTP GET /Biktal.WebMVC.styles.css responded 200 in 1.2701 ms
[14:23:03 INF] HTTP GET /lib/jquery/dist/jquery.min.js responded 200 in 0.6668 ms
[14:23:03 INF] HTTP GET /js/site.js responded 200 in 0.7265 ms
[14:23:03 INF] HTTP GET /lib/bootstrap/dist/js/bootstrap.bundle.min.js responded 200 in 0.7443 ms
[14:23:03 INF] HTTP GET /lib/jquery-validation/dist/jquery.validate.min.js responded 200 in 1.3321 ms
[14:23:03 INF] HTTP GET /js/products-catalog-filter.js responded 200 in 3.3265 ms
[14:23:03 INF] HTTP GET /lib/jquery-validation-unobtrusive/dist/jquery.validate.unobtrusive.min.js responded 200 in 0.9693 ms
[14:23:08 INF] HTTP POST /Inventory/EditProduct responded 302 in 12.1989 ms
[14:23:08 INF] HTTP GET /Inventory/Products responded 200 in 57.6539 ms
[14:23:08 INF] HTTP GET /Biktal.WebMVC.styles.css responded 200 in 0.6556 ms
[14:23:08 INF] HTTP GET /css/site.css responded 200 in 1.5393 ms
[14:23:08 INF] HTTP GET /lib/bootstrap/dist/css/bootstrap.min.css responded 200 in 4.4131 ms
[14:23:09 INF] HTTP GET /lib/jquery/dist/jquery.min.js responded 200 in 0.6325 ms
[14:23:09 INF] HTTP GET /js/site.js responded 200 in 0.7579 ms
[14:23:09 INF] HTTP GET /lib/bootstrap/dist/js/bootstrap.bundle.min.js responded 200 in 1.4400 ms
[14:23:09 INF] HTTP GET /lib/jquery-validation/dist/jquery.validate.min.js responded 200 in 1.2355 ms
[14:23:09 INF] HTTP GET /lib/jquery-validation-unobtrusive/dist/jquery.validate.unobtrusive.min.js responded 200 in 3.0024 ms
[14:23:09 INF] HTTP GET /js/products-catalog-filter.js responded 200 in 2.3171 ms
[14:24:14 INF] HTTP GET /Inventory/Products responded 200 in 47.7489 ms
[14:24:14 INF] HTTP GET /lib/bootstrap/dist/css/bootstrap.min.css responded 200 in 1.0740 ms
[14:24:14 INF] HTTP GET /css/site.css responded 200 in 1.2549 ms
[14:24:14 INF] HTTP GET /Biktal.WebMVC.styles.css responded 200 in 1.4537 ms
[14:24:15 INF] HTTP GET /lib/jquery/dist/jquery.min.js responded 304 in 0.2455 ms
[14:24:15 INF] HTTP GET /js/site.js responded 304 in 0.2735 ms
[14:24:15 INF] HTTP GET /lib/bootstrap/dist/js/bootstrap.bundle.min.js responded 304 in 0.3377 ms
[14:24:15 INF] HTTP GET /lib/jquery-validation/dist/jquery.validate.min.js responded 304 in 0.3882 ms
[14:24:15 INF] HTTP GET /lib/jquery-validation-unobtrusive/dist/jquery.validate.unobtrusive.min.js responded 304 in 0.2623 ms
[14:24:15 INF] HTTP GET /js/products-catalog-filter.js responded 304 in 0.4067 ms
[14:24:31 INF] HTTP POST /Inventory/EditProduct responded 302 in 11.4312 ms
[14:24:31 INF] HTTP GET /Inventory/Products responded 200 in 62.5585 ms
[14:24:31 INF] HTTP GET /css/site.css responded 200 in 0.8406 ms
[14:24:31 INF] HTTP GET /lib/bootstrap/dist/css/bootstrap.min.css responded 200 in 0.9931 ms
[14:24:31 INF] HTTP GET /Biktal.WebMVC.styles.css responded 200 in 3.7753 ms
[14:24:32 INF] HTTP GET /lib/jquery/dist/jquery.min.js responded 304 in 0.2391 ms
[14:24:32 INF] HTTP GET /js/site.js responded 304 in 0.3434 ms
[14:24:32 INF] HTTP GET /lib/bootstrap/dist/js/bootstrap.bundle.min.js responded 304 in 0.3025 ms
[14:24:32 INF] HTTP GET /lib/jquery-validation/dist/jquery.validate.min.js responded 304 in 0.2187 ms
[14:24:32 INF] HTTP GET /lib/jquery-validation-unobtrusive/dist/jquery.validate.unobtrusive.min.js responded 304 in 0.2698 ms
[14:24:32 INF] HTTP GET /js/products-catalog-filter.js responded 304 in 0.2684 ms
[14:25:58 INF] HTTP GET /Inventory/Products responded 200 in 196.5067 ms
[14:25:58 INF] HTTP GET /lib/bootstrap/dist/css/bootstrap.min.css responded 200 in 1.6255 ms
[14:25:58 INF] HTTP GET /css/site.css responded 200 in 0.7153 ms
[14:25:58 INF] HTTP GET /Biktal.WebMVC.styles.css responded 200 in 0.5205 ms
[14:25:59 INF] HTTP GET /lib/jquery/dist/jquery.min.js responded 200 in 0.7908 ms
[14:25:59 INF] HTTP GET /js/site.js responded 200 in 0.6809 ms
[14:25:59 INF] HTTP GET /lib/bootstrap/dist/js/bootstrap.bundle.min.js responded 200 in 1.9668 ms
[14:25:59 INF] HTTP GET /lib/jquery-validation/dist/jquery.validate.min.js responded 200 in 1.7923 ms
[14:25:59 INF] HTTP GET /js/products-catalog-filter.js responded 200 in 1.4412 ms
[14:25:59 INF] HTTP GET /lib/jquery-validation-unobtrusive/dist/jquery.validate.unobtrusive.min.js responded 200 in 0.8406 ms
[14:26:07 INF] HTTP POST /Inventory/EditProduct responded 302 in 17.3539 ms
[14:26:07 INF] HTTP GET /Inventory/Products responded 200 in 52.8456 ms
[14:26:07 INF] HTTP GET /lib/bootstrap/dist/css/bootstrap.min.css responded 304 in 0.7517 ms
[14:26:07 INF] HTTP GET /Biktal.WebMVC.styles.css responded 304 in 0.3811 ms
[14:26:07 INF] HTTP GET /css/site.css responded 304 in 1.4770 ms
[14:26:08 INF] HTTP GET /lib/jquery/dist/jquery.min.js responded 304 in 0.2431 ms
[14:26:08 INF] HTTP GET /lib/bootstrap/dist/js/bootstrap.bundle.min.js responded 304 in 0.3584 ms
[14:26:08 INF] HTTP GET /lib/jquery-validation/dist/jquery.validate.min.js responded 304 in 0.4088 ms
[14:26:08 INF] HTTP GET /lib/jquery-validation-unobtrusive/dist/jquery.validate.unobtrusive.min.js responded 304 in 0.3878 ms
[14:26:08 INF] HTTP GET /js/site.js responded 304 in 0.3472 ms
[14:26:08 INF] HTTP GET /js/products-catalog-filter.js responded 304 in 0.8703 ms
[14:34:17 INF] HTTP GET /Inventory/Products responded 200 in 169.7245 ms
[14:34:17 INF] HTTP GET /lib/bootstrap/dist/css/bootstrap.min.css responded 200 in 4.3758 ms
[14:34:17 INF] HTTP GET /css/site.css responded 200 in 1.0102 ms
[14:34:17 INF] HTTP GET /Biktal.WebMVC.styles.css responded 200 in 0.9639 ms
[14:34:18 INF] HTTP GET /lib/jquery/dist/jquery.min.js responded 200 in 0.8339 ms
[14:34:18 INF] HTTP GET /lib/bootstrap/dist/js/bootstrap.bundle.min.js responded 200 in 1.9461 ms
[14:34:18 INF] HTTP GET /js/site.js responded 200 in 1.7823 ms
[14:34:18 INF] HTTP GET /lib/jquery-validation-unobtrusive/dist/jquery.validate.unobtrusive.min.js responded 200 in 1.7135 ms
[14:34:18 INF] HTTP GET /js/products-catalog-filter.js responded 200 in 0.7975 ms
[14:34:18 INF] HTTP GET /lib/jquery-validation/dist/jquery.validate.min.js responded 200 in 2.5703 ms
[14:34:41 INF] HTTP POST /Inventory/EditProduct responded 302 in 15.3640 ms
[14:34:41 INF] HTTP GET /Inventory/Products responded 200 in 50.7519 ms
[14:34:41 INF] HTTP GET /lib/bootstrap/dist/css/bootstrap.min.css responded 200 in 3.2006 ms
[14:34:41 INF] HTTP GET /css/site.css responded 200 in 0.9635 ms
[14:34:41 INF] HTTP GET /Biktal.WebMVC.styles.css responded 200 in 3.7332 ms
[14:34:42 INF] HTTP GET /lib/jquery/dist/jquery.min.js responded 304 in 0.2473 ms
[14:34:42 INF] HTTP GET /lib/bootstrap/dist/js/bootstrap.bundle.min.js responded 304 in 0.4747 ms
[14:34:42 INF] HTTP GET /js/site.js responded 304 in 1.2013 ms
[14:34:42 INF] HTTP GET /lib/jquery-validation/dist/jquery.validate.min.js responded 304 in 0.3633 ms
[14:34:42 INF] HTTP GET /lib/jquery-validation-unobtrusive/dist/jquery.validate.unobtrusive.min.js responded 304 in 0.3918 ms
[14:34:42 INF] HTTP GET /js/products-catalog-filter.js responded 304 in 0.4225 ms
[14:40:35 INF] HTTP GET /Inventory/Products responded 200 in 173.3214 ms
[14:40:35 INF] HTTP GET /lib/bootstrap/dist/css/bootstrap.min.css responded 200 in 1.4907 ms
[14:40:35 INF] HTTP GET /Biktal.WebMVC.styles.css responded 200 in 0.8746 ms
[14:40:35 INF] HTTP GET /css/site.css responded 200 in 1.2469 ms
[14:40:36 INF] HTTP GET /lib/jquery/dist/jquery.min.js responded 200 in 0.6061 ms
[14:40:36 INF] HTTP GET /js/site.js responded 200 in 0.7058 ms
[14:40:36 INF] HTTP GET /lib/bootstrap/dist/js/bootstrap.bundle.min.js responded 200 in 1.2213 ms
[14:40:36 INF] HTTP GET /lib/jquery-validation/dist/jquery.validate.min.js responded 200 in 0.8371 ms
[14:40:36 INF] HTTP GET /lib/jquery-validation-unobtrusive/dist/jquery.validate.unobtrusive.min.js responded 200 in 5.7637 ms
[14:40:36 INF] HTTP GET /js/products-catalog-filter.js responded 200 in 1.7714 ms
[14:41:27 INF] HTTP POST /Inventory/EditProduct responded 200 in 79.5946 ms
[14:41:27 INF] HTTP GET /css/site.css responded 200 in 2.6913 ms
[14:41:27 INF] HTTP GET /Biktal.WebMVC.styles.css responded 200 in 1.0350 ms
[14:41:27 INF] HTTP GET /lib/bootstrap/dist/css/bootstrap.min.css responded 200 in 2.6708 ms
[14:41:28 INF] HTTP GET /lib/jquery/dist/jquery.min.js responded 200 in 1.8953 ms
[14:41:28 INF] HTTP GET /lib/bootstrap/dist/js/bootstrap.bundle.min.js responded 200 in 1.6788 ms
[14:41:28 INF] HTTP GET /js/site.js responded 200 in 0.7739 ms
[14:41:28 INF] HTTP GET /lib/jquery-validation-unobtrusive/dist/jquery.validate.unobtrusive.min.js responded 200 in 2.3489 ms
[14:41:28 INF] HTTP GET /js/products-catalog-filter.js responded 200 in 1.1430 ms
[14:41:28 INF] HTTP GET /lib/jquery-validation/dist/jquery.validate.min.js responded 200 in 1.9834 ms
[14:41:44 INF] HTTP POST /Inventory/EditProduct responded 302 in 15.4786 ms
[14:41:44 INF] HTTP GET /Inventory/Products responded 200 in 60.4286 ms
[14:41:44 INF] HTTP GET /lib/bootstrap/dist/css/bootstrap.min.css responded 304 in 0.7149 ms
[14:41:44 INF] HTTP GET /css/site.css responded 304 in 2.4371 ms
[14:41:44 INF] HTTP GET /Biktal.WebMVC.styles.css responded 304 in 0.3278 ms
[14:41:45 INF] HTTP GET /lib/jquery/dist/jquery.min.js responded 304 in 0.3270 ms
[14:41:45 INF] HTTP GET /lib/bootstrap/dist/js/bootstrap.bundle.min.js responded 304 in 0.3686 ms
[14:41:45 INF] HTTP GET /lib/jquery-validation/dist/jquery.validate.min.js responded 304 in 0.3404 ms
[14:41:45 INF] HTTP GET /lib/jquery-validation-unobtrusive/dist/jquery.validate.unobtrusive.min.js responded 304 in 0.4585 ms
[14:41:45 INF] HTTP GET /js/site.js responded 304 in 1.1726 ms
[14:41:45 INF] HTTP GET /js/products-catalog-filter.js responded 304 in 0.3084 ms
[14:45:38 INF] HTTP GET /Inventory/Products responded 200 in 110.0007 ms
[14:45:38 INF] HTTP GET /lib/bootstrap/dist/css/bootstrap.min.css responded 200 in 0.8439 ms
[14:45:38 INF] HTTP GET /Biktal.WebMVC.styles.css responded 200 in 1.2322 ms
[14:45:38 INF] HTTP GET /css/site.css responded 200 in 2.1523 ms
[14:45:39 INF] HTTP GET /lib/jquery/dist/jquery.min.js responded 200 in 1.2781 ms
[14:45:39 INF] HTTP GET /lib/bootstrap/dist/js/bootstrap.bundle.min.js responded 200 in 0.7738 ms
[14:45:39 INF] HTTP GET /js/site.js responded 200 in 1.2665 ms
[14:45:39 INF] HTTP GET /lib/jquery-validation-unobtrusive/dist/jquery.validate.unobtrusive.min.js responded 200 in 2.9577 ms
[14:45:39 INF] HTTP GET /js/products-catalog-filter.js responded 200 in 1.5920 ms
[14:45:39 INF] HTTP GET /lib/jquery-validation/dist/jquery.validate.min.js responded 200 in 0.7459 ms
[14:45:43 INF] HTTP POST /Inventory/EditProduct responded 302 in 15.7770 ms
[14:45:44 INF] HTTP GET /Inventory/Products responded 200 in 40.7340 ms
[14:45:44 INF] HTTP GET /lib/bootstrap/dist/css/bootstrap.min.css responded 304 in 0.4487 ms
[14:45:44 INF] HTTP GET /css/site.css responded 304 in 0.6262 ms
[14:45:44 INF] HTTP GET /Biktal.WebMVC.styles.css responded 304 in 0.6007 ms
[14:45:45 INF] HTTP GET /lib/jquery/dist/jquery.min.js responded 304 in 0.2478 ms
[14:45:45 INF] HTTP GET /lib/bootstrap/dist/js/bootstrap.bundle.min.js responded 304 in 0.3276 ms
[14:45:45 INF] HTTP GET /js/site.js responded 304 in 0.2995 ms
[14:45:45 INF] HTTP GET /lib/jquery-validation/dist/jquery.validate.min.js responded 304 in 0.3061 ms
[14:45:45 INF] HTTP GET /lib/jquery-validation-unobtrusive/dist/jquery.validate.unobtrusive.min.js responded 304 in 0.3031 ms
[14:45:45 INF] HTTP GET /js/products-catalog-filter.js responded 304 in 0.4849 ms
[14:46:54 INF] HTTP GET /Inventory/Products responded 200 in 131.8295 ms
[14:46:54 INF] HTTP GET /lib/bootstrap/dist/css/bootstrap.min.css responded 200 in 4.6716 ms
[14:46:54 INF] HTTP GET /Biktal.WebMVC.styles.css responded 200 in 2.2051 ms
[14:46:54 INF] HTTP GET /css/site.css responded 200 in 2.5852 ms
[14:46:55 INF] HTTP GET /lib/jquery/dist/jquery.min.js responded 200 in 0.6391 ms
[14:46:55 INF] HTTP GET /js/site.js responded 200 in 0.7075 ms
[14:46:55 INF] HTTP GET /lib/jquery-validation/dist/jquery.validate.min.js responded 200 in 0.6314 ms
[14:46:55 INF] HTTP GET /js/products-catalog-filter.js responded 200 in 0.6528 ms
[14:46:55 INF] HTTP GET /lib/jquery-validation-unobtrusive/dist/jquery.validate.unobtrusive.min.js responded 200 in 0.5978 ms
[14:46:55 INF] HTTP GET /lib/bootstrap/dist/js/bootstrap.bundle.min.js responded 200 in 1.1291 ms
[14:47:04 INF] HTTP POST /Inventory/EditProduct responded 302 in 9.1175 ms
[14:47:04 INF] HTTP GET /Inventory/Products responded 200 in 47.0405 ms
[14:47:04 INF] HTTP GET /lib/bootstrap/dist/css/bootstrap.min.css responded 200 in 2.7198 ms
[14:47:04 INF] HTTP GET /css/site.css responded 200 in 1.1042 ms
[14:47:04 INF] HTTP GET /Biktal.WebMVC.styles.css responded 200 in 1.4159 ms
[14:47:06 INF] HTTP GET /lib/jquery/dist/jquery.min.js responded 200 in 1.1131 ms
[14:47:06 INF] HTTP GET /lib/bootstrap/dist/js/bootstrap.bundle.min.js responded 200 in 2.3683 ms
[14:47:06 INF] HTTP GET /lib/jquery-validation/dist/jquery.validate.min.js responded 200 in 1.3572 ms
[14:47:06 INF] HTTP GET /js/products-catalog-filter.js responded 200 in 0.6694 ms
[14:47:06 INF] HTTP GET /js/site.js responded 200 in 3.0463 ms
[14:47:06 INF] HTTP GET /lib/jquery-validation-unobtrusive/dist/jquery.validate.unobtrusive.min.js responded 200 in 0.7604 ms
[14:47:12 INF] HTTP GET /Inventory/Products responded 200 in 57.8382 ms
[14:47:12 INF] HTTP GET /Biktal.WebMVC.styles.css responded 304 in 0.3541 ms
[14:47:12 INF] HTTP GET /css/site.css responded 304 in 0.5138 ms
[14:47:12 INF] HTTP GET /lib/bootstrap/dist/css/bootstrap.min.css responded 304 in 0.6781 ms
[14:47:13 INF] HTTP GET /lib/jquery/dist/jquery.min.js responded 304 in 0.2472 ms
[14:47:13 INF] HTTP GET /lib/bootstrap/dist/js/bootstrap.bundle.min.js responded 304 in 0.3536 ms
[14:47:13 INF] HTTP GET /js/site.js responded 304 in 0.3429 ms
[14:47:13 INF] HTTP GET /js/products-catalog-filter.js responded 304 in 0.2593 ms
[14:47:13 INF] HTTP GET /lib/jquery-validation-unobtrusive/dist/jquery.validate.unobtrusive.min.js responded 304 in 0.2502 ms
[14:47:13 INF] HTTP GET /lib/jquery-validation/dist/jquery.validate.min.js responded 304 in 0.9049 ms
[14:47:16 INF] HTTP POST /Inventory/EditProduct responded 302 in 9.4195 ms
[14:47:16 INF] HTTP GET /Inventory/Products responded 200 in 40.6529 ms
[14:47:16 INF] HTTP GET /lib/bootstrap/dist/css/bootstrap.min.css responded 304 in 0.4640 ms
[14:47:16 INF] HTTP GET /css/site.css responded 304 in 0.4403 ms
[14:47:16 INF] HTTP GET /Biktal.WebMVC.styles.css responded 304 in 0.4587 ms
[14:47:17 INF] HTTP GET /lib/jquery/dist/jquery.min.js responded 304 in 0.4279 ms
[14:47:17 INF] HTTP GET /js/site.js responded 304 in 0.3542 ms
[14:47:17 INF] HTTP GET /lib/bootstrap/dist/js/bootstrap.bundle.min.js responded 304 in 0.3792 ms
[14:47:17 INF] HTTP GET /lib/jquery-validation/dist/jquery.validate.min.js responded 304 in 0.3540 ms
[14:47:17 INF] HTTP GET /js/products-catalog-filter.js responded 304 in 0.2367 ms
[14:47:17 INF] HTTP GET /lib/jquery-validation-unobtrusive/dist/jquery.validate.unobtrusive.min.js responded 304 in 0.4388 ms
[14:47:25 INF] HTTP GET /Inventory/Products responded 200 in 68.0987 ms
[14:47:25 INF] HTTP GET /lib/bootstrap/dist/css/bootstrap.min.css responded 304 in 0.4841 ms
[14:47:25 INF] HTTP GET /Biktal.WebMVC.styles.css responded 304 in 0.5916 ms
[14:47:25 INF] HTTP GET /css/site.css responded 304 in 1.2583 ms
[14:47:26 INF] HTTP GET /lib/jquery/dist/jquery.min.js responded 304 in 0.2567 ms
[14:47:26 INF] HTTP GET /js/site.js responded 304 in 0.3280 ms
[14:47:26 INF] HTTP GET /lib/bootstrap/dist/js/bootstrap.bundle.min.js responded 304 in 0.3280 ms
[14:47:26 INF] HTTP GET /lib/jquery-validation/dist/jquery.validate.min.js responded 304 in 0.5397 ms
[14:47:26 INF] HTTP GET /lib/jquery-validation-unobtrusive/dist/jquery.validate.unobtrusive.min.js responded 304 in 0.3414 ms
[14:47:26 INF] HTTP GET /js/products-catalog-filter.js responded 304 in 0.4641 ms
[14:47:33 INF] HTTP POST /Inventory/EditProduct responded 302 in 9.0930 ms
[14:47:33 INF] HTTP GET /Inventory/Products responded 200 in 40.2399 ms
[14:47:33 INF] HTTP GET /css/site.css responded 304 in 0.2332 ms
[14:47:33 INF] HTTP GET /lib/bootstrap/dist/css/bootstrap.min.css responded 200 in 0.9137 ms
[14:47:33 INF] HTTP GET /Biktal.WebMVC.styles.css responded 304 in 1.4685 ms
[14:47:34 INF] HTTP GET /lib/jquery/dist/jquery.min.js responded 304 in 0.2481 ms
[14:47:34 INF] HTTP GET /js/site.js responded 304 in 0.3052 ms
[14:47:34 INF] HTTP GET /lib/bootstrap/dist/js/bootstrap.bundle.min.js responded 304 in 0.3878 ms
[14:47:34 INF] HTTP GET /lib/jquery-validation/dist/jquery.validate.min.js responded 304 in 0.4907 ms
[14:47:34 INF] HTTP GET /lib/jquery-validation-unobtrusive/dist/jquery.validate.unobtrusive.min.js responded 304 in 1.2052 ms
[14:47:34 INF] HTTP GET /js/products-catalog-filter.js responded 304 in 0.3023 ms
[14:47:54 INF] HTTP GET /Inventory/Products responded 200 in 52.1617 ms
[14:47:54 INF] HTTP GET /lib/bootstrap/dist/css/bootstrap.min.css responded 304 in 0.5371 ms
[14:47:54 INF] HTTP GET /css/site.css responded 304 in 0.5614 ms
[14:47:54 INF] HTTP GET /Biktal.WebMVC.styles.css responded 304 in 0.5666 ms
[14:47:55 INF] HTTP GET /lib/jquery/dist/jquery.min.js responded 304 in 0.2482 ms
[14:47:55 INF] HTTP GET /lib/bootstrap/dist/js/bootstrap.bundle.min.js responded 304 in 0.7235 ms
[14:47:55 INF] HTTP GET /js/site.js responded 304 in 0.9447 ms
[14:47:55 INF] HTTP GET /lib/jquery-validation/dist/jquery.validate.min.js responded 304 in 0.4222 ms
[14:47:55 INF] HTTP GET /js/products-catalog-filter.js responded 304 in 0.6098 ms
[14:47:55 INF] HTTP GET /lib/jquery-validation-unobtrusive/dist/jquery.validate.unobtrusive.min.js responded 304 in 0.4835 ms
[14:48:03 INF] HTTP POST /Inventory/EditProduct responded 302 in 10.5244 ms
[14:48:03 INF] HTTP GET /Inventory/Products responded 200 in 43.9060 ms
[14:48:03 INF] HTTP GET /lib/bootstrap/dist/css/bootstrap.min.css responded 304 in 0.5771 ms
[14:48:03 INF] HTTP GET /css/site.css responded 304 in 0.7676 ms
[14:48:03 INF] HTTP GET /Biktal.WebMVC.styles.css responded 304 in 1.2653 ms
[14:48:04 INF] HTTP GET /lib/jquery/dist/jquery.min.js responded 304 in 0.2435 ms
[14:48:04 INF] HTTP GET /lib/bootstrap/dist/js/bootstrap.bundle.min.js responded 304 in 0.6067 ms
[14:48:04 INF] HTTP GET /js/site.js responded 304 in 0.3519 ms
[14:48:04 INF] HTTP GET /lib/jquery-validation/dist/jquery.validate.min.js responded 304 in 0.4308 ms
[14:48:04 INF] HTTP GET /lib/jquery-validation-unobtrusive/dist/jquery.validate.unobtrusive.min.js responded 304 in 0.3833 ms
[14:48:04 INF] HTTP GET /js/products-catalog-filter.js responded 304 in 0.2081 ms
[14:48:08 INF] HTTP GET /Inventory/Products responded 200 in 81.5591 ms
[14:48:08 INF] HTTP GET /lib/bootstrap/dist/css/bootstrap.min.css responded 304 in 1.3222 ms
[14:48:08 INF] HTTP GET /css/site.css responded 304 in 0.8359 ms
[14:48:08 INF] HTTP GET /Biktal.WebMVC.styles.css responded 304 in 0.2902 ms
[14:48:09 INF] HTTP GET /lib/jquery/dist/jquery.min.js responded 304 in 0.2819 ms
[14:48:09 INF] HTTP GET /lib/bootstrap/dist/js/bootstrap.bundle.min.js responded 304 in 0.3715 ms
[14:48:09 INF] HTTP GET /js/site.js responded 304 in 0.3939 ms
[14:48:09 INF] HTTP GET /js/products-catalog-filter.js responded 304 in 0.7914 ms
[14:48:09 INF] HTTP GET /lib/jquery-validation-unobtrusive/dist/jquery.validate.unobtrusive.min.js responded 304 in 0.3013 ms
[14:48:09 INF] HTTP GET /lib/jquery-validation/dist/jquery.validate.min.js responded 304 in 0.3120 ms
[14:48:14 INF] HTTP POST /Inventory/EditProduct responded 302 in 8.2911 ms
[14:48:14 INF] HTTP GET /Inventory/Products responded 200 in 52.4752 ms
[14:48:14 INF] HTTP GET /css/site.css responded 304 in 0.4659 ms
[14:48:14 INF] HTTP GET /lib/bootstrap/dist/css/bootstrap.min.css responded 304 in 0.3445 ms
[14:48:14 INF] HTTP GET /Biktal.WebMVC.styles.css responded 304 in 0.2765 ms
[14:48:15 INF] HTTP GET /lib/jquery/dist/jquery.min.js responded 304 in 0.3986 ms
[14:48:15 INF] HTTP GET /lib/bootstrap/dist/js/bootstrap.bundle.min.js responded 304 in 1.3048 ms
[14:48:15 INF] HTTP GET /js/site.js responded 304 in 0.3001 ms
[14:48:15 INF] HTTP GET /lib/jquery-validation/dist/jquery.validate.min.js responded 304 in 0.4714 ms
[14:48:15 INF] HTTP GET /lib/jquery-validation-unobtrusive/dist/jquery.validate.unobtrusive.min.js responded 304 in 0.6496 ms
[14:48:15 INF] HTTP GET /js/products-catalog-filter.js responded 304 in 2.9843 ms
[14:48:46 INF] HTTP GET /Inventory/Products responded 200 in 68.0104 ms
[14:48:46 INF] HTTP GET /css/site.css responded 304 in 0.3684 ms
[14:48:46 INF] HTTP GET /lib/bootstrap/dist/css/bootstrap.min.css responded 200 in 1.2057 ms
[14:48:46 INF] HTTP GET /Biktal.WebMVC.styles.css responded 304 in 0.3612 ms
[14:48:47 INF] HTTP GET /lib/jquery/dist/jquery.min.js responded 304 in 0.2556 ms
[14:48:47 INF] HTTP GET /lib/bootstrap/dist/js/bootstrap.bundle.min.js responded 304 in 0.3602 ms
[14:48:47 INF] HTTP GET /js/site.js responded 304 in 1.2036 ms
[14:48:47 INF] HTTP GET /lib/jquery-validation/dist/jquery.validate.min.js responded 304 in 0.4201 ms
[14:48:47 INF] HTTP GET /lib/jquery-validation-unobtrusive/dist/jquery.validate.unobtrusive.min.js responded 304 in 0.5036 ms
[14:48:47 INF] HTTP GET /js/products-catalog-filter.js responded 304 in 0.7009 ms
[14:48:51 INF] HTTP POST /Inventory/EditProduct responded 302 in 6.4664 ms
[14:48:51 INF] HTTP GET /Inventory/Products responded 200 in 44.6312 ms
[14:48:51 INF] HTTP GET /css/site.css responded 304 in 0.4137 ms
[14:48:51 INF] HTTP GET /lib/bootstrap/dist/css/bootstrap.min.css responded 304 in 0.4211 ms
[14:48:51 INF] HTTP GET /Biktal.WebMVC.styles.css responded 304 in 0.5853 ms
[14:48:52 INF] HTTP GET /lib/jquery/dist/jquery.min.js responded 304 in 0.2623 ms
[14:48:52 INF] HTTP GET /js/site.js responded 304 in 0.2627 ms
[14:48:52 INF] HTTP GET /lib/bootstrap/dist/js/bootstrap.bundle.min.js responded 304 in 0.3806 ms
[14:48:52 INF] HTTP GET /lib/jquery-validation/dist/jquery.validate.min.js responded 304 in 0.6818 ms
[14:48:52 INF] HTTP GET /lib/jquery-validation-unobtrusive/dist/jquery.validate.unobtrusive.min.js responded 304 in 0.6959 ms
[14:48:52 INF] HTTP GET /js/products-catalog-filter.js responded 304 in 0.4644 ms
[14:49:02 INF] HTTP GET /Inventory/Products responded 200 in 127.5831 ms
[14:49:02 INF] HTTP GET /Biktal.WebMVC.styles.css responded 304 in 0.8353 ms
[14:49:02 INF] HTTP GET /lib/bootstrap/dist/css/bootstrap.min.css responded 304 in 0.5616 ms
[14:49:02 INF] HTTP GET /css/site.css responded 304 in 0.6415 ms
[14:49:03 INF] HTTP GET /lib/jquery/dist/jquery.min.js responded 304 in 0.2458 ms
[14:49:03 INF] HTTP GET /lib/bootstrap/dist/js/bootstrap.bundle.min.js responded 304 in 1.4664 ms
[14:49:03 INF] HTTP GET /js/site.js responded 304 in 1.0880 ms
[14:49:03 INF] HTTP GET /lib/jquery-validation/dist/jquery.validate.min.js responded 304 in 0.4434 ms
[14:49:03 INF] HTTP GET /lib/jquery-validation-unobtrusive/dist/jquery.validate.unobtrusive.min.js responded 304 in 0.5428 ms
[14:49:03 INF] HTTP GET /js/products-catalog-filter.js responded 304 in 0.3600 ms
[14:49:08 INF] HTTP POST /Inventory/EditProduct responded 302 in 10.4437 ms
[14:49:08 INF] HTTP GET /Inventory/Products responded 200 in 46.9244 ms
[14:49:08 INF] HTTP GET /lib/bootstrap/dist/css/bootstrap.min.css responded 200 in 2.3468 ms
[14:49:08 INF] HTTP GET /css/site.css responded 304 in 0.3879 ms
[14:49:08 INF] HTTP GET /Biktal.WebMVC.styles.css responded 304 in 0.4118 ms
[14:49:09 INF] HTTP GET /lib/jquery/dist/jquery.min.js responded 304 in 0.2628 ms
[14:49:09 INF] HTTP GET /js/site.js responded 304 in 0.3024 ms
[14:49:09 INF] HTTP GET /lib/bootstrap/dist/js/bootstrap.bundle.min.js responded 304 in 0.3392 ms
[14:49:09 INF] HTTP GET /lib/jquery-validation-unobtrusive/dist/jquery.validate.unobtrusive.min.js responded 304 in 0.2416 ms
[14:49:09 INF] HTTP GET /lib/jquery-validation/dist/jquery.validate.min.js responded 304 in 0.6089 ms
[14:49:09 INF] HTTP GET /js/products-catalog-filter.js responded 304 in 0.6237 ms
[14:52:33 INF] HTTP GET /Inventory/Products responded 200 in 146.5960 ms
[14:52:33 INF] HTTP GET /css/site.css responded 200 in 0.8114 ms
[14:52:33 INF] HTTP GET /lib/bootstrap/dist/css/bootstrap.min.css responded 200 in 1.4656 ms
[14:52:33 INF] HTTP GET /Biktal.WebMVC.styles.css responded 200 in 0.9215 ms
[14:52:34 INF] HTTP GET /lib/jquery/dist/jquery.min.js responded 200 in 0.6323 ms
[14:52:34 INF] HTTP GET /js/site.js responded 200 in 1.0145 ms
[14:52:34 INF] HTTP GET /lib/bootstrap/dist/js/bootstrap.bundle.min.js responded 200 in 0.7982 ms
[14:52:34 INF] HTTP GET /js/products-catalog-filter.js responded 200 in 0.6939 ms
[14:52:34 INF] HTTP GET /lib/jquery-validation/dist/jquery.validate.min.js responded 200 in 0.5722 ms
[14:52:34 INF] HTTP GET /lib/jquery-validation-unobtrusive/dist/jquery.validate.unobtrusive.min.js responded 200 in 0.6497 ms
[14:53:11 INF] HTTP POST /Inventory/EditProduct responded 302 in 29.9179 ms
[14:53:11 INF] HTTP GET /Inventory/Products responded 200 in 117.7270 ms
[14:53:11 INF] HTTP GET /css/site.css responded 200 in 0.7229 ms
[14:53:11 INF] HTTP GET /Biktal.WebMVC.styles.css responded 200 in 1.3161 ms
[14:53:11 INF] HTTP GET /lib/bootstrap/dist/css/bootstrap.min.css responded 200 in 0.7924 ms
[14:53:12 INF] HTTP GET /lib/jquery/dist/jquery.min.js responded 200 in 0.6569 ms
[14:53:12 INF] HTTP GET /lib/bootstrap/dist/js/bootstrap.bundle.min.js responded 200 in 1.1521 ms
[14:53:12 INF] HTTP GET /js/site.js responded 200 in 1.3530 ms
[14:53:12 INF] HTTP GET /js/products-catalog-filter.js responded 200 in 0.7013 ms
[14:53:12 INF] HTTP GET /lib/jquery-validation/dist/jquery.validate.min.js responded 200 in 0.6088 ms
[14:53:12 INF] HTTP GET /lib/jquery-validation-unobtrusive/dist/jquery.validate.unobtrusive.min.js responded 200 in 0.7901 ms
[14:54:12 INF] HTTP GET /Inventory/Products responded 200 in 69.9180 ms
[14:54:12 INF] HTTP GET /css/site.css responded 200 in 2.4079 ms
[14:54:12 INF] HTTP GET /Biktal.WebMVC.styles.css responded 200 in 1.1023 ms
[14:54:12 INF] HTTP GET /lib/bootstrap/dist/css/bootstrap.min.css responded 200 in 4.3581 ms
[14:54:14 INF] HTTP GET /lib/jquery/dist/jquery.min.js responded 200 in 2.7200 ms
[14:54:14 INF] HTTP GET /js/site.js responded 200 in 0.8983 ms
[14:54:14 INF] HTTP GET /lib/jquery-validation-unobtrusive/dist/jquery.validate.unobtrusive.min.js responded 200 in 0.7039 ms
[14:54:14 INF] HTTP GET /lib/bootstrap/dist/js/bootstrap.bundle.min.js responded 200 in 0.8709 ms
[14:54:14 INF] HTTP GET /lib/jquery-validation/dist/jquery.validate.min.js responded 200 in 3.5353 ms
[14:54:14 INF] HTTP GET /js/products-catalog-filter.js responded 200 in 0.7372 ms
[14:55:15 INF] HTTP POST /Inventory/EditProduct responded 302 in 48.8137 ms
[14:55:15 INF] HTTP GET /Inventory/Products responded 200 in 98.1144 ms
[14:55:15 INF] HTTP GET /Biktal.WebMVC.styles.css responded 200 in 0.8151 ms
[14:55:15 INF] HTTP GET /lib/bootstrap/dist/css/bootstrap.min.css responded 200 in 2.1671 ms
[14:55:15 INF] HTTP GET /css/site.css responded 200 in 0.9851 ms
[14:55:16 INF] HTTP GET /lib/jquery/dist/jquery.min.js responded 200 in 0.9696 ms
[14:55:16 INF] HTTP GET /js/site.js responded 200 in 0.8793 ms
[14:55:16 INF] HTTP GET /lib/jquery-validation-unobtrusive/dist/jquery.validate.unobtrusive.min.js responded 200 in 1.8068 ms
[14:55:16 INF] HTTP GET /lib/jquery-validation/dist/jquery.validate.min.js responded 200 in 2.5193 ms
[14:55:16 INF] HTTP GET /lib/bootstrap/dist/js/bootstrap.bundle.min.js responded 200 in 4.1805 ms
[14:55:16 INF] HTTP GET /js/products-catalog-filter.js responded 200 in 4.5616 ms
[14:56:11 INF] HTTP POST /Inventory/DeleteProduct responded 302 in 148.2092 ms
[14:56:11 INF] HTTP GET /Inventory/Products responded 200 in 35.5906 ms
[14:56:11 INF] HTTP GET /Biktal.WebMVC.styles.css responded 200 in 1.3175 ms
[14:56:11 INF] HTTP GET /lib/bootstrap/dist/css/bootstrap.min.css responded 200 in 2.4467 ms
[14:56:11 INF] HTTP GET /css/site.css responded 200 in 4.0726 ms
[14:56:12 INF] HTTP GET /lib/jquery/dist/jquery.min.js responded 200 in 0.7209 ms
[14:56:12 INF] HTTP GET /js/site.js responded 200 in 1.8113 ms
[14:56:12 INF] HTTP GET /lib/jquery-validation/dist/jquery.validate.min.js responded 200 in 0.5415 ms
[14:56:12 INF] HTTP GET /lib/jquery-validation-unobtrusive/dist/jquery.validate.unobtrusive.min.js responded 200 in 0.5195 ms
[14:56:12 INF] HTTP GET /lib/bootstrap/dist/js/bootstrap.bundle.min.js responded 200 in 0.9394 ms
[14:56:12 INF] HTTP GET /js/products-catalog-filter.js responded 200 in 1.2817 ms
[14:57:45 INF] HTTP GET /Inventory/Products responded 200 in 142.2317 ms
[14:57:46 INF] HTTP GET /Biktal.WebMVC.styles.css responded 200 in 0.7898 ms
[14:57:46 INF] HTTP GET /css/site.css responded 200 in 1.0479 ms
[14:57:46 INF] HTTP GET /lib/bootstrap/dist/css/bootstrap.min.css responded 200 in 3.7941 ms
[14:57:47 INF] HTTP GET /lib/jquery/dist/jquery.min.js responded 200 in 0.8970 ms
[14:57:47 INF] HTTP GET /js/site.js responded 200 in 0.7152 ms
[14:57:47 INF] HTTP GET /lib/jquery-validation/dist/jquery.validate.min.js responded 200 in 0.5299 ms
[14:57:47 INF] HTTP GET /lib/bootstrap/dist/js/bootstrap.bundle.min.js responded 200 in 0.6872 ms
[14:57:47 INF] HTTP GET /lib/jquery-validation-unobtrusive/dist/jquery.validate.unobtrusive.min.js responded 200 in 1.1881 ms
[14:57:47 INF] HTTP GET /js/products-catalog-filter.js responded 200 in 1.7412 ms
[14:58:15 INF] HTTP POST /Inventory/EditProduct responded 302 in 12.2492 ms
[14:58:15 INF] HTTP GET /Inventory/Products responded 200 in 39.2620 ms
[14:58:15 INF] HTTP GET /lib/bootstrap/dist/css/bootstrap.min.css responded 200 in 4.8997 ms
[14:58:15 INF] HTTP GET /css/site.css responded 200 in 2.5828 ms
[14:58:15 INF] HTTP GET /Biktal.WebMVC.styles.css responded 200 in 1.7480 ms
[14:58:16 INF] HTTP GET /lib/jquery/dist/jquery.min.js responded 304 in 0.3336 ms
[14:58:16 INF] HTTP GET /lib/bootstrap/dist/js/bootstrap.bundle.min.js responded 304 in 0.3340 ms
[14:58:16 INF] HTTP GET /js/site.js responded 304 in 0.2857 ms
[14:58:16 INF] HTTP GET /lib/jquery-validation/dist/jquery.validate.min.js responded 304 in 0.2526 ms
[14:58:16 INF] HTTP GET /lib/jquery-validation-unobtrusive/dist/jquery.validate.unobtrusive.min.js responded 304 in 0.2448 ms
[14:58:16 INF] HTTP GET /js/products-catalog-filter.js responded 304 in 0.2421 ms
[15:13:01 INF] HTTP GET /Inventory/Products responded 200 in 139.2040 ms
[15:13:01 INF] HTTP GET /lib/bootstrap/dist/css/bootstrap.min.css responded 200 in 17.5357 ms
[15:13:01 INF] HTTP GET /css/site.css responded 200 in 5.9791 ms
[15:13:01 INF] HTTP GET /Biktal.WebMVC.styles.css responded 200 in 3.5590 ms
[15:13:02 INF] HTTP GET /lib/jquery/dist/jquery.min.js responded 200 in 0.7704 ms
[15:13:02 INF] HTTP GET /js/site.js responded 200 in 0.9406 ms
[15:13:02 INF] HTTP GET /lib/jquery-validation-unobtrusive/dist/jquery.validate.unobtrusive.min.js responded 200 in 0.8394 ms
[15:13:02 INF] HTTP GET /js/products-catalog-filter.js responded 200 in 0.5862 ms
[15:13:02 INF] HTTP GET /lib/bootstrap/dist/js/bootstrap.bundle.min.js responded 200 in 1.0876 ms
[15:13:02 INF] HTTP GET /lib/jquery-validation/dist/jquery.validate.min.js responded 200 in 0.6222 ms
[15:13:57 INF] HTTP POST /Inventory/EditProduct responded 302 in 13.6660 ms
[15:13:58 INF] HTTP GET /Inventory/Products responded 200 in 58.5128 ms
[15:13:58 INF] HTTP GET /css/site.css responded 200 in 1.5342 ms
[15:13:58 INF] HTTP GET /lib/bootstrap/dist/css/bootstrap.min.css responded 200 in 1.4572 ms
[15:13:58 INF] HTTP GET /Biktal.WebMVC.styles.css responded 200 in 2.5385 ms
[15:13:59 INF] HTTP GET /lib/jquery/dist/jquery.min.js responded 304 in 0.2549 ms
[15:13:59 INF] HTTP GET /lib/bootstrap/dist/js/bootstrap.bundle.min.js responded 304 in 0.3756 ms
[15:13:59 INF] HTTP GET /js/site.js responded 304 in 0.3334 ms
[15:13:59 INF] HTTP GET /lib/jquery-validation/dist/jquery.validate.min.js responded 304 in 0.2687 ms
[15:13:59 INF] HTTP GET /lib/jquery-validation-unobtrusive/dist/jquery.validate.unobtrusive.min.js responded 304 in 0.2790 ms
[15:13:59 INF] HTTP GET /js/products-catalog-filter.js responded 304 in 0.2325 ms
[15:14:06 INF] HTTP GET /Inventory/Products responded 200 in 58.5084 ms
[15:14:06 INF] HTTP GET /lib/bootstrap/dist/css/bootstrap.min.css responded 304 in 0.4799 ms
[15:14:06 INF] HTTP GET /css/site.css responded 304 in 4.2229 ms
[15:14:06 INF] HTTP GET /Biktal.WebMVC.styles.css responded 304 in 1.6567 ms
[15:14:07 INF] HTTP GET /lib/jquery/dist/jquery.min.js responded 304 in 0.2465 ms
[15:14:07 INF] HTTP GET /lib/bootstrap/dist/js/bootstrap.bundle.min.js responded 304 in 0.6984 ms
[15:14:07 INF] HTTP GET /js/site.js responded 304 in 0.4075 ms
[15:14:07 INF] HTTP GET /lib/jquery-validation/dist/jquery.validate.min.js responded 304 in 1.3574 ms
[15:14:07 INF] HTTP GET /lib/jquery-validation-unobtrusive/dist/jquery.validate.unobtrusive.min.js responded 304 in 0.3727 ms
[15:14:07 INF] HTTP GET /js/products-catalog-filter.js responded 304 in 0.5554 ms
[15:14:11 INF] HTTP POST /Inventory/EditProduct responded 302 in 6.0842 ms
[15:14:11 INF] HTTP GET /Inventory/Products responded 200 in 35.3967 ms
[15:14:11 INF] HTTP GET /Biktal.WebMVC.styles.css responded 304 in 0.3735 ms
[15:14:11 INF] HTTP GET /lib/bootstrap/dist/css/bootstrap.min.css responded 200 in 0.9130 ms
[15:14:11 INF] HTTP GET /css/site.css responded 304 in 1.5413 ms
[15:14:12 INF] HTTP GET /lib/jquery/dist/jquery.min.js responded 304 in 0.2540 ms
[15:14:12 INF] HTTP GET /lib/bootstrap/dist/js/bootstrap.bundle.min.js responded 304 in 0.4534 ms
[15:14:12 INF] HTTP GET /lib/jquery-validation/dist/jquery.validate.min.js responded 304 in 0.3152 ms
[15:14:12 INF] HTTP GET /js/site.js responded 304 in 0.3900 ms
[15:14:12 INF] HTTP GET /lib/jquery-validation-unobtrusive/dist/jquery.validate.unobtrusive.min.js responded 304 in 0.9018 ms
[15:14:12 INF] HTTP GET /js/products-catalog-filter.js responded 304 in 3.0369 ms
[15:14:14 INF] HTTP GET /Inventory/Products responded 200 in 56.9628 ms
[15:14:14 INF] HTTP GET /lib/bootstrap/dist/css/bootstrap.min.css responded 304 in 0.4265 ms
[15:14:14 INF] HTTP GET /css/site.css responded 304 in 2.4685 ms
[15:14:14 INF] HTTP GET /Biktal.WebMVC.styles.css responded 304 in 0.5178 ms
[15:14:15 INF] HTTP GET /lib/jquery/dist/jquery.min.js responded 304 in 0.3753 ms
[15:14:15 INF] HTTP GET /lib/bootstrap/dist/js/bootstrap.bundle.min.js responded 304 in 0.3755 ms
[15:14:15 INF] HTTP GET /js/site.js responded 304 in 0.6698 ms
[15:14:15 INF] HTTP GET /lib/jquery-validation-unobtrusive/dist/jquery.validate.unobtrusive.min.js responded 304 in 0.5422 ms
[15:14:15 INF] HTTP GET /lib/jquery-validation/dist/jquery.validate.min.js responded 304 in 0.9883 ms
[15:14:15 INF] HTTP GET /js/products-catalog-filter.js responded 304 in 0.3626 ms
[15:14:29 INF] HTTP POST /Inventory/EditProduct responded 302 in 7.5545 ms
[15:14:29 INF] HTTP GET /Inventory/Products responded 200 in 43.9196 ms
[15:14:29 INF] HTTP GET /css/site.css responded 304 in 0.3816 ms
[15:14:29 INF] HTTP GET /lib/bootstrap/dist/css/bootstrap.min.css responded 200 in 2.0597 ms
[15:14:29 INF] HTTP GET /Biktal.WebMVC.styles.css responded 304 in 2.1591 ms
[15:14:30 INF] HTTP GET /lib/jquery/dist/jquery.min.js responded 304 in 0.2471 ms
[15:14:30 INF] HTTP GET /js/site.js responded 304 in 0.3220 ms
[15:14:30 INF] HTTP GET /lib/bootstrap/dist/js/bootstrap.bundle.min.js responded 304 in 0.4417 ms
[15:14:30 INF] HTTP GET /lib/jquery-validation/dist/jquery.validate.min.js responded 304 in 0.3353 ms
[15:14:30 INF] HTTP GET /js/products-catalog-filter.js responded 304 in 0.3023 ms
[15:14:30 INF] HTTP GET /lib/jquery-validation-unobtrusive/dist/jquery.validate.unobtrusive.min.js responded 304 in 0.3825 ms
[15:14:33 INF] HTTP GET /Inventory/Products responded 200 in 51.9635 ms
[15:14:33 INF] HTTP GET /lib/bootstrap/dist/css/bootstrap.min.css responded 304 in 0.4207 ms
[15:14:33 INF] HTTP GET /css/site.css responded 304 in 0.2343 ms
[15:14:33 INF] HTTP GET /Biktal.WebMVC.styles.css responded 304 in 1.2884 ms
[15:14:33 INF] HTTP GET /lib/jquery/dist/jquery.min.js responded 304 in 0.2404 ms
[15:14:33 INF] HTTP GET /lib/bootstrap/dist/js/bootstrap.bundle.min.js responded 304 in 0.4429 ms
[15:14:33 INF] HTTP GET /js/site.js responded 304 in 0.2698 ms
[15:14:33 INF] HTTP GET /lib/jquery-validation/dist/jquery.validate.min.js responded 304 in 0.2822 ms
[15:14:33 INF] HTTP GET /lib/jquery-validation-unobtrusive/dist/jquery.validate.unobtrusive.min.js responded 304 in 0.7848 ms
[15:14:33 INF] HTTP GET /js/products-catalog-filter.js responded 304 in 0.6501 ms
[15:14:37 INF] HTTP POST /Inventory/EditProduct responded 302 in 5.4142 ms
[15:14:37 INF] HTTP GET /Inventory/Products responded 200 in 34.5293 ms
[15:14:37 INF] HTTP GET /css/site.css responded 304 in 0.4278 ms
[15:14:37 INF] HTTP GET /lib/bootstrap/dist/css/bootstrap.min.css responded 304 in 0.4789 ms
[15:14:37 INF] HTTP GET /Biktal.WebMVC.styles.css responded 304 in 1.5900 ms
[15:14:38 INF] HTTP GET /lib/jquery/dist/jquery.min.js responded 304 in 0.2526 ms
[15:14:38 INF] HTTP GET /lib/bootstrap/dist/js/bootstrap.bundle.min.js responded 304 in 0.3529 ms
[15:14:38 INF] HTTP GET /js/site.js responded 304 in 0.5642 ms
[15:14:38 INF] HTTP GET /lib/jquery-validation/dist/jquery.validate.min.js responded 304 in 0.4416 ms
[15:14:38 INF] HTTP GET /lib/jquery-validation-unobtrusive/dist/jquery.validate.unobtrusive.min.js responded 304 in 0.4055 ms
[15:14:38 INF] HTTP GET /js/products-catalog-filter.js responded 304 in 0.6042 ms
[15:14:45 INF] HTTP GET /Inventory/Products responded 200 in 75.1947 ms
[15:14:45 INF] HTTP GET /lib/bootstrap/dist/css/bootstrap.min.css responded 304 in 2.1508 ms
[15:14:45 INF] HTTP GET /css/site.css responded 304 in 1.0953 ms
[15:14:45 INF] HTTP GET /Biktal.WebMVC.styles.css responded 304 in 0.7241 ms
[15:14:46 INF] HTTP GET /lib/jquery/dist/jquery.min.js responded 304 in 0.2430 ms
[15:14:46 INF] HTTP GET /js/site.js responded 304 in 0.2895 ms
[15:14:46 INF] HTTP GET /lib/bootstrap/dist/js/bootstrap.bundle.min.js responded 304 in 0.4584 ms
[15:14:46 INF] HTTP GET /lib/jquery-validation/dist/jquery.validate.min.js responded 304 in 0.3161 ms
[15:14:46 INF] HTTP GET /js/products-catalog-filter.js responded 304 in 0.1869 ms
[15:14:46 INF] HTTP GET /lib/jquery-validation-unobtrusive/dist/jquery.validate.unobtrusive.min.js responded 304 in 0.2326 ms
[15:15:03 INF] HTTP POST /Inventory/EditProduct responded 302 in 7.4817 ms
[15:15:03 INF] HTTP GET /Inventory/Products responded 200 in 39.2835 ms
[15:15:03 INF] HTTP GET /css/site.css responded 304 in 0.7063 ms
[15:15:03 INF] HTTP GET /lib/bootstrap/dist/css/bootstrap.min.css responded 200 in 1.8905 ms
[15:15:03 INF] HTTP GET /Biktal.WebMVC.styles.css responded 304 in 0.4235 ms
[15:15:04 INF] HTTP GET /lib/jquery/dist/jquery.min.js responded 304 in 0.2450 ms
[15:15:04 INF] HTTP GET /lib/bootstrap/dist/js/bootstrap.bundle.min.js responded 304 in 0.3598 ms
[15:15:04 INF] HTTP GET /js/site.js responded 304 in 0.3709 ms
[15:15:04 INF] HTTP GET /lib/jquery-validation/dist/jquery.validate.min.js responded 304 in 0.2820 ms
[15:15:04 INF] HTTP GET /lib/jquery-validation-unobtrusive/dist/jquery.validate.unobtrusive.min.js responded 304 in 0.2509 ms
[15:15:04 INF] HTTP GET /js/products-catalog-filter.js responded 304 in 0.1880 ms
[15:19:06 INF] HTTP GET /Inventory/Products responded 200 in 155.9710 ms
[15:19:06 INF] HTTP GET /lib/bootstrap/dist/css/bootstrap.min.css responded 200 in 1.1948 ms
[15:19:06 INF] HTTP GET /Biktal.WebMVC.styles.css responded 200 in 1.4477 ms
[15:19:06 INF] HTTP GET /css/site.css responded 200 in 1.6746 ms
[15:19:07 INF] HTTP GET /lib/jquery/dist/jquery.min.js responded 200 in 1.3007 ms
[15:19:07 INF] HTTP GET /js/site.js responded 200 in 1.5617 ms
[15:19:07 INF] HTTP GET /lib/jquery-validation/dist/jquery.validate.min.js responded 200 in 0.9977 ms
[15:19:07 INF] HTTP GET /lib/bootstrap/dist/js/bootstrap.bundle.min.js responded 200 in 1.2730 ms
[15:19:07 INF] HTTP GET /js/products-catalog-filter.js responded 200 in 0.6592 ms
[15:19:07 INF] HTTP GET /lib/jquery-validation-unobtrusive/dist/jquery.validate.unobtrusive.min.js responded 200 in 1.2880 ms
[15:19:23 INF] HTTP GET /Inventory/Products responded 200 in 57.9399 ms
[15:19:23 INF] HTTP GET /lib/bootstrap/dist/css/bootstrap.min.css responded 200 in 1.0743 ms
[15:19:23 INF] HTTP GET /Biktal.WebMVC.styles.css responded 200 in 1.5605 ms
[15:19:23 INF] HTTP GET /css/site.css responded 200 in 2.5728 ms
[15:19:23 INF] HTTP GET /lib/jquery/dist/jquery.min.js responded 304 in 0.2521 ms
[15:19:23 INF] HTTP GET /js/site.js responded 304 in 0.3376 ms
[15:19:23 INF] HTTP GET /lib/bootstrap/dist/js/bootstrap.bundle.min.js responded 304 in 0.7311 ms
[15:19:23 INF] HTTP GET /lib/jquery-validation-unobtrusive/dist/jquery.validate.unobtrusive.min.js responded 304 in 0.2919 ms
[15:19:23 INF] HTTP GET /js/products-catalog-filter.js responded 304 in 0.2414 ms
[15:19:23 INF] HTTP GET /lib/jquery-validation/dist/jquery.validate.min.js responded 304 in 0.2100 ms
[15:19:34 INF] HTTP POST /Inventory/EditProduct responded 302 in 14.2179 ms
[15:19:35 INF] HTTP GET /Inventory/Products responded 200 in 60.1573 ms
[15:19:35 INF] HTTP GET /lib/bootstrap/dist/css/bootstrap.min.css responded 200 in 1.0705 ms
[15:19:35 INF] HTTP GET /Biktal.WebMVC.styles.css responded 200 in 0.9039 ms
[15:19:35 INF] HTTP GET /css/site.css responded 200 in 4.8981 ms
[15:19:35 INF] HTTP GET /lib/jquery/dist/jquery.min.js responded 304 in 0.2458 ms
[15:19:35 INF] HTTP GET /lib/bootstrap/dist/js/bootstrap.bundle.min.js responded 304 in 0.3549 ms
[15:19:35 INF] HTTP GET /js/site.js responded 304 in 0.4196 ms
[15:19:35 INF] HTTP GET /js/products-catalog-filter.js responded 304 in 0.1980 ms
[15:19:35 INF] HTTP GET /lib/jquery-validation/dist/jquery.validate.min.js responded 304 in 0.3212 ms
[15:19:35 INF] HTTP GET /lib/jquery-validation-unobtrusive/dist/jquery.validate.unobtrusive.min.js responded 304 in 0.2057 ms
[15:19:41 INF] HTTP GET /Inventory/Products responded 200 in 93.5505 ms
[15:19:41 INF] HTTP GET /lib/bootstrap/dist/css/bootstrap.min.css responded 304 in 0.4683 ms
[15:19:41 INF] HTTP GET /css/site.css responded 304 in 0.4001 ms
[15:19:41 INF] HTTP GET /Biktal.WebMVC.styles.css responded 304 in 0.3991 ms
[15:19:42 INF] HTTP GET /lib/jquery/dist/jquery.min.js responded 304 in 0.2542 ms
[15:19:42 INF] HTTP GET /js/site.js responded 304 in 0.2942 ms
[15:19:42 INF] HTTP GET /lib/bootstrap/dist/js/bootstrap.bundle.min.js responded 304 in 0.3310 ms
[15:19:42 INF] HTTP GET /lib/jquery-validation/dist/jquery.validate.min.js responded 304 in 0.4554 ms
[15:19:42 INF] HTTP GET /lib/jquery-validation-unobtrusive/dist/jquery.validate.unobtrusive.min.js responded 304 in 0.4964 ms
[15:19:42 INF] HTTP GET /js/products-catalog-filter.js responded 304 in 0.3831 ms
[15:20:00 INF] HTTP POST /Inventory/EditProduct responded 302 in 6.2788 ms
[15:20:00 INF] HTTP GET /Inventory/Products responded 200 in 39.7217 ms
[15:20:00 INF] HTTP GET /css/site.css responded 304 in 0.3841 ms
[15:20:00 INF] HTTP GET /lib/bootstrap/dist/css/bootstrap.min.css responded 200 in 1.0993 ms
[15:20:00 INF] HTTP GET /Biktal.WebMVC.styles.css responded 304 in 0.3667 ms
[15:20:01 INF] HTTP GET /lib/jquery/dist/jquery.min.js responded 304 in 0.2565 ms
[15:20:01 INF] HTTP GET /lib/bootstrap/dist/js/bootstrap.bundle.min.js responded 304 in 0.4524 ms
[15:20:01 INF] HTTP GET /js/site.js responded 304 in 0.2927 ms
[15:20:01 INF] HTTP GET /lib/jquery-validation/dist/jquery.validate.min.js responded 304 in 0.2888 ms
[15:20:01 INF] HTTP GET /lib/jquery-validation-unobtrusive/dist/jquery.validate.unobtrusive.min.js responded 304 in 0.4082 ms
[15:20:01 INF] HTTP GET /js/products-catalog-filter.js responded 304 in 0.9183 ms
[15:20:05 INF] HTTP GET /Inventory/Products responded 200 in 82.4848 ms
[15:20:05 INF] HTTP GET /lib/bootstrap/dist/css/bootstrap.min.css responded 304 in 0.4126 ms
[15:20:05 INF] HTTP GET /css/site.css responded 304 in 0.5577 ms
[15:20:05 INF] HTTP GET /Biktal.WebMVC.styles.css responded 304 in 1.2299 ms
[15:20:06 INF] HTTP GET /lib/jquery/dist/jquery.min.js responded 304 in 0.2635 ms
[15:20:06 INF] HTTP GET /lib/bootstrap/dist/js/bootstrap.bundle.min.js responded 304 in 0.3669 ms
[15:20:06 INF] HTTP GET /js/site.js responded 304 in 0.3688 ms
[15:20:06 INF] HTTP GET /lib/jquery-validation/dist/jquery.validate.min.js responded 304 in 0.5008 ms
[15:20:06 INF] HTTP GET /lib/jquery-validation-unobtrusive/dist/jquery.validate.unobtrusive.min.js responded 304 in 0.4158 ms
[15:20:06 INF] HTTP GET /js/products-catalog-filter.js responded 304 in 0.3186 ms
[15:20:09 INF] HTTP POST /Inventory/EditProduct responded 302 in 6.6478 ms
[15:20:09 INF] HTTP GET /Inventory/Products responded 200 in 37.9167 ms
[15:20:09 INF] HTTP GET /lib/bootstrap/dist/css/bootstrap.min.css responded 304 in 0.4422 ms
[15:20:09 INF] HTTP GET /css/site.css responded 304 in 2.7166 ms
[15:20:09 INF] HTTP GET /Biktal.WebMVC.styles.css responded 304 in 0.5130 ms
[15:20:10 INF] HTTP GET /lib/jquery/dist/jquery.min.js responded 304 in 0.6754 ms
[15:20:10 INF] HTTP GET /lib/bootstrap/dist/js/bootstrap.bundle.min.js responded 304 in 0.3589 ms
[15:20:10 INF] HTTP GET /js/site.js responded 304 in 0.3705 ms
[15:20:10 INF] HTTP GET /lib/jquery-validation/dist/jquery.validate.min.js responded 304 in 0.3051 ms
[15:20:10 INF] HTTP GET /lib/jquery-validation-unobtrusive/dist/jquery.validate.unobtrusive.min.js responded 304 in 0.2120 ms
[15:20:10 INF] HTTP GET /js/products-catalog-filter.js responded 304 in 0.2120 ms
[15:20:14 INF] HTTP GET /Inventory/Products responded 200 in 55.1838 ms
[15:20:14 INF] HTTP GET /lib/bootstrap/dist/css/bootstrap.min.css responded 304 in 0.4500 ms
[15:20:14 INF] HTTP GET /css/site.css responded 304 in 1.6346 ms
[15:20:14 INF] HTTP GET /Biktal.WebMVC.styles.css responded 304 in 0.4509 ms
[15:20:15 INF] HTTP GET /lib/jquery/dist/jquery.min.js responded 304 in 0.2489 ms
[15:20:15 INF] HTTP GET /lib/bootstrap/dist/js/bootstrap.bundle.min.js responded 304 in 0.3884 ms
[15:20:15 INF] HTTP GET /js/site.js responded 304 in 0.2475 ms
[15:20:15 INF] HTTP GET /lib/jquery-validation/dist/jquery.validate.min.js responded 304 in 0.2956 ms
[15:20:15 INF] HTTP GET /lib/jquery-validation-unobtrusive/dist/jquery.validate.unobtrusive.min.js responded 304 in 1.2741 ms
[15:20:15 INF] HTTP GET /js/products-catalog-filter.js responded 304 in 0.6468 ms
[15:20:18 INF] HTTP POST /Inventory/EditProduct responded 302 in 5.6446 ms
[15:20:18 INF] HTTP GET /Inventory/Products responded 200 in 38.2317 ms
[15:20:18 INF] HTTP GET /lib/bootstrap/dist/css/bootstrap.min.css responded 304 in 0.7469 ms
[15:20:18 INF] HTTP GET /css/site.css responded 304 in 0.7952 ms
[15:20:18 INF] HTTP GET /Biktal.WebMVC.styles.css responded 304 in 2.8925 ms
[15:20:19 INF] HTTP GET /lib/jquery/dist/jquery.min.js responded 304 in 0.2777 ms
[15:20:19 INF] HTTP GET /js/site.js responded 304 in 0.1947 ms
[15:20:19 INF] HTTP GET /lib/bootstrap/dist/js/bootstrap.bundle.min.js responded 304 in 0.3494 ms
[15:20:19 INF] HTTP GET /lib/jquery-validation/dist/jquery.validate.min.js responded 304 in 1.2724 ms
[15:20:19 INF] HTTP GET /lib/jquery-validation-unobtrusive/dist/jquery.validate.unobtrusive.min.js responded 304 in 0.6097 ms
[15:20:19 INF] HTTP GET /js/products-catalog-filter.js responded 304 in 0.4115 ms
[15:21:21 INF] HTTP GET /Inventory/Products responded 200 in 62.6338 ms
[15:21:21 INF] HTTP GET /css/site.css responded 200 in 1.2584 ms
[15:21:21 INF] HTTP GET /lib/bootstrap/dist/css/bootstrap.min.css responded 200 in 1.4355 ms
[15:21:21 INF] HTTP GET /Biktal.WebMVC.styles.css responded 200 in 1.1954 ms
[15:21:22 INF] HTTP GET /lib/jquery/dist/jquery.min.js responded 200 in 0.7787 ms
[15:21:23 INF] HTTP GET /js/site.js responded 200 in 0.6927 ms
[15:21:23 INF] HTTP GET /lib/jquery-validation-unobtrusive/dist/jquery.validate.unobtrusive.min.js responded 200 in 3.7842 ms
[15:21:23 INF] HTTP GET /lib/jquery-validation/dist/jquery.validate.min.js responded 200 in 4.0715 ms
[15:21:23 INF] HTTP GET /js/products-catalog-filter.js responded 200 in 1.0891 ms
[15:21:23 INF] HTTP GET /lib/bootstrap/dist/js/bootstrap.bundle.min.js responded 200 in 4.6865 ms
[15:21:26 INF] HTTP GET /Inventory/Products responded 200 in 47.2408 ms
[15:21:26 INF] HTTP GET /lib/bootstrap/dist/css/bootstrap.min.css responded 304 in 0.4977 ms
[15:21:26 INF] HTTP GET /css/site.css responded 304 in 0.5766 ms
[15:21:26 INF] HTTP GET /Biktal.WebMVC.styles.css responded 304 in 0.3179 ms
[15:21:26 INF] HTTP GET /lib/jquery/dist/jquery.min.js responded 304 in 0.2505 ms
[15:21:26 INF] HTTP GET /js/site.js responded 304 in 0.3600 ms
[15:21:26 INF] HTTP GET /lib/bootstrap/dist/js/bootstrap.bundle.min.js responded 304 in 0.4447 ms
[15:21:26 INF] HTTP GET /lib/jquery-validation/dist/jquery.validate.min.js responded 304 in 0.3462 ms
[15:21:26 INF] HTTP GET /lib/jquery-validation-unobtrusive/dist/jquery.validate.unobtrusive.min.js responded 304 in 0.4213 ms
[15:21:26 INF] HTTP GET /js/products-catalog-filter.js responded 304 in 0.3566 ms
[15:23:08 WRN] The query uses the 'First'/'FirstOrDefault' operator without 'OrderBy' and filter operators. This may lead to unpredictable results.
[15:23:08 WRN] The query uses the 'First'/'FirstOrDefault' operator without 'OrderBy' and filter operators. This may lead to unpredictable results.
[15:23:08 INF] HTTP GET /Operations responded 200 in 160.4395 ms
[15:23:08 INF] HTTP GET /css/site.css responded 200 in 0.7935 ms
[15:23:08 INF] HTTP GET /lib/bootstrap/dist/css/bootstrap.min.css responded 200 in 1.5303 ms
[15:23:08 INF] HTTP GET /Biktal.WebMVC.styles.css responded 200 in 1.9963 ms
[15:23:08 INF] HTTP GET /lib/jquery/dist/jquery.min.js responded 200 in 1.3009 ms
[15:23:08 INF] HTTP GET /js/site.js responded 200 in 0.6513 ms
[15:23:08 INF] HTTP GET /lib/bootstrap/dist/js/bootstrap.bundle.min.js responded 200 in 1.4081 ms
[15:23:21 INF] HTTP GET /Operations/MonthlySales responded 200 in 72.3794 ms
[15:23:22 INF] HTTP GET /lib/bootstrap/dist/css/bootstrap.min.css responded 200 in 1.8099 ms
[15:23:22 INF] HTTP GET /css/site.css responded 200 in 2.0686 ms
[15:23:22 INF] HTTP GET /js/site.js responded 304 in 0.3962 ms
[15:23:22 INF] HTTP GET /Biktal.WebMVC.styles.css responded 200 in 1.8575 ms
[15:23:22 INF] HTTP GET /lib/jquery/dist/jquery.min.js responded 304 in 3.3570 ms
[15:23:22 INF] HTTP GET /lib/bootstrap/dist/js/bootstrap.bundle.min.js responded 304 in 1.0678 ms
[15:23:57 INF] HTTP GET /Inventory responded 200 in 162.4480 ms
[15:23:57 INF] HTTP GET /lib/bootstrap/dist/css/bootstrap.min.css responded 200 in 2.0914 ms
[15:23:57 INF] HTTP GET /css/site.css responded 200 in 0.7520 ms
[15:23:57 INF] HTTP GET /Biktal.WebMVC.styles.css responded 200 in 1.4930 ms
[15:23:57 INF] HTTP GET /lib/jquery/dist/jquery.min.js responded 200 in 2.0458 ms
[15:23:57 INF] HTTP GET /lib/bootstrap/dist/js/bootstrap.bundle.min.js responded 200 in 12.3768 ms
[15:23:57 INF] HTTP GET /js/site.js responded 200 in 12.3221 ms
[15:24:02 INF] HTTP GET /Inventory/Products responded 200 in 66.5194 ms
[15:24:02 INF] HTTP GET /lib/bootstrap/dist/css/bootstrap.min.css responded 200 in 1.2552 ms
[15:24:02 INF] HTTP GET /Biktal.WebMVC.styles.css responded 200 in 3.3567 ms
[15:24:02 INF] HTTP GET /css/site.css responded 200 in 3.3342 ms
[15:24:03 INF] HTTP GET /lib/jquery/dist/jquery.min.js responded 304 in 0.2471 ms
[15:24:03 INF] HTTP GET /lib/bootstrap/dist/js/bootstrap.bundle.min.js responded 304 in 1.6474 ms
[15:24:03 INF] HTTP GET /js/site.js responded 304 in 0.3714 ms
[15:24:03 INF] HTTP GET /lib/jquery-validation/dist/jquery.validate.min.js responded 200 in 2.7895 ms
[15:24:03 INF] HTTP GET /lib/jquery-validation-unobtrusive/dist/jquery.validate.unobtrusive.min.js responded 200 in 0.9261 ms
[15:24:03 INF] HTTP GET /js/products-catalog-filter.js responded 200 in 1.4491 ms
[15:24:25 WRN] The query uses the 'First'/'FirstOrDefault' operator without 'OrderBy' and filter operators. This may lead to unpredictable results.
[15:24:25 INF] HTTP GET /Pos responded 200 in 273.0071 ms
[15:24:25 INF] HTTP GET /Biktal.WebMVC.styles.css responded 200 in 1.6076 ms
[15:24:25 INF] HTTP GET /lib/bootstrap/dist/css/bootstrap.min.css responded 200 in 2.2341 ms
[15:24:25 INF] HTTP GET /lib/bootstrap/dist/js/bootstrap.bundle.min.js responded 304 in 0.3395 ms
[15:24:25 INF] HTTP GET /lib/jquery/dist/jquery.min.js responded 304 in 0.4405 ms
[15:24:25 INF] HTTP GET /js/site.js responded 304 in 0.3075 ms
[15:24:25 INF] HTTP GET /css/site.css responded 200 in 10.0467 ms
[15:24:25 INF] HTTP GET /js/pos.js responded 200 in 0.8921 ms
[15:26:00 INF] HTTP POST /Pos/CompleteSale responded 400 in 202.3452 ms
[15:26:04 INF] HTTP POST /Pos/CompleteSale responded 400 in 6.3986 ms
[15:26:17 INF] HTTP POST /Pos/CompleteSale responded 200 in 359.0780 ms
[15:26:37 INF] HTTP GET /Inventory responded 200 in 47.9331 ms
[15:26:37 INF] HTTP GET /css/site.css responded 200 in 0.8517 ms
[15:26:37 INF] HTTP GET /lib/bootstrap/dist/css/bootstrap.min.css responded 200 in 2.5240 ms
[15:26:37 INF] HTTP GET /Biktal.WebMVC.styles.css responded 200 in 0.6881 ms
[15:26:37 INF] HTTP GET /lib/jquery/dist/jquery.min.js responded 200 in 0.8368 ms
[15:26:37 INF] HTTP GET /lib/bootstrap/dist/js/bootstrap.bundle.min.js responded 200 in 2.3118 ms
[15:26:37 INF] HTTP GET /js/site.js responded 200 in 1.3864 ms
[15:26:39 INF] HTTP GET /Inventory/Products responded 200 in 54.8797 ms
[15:26:39 INF] HTTP GET /lib/bootstrap/dist/css/bootstrap.min.css responded 200 in 0.9762 ms
[15:26:39 INF] HTTP GET /css/site.css responded 200 in 1.3969 ms
[15:26:39 INF] HTTP GET /Biktal.WebMVC.styles.css responded 200 in 5.6710 ms
[15:26:40 INF] HTTP GET /lib/jquery/dist/jquery.min.js responded 304 in 0.2470 ms
[15:26:40 INF] HTTP GET /lib/bootstrap/dist/js/bootstrap.bundle.min.js responded 304 in 0.6058 ms
[15:26:40 INF] HTTP GET /js/site.js responded 304 in 0.3570 ms
[15:26:40 INF] HTTP GET /js/products-catalog-filter.js responded 200 in 0.9708 ms
[15:26:40 INF] HTTP GET /lib/jquery-validation-unobtrusive/dist/jquery.validate.unobtrusive.min.js responded 200 in 1.8330 ms
[15:26:40 INF] HTTP GET /lib/jquery-validation/dist/jquery.validate.min.js responded 200 in 1.5383 ms
[15:36:30 INF] HTTP POST /Inventory/DeleteProduct responded 302 in 106.0762 ms
[15:36:30 INF] HTTP GET /Inventory/Products responded 200 in 47.7174 ms
[15:36:30 INF] HTTP GET /css/site.css responded 200 in 2.8675 ms
[15:36:30 INF] HTTP GET /lib/bootstrap/dist/css/bootstrap.min.css responded 200 in 2.3216 ms
[15:36:30 INF] HTTP GET /Biktal.WebMVC.styles.css responded 200 in 2.3421 ms
[15:36:31 INF] HTTP GET /lib/jquery/dist/jquery.min.js responded 200 in 1.3101 ms
[15:36:31 INF] HTTP GET /lib/bootstrap/dist/js/bootstrap.bundle.min.js responded 200 in 1.0000 ms
[15:36:31 INF] HTTP GET /js/site.js responded 200 in 0.9535 ms
[15:36:31 INF] HTTP GET /lib/jquery-validation/dist/jquery.validate.min.js responded 200 in 1.3287 ms
[15:36:31 INF] HTTP GET /lib/jquery-validation-unobtrusive/dist/jquery.validate.unobtrusive.min.js responded 200 in 0.8722 ms
[15:36:31 INF] HTTP GET /js/products-catalog-filter.js responded 200 in 0.6510 ms
[15:36:46 INF] HTTP POST /Inventory/DeleteProduct responded 302 in 6.5042 ms
[15:36:46 INF] HTTP GET /Inventory/Products responded 200 in 51.9549 ms
[15:36:46 INF] HTTP GET /lib/bootstrap/dist/css/bootstrap.min.css responded 304 in 0.5734 ms
[15:36:46 INF] HTTP GET /css/site.css responded 304 in 0.7255 ms
[15:36:46 INF] HTTP GET /Biktal.WebMVC.styles.css responded 304 in 2.6225 ms
[15:36:47 INF] HTTP GET /lib/jquery/dist/jquery.min.js responded 304 in 0.3370 ms
[15:36:47 INF] HTTP GET /lib/bootstrap/dist/js/bootstrap.bundle.min.js responded 304 in 0.3770 ms
[15:36:47 INF] HTTP GET /js/site.js responded 304 in 0.2621 ms
[15:36:47 INF] HTTP GET /lib/jquery-validation/dist/jquery.validate.min.js responded 304 in 0.4677 ms
[15:36:47 INF] HTTP GET /lib/jquery-validation-unobtrusive/dist/jquery.validate.unobtrusive.min.js responded 304 in 0.6698 ms
[15:36:47 INF] HTTP GET /js/products-catalog-filter.js responded 304 in 0.4342 ms
[15:37:04 INF] HTTP POST /Inventory/DeleteProduct responded 302 in 7.6876 ms
[15:37:04 INF] HTTP GET /Inventory/Products responded 200 in 40.3173 ms
[15:37:04 INF] HTTP GET /Biktal.WebMVC.styles.css responded 304 in 0.3494 ms
[15:37:04 INF] HTTP GET /lib/bootstrap/dist/css/bootstrap.min.css responded 304 in 0.6568 ms
[15:37:04 INF] HTTP GET /css/site.css responded 304 in 2.8411 ms
[15:37:05 INF] HTTP GET /lib/jquery/dist/jquery.min.js responded 304 in 0.2472 ms
[15:37:05 INF] HTTP GET /lib/bootstrap/dist/js/bootstrap.bundle.min.js responded 304 in 0.2609 ms
[15:37:05 INF] HTTP GET /js/site.js responded 304 in 0.6123 ms
[15:37:05 INF] HTTP GET /lib/jquery-validation/dist/jquery.validate.min.js responded 304 in 0.6212 ms
[15:37:05 INF] HTTP GET /lib/jquery-validation-unobtrusive/dist/jquery.validate.unobtrusive.min.js responded 304 in 0.7944 ms
[15:37:05 INF] HTTP GET /js/products-catalog-filter.js responded 304 in 0.7327 ms
[15:56:26 INF] HTTP POST /Inventory/DeleteProduct responded 302 in 217.5216 ms
[15:56:26 INF] HTTP GET /Inventory/Products responded 200 in 63.9701 ms
[15:56:26 INF] HTTP GET /lib/bootstrap/dist/css/bootstrap.min.css responded 200 in 1.3640 ms
[15:56:26 INF] HTTP GET /css/site.css responded 200 in 0.9654 ms
[15:56:26 INF] HTTP GET /Biktal.WebMVC.styles.css responded 200 in 0.8086 ms
[15:56:27 INF] HTTP GET /lib/jquery/dist/jquery.min.js responded 200 in 0.7185 ms
[15:56:27 INF] HTTP GET /js/site.js responded 200 in 0.7719 ms
[15:56:27 INF] HTTP GET /lib/bootstrap/dist/js/bootstrap.bundle.min.js responded 200 in 0.8551 ms
[15:56:27 INF] HTTP GET /lib/jquery-validation-unobtrusive/dist/jquery.validate.unobtrusive.min.js responded 200 in 2.7120 ms
[15:56:27 INF] HTTP GET /js/products-catalog-filter.js responded 200 in 1.7344 ms
[15:56:27 INF] HTTP GET /lib/jquery-validation/dist/jquery.validate.min.js responded 200 in 3.5094 ms
[16:17:11 INF] Application is shutting down...
